timestamp,ax,ay,az,gx,gy,gz,activity
4560734, -0.403442, -0.525513, -0.801514, 8.056642, 39.001470, -4.272462,Cycling
4560754, -0.508301, -0.486938, -0.668579, 3.662109, 24.291990, -2.319336,Cycling
4560774, -0.292114, -0.405884, -0.680054, 8.178714, 19.775390, -3.967285,Cycling
4560794, -0.297363, -0.308594, -0.933716, 11.230468, 3.662109, 0.305176,Cycling
4560814, -0.157959, -0.498779, -0.955322, 8.972170, 7.751464, 0.000000,Cycling
4560834, 0.050903, -0.338501, -0.808960, 5.859374, -13.427732, -3.723144,Cycling
4560854, -0.156616, -0.439087, -0.946289, 9.521484, -16.784670, -1.342773,Cycling
4560874, -0.031494, -0.427734, -0.767578, 1.159668, -20.812980, -4.333496,Cycling
4560894, -0.178101, -0.283691, -0.953491, 1.953124, -24.047850, -8.666994,Cycling
4560914, -0.112671, -0.442383, -0.984253, -5.737304, -26.306150, -11.962890,Cycling
4560934, -0.091431, -0.321533, -0.996948, -9.216310, -35.644540, -14.099120,Cycling
4560954, -0.044556, -0.121460, -1.049438, -10.070800, -30.517570, -14.953610,Cycling
4560974, -0.209473, -0.479248, -0.847534, -5.615234, -32.348640, -14.709470,Cycling
4560994, -0.314331, -0.249634, -0.920654, -4.699708, -26.000970, -3.845214,Cycling
4561014, -0.314087, -0.173706, -1.109131, -5.371092, -12.268064, -0.854492,Cycling
4561034, 0.031738, -0.132202, -0.925659, -6.286620, -11.840818, -6.225584,Cycling
4561054, -0.262207, -0.220703, -1.034790, -3.173828, -10.253904, -12.329100,Cycling
4561074, -0.212158, -0.160034, -1.022095, -0.976562, -8.056642, -10.742184,Cycling
4561094, -0.350952, -0.325684, -1.015381, -3.479003, 4.211426, -8.361816,Cycling
4561114, -0.436890, -0.381836, -0.883057, -2.258301, -4.150392, -4.821778,Cycling
4561134, -0.396729, -0.286987, -0.891236, -2.380371, -3.967285, -4.821778,Cycling
4561154, -0.404053, -0.411133, -0.859131, -6.958006, -0.793457, -6.591796,Cycling
4561174, -0.328369, -0.159180, -0.861572, -4.882814, -6.958006, -1.403808,Cycling
4561194, -0.366821, -0.263428, -0.915772, -5.554198, 0.854492, -3.417968,Cycling
4561214, -0.247803, -0.265259, -0.871216, -5.432128, -7.019042, -5.371092,Cycling
4561234, -0.227661, -0.213623, -0.903198, -5.615234, -1.403808, -7.019042,Cycling
4561254, -0.272217, -0.234741, -1.022705, -5.371092, 0.854492, -9.399414,Cycling
4561274, -0.120728, -0.283325, -0.990967, -5.615234, 2.136231, -9.155274,Cycling
4561294, -0.113281, -0.308960, -0.961792, -9.094240, 7.263182, -6.469726,Cycling
4561314, -0.138550, -0.097168, -1.173828, -14.038084, 8.728030, -2.624511,Cycling
4561334, -0.224976, -0.258057, -0.892944, -6.225584, 21.911620, -9.277344,Cycling
4561354, -0.278442, -0.200928, -1.000488, 2.807617, 6.225584, -7.019042,Cycling
4561374, -0.422241, -0.279297, -1.138062, -8.483890, 32.226570, 7.080076,Cycling
4561394, -0.140137, -0.093506, -0.960327, -6.103514, 20.202630, 5.187988,Cycling
4561414, -0.199707, -0.110962, -0.931152, -5.737304, 12.512204, 0.305176,Cycling
4561434, -0.312988, -0.084717, -0.972290, -4.577638, 13.061520, -1.098633,Cycling
4561454, -0.242432, -0.256592, -0.789917, -7.324218, 11.413570, -5.493162,Cycling
4561474, -0.406860, -0.266846, -0.776856, -5.981444, 1.953124, -7.263182,Cycling
4561494, -0.280151, -0.220093, -0.990356, -11.718748, 9.033204, -4.089356,Cycling
4561514, -0.181397, -0.267212, -0.952515, -10.986324, 9.521484, -3.662109,Cycling
4561534, -0.099243, -0.364258, -0.780029, -3.967285, -7.385252, -8.972170,Cycling
4561554, -0.228272, -0.189697, -1.041504, -1.708984, -3.723144, -1.647949,Cycling
4561574, -0.130371, -0.161621, -1.018188, -1.525878, 0.549316, 0.549316,Cycling
4561594, -0.177734, -0.275635, -0.929444, 0.976562, -1.647949, -3.112792,Cycling
4561614, -0.235596, -0.396606, -0.858276, -1.159668, -5.065916, -4.211426,Cycling
4561634, -0.259766, -0.244507, -0.870117, 0.671386, -12.878416, -4.089356,Cycling
4561654, -0.358154, -0.259155, -0.888672, 1.098633, -11.901852, -0.976562,Cycling
4561674, -0.315918, -0.331543, -0.860474, 3.417968, -13.183590, -2.014160,Cycling
4561694, -0.264893, -0.497803, -0.846192, 0.000000, -17.700200, -5.187988,Cycling
4561714, -0.212036, -0.275146, -0.833374, -1.586914, -26.916500, -2.746581,Cycling
4561734, -0.312988, -0.182373, -0.910522, -1.220704, -23.864740, -2.197266,Cycling
4561754, -0.172363, -0.245117, -0.889038, -1.342773, -18.737796, -5.310058,Cycling
4561774, -0.314941, -0.389648, -0.968384, -3.356933, -14.526364, -7.568358,Cycling
4561794, -0.208374, -0.438232, -0.824097, -5.004884, -23.986810, -7.202148,Cycling
4561814, -0.344605, -0.232544, -0.914551, -6.347656, -23.986810, -1.708984,Cycling
4561834, -0.285278, -0.173706, -0.914429, -7.812498, -26.489250, -6.225584,Cycling
4561854, -0.263672, -0.189209, -0.951172, -10.620116, -24.047850, -14.953610,Cycling
4561874, -0.318359, -0.324951, -0.879150, -10.070800, -26.245110, -18.859868,Cycling
4561894, -0.339233, -0.259766, -0.927856, -11.596676, -19.653320, -13.854978,Cycling
4561914, -0.165161, -0.070435, -0.947022, -12.451170, -12.817380, -11.230468,Cycling
4561934, -0.088379, 0.177734, -1.163696, -11.962890, -7.263182, -11.779784,Cycling
4562014, -0.165161, 0.104858, -1.071900, -3.906249, 26.611320, -0.183105,Cycling
4562034, -0.307495, 0.100464, -1.194092, -2.929687, 36.193860, 5.004884,Cycling
4562154, -0.265381, 0.008911, -1.007446, -0.061035, 53.588860, 21.118160,Cycling
4562174, -0.281372, 0.008179, -0.922119, 6.713866, 48.217760, 20.568840,Cycling
4562194, -0.205933, -0.068726, -0.979980, 10.742184, 51.635740, 17.456060,Cycling
4562214, -0.276489, -0.106079, -0.956787, 17.578130, 42.114250, 19.897460,Cycling
4562234, -0.153320, -0.146729, -0.877075, 22.338860, 40.832510, 22.277830,Cycling
4562254, -0.254150, -0.190552, -0.945312, 22.705070, 43.518060, 23.376460,Cycling
4562274, -0.076294, -0.291626, -0.792969, 25.634760, 38.635260, 20.629880,Cycling
4562294, -0.111572, -0.260254, -0.781738, 24.597160, 27.343748, 19.165040,Cycling
4562314, -0.349609, -0.375122, -0.951538, 21.423332, 32.897960, 21.240230,Cycling
4562334, -0.108643, -0.311890, -0.718872, 15.624996, 26.367180, 21.911620,Cycling
4562354, -0.274780, -0.372192, -0.921265, 14.404296, 25.695796, 21.057124,Cycling
4562374, -0.119141, -0.378906, -0.841187, 7.568358, 20.874020, 20.019532,Cycling
4562394, -0.223389, -0.575195, -0.842163, 7.446288, 17.333990, 13.732908,Cycling
4562414, -0.097534, -0.401367, -0.715576, 2.502442, -1.098633, 18.615724,Cycling
4562434, -0.256470, -0.505860, -0.980957, 4.150392, 9.887696, 15.136716,Cycling
4562454, -0.036865, -0.358643, -0.641236, 0.671386, -6.103514, 10.009768,Cycling
4562474, -0.045410, -0.374390, -0.787354, 0.854492, -10.803220, 9.826660,Cycling
4562494, 0.000122, -0.053711, -1.181274, -5.004884, 6.408690, 17.822270,Cycling
4562514, 0.199341, -0.082275, -1.159058, 10.925290, 12.084960, 16.967780,Cycling
4562534, -0.056641, -0.276489, -1.149658, 8.850100, 21.972650, 26.977532,Cycling
4562554, 0.190308, -0.035156, -0.984986, 14.648436, 15.502928, 33.386240,Cycling
4562574, -0.238770, -0.179688, -1.077026, 16.174320, 15.869140, 31.249992,Cycling
4562594, -0.204590, -0.136963, -0.985962, 12.145992, 17.517090, 26.062010,Cycling
4562614, -0.320190, -0.213135, -0.924683, 10.070800, 13.977050, 20.935052,Cycling
4562634, -0.217773, -0.195190, -0.870362, 3.112792, 16.235352, 19.592290,Cycling
4562654, -0.140625, -0.277954, -1.021973, -5.493162, 22.277830, 21.118160,Cycling
4562674, -0.054199, -0.177490, -1.026612, -5.126952, 19.653320, 19.287110,Cycling
4562694, 0.010010, -0.118408, -1.012452, -2.502442, 22.705070, 15.502928,Cycling
4562714, -0.117188, -0.154175, -1.064454, 2.014160, 23.132320, 19.165040,Cycling
4562734, -0.066284, -0.324707, -0.982056, 4.455568, 29.357908, 20.080560,Cycling
4562754, -0.085083, -0.317017, -0.892700, 2.990722, 23.620600, 21.728510,Cycling
4562774, -0.070923, -0.412476, -0.849854, 5.676268, 22.521970, 24.902340,Cycling
4562794, -0.073853, -0.447266, -0.800904, 2.502442, 13.977050, 22.460930,Cycling
4562814, -0.014282, -0.476929, -0.768188, 2.319336, 5.432128, 13.671872,Cycling
4562834, -0.028442, -0.552979, -0.785034, -0.854492, -3.540038, 11.291500,Cycling
4562854, -0.004883, -0.527222, -0.836914, -4.638672, -9.948730, 11.352536,Cycling
4562874, 0.085815, -0.436524, -0.688599, -2.197266, -18.188480, 12.084960,Cycling
4562894, 0.229370, -0.251221, -0.774658, -4.760742, -23.742670, 7.629394,Cycling
4562914, 0.085938, -0.326050, -1.067017, 4.943848, -30.456540, 3.723144,Cycling
4562934, -0.154053, -0.243164, -1.068238, 5.432128, -14.404296, 6.652830,Cycling
4562954, 0.102173, -0.556152, -0.884278, 9.155274, -21.118160, -2.563476,Cycling
4562974, -0.001953, -0.433716, -0.868408, 2.685546, -29.174800, 6.103514,Cycling
4562994, -0.140625, -0.436646, -0.891846, 8.728030, -36.010750, 12.145992,Cycling
4563014, -0.154907, -0.426514, -0.907349, 6.469726, -21.972650, 19.714360,Cycling
4563034, 0.034668, -0.297608, -0.796387, 3.967285, -38.208020, 18.432620,Cycling
4563054, -0.324097, -0.165039, -1.045288, -0.488281, -28.198240, 17.028810,Cycling
4563074, 0.211670, -0.042847, -0.950684, 1.708984, -18.188480, 8.850100,Cycling
4563094, 0.061279, -0.092529, -1.140503, 7.934570, -23.315424, 7.019042,Cycling
4563114, -0.048828, -0.197266, -1.170654, 8.972170, -1.159668, 13.549804,Cycling
4563134, -0.040527, -0.237061, -1.066162, 10.498044, -1.098633, 17.028810,Cycling
4563154, -0.200684, -0.218384, -1.061646, 4.150392, 2.563476, 19.042970,Cycling
4563174, -0.151001, -0.132324, -0.920044, 7.324218, -6.958006, 18.066410,Cycling
4563194, -0.368530, -0.304566, -0.889038, 5.859374, -4.211426, 8.728030,Cycling
4563214, -0.270020, -0.399170, -0.936035, -6.225584, -9.643556, 11.230468,Cycling
4563234, -0.312256, -0.267700, -0.893188, -10.498044, -7.812498, 8.300784,Cycling
4563254, -0.148315, -0.306152, -0.891358, -11.291500, -14.587400, 6.347656,Cycling
4563274, -0.112061, -0.234619, -0.893188, -10.437010, -13.488768, 6.835936,Cycling
4563294, -0.111938, -0.193970, -1.027344, 1.037598, -10.986324, 8.300784,Cycling
4563314, -0.039063, -0.377808, -0.980591, -0.366211, -15.991210, 6.225584,Cycling
4563334, 0.016357, -0.189209, -0.948486, 0.915527, -18.798830, 9.277344,Cycling
4563354, -0.086304, -0.102905, -1.067261, 5.249022, -16.601568, 8.850100,Cycling
4563374, 0.082031, -0.076294, -1.001343, 16.784670, -7.202148, 5.737304,Cycling
4563394, -0.112671, -0.200562, -1.172730, 22.399900, 0.244141, 9.338380,Cycling
4563414, 0.032227, -0.200439, -1.014404, 28.076170, 12.512204, 18.127448,Cycling
4563434, -0.160156, -0.278687, -0.993652, 31.127924, 4.272462, 16.113284,Cycling
4563454, -0.301514, -0.345947, -0.900269, 25.146480, -1.892090, 13.183590,Cycling
4563474, -0.426636, -0.380005, -0.819946, 20.080560, -13.000484, 9.765626,Cycling
4563494, -0.418213, -0.435913, -0.737427, 11.047360, -18.676760, 7.812498,Cycling
4563514, -0.249146, -0.304199, -0.759400, 2.197266, -26.000970, 8.422854,Cycling
4563534, -0.278809, -0.359619, -0.885742, -0.915527, -23.681636, 4.516602,Cycling
4563554, -0.308106, -0.452759, -0.890625, -1.708984, -15.014646, 1.220704,Cycling
4563574, -0.200684, -0.446289, -0.809937, -5.493162, -18.676760, 3.234863,Cycling
4563594, -0.094727, -0.403687, -0.787110, -2.563476, -24.658200, 2.502442,Cycling
4563614, -0.230591, -0.543701, -0.874146, 0.732422, -29.907220, 1.831054,Cycling
4563634, -0.091309, -0.395508, -0.862671, -10.253904, -26.306150, 6.652830,Cycling
4563654, -0.100464, -0.279907, -0.866821, -2.197266, -32.104500, 6.286620,Cycling
4563674, -0.196899, -0.261719, -0.930786, -2.441407, -29.479976, 2.929687,Cycling
4563694, -0.095093, -0.279053, -0.884888, 2.807617, -30.456540, -2.807617,Cycling
4563714, -0.186401, -0.283936, -0.962402, 0.305176, -30.517570, -4.211426,Cycling
4563734, -0.347778, -0.410522, -0.837158, 4.028321, -31.860350, -6.286620,Cycling
4563754, -0.297608, -0.373657, -0.878662, -10.742184, -30.578610, -7.202148,Cycling
4563774, -0.353516, -0.220947, -0.871826, -8.666994, -32.409680, -8.728030,Cycling
4563794, -0.462646, -0.273926, -0.893066, -10.986324, -31.982420, -11.779784,Cycling
4563814, -0.577271, -0.397461, -0.974243, -16.479492, -28.808590, -13.732908,Cycling
4563834, -0.224365, -0.264404, -0.802979, -11.474608, -31.249992, -16.906740,Cycling
4563854, -0.325195, -0.509888, -0.786133, -7.873534, -37.841800, -17.822270,Cycling
4563874, -0.253052, -0.242310, -1.021362, -11.840818, -35.949720, -6.530760,Cycling
4563894, -0.195557, -0.200073, -0.955933, -8.483890, -30.212400, -8.850100,Cycling
4563914, -0.220825, -0.168091, -0.944092, -10.498044, -27.709956, -16.540530,Cycling
4563934, -0.344605, -0.241699, -0.985718, -6.469726, -22.460930, -18.005376,Cycling
4563954, -0.116333, -0.023682, -1.060425, -8.911134, 2.502442, -16.540530,Cycling
4563974, -0.235840, -0.197266, -1.085694, -11.596676, 10.559080, -21.362300,Cycling
4563994, -0.286377, -0.188355, -1.084351, -13.244628, 13.488768, -18.798830,Cycling
4564014, -0.535522, -0.340942, -0.984497, -14.709470, 24.230950, -22.155760,Cycling
4564034, -0.272949, -0.237549, -0.850098, -18.127448, 8.422854, -18.127448,Cycling
4564054, -0.472412, -0.196777, -0.900513, -12.878416, 2.563476, -15.624996,Cycling
4564074, -0.375488, -0.181641, -0.983521, -10.986324, 10.253904, -15.991210,Cycling
4564094, -0.321655, -0.202759, -1.098755, -15.136716, 15.380856, -14.770504,Cycling
4564114, -0.308960, -0.165161, -0.980347, -12.817380, 16.784670, -14.160152,Cycling
4564134, -0.294678, -0.235230, -0.872192, -13.610836, 11.840818, -16.845708,Cycling
4564154, -0.312012, -0.277832, -0.907959, -12.695310, 7.751464, -18.615724,Cycling
4564174, -0.283814, -0.272705, -0.876709, -7.324218, 5.126952, -15.136716,Cycling
4564194, -0.262573, -0.336670, -0.812988, -6.958006, 0.671386, -9.582520,Cycling
4564214, -0.236206, -0.317627, -0.824219, -7.690428, -4.638672, -8.789064,Cycling
4564234, -0.252930, -0.505127, -0.744995, -5.676268, -13.610836, -14.343260,Cycling
4564254, -0.232422, -0.377441, -0.786011, -7.324218, -22.644040, -13.671872,Cycling
4564274, -0.327637, -0.342774, -0.818604, -5.065916, -29.235832, -17.272950,Cycling
4564294, -0.314331, -0.431152, -0.785400, 0.122070, -27.526850, -19.409180,Cycling
4564314, -0.245117, -0.473877, -0.878418, -0.793457, -24.108880, -17.883300,Cycling
4564334, -0.129272, -0.396118, -0.952271, -6.469726, -26.062010, -16.784670,Cycling
4564354, -0.261963, -0.354980, -0.827271, -3.540038, -30.334470, -19.470220,Cycling
4564374, -0.434326, -0.399292, -0.881348, -1.831054, -29.785150, -20.751950,Cycling
4564394, -0.327515, -0.365845, -0.867188, -2.563476, -30.273430, -20.751950,Cycling
4564514, -0.340942, -0.310791, -0.979858, -15.197750, -30.456540, -26.733390,Cycling
4564534, -0.191162, -0.297485, -0.968628, -16.845708, -26.855464, -28.381340,Cycling
4564554, -0.435425, -0.269898, -1.007080, -18.615724, -31.799310, -26.123040,Cycling
4564574, -0.717529, -0.306885, -1.106202, -20.935052, -9.521484, -22.644040,Cycling
4564594, 0.468750, -0.375244, -0.538208, -12.756344, -32.775880, -39.672860,Cycling
4564614, -0.858154, -0.016479, -1.173706, -8.300784, -20.996090, -12.756344,Cycling
4564634, -0.523804, -0.288574, -0.869141, -11.718748, -4.821778, -15.991210,Cycling
4564654, -0.203369, -0.136963, -0.976196, -16.174320, -11.657712, -26.855464,Cycling
4564674, -0.408814, -0.012695, -1.057984, -19.714360, -15.747068, -29.846190,Cycling
4564714, -0.334717, -0.005981, -0.750488, -18.310550, -11.169430, -37.048340,Cycling
4564794, -0.470581, -0.056396, -1.052612, -16.967780, 2.685546, -8.300784,Cycling
4564814, -0.480469, -0.133423, -0.965820, -17.822270, 7.690428, -11.169430,Cycling
4564914, -0.494995, -0.315064, -0.838989, -12.390136, -3.051757, -10.620116,Cycling
4564934, -0.351807, -0.336060, -0.771973, -13.000484, -13.000484, -11.657712,Cycling
4564954, -0.450928, -0.186401, -0.812744, -10.375976, -17.639160, -11.474608,Cycling
4564974, -0.377930, -0.179565, -0.939697, -10.864256, -5.126952, -13.183590,Cycling
4564994, -0.241943, -0.134155, -0.956543, -7.751464, -4.821778, -14.648436,Cycling
4565014, -0.302856, -0.155273, -0.983887, -4.211426, 3.295898, -14.465330,Cycling
4565034, -0.239624, -0.009521, -1.151490, -5.981444, 10.620116, -13.244628,Cycling
4565054, -0.351563, -0.089600, -0.975464, -3.112792, 15.441892, -13.854978,Cycling
4565074, -0.392822, -0.135742, -0.911133, -2.258301, 14.526364, -11.901852,Cycling
4565094, -0.517212, -0.214355, -0.818482, -1.342773, 11.718748, -11.535644,Cycling
4565114, -0.463135, -0.218384, -0.806396, -2.502442, 11.230468, -9.277344,Cycling
4565134, -0.585694, -0.130859, -0.951538, -5.126952, 16.967780, -3.906249,Cycling
4565154, -0.378418, -0.106201, -0.876099, -6.896972, 18.310550, -6.958006,Cycling
4565174, -0.401367, -0.137451, -0.898438, -6.347656, 17.089850, -9.155274,Cycling
4565194, -0.366089, -0.042725, -1.079224, -9.033204, 25.939940, -6.591796,Cycling
4565214, -0.242676, -0.175171, -0.903931, -3.662109, 31.188960, -6.408690,Cycling
4565234, -0.328980, -0.117554, -1.029297, 1.342773, 28.259270, 0.000000,Cycling
4565254, -0.251465, -0.151489, -1.055054, 3.723144, 38.208020, 3.967285,Cycling
4565274, -0.274780, -0.135986, -0.946167, 6.652830, 30.273430, 6.530760,Cycling
4565294, -0.534790, -0.135864, -0.986938, 5.126952, 33.691410, 8.483890,Cycling
4565314, -0.388062, -0.191528, -0.767944, 5.065916, 25.329584, 1.464844,Cycling
4565334, -0.588013, -0.374024, -0.698730, 4.028321, 12.695310, -4.211426,Cycling
4565354, -0.411255, -0.323975, -0.729370, -1.098633, 16.174320, -3.295898,Cycling
4565374, -0.406616, -0.365723, -0.789673, -6.286620, 17.395020, -3.112792,Cycling
4565394, -0.242188, -0.175415, -0.864502, -7.507323, 12.145992, -3.295898,Cycling
4565414, -0.219360, -0.175903, -0.992798, -10.620116, 21.484370, -5.920409,Cycling
4565454, -0.120605, -0.136230, -1.076172, -5.310058, 25.390620, -1.770019,Cycling
4565474, -0.160034, -0.040527, -1.125000, 2.624511, 35.278320, 8.544924,Cycling
4565494, -0.150513, -0.160645, -0.958740, 6.713866, 29.296870, 9.887696,Cycling
4565514, -0.299683, -0.085693, -1.060791, 5.432128, 30.517570, 10.681150,Cycling
4565534, -0.346680, -0.183472, -0.930908, 6.164550, 27.832030, 8.361816,Cycling
4565554, -0.398438, -0.291992, -0.775879, 6.164550, 19.592290, 7.995604,Cycling
4565574, -0.420410, -0.161621, -0.825318, 1.159668, 16.601568, 10.437010,Cycling
4565594, -0.342041, -0.182251, -0.969604, -1.403808, 25.207516, 7.751464,Cycling
4565614, -0.167725, -0.177734, -0.900269, -3.906249, 20.202630, 7.629394,Cycling
4565634, -0.283203, -0.121826, -1.014404, -6.286620, 26.672360, 9.399414,Cycling
4565654, -0.089111, -0.171631, -0.970459, -5.310058, 33.203130, 11.840818,Cycling
4565674, -0.126709, -0.098511, -1.013672, -7.019042, 31.127924, 12.756344,Cycling
4565694, -0.190552, -0.171265, -1.093384, -5.920409, 37.231450, 14.892576,Cycling
4565714, -0.121338, -0.256104, -0.883301, -4.028321, 28.869624, 16.052250,Cycling
4565734, -0.273071, -0.308838, -0.895142, -3.662109, 24.536130, 19.226080,Cycling
4565754, -0.251343, -0.353272, -0.865356, -2.502442, 22.827140, 21.545408,Cycling
4565774, -0.259522, -0.278442, -0.818848, 0.366211, 15.747068, 21.301268,Cycling
4565794, -0.377319, -0.351318, -0.937378, 2.746581, 13.671872, 20.446770,Cycling
4565814, -0.192749, -0.391235, -0.830322, 2.807617, 11.474608, 20.385740,Cycling
4565834, -0.114380, -0.354858, -0.788452, 4.455568, 0.854492, 20.324700,Cycling
4565854, -0.193970, -0.384766, -0.904907, 2.868652, -4.394532, 20.080560,Cycling
4565874, -0.149170, -0.421143, -0.899414, 3.601074, -5.798338, 19.531250,Cycling
4565894, -0.066406, -0.463745, -0.810791, 1.098633, -14.770504, 17.883300,Cycling
4565914, 0.350342, 0.099854, -0.987305, -0.488281, -9.094240, 15.686032,Cycling
4565934, 0.037842, 0.048340, -1.273804, 5.859374, 3.784179, 17.700200,Cycling
4565954, 0.009399, 0.093994, -1.122436, 13.671872, 7.141112, 24.169920,Cycling
4565974, 0.053955, -0.055298, -1.044556, 25.024410, 13.366696, 14.404296,Cycling
4565994, -0.552124, -0.270508, -1.096070, 14.465330, 7.690428, 21.728510,Cycling
4566014, -0.084229, 0.160889, -0.902100, 26.062010, 22.644040, 17.761230,Cycling
4566034, -0.378174, -0.474121, -0.908814, 32.165540, 6.164550, 4.760742,Cycling
4566054, -0.553467, -0.577148, -0.769043, 15.380856, -0.427246, 5.493162,Cycling
4566074, -0.410645, -0.442749, -0.810791, -3.723144, -5.065916, 24.291990,Cycling
4566094, -0.282105, -0.232300, -0.823120, -10.559080, -3.540038, 23.132320,Cycling
4566114, -0.102905, -0.168091, -1.079590, -10.131832, -5.737304, 13.305660,Cycling
4566134, 0.132568, -0.059204, -0.956665, -12.084960, 3.540038, 7.324218,Cycling
4566154, 0.121460, -0.130615, -0.983887, -1.647949, -4.943848, 5.676268,Cycling
4566174, 0.046387, -0.154053, -1.106690, -7.324218, 8.239746, 9.948730,Cycling
4566194, -0.056885, -0.083008, -1.040772, 2.319336, 12.268064, 9.521484,Cycling
4566214, -0.174561, -0.262817, -0.959839, 4.882814, 13.000484, 8.361816,Cycling
4566234, -0.120483, -0.253540, -0.857910, 6.896972, 2.746581, 8.239746,Cycling
4566254, -0.279297, -0.334229, -0.898194, 10.620116, -14.099120, 7.995604,Cycling
4566274, -0.361572, -0.481201, -0.887451, 7.690428, -20.141600, 6.286620,Cycling
4566294, -0.173340, -0.307373, -0.752564, -1.281738, -26.306150, 9.033204,Cycling
4566314, -0.166260, -0.215454, -0.805908, 4.394532, -33.569340, 11.657712,Cycling
4566334, -0.197998, -0.278564, -0.882202, 7.507323, -23.376460, 8.361816,Cycling
4566354, -0.087402, -0.259522, -0.942871, 3.906249, -24.597160, 2.258301,Cycling
4566374, -0.038330, -0.174072, -0.997314, 3.967285, -15.808104, -0.305176,Cycling
4566394, -0.022095, -0.157227, -1.008789, 7.873534, -14.404296, -1.831054,Cycling
4566414, -0.012695, -0.152954, -1.072388, 9.216310, -12.512204, -0.366211,Cycling
4566434, -0.122192, -0.219238, -1.014770, 14.343260, -8.972170, 0.244141,Cycling
4566454, -0.098145, -0.188110, -1.016968, 10.314940, -7.324218, 4.394532,Cycling
4566474, -0.162231, -0.025513, -1.039917, 8.911134, -6.896972, 7.324218,Cycling
4566494, -0.281616, -0.057007, -0.987793, 15.686032, -10.070800, -0.427246,Cycling
4566514, -0.393555, -0.137939, -1.131470, 8.483890, -8.117676, 3.295898,Cycling
4566534, -0.288818, -0.125244, -0.883545, 16.113284, 1.708984, -0.915527,Cycling
4566554, -0.343750, -0.360108, -0.903564, 12.817380, -7.873534, 6.408690,Cycling
4566574, -0.178101, -0.001587, -1.101074, 3.356933, 3.295898, 15.869140,Cycling
4566594, -0.201782, -0.059814, -1.064820, 4.211426, 11.352536, 10.437010,Cycling
4566614, -0.041992, -0.079712, -0.870117, 9.765626, 3.356933, 7.629394,Cycling
4566634, -0.200684, -0.071289, -0.987793, 6.713866, -1.220704, 15.441892,Cycling
4566654, -0.156250, -0.009155, -0.985596, 8.056642, 9.948730, 14.892576,Cycling
4566674, -0.121216, -0.242920, -0.909790, 8.239746, 6.347656, 5.981444,Cycling
4566694, -0.182129, -0.195801, -0.782593, -0.610352, -4.760742, 5.676268,Cycling
4566714, -0.433228, -0.283325, -0.824951, 2.136231, -9.033204, 2.990722,Cycling
4566734, -0.368042, -0.372559, -0.966675, -12.145992, -0.122070, 3.662109,Cycling
4566754, 0.039063, -0.195068, -0.887451, -9.094240, -5.432128, 0.793457,Cycling
4566774, -0.353027, -0.502320, -0.856812, 1.159668, -18.249516, -6.896972,Cycling
4566794, -0.344116, -0.406494, -0.996338, -18.493652, -11.474608, 9.277344,Cycling
4566814, -0.109741, -0.196411, -0.983521, -17.395020, -1.281738, 8.728030,Cycling
4566914, -0.104980, -0.094849, -1.058960, 3.173828, -2.502442, 0.366211,Cycling
4566934, 0.001099, -0.108887, -1.064942, 0.915527, 3.479003, -7.751464,Cycling
4566954, -0.113892, 0.024292, -1.188354, 3.356933, 11.718748, -9.216310,Cycling
4567034, -0.193359, -0.008667, -0.969849, 12.207030, 22.155760, 7.690428,Cycling
4567054, -0.380127, -0.191040, -0.949829, 12.573240, 17.456060, 0.061035,Cycling
4567074, -0.277832, -0.148438, -0.940918, 7.507323, 8.850100, 2.563476,Cycling
4567094, -0.407715, -0.216431, -0.915405, 7.202148, 15.563964, 1.281738,Cycling
4567114, -0.438355, -0.499268, -0.817383, 8.361816, 8.178714, -4.577638,Cycling
4567134, -0.310547, -0.473999, -0.753418, 6.164550, 5.920409, 2.746581,Cycling
4567154, -0.345947, -0.480347, -0.883423, 4.455568, -1.098633, 6.408690,Cycling
4567174, -0.070068, -0.476685, -0.704102, 5.554198, -11.535644, 6.408690,Cycling
4567194, -0.170044, -0.320313, -0.856690, 3.295898, -16.174320, 4.272462,Cycling
4567214, -0.086060, -0.322510, -0.892700, 4.272462, -14.831540, -2.563476,Cycling
4567234, -0.103394, -0.364014, -0.944214, 6.774902, -9.887696, -5.187988,Cycling
4567254, -0.047485, -0.485596, -0.962769, 5.737304, -6.225584, 1.831054,Cycling
4567274, -0.015991, -0.277100, -0.880127, 7.141112, -11.779784, 10.742184,Cycling
4567294, -0.085571, -0.084961, -0.926392, 12.023924, -18.249516, 9.887696,Cycling
4567314, -0.324097, -0.486084, -0.911133, 11.901852, -9.521484, 2.624511,Cycling
4567334, -0.219238, -0.488403, -0.850464, 2.502442, -24.047850, 4.089356,Cycling
4567354, -0.366943, -0.252441, -1.026490, -3.662109, -20.812980, 10.009768,Cycling
4567374, -0.245239, -0.408203, -0.786133, -4.028321, -15.136716, 6.774902,Cycling
4567394, -0.411133, -0.395752, -0.879272, -12.023924, -26.611320, 6.286620,Cycling
4567414, -0.267212, -0.113037, -1.007080, -15.502928, -21.728510, 9.216310,Cycling
4567434, -0.210815, -0.242065, -0.919312, -12.145992, -13.793944, 0.427246,Cycling
4567454, -0.304932, -0.177368, -1.071778, -10.131832, -16.601568, 3.356933,Cycling
4567474, -0.020874, -0.169189, -1.003906, -8.056642, -6.835936, 5.737304,Cycling
4567494, -0.216431, -0.158569, -1.096436, -8.911134, -9.582520, 3.173828,Cycling
4567514, -0.118774, -0.090454, -1.016846, -3.417968, -10.437010, 0.610352,Cycling
4567534, -0.303223, -0.070313, -1.157227, -3.784179, 3.051757, 1.708984,Cycling
4567554, -0.213867, -0.126709, -0.959106, 1.220704, 1.098633, 3.112792,Cycling
4567574, -0.366333, -0.278442, -0.796631, 4.333496, -0.976562, 2.014160,Cycling
4567594, -0.257935, -0.139771, -0.881470, 4.028321, -6.896972, 2.075196,Cycling
4567614, -0.322022, -0.164917, -0.933838, 4.882814, -0.061035, 1.342773,Cycling
4567634, -0.309814, -0.295288, -0.842529, 3.356933, 0.122070, 2.990722,Cycling
4567654, -0.285400, -0.212891, -0.948608, 2.563476, -1.281738, 7.080076,Cycling
4567674, -0.265137, -0.316162, -0.993164, -4.760742, 6.408690, 8.728030,Cycling
4567694, -0.242432, -0.209106, -0.927490, -7.751464, 4.394532, 9.521484,Cycling
4567714, -0.135376, -0.154297, -0.902954, -5.920409, 2.624511, 5.920409,Cycling
4567734, -0.226807, -0.182739, -0.945679, -8.789064, -4.028321, 1.953124,Cycling
4567754, -0.323608, -0.140625, -1.016114, -11.169430, -2.746581, -2.563476,Cycling
4567774, -0.312012, -0.501221, -0.749390, -6.713866, -4.272462, -6.164550,Cycling
4567794, -0.244873, -0.245239, -0.892578, -2.624511, -10.864256, -0.305176,Cycling
4567814, -0.265991, -0.424927, -0.881714, -1.281738, -11.413570, -2.929687,Cycling
4567834, -0.301636, -0.259766, -0.828980, -0.915527, -21.606440, -7.690428,Cycling
4567854, -0.204956, -0.341553, -0.688354, 1.647949, -26.855464, -14.587400,Cycling
4567874, -0.351318, -0.440308, -0.940430, 0.000000, -18.432620, -14.282224,Cycling
4567894, -0.191772, -0.329712, -0.835205, -3.295898, -27.343748, -8.361816,Cycling
4567914, -0.208252, -0.246704, -0.771851, -0.610352, -32.775880, -9.216310,Cycling
4567934, -0.296753, -0.263916, -0.924561, -0.915527, -26.428220, -9.582520,Cycling
4567954, -0.322754, -0.252564, -1.072510, -3.234863, -24.841304, -8.544924,Cycling
4567974, -0.211426, -0.079102, -1.075562, -5.249022, -18.188480, -8.911134,Cycling
4567994, -0.219727, -0.109009, -1.098144, -4.028321, -11.413570, -11.779784,Cycling
4568014, -0.204956, -0.089966, -1.188354, -4.272462, -3.479003, -11.657712,Cycling
4568034, -0.268799, -0.103149, -1.138916, -4.516602, 3.295898, -10.742184,Cycling
4568054, -0.309082, -0.212280, -0.896729, 0.183105, 0.000000, -10.559080,Cycling
4568074, -0.407593, -0.160400, -0.874878, -0.549316, -5.554198, -4.882814,Cycling
4568094, -0.431274, -0.156128, -0.925904, 0.244141, -0.793457, -6.347656,Cycling
4568114, -0.312012, -0.188232, -0.905640, -3.417968, 4.150392, -9.826660,Cycling
4568134, -0.424194, -0.158447, -1.039673, -7.324218, 4.455568, -8.911134,Cycling
4568154, -0.176636, -0.180176, -0.907471, -8.911134, 19.653320, -6.469726,Cycling
4568174, -0.360230, -0.113159, -1.062988, -8.789064, 17.883300, -4.211426,Cycling
4568194, -0.076416, -0.083862, -1.044678, -7.446288, 29.479976, -0.549316,Cycling
4568214, -0.238403, -0.097168, -0.960327, -5.493162, 23.376460, 0.305176,Cycling
4568234, -0.452881, -0.249878, -0.997559, -2.136231, 21.301268, -0.366211,Cycling
4568254, -0.304566, -0.359131, -0.773682, -0.122070, 11.840818, -2.380371,Cycling
4568274, -0.428711, -0.278442, -0.714844, 6.103514, -9.094240, 0.305176,Cycling
4568294, -0.514038, -0.426270, -0.816284, 13.977050, -5.249022, 5.371092,Cycling
4568314, -0.290283, -0.285889, -0.959717, 9.582520, -3.906249, 8.422854,Cycling
4568334, -0.240356, -0.431030, -0.915161, 4.760742, 0.000000, 4.577638,Cycling
4568354, -0.087646, -0.141724, -0.980225, 0.366211, -5.554198, 10.498044,Cycling
4568374, -0.103027, 0.020020, -0.944824, 1.770019, -0.488281, 5.432128,Cycling
4568394, -0.296387, -0.161865, -1.046753, -1.953124, 9.277344, -3.356933,Cycling
4568414, -0.299194, -0.269165, -0.990601, -4.943848, 14.587400, -6.774902,Cycling
4568434, -0.117920, -0.145142, -0.812622, -10.559080, 7.873534, -5.126952,Cycling
4568454, -0.350952, 0.035278, -0.931030, 2.624511, -6.347656, -5.004884,Cycling
4568474, -0.555786, -0.364136, -0.922363, 6.896972, 7.446288, -7.385252,Cycling
4568494, -0.342774, -0.471191, -0.907349, -6.835936, 6.774902, -7.324218,Cycling
4568514, -0.246338, -0.217041, -0.884278, -6.896972, -5.249022, 1.281738,Cycling
4568534, -0.342285, -0.346924, -0.944946, -14.526364, 9.033204, 2.624511,Cycling
4568554, -0.193970, -0.145874, -0.947266, -17.272950, 6.042480, 1.525878,Cycling
4568574, -0.205322, -0.158203, -0.960816, -10.925290, 4.882814, -2.014160,Cycling
4568594, -0.220093, -0.208130, -0.962158, -13.793944, 1.953124, -0.366211,Cycling
4568614, -0.269043, -0.172119, -0.955566, -10.803220, 8.850100, -2.746581,Cycling
4568634, -0.300415, -0.263062, -0.975342, -11.352536, 5.432128, -4.272462,Cycling
4568654, -0.139648, -0.126831, -0.960205, -9.521484, 5.737304, -5.554198,Cycling
4568674, -0.223389, -0.215820, -0.960694, -6.896972, 7.812498, -5.554198,Cycling
4568694, -0.137939, -0.061279, -1.002930, -3.234863, 12.573240, -3.173828,Cycling
4568714, -0.220215, -0.247559, -0.940552, 4.699708, 11.596676, -4.516602,Cycling
4568734, -0.168213, -0.074463, -1.005005, 1.342773, 13.854978, -1.159668,Cycling
4568754, -0.306885, -0.304443, -0.890381, 7.568358, 5.249022, -2.929687,Cycling
4568774, -0.255859, -0.207153, -0.867188, 10.864256, -4.455568, 2.258301,Cycling
4568794, -0.382080, -0.239746, -0.866089, 12.329100, -11.352536, 0.915527,Cycling
4568814, -0.351074, -0.324097, -0.744141, 18.310550, -15.258788, -1.525878,Cycling
4568834, -0.365845, -0.342285, -0.832764, 14.099120, -12.878416, -1.037598,Cycling
4568854, -0.248291, -0.417969, -0.884766, 4.638672, -5.554198, 0.427246,Cycling
4568874, -0.094238, -0.246338, -0.819580, 0.854492, -9.704590, 0.061035,Cycling
4568894, -0.306396, -0.314819, -0.917114, 4.577638, -16.906740, -4.150392,Cycling
4568914, -0.174316, -0.321655, -0.906738, -2.807617, -8.605960, -4.638672,Cycling
4568934, -0.175415, -0.260254, -1.016968, -5.615234, -14.648436, -5.126952,Cycling
4568954, -0.242554, -0.272339, -1.025879, -5.310058, -11.718748, -7.141112,Cycling
4568974, -0.250244, -0.124268, -1.000122, -2.563476, -22.216790, -7.141112,Cycling
4568994, -0.320801, -0.219971, -0.954346, 0.366211, -9.094240, -7.385252,Cycling
4569014, -0.294312, -0.155518, -0.981445, -4.638672, -10.742184, -6.103514,Cycling
4569034, -0.351563, -0.218384, -0.952515, -1.708984, -11.291500, -8.544924,Cycling
4569054, -0.323853, -0.274902, -0.903076, -9.094240, -5.737304, -9.765626,Cycling
4569074, -0.262207, -0.173096, -0.984375, -10.986324, -9.216310, -8.178714,Cycling
4569094, -0.259644, -0.071045, -1.021362, -12.207030, -1.892090, -5.126952,Cycling
4569114, -0.379150, -0.229492, -0.995606, -7.385252, 1.953124, -7.995604,Cycling
4569134, -0.287720, -0.242920, -1.023682, -15.747068, 6.835936, -7.873534,Cycling
4569154, -0.230713, -0.090698, -1.077637, -15.319820, 7.629394, -5.676268,Cycling
4569174, -0.204834, -0.132690, -0.972290, -10.925290, 13.793944, -3.784179,Cycling
4569194, -0.072266, 0.046753, -0.933228, -10.620116, 9.460450, -6.042480,Cycling
4569214, -0.424438, -0.051880, -1.100220, -0.244141, 11.230468, -10.375976,Cycling
4569234, -0.255371, -0.263550, -0.892456, -4.211426, 18.005376, -12.207030,Cycling
4569254, -0.270996, -0.117920, -0.854736, -3.356933, 3.967285, -6.225584,Cycling
4569274, -0.339478, -0.107544, -0.935547, 2.868652, 8.728030, -5.981444,Cycling
4569294, -0.160034, -0.162231, -0.973755, 2.685546, 10.437010, -7.568358,Cycling
4569314, -0.207764, -0.114502, -1.054566, 0.427246, 11.840818, -4.516602,Cycling
4569334, -0.161987, -0.056885, -0.996582, 2.502442, 20.568840, -2.563476,Cycling
4569354, -0.208252, -0.094727, -0.941406, 8.300784, 16.601568, -5.432128,Cycling
4569374, -0.286865, -0.353272, -0.904785, 12.268064, 17.944340, -8.544924,Cycling
4569394, -0.261353, -0.220581, -0.911377, -0.915527, 16.113284, 2.014160,Cycling
4569414, -0.329712, -0.246216, -0.883301, 6.286620, 3.906249, -1.831054,Cycling
4569434, -0.404419, -0.257568, -0.917725, 3.845214, 4.150392, -7.324218,Cycling
4569454, -0.375000, -0.424072, -0.937378, 3.112792, -1.281738, -10.253904,Cycling
4569474, -0.231323, -0.441406, -0.768799, -1.953124, -3.662109, -8.239746,Cycling
4569494, -0.236694, -0.226563, -0.791748, -4.882814, -19.531250, -1.464844,Cycling
4569514, -0.178345, -0.121704, -0.927734, -0.854492, -6.958006, -6.713866,Cycling
4569534, -0.124146, -0.119751, -1.087036, 1.037598, -4.394532, -11.718748,Cycling
4569554, -0.169800, -0.326294, -0.997314, 3.112792, 0.244141, -11.230468,Cycling
4569574, 0.019165, 0.013672, -0.901489, 2.868652, -7.507323, -6.286620,Cycling
4569594, -0.073242, -0.009155, -1.042725, 13.488768, 1.525878, -7.629394,Cycling
4569614, -0.158081, -0.329834, -1.141480, 9.521484, 16.723632, -6.408690,Cycling
4569634, 0.023682, -0.100952, -0.958130, 8.666994, 11.779784, 1.464844,Cycling
4569654, -0.253418, -0.304199, -0.878296, 16.906740, 11.718748, -0.549316,Cycling
4569674, -0.266235, -0.249756, -1.008301, 7.507323, 8.239746, 1.342773,Cycling
4569694, -0.359619, -0.207520, -1.002320, 6.530760, 12.695310, 0.732422,Cycling
4569714, -0.318848, -0.180054, -0.865112, 3.173828, 8.789064, -1.159668,Cycling
4569734, -0.439697, -0.364624, -0.827026, 6.896972, -3.662109, -2.136231,Cycling
4569754, -0.339111, -0.327271, -0.870972, 1.220704, 1.037598, 0.183105,Cycling
4569774, -0.352783, -0.394775, -0.903198, 1.831054, -0.854492, 1.220704,Cycling
4569794, -0.151123, -0.322876, -0.903198, 1.770019, -6.835936, 4.821778,Cycling
4569814, -0.101318, -0.381836, -0.868286, 1.831054, -5.615234, 0.000000,Cycling
4569834, -0.154785, -0.348633, -0.861816, 2.319336, -14.709470, -3.173828,Cycling
4569854, -0.123291, -0.332520, -0.888672, 5.981444, -12.878416, -2.502442,Cycling
4569874, -0.096069, -0.344605, -0.901367, 5.187988, -12.512204, -3.295898,Cycling
4569894, -0.202393, -0.469482, -0.740112, 9.033204, -24.414060, -8.666994,Cycling
4569914, -0.281006, -0.453125, -0.824463, 3.417968, -27.709956, -5.920409,Cycling
4569934, -0.223267, -0.298340, -0.813477, 4.028321, -33.081060, -5.371092,Cycling
4569954, -0.242798, -0.310303, -0.856323, -0.854492, -30.395500, -4.394532,Cycling
4569974, -0.268677, -0.361816, -0.818970, -2.014160, -34.057620, -7.324218,Cycling
4569994, -0.201050, -0.274780, -0.911499, -10.498044, -30.151360, -8.666994,Cycling
4570014, -0.320068, -0.223022, -0.965088, -13.122556, -29.541010, -16.235352,Cycling
4570034, -0.094482, -0.146851, -0.993896, -15.991210, -23.620600, -16.784670,Cycling
4570054, -0.242432, -0.327881, -0.988404, -13.061520, -7.995604, -19.775390,Cycling
4570074, -0.302124, -0.292114, -0.979004, -11.108396, -24.841304, -15.808104,Cycling
4570094, -0.309814, -0.174194, -1.066528, -11.413570, -13.793944, -11.352536,Cycling
4570114, -0.348022, -0.166016, -1.044800, -9.338380, -15.869140, -13.427732,Cycling
4570134, -0.370850, -0.295532, -0.894165, -4.760742, -13.488768, -11.779784,Cycling
4570154, -0.404053, -0.183594, -1.072876, -7.568358, -10.253904, -9.033204,Cycling
4570174, -0.175293, -0.124512, -0.962891, -5.554198, -3.906249, -11.901852,Cycling
4570194, -0.336670, -0.096313, -1.109742, -5.554198, -0.915527, -9.155274,Cycling
4570214, -0.130249, -0.074463, -1.088379, -4.150392, 19.287110, -7.629394,Cycling
4570234, -0.190430, -0.000977, -1.140747, -5.920409, 16.235352, -3.784179,Cycling
4570254, -0.294312, -0.025146, -1.088501, 0.366211, 30.090330, -3.295898,Cycling
4570274, -0.232178, 0.027588, -1.104492, 0.610352, 33.142100, 2.014160,Cycling
4570294, -0.377808, -0.099976, -1.062500, 1.220704, 37.536620, -1.159668,Cycling
4570314, -0.280762, -0.076050, -0.978638, 0.732422, 35.827640, 4.272462,Cycling
4570334, -0.408936, -0.067017, -0.973511, 1.953124, 32.592780, 9.765626,Cycling
4570354, -0.399414, -0.150635, -0.952515, -0.793457, 38.574220, 11.474608,Cycling
4570374, -0.245117, -0.009399, -0.794556, 3.906249, 27.160640, 12.207030,Cycling
4570394, -0.492676, -0.144287, -1.024658, 2.502442, 32.104500, 13.977050,Cycling
4570414, -0.142944, -0.151367, -0.876343, 2.197266, 36.926280, 15.624996,Cycling
4570434, -0.253174, -0.246216, -0.818970, 4.333496, 25.573724, 13.183590,Cycling
4570454, -0.281128, -0.185547, -0.934448, -0.122070, 25.695796, 17.883300,Cycling
4570474, -0.111572, -0.186523, -0.846314, 4.028321, 22.460930, 13.977050,Cycling
4570494, -0.047119, -0.203613, -0.972900, -0.915527, 28.015130, 12.084960,Cycling
4570514, -0.117676, -0.195923, -0.975830, 1.647949, 23.620600, 10.192870,Cycling
4570534, -0.146362, -0.222168, -0.952393, 3.540038, 22.583000, 11.596676,Cycling
4570554, -0.159424, -0.312988, -0.840210, 7.690428, 17.333990, 8.056642,Cycling
4570574, -0.395386, -0.510620, -0.766480, 8.300784, 2.929687, 6.896972,Cycling
4570594, -0.336304, -0.394165, -0.782104, 3.906249, -1.770019, 6.652830,Cycling
4570614, -0.265381, -0.372925, -0.889160, 5.737304, -6.896972, 4.089356,Cycling
4570634, -0.162598, -0.359863, -0.834961, 2.624511, -6.835936, 5.187988,Cycling
4570654, -0.113525, -0.368896, -0.882324, 0.427246, -7.934570, 5.126952,Cycling
4570674, -0.121948, -0.342774, -0.974243, -3.051757, -7.080076, 8.056642,Cycling
4570694, -0.020386, -0.198120, -0.859375, -5.249022, -7.141112, 8.361816,Cycling
4570714, -0.098633, -0.107666, -1.089600, -1.770019, -4.943848, 4.821778,Cycling
4570734, 0.017578, -0.131592, -1.060425, 0.183105, 5.615234, 5.004884,Cycling
4570754, -0.091553, -0.213989, -0.887695, 2.685546, -1.525878, 4.089356,Cycling
4570774, -0.226685, -0.027100, -0.942017, 3.906249, -9.887696, 1.159668,Cycling
4570794, -0.337769, -0.323242, -0.873291, 8.544924, -0.244141, -3.784179,Cycling
4570814, -0.331543, -0.465698, -0.919800, 3.295898, -4.760742, 0.732422,Cycling
4570834, -0.203125, -0.310791, -0.924927, -2.319336, -6.652830, 7.385252,Cycling
4570854, -0.121216, -0.094849, -0.991699, -3.723144, -7.141112, 12.329100,Cycling
4570874, -0.183105, -0.220459, -1.119019, -5.737304, 6.835936, 11.352536,Cycling
4570894, -0.097046, -0.071777, -1.162232, -7.751464, 10.559080, 14.526364,Cycling
4570914, 0.040283, 0.038818, -1.002076, -0.976562, 10.253904, 17.700200,Cycling
4570934, -0.103760, 0.015259, -1.127198, 7.263182, 26.123040, 13.488768,Cycling
4570954, -0.185425, -0.093018, -0.988281, 11.840818, 14.587400, 10.681150,Cycling
4570974, -0.371582, -0.221558, -1.001587, 11.840818, 22.277830, 9.094240,Cycling
4570994, -0.320679, -0.292358, -0.906616, 8.789064, 13.793944, 9.582520,Cycling
4571014, -0.355713, -0.327393, -0.831055, 4.638672, 15.502928, 10.742184,Cycling
4571034, -0.015869, -0.063110, -0.938965, 0.854492, 13.427732, 13.793944,Cycling
4571054, -0.278076, -0.161987, -1.108765, 5.065916, 22.460930, 16.235352,Cycling
4571074, -0.082642, -0.153320, -0.962769, 5.676268, 26.916500, 21.118160,Cycling
4571094, -0.169312, -0.128784, -1.028931, 10.131832, 26.489250, 18.066410,Cycling
4571114, -0.089355, -0.191284, -0.952393, 12.207030, 25.573724, 17.211920,Cycling
4571134, -0.132935, -0.251953, -0.930054, 12.878416, 22.216790, 16.113284,Cycling
4571154, -0.273682, -0.404785, -0.817017, 9.033204, 15.808104, 18.798830,Cycling
4571174, -0.240601, -0.395874, -0.745972, 6.774902, 5.981444, 15.686032,Cycling
4571194, -0.268677, -0.491577, -0.787476, 1.342773, 0.427246, 10.925290,Cycling
4571214, -0.140381, -0.509400, -0.810669, -3.112792, -5.920409, 6.347656,Cycling
4571234, -0.040161, -0.455566, -0.738037, -3.967285, -17.272950, 2.990722,Cycling
4571254, -0.165405, -0.362305, -0.920898, -6.408690, -23.071284, 3.662109,Cycling
4571274, -0.196899, -0.577637, -0.965820, 2.441407, 2.075196, 0.061035,Cycling
4571294, 0.001465, -0.614990, -0.819824, -9.155274, 7.080076, 3.295898,Cycling
4571314, 0.259888, -0.243774, -0.835571, -5.676268, -4.394532, 16.967780,Cycling
4571334, -0.078125, -0.196167, -1.128052, 1.586914, 5.432128, 22.094720,Cycling
4571354, 0.076782, -0.186157, -1.026856, 19.409180, 14.648436, 15.930172,Cycling
4571374, -0.090698, -0.227295, -1.004028, 16.357424, 9.033204, 10.375976,Cycling
4571394, -0.047241, -0.219727, -0.926636, 22.216790, 5.615234, 9.094240,Cycling
4571414, -0.081543, -0.277344, -0.939697, 24.414060, -2.136231, 8.972170,Cycling
4571434, -0.253052, -0.373047, -0.996826, 12.817380, -4.760742, 8.728030,Cycling
4571454, -0.137207, -0.378174, -0.786499, 1.098633, -10.986324, 8.605960,Cycling
4571474, -0.203613, -0.250122, -0.877075, -0.976562, -29.846190, 15.747068,Cycling
4571494, -0.270386, -0.181763, -1.024536, 5.065916, -15.380856, 11.657712,Cycling
4571514, -0.232056, -0.189941, -1.208618, 5.187988, 1.098633, 7.263182,Cycling
4571534, -0.158447, -0.222778, -1.108154, 0.976562, 11.474608, -16.479492,Cycling
4571554, 0.077515, -0.174683, -1.042480, -5.432128, 4.089356, -17.700200,Cycling
4571574, 0.068970, -0.156006, -1.028442, -7.568358, -12.939450, -12.207030,Cycling
4571594, -0.033691, -0.133179, -1.222412, -6.164550, -12.023924, -11.474608,Cycling
4571614, -0.200073, -0.156006, -1.325440, -2.746581, -15.747068, -8.056642,Cycling
4571634, -0.213257, -0.159180, -1.186280, -20.935052, 1.831054, -19.653320,Cycling
4571654, -0.064453, 0.005127, -0.847412, -15.502928, -13.427732, -6.103514,Cycling
4571674, -0.023193, -0.074097, -0.771118, -2.868652, -13.122556, -3.234863,Cycling
4571694, 0.276001, -0.150391, -0.723267, 2.746581, -20.141600, -4.150392,Cycling
4571714, 0.189087, -0.200806, -0.650513, 5.859374, -49.743640, -4.028321,Cycling
4571734, 0.179932, -0.206055, -0.705322, 13.977050, -92.163060, -1.037598,Cycling
4571754, -0.305176, -0.354004, -0.921631, 14.587400, -91.430660, -1.403808,Cycling
4571774, -0.537964, -0.307739, -1.008301, 3.417968, -55.664060, 6.225584,Cycling
4571795, -0.533203, -0.180786, -0.973022, 0.549316, -7.507323, 5.432128,Cycling
4571815, -0.369751, -0.124268, -0.953858, 3.356933, 25.085448, 10.620116,Cycling
4571835, -0.078613, -0.123413, -0.820435, 8.666994, 37.231450, 1.586914,Cycling
4571855, -0.220581, -0.367676, -0.778442, 26.611320, 21.362300, 1.037598,Cycling
4571875, -0.229614, -0.687134, -0.646729, 16.662600, -1.098633, -5.554198,Cycling
4571895, -0.282593, -0.661987, -0.617920, -0.976562, -21.301268, 0.183105,Cycling
4571915, -0.169922, -0.455933, -0.712158, -14.648436, -27.099608, 7.507323,Cycling
4571935, -0.323975, -0.390503, -0.818604, -0.854492, -32.836920, 8.422854,Cycling
4571955, -0.402832, -0.414917, -0.908936, -7.995604, -26.855464, 0.183105,Cycling
4571975, -0.312378, -0.262573, -1.020630, -13.183590, -19.348150, -4.516602,Cycling
4571995, -0.029541, -0.332398, -0.877686, 1.586914, -31.188960, -13.488768,Cycling
4572015, 0.055786, -0.102661, -0.901367, -5.676268, -42.419420, -15.563964,Cycling
4572035, -0.360962, -0.022827, -0.994873, 22.827140, -39.001470, -14.831540,Cycling
4572055, -0.359619, -0.484619, -1.045654, 29.113768, -24.597160, -19.775390,Cycling
4572075, -0.241821, -0.463867, -1.004394, -9.338380, -19.287110, -11.779784,Cycling
4572095, -0.172974, -0.199219, -0.936279, -7.629394, -21.911620, -12.939450,Cycling
4572115, -0.436035, -0.426636, -0.924072, 8.911134, -27.770990, -11.962890,Cycling
4572135, -0.289063, -0.438721, -0.920898, -20.935052, -18.737796, -6.042480,Cycling
4572155, -0.376343, -0.136475, -0.977173, -21.301268, -14.648436, -3.479003,Cycling
4572175, -0.197510, -0.073608, -0.853150, -14.038084, -15.808104, -8.544924,Cycling
4572195, -0.380249, -0.193115, -0.917847, -10.070800, -15.197750, -17.517090,Cycling
4572215, -0.154907, 0.016724, -1.097046, -4.577638, 11.169430, -15.808104,Cycling
4572235, -0.247681, -0.152954, -1.203980, -4.272462, 26.550290, -12.878416,Cycling
4572255, -0.187622, -0.265381, -1.086670, -9.582520, 25.329584, -12.817380,Cycling
4572275, -0.262329, -0.087524, -1.022583, -18.249516, 19.714360, -11.901852,Cycling
4572295, -0.453003, -0.255982, -0.908325, -5.432128, 9.338380, -16.235352,Cycling
4572315, -0.491577, -0.274658, -0.857788, -15.624996, 8.056642, -14.343260,Cycling
4572335, -0.587158, -0.431763, -0.736328, -3.784179, 1.220704, -17.944340,Cycling
4572355, -0.407227, -0.461426, -0.889893, -20.446770, 5.432128, -16.784670,Cycling
4572375, -0.254883, -0.249390, -0.912964, -16.967780, 2.746581, -11.291500,Cycling
4572395, -0.316162, -0.248779, -0.907471, -9.216310, 0.671386, -10.437010,Cycling
4572415, -0.230835, -0.374268, -0.966919, -5.310058, 0.915527, -13.122556,Cycling
4572435, 0.003662, -0.137451, -1.008179, -5.920409, -2.075196, -10.803220,Cycling
4572455, -0.063232, -0.205566, -0.950684, 1.342773, -2.258301, -12.634276,Cycling
4572475, -0.157349, -0.242554, -0.953247, 4.028321, -1.586914, -12.817380,Cycling
4572495, -0.211060, -0.298706, -1.021362, 0.671386, 6.103514, -11.535644,Cycling
4572515, -0.301270, -0.004517, -1.093628, -2.563476, 10.559080, -2.319336,Cycling
4572535, -0.347168, -0.392700, -0.843140, 6.591796, 10.620116, -10.864256,Cycling
4572555, -0.259277, -0.404785, -0.829834, 2.685546, 1.586914, -9.094240,Cycling
4572575, -0.281860, -0.378052, -0.893921, -0.549316, -3.540038, -1.281738,Cycling
4572595, -0.610596, -0.373169, -0.886475, -2.136231, -4.028321, 7.446288,Cycling
4572615, -0.325806, -0.404785, -0.713135, -6.652830, -10.498044, -0.549316,Cycling
4572635, -0.416016, -0.293945, -0.811890, -3.234863, -17.578130, -3.417968,Cycling
4572655, -0.190308, -0.294556, -1.084351, -10.803220, -6.835936, -5.187988,Cycling
4572675, -0.020508, -0.309692, -0.887940, -7.751464, -13.061520, -11.657712,Cycling
4572695, -0.268799, -0.269775, -0.991211, -10.253904, -6.774902, -9.521484,Cycling
4572715, -0.070068, -0.258423, -0.997437, -8.972170, -4.821778, -11.657712,Cycling
4572735, -0.297730, -0.166870, -1.006348, -7.385252, 2.563476, -3.906249,Cycling
4572755, -0.061523, -0.265747, -0.857788, -3.601074, -4.028321, -7.141112,Cycling
4572775, -0.293091, -0.062866, -0.978882, -1.037598, -2.929687, -1.098633,Cycling
4572795, -0.316040, -0.291626, -0.959961, -1.770019, 1.159668, -5.065916,Cycling
4572815, -0.241943, -0.035889, -0.930786, -5.676268, -0.122070, -1.342773,Cycling
4572835, -0.366699, -0.182129, -0.859253, -2.441407, -2.746581, -7.141112,Cycling
4572855, -0.284424, -0.232056, -0.789062, -5.859374, -5.493162, -9.033204,Cycling
4572875, -0.364258, -0.187378, -0.995484, -13.366696, -1.403808, -7.446288,Cycling
4572895, -0.268311, -0.247925, -0.908814, -13.427732, -0.610352, -9.277344,Cycling
4572915, -0.249634, -0.129028, -0.957398, -15.502928, -0.366211, -6.408690,Cycling
4572935, -0.218506, -0.036987, -1.112915, -13.305660, 10.986324, -4.882814,Cycling
4572955, -0.125122, -0.080200, -1.087280, -10.375976, 16.296390, -5.126952,Cycling
4573095, -0.191528, -0.248169, -0.880005, 2.868652, -3.417968, -5.554198,Cycling
4573115, -0.251831, -0.375366, -0.877564, 0.671386, -3.417968, -6.103514,Cycling
4573135, -0.267212, -0.203369, -0.986572, -5.615234, -4.821778, -2.075196,Cycling
4573155, -0.235474, -0.291870, -0.856201, 0.244141, -5.859374, -5.126952,Cycling
4573175, -0.219238, -0.293335, -0.870606, 1.525878, -14.038084, -4.516602,Cycling
4573195, -0.194824, -0.109375, -0.983154, 0.610352, -8.300784, 1.159668,Cycling
4573215, -0.140015, -0.400757, -0.875122, 6.225584, -11.840818, -6.286620,Cycling
4573235, -0.126831, -0.266846, -0.894287, -6.042480, -13.793944, -2.990722,Cycling
4573255, -0.181274, 0.073242, -0.846192, 1.953124, -13.305660, -1.159668,Cycling
4573275, -0.435181, -0.194458, -0.995362, 6.530760, 0.793457, -5.920409,Cycling
4573295, -0.201416, -0.418945, -1.016114, 0.000000, 4.150392, -9.643556,Cycling
4573315, -0.066284, -0.095825, -0.970215, -2.197266, 6.652830, -2.197266,Cycling
4573335, -0.255249, -0.097412, -1.127442, -0.122070, 13.244628, 1.647949,Cycling
4573355, -0.257568, -0.075562, -1.207886, -2.807617, 26.184080, 3.601074,Cycling
4573375, -0.213257, -0.062134, -1.060547, 0.976562, 23.254390, 4.089356,Cycling
4573395, -0.375610, -0.021851, -1.059326, 5.004884, 23.864740, 9.399414,Cycling
4573415, -0.365967, -0.183716, -0.982910, 8.178714, 24.963376, 9.765626,Cycling
4573435, -0.241577, -0.142212, -0.965454, 5.737304, 25.085448, 10.620116,Cycling
4573455, -0.294556, -0.048950, -0.995484, 5.065916, 23.254390, 12.329100,Cycling
4573515, -0.349854, -0.151001, -0.938599, 1.403808, 22.338860, 8.850100,Cycling
4573535, -0.224243, -0.366211, -0.823486, -5.004884, 16.235352, 7.080076,Cycling
4573555, -0.096069, -0.065796, -0.825318, -6.408690, 15.014646, 9.765626,Cycling
4573575, -0.166504, -0.139648, -0.957154, -0.610352, 23.742670, 5.615234,Cycling
4573595, -0.055542, -0.363403, -1.008667, -4.394532, 28.991692, 2.319336,Cycling
4573615, -0.016846, -0.179932, -0.999634, -4.089356, 27.648920, 9.216310,Cycling
4573635, -0.042114, -0.172485, -1.004272, -1.342773, 29.602044, 14.526364,Cycling
4573655, -0.155273, -0.065674, -0.979614, 5.187988, 21.545408, 15.502928,Cycling
4573675, -0.217529, -0.224731, -0.953125, 9.826660, 21.179192, 10.986324,Cycling
4573695, -0.218506, -0.307617, -0.885376, 11.474608, 15.991210, 10.925290,Cycling
4573715, -0.257813, -0.268433, -0.842652, 9.033204, 10.742184, 15.014646,Cycling
4573735, -0.423950, -0.387695, -0.905152, 9.155274, 8.178714, 13.183590,Cycling
4573755, -0.280518, -0.237305, -0.934937, 4.089356, -3.173828, 11.962890,Cycling
4573775, -0.289673, -0.493164, -0.938965, 5.493162, 4.272462, 11.230468,Cycling
4573795, 0.060303, -0.276123, -0.890015, -4.089356, -2.929687, 13.549804,Cycling
4573815, -0.042847, -0.134399, -1.017700, 0.183105, -1.586914, 15.930172,Cycling
4573835, -0.094116, -0.226074, -1.044434, -5.554198, 4.638672, 14.282224,Cycling
4573855, -0.097778, -0.204346, -0.855713, 1.281738, -1.892090, 11.779784,Cycling
4573875, -0.182251, -0.246826, -0.951294, -4.821778, -2.441407, 15.136716,Cycling
4573895, -0.105347, -0.184204, -0.952148, 2.746581, 1.953124, 14.770504,Cycling
4573915, -0.094360, -0.389404, -0.911011, 0.244141, -0.610352, 9.033204,Cycling
4573935, -0.146362, -0.252319, -1.018311, -7.080076, -2.197266, 12.023924,Cycling
4573955, -0.168335, -0.263672, -0.853394, -3.601074, -4.638672, 9.643556,Cycling
4573975, -0.255615, -0.338379, -1.034302, -7.812498, -3.234863, 6.958006,Cycling
4573995, -0.022217, -0.314209, -0.906128, -4.394532, -6.835936, 1.586914,Cycling
4574015, -0.120850, -0.385986, -0.901123, -0.915527, -12.390136, 2.258301,Cycling
4574035, -0.116455, -0.364014, -0.917114, -11.413570, -18.005376, 4.272462,Cycling
4574055, -0.196045, -0.367066, -0.854370, -10.192870, -18.554690, 9.216310,Cycling
4574075, -0.169434, -0.287232, -0.818482, -15.930172, -25.146480, 7.812498,Cycling
4574095, -0.110230, -0.217285, -1.004028, -14.404296, -20.812980, 8.789064,Cycling
4574115, -0.170654, -0.308228, -1.014526, 1.953124, -28.198240, 8.911134,Cycling
4574135, -0.202881, -0.239136, -0.805908, -6.774902, -23.498530, 16.845708,Cycling
4574155, 0.076660, -0.096313, -0.833252, 5.249022, -26.306150, 7.019042,Cycling
4574175, -0.313599, -0.415649, -1.055542, -1.953124, -20.812980, 6.896972,Cycling
4574195, -0.041382, -0.158814, -1.018311, -11.535644, -12.512204, 5.737304,Cycling
4574215, 0.016113, -0.138062, -0.841675, -5.126952, -24.536130, 1.159668,Cycling
4574235, -0.264282, -0.073853, -1.058594, -3.967285, -25.451652, -0.854492,Cycling
4574255, -0.284668, -0.178223, -1.089966, -5.126952, -11.413570, -2.685546,Cycling
4574335, -0.463989, -0.216064, -0.896606, 18.310550, -41.564930, 0.183105,Cycling
4574355, -0.329834, -0.407959, -1.037110, 0.610352, -15.686032, -3.784179,Cycling
4574415, -0.262085, -0.053345, -0.954346, 3.234863, -26.916500, -3.295898,Cycling
4574435, -0.184204, -0.087769, -0.915161, 3.417968, -23.254390, -11.779784,Cycling
4574455, -0.330933, -0.066895, -1.055176, -0.915527, -16.784670, -11.840818,Cycling
4574475, -0.232788, -0.053467, -1.046509, -3.417968, -6.347656, -14.953610,Cycling
4574495, -0.107178, -0.073242, -1.086304, -7.690428, -4.089356, -16.967780,Cycling
4574515, 0.010376, 0.268066, -1.085450, -9.399414, 1.464844, -15.502928,Cycling
4574535, -0.369751, 0.062134, -1.081421, 11.474608, 2.624511, -15.991210,Cycling
4574555, -0.557373, -0.178345, -1.109620, -0.671386, 25.573724, -12.756344,Cycling
4574575, -0.507812, -0.250732, -0.953491, -5.187988, 29.235832, -10.864256,Cycling
4574595, -0.297974, -0.158081, -0.934204, -6.652830, 20.385740, -4.882814,Cycling
4574615, -0.452026, 0.044067, -1.017090, -4.638672, 10.925290, 2.563476,Cycling
4574635, -0.481079, -0.072754, -0.880005, 3.845214, 14.221190, 0.061035,Cycling
4574655, -0.530029, -0.291260, -0.853028, -0.366211, 16.052250, 1.464844,Cycling
4574675, -0.282837, -0.167847, -0.894531, -6.958006, 23.498530, 7.629394,Cycling
4574695, -0.253906, -0.100586, -1.048706, -8.239746, 18.859868, 11.291500,Cycling
4574715, -0.113647, -0.048096, -0.919434, -4.455568, 18.920900, 4.028321,Cycling
4574735, -0.139526, -0.054810, -0.991333, -9.521484, 13.366696, -3.784179,Cycling
4574755, -0.174927, 0.007080, -0.979858, -1.281738, 11.230468, -5.249022,Cycling
4574775, -0.203003, -0.151489, -1.030884, -11.413570, 19.042970, -6.958006,Cycling
4574795, 0.099854, 0.095947, -0.974610, -3.967285, 11.840818, -9.582520,Cycling
4574815, -0.405762, -0.301148, -1.099854, 7.812498, 9.338380, -12.695310,Cycling
4574835, -0.302124, -0.193115, -0.824341, 0.427246, 5.371092, -8.666994,Cycling
4574855, -0.630493, -0.526123, -0.591309, 10.253904, -10.253904, -8.728030,Cycling
4574875, -0.557373, -0.442993, -0.635620, -6.469726, -10.620116, -9.399414,Cycling
4574895, -0.361450, -0.280029, -0.770630, -2.014160, -16.784670, -7.019042,Cycling
4574915, -0.236816, -0.302979, -0.791016, -3.356933, -18.310550, -8.178714,Cycling
4574935, -0.173340, -0.323730, -0.836670, 6.286620, -32.531740, -9.094240,Cycling
4574955, -0.243530, -0.391968, -0.938232, -0.976562, -25.268550, -10.314940,Cycling
4574975, -0.033081, -0.244385, -0.950806, -2.563476, -26.245110, -12.023924,Cycling
4574995, -0.071533, -0.224854, -0.898682, -2.563476, -29.052730, -15.991210,Cycling
4575015, -0.160034, -0.257690, -0.907837, 1.098633, -29.907220, -21.423332,Cycling
4575035, -0.097900, -0.278076, -0.894165, -6.408690, -26.245110, -26.611320,Cycling
4575055, -0.408569, -0.412964, -0.895630, 0.122070, -25.146480, -27.282710,Cycling
4575075, -0.178589, -0.224731, -0.905762, -10.803220, -25.146480, -28.930660,Cycling
4575095, -0.430542, -0.175415, -0.987915, -1.098633, -27.465816, -25.695796,Cycling
4575215, -0.183960, -0.078980, -1.133667, -23.681636, -8.789064, -23.986810,Cycling
4575275, -0.442383, 0.020142, -1.066162, -12.573240, 19.287110, -1.647949,Cycling
4575295, -0.395508, 0.047607, -1.161988, -9.948730, 32.409680, 3.967285,Cycling
4575315, -0.269775, -0.036621, -0.941162, -5.004884, 32.653820, 1.953124,Cycling
4575335, -0.245361, -0.013672, -0.997314, -3.356933, 36.254890, 1.647949,Cycling
4575355, -0.314209, 0.093384, -1.082398, -5.065916, 40.466300, 2.319336,Cycling
4575415, -0.494751, -0.334717, -0.807251, 1.525878, 31.066890, -0.793457,Cycling
4575435, -0.405396, -0.330444, -0.918823, -0.793457, 31.433100, 3.051757,Cycling
4575455, -0.236938, -0.325317, -0.851929, 4.272462, 15.075680, 2.319336,Cycling
4575475, -0.195313, -0.076416, -0.961548, 0.305176, 18.981940, 3.479003,Cycling
4575495, -0.112305, -0.226318, -0.898560, -1.037598, 17.700200, -6.164550,Cycling
4575515, -0.094971, -0.187256, -0.951172, 1.953124, 17.395020, -7.629394,Cycling
4575535, -0.211182, -0.234863, -0.946167, 0.976562, 14.648436, -4.943848,Cycling
4575555, -0.380371, -0.186157, -0.846802, 5.310058, 9.582520, 0.183105,Cycling
4575575, -0.325073, -0.333740, -0.894654, 2.685546, 7.934570, -5.371092,Cycling
4575595, -0.224854, -0.234741, -0.877686, 6.896972, -4.394532, -7.507323,Cycling
4575615, -0.283203, -0.351440, -0.929932, 3.662109, -2.868652, -7.385252,Cycling
4575635, -0.209595, -0.219849, -0.964478, 2.807617, -5.554198, -7.812498,Cycling
4575655, -0.236938, -0.351440, -0.950684, 1.892090, -3.845214, -10.498044,Cycling
4575675, -0.166992, -0.247803, -0.902222, -1.647949, -4.089356, -6.164550,Cycling
4575695, -0.261108, -0.062012, -1.020752, -2.319336, 1.525878, 0.305176,Cycling
4575715, -0.220703, 0.022949, -1.000977, 3.295898, 2.319336, -0.793457,Cycling
4575735, -0.208252, 0.013916, -1.100342, 1.647949, 9.582520, 1.831054,Cycling
4575755, -0.144409, 0.142090, -1.093140, 5.249022, 12.573240, 5.554198,Cycling
4575775, -0.177734, 0.038574, -1.097534, 3.784179, 21.850580, 9.704590,Cycling
4575795, -0.055054, 0.265869, -1.058838, 4.943848, 21.423332, 12.268064,Cycling
4575815, -0.306519, 0.227905, -1.082398, 10.131832, 30.090330, 13.732908,Cycling
4575875, -0.297119, 0.134155, -1.049194, 2.502442, 35.705570, 22.460930,Cycling
4575895, -0.304688, -0.036499, -1.060059, 1.098633, 38.757330, 15.197750,Cycling
4575915, -0.197754, -0.036621, -0.988281, 1.464844, 36.804200, 10.559080,Cycling
4575935, -0.135620, 0.031616, -0.937378, 2.685546, 33.508300, 14.953610,Cycling
4575955, -0.260254, -0.052490, -0.963379, 10.803220, 27.832030, 16.906740,Cycling
4575975, -0.155396, -0.134277, -0.954834, 11.779784, 32.592780, 17.272950,Cycling
4575995, -0.205566, -0.154419, -0.984131, 16.662600, 28.930660, 19.958500,Cycling
4576015, -0.052734, -0.216187, -0.880615, 20.812980, 28.381340, 22.827140,Cycling
4576035, -0.270020, -0.245972, -1.003906, 20.507810, 22.827140, 25.634760,Cycling
4576055, -0.047241, -0.322754, -0.790650, 22.644040, 17.456060, 20.568840,Cycling
4576075, -0.264282, -0.393066, -0.816406, 19.653320, 5.798338, 16.296390,Cycling
4576095, -0.141480, -0.377686, -0.736694, 17.028810, 4.150392, 18.371584,Cycling
4576115, -0.120605, -0.325684, -0.745239, 16.479492, 0.122070, 18.188480,Cycling
4576135, -0.139526, -0.408691, -0.923584, 9.887696, 4.577638, 14.953610,Cycling
4576155, 0.112549, -0.261597, -0.934570, 1.220704, 2.380371, 11.962890,Cycling
4576175, 0.151489, -0.163086, -1.008667, 1.647949, 5.554198, 14.160152,Cycling
4576195, -0.006470, -0.041504, -1.053833, 6.408690, 7.690428, 15.991210,Cycling
4576215, -0.027954, -0.134399, -1.013428, 11.474608, 13.122556, 15.869140,Cycling
4576235, -0.082764, -0.169312, -1.001343, 10.681150, 8.789064, 16.418460,Cycling
4576255, -0.126343, -0.180176, -0.896362, 13.610836, 4.211426, 14.099120,Cycling
4576275, -0.341064, -0.325073, -0.892822, 12.084960, -1.220704, 12.634276,Cycling
4576295, -0.335938, -0.368652, -0.918823, 4.699708, 4.638672, 12.329100,Cycling
4576315, -0.244629, -0.413574, -0.961914, -2.136231, 1.831054, 10.681150,Cycling
4576335, -0.173340, -0.273071, -0.959595, -9.033204, -3.051757, 14.648436,Cycling
4576355, -0.175171, -0.239014, -0.855225, -7.263182, -2.136231, 12.634276,Cycling
4576375, 0.096924, -0.185181, -0.891724, -8.483890, -6.652830, 16.723632,Cycling
4576395, -0.015991, -0.172119, -1.182251, -3.601074, -2.380371, 17.639160,Cycling
4576415, 0.148071, -0.135742, -1.029541, -3.112792, 3.662109, 19.653320,Cycling
4576435, 0.013550, -0.158691, -0.985352, 5.310058, -4.028321, 14.282224,Cycling
4576455, 0.039551, -0.074463, -1.059204, 3.479003, 3.112792, 18.615724,Cycling
4576475, -0.034058, -0.134522, -0.977417, 11.413570, 3.601074, 14.709470,Cycling
4576495, -0.182007, -0.266846, -1.000122, 13.244628, 5.493162, 17.822270,Cycling
4576515, -0.158936, -0.250732, -1.016236, 8.850100, 13.305660, 22.216790,Cycling
4576535, -0.167480, -0.205078, -1.016968, 5.187988, 12.878416, 23.803708,Cycling
4576555, -0.199829, -0.253784, -0.974610, 3.479003, 13.305660, 22.583000,Cycling
4576575, -0.111328, -0.220703, -0.821045, 0.610352, 7.934570, 21.728510,Cycling
4576595, -0.151123, -0.249268, -0.921631, -3.295898, 5.920409, 18.737796,Cycling
4576615, -0.076294, -0.122192, -0.963623, -0.488281, 7.873534, 19.714360,Cycling
4576635, -0.147827, -0.193726, -1.047974, 1.892090, 14.953610, 20.324700,Cycling
4576655, -0.006470, -0.091187, -0.977173, 5.249022, 9.460450, 24.536130,Cycling
4576675, -0.103638, -0.135010, -0.963623, 10.620116, 10.864256, 26.123040,Cycling
4576695, -0.093872, -0.180542, -1.009156, 11.413570, 12.695310, 25.085448,Cycling
4576715, -0.126343, -0.317139, -1.004028, 13.305660, 16.784670, 22.705070,Cycling
4576735, -0.110107, -0.423218, -0.897827, 6.042480, 16.235352, 23.803708,Cycling
4576755, -0.108765, -0.406860, -0.792236, 5.004884, 6.530760, 23.010250,Cycling
4576775, -0.201782, -0.441895, -0.796265, 1.647949, 0.793457, 22.033690,Cycling
4576795, -0.106934, -0.530396, -0.794312, -5.310058, -11.230468, 12.817380,Cycling
4576815, -0.071777, -0.505249, -0.863526, -10.253904, -15.686032, 11.657712,Cycling
4576835, -0.067505, -0.506226, -0.869019, -14.343260, -23.376460, 10.986324,Cycling
4576855, -0.025879, -0.525391, -0.780518, -13.732908, -37.109380, 2.380371,Cycling
4576875, 0.024048, -0.549927, -0.883667, -15.869140, -50.964340, 9.460450,Cycling
4576895, -0.046753, -0.478272, -0.860352, -11.657712, -54.321280, 10.498044,Cycling
4576915, -0.007813, -0.553955, -0.758301, 1.220704, -67.138680, 9.948730,Cycling
4576935, -0.018555, -0.525024, -0.823853, -8.117676, -65.002440, 13.732908,Cycling
4576955, 0.003296, -0.144409, -0.901123, -2.685546, -64.025900, 22.094720,Cycling
4576975, -0.281860, -0.169678, -1.017212, 7.080076, -57.250960, 17.089850,Cycling
4576995, -0.169312, -0.224976, -0.886963, 8.361816, -45.715320, 0.976562,Cycling
4577115, -0.378906, -0.226318, -1.037598, 12.268064, -16.418460, -8.666994,Cycling
4577135, -0.458130, -0.296631, -1.116455, -1.098633, -3.234863, 1.403808,Cycling
4577155, -0.359009, -0.138794, -0.985596, -5.249022, -2.868652, 6.713866,Cycling
4577175, -0.485596, -0.098877, -0.848511, -2.197266, -18.249516, 2.990722,Cycling
4577195, -0.637573, -0.184204, -0.782837, 2.197266, -27.893060, -2.685546,Cycling
4577215, -0.537964, -0.347534, -0.857544, -4.211426, -24.108880, -5.615234,Cycling
4577235, -0.107422, -0.142334, -1.001831, -17.456060, -24.536130, -2.197266,Cycling
4577255, -0.214722, -0.030884, -0.970947, -8.422854, -22.705070, -5.859374,Cycling
4577275, -0.163940, -0.153198, -1.131104, -11.779784, -12.817380, -9.704590,Cycling
4577295, 0.070679, 0.031128, -1.111816, -8.361816, -2.868652, -9.277344,Cycling
4577315, -0.076660, -0.105225, -1.061036, -4.455568, 0.305176, -8.911134,Cycling
4577335, 0.046509, 0.029785, -1.081543, -4.882814, 4.577638, -4.699708,Cycling
4577355, -0.183594, 0.041504, -1.123658, -0.122070, 9.887696, -7.568358,Cycling
4577375, -0.338745, -0.112427, -1.016968, 0.183105, 17.578130, -14.038084,Cycling
4577395, -0.410767, -0.236450, -0.896729, 1.586914, 17.700200, -15.380856,Cycling
4577415, -0.399536, -0.340088, -0.820679, -8.300784, 17.333990, -13.977050,Cycling
4577435, -0.368408, -0.117920, -0.938477, -10.620116, 6.469726, -3.295898,Cycling
4577455, -0.397339, -0.164551, -0.848877, -5.004884, 7.873534, -10.803220,Cycling
4577475, -0.455078, -0.291992, -0.793335, -3.479003, -7.934570, -12.573240,Cycling
4577495, -0.520020, -0.368164, -0.780152, -0.427246, -8.239746, -8.178714,Cycling
4577515, -0.245117, -0.372803, -0.807129, -9.887696, -5.554198, -4.821778,Cycling
4577535, -0.319824, -0.317139, -0.927856, -12.695310, -13.000484, -3.356933,Cycling
4577555, -0.117554, -0.161133, -1.022583, -16.296390, -8.544924, -4.943848,Cycling
4577575, -0.143555, -0.035645, -1.065918, -12.451170, -10.253904, -7.324218,Cycling
4577595, -0.282837, -0.289917, -0.946533, 3.295898, -11.047360, -13.122556,Cycling
4577615, 0.024292, -0.190674, -0.965332, -7.385252, -7.934570, -11.718748,Cycling
4577635, -0.268677, -0.087036, -1.082642, -1.403808, -9.216310, -5.859374,Cycling
4577655, -0.152710, -0.127197, -0.886841, 5.981444, -2.929687, -11.047360,Cycling
4577675, -0.208984, -0.033203, -1.020752, -2.746581, 2.868652, -10.253904,Cycling
4577695, -0.347290, -0.150879, -0.952515, 5.126952, 10.498044, -11.474608,Cycling
4577715, -0.221924, -0.238647, -0.989746, 0.183105, 6.896972, -10.559080,Cycling
4577735, -0.414673, -0.156860, -1.058960, -9.094240, 13.244628, -5.004884,Cycling
4577755, -0.251831, -0.112671, -0.868408, -6.347656, 11.535644, -10.437010,Cycling
4577775, -0.432251, -0.220703, -0.964478, -3.295898, 11.047360, -8.850100,Cycling
4577795, -0.144165, -0.154175, -1.054200, -19.958500, 20.568840, -6.286620,Cycling
4577815, -0.328125, -0.011353, -0.930908, -1.220704, 8.117676, -6.225584,Cycling
4577835, -0.407593, -0.257080, -0.985108, -9.094240, 17.761230, -10.375976,Cycling
4577855, -0.256592, -0.197632, -0.986938, -8.972170, 11.108396, -10.437010,Cycling
4577875, -0.387817, -0.260254, -0.918335, -6.408690, 2.868652, -7.995604,Cycling
4577895, -0.369385, -0.302124, -0.888428, -1.586914, -5.981444, -4.089356,Cycling
4577915, -0.271851, -0.217773, -0.899170, -6.042480, 5.554198, -1.892090,Cycling
4577935, 0.007568, 0.018066, -0.813110, -4.150392, 0.122070, -5.310058,Cycling
4577955, -0.387207, -0.041626, -1.190308, 8.117676, 25.634760, -2.929687,Cycling
4577975, -0.049561, -0.513672, -0.966187, -2.563476, 31.066890, -11.901852,Cycling
4577995, -0.038208, -0.284912, -0.982178, -6.713866, 15.502928, -4.516602,Cycling
4578015, -0.118774, -0.152222, -0.992188, -6.164550, 16.601568, 1.220704,Cycling
4578035, -0.065796, -0.100830, -1.004394, -5.554198, 12.878416, -3.112792,Cycling
4578055, -0.169556, -0.110718, -0.943726, -2.563476, 7.751464, -10.803220,Cycling
4578075, -0.193848, -0.099121, -0.903198, 0.488281, 2.868652, -11.962890,Cycling
4578095, -0.348389, -0.187988, -0.863892, 2.563476, 1.403808, -8.117676,Cycling
4578115, -0.217285, -0.248901, -0.884278, 0.793457, -2.258301, -10.314940,Cycling
4578135, -0.269409, -0.193359, -0.985474, 5.676268, -2.807617, -10.864256,Cycling
4578155, -0.095093, -0.291016, -0.902100, 1.831054, -3.723144, -10.620116,Cycling
4578175, 0.096802, -0.086792, -0.788086, 7.507323, -17.211920, -13.366696,Cycling
4578195, -0.213501, -0.057129, -1.030274, 14.648436, -8.483890, -12.084960,Cycling
4578215, -0.307983, -0.413940, -1.070801, 12.268064, 8.728030, -13.183590,Cycling
4578235, 0.004272, -0.456421, -0.763672, 8.789064, -4.638672, -13.305660,Cycling
4578255, -0.444946, -0.494751, -0.920898, 8.972170, -11.840818, -6.591796,Cycling
4578275, -0.270020, -0.435669, -0.886597, 4.272462, -11.413570, 0.488281,Cycling
4578295, -0.346436, -0.367066, -0.945679, -0.976562, -15.563964, -2.014160,Cycling
4578315, -0.172607, -0.264526, -0.804077, -0.061035, -23.010250, -7.568358,Cycling
4578335, -0.266235, -0.269287, -0.929199, -3.356933, -20.996090, -10.864256,Cycling
4578355, -0.211792, -0.222290, -0.906738, -4.211426, -17.517090, -13.305660,Cycling
4578375, -0.227417, -0.150513, -1.052490, -2.990722, -12.268064, -10.498044,Cycling
4578395, -0.161499, 0.019287, -1.169922, -1.098633, 3.723144, -8.178714,Cycling
4578415, -0.128540, -0.231201, -1.093018, 3.784179, 2.136231, -11.840818,Cycling
4578435, -0.009644, -0.007813, -1.069214, 2.258301, 1.098633, -8.544924,Cycling
4578455, -0.273926, -0.094482, -1.071412, 6.469726, 2.990722, -4.577638,Cycling
4578475, -0.220459, 0.048340, -1.165039, 0.122070, 18.920900, 1.403808,Cycling
4578495, -0.235352, -0.160034, -1.001099, 4.455568, 17.333990, -9.094240,Cycling
4578515, -0.198853, -0.086304, -1.055176, -4.455568, 20.019532, -6.652830,Cycling
4578535, -0.382568, -0.146484, -1.000732, -2.136231, 20.812980, -6.347656,Cycling
4578555, -0.233765, -0.139771, -0.861450, -1.220704, 17.883300, -8.483890,Cycling
4578575, -0.242554, -0.200684, -0.997437, -7.629394, 9.887696, -3.051757,Cycling
4578595, -0.261108, 0.368774, -1.106079, -6.408690, 15.808104, 8.850100,Cycling
4578615, -0.429932, -0.296387, -0.860718, 8.605960, 27.832030, -3.723144,Cycling
4578635, -0.109985, -0.337524, -0.796997, 1.586914, 19.897460, -4.455568,Cycling
4578655, -0.228760, -0.213379, -1.120240, -4.028321, 19.165040, 8.483890,Cycling
4578675, -0.228149, -0.219360, -0.939820, 3.234863, 32.653820, 13.000484,Cycling
4578715, -0.237183, 0.050781, -1.197144, 1.831054, 14.953610, 17.395020,Cycling
4578735, -0.173340, -0.031372, -0.999512, 12.451170, 26.916500, 14.892576,Cycling
4578755, -0.239502, -0.362915, -0.717041, 17.883300, 5.920409, 2.990722,Cycling
4578775, -0.321167, -0.427856, -0.895020, 10.009768, 1.647949, 8.605960,Cycling
4578795, -0.115356, -0.290405, -0.691772, 14.953610, -2.868652, 13.366696,Cycling
4578815, -0.315186, -0.459961, -0.757324, 16.601568, -9.887696, 14.831540,Cycling
4578835, -0.213745, -0.363770, -0.920044, 5.371092, -6.103514, 17.028810,Cycling
4578855, -0.117920, -0.347046, -0.804932, 6.896972, -15.869140, 10.742184,Cycling
4578875, -0.204712, -0.392700, -0.958740, -7.690428, -13.000484, 9.948730,Cycling
4578895, -0.052002, -0.324219, -0.903931, -11.230468, -14.770504, 4.272462,Cycling
4578915, -0.179688, -0.449707, -0.798462, -10.437010, -20.202630, 0.000000,Cycling
4578935, -0.179932, -0.496338, -0.868042, -17.395020, -21.301268, 3.295898,Cycling
4578955, 0.095093, -0.088623, -0.821778, -18.127448, -25.512690, 6.164550,Cycling
4578975, -0.182983, -0.184937, -1.117920, -3.662109, -7.019042, -2.441407,Cycling
4578995, -0.000610, -0.241577, -1.104004, -12.207030, -3.906249, -6.347656,Cycling
4579015, -0.059814, 0.004883, -1.077759, -3.601074, -5.493162, -4.821778,Cycling
4579035, -0.070557, -0.078247, -1.114990, -0.488281, 7.141112, 0.671386,Cycling
4579055, -0.197388, -0.170288, -1.153686, 1.464844, 10.559080, 1.953124,Cycling
4579075, -0.144897, -0.099731, -1.131714, -4.516602, 12.207030, 5.554198,Cycling
4579095, -0.090576, -0.036133, -0.979492, -3.845214, 7.995604, 4.211426,Cycling
4579115, -0.364868, -0.075195, -1.001343, -0.610352, 3.723144, 6.896972,Cycling
4579135, -0.258545, -0.177979, -0.926636, -5.554198, 12.634276, 2.075196,Cycling
4579155, -0.251953, -0.147705, -0.904419, -7.690428, 1.159668, -2.319336,Cycling
4579175, -0.456787, -0.135742, -0.964112, -6.225584, 7.629394, 1.586914,Cycling
4579195, -0.187866, -0.213989, -0.921509, -15.808104, 13.977050, 2.929687,Cycling
4579215, -0.289673, -0.305664, -0.978882, -11.474608, 16.662600, 5.432128,Cycling
4579235, 0.099243, -0.067627, -0.960449, -20.690910, 15.808104, 12.145992,Cycling
4579255, -0.181030, 0.067261, -1.070435, -10.131832, 16.113284, 14.343260,Cycling
4579275, -0.099121, -0.004272, -1.037476, -9.643556, 21.911620, 11.047360,Cycling
4579295, -0.095459, 0.018555, -1.027100, -3.479003, 15.624996, 6.713866,Cycling
4579315, -0.248535, -0.210083, -0.998779, -1.098633, 15.014646, 4.760742,Cycling
4579335, -0.001587, -0.078491, -0.799805, -4.943848, 5.126952, 5.737304,Cycling
4579355, -0.210693, -0.098877, -0.832398, 14.038084, -10.192870, -0.854492,Cycling
4579375, -0.392578, -0.457642, -0.948853, 9.155274, 6.591796, -0.915527,Cycling
4579395, -0.175415, -0.339356, -0.923706, -4.577638, 6.042480, 6.652830,Cycling
4579415, -0.157471, -0.392334, -0.844727, 1.098633, -2.197266, 5.981444,Cycling
4579435, -0.087158, -0.401245, -0.922974, -7.263182, -3.662109, 9.399414,Cycling
4579455, -0.114502, -0.249878, -0.947388, -12.207030, -4.577638, 15.075680,Cycling
4579475, -0.039795, -0.120239, -0.938477, -15.258788, -4.211426, 15.319820,Cycling
4579495, -0.209595, -0.125488, -0.975464, -5.004884, -9.216310, 7.690428,Cycling
4579515, -0.141480, -0.271118, -0.948975, -7.324218, -1.098633, 1.647949,Cycling
4579535, 0.064697, -0.161743, -0.936402, -6.042480, -11.169430, -2.868652,Cycling
4579555, -0.302368, -0.226929, -1.109253, -4.394532, -10.253904, 7.934570,Cycling
4579575, -0.049683, -0.128906, -1.016480, -3.295898, 2.319336, 10.131832,Cycling
4579595, -0.067017, -0.113770, -1.005982, -1.098633, -1.586914, 11.474608,Cycling
4579615, -0.138306, 0.059204, -1.120850, 1.831054, -2.319336, 16.296390,Cycling
4579635, -0.115479, 0.029419, -1.037598, 9.033204, -0.915527, 11.413570,Cycling
4579655, -0.284790, -0.161865, -1.010620, 16.113284, -4.943848, 3.051757,Cycling
4579675, -0.093262, -0.128662, -1.025635, 2.441407, -3.845214, 2.929687,Cycling
4579695, -0.295288, -0.111816, -0.964966, 15.747068, -5.981444, 11.352536,Cycling
4579715, -0.224976, -0.256714, -0.839356, 7.812498, 0.183105, 9.399414,Cycling
4579735, -0.127319, -0.027222, -0.954346, 1.403808, 0.488281, 10.925290,Cycling
4579755, -0.132446, -0.005737, -1.000122, 4.028321, 9.521484, 11.535644,Cycling
4579775, -0.177002, -0.088135, -0.977783, 9.338380, 12.084960, 11.840818,Cycling
4579795, -0.120361, -0.097900, -0.972290, 1.464844, 11.352536, 14.465330,Cycling
4579815, -0.186646, -0.086304, -0.981201, 8.972170, 13.000484, 12.878416,Cycling
4579835, -0.041382, -0.150879, -0.966309, 2.319336, 12.207030, 12.207030,Cycling
4579855, -0.144775, -0.155273, -1.005249, -0.061035, 13.610836, 14.160152,Cycling
4579875, -0.102417, 0.030884, -1.007935, -3.234863, 10.131832, 15.808104,Cycling
4579895, -0.359375, -0.185913, -1.036988, 13.488768, 12.939450, 7.507323,Cycling
4579915, -0.071411, -0.363525, -0.886475, -0.854492, 11.718748, 3.112792,Cycling
4579935, -0.130615, -0.120117, -0.984619, -2.441407, -6.652830, 6.958006,Cycling
4579955, -0.325684, -0.222656, -0.968384, 3.967285, -4.516602, 6.774902,Cycling
4579975, -0.108032, -0.252808, -0.776856, 9.765626, -14.160152, -1.464844,Cycling
4579995, -0.334106, -0.299072, -0.948975, 4.211426, -29.357908, 3.723144,Cycling
4580015, -0.283203, -0.230957, -0.899048, 7.507323, -21.789548, 6.408690,Cycling
4580035, -0.073120, -0.234863, -0.808106, 14.465330, -27.770990, 2.868652,Cycling
4580055, -0.243897, -0.258423, -0.964600, 10.498044, -15.380856, 7.751464,Cycling
4580075, -0.025024, -0.244629, -0.906250, 12.390136, -6.408690, 7.751464,Cycling
4580095, -0.068237, -0.330688, -0.865723, 7.507323, -16.418460, 5.798338,Cycling
4580115, -0.016235, -0.072632, -0.883667, 5.798338, -13.122556, 7.019042,Cycling
4580135, -0.150635, -0.067993, -1.030762, 10.437010, -3.356933, 3.356933,Cycling
4580155, -0.006836, -0.091675, -1.036133, 8.300784, 4.455568, -2.258301,Cycling
4580175, -0.136597, 0.014282, -1.154663, 2.990722, 6.469726, -3.662109,Cycling
4580195, -0.072388, -0.050903, -1.100708, 10.803220, 18.005376, -5.493162,Cycling
4580215, -0.052612, -0.144775, -1.134888, 4.699708, 22.583000, -5.126952,Cycling
4580235, -0.194702, -0.166138, -1.067505, 8.239746, 19.714360, -0.793457,Cycling
4580255, -0.228760, -0.147949, -1.005005, 5.432128, 21.667476, 5.676268,Cycling
4580275, -0.219238, -0.079712, -0.982788, 9.277344, 17.395020, 8.056642,Cycling
4580295, -0.256226, -0.113770, -0.981568, 8.422854, 14.526364, 6.896972,Cycling
4580315, -0.296509, -0.152588, -1.013916, 7.202148, 15.136716, 7.751464,Cycling
4580335, -0.282227, -0.228027, -0.897583, 4.150392, 15.258788, 8.361816,Cycling
4580355, -0.294800, -0.277222, -0.891602, 4.699708, 7.812498, 7.812498,Cycling
4580375, -0.161011, -0.356323, -0.828003, -0.854492, 7.507323, 8.178714,Cycling
4580395, -0.047485, -0.099243, -0.965820, -9.765626, 3.723144, 10.864256,Cycling
4580415, -0.056152, -0.047974, -1.006836, 1.220704, 6.469726, 10.742184,Cycling
4580435, 0.034546, -0.018311, -1.085816, -2.685546, 12.512204, 9.338380,Cycling
4580455, -0.155029, -0.154297, -1.122070, 1.708984, 18.798830, 7.385252,Cycling
4580475, 0.267212, -0.002563, -0.905640, -0.671386, 7.446288, 5.126952,Cycling
4580495, -0.243652, -0.055664, -0.995972, 13.977050, 2.319336, 2.197266,Cycling
4580515, -0.066528, -0.344116, -1.000854, 4.882814, 14.465330, 0.427246,Cycling
4580535, -0.292236, -0.217041, -1.046875, 5.920409, 9.399414, 7.446288,Cycling
4580555, -0.136475, -0.387940, -0.836426, 8.117676, 15.747068, 7.385252,Cycling
4580575, -0.186890, -0.363037, -0.958130, 3.540038, 9.216310, 4.699708,Cycling
4580595, -0.139038, -0.217407, -0.991211, 5.371092, 10.803220, 9.643556,Cycling
4580615, -0.107788, -0.227539, -0.863404, 11.779784, 7.263182, 10.742184,Cycling
4580635, -0.199585, -0.305664, -0.933106, 11.718748, 2.319336, 9.582520,Cycling
4580655, -0.166992, -0.330933, -0.845703, 13.061520, -1.525878, 6.530760,Cycling
4580675, -0.160034, -0.416870, -0.850952, 12.207030, -6.591796, 2.441407,Cycling
4580695, -0.095337, -0.430908, -0.913086, 6.469726, -6.896972, 4.760742,Cycling
4580715, 0.026001, -0.442261, -0.819702, 4.516602, -13.671872, 4.028321,Cycling
4580735, 0.027710, -0.264160, -0.818115, 3.479003, -17.028810, 4.516602,Cycling
4580755, -0.170166, -0.318604, -0.950195, 1.342773, -14.465330, 3.234863,Cycling
4580775, -0.060303, -0.305420, -0.933472, 1.770019, -10.070800, 4.882814,Cycling
4580795, 0.031006, -0.430908, -0.891236, -0.793457, -9.643556, 2.624511,Cycling
4580815, -0.074341, -0.259644, -0.941895, 1.464844, -16.174320, 4.760742,Cycling
4580835, -0.135376, -0.353760, -1.004517, -0.183105, -9.582520, 7.263182,Cycling
4580855, -0.149780, -0.203125, -1.046020, 3.967285, -15.075680, 6.469726,Cycling
4580875, -0.155884, -0.210205, -0.975708, 6.958006, -15.258788, 4.150392,Cycling
4580895, -0.127564, -0.236816, -1.035156, 3.234863, -8.666994, 0.732422,Cycling
4580915, -0.107056, -0.135010, -1.050538, 3.356933, -10.009768, 3.662109,Cycling
4580935, -0.016846, -0.162109, -0.997314, 4.333496, -7.080076, 3.295898,Cycling
4580955, -0.097046, -0.094116, -1.061402, 2.868652, 4.760742, 5.554198,Cycling
4580975, -0.027222, -0.159302, -1.011475, -0.793457, 4.211426, 3.845214,Cycling
4580995, -0.193237, -0.076660, -1.002808, -0.549316, 6.591796, 8.605960,Cycling
4581015, -0.348145, -0.169434, -0.997437, -0.915527, 13.793944, 7.080076,Cycling
4581035, -0.111938, -0.280640, -0.867432, -3.112792, 11.169430, 5.126952,Cycling
4581055, -0.170410, -0.206055, -0.998779, -7.263182, 10.742184, 7.141112,Cycling
4581075, -0.019409, -0.211792, -1.067383, -12.878416, 8.422854, 5.249022,Cycling
4581175, -0.589234, -0.243530, -1.308228, 4.577638, 24.597160, 31.921380,Cycling
4581195, -0.142456, -0.454712, -0.946778, -0.793457, 23.925780, 22.888180,Cycling
4581215, 0.086426, -0.142944, -0.837036, -2.502442, -1.037598, 20.507810,Cycling
4581235, -0.294556, -0.127441, -0.841675, 5.737304, -3.112792, 18.676760,Cycling
4581255, -0.093506, -0.225342, -0.877197, 1.220704, 0.305176, 11.291500,Cycling
4581275, -0.234131, -0.141846, -0.869873, 4.699708, -5.920409, 6.164550,Cycling
4581295, -0.326904, -0.208130, -1.055176, -2.563476, 10.314940, 9.094240,Cycling
4581315, 0.001099, -0.236328, -0.921631, 1.159668, 10.314940, 5.004884,Cycling
4581335, -0.107666, -0.430664, -0.929077, 0.000000, 5.981444, 3.540038,Cycling
4581355, -0.032715, -0.304443, -0.955811, 1.037598, -0.915527, 11.413570,Cycling
4581375, -0.206909, -0.310181, -0.905152, 3.845214, -2.014160, 18.432620,Cycling
4581395, -0.124634, -0.277588, -0.889648, 2.075196, -5.493162, 16.418460,Cycling
4581415, -0.105225, -0.302490, -0.860108, -0.183105, -7.141112, 12.878416,Cycling
4581435, -0.257080, -0.326904, -0.877442, -1.037598, -11.657712, 9.521484,Cycling
4581455, -0.301148, -0.427856, -0.837402, -3.479003, -11.840818, 7.629394,Cycling
4581475, -0.267090, -0.345337, -0.933960, -5.981444, -16.052250, 3.906249,Cycling
4581495, -0.077515, -0.378662, -0.910767, -7.446288, -20.324700, 0.671386,Cycling
4581515, -0.063354, -0.252686, -0.921509, -8.117676, -27.465816, -0.976562,Cycling
4581535, -0.116821, -0.256226, -0.839478, -2.197266, -28.808590, -1.403808,Cycling
4581555, -0.144043, -0.142090, -0.965088, -1.464844, -20.507810, 4.089356,Cycling
4581575, -0.094971, -0.088867, -0.966797, 5.004884, -11.718748, 0.549316,Cycling
4581595, 0.163452, -0.097900, -1.028686, 6.713866, -7.263182, 0.976562,Cycling
4581615, -0.026489, -0.054321, -0.928345, 12.573240, -16.601568, 0.549316,Cycling
4581635, -0.141602, -0.152222, -1.019043, 8.056642, -6.652830, 2.441407,Cycling
4581655, -0.171875, -0.158203, -0.967529, 3.234863, -5.859374, 1.342773,Cycling
4581675, -0.328735, -0.186523, -0.902832, 3.479003, -5.004884, 2.685546,Cycling
4581695, -0.490356, -0.462769, -0.936768, -3.234863, 10.192870, 0.122070,Cycling
4581715, -0.052368, -0.355835, -0.925781, -16.845708, -0.122070, 4.150392,Cycling
4581835, -0.108887, -0.258057, -1.058960, 1.098633, 15.502928, -4.943848,Cycling
4581855, -0.047485, -0.194824, -1.042969, 2.441407, 3.112792, -0.549316,Cycling
4581875, -0.164673, -0.150513, -0.903931, 5.859374, 2.136231, 6.286620,Cycling
4581895, -0.325562, -0.121948, -0.969116, 4.699708, 4.516602, 2.746581,Cycling
4581915, -0.295654, -0.238647, -0.923828, 7.629394, 8.605960, -5.798338,Cycling
4581935, -0.279541, -0.358398, -0.880860, -0.488281, 14.465330, -6.591796,Cycling
4581955, -0.203980, -0.269287, -0.856934, -1.220704, 0.671386, -0.366211,Cycling
4581975, -0.287720, -0.322510, -0.858887, -0.122070, 3.845214, 3.112792,Cycling
4581995, -0.146729, -0.327759, -0.940918, -9.277344, -0.122070, 5.798338,Cycling
4582015, -0.177368, -0.217163, -0.892578, -6.469726, -6.164550, 7.324218,Cycling
4582035, -0.261108, -0.145264, -0.913818, 1.708984, -7.690428, 7.263182,Cycling
4582055, -0.315918, -0.445557, -0.939942, 2.258301, 0.122070, 6.713866,Cycling
4582075, -0.019897, -0.335816, -0.853150, -4.150392, -10.559080, 7.446288,Cycling
4582095, -0.203491, -0.272095, -0.922608, -4.516602, -7.324218, 10.742184,Cycling
4582115, -0.112183, -0.249146, -0.996704, -8.850100, -5.126952, 9.155274,Cycling
4582135, -0.074707, -0.237549, -0.951050, -6.103514, -5.249022, 4.882814,Cycling
4582155, -0.137085, -0.135254, -0.994629, -5.920409, -4.455568, 0.122070,Cycling
4582175, -0.165894, -0.351563, -0.903320, 1.464844, 0.976562, 0.732422,Cycling
4582195, 0.137817, -0.124756, -0.956055, -7.629394, -5.737304, 0.122070,Cycling
4582215, -0.172119, -0.149048, -1.140137, -0.732422, -4.272462, 1.403808,Cycling
4582235, -0.067505, -0.038208, -0.941895, 0.976562, -3.845214, 0.122070,Cycling
4582255, -0.227295, -0.255615, -0.900879, -0.793457, -8.728030, -0.732422,Cycling
4582275, -0.263062, -0.105103, -1.048218, -2.197266, -5.004884, 3.906249,Cycling
4582335, -0.332520, -0.356445, -1.008912, -5.676268, -9.826660, 7.446288,Cycling
4582355, -0.102417, -0.338989, -0.818970, -27.282710, -11.169430, 5.615234,Cycling
4582375, -0.090576, 0.113892, -0.760498, -5.432128, -24.841304, -3.417968,Cycling
4582395, -0.369629, -0.290649, -1.007202, -0.488281, -6.896972, -3.662109,Cycling
4582415, -0.050415, -0.177124, -1.145996, -18.310550, 12.634276, -3.540038,Cycling
4582435, -0.110596, -0.096313, -1.121338, -11.840818, 5.065916, -7.812498,Cycling
4582515, -0.257690, -0.136841, -1.025635, 10.803220, 3.356933, -1.220704,Cycling
4582535, -0.230835, -0.095093, -1.040406, 4.577638, 12.207030, 1.770019,Cycling
4582555, -0.148804, -0.069092, -0.916748, 10.925290, 11.596676, -1.770019,Cycling
4582575, -0.141113, -0.106323, -0.932129, 8.544924, 6.652830, -4.211426,Cycling
4582595, -0.337036, -0.180786, -1.046143, 9.643556, 12.512204, -5.554198,Cycling
4582615, -0.202637, -0.253540, -0.960694, 4.211426, 12.939450, -5.432128,Cycling
4582635, -0.130859, -0.200684, -0.840332, 0.610352, 6.835936, 0.488281,Cycling
4582655, -0.152954, -0.104614, -0.899536, 5.859374, 0.244141, 0.000000,Cycling
4582675, -0.175049, -0.130737, -1.005616, -0.610352, 5.432128, 1.892090,Cycling
4582695, -0.361572, -0.139404, -0.995484, 10.253904, 5.004884, -0.305176,Cycling
4582715, -0.249390, -0.260132, -0.965576, 5.004884, 8.789064, -0.610352,Cycling
4582735, 0.133789, -0.046631, -0.786743, 7.141112, -11.413570, -2.563476,Cycling
4582775, -0.276367, -0.466675, -0.903198, 17.272950, 1.098633, -7.568358,Cycling
4582795, -0.149414, -0.384888, -0.970215, 1.098633, 0.671386, 0.854492,Cycling
4582815, -0.130981, -0.128784, -0.979126, 3.967285, 6.958006, 7.507323,Cycling
4582835, -0.182861, -0.347168, -1.026490, 5.554198, 10.681150, 2.990722,Cycling
4582855, -0.018677, -0.239868, -0.978028, -2.197266, 5.249022, 4.150392,Cycling
4582875, -0.124146, -0.013550, -0.954834, 0.915527, -2.746581, 5.371092,Cycling
4582895, -0.262940, -0.072022, -1.010132, 4.882814, 2.197266, 4.150392,Cycling
4582915, -0.020508, -0.167603, -0.878174, 0.854492, 1.464844, -2.929687,Cycling
4582935, -0.142456, -0.041626, -0.940308, 3.479003, -12.329100, -5.737304,Cycling
4582955, -0.348022, -0.260376, -0.983276, 2.197266, -1.525878, -5.615234,Cycling
4582975, -0.102295, -0.337646, -0.913452, -5.187988, -3.417968, -11.413570,Cycling
4582995, -0.131348, -0.364258, -0.841431, -2.563476, -13.671872, -14.038084,Cycling
4583015, -0.143188, -0.235230, -0.909546, -9.582520, -13.427732, -6.774902,Cycling
4583035, -0.225220, -0.224609, -0.920654, -2.258301, -12.145992, -7.324218,Cycling
4583055, -0.078369, -0.265015, -0.936646, -4.150392, -9.216310, -13.122556,Cycling
4583075, -0.111572, -0.227295, -1.049194, -5.676268, -8.300784, -17.822270,Cycling
4583095, -0.136597, -0.395874, -0.965454, -3.906249, -9.521484, -19.836430,Cycling
4583115, -0.064697, -0.343018, -0.832154, 1.037598, -19.165040, -16.357424,Cycling
4583135, -0.089966, -0.247192, -0.900146, 1.586914, -16.418460, -9.338380,Cycling
4583155, -0.286377, -0.325073, -0.979858, 3.662109, -15.136716, -10.498044,Cycling
4583175, -0.200317, -0.288086, -0.900024, 4.455568, -18.920900, -7.690428,Cycling
4583195, -0.287964, -0.174316, -0.920166, 4.760742, -20.080560, -6.713866,Cycling
4583215, -0.268799, -0.380127, -0.876465, 6.591796, -10.253904, -12.878416,Cycling
4583235, -0.111694, -0.305054, -0.928345, 2.990722, -18.310550, -13.793944,Cycling
4583255, -0.304321, -0.222168, -1.019165, 1.159668, -12.451170, -8.789064,Cycling
4583275, -0.221680, -0.174927, -0.981201, -1.892090, -9.216310, -11.840818,Cycling
4583295, -0.140625, -0.144775, -0.992432, -3.845214, -8.483890, -16.357424,Cycling
4583315, -0.206909, -0.232422, -0.956909, 0.366211, -5.859374, -21.179192,Cycling
4583335, 0.020386, -0.162476, -0.929932, 0.732422, -4.089356, -14.587400,Cycling
4583355, -0.076904, -0.087646, -1.197632, -6.713866, 8.728030, -6.835936,Cycling
4583375, -0.011353, -0.031128, -0.970337, -2.502442, 1.159668, -12.695310,Cycling
4583395, -0.123901, -0.031494, -0.932862, 4.333496, -9.033204, -13.000484,Cycling
4583415, -0.268433, -0.098999, -1.053955, 0.244141, 7.324218, -10.498044,Cycling
4583435, -0.276245, -0.339356, -0.987671, -0.671386, 9.338380, -15.747068,Cycling
4583455, -0.167480, -0.347900, -0.901367, -5.615234, 10.253904, -9.887696,Cycling
4583475, -0.292969, -0.302734, -0.946533, -8.056642, 8.117676, -7.812498,Cycling
4583495, -0.187988, -0.189331, -0.944092, -7.019042, 2.807617, -6.225584,Cycling
4583515, -0.284546, -0.192383, -0.947266, -3.540038, 6.286620, -8.605960,Cycling
4583535, -0.311157, -0.239624, -1.031494, 0.366211, 9.765626, -7.446288,Cycling
4583555, -0.091675, -0.230469, -0.974610, 3.845214, 9.887696, -2.197266,Cycling
4583595, -0.131104, -0.161255, -0.974854, 5.981444, 5.920409, -2.929687,Cycling
4583615, -0.275269, -0.204468, -1.006226, 7.507323, 11.413570, -1.892090,Cycling
4583635, -0.109619, -0.271729, -0.900757, 6.347656, 9.948730, -3.662109,Cycling
4583655, -0.173828, -0.208496, -0.944336, 6.347656, 7.446288, -1.098633,Cycling
4583675, -0.126343, -0.221191, -0.921875, 3.601074, 9.521484, 1.831054,Cycling
4583695, -0.135376, -0.117798, -1.008545, 1.342773, 5.737304, -0.549316,Cycling
4583715, -0.039917, -0.194336, -0.958618, -0.183105, 4.455568, -5.310058,Cycling
4583735, -0.025146, -0.047852, -1.034546, -2.014160, 0.366211, -6.286620,Cycling
4583755, -0.114136, -0.285522, -0.947510, -1.708984, 10.681150, -10.803220,Cycling
4583775, -0.507202, -0.173950, -1.208008, -12.878416, 4.638672, 4.577638,Cycling
4583795, 0.033569, -0.607056, -0.435059, 2.868652, -15.014646, -12.878416,Cycling
4583815, -0.101563, -0.392334, -0.696778, -2.868652, -58.349600, -20.629880,Cycling
4583835, -0.811035, -0.210815, -1.191406, -2.868652, -28.442380, 8.178714,Cycling
4583855, -0.195435, -0.170898, -1.120362, -15.502928, 4.272462, 14.160152,Cycling
4583875, -0.156372, -0.197388, -0.841064, -12.878416, -4.394532, -1.892090,Cycling
4583895, -0.149292, 0.063721, -0.965942, -9.582520, -13.854978, 1.525878,Cycling
4583915, -0.164551, -0.060913, -0.968750, 2.502442, -11.108396, 0.854492,Cycling
4583935, -0.337036, -0.232178, -1.009400, 1.586914, -3.784179, -3.540038,Cycling
4583955, -0.089966, -0.209106, -1.066528, -3.662109, 9.338380, 1.342773,Cycling
4583975, 0.012085, 0.098999, -1.193726, -0.488281, 10.620116, 7.690428,Cycling
4584155, -0.030518, 0.005005, -0.968994, 2.807617, 20.019532, 14.343260,Cycling
4584175, -0.220337, -0.152832, -1.031250, 5.371092, 20.996090, 15.930172,Cycling
4584195, -0.061279, 0.030273, -1.038330, 8.728030, 21.423332, 17.456060,Cycling
4584215, -0.251587, -0.082764, -1.088990, 18.676760, 25.573724, 21.057124,Cycling
4584235, -0.090088, -0.215698, -0.965698, 19.836430, 29.724120, 19.531250,Cycling
4584255, -0.278931, -0.295776, -0.996338, 17.578130, 21.545408, 19.165040,Cycling
4584275, -0.151978, -0.232910, -0.901123, 16.662600, 18.310550, 20.446770,Cycling
4584295, -0.237915, -0.277344, -0.864380, 18.188480, 20.263670, 16.479492,Cycling
4584315, -0.032227, -0.282593, -0.839966, 13.244628, 16.357424, 15.319820,Cycling
4584335, -0.208740, -0.211060, -0.873535, 13.916012, 9.277344, 13.122556,Cycling
4584355, -0.336304, -0.372437, -0.879517, 10.131832, 9.582520, 11.535644,Cycling
4584375, -0.261475, -0.459595, -0.736206, 7.141112, 14.282224, 8.300784,Cycling
4584395, -0.120483, -0.427124, -0.795166, 1.037598, -3.479003, 13.916012,Cycling
4584415, -0.162231, -0.436279, -0.856568, 0.732422, 5.371092, 17.272950,Cycling
4584435, -0.039917, -0.415527, -0.815796, -5.737304, -2.197266, 17.395020,Cycling
4584455, -0.043457, -0.245972, -0.892578, -12.695310, -6.286620, 20.019532,Cycling
4584475, -0.151855, -0.213379, -0.994873, -4.699708, 7.141112, 10.925290,Cycling
4584495, 0.089233, -0.396973, -0.947754, -7.812498, 1.647949, 6.408690,Cycling
4584515, 0.089478, -0.165039, -0.983154, -0.183105, -14.099120, 2.319336,Cycling
4584535, -0.047241, -0.168823, -1.096070, -2.441407, -11.535644, 9.094240,Cycling
4584555, -0.100952, -0.142334, -0.945435, 8.422854, -12.268064, 5.004884,Cycling
4584575, -0.198853, -0.256714, -1.000977, 0.793457, -8.789064, 8.178714,Cycling
4584595, -0.099243, -0.151855, -0.992310, 4.394532, -3.723144, 6.713866,Cycling
4584615, -0.070679, -0.250000, -0.921265, 2.685546, 0.305176, 6.835936,Cycling
4584635, -0.147339, -0.291138, -0.969360, 0.610352, -1.220704, 8.911134,Cycling
4584655, -0.103272, -0.113403, -1.015381, 0.061035, 6.713866, 15.380856,Cycling
4584675, -0.141357, -0.154175, -1.012696, 0.305176, 6.713866, 10.986324,Cycling
4584695, -0.054932, -0.050049, -1.031616, -0.488281, 1.831054, 11.230468,Cycling
4584715, -0.252197, -0.110107, -1.029786, 5.493162, 3.906249, 7.202148,Cycling
4584735, -0.209595, -0.242920, -0.970947, 4.760742, 11.169430, 8.178714,Cycling
4584755, -0.256348, -0.287842, -1.056641, -0.854492, 15.136716, 8.117676,Cycling
4584775, -0.117065, -0.301148, -0.945923, -4.394532, 13.916012, 10.742184,Cycling
4584795, -0.105591, -0.200317, -0.835694, -6.103514, -0.061035, 14.343260,Cycling
4584815, -0.354492, -0.314209, -0.883057, -1.159668, 4.577638, 10.437010,Cycling
4584835, -0.133301, -0.345337, -0.892944, -8.544924, 4.028321, 16.662600,Cycling
4584855, -0.143066, -0.147217, -0.942505, -11.535644, 7.019042, 17.822270,Cycling
4584875, 0.035278, -0.184448, -1.051392, -6.835936, 18.493652, 15.869140,Cycling
4584895, -0.032715, -0.263794, -1.113160, -1.159668, 17.150880, 11.169430,Cycling
4584915, -0.019043, -0.331909, -1.061402, -7.202148, 15.380856, 17.761230,Cycling
4584935, -0.007202, -0.134644, -0.980469, -3.295898, 3.051757, 19.531250,Cycling
4584955, -0.131348, -0.165283, -0.946533, 1.098633, -2.624511, 17.883300,Cycling
4584975, -0.185303, -0.221191, -0.965210, 8.728030, 3.723144, 11.413570,Cycling
4584995, -0.090454, -0.249023, -0.972412, 1.403808, 2.441407, 13.122556,Cycling
4585015, -0.066162, -0.094360, -0.937500, 6.042480, -5.249022, 13.366696,Cycling
4585035, -0.270386, -0.225952, -0.920288, 11.596676, -1.586914, 5.187988,Cycling
4585055, -0.222412, -0.415405, -0.852783, 11.352536, 3.051757, 3.967285,Cycling
4585075, -0.093140, -0.338867, -0.855835, 0.183105, -2.990722, 13.671872,Cycling
4585095, -0.262207, -0.469238, -0.890381, 5.493162, 0.854492, 10.131832,Cycling
4585115, -0.131348, -0.528564, -0.748413, -3.479003, -7.324218, 10.253904,Cycling
4585135, 0.180298, -0.202271, -0.794068, -10.742184, -20.812980, 11.779784,Cycling
4585155, -0.544922, -0.306274, -1.142700, -2.807617, -11.230468, 17.456060,Cycling
4585175, 0.040894, -0.253662, -1.030030, -12.207030, 12.878416, 21.362300,Cycling
4585195, -0.022095, -0.346436, -0.916504, -6.774902, -11.352536, 7.629394,Cycling
4585215, 0.054077, -0.265991, -0.759522, -10.498044, -27.832030, 13.061520,Cycling
4585235, -0.283447, -0.213501, -1.021118, -6.408690, -25.878900, 10.070800,Cycling
4585255, -0.072144, -0.290161, -1.013672, -12.878416, -9.460450, 12.695310,Cycling
4585275, 0.088867, -0.115845, -0.900757, -9.033204, -25.207516, 9.094240,Cycling
4585295, -0.172363, -0.082275, -0.975342, -5.432128, -18.676760, 6.835936,Cycling
4585315, -0.065552, -0.201538, -1.052734, -5.004884, -14.709470, -0.305176,Cycling
4585335, -0.174316, -0.247559, -1.059326, -3.417968, -13.244628, 1.220704,Cycling
4585435, -0.225220, -0.238770, -0.943360, -2.685546, -6.225584, 0.915527,Cycling
4585455, -0.082764, -0.058838, -0.923340, -1.342773, -10.925290, 0.488281,Cycling
4585475, -0.252808, -0.072754, -1.114624, 1.647949, -4.211426, -2.868652,Cycling
4585495, -0.019043, -0.055054, -1.065308, 2.197266, 2.502442, -4.577638,Cycling
4585515, -0.281616, -0.119751, -1.107300, 5.737304, 1.831054, -3.234863,Cycling
4585535, 0.008911, -0.049072, -1.011963, 5.493162, 4.699708, 0.000000,Cycling
4585555, -0.156128, -0.049072, -1.025879, 12.695310, 0.366211, 1.586914,Cycling
4585575, -0.252564, -0.178345, -1.039673, 11.108396, 12.939450, 2.624511,Cycling
4585595, -0.161011, -0.079224, -1.042969, 7.202148, 2.136231, 5.065916,Cycling
4585615, -0.413940, -0.231445, -0.924194, 13.916012, 12.207030, 0.549316,Cycling
4585635, -0.104492, -0.266480, -0.894531, 4.821778, 5.371092, -1.220704,Cycling
4585655, -0.225708, -0.126709, -1.018188, 8.972170, 1.098633, -0.305176,Cycling
4585675, -0.153320, -0.133179, -0.949341, 4.699708, 11.230468, 2.807617,Cycling
4585695, -0.308106, -0.205933, -0.894654, 10.925290, 6.835936, 0.671386,Cycling
4585715, -0.254517, -0.118164, -1.011108, 4.577638, 10.437010, 6.835936,Cycling
4585735, -0.336182, -0.314453, -0.792847, 16.662600, -5.554198, -3.356933,Cycling
4585755, -0.564697, -0.566528, -0.800904, 5.859374, -18.859868, -1.831054,Cycling
4585775, -0.147705, -0.402100, -0.756104, 3.051757, -21.057124, 2.502442,Cycling
4585795, -0.205200, -0.186035, -0.868164, -1.098633, -23.376460, -0.183105,Cycling
4585815, -0.135254, -0.180298, -0.921143, 3.112792, -19.348150, -8.666994,Cycling
4585835, 0.003418, -0.150879, -1.085938, 0.427246, -7.019042, -9.765626,Cycling
4585855, 0.011841, -0.171143, -1.071167, 7.080076, -7.507323, -14.770504,Cycling
4585875, 0.132935, -0.105469, -1.073364, 7.629394, 5.615234, -9.277344,Cycling
4585895, -0.015625, -0.131226, -1.196412, 13.305660, 16.418460, -8.789064,Cycling
4585915, 0.233643, -0.111816, -1.205811, 15.502928, 22.521970, -1.770019,Cycling
4585935, -0.039185, 0.007080, -1.154297, 19.470220, 22.460930, 1.037598,Cycling
4585955, -0.223755, -0.113647, -1.026612, 18.920900, 40.405260, 4.333496,Cycling
4585975, -0.309692, -0.167603, -0.974243, 17.089850, 35.827640, 3.906249,Cycling
4585995, -0.345703, -0.137085, -1.032471, 12.084960, 36.376960, 5.737304,Cycling
4586015, -0.308838, -0.135254, -1.025146, 7.263182, 32.226570, 8.117676,Cycling
4586035, -0.369385, -0.237061, -1.001099, 4.272462, 32.958990, 7.995604,Cycling
4586055, -0.217773, -0.218262, -0.962524, 2.807617, 28.198240, 11.474608,Cycling
4586075, -0.238403, -0.104980, -0.960938, 3.784179, 20.019532, 17.211920,Cycling
4586095, -0.183228, -0.130859, -0.945801, 4.333496, 19.714360, 18.737796,Cycling
4586115, -0.121826, -0.130737, -0.897461, 8.300784, 12.390136, 17.333990,Cycling
4586135, -0.236694, -0.290405, -0.971680, 7.568358, 26.184080, 14.282224,Cycling
4586155, 0.056396, -0.250732, -0.851196, 8.422854, 19.287110, 14.160152,Cycling
4586175, -0.286499, -0.473022, -0.865479, 10.070800, 24.169920, 14.831540,Cycling
4586195, -0.011719, -0.547974, -0.751465, 9.521484, 20.751950, 15.441892,Cycling
4586215, -0.115723, -0.483887, -0.798706, 8.422854, 4.455568, 20.080560,Cycling
4586235, -0.110962, -0.447144, -0.883301, 6.286620, 12.145992, 19.531250,Cycling
4586255, -0.067261, -0.586304, -0.890625, 0.915527, 6.591796, 15.014646,Cycling
4586275, -0.029663, -0.502075, -0.804566, -0.915527, -3.295898, 14.465330,Cycling
4586295, -0.149048, -0.458862, -0.739868, -1.586914, -14.526364, 11.779784,Cycling
4586315, -0.086914, -0.410889, -0.704224, 0.244141, -21.362300, 7.690428,Cycling
4586335, -0.204224, -0.399780, -0.942017, -2.746581, -17.150880, 6.469726,Cycling
4586355, -0.051025, -0.347778, -0.968750, -1.953124, -18.554690, 8.117676,Cycling
4586395, -0.026367, -0.283691, -0.912110, -1.281738, -19.958500, 5.920409,Cycling
4586415, -0.063843, -0.185059, -1.069702, 2.197266, -13.732908, 9.033204,Cycling
4586435, -0.051025, -0.221436, -1.030518, 7.202148, -8.544924, 11.474608,Cycling
4586455, 0.123657, -0.091675, -1.052856, 5.920409, -11.962890, 16.479492,Cycling
4586475, -0.217163, -0.092407, -1.172974, 4.272462, -5.065916, 14.587400,Cycling
4586495, -0.084229, -0.079468, -1.014038, 4.028321, 0.183105, 11.779784,Cycling
4586515, -0.224243, -0.138916, -1.002930, 0.122070, -3.479003, 7.751464,Cycling
4586535, -0.204224, -0.225708, -0.944946, -0.793457, -1.770019, 5.004884,Cycling
4586555, -0.364502, -0.200806, -1.186036, -10.681150, 10.986324, 14.648436,Cycling
4586575, -0.264160, -0.303955, -0.990601, -12.695310, 18.554690, 14.648436,Cycling
4586595, 0.029175, -0.199463, -0.940796, -12.512204, 5.554198, 17.639160,Cycling
4586615, -0.178101, -0.044067, -1.098877, -8.666994, 4.943848, 20.507810,Cycling
4586635, -0.137085, -0.036865, -1.114624, -4.394532, 5.065916, 14.282224,Cycling
4586655, -0.105591, -0.103027, -1.033570, 1.953124, 14.099120, 11.779784,Cycling
4586675, -0.045654, -0.154907, -0.966797, 7.934570, 10.803220, 13.305660,Cycling
4586695, -0.128662, -0.201416, -0.943970, 12.145992, 14.038084, 18.310550,Cycling
4586715, -0.186768, -0.286743, -0.938721, 12.451170, 18.249516, 19.409180,Cycling
4586735, -0.139282, -0.193115, -0.961670, 9.826660, 13.549804, 23.010250,Cycling
4586755, -0.254639, -0.277344, -0.874268, 10.925290, 19.165040, 14.526364,Cycling
4586775, -0.073120, -0.366089, -0.816895, 7.324218, 15.441892, 15.197750,Cycling
4586795, -0.143311, -0.271362, -0.864014, 5.554198, 7.080076, 12.817380,Cycling
4586815, -0.153931, -0.312622, -0.931641, 0.183105, 13.305660, 15.258788,Cycling
4586835, -0.169312, -0.272827, -0.899658, 0.732422, 13.549804, 17.028810,Cycling
4586855, -0.073975, -0.285400, -0.900879, 3.112792, 14.465330, 16.174320,Cycling
4586875, -0.080078, -0.474487, -0.803955, 4.150392, 17.517090, 15.930172,Cycling
4586895, -0.063599, -0.547363, -0.754150, 1.281738, 5.920409, 16.967780,Cycling
4586915, -0.222534, -0.483643, -0.854248, -2.685546, 1.403808, 19.775390,Cycling
4586935, -0.034546, -0.491943, -0.739258, -0.488281, -4.821778, 19.470220,Cycling
4586955, -0.229614, -0.373901, -0.880371, -3.173828, -19.042970, 19.653320,Cycling
4586975, -0.127808, -0.418213, -0.847046, -4.577638, -14.770504, 16.052250,Cycling
4586995, -0.076172, -0.475952, -0.860230, -8.117676, -12.878416, 10.009768,Cycling
4587015, 0.063721, -0.283203, -0.990356, -8.544924, -18.798830, 11.962890,Cycling
4587035, -0.207520, -0.346314, -0.990234, -0.061035, -12.756344, 9.521484,Cycling
4587055, 0.105713, -0.264893, -0.876099, 5.859374, -20.568840, 8.605960,Cycling
4587075, -0.077881, -0.222656, -1.000610, 5.554198, -20.263670, 10.559080,Cycling
4587095, 0.031250, -0.163574, -1.098511, 7.202148, -12.145992, 17.211920,Cycling
4587115, -0.142090, -0.199463, -1.120240, 5.676268, -4.577638, 13.488768,Cycling
4587135, 0.010620, -0.241333, -0.972290, 3.051757, -8.361816, 9.033204,Cycling
4587155, -0.219482, -0.229736, -1.005738, -0.427246, -10.437010, 3.295898,Cycling
4587175, -0.208252, -0.310669, -0.960449, -3.845214, -10.498044, 2.990722,Cycling
4587195, -0.217407, -0.099243, -0.980957, -2.441407, -19.897460, 5.126952,Cycling
4587215, -0.294556, -0.165283, -1.015137, -1.098633, -7.690428, 0.244141,Cycling
4587235, -0.159058, -0.271729, -0.974976, -6.530760, -8.605960, -2.258301,Cycling
4587255, 0.031738, -0.058228, -0.915161, -9.521484, -23.071284, 1.098633,Cycling
4587275, -0.505249, -0.296143, -0.908325, 5.920409, -2.868652, -5.432128,Cycling
4587295, -0.148315, -0.530640, -0.957031, -8.972170, 3.967285, 1.220704,Cycling
4587315, -0.170166, -0.291016, -0.948730, -5.798338, -2.746581, 4.272462,Cycling
4587335, -0.102905, -0.417358, -0.846558, -4.211426, -6.713866, 9.155274,Cycling
4587355, -0.245361, -0.393555, -0.957398, -6.347656, -8.117676, 11.169430,Cycling
4587375, 0.014648, -0.280762, -0.882202, -10.559080, -11.596676, 15.136716,Cycling
4587395, -0.218994, -0.216064, -0.916016, -3.845214, -15.441892, 11.352536,Cycling
4587415, -0.187988, -0.259522, -0.932129, -2.258301, -6.042480, 8.605960,Cycling
4587435, -0.150269, -0.359375, -0.884033, 0.915527, -4.760742, 0.854492,Cycling
4587455, -0.188477, -0.392822, -0.927856, -3.662109, -11.413570, 3.845214,Cycling
4587475, -0.239502, -0.384644, -0.881470, -2.136231, -11.291500, 5.249022,Cycling
4587495, -0.260986, -0.470093, -0.755005, 3.173828, -32.714850, 2.014160,Cycling
4587515, -0.294678, -0.383057, -0.884278, -6.042480, -32.165540, 7.263182,Cycling
4587535, -0.167603, -0.318237, -0.844849, -1.708984, -28.076170, 5.126952,Cycling
4587555, -0.083740, -0.320190, -0.902588, -8.911134, -18.798830, 0.061035,Cycling
4587575, -0.247192, -0.252441, -0.999390, -4.272462, -15.686032, -1.953124,Cycling
4587595, -0.116333, -0.298462, -1.012574, -18.493652, -1.159668, -3.845214,Cycling
4587615, -0.080811, -0.146851, -1.112427, -8.300784, -15.808104, -6.225584,Cycling
4587635, -0.191406, -0.213623, -1.094116, -16.296390, -1.525878, -8.972170,Cycling
4587655, -0.166504, -0.177856, -1.002686, -2.136231, -13.916012, -14.099120,Cycling
4587675, -0.169678, -0.215088, -0.979004, 0.671386, -10.986324, -10.925290,Cycling
4587695, -0.365479, -0.214233, -1.144898, -1.708984, -9.033204, -3.845214,Cycling
4587715, -0.198608, -0.171265, -1.041016, -3.173828, -7.568358, -1.770019,Cycling
4587735, -0.262329, -0.131348, -0.871094, 5.004884, -13.427732, -5.859374,Cycling
4587755, -0.214844, -0.124023, -0.959961, -0.549316, -9.765626, -4.150392,Cycling
4587775, -0.336548, -0.048950, -0.949341, -1.708984, -2.502442, -0.732422,Cycling
4587795, -0.179443, -0.110107, -0.942017, -5.920409, 7.507323, -11.840818,Cycling
4587815, -0.044556, 0.011108, -1.113892, -9.826660, 4.394532, -14.099120,Cycling
4587835, -0.264526, -0.153931, -1.107300, -7.812498, 24.108880, -17.333990,Cycling
4587855, -0.063477, -0.240601, -1.071412, -13.916012, 20.812980, -15.441892,Cycling
4587875, -0.048462, -0.103149, -1.024048, -8.422854, 11.718748, -11.657712,Cycling
4587895, -0.341919, -0.098755, -1.179566, -12.878416, 19.104010, -7.568358,Cycling
4587915, -0.189697, -0.108643, -0.965454, -7.263182, 0.488281, -8.544924,Cycling
4587935, -0.442139, -0.111206, -1.001465, -0.854492, 14.343260, -5.676268,Cycling
4587955, -0.295776, -0.227783, -0.879150, -0.427246, 23.010250, -4.455568,Cycling
4587975, -0.265137, -0.199097, -0.860718, 1.770019, 18.981940, -3.479003,Cycling
4587995, -0.284302, -0.145630, -1.003784, 3.784179, 22.338860, -0.122070,Cycling
4588015, -0.268799, -0.239990, -0.956299, 3.540038, 19.042970, 0.671386,Cycling
4588035, -0.342896, -0.218750, -0.921387, 5.249022, 13.000484, 0.061035,Cycling
4588055, -0.119873, -0.268799, -0.820557, 5.981444, 2.624511, -2.868652,Cycling
4588075, -0.261108, -0.249390, -0.955566, 6.591796, 5.004884, 0.305176,Cycling
4588095, -0.021240, -0.184692, -1.033081, -0.244141, 15.930172, 5.798338,Cycling
4588115, -0.093262, -0.130249, -0.948853, 6.286620, 15.686032, 5.676268,Cycling
4588135, -0.179810, -0.220215, -1.025635, 5.737304, 22.644040, 8.239746,Cycling
4588155, -0.139893, -0.115967, -1.034546, 12.390136, 21.484370, 6.774902,Cycling
4588175, -0.133667, -0.222412, -0.992920, 11.962890, 24.536130, 9.155274,Cycling
4588195, -0.069824, -0.071045, -0.916748, 15.747068, 15.624996, 9.277344,Cycling
4588215, -0.506470, -0.312866, -1.028931, 14.587400, 25.085448, 7.629394,Cycling
4588235, -0.121948, -0.319092, -0.851685, 10.314940, 24.597160, 7.385252,Cycling
4588255, -0.317017, -0.363892, -0.870362, 5.004884, 8.178714, 9.033204,Cycling
4588275, -0.230957, -0.131470, -0.885986, 1.403808, 6.835936, 16.662600,Cycling
4588295, -0.246338, -0.207642, -0.829712, 5.432128, 4.272462, 8.911134,Cycling
4588315, -0.146240, -0.242554, -0.969849, 2.258301, 7.934570, 5.432128,Cycling
4588335, 0.133789, 0.058960, -1.014160, 2.380371, -0.976562, 9.826660,Cycling
4588355, -0.110840, -0.484741, -0.804688, 9.460450, 22.277830, 0.610352,Cycling
4588375, 0.043701, -0.317017, -0.901123, -1.037598, -1.770019, 5.676268,Cycling
4588455, -0.055542, -0.216675, -0.833496, -2.136231, -15.869140, 7.751464,Cycling
4588475, -0.223145, -0.355469, -0.837646, 4.333496, -11.596676, 4.150392,Cycling
4588495, -0.068115, -0.346558, -0.985352, 3.417968, -13.549804, 3.967285,Cycling
4588515, -0.036987, -0.420532, -0.895630, 10.742184, -14.465330, 2.014160,Cycling
4588535, 0.001709, -0.337524, -0.936279, 10.498044, -20.324700, 3.967285,Cycling
4588555, -0.033936, -0.319580, -0.964112, 8.422854, -15.197750, 2.929687,Cycling
4588575, -0.192749, -0.393921, -0.951172, 9.094240, -15.502928, -2.258301,Cycling
4588595, -0.082642, -0.320068, -0.916748, 9.155274, -20.507810, 1.098633,Cycling
4588615, -0.231567, -0.256470, -0.904053, 10.314940, -12.817380, 3.540038,Cycling
4588635, -0.266480, -0.337036, -1.010498, 5.554198, -8.361816, 2.441407,Cycling
4588655, -0.121704, -0.304688, -0.964356, 3.356933, -8.422854, 4.943848,Cycling
4588675, -0.333984, -0.231323, -1.000122, -0.122070, -11.779784, 6.591796,Cycling
4588695, -0.064819, -0.089233, -1.081177, -2.624511, -7.324218, 11.596676,Cycling
4588715, -0.406128, -0.026123, -1.105469, -2.807617, 8.789064, 7.751464,Cycling
4588735, 0.103882, -0.221802, -0.886597, 0.000000, 5.920409, 0.000000,Cycling
4588755, -0.326782, -0.133667, -1.060425, -0.122070, 0.610352, 1.708984,Cycling
4588775, -0.242065, -0.242798, -1.102784, -5.737304, 17.639160, 8.056642,Cycling
4588795, -0.174194, -0.191040, -1.091675, -7.751464, 17.150880, 7.690428,Cycling
4588915, -0.173340, -0.207642, -1.001587, -2.319336, 14.099120, 9.155274,Cycling
4588935, -0.262451, -0.416626, -0.880493, 2.563476, 20.263670, 8.544924,Cycling
4588955, -0.005737, -0.359253, -0.826172, 2.502442, 6.591796, 13.122556,Cycling
4588975, -0.316895, -0.296997, -0.905762, 3.967285, -2.075196, 15.502928,Cycling
4588995, -0.143066, -0.380127, -0.793579, 4.394532, 3.906249, 13.488768,Cycling
4589015, -0.232300, -0.278442, -0.932617, 1.831054, -7.385252, 15.380856,Cycling
4589035, -0.148315, -0.312866, -0.862061, 0.427246, -3.295898, 12.634276,Cycling
4589055, -0.030640, -0.307007, -0.809570, -1.281738, -9.399414, 9.765626,Cycling
4589075, 0.018799, -0.240479, -0.856812, 4.272462, -13.793944, 5.004884,Cycling
4589095, -0.055176, -0.142700, -1.078247, 4.089356, -4.394532, 10.253904,Cycling
4589115, 0.012817, -0.130127, -0.964112, 8.178714, -1.037598, 9.399414,Cycling
4589135, -0.130615, -0.115601, -1.091064, 5.249022, 8.422854, 9.155274,Cycling
4589155, 0.045288, -0.236938, -0.971924, 7.751464, 9.643556, 8.117676,Cycling
4589175, -0.126099, -0.237793, -1.046387, 6.469726, 12.268064, 11.901852,Cycling
4589195, -0.108643, -0.279907, -0.897339, 7.385252, 7.202148, 14.160152,Cycling
4589215, -0.337036, -0.280274, -0.904419, 5.493162, 2.990722, 15.319820,Cycling
4589235, -0.240112, -0.346680, -0.869019, -5.493162, -7.568358, 10.009768,Cycling
4589255, -0.307007, -0.300049, -0.848145, -8.300784, -11.901852, 2.563476,Cycling
4589275, -0.184570, -0.354858, -0.858887, -12.512204, -12.329100, -1.770019,Cycling
4589295, -0.175781, -0.297485, -0.908447, -17.150880, -7.202148, -4.455568,Cycling
4589315, -0.208374, -0.394043, -0.886597, -16.113284, -0.427246, -11.108396,Cycling
4589375, -0.015747, -0.198608, -0.988526, -3.601074, -8.483890, -22.644040,Cycling
4589415, -0.120728, -0.429688, -0.870972, -3.234863, -23.498530, -20.629880,Cycling
4589455, -0.219605, -0.429688, -0.916626, 1.892090, -21.972650, -17.150880,Cycling
4589475, -0.121704, -0.425781, -0.983765, -6.164550, -21.667476, -13.610836,Cycling
4589495, -0.117920, -0.366699, -0.793213, -4.516602, -33.691410, -11.169430,Cycling
4589515, -0.208008, -0.412964, -0.960571, -10.009768, -20.812980, -5.859374,Cycling
4589535, -0.163452, -0.284790, -1.024048, -13.061520, -19.042970, -4.638672,Cycling
4589555, -0.112793, -0.202759, -0.981445, -10.253904, -20.507810, -1.525878,Cycling
4589575, -0.224121, -0.111328, -1.042969, -9.826660, -16.113284, -0.427246,Cycling
4589675, -0.078247, -0.020264, -1.110108, -4.943848, 19.226080, 8.300784,Cycling
4589695, -0.242432, -0.038574, -1.060425, -4.516602, 19.287110, 11.352536,Cycling
4589715, -0.302002, -0.069336, -1.058472, -4.272462, 20.080560, 6.347656,Cycling
4589735, -0.189941, -0.088135, -1.035644, -9.155274, 21.484370, 0.427246,Cycling
4589755, -0.285645, -0.102661, -1.010986, -7.812498, 17.578130, 0.976562,Cycling
4589775, -0.312134, -0.095581, -1.002930, -8.605960, 22.460930, 6.713866,Cycling
4589795, -0.235840, -0.083618, -0.960449, -7.141112, 22.338860, 9.338380,Cycling
4589815, -0.149536, -0.065796, -0.974487, -6.408690, 27.709956, 5.554198,Cycling
4589835, -0.161499, -0.148682, -1.016236, -2.624511, 25.207516, 2.258301,Cycling
4589855, -0.136841, -0.209229, -0.911255, 5.432128, 22.033690, 5.737304,Cycling
4589875, -0.236572, -0.355469, -0.870606, 7.568358, 20.202630, 7.568358,Cycling
4589895, -0.235718, -0.440674, -0.793091, 9.338380, 3.967285, 6.530760,Cycling
4589915, -0.183838, -0.465820, -0.793579, 7.019042, 0.915527, 9.216310,Cycling
4589935, -0.118530, -0.338501, -0.786133, 6.591796, -8.178714, 13.061520,Cycling
4589955, -0.157105, -0.317383, -0.875732, 8.544924, -2.502442, 9.887696,Cycling
4589975, 0.143799, -0.340332, -0.847534, 4.821778, -4.333496, 2.075196,Cycling
4589995, 0.019897, -0.305054, -0.968262, 3.051757, -8.666994, -2.197266,Cycling
4590015, 0.010498, -0.302124, -0.970459, 1.464844, -5.920409, 3.234863,Cycling
4590035, -0.058350, -0.229492, -0.962280, 3.662109, -6.652830, 8.911134,Cycling
4590055, -0.378296, -0.429810, -1.022583, 4.455568, 0.183105, 13.244628,Cycling
4590075, -0.110596, -0.312622, -0.844727, 3.295898, -12.023924, 15.991210,Cycling
4590095, -0.312500, -0.283691, -0.952637, 3.662109, -31.799310, 16.479492,Cycling
4590116, -0.779419, -0.308350, -1.254028, 1.342773, -32.836920, 7.263182,Cycling
4590136, -0.202393, -0.358643, -0.689087, -5.065916, -8.483890, 6.469726,Cycling
4590156, -0.029297, -0.323486, -0.737793, -2.441407, -34.545900, -2.075196,Cycling
4590176, -0.260986, -0.284790, -0.943848, -9.338380, -29.785150, 10.864256,Cycling
4590196, -0.186890, -0.207520, -0.976562, -11.596676, -18.249516, 10.620116,Cycling
4590216, 0.098877, -0.073730, -1.013184, -20.385740, -12.512204, 7.385252,Cycling
4590236, -0.081909, 0.094727, -1.131104, -8.972170, -19.836430, 3.784179,Cycling
4590256, -0.103272, 0.015015, -1.267212, -13.366696, -0.061035, 1.342773,Cycling
4590276, 0.016113, -0.035767, -1.016602, 1.403808, -3.173828, -7.995604,Cycling
4590296, -0.137573, -0.075195, -1.161377, -2.502442, 12.084960, 0.427246,Cycling
4590316, -0.190674, -0.027222, -1.111694, 8.544924, 26.794430, 5.493162,Cycling
4590336, -0.320313, -0.266480, -1.046753, 13.610836, 30.151360, 9.033204,Cycling
4590356, -0.219605, -0.137939, -0.973633, 8.911134, 35.888680, 12.329100,Cycling
4590376, -0.291138, -0.057617, -0.919190, 15.075680, 26.855464, 13.916012,Cycling
4590396, -0.409302, -0.153809, -0.907349, 13.183590, 20.446770, 13.427732,Cycling
4590416, -0.326172, -0.119141, -0.811768, 11.047360, 16.662600, 8.666994,Cycling
4590436, -0.339111, -0.291870, -0.876343, 11.291500, 11.840818, 8.239746,Cycling
4590456, -0.026611, -0.279663, -0.884522, -5.859374, 12.573240, 10.314940,Cycling
4590476, 0.077148, -0.021729, -0.944946, -3.662109, -3.662109, 11.840818,Cycling
4590496, -0.049194, -0.051392, -1.007202, -6.713866, -0.793457, 3.479003,Cycling
4590516, -0.059204, -0.042725, -1.027832, -3.540038, -2.258301, -4.516602,Cycling
4590536, 0.010864, -0.106323, -1.045166, -11.474608, 1.037598, -4.394532,Cycling
4590556, 0.168213, 0.168579, -0.906128, -2.197266, -5.554198, -5.432128,Cycling
4590576, -0.379883, -0.139160, -0.951050, 15.380856, -1.281738, -10.009768,Cycling
4590596, -0.333862, -0.346802, -1.082154, -3.112792, 23.620600, -5.004884,Cycling
4590616, -0.203491, -0.162842, -0.994141, -3.601074, 17.944340, 1.464844,Cycling
4590636, -0.341064, -0.258667, -0.883057, 5.371092, 7.873534, -1.037598,Cycling
4590656, -0.290283, -0.344360, -0.987915, 1.892090, 12.695310, -4.455568,Cycling
4590676, -0.067993, -0.271362, -0.888306, 2.441407, 4.211426, -6.896972,Cycling
4590696, -0.135498, -0.136963, -0.866577, 5.126952, -5.798338, -5.310058,Cycling
4590716, -0.239868, -0.087891, -1.091309, 8.911134, 0.671386, -4.943848,Cycling
4590736, 0.101563, -0.108398, -1.035156, 12.329100, 7.568358, -13.732908,Cycling
4590756, -0.045776, -0.143311, -1.068360, 16.052250, 2.380371, -12.634276,Cycling
4590776, 0.061157, -0.079590, -0.990479, 15.258788, 3.112792, -8.117676,Cycling
4590796, -0.051147, -0.031006, -1.000366, 21.240230, 0.244141, -9.338380,Cycling
4590816, -0.169312, -0.182007, -0.978882, 21.911620, 5.249022, -9.887696,Cycling
4590836, -0.190430, -0.221069, -0.867676, 21.362300, 9.643556, -7.446288,Cycling
4590856, -0.322022, -0.394531, -0.894776, 11.901852, 11.962890, -2.746581,Cycling
4590876, -0.139160, -0.294800, -0.859863, 2.563476, 7.751464, -1.281738,Cycling
4590896, -0.301514, -0.355591, -0.904053, -2.868652, -0.915527, -2.929687,Cycling
4590916, -0.241699, -0.322144, -0.907959, -7.629394, -12.207030, 2.685546,Cycling
4590936, -0.339111, -0.249146, -0.904663, -5.065916, -11.718748, 3.417968,Cycling
4590956, -0.070801, -0.345093, -0.854126, -4.638672, -9.460450, -2.136231,Cycling
4590976, -0.131836, -0.359619, -0.989624, -3.479003, -7.080076, 0.183105,Cycling
4590996, 0.043701, -0.216797, -1.019654, -2.197266, 4.638672, 7.446288,Cycling
4591016, 0.036865, -0.210571, -1.145630, 2.685546, 18.005376, 4.333496,Cycling
4591036, 0.226685, -0.181274, -1.075806, 7.934570, 9.643556, 0.000000,Cycling
4591056, 0.098267, -0.143433, -1.002564, 15.014646, 4.333496, -0.732422,Cycling
4591076, -0.076172, -0.261475, -1.011475, 17.456060, 9.460450, -4.089356,Cycling
4591096, -0.005005, -0.264160, -0.952759, 19.104010, 7.385252, -0.366211,Cycling
4591116, -0.175049, -0.300781, -0.913208, 19.226080, 10.314940, 0.549316,Cycling
4591136, -0.198364, -0.295776, -0.997559, 13.305660, 8.605960, 3.356933,Cycling
4591156, -0.317749, -0.386230, -0.928345, 11.657712, 11.169430, -1.342773,Cycling
4591176, -0.201294, -0.323364, -0.835327, 9.887696, -3.112792, 4.333496,Cycling
4591196, -0.223511, -0.251221, -0.969604, 5.310058, 6.042480, 7.263182,Cycling
4591216, -0.103638, -0.200928, -1.079224, 3.967285, 13.977050, 9.643556,Cycling
4591236, -0.144409, -0.318726, -1.015625, 4.943848, 21.301268, 10.681150,Cycling
4591256, -0.084961, -0.218506, -1.071167, 2.258301, 13.366696, 10.864256,Cycling
4591276, -0.023071, -0.199463, -0.872314, 7.324218, 11.657712, 11.840818,Cycling
4591296, -0.155518, -0.215698, -0.989624, 5.859374, 10.253904, 13.061520,Cycling
4591316, -0.025391, -0.194458, -1.010132, 2.685546, 17.089850, 18.127448,Cycling
4591336, -0.141846, -0.181274, -0.991577, -0.549316, 14.648436, 15.075680,Cycling
4591356, -0.055542, -0.198608, -1.002076, -2.014160, 17.089850, 13.610836,Cycling
4591376, -0.175171, -0.286987, -0.981201, 0.305176, 23.010250, 14.343260,Cycling
4591396, 0.047974, -0.211426, -1.001954, -0.061035, 25.756830, 21.545408,Cycling
4591416, -0.216431, -0.230103, -0.995850, 1.220704, 24.597160, 25.207516,Cycling
4591436, -0.218262, -0.243164, -1.040772, -2.746581, 28.869624, 25.817870,Cycling
4591456, -0.096802, -0.324341, -0.845581, 0.976562, 27.893060, 25.329584,Cycling
4591476, -0.158691, -0.212158, -1.002076, 0.305176, 20.446770, 25.146480,Cycling
4591496, -0.171021, -0.221436, -0.871094, 4.516602, 18.432620, 25.573724,Cycling
4591516, -0.171509, -0.299316, -0.818482, 3.967285, 17.883300, 18.859868,Cycling
4591536, -0.169922, -0.484619, -0.869385, 1.220704, 13.671872, 14.099120,Cycling
4591556, 0.013428, -0.489380, -0.820923, -0.427246, 10.620116, 17.761230,Cycling
4591576, -0.004761, -0.375610, -0.812988, -2.746581, -9.582520, 18.310550,Cycling
4591596, -0.082397, -0.386963, -0.805176, -4.150392, -9.399414, 15.563964,Cycling
4591616, -0.042725, -0.429443, -0.892822, -4.028321, -5.004884, 12.268064,Cycling
4591636, 0.026611, -0.354370, -0.898926, -2.685546, 1.831054, 13.610836,Cycling
4591656, 0.129639, -0.281250, -0.858276, 0.061035, -8.361816, 10.864256,Cycling
4591676, -0.001343, -0.295044, -0.894043, -1.403808, -6.225584, 7.385252,Cycling
4591696, -0.085571, -0.341431, -1.021240, -3.967285, 2.319336, 6.286620,Cycling
4591716, 0.092407, -0.200073, -1.005860, -3.845214, -1.525878, 11.230468,Cycling
4591736, -0.098389, -0.221802, -1.030396, 1.708984, 1.403808, 3.356933,Cycling
4591756, -0.165283, -0.479370, -1.003174, 1.892090, 11.047360, 2.075196,Cycling
4591776, 0.101318, -0.350464, -0.993896, -8.544924, 3.662109, 11.779784,Cycling
4591796, -0.084351, -0.231079, -1.011719, -4.577638, -3.967285, 13.244628,Cycling
4591816, -0.038940, -0.177490, -0.926270, -2.685546, -7.934570, 17.089850,Cycling
4591836, -0.266113, -0.191772, -1.023316, -4.760742, -5.065916, 11.413570,Cycling
4591856, 0.040283, -0.137573, -0.868408, 1.953124, -2.441407, 11.840818,Cycling
4591876, -0.256104, -0.289551, -1.052856, -1.403808, 4.577638, 7.385252,Cycling
4591896, 0.073853, -0.203735, -1.077637, -7.019042, 17.272950, 15.991210,Cycling
4591916, 0.242432, -0.067993, -0.991455, -3.234863, 4.089356, 15.441892,Cycling
4591936, -0.146240, -0.103272, -1.018555, 7.080076, 4.943848, 15.319820,Cycling
4591976, -0.075806, -0.260010, -1.047486, 6.103514, 17.028810, 15.075680,Cycling
4591996, -0.110718, -0.357178, -0.963501, 1.037598, 21.850580, 15.747068,Cycling
4592016, 0.001953, -0.292725, -0.875977, -2.075196, 8.056642, 19.653320,Cycling
4592036, -0.208618, -0.235596, -0.984131, -4.821778, 6.591796, 17.456060,Cycling
4592056, -0.195557, -0.209229, -1.004028, -5.065916, 11.657712, 14.465330,Cycling
4592076, -0.146606, -0.310181, -0.897095, -3.173828, 17.211920, 14.648436,Cycling
4592096, 0.014893, -0.217041, -0.935425, -5.676268, 16.479492, 16.113284,Cycling
4592116, -0.048462, -0.225098, -1.014893, -1.708984, 15.624996, 18.371584,Cycling
4592136, -0.126709, -0.329590, -1.043702, -0.366211, 23.193352, 22.583000,Cycling
4592156, 0.044189, -0.276367, -0.948120, -1.525878, 17.395020, 26.794430,Cycling
4592176, 0.009399, -0.215210, -0.955322, -0.793457, 10.559080, 27.770990,Cycling
4592196, -0.035522, -0.136841, -1.025269, -1.098633, 16.052250, 30.395500,Cycling
4592216, -0.009888, -0.160889, -0.922119, 7.751464, 18.798830, 27.832030,Cycling
4592236, -0.191772, -0.242676, -0.976440, 3.295898, 20.019532, 29.052730,Cycling
4592256, 0.073730, -0.115234, -0.970093, 0.976562, 21.667476, 28.198240,Cycling
4592276, -0.101685, -0.228394, -1.016846, -1.342773, 18.737796, 26.550290,Cycling
4592296, -0.045044, -0.160278, -0.951050, -2.624511, 15.441892, 26.428220,Cycling
4592316, -0.172119, -0.181397, -0.944458, -0.366211, 12.084960, 28.625480,Cycling
4592336, -0.238525, -0.217163, -1.103516, -7.019042, 24.597160, 30.700680,Cycling
4592356, -0.133789, -0.445557, -0.982178, -8.911134, 34.362800, 30.517570,Cycling
4592376, 0.199951, -0.288086, -0.876831, -8.117676, 15.747068, 33.630380,Cycling
4592396, -0.125244, -0.185181, -1.089722, -6.347656, 8.422854, 32.653820,Cycling
4592416, -0.036621, -0.154907, -0.959839, 2.258301, 19.897460, 30.090330,Cycling
4592436, -0.159180, -0.353272, -0.900513, 7.568358, 21.911620, 19.714360,Cycling
4592456, 0.038086, -0.341309, -0.865234, 7.934570, 18.249516, 34.667980,Cycling
4592476, 0.062622, -0.377319, -0.770386, 6.958006, 6.652830, 33.203130,Cycling
4592496, -0.060059, -0.241943, -0.923828, 7.263182, 8.911134, 31.616208,Cycling
4592516, -0.050903, -0.348511, -0.937012, 6.347656, 17.822270, 30.212400,Cycling
4592536, -0.017212, -0.507324, -0.861084, 4.577638, 17.089850, 24.414060,Cycling
4592556, 0.050415, -0.535889, -0.833740, -2.319336, 8.911134, 24.536130,Cycling
4592576, -0.015625, -0.532593, -0.756836, -7.934570, -3.784179, 24.475090,Cycling
4592596, 0.049072, -0.505860, -0.699585, -7.446288, -10.192870, 25.268550,Cycling
4592616, -0.092529, -0.502197, -0.864502, -11.840818, -11.291500, 20.629880,Cycling
4592636, 0.057617, -0.471069, -0.850952, -11.962890, -24.536130, 18.737796,Cycling
4592656, 0.057251, -0.326660, -0.914795, -13.854978, -23.010250, 15.747068,Cycling
4592676, 0.129639, -0.355957, -0.941284, -9.582520, -23.681636, 9.094240,Cycling
4592696, 0.350830, -0.221191, -0.914673, 0.061035, -22.460930, 10.192870,Cycling
4592716, 0.116577, -0.124390, -1.159912, 7.324218, -11.352536, 12.023924,Cycling
4592736, 0.242432, -0.178589, -1.186890, 14.038084, -0.305176, 18.920900,Cycling
4592756, 0.211792, -0.049316, -1.195557, 18.310550, -7.385252, 22.888180,Cycling
4592776, 0.027588, -0.049683, -1.092286, 24.353020, -10.925290, 18.981940,Cycling
4592796, -0.227539, -0.165527, -0.994019, 24.108880, -4.882814, 11.047360,Cycling
4592816, -0.210815, -0.247925, -0.946411, 18.188480, -0.732422, 8.422854,Cycling
4592836, -0.182739, -0.225586, -0.869019, 14.282224, -3.112792, 7.873534,Cycling
4592856, -0.390137, -0.309326, -0.927734, 8.789064, 1.831054, 9.277344,Cycling
4592876, -0.216675, -0.387940, -0.854980, 6.042480, 10.192870, 8.544924,Cycling
4592896, -0.246704, -0.476685, -0.892944, -4.394532, 4.455568, 6.042480,Cycling
4592916, -0.075684, -0.396118, -0.883911, -8.361816, -2.746581, 19.592290,Cycling
4592936, -0.062500, -0.464722, -0.840088, -3.479003, -1.525878, 19.470220,Cycling
4592956, 0.080933, -0.468384, -0.909302, -6.896972, -7.690428, 22.033690,Cycling
4592976, -0.025757, -0.375977, -0.950195, -8.422854, -9.704590, 20.385740,Cycling
4592996, 0.277344, -0.277222, -0.767822, -7.263182, -10.375976, 22.338860,Cycling
4593016, 0.297852, -0.067383, -1.027466, 0.488281, -8.605960, 20.080560,Cycling
4593036, 0.209106, -0.006836, -1.318726, 11.596676, 3.723144, 15.075680,Cycling
4593056, 0.136841, -0.078735, -1.245606, 17.700200, 21.545408, 12.695310,Cycling
4593116, -0.100708, -0.489624, -0.813477, 10.925290, 1.464844, -0.610352,Cycling
4593136, -0.427246, -0.482910, -0.865479, 3.906249, -11.657712, 6.958006,Cycling
4593156, -0.201538, -0.457153, -0.840576, 0.061035, -14.038084, 12.084960,Cycling
4593176, -0.314575, -0.402344, -0.809937, -7.751464, -15.502928, 10.437010,Cycling
4593196, 0.083008, -0.260620, -0.717163, -6.530760, -18.127448, 14.526364,Cycling
4593216, 0.076538, -0.218506, -1.098877, -1.281738, -7.568358, 18.188480,Cycling
4593236, 0.111206, -0.266846, -1.251709, 4.516602, 5.065916, 21.850580,Cycling
4593256, 0.295898, -0.105103, -1.138794, 12.084960, 2.441407, 24.047850,Cycling
4593276, 0.259766, 0.045776, -1.179932, 15.380856, 7.385252, 23.681636,Cycling
4593296, 0.057617, -0.084351, -1.145508, 17.150880, 24.780270, 16.784670,Cycling
4593316, 0.038696, -0.297608, -0.969482, 17.456060, 27.160640, 7.812498,Cycling
4593336, -0.195435, -0.339356, -0.865967, 10.375976, 19.592290, 0.976562,Cycling
4593356, -0.424805, -0.522461, -0.680908, 2.563476, 1.281738, -10.253904,Cycling
4593376, -0.289185, -0.649902, -0.718994, -1.892090, -7.812498, -9.704590,Cycling
4593396, -0.122437, -0.619019, -0.679566, -2.075196, -21.179192, -1.708984,Cycling
4593416, -0.244019, -0.672730, -0.761230, -6.774902, -29.602044, 6.408690,Cycling
4593436, -0.169922, -0.616333, -0.785400, -3.601074, -25.146480, 15.869140,Cycling
4593456, 0.026367, -0.597290, -0.713745, -2.197266, -34.729010, 22.644040,Cycling
4593476, 0.042603, -0.484253, -0.748047, 3.845214, -40.710440, 23.620600,Cycling
4593496, -0.134888, -0.467896, -0.871338, 2.868652, -34.667980, 21.057124,Cycling
4593516, -0.036621, -0.434814, -0.805786, 5.004884, -26.916500, 13.061520,Cycling
4593536, 0.215088, -0.385742, -0.811035, -1.159668, -33.020020, 6.958006,Cycling
4593616, -0.176514, -0.339966, -1.044434, -10.925290, -26.428220, -4.882814,Cycling
4593636, -0.083496, -0.353882, -1.051270, -15.014646, -36.499030, -2.380371,Cycling
4593656, -0.271484, -0.253296, -1.024536, -11.047360, -37.109380, -1.831054,Cycling
4593676, -0.321045, -0.454834, -0.961426, -12.145992, -28.625480, -3.662109,Cycling
4593696, -0.055298, -0.277710, -0.922486, -7.385252, -37.719730, -0.976562,Cycling
4593716, -0.260132, -0.130493, -1.188232, -13.000484, -26.611320, 1.464844,Cycling
4593736, -0.085327, -0.122803, -1.046753, -8.972170, -25.573724, -8.300784,Cycling
4593756, -0.222900, -0.208496, -0.953003, -4.760742, -20.324700, -13.122556,Cycling
4593776, -0.222656, -0.216553, -1.032349, -7.324218, -10.253904, -12.939450,Cycling
4593796, -0.042969, -0.300537, -0.939942, -4.272462, -2.563476, -10.009768,Cycling
4593816, -0.089111, -0.204590, -1.066528, -6.713866, 1.586914, -6.591796,Cycling
4593836, -0.211426, -0.299927, -0.931519, -6.469726, 4.089356, -6.958006,Cycling
4593856, -0.194702, -0.305420, -0.996216, -12.451170, 4.516602, -5.126952,Cycling
4593876, -0.286133, -0.407593, -0.796021, -10.253904, -2.258301, -6.591796,Cycling
4593896, -0.219727, -0.378052, -0.798218, -11.962890, -12.939450, -5.004884,Cycling
4593916, -0.455200, -0.474243, -0.855713, -11.474608, -14.648436, -8.544924,Cycling
4593936, -0.242798, -0.336182, -0.913696, -11.657712, -25.451652, -7.995604,Cycling
4593956, -0.355469, -0.372314, -0.914062, -7.507323, -30.029290, -10.681150,Cycling
4593976, -0.092896, -0.297730, -0.970947, -4.699708, -33.874520, -11.840818,Cycling
4593996, -0.130493, -0.306641, -0.931519, 4.028321, -27.343748, -13.732908,Cycling
4594016, -0.172241, -0.418335, -0.999512, 3.417968, -19.714360, -12.023924,Cycling
4594056, -0.019409, -0.327637, -0.817017, 0.793457, -24.353020, -10.803220,Cycling
4594076, -0.251465, -0.171753, -0.831299, 4.455568, -26.184080, -12.268064,Cycling
4594096, -0.390747, -0.301148, -0.882446, 2.441407, -20.629880, -20.141600,Cycling
4594116, -0.306152, -0.510986, -0.827515, -1.831054, -19.104010, -27.343748,Cycling
4594136, -0.142944, -0.424194, -0.827881, -4.516602, -31.555170, -24.536130,Cycling
4594156, -0.203125, -0.180054, -0.862793, -1.953124, -38.330080, -17.028810,Cycling
4594176, -0.298828, -0.194824, -0.925659, -2.502442, -35.766600, -21.606440,Cycling
4594196, -0.319214, -0.404175, -0.885010, -3.967285, -36.010750, -27.099608,Cycling
4594216, -0.247803, -0.510620, -0.898438, -8.117676, -48.156730, -26.367180,Cycling
4594236, -0.206543, -0.414185, -0.838257, -10.375976, -58.349600, -18.432620,Cycling
4594256, -0.477783, -0.300415, -1.047852, -17.028810, -48.706040, -4.882814,Cycling
4594276, -0.340454, -0.249390, -0.951538, -16.357424, -27.099608, -5.126952,Cycling
4594296, 0.112671, -0.135132, -0.814942, -11.718748, -47.546380, -25.451652,Cycling
4594316, -0.721680, -0.178101, -1.098633, -17.822270, -22.827140, -20.324700,Cycling
4594336, -0.611938, -0.297241, -1.032715, -25.146480, -4.394532, -19.958500,Cycling
4594356, -0.475342, -0.300415, -0.898560, -27.099608, -5.981444, -23.620600,Cycling
4594416, -0.486938, -0.240356, -0.912720, -10.375976, -15.319820, -18.798830,Cycling
4594456, -0.201904, -0.266113, -0.810913, -13.488768, -17.028810, -20.812980,Cycling
4594496, -0.281128, -0.136353, -1.050049, -25.756830, 0.915527, -21.301268,Cycling
4594516, -0.329224, -0.116211, -0.957031, -25.695796, 6.469726, -24.230950,Cycling
4594536, -0.314331, -0.134155, -0.979980, -24.719230, 5.187988, -28.747552,Cycling
4594556, -0.313599, -0.171875, -0.984986, -21.179192, 7.080076, -25.695796,Cycling
4594576, -0.301880, -0.213135, -0.962646, -17.211920, 7.324218, -20.568840,Cycling
4594596, -0.393921, -0.160645, -1.004761, -14.282224, 8.911134, -11.779784,Cycling
4594616, -0.310181, -0.124878, -0.959229, -13.488768, 17.517090, -11.352536,Cycling
4594636, -0.413574, -0.139771, -0.929321, -10.986324, 10.742184, -12.634276,Cycling
4594656, -0.513306, -0.173950, -0.898804, -11.169430, 18.371584, -11.901852,Cycling
4594676, -0.531494, -0.283814, -0.790283, -9.094240, 13.305660, -9.033204,Cycling
4594696, -0.464966, -0.301270, -0.876831, -10.803220, 15.319820, -9.643556,Cycling
4594716, -0.313965, -0.263672, -0.858276, -9.216310, 8.056642, -10.559080,Cycling
4594736, -0.352417, -0.214600, -0.919434, -9.033204, 5.371092, -9.399414,Cycling
4594756, -0.246460, -0.124268, -0.932984, -6.958006, 12.573240, -8.178714,Cycling
4594776, -0.276489, -0.109497, -1.069824, -8.422854, 24.230950, -8.361816,Cycling
4594816, -0.015625, -0.064087, -0.961060, 0.610352, 22.827140, -5.920409,Cycling
4594836, -0.279541, -0.039063, -1.116822, 0.427246, 24.780270, -5.249022,Cycling
4594856, -0.321899, -0.121948, -0.984986, 4.028321, 20.751950, -8.178714,Cycling
4594896, -0.410034, -0.278198, -0.749146, 2.258301, 2.807617, -7.202148,Cycling
4594916, -0.530029, -0.366943, -0.758301, 1.525878, 0.732422, -5.371092,Cycling
4594936, -0.372070, -0.285522, -0.876587, -2.563476, -0.549316, -5.310058,Cycling
4594956, -0.314941, -0.266602, -0.879150, -5.493162, -0.915527, -4.821778,Cycling
4594976, -0.269898, -0.214966, -0.919556, -10.986324, 0.427246, -8.544924,Cycling
4594996, -0.150757, -0.110962, -1.015381, -13.366696, 5.126952, -10.009768,Cycling
4595016, -0.151245, -0.192383, -1.032959, -12.207030, 17.150880, -11.169430,Cycling
4595036, 0.005249, -0.214478, -0.913574, -8.422854, 10.864256, -10.070800,Cycling
4595056, -0.216064, 0.016113, -1.063110, -2.685546, 9.399414, -1.647949,Cycling
4595076, -0.204102, 0.009766, -1.090820, -1.647949, 31.372068, -2.258301,Cycling
4595096, -0.302124, -0.216064, -1.003296, 3.417968, 26.306150, -6.774902,Cycling
4595116, -0.317261, -0.143433, -0.922730, 2.929687, 24.108880, 0.732422,Cycling
4595136, -0.386841, -0.127808, -0.948730, 1.098633, 28.747552, 2.319336,Cycling
4595216, -0.270386, -0.179688, -0.985474, -6.774902, 36.804200, 10.131832,Cycling
4595236, -0.286987, -0.207397, -1.040039, -8.483890, 32.958990, 10.314940,Cycling
4595256, -0.109497, -0.123901, -0.972046, -7.202148, 23.498530, 11.047360,Cycling
4595276, -0.181397, -0.024780, -0.952148, -3.295898, 18.859868, 12.634276,Cycling
4595296, -0.211914, -0.142334, -0.965210, -0.732422, 21.423332, 9.948730,Cycling
4595316, -0.065308, -0.252197, -0.899536, 1.281738, 18.737796, 5.859374,Cycling
4595336, -0.205078, -0.247192, -0.905396, 4.089356, 8.422854, 6.896972,Cycling
4595416, -0.051392, -0.103638, -0.942505, 3.234863, 5.737304, 17.333990,Cycling
4595436, -0.075439, -0.128052, -0.972290, 5.126952, 11.108396, 11.840818,Cycling
4595456, -0.158691, -0.264648, -0.946289, 7.385252, 8.056642, 3.601074,Cycling
4595476, -0.271973, -0.472900, -0.861572, 5.432128, 2.136231, 0.244141,Cycling
4595496, -0.164063, -0.425171, -0.713867, 1.098633, -23.376460, 1.464844,Cycling
4595516, -0.236450, -0.201050, -0.774902, 10.437010, -36.254890, -1.647949,Cycling
4595536, -0.335083, -0.514404, -0.944092, 10.070800, -18.554690, -1.770019,Cycling
4595556, -0.192993, -0.609131, -0.899292, 0.183105, -14.953610, -1.098633,Cycling
4595576, 0.083740, -0.301758, -0.763428, -7.751464, -38.696300, 4.638672,Cycling
4595596, -0.150513, -0.210693, -0.857300, 1.098633, -38.574220, 2.502442,Cycling
4595616, -0.126587, -0.359253, -1.039185, -8.605960, -17.578130, 3.662109,Cycling
4595676, 0.036133, 0.013062, -1.131836, 4.394532, 3.479003, 7.385252,Cycling
4595696, -0.103149, -0.008911, -1.171387, 5.615234, 7.202148, 3.662109,Cycling
4595716, -0.297485, -0.070679, -1.115845, 7.934570, 11.047360, 0.305176,Cycling
4595736, -0.369995, -0.183228, -0.964600, 5.920409, 11.169430, -1.342773,Cycling
4595756, -0.449707, -0.254272, -0.892944, 1.403808, -3.784179, 1.525878,Cycling
4595776, -0.398071, -0.268921, -0.918335, -1.220704, -6.591796, 2.258301,Cycling
4595796, -0.266113, -0.197876, -0.891480, -12.268064, -6.286620, 1.525878,Cycling
4595816, -0.249634, -0.102905, -0.890381, -8.544924, -11.291500, 4.516602,Cycling
4595836, -0.239380, -0.174438, -0.910156, -9.033204, -7.019042, -3.173828,Cycling
4595856, -0.084351, -0.182007, -0.963745, -18.249516, -4.028321, -11.535644,Cycling
4595876, -0.074585, -0.106812, -0.981690, -14.770504, -0.244141, -6.713866,Cycling
4595896, 0.034912, -0.105225, -1.057740, -16.296390, 2.624511, 1.464844,Cycling
4596036, -0.190064, -0.097900, -0.953369, -2.441407, -2.563476, -3.417968,Cycling
4596056, -0.131836, -0.107910, -0.932617, 1.525878, -10.192870, -7.812498,Cycling
4596076, -0.084351, -0.057495, -1.015992, -0.244141, -1.953124, -6.408690,Cycling
4596096, -0.042847, 0.001709, -1.030518, 5.981444, 0.305176, -3.601074,Cycling
4596116, -0.106689, 0.010620, -1.064698, 5.615234, 4.821778, 0.671386,Cycling
4596136, -0.224121, -0.005493, -1.083496, 10.986324, 12.451170, -0.915527,Cycling
4596156, -0.205688, -0.231812, -1.013428, 9.460450, 18.127448, -4.882814,Cycling
4596176, -0.052612, -0.035156, -0.956543, 5.065916, 6.774902, 4.394532,Cycling
4596196, -0.272583, -0.131226, -1.003418, 11.474608, 16.113284, 7.751464,Cycling
4596216, -0.205933, -0.098999, -0.952881, 12.939450, 16.235352, 7.263182,Cycling
4596236, -0.284668, -0.097412, -1.028442, 9.155274, 12.634276, 10.437010,Cycling
4596256, -0.200317, 0.007690, -0.990845, 13.122556, 18.188480, 10.742184,Cycling
4596276, -0.209839, -0.087891, -0.987427, 13.610836, 14.892576, 8.850100,Cycling
4596296, -0.229614, -0.042847, -0.969116, 16.052250, 14.587400, 8.117676,Cycling
4596316, -0.250855, -0.187500, -0.971558, 13.671872, 18.981940, 5.615234,Cycling
4596336, -0.081421, -0.121460, -0.956421, 9.338380, 14.099120, 5.554198,Cycling
4596356, -0.171875, -0.157471, -0.983032, 8.056642, 14.892576, 3.601074,Cycling
4596376, -0.231934, -0.151489, -1.026734, 10.009768, 17.333990, 4.211426,Cycling
4596396, -0.193726, -0.183960, -1.063110, 10.498044, 18.554690, 6.225584,Cycling
4596416, -0.105225, -0.341553, -0.791138, 22.277830, 7.202148, 2.258301,Cycling
4596436, -0.198853, -0.383667, -0.746338, 19.653320, -6.652830, 4.089356,Cycling
4596456, -0.367188, -0.483887, -0.788330, 14.953610, -18.127448, 6.042480,Cycling
4596476, -0.387817, -0.487793, -0.768799, 7.995604, -12.390136, 3.784179,Cycling
4596496, -0.129761, -0.418091, -0.610352, 4.577638, -27.099608, 4.394532,Cycling
4596516, -0.165283, -0.349976, -0.741944, 0.305176, -28.808590, 4.943848,Cycling
4596576, 0.105957, -0.264160, -0.959961, -6.835936, -17.517090, 0.915527,Cycling
4596596, -0.012817, -0.191040, -0.995484, 3.295898, -16.052250, -1.159668,Cycling
4596616, -0.012085, -0.206055, -1.188354, 3.540038, -1.647949, 2.197266,Cycling
4596636, -0.218506, -0.193726, -1.133789, 8.483890, 2.075196, 1.831054,Cycling
4596676, -0.287109, -0.038330, -1.128174, 9.643556, 14.282224, 2.136231,Cycling
4596696, -0.008545, -0.083130, -0.999756, 6.164550, 24.169920, 1.586914,Cycling
4596716, -0.365479, -0.165039, -1.093018, 8.117676, 25.207516, 1.220704,Cycling
4596736, -0.364136, -0.229980, -1.004517, 2.014160, 40.710440, 10.620116,Cycling
4596756, -0.276367, -0.133423, -0.996948, -2.807617, 34.606940, 17.028810,Cycling
4596796, -0.059814, -0.020996, -1.000122, 3.845214, 29.418940, 17.272950,Cycling
4596816, -0.230591, -0.092041, -1.052612, 7.812498, 23.681636, 12.756344,Cycling
4596836, -0.257935, -0.135620, -1.089966, 7.202148, 28.930660, 10.681150,Cycling
4596856, -0.048340, -0.156006, -0.866211, 9.826660, 21.911620, 5.615234,Cycling
4596876, -0.102783, -0.246338, -0.821900, 13.549804, 17.822270, 0.427246,Cycling
4596896, -0.167114, -0.449341, -0.870362, 10.192870, 23.925780, -1.953124,Cycling
4596916, -0.118042, -0.523438, -0.869507, 2.929687, 22.583000, 4.455568,Cycling
4596936, -0.235840, -0.541504, -0.674683, 3.967285, 14.892576, 11.901852,Cycling
4596956, -0.260620, -0.582886, -0.762818, 3.601074, 12.023924, 12.268064,Cycling
4596976, -0.187500, -0.684326, -0.818237, 0.671386, 13.488768, 8.850100,Cycling
4597016, -0.165039, -0.360840, -0.905274, -4.943848, -9.460450, -0.366211,Cycling
4597036, -0.057861, -0.279175, -0.933594, 1.403808, -9.399414, -11.108396,Cycling
4597056, 0.069946, -0.352539, -1.041870, 11.779784, -16.418460, -16.296390,Cycling
4597076, 0.141235, -0.417358, -0.879761, 12.756344, -30.822750, -5.126952,Cycling
4597096, -0.019043, -0.323730, -0.903809, 12.390136, -34.057620, 5.065916,Cycling
4597116, 0.058472, -0.266358, -0.933350, 14.343260, -27.648920, 4.760742,Cycling
4597136, -0.035522, -0.379395, -1.024292, 9.155274, -17.211920, 1.892090,Cycling
4597156, 0.196289, -0.190430, -0.874146, 4.638672, -22.521970, 4.089356,Cycling
4597176, -0.186523, -0.208862, -0.907837, 5.371092, -16.357424, 0.183105,Cycling
4597216, -0.255737, -0.331177, -1.115112, 1.953124, -4.821778, 0.976562,Cycling
4597236, 0.000366, -0.210815, -1.013794, 1.647949, 0.671386, 6.225584,Cycling
4597256, -0.175537, -0.249634, -1.017090, -1.220704, -8.850100, 2.258301,Cycling
4597316, -0.197388, -0.253784, -0.984375, -2.685546, -2.502442, -3.112792,Cycling
4597336, -0.099854, -0.266480, -1.002564, -5.249022, -0.366211, -2.258301,Cycling
4597416, 0.192017, -0.395142, -0.660889, 6.347656, 6.591796, 0.854492,Cycling
4597436, -0.004761, -0.348145, -0.864014, 9.704590, -17.028810, 0.183105,Cycling
4597456, -0.502075, -0.322998, -1.132202, 2.136231, 6.408690, 19.775390,Cycling
4597476, -0.087402, -0.136841, -1.134400, -9.033204, 28.503410, 25.085448,Cycling
4597496, -0.133667, -0.119019, -1.057373, -8.239746, 15.014646, 14.526364,Cycling
4597576, -0.163696, -0.141113, -1.052734, -5.187988, 21.972650, 9.826660,Cycling
4597596, -0.048462, -0.210449, -0.944824, 1.831054, 21.606440, 10.803220,Cycling
4597616, -0.144043, -0.235962, -1.018799, 1.037598, 19.714360, 12.512204,Cycling
4597636, -0.124512, -0.238159, -0.874756, 3.234863, 18.188480, 14.038084,Cycling
4597656, -0.272095, -0.252319, -0.885986, 2.990722, 17.272950, 15.319820,Cycling
4597676, -0.270264, -0.315674, -0.937012, 0.427246, 24.902340, 17.333990,Cycling
4597696, -0.071411, -0.347290, -0.823975, -0.549316, 21.362300, 19.897460,Cycling
4597716, -0.118652, -0.327393, -0.865967, -3.845214, 10.070800, 17.395020,Cycling
4597736, -0.220703, -0.337402, -0.955322, -5.004884, 9.399414, 15.136716,Cycling
4597756, -0.013062, -0.419190, -0.829346, -2.319336, 7.812498, 12.756344,Cycling
4597776, -0.118652, -0.317017, -0.954712, -2.624511, 1.159668, 15.930172,Cycling
4597796, 0.072632, -0.274414, -0.875488, 2.685546, -3.784179, 14.892576,Cycling
4597816, -0.039551, -0.284912, -1.060059, 4.272462, 1.464844, 17.211920,Cycling
4597836, 0.144531, -0.200073, -0.998657, 7.263182, -2.136231, 14.770504,Cycling
4597856, -0.010986, -0.161743, -1.012818, 8.972170, -5.493162, 13.244628,Cycling
4597876, 0.057861, -0.122314, -0.956787, 12.084960, -5.249022, 10.559080,Cycling
4597896, -0.242065, -0.215088, -0.978150, 12.084960, 1.953124, 6.652830,Cycling
4597916, -0.048828, -0.262207, -0.939697, 10.742184, 3.173828, 7.751464,Cycling
4597936, -0.205811, -0.357422, -0.899902, 6.408690, 4.455568, 8.728030,Cycling
4597956, -0.142822, -0.369385, -0.906250, 0.732422, -1.953124, 9.643556,Cycling
4597976, -0.089722, -0.256592, -0.835816, 0.305176, -9.033204, 9.277344,Cycling
4597996, -0.182739, -0.262207, -0.926514, -2.807617, -4.272462, 8.605960,Cycling
4598016, -0.141846, -0.317627, -0.903320, -4.455568, -2.380371, 7.995604,Cycling
4598036, -0.185425, -0.434326, -0.859863, -5.737304, -0.366211, 7.873534,Cycling
4598056, -0.082275, -0.295044, -0.896973, -7.202148, -8.300784, 8.300784,Cycling
4598076, -0.069336, -0.300049, -0.887695, -4.638672, -13.122556, 4.943848,Cycling
4598096, -0.136841, -0.336914, -0.967652, -2.563476, -10.620116, 5.065916,Cycling
4598116, -0.075073, -0.296875, -0.943237, -0.671386, -14.648436, 3.112792,Cycling
4598176, -0.137817, -0.298340, -0.877075, 2.136231, -24.108880, 2.929687,Cycling
4598196, -0.078735, -0.220215, -0.949951, 2.746581, -23.254390, 2.136231,Cycling
4598216, -0.125122, -0.250732, -0.924194, 2.380371, -21.850580, -5.371092,Cycling
4598236, -0.186157, -0.467041, -0.886230, -1.708984, -15.502928, -12.207030,Cycling
4598296, -0.239380, -0.369873, -0.877808, -0.854492, -24.047850, -9.277344,Cycling
4598336, -0.151855, -0.357788, -1.046631, -8.789064, -18.005376, -5.310058,Cycling
4598356, -0.024414, -0.165039, -0.895020, -5.920409, -27.160640, -0.244141,Cycling
4598456, -0.130981, -0.192871, -0.965698, 1.159668, 8.483890, -2.624511,Cycling
4598476, -0.226074, -0.067261, -1.074829, 0.915527, 2.319336, 0.427246,Cycling
4598496, -0.399780, -0.199463, -1.027100, -2.075196, 17.822270, 0.305176,Cycling
4598516, -0.098877, -0.157105, -0.962402, -1.525878, 11.962890, 3.906249,Cycling
4598536, -0.353027, -0.125732, -1.072510, -0.915527, 13.061520, 4.150392,Cycling
4598556, -0.115479, -0.184814, -0.983154, -5.004884, 23.071284, 1.953124,Cycling
4598576, -0.173218, -0.081177, -0.963623, 1.770019, 5.432128, 0.854492,Cycling
4598596, -0.097900, -0.244751, -0.939453, -1.281738, 23.986810, 14.160152,Cycling
4598616, -0.220459, -0.237793, -0.828003, 3.906249, 13.000484, 6.347656,Cycling
4598636, -0.369507, -0.447144, -0.853150, 1.037598, 10.070800, 5.920409,Cycling
4598656, -0.209351, -0.465332, -0.800049, -0.732422, 8.728030, 3.417968,Cycling
4598676, -0.166992, -0.419434, -0.817993, -0.244141, -4.638672, 2.807617,Cycling
4598696, -0.236816, -0.531860, -0.888062, -3.967285, -5.249022, 6.164550,Cycling
4598716, -0.088623, -0.424194, -0.763672, -2.746581, -11.474608, 4.821778,Cycling
4598736, -0.095093, -0.353027, -0.814453, 2.685546, -24.108880, 6.652830,Cycling
4598756, -0.078491, -0.279297, -1.050415, 4.882814, -2.441407, 9.216310,Cycling
4598776, 0.183350, -0.243774, -0.962280, 12.329100, -3.051757, 7.263182,Cycling
4598796, 0.039673, -0.195679, -1.000244, 9.338380, -8.361816, 8.972170,Cycling
4598816, -0.097534, -0.222656, -0.966309, 11.657712, -2.136231, 3.051757,Cycling
4598836, -0.019775, -0.351563, -0.944702, 6.042480, -3.845214, 3.356933,Cycling
4598856, -0.195557, -0.203980, -1.056641, 0.976562, -11.901852, 10.925290,Cycling
4598876, -0.418091, -0.355347, -0.941040, 3.112792, -2.685546, 12.817380,Cycling
4598896, -0.214111, -0.378052, -0.885010, -5.249022, -11.169430, 10.131832,Cycling
4598976, -0.230957, -0.259033, -0.867676, -14.892576, -23.559568, -9.765626,Cycling
4598996, -0.184814, -0.242676, -0.925049, -13.854978, -16.784670, -10.009768,Cycling
4599016, -0.013306, -0.238770, -0.989502, -15.624996, -12.573240, -8.972170,Cycling
4599036, -0.080078, -0.209106, -1.121216, -8.483890, -9.338380, -11.840818,Cycling
4599056, 0.042480, -0.153076, -0.989868, -3.295898, -5.737304, -8.300784,Cycling
4599076, -0.189941, -0.248779, -0.958130, -0.610352, -6.835936, -3.723144,Cycling
4599096, -0.278931, -0.367798, -0.874878, 4.089356, -5.371092, -6.835936,Cycling
4599116, -0.182251, -0.302246, -0.829468, -1.708984, -8.361816, 2.563476,Cycling
4599136, -0.372803, -0.263306, -0.916382, 1.281738, -10.620116, 5.920409,Cycling
4599156, -0.322998, -0.242920, -0.877075, -6.530760, -5.310058, 4.211426,Cycling
4599176, -0.378906, -0.209229, -0.889771, -5.249022, -10.864256, -2.197266,Cycling
4599196, -0.370972, -0.286499, -0.906128, -2.197266, -9.521484, -4.577638,Cycling
4599216, -0.163574, -0.190064, -0.997070, -11.840818, -14.648436, 2.197266,Cycling
4599236, -0.264282, -0.112183, -1.064576, -2.258301, -0.610352, -4.455568,Cycling
4599256, -0.011108, -0.048950, -0.988159, -2.075196, -16.418460, -4.394532,Cycling
4599276, -0.310303, -0.109375, -1.185669, 2.136231, -9.521484, -4.699708,Cycling
4599296, 0.051758, -0.048950, -1.065064, -1.403808, 8.239746, -6.958006,Cycling
4599316, -0.000366, -0.090088, -1.000122, 3.295898, -2.014160, -11.108396,Cycling
4599336, -0.234619, -0.049927, -1.062744, 4.333496, 1.342773, -6.591796,Cycling
4599356, -0.319946, -0.082764, -1.062988, 8.666994, 17.578130, -6.164550,Cycling
4599376, -0.228638, -0.224243, -0.984375, 5.859374, 21.179192, -7.995604,Cycling
4599396, -0.229248, -0.171631, -0.912110, 3.417968, 10.437010, -8.117676,Cycling
4599416, -0.468018, -0.370606, -0.840576, 13.122556, -5.859374, -3.784179,Cycling
4599436, -0.401123, -0.310059, -0.928589, 4.760742, 5.920409, 2.014160,Cycling
4599456, -0.285889, -0.295898, -0.902466, 4.760742, 4.821778, 4.211426,Cycling
4599476, -0.141724, -0.231812, -0.787842, 5.126952, -5.249022, 0.549316,Cycling
4599496, -0.250488, -0.198975, -0.960571, 7.019042, -6.713866, -0.549316,Cycling
4599516, -0.187988, -0.233643, -1.043335, 7.263182, 6.347656, -5.676268,Cycling
4599536, -0.039795, -0.276733, -1.012574, 5.004884, 7.751464, -12.390136,Cycling
4599556, -0.109009, -0.289307, -0.990234, 12.329100, 2.929687, -13.061520,Cycling
4599576, -0.197388, -0.427368, -0.996826, 13.061520, 11.169430, -8.056642,Cycling
4599596, -0.113647, -0.277100, -1.086914, 10.070800, 18.676760, 0.061035,Cycling
4599616, -0.202271, -0.074097, -1.048828, 18.920900, 31.372068, 1.403808,Cycling
4599636, -0.141724, -0.002075, -1.101929, 20.141600, 54.321280, 13.610836,Cycling
4599656, -0.125366, 0.019165, -0.927124, 19.226080, 50.964340, 4.028321,Cycling
4599676, -0.121460, -0.140015, -0.785889, 27.404780, 52.978500, 4.638672,Cycling
4599696, 0.143921, -0.168213, -0.882812, 12.634276, 27.587884, 3.845214,Cycling
4599716, 0.093750, 0.005859, -0.835694, 12.695310, 3.601074, -3.784179,Cycling
4599736, -0.184937, -0.217896, -0.919434, 28.564450, -11.047360, -10.131832,Cycling
4599756, -0.391235, -0.500244, -1.150513, 9.094240, -13.732908, -14.465330,Cycling
4599776, -0.359985, -0.419922, -1.046143, -13.854978, 11.474608, -16.235352,Cycling
4599796, 0.030640, -0.166016, -0.897461, -21.667476, 10.681150, -11.596676,Cycling
4599816, -0.099854, -0.194092, -0.994507, -11.718748, -0.366211, -14.404296,Cycling
4599836, -0.334473, -0.373047, -1.014038, -18.310550, 12.512204, -20.507810,Cycling
4599856, -0.187866, -0.264404, -0.902954, -20.690910, 12.756344, -16.784670,Cycling
4599876, -0.233521, -0.328369, -0.903198, -7.202148, 4.028321, -11.291500,Cycling
4599896, -0.197876, -0.573364, -0.774048, 0.732422, -13.671872, -7.812498,Cycling
4599916, -0.043823, -0.438843, -0.849487, -6.225584, -26.489250, -5.920409,Cycling
4599936, -0.100586, -0.446899, -0.858765, 1.892090, -30.517570, -6.164550,Cycling
4599956, -0.022583, -0.485474, -0.791138, -2.563476, -26.794430, -8.422854,Cycling
4599976, 0.026733, -0.385498, -0.844727, -6.225584, -34.240730, -2.990722,Cycling
4599996, -0.044434, -0.239868, -0.924561, -7.202148, -27.038570, -3.173828,Cycling
4600016, -0.110474, -0.328491, -0.924438, 4.821778, -19.714360, -9.216310,Cycling
4600036, -0.101440, -0.286865, -0.939331, -4.821778, -22.338860, -4.577638,Cycling
4600056, -0.128662, -0.130127, -1.013916, -0.793457, -13.183590, -3.723144,Cycling
4600076, -0.116455, -0.207886, -0.956665, 7.446288, -10.070800, -4.394532,Cycling
4600096, -0.173462, -0.236450, -1.124024, 0.854492, -2.258301, -0.610352,Cycling
4600116, -0.037109, -0.042847, -1.092652, 1.403808, 3.295898, -0.244141,Cycling
4600136, -0.172974, -0.118286, -1.108398, 0.427246, 12.207030, -6.713866,Cycling
4600156, -0.241577, -0.216553, -1.068482, 0.488281, 18.310550, -7.751464,Cycling
4600176, -0.200928, -0.145142, -1.024902, -3.356933, 20.385740, -4.882814,Cycling
4600196, -0.209839, -0.200806, -0.981445, -0.305176, 21.850580, -6.286620,Cycling
4600216, -0.226196, -0.230225, -1.052368, -4.150392, 20.141600, -6.774902,Cycling
4600236, -0.293701, -0.324463, -0.903076, -0.061035, 16.296390, -6.958006,Cycling
4600256, -0.223511, -0.332398, -0.847412, -0.915527, 8.605960, -3.845214,Cycling
4600276, -0.324707, -0.417847, -0.888550, 2.136231, 5.615234, -2.136231,Cycling
4600296, -0.161499, -0.404663, -0.900146, -0.427246, 6.469726, 0.305176,Cycling
4600316, -0.160645, -0.416748, -0.894287, 4.760742, 2.624511, -0.488281,Cycling
4600336, -0.102539, -0.334717, -0.873779, 7.202148, -2.929687, 2.380371,Cycling
4600356, -0.040405, -0.450562, -0.848389, 5.493162, -2.075196, -0.854492,Cycling
4600376, 0.013672, -0.389526, -0.892334, 5.004884, -10.681150, 1.464844,Cycling
4600396, -0.023315, -0.352905, -0.849243, 2.990722, -7.751464, 0.671386,Cycling
4600416, -0.057983, -0.344238, -0.917969, 6.042480, -15.441892, -1.098633,Cycling
4600436, -0.145752, -0.413086, -0.864624, 3.112792, -6.958006, -2.075196,Cycling
4600456, -0.089478, -0.266480, -0.963135, -1.281738, -14.038084, 1.525878,Cycling
4600476, -0.198242, -0.182983, -0.919922, 3.906249, -10.437010, 2.563476,Cycling
4600496, -0.155640, -0.195557, -1.006836, 0.061035, -6.652830, 0.549316,Cycling
4600516, -0.107910, -0.080688, -1.076660, 5.249022, -2.380371, -1.586914,Cycling
4600536, -0.203613, -0.288818, -1.050538, 3.479003, 6.103514, -6.896972,Cycling
4600556, -0.067871, -0.296143, -1.072266, -3.723144, 13.793944, -7.873534,Cycling
4600576, -0.038574, -0.307739, -0.979858, -8.361816, 10.375976, -3.173828,Cycling
4600636, -0.180664, -0.273560, -1.039185, -9.948730, 23.559568, -14.709470,Cycling
4600656, -0.284546, -0.048218, -0.928345, -13.488768, 29.968260, -19.226080,Cycling
4600796, -0.027344, -0.121338, -0.957031, 12.207030, 0.793457, 0.244141,Cycling
4600816, -0.234009, -0.092651, -1.115723, 9.216310, 21.118160, 4.516602,Cycling
4600836, -0.049316, -0.228027, -1.038818, 3.417968, 37.902840, 6.591796,Cycling
4600856, 0.005493, -0.145752, -0.887573, 4.699708, 32.653820, -8.239746,Cycling
4600876, -0.195190, -0.284912, -0.953369, 5.798338, 30.700680, -4.150392,Cycling
4600896, -0.168823, -0.348633, -0.856445, -0.244141, 31.249992, 4.394532,Cycling
4600916, -0.221558, -0.358398, -0.940552, 4.943848, 23.071284, 2.319336,Cycling
4600936, -0.204834, -0.542480, -0.823120, 0.305176, 24.169920, 3.479003,Cycling
4600956, 0.012329, -0.437378, -0.742798, -5.065916, 7.141112, 6.774902,Cycling
4600976, -0.043823, -0.367920, -0.900391, -7.080076, -0.793457, 10.009768,Cycling
4600996, 0.164673, -0.317261, -0.825440, -8.728030, 0.061035, 9.704590,Cycling
4601016, 0.108521, -0.158814, -0.979126, -10.559080, -3.845214, 10.314940,Cycling
4601036, 0.132080, -0.137207, -1.118774, -0.854492, -2.868652, 6.958006,Cycling
4601056, 0.132690, -0.285645, -0.996826, -1.159668, 13.305660, 3.295898,Cycling
4601076, 0.112915, -0.139771, -0.928711, -1.342773, -5.065916, 9.033204,Cycling
4601096, 0.009399, -0.158814, -1.045044, 4.821778, 9.216310, 9.094240,Cycling
4601116, -0.083618, -0.357544, -1.118530, 5.187988, 9.826660, 8.361816,Cycling
4601136, -0.085327, -0.352905, -0.949585, -0.183105, 14.099120, 8.850100,Cycling
4601156, -0.057251, -0.286865, -0.959229, -1.770019, 0.793457, 11.718748,Cycling
4601176, -0.035522, -0.343994, -0.982056, -1.342773, 3.784179, 11.840818,Cycling
4601196, -0.260254, -0.419312, -1.092774, -7.995604, 2.990722, 10.925290,Cycling
4601216, 0.033325, -0.366089, -0.819458, -6.164550, -9.765626, 14.648436,Cycling
4601236, -0.004517, -0.230835, -0.867676, -3.967285, -14.709470, 17.150880,Cycling
4601256, -0.045044, -0.372559, -0.983398, 2.563476, -7.446288, 14.953610,Cycling
4601276, 0.109253, -0.247803, -0.901001, -1.953124, -9.460450, 18.310550,Cycling
4601296, 0.025635, -0.059937, -0.997314, 1.464844, -10.681150, 15.869140,Cycling
4601316, -0.075195, -0.267578, -1.046997, 4.882814, 5.004884, 8.422854,Cycling
4601336, 0.093262, -0.362427, -0.860840, 3.234863, 6.591796, 2.990722,Cycling
4601356, 0.088867, -0.316772, -0.852417, 1.220704, -6.774902, 6.103514,Cycling
4601376, -0.189697, -0.352173, -1.021362, -4.699708, 2.868652, 9.521484,Cycling
4601396, 0.048218, -0.365723, -0.842041, -1.831054, 1.831054, 10.009768,Cycling
4601416, -0.120605, -0.326538, -0.921509, -7.080076, -1.586914, 8.666994,Cycling
4601436, -0.120728, -0.243408, -1.125488, -5.004884, 3.173828, 7.812498,Cycling
4601456, -0.046387, -0.313232, -0.944336, -6.408690, 7.141112, 9.338380,Cycling
4601476, 0.014160, -0.183594, -0.893433, -2.929687, -3.234863, 9.582520,Cycling
4601496, -0.191528, -0.253540, -0.998779, -3.356933, 4.516602, 10.009768,Cycling
4601516, -0.017578, -0.223877, -0.958374, -2.624511, 6.408690, 12.268064,Cycling
4601536, -0.059814, -0.269531, -0.968994, -2.990722, 6.713866, 11.291500,Cycling
4601556, -0.060669, -0.267456, -0.974854, -4.394532, 5.249022, 11.901852,Cycling
4601576, 0.005371, -0.254883, -0.922852, -5.493162, 6.286620, 11.047360,Cycling
4601596, -0.001953, -0.173462, -0.971314, -4.577638, -3.112792, 12.145992,Cycling
4601616, -0.157227, -0.254272, -1.011475, -3.784179, 9.643556, 9.094240,Cycling
4601636, 0.093506, -0.322876, -0.933594, -1.953124, 4.943848, 8.239746,Cycling
4601656, 0.001587, -0.278442, -0.959595, -5.920409, 5.187988, 14.526364,Cycling
4601676, 0.030762, -0.102661, -0.929688, -6.896972, 2.685546, 14.526364,Cycling
4601696, -0.159180, -0.291626, -1.025879, 2.319336, 8.850100, 7.995604,Cycling
4601716, -0.108276, -0.388550, -0.990723, -6.042480, 7.141112, 13.671872,Cycling
4601736, -0.015991, -0.291138, -0.947388, -5.554198, 2.624511, 16.601568,Cycling
4601756, -0.100952, -0.225708, -0.959473, -13.793944, 1.892090, 17.517090,Cycling
4601776, -0.105835, -0.169189, -0.980957, -7.202148, -2.075196, 13.916012,Cycling
4601796, -0.192017, -0.287109, -0.908081, -6.469726, 2.563476, 13.427732,Cycling
4601816, 0.064453, -0.178345, -0.882568, 0.854492, -0.976562, 9.155274,Cycling
4601836, -0.082397, -0.333496, -1.074952, -5.065916, 2.624511, 9.338380,Cycling
4601856, 0.158569, -0.140869, -1.033814, -1.220704, 0.244141, 13.000484,Cycling
4601876, -0.026733, -0.141602, -1.136475, 0.732422, 9.887696, 16.418460,Cycling
4601896, 0.068115, -0.190674, -1.054078, 2.014160, 18.554690, 11.962890,Cycling
4601916, 0.154297, -0.244751, -0.922241, 9.460450, 8.911134, 10.070800,Cycling
4601936, -0.233398, -0.378052, -1.034424, 1.586914, 9.887696, 9.643556,Cycling
4601956, -0.048706, -0.285889, -0.931519, -0.305176, 16.479492, 18.859868,Cycling
4601976, -0.090332, -0.323486, -0.947510, -3.906249, 14.099120, 12.390136,Cycling
4601996, -0.057007, -0.277832, -0.975708, -3.479003, 12.573240, 10.559080,Cycling
4602016, -0.091919, -0.298340, -0.890381, -0.122070, 13.488768, 10.498044,Cycling
4602036, -0.031372, -0.288818, -0.927124, -0.549316, 14.038084, 14.099120,Cycling
4602056, -0.005981, -0.228027, -0.986450, -0.854492, 14.953610, 16.967780,Cycling
4602076, 0.069580, -0.063843, -0.945801, 4.333496, 5.187988, 19.958500,Cycling
4602096, -0.130371, -0.246216, -1.020142, 7.263182, 14.709470, 16.113284,Cycling
4602116, -0.028198, -0.327759, -0.817749, 4.943848, 16.540530, 18.432620,Cycling
4602136, 0.167480, -0.221314, -0.832886, 1.586914, 12.084960, 16.967780,Cycling
4602156, 0.123535, -0.294190, -0.945312, -6.103514, 10.070800, 21.911620,Cycling
4602176, 0.069214, -0.149292, -0.967163, -3.234863, 9.155274, 22.277830,Cycling
4602196, -0.181885, -0.358398, -1.057373, -5.126952, 13.061520, 18.737796,Cycling
4602216, 0.056519, -0.212036, -0.935547, -9.155274, 17.150880, 21.667476,Cycling
4602236, 0.078980, -0.185791, -1.088135, -1.220704, 13.366696, 19.470220,Cycling
4602256, 0.075073, -0.183594, -1.053955, -1.342773, 20.507810, 21.362300,Cycling
4602276, 0.068237, -0.140137, -1.084351, 7.385252, 15.991210, 18.310550,Cycling
4602296, -0.044312, -0.132446, -1.054444, 16.052250, 18.127448, 19.592290,Cycling
4602316, -0.028809, -0.313843, -0.994019, 21.057124, 24.719230, 17.883300,Cycling
4602336, 0.086060, -0.327515, -0.910767, 17.883300, 18.188480, 21.423332,Cycling
4602356, 0.017334, -0.335571, -0.860718, 17.211920, 12.878416, 23.193352,Cycling
4602376, 0.007690, -0.385010, -0.841064, 12.573240, 17.395020, 23.376460,Cycling
4602396, 0.084473, -0.419312, -0.769043, 10.986324, 11.596676, 23.132320,Cycling
4602416, 0.015381, -0.424316, -0.783325, 5.737304, 1.953124, 17.333990,Cycling
4602436, 0.101807, -0.500000, -0.890259, 8.911134, -4.699708, 18.066410,Cycling
4602456, 0.030884, -0.469849, -0.844360, -2.014160, -10.314940, 17.028810,Cycling
4602476, 0.128174, -0.404297, -0.709229, 8.666994, -18.554690, 18.310550,Cycling
4602496, 0.079224, -0.561157, -0.793457, 6.347656, -24.414060, 16.784670,Cycling
4602516, 0.148071, -0.567383, -0.808838, -5.554198, -34.057620, 21.667476,Cycling
4602536, 0.176514, -0.345215, -0.876221, -13.671872, -42.785640, 27.587884,Cycling
4602556, 0.028809, -0.237549, -0.858887, -2.197266, -37.231450, 15.747068,Cycling
4602576, 0.140869, -0.247925, -0.923706, 5.371092, -27.526850, 4.638672,Cycling
4602596, 0.058228, -0.301636, -0.988526, 6.958006, -29.663080, -2.441407,Cycling
4602616, 0.006226, -0.352905, -0.885376, 10.925290, -23.925780, -6.835936,Cycling
4602636, 0.047852, -0.421631, -0.902344, 11.657712, -28.503410, -4.638672,Cycling
4602656, 0.023315, -0.362061, -0.980225, 5.920409, -31.005852, 3.295898,Cycling
4602676, -0.044556, -0.321655, -0.942627, 12.695310, -31.799310, 8.117676,Cycling
4602696, -0.096436, -0.362549, -0.839844, 11.962890, -37.658700, 7.080076,Cycling
4602716, -0.188477, -0.330444, -0.878540, 16.784670, -41.870110, 2.014160,Cycling
4602736, -0.083130, -0.451172, -0.843384, 0.854492, -30.822750, -1.953124,Cycling
4602756, -0.041138, -0.234863, -0.754883, 2.319336, -41.564930, 1.464844,Cycling
4602816, -0.147705, -0.324829, -0.972412, -9.033204, -47.363270, -10.437010,Cycling
4602836, -0.055298, -0.307373, -1.048218, -3.845214, -41.015620, -10.375976,Cycling
4602856, -0.063477, -0.423340, -1.017578, -7.385252, -40.222160, -15.624996,Cycling
4602876, -0.066406, -0.198364, -0.961670, -6.713866, -48.645010, -8.850100,Cycling
4602896, -0.203613, -0.132813, -1.126099, -9.277344, -41.625960, -16.540530,Cycling
4602916, -0.086304, -0.133179, -1.234497, -7.141112, -27.099608, -18.066410,Cycling
4602936, 0.307495, 0.059937, -1.145996, -8.728030, -16.845708, -15.319820,Cycling
4602956, -0.177979, -0.101685, -1.106324, 15.747068, -14.465330, -16.052250,Cycling
4602976, -0.288940, -0.147705, -1.193360, 9.704590, 0.793457, -3.479003,Cycling
4602996, -0.430908, -0.240356, -0.990356, 3.967285, 16.662600, -9.948730,Cycling
4603016, -0.291138, -0.280274, -0.733521, 2.197266, 4.272462, -11.230468,Cycling
4603036, -0.379272, -0.297485, -0.896362, -11.962890, -19.104010, -5.920409,Cycling
4603056, -0.483887, -0.304566, -0.850952, -10.925290, -9.704590, -11.962890,Cycling
4603076, -0.300171, -0.430298, -0.749878, -16.479492, -13.671872, -10.986324,Cycling
4603096, -0.335327, -0.448364, -0.885376, -23.498530, -20.080560, -5.920409,Cycling
4603116, -0.150513, -0.387451, -0.899658, -29.663080, -10.498044, -4.699708,Cycling
4603136, -0.046387, -0.243530, -0.851196, -20.263670, -18.615724, -4.089356,Cycling
4603156, -0.245605, -0.282105, -1.028198, -18.615724, -8.911134, -11.840818,Cycling
4603176, -0.129028, -0.258545, -0.927612, -14.343260, -0.793457, -23.620600,Cycling
4603196, -0.207520, -0.273560, -0.980591, -9.338380, 2.624511, -28.198240,Cycling
4603216, 0.006592, -0.294190, -0.984375, -10.925290, 17.333990, -31.555170,Cycling
4603236, 0.122314, -0.231934, -0.951904, -1.281738, 11.840818, -27.832030,Cycling
4603256, -0.016968, -0.316650, -0.997803, 4.211426, 11.779784, -22.644040,Cycling
4603276, 0.051880, -0.140015, -1.176148, -4.089356, 17.395020, -17.272950,Cycling
4603296, -0.115601, -0.287720, -1.010864, 6.774902, 20.690910, -27.038570,Cycling
4603316, 0.037354, -0.141602, -0.993042, 1.098633, 10.559080, -24.780270,Cycling
4603336, -0.257813, -0.335327, -1.029541, 3.662109, 8.911134, -27.893060,Cycling
4603356, -0.194580, -0.349487, -0.986206, -7.507323, 5.187988, -24.597160,Cycling
4603376, -0.255737, -0.310059, -0.909058, -3.234863, -12.207030, -25.756830,Cycling
4603396, -0.056885, -0.285156, -0.783325, -11.840818, -26.062010, -24.475090,Cycling
4603416, -0.160278, -0.183228, -0.939209, -10.803220, -33.569340, -22.277830,Cycling
4603436, -0.037231, -0.103027, -1.076782, -9.887696, -29.479976, -23.864740,Cycling
4603456, 0.041992, -0.224731, -0.940308, -2.075196, -30.761716, -32.592780,Cycling
4603476, -0.186401, -0.331787, -1.066772, -11.108396, -29.724120, -29.541010,Cycling
4603496, -0.182251, -0.430420, -0.897339, -13.549804, -4.821778, -28.442380,Cycling
4603516, -0.306152, -0.435547, -0.780640, -12.390136, -15.197750, -24.475090,Cycling
4603536, -0.388428, -0.339478, -1.019654, -16.296390, -5.432128, -18.188480,Cycling
4603556, -0.189819, -0.350220, -1.017578, -17.700200, -3.723144, -20.935052,Cycling
4603576, -0.044800, -0.338867, -0.808106, -12.207030, -19.226080, -23.071284,Cycling
4603596, -0.280640, -0.381592, -0.796997, -8.178714, -14.465330, -20.935052,Cycling
4603616, -0.206299, -0.365967, -0.971070, -5.371092, -7.141112, -17.272950,Cycling
4603636, -0.034912, -0.394653, -0.909424, -7.263182, -10.253904, -19.836430,Cycling
4603656, -0.034302, -0.272217, -0.848511, -4.455568, -28.320310, -20.996090,Cycling
4603676, -0.217041, -0.325928, -0.834717, -3.479003, -26.062010, -20.935052,Cycling
4603696, -0.264282, -0.395752, -0.885620, -2.197266, -28.625480, -19.653320,Cycling
4603716, -0.269898, -0.486938, -0.929932, -4.272462, -26.428220, -20.385740,Cycling
4603736, -0.149902, -0.462769, -0.853150, -7.751464, -35.400400, -20.751950,Cycling
4603756, -0.269898, -0.407349, -0.892090, -9.643556, -44.128410, -19.348150,Cycling
4603776, -0.152832, -0.238159, -0.985352, -13.854978, -49.804680, -20.385740,Cycling
4603796, -0.181641, -0.145996, -1.041138, -14.282224, -57.739250, -22.094720,Cycling
4603816, -0.291382, -0.226807, -1.050782, -19.104010, -66.345240, -26.489250,Cycling
4603836, -0.213501, -0.242065, -1.011475, -21.423332, -95.153800, -28.564450,Cycling
4603856, -0.311279, -0.211792, -0.851074, -19.165040, -96.618640, -21.972650,Cycling
4603876, -0.328735, 0.070923, -0.913086, -14.282224, -84.045400, -14.404296,Cycling
4603896, -0.403687, 0.153809, -1.099976, -10.070800, -44.982900, -15.869140,Cycling
4603916, -0.335083, -0.148438, -1.227906, -10.375976, -7.141112, -20.935052,Cycling
4603936, -0.264282, -0.211426, -1.146484, -16.174320, 8.483890, -24.536130,Cycling
4603956, -0.281250, -0.122559, -1.003052, -16.723632, 17.333990, -23.925780,Cycling
4603976, -0.407471, -0.152344, -0.968750, -14.465330, 29.724120, -16.235352,Cycling
4603996, -0.368896, -0.024658, -1.021606, -13.671872, 33.386240, -5.432128,Cycling
4604016, -0.411377, 0.002319, -1.076782, -9.887696, 35.827640, -6.286620,Cycling
4604056, -0.567261, -0.240479, -0.768066, -5.920409, 14.770504, -12.207030,Cycling
4604076, -0.547241, -0.264038, -0.779419, -7.324218, 15.258788, -13.549804,Cycling
4604096, -0.390625, -0.207764, -0.786865, -9.155274, 16.540530, -13.610836,Cycling
4604116, -0.481323, -0.361328, -0.734009, -8.850100, 9.887696, -13.549804,Cycling
4604356, -0.406494, -0.396851, -0.854126, -5.737304, -20.996090, -26.489250,Cycling
4604376, -0.262573, -0.192871, -0.851074, -10.925290, -23.193352, -23.803708,Cycling
4604456, -0.196289, 0.093262, -1.291016, -7.995604, 30.395500, -14.648436,Cycling
4604476, -0.138184, 0.182617, -1.364990, 3.173828, 51.574700, -4.455568,Cycling
4604496, -0.200195, 0.133423, -1.343994, 2.441407, 67.016600, 0.061035,Cycling
4604656, -0.325806, -0.205200, -0.870117, -3.356933, 58.776840, 5.981444,Cycling
4604676, -0.344482, -0.219116, -0.845581, -9.277344, 50.659170, 6.347656,Cycling
4604696, -0.336914, -0.146118, -0.976196, -1.770019, 63.720700, 7.873534,Cycling
4604716, -0.137085, -0.345459, -0.882690, 1.037598, 57.373040, 10.437010,Cycling
4604736, -0.175781, -0.159058, -0.852783, -4.455568, 53.466780, 12.512204,Cycling
4604756, -0.107300, -0.171387, -0.870972, 8.605960, 51.025380, 6.164550,Cycling
4604776, -0.171875, -0.500366, -0.784424, 16.174320, 55.480940, 5.554198,Cycling
4604796, -0.149292, -0.466431, -0.748535, 6.286620, 43.273920, 21.362300,Cycling
4604816, 0.149536, -0.180542, -0.702393, 14.343260, 25.268550, 28.442380,Cycling
4604836, -0.141968, -0.416260, -1.019898, 14.770504, 30.517570, 22.705070,Cycling
4604856, -0.005737, -0.313965, -0.945557, 10.314940, 23.254390, 20.385740,Cycling
4604876, -0.076782, -0.373047, -0.867554, 14.465330, 19.165040, 16.723632,Cycling
4604896, -0.240479, -0.473999, -0.840942, 7.446288, 19.836430, 18.005376,Cycling
4604916, -0.214355, -0.587891, -0.976685, 6.225584, 5.737304, 13.854978,Cycling
4604936, -0.151611, -0.640747, -0.727539, 0.061035, 4.699708, 10.681150,Cycling
4604956, -0.046997, -0.463623, -0.719116, -1.892090, -22.521970, 9.826660,Cycling
4604976, -0.231323, -0.471191, -0.968994, -8.178714, -17.883300, 16.296390,Cycling
4604996, 0.067383, -0.291748, -0.786255, -6.591796, -11.779784, 11.352536,Cycling
4605016, 0.110596, -0.268799, -0.810913, 2.441407, -26.855464, 10.681150,Cycling
4605036, 0.119263, -0.129150, -1.051636, 0.366211, -15.197750, 11.047360,Cycling
4605056, 0.273682, -0.134644, -1.124878, 6.835936, -8.605960, 11.657712,Cycling
4605076, -0.011719, -0.367066, -1.140625, 4.150392, -8.300784, 13.549804,Cycling
4605096, 0.259888, 0.013062, -0.956055, 1.342773, -10.253904, 17.822270,Cycling
4605116, 0.093994, 0.030884, -1.140015, 9.338380, -2.807617, 17.639160,Cycling
4605136, -0.044067, -0.124146, -1.069336, 3.051757, 23.132320, 14.953610,Cycling
4605156, -0.070313, -0.083374, -0.966919, 5.615234, 16.296390, 13.488768,Cycling
4605176, -0.261230, -0.123535, -1.007812, -3.601074, 13.427732, 15.380856,Cycling
4605196, -0.183228, 0.030518, -1.078980, -1.220704, 22.460930, 15.258788,Cycling
4605216, -0.257568, -0.227905, -1.077270, -1.220704, 24.475090, 7.873534,Cycling
4605236, -0.107178, -0.142456, -0.857666, -8.666994, 21.911620, 9.094240,Cycling
4605256, -0.072144, 0.104492, -0.883545, -9.948730, 7.995604, 12.512204,Cycling
4605276, -0.297485, -0.090210, -1.201782, 1.342773, 31.494136, 5.493162,Cycling
4605296, -0.066406, -0.348145, -0.969727, -5.737304, 54.870600, -4.394532,Cycling
4605316, 0.086304, -0.174927, -0.956299, -5.310058, 37.536620, 11.230468,Cycling
4605336, 0.011597, -0.177246, -1.063599, 3.967285, 26.123040, 6.225584,Cycling
4605356, 0.238525, -0.294067, -0.964234, 10.314940, 32.165540, 2.990722,Cycling
4605376, 0.100464, -0.363892, -1.021484, 6.958006, 27.587884, 7.324218,Cycling
4605396, 0.086914, -0.284424, -1.019043, 7.751464, 32.165540, 13.793944,Cycling
4605416, 0.080200, -0.261108, -0.945557, 16.906740, 33.142100, 17.211920,Cycling
4605436, 0.024292, -0.273071, -0.939331, 17.639160, 27.709956, 18.432620,Cycling
4605456, -0.006714, -0.295898, -0.897705, 20.812980, 19.287110, 16.723632,Cycling
4605476, -0.036499, -0.352173, -0.833618, 21.545408, 13.183590, 16.174320,Cycling
4605496, -0.014038, -0.444214, -0.872314, 17.883300, 8.056642, 14.282224,Cycling
4605516, -0.069336, -0.603028, -0.890259, 15.319820, 8.178714, 15.869140,Cycling
4605536, 0.162231, -0.495483, -0.737427, 4.943848, -1.708984, 20.690910,Cycling
4605556, 0.201294, -0.418091, -0.686768, -2.807617, -21.789548, 24.597160,Cycling
4605576, 0.187744, -0.268311, -0.937500, 3.906249, -14.038084, 24.047850,Cycling
4605596, 0.264893, -0.164429, -1.082276, 1.342773, -1.770019, 28.259270,Cycling
4605616, 0.120361, -0.214844, -1.104736, 15.930172, 1.525878, 22.583000,Cycling
4605636, 0.056274, -0.302124, -0.955200, 13.793944, 5.432128, 17.639160,Cycling
4605656, 0.105835, -0.345337, -0.901856, 12.084960, -8.972170, 14.526364,Cycling
4605676, -0.132446, -0.448853, -0.934204, 4.882814, -25.451652, 16.235352,Cycling
4605696, -0.106445, -0.419800, -0.881958, -2.441407, -25.756830, 22.521970,Cycling
4605716, -0.004272, -0.433106, -0.844604, -6.103514, -28.564450, 29.907220,Cycling
4605736, -0.107788, -0.402710, -0.859009, -9.704590, -32.775880, 31.066890,Cycling
4605756, -0.091064, -0.388428, -0.847778, -7.141112, -27.954100, 30.822750,Cycling
4605776, -0.116455, -0.385742, -0.876099, -10.986324, -24.414060, 23.925780,Cycling
4605796, 0.109009, -0.375977, -0.816406, -1.586914, -33.142100, 16.906740,Cycling
4605816, 0.062256, -0.403931, -0.926636, -8.789064, -34.423840, 16.784670,Cycling
4605836, 0.093628, -0.340210, -0.903809, -6.103514, -30.273430, 16.723632,Cycling
4605856, 0.077881, -0.348145, -0.951782, -7.446288, -32.531740, 14.709470,Cycling
4605876, 0.108398, -0.228394, -0.981445, -4.943848, -26.428220, 11.169430,Cycling
4605896, 0.038086, -0.260132, -1.027466, 1.831054, -22.766110, 7.690428,Cycling
4605916, 0.111816, -0.201660, -0.989502, -1.770019, -17.761230, 7.995604,Cycling
4605936, 0.040039, -0.157959, -0.999146, 8.422854, -16.357424, 6.835936,Cycling
4605956, -0.174683, -0.299316, -1.010132, 8.544924, -11.413570, 5.737304,Cycling
4605976, -0.068848, -0.232666, -0.927734, 2.746581, -4.699708, 8.972170,Cycling
4605996, -0.134766, -0.222168, -1.011108, 3.173828, -6.164550, 13.244628,Cycling
4606016, -0.231323, -0.225708, -0.913696, 4.760742, 2.014160, 15.197750,Cycling
4606036, -0.156738, -0.143188, -0.998413, 0.305176, 1.098633, 20.141600,Cycling
4606056, -0.293945, -0.211426, -1.072266, 10.620116, 5.432128, 12.451170,Cycling
4606076, -0.202026, -0.365601, -1.017456, -3.173828, 14.953610, 11.230468,Cycling
4606096, 0.080566, -0.156738, -0.961792, -6.042480, 8.850100, 12.145992,Cycling
4606116, -0.156982, -0.265747, -1.035522, 3.051757, -2.380371, 11.230468,Cycling
4606136, 0.066895, -0.241699, -0.902222, -9.582520, 2.014160, 9.277344,Cycling
4606156, 0.036133, -0.153442, -1.009888, 2.502442, -10.681150, 4.882814,Cycling
4606176, -0.092285, -0.240845, -1.004028, -2.929687, -1.647949, 9.460450,Cycling
4606196, -0.004517, -0.166016, -0.982422, 1.098633, -1.525878, 10.131832,Cycling
4606216, -0.134033, -0.302612, -0.885620, 5.004884, -8.483890, -1.708984,Cycling
4606236, -0.302124, -0.363770, -0.867798, -3.295898, -22.888180, -3.051757,Cycling
4606256, -0.301880, -0.284058, -0.920776, -2.868652, -12.390136, 0.610352,Cycling
4606276, -0.213013, -0.387085, -0.916626, 5.798338, -4.211426, -3.784179,Cycling
4606296, -0.004272, -0.364502, -0.910645, -6.042480, -8.239746, 3.540038,Cycling
4606316, -0.029053, -0.244995, -0.983765, -5.432128, -10.681150, 5.981444,Cycling
4606336, 0.027222, -0.296997, -1.092041, 7.629394, -11.413570, 8.056642,Cycling
4606356, 0.101685, -0.338135, -1.088623, 7.873534, -10.375976, 11.779784,Cycling
4606376, 0.278442, -0.202759, -1.110474, 7.995604, -18.981940, 17.272950,Cycling
4606396, 0.088135, -0.067139, -1.129639, 10.009768, -30.761716, 21.362300,Cycling
4606416, -0.188477, -0.064209, -0.899170, 27.099608, -24.475090, 1.342773,Cycling
4606436, -0.394775, -0.212402, -0.928467, 23.193352, -4.882814, -12.084960,Cycling
4606456, -0.226563, -0.218628, -0.897705, 28.564450, 17.456060, -17.456060,Cycling
4606476, -0.254883, -0.458008, -0.975830, 20.935052, 18.554690, -23.559568,Cycling
4606496, -0.114258, -0.404663, -0.872314, 13.366696, 6.103514, -13.977050,Cycling
4606516, -0.223145, -0.375977, -0.795654, 13.000484, -12.268064, -13.061520,Cycling
4606536, -0.327148, -0.460938, -0.821900, 19.104010, -29.663080, -8.117676,Cycling
4606556, -0.429810, -0.622437, -0.770264, 16.845708, -39.489750, -9.216310,Cycling
4606576, -0.400146, -0.633545, -0.725220, 8.056642, -39.062500, -3.906249,Cycling
4606596, -0.173218, -0.480347, -0.594604, 1.220704, -39.611820, 5.004884,Cycling
4606616, 0.021118, -0.314453, -0.701904, -3.601074, -41.259760, 1.220704,Cycling
4606636, -0.168335, -0.345337, -0.808716, 11.474608, -30.883784, -13.854978,Cycling
4606656, -0.266724, -0.531738, -0.886108, 9.948730, 10.803220, -20.874020,Cycling
4606676, 0.185669, -0.268066, -0.838501, 11.657712, 21.789548, -20.019532,Cycling
4606696, 0.153564, -0.447754, -1.037232, 20.446770, 23.437492, -20.751950,Cycling
4606716, 0.138184, -0.493774, -1.136597, 11.413570, 20.568840, -12.145992,Cycling
4606736, -0.067627, -0.415161, -1.076172, 9.765626, 13.610836, -3.723144,Cycling
4606756, -0.059082, -0.096436, -1.031982, 7.507323, 9.948730, 2.258301,Cycling
4606776, -0.294922, -0.266113, -0.979980, 23.010250, 9.948730, -4.699708,Cycling
4606796, -0.270264, -0.479370, -0.870728, 11.962890, 5.737304, -9.399414,Cycling
4606816, -0.399780, -0.548584, -0.571655, 11.108396, -8.789064, -11.291500,Cycling
4606836, -0.535645, -0.687012, -0.608154, 3.540038, -15.808104, -5.493162,Cycling
4606856, -0.625366, -0.743652, -0.795532, -4.943848, -5.737304, 5.859374,Cycling
4606876, -0.012085, -0.766968, -0.706909, -14.404296, -26.123040, 9.521484,Cycling
4606896, -0.078125, -0.587524, -0.613037, -17.150880, -53.588860, 11.901852,Cycling
4606916, -0.087280, -0.568237, -0.782715, -13.488768, -56.884760, 15.502928,Cycling
4606936, -0.024292, -0.443604, -0.906616, -20.996090, -55.847160, 19.531250,Cycling
4606956, 0.233765, -0.173950, -0.953858, -13.305660, -56.274400, 11.474608,Cycling
4606976, -0.187744, -0.333252, -1.081543, 0.549316, -53.588860, -2.746581,Cycling
4607016, -0.122314, -0.345581, -0.907349, -0.671386, -41.748040, -0.732422,Cycling
4607036, -0.382324, -0.312744, -0.954346, 0.183105, -38.879400, 1.281738,Cycling
4607056, -0.456787, -0.472046, -0.929566, -1.892090, -32.348640, 4.272462,Cycling
4607076, -0.297241, -0.285645, -0.922730, -9.399414, -35.705570, 4.089356,Cycling
4607096, -0.217285, -0.145874, -0.760376, -3.356933, -32.775880, -5.615234,Cycling
4607116, -0.826172, -0.420288, -1.228882, -6.530760, -23.925780, -7.751464,Cycling
4607136, -0.418701, -0.406616, -1.016968, -16.723632, 23.010250, -3.051757,Cycling
4607156, 0.060425, -0.315796, -0.822022, -12.390136, -9.826660, -1.098633,Cycling
4607176, -0.357056, -0.179199, -1.101562, -15.380856, -11.108396, 5.554198,Cycling
4607196, -0.280640, -0.091064, -1.144654, -16.845708, 1.831054, 2.868652,Cycling
4607216, -0.474854, -0.192871, -0.992554, -14.221190, 13.305660, -13.427732,Cycling
4607236, -0.359253, -0.256226, -0.868530, -10.742184, 5.493162, -13.916012,Cycling
4607256, -0.478638, -0.312134, -0.918213, -7.019042, 14.526364, -11.718748,Cycling
4607276, -0.184326, -0.457642, -0.762207, -5.920409, 9.643556, -5.187988,Cycling
4607296, -0.373657, -0.211792, -0.954224, -8.361816, -7.019042, 1.647949,Cycling
4607316, -0.151855, -0.181519, -1.010864, -12.329100, 16.052250, 1.281738,Cycling
4607336, -0.341675, -0.185059, -1.145752, -9.216310, 25.451652, -13.183590,Cycling
4607356, 0.049072, -0.243897, -0.846802, -11.901852, 22.399900, -8.911134,Cycling
4607376, -0.408936, -0.142578, -1.089234, -15.441892, 28.381340, -17.028810,Cycling
4607396, -0.239990, -0.389526, -0.933716, -9.216310, 38.574220, -17.333990,Cycling
4607416, -0.251831, -0.420044, -0.745117, -11.474608, 30.090330, -17.395020,Cycling
4607436, -0.421753, -0.503540, -0.660767, -8.911134, 8.056642, -11.901852,Cycling
4607456, -0.405640, -0.335083, -0.712036, -10.925290, 5.432128, -2.075196,Cycling
4607476, -0.463867, -0.323975, -0.820312, -8.911134, -1.159668, -1.586914,Cycling
4607496, -0.281738, -0.370728, -0.717407, -3.234863, -1.159668, -6.469726,Cycling
4607516, -0.274902, -0.522461, -0.697754, -6.958006, -15.991210, -5.798338,Cycling
4607536, -0.273193, -0.391235, -0.903564, -10.437010, -18.981940, -0.793457,Cycling
4607556, -0.169800, -0.273926, -0.996948, -15.075680, -17.211920, -3.295898,Cycling
4607576, -0.215088, -0.319702, -1.058716, -12.695310, -8.850100, -12.145992,Cycling
4607596, 0.039673, -0.242676, -0.941162, -13.488768, -14.465330, -11.535644,Cycling
4607616, -0.132080, -0.182495, -0.961304, -6.591796, -14.465330, -16.052250,Cycling
4607636, -0.196289, -0.342407, -0.893433, -1.098633, -10.314940, -15.441892,Cycling
4607656, -0.375122, -0.344116, -1.012696, -3.295898, -1.464844, -10.681150,Cycling
4607736, -0.375366, -0.271606, -0.869629, -6.958006, -2.868652, -6.958006,Cycling
4607756, -0.354248, -0.542847, -0.771118, -9.887696, -3.601074, -3.906249,Cycling
4607776, -0.305298, -0.221314, -0.893188, -19.165040, -8.850100, 9.521484,Cycling
4607796, -0.407959, -0.083008, -1.022950, -10.253904, 4.089356, 5.371092,Cycling
4607856, 0.067505, -0.199097, -1.000000, -6.408690, 31.372068, -16.113284,Cycling
4607876, 0.046265, 0.010620, -0.955688, -1.831054, 17.395020, -4.882814,Cycling
4607896, -0.308716, -0.120361, -1.109009, 0.976562, 29.052730, -2.929687,Cycling
4607916, -0.458252, -0.363403, -1.104614, 5.126952, 38.879400, 0.549316,Cycling
4607936, -0.301880, -0.578980, -0.791138, -9.216310, 45.959460, -7.934570,Cycling
4607956, -0.080200, -0.286865, -0.791504, -17.517090, 19.287110, 6.591796,Cycling
4607976, -0.407959, -0.265747, -0.967652, -21.057124, 24.902340, 3.540038,Cycling
4607996, -0.219360, -0.191162, -0.848267, -16.784670, 20.874020, 1.342773,Cycling
4608016, -0.463501, -0.285522, -0.944946, -17.883300, 22.033690, -1.953124,Cycling
4608036, -0.345703, -0.331787, -0.854492, -16.906740, 23.132320, 1.831054,Cycling
4608056, -0.216187, -0.254517, -0.885010, -15.930172, 15.319820, 3.173828,Cycling
4608076, -0.158203, -0.209595, -1.019410, -10.620116, 13.732908, 6.347656,Cycling
4608096, -0.159912, -0.268188, -0.937744, -2.807617, 13.610836, 6.896972,Cycling
4608116, -0.128418, -0.266480, -1.001343, -3.173828, 8.300784, 10.681150,Cycling
4608136, -0.142334, -0.215576, -1.030762, -2.502442, 9.948730, 11.718748,Cycling
4608156, 0.030273, -0.226563, -0.798584, -5.432128, 9.033204, 6.591796,Cycling
4608176, -0.045166, -0.166626, -0.953003, -5.493162, 1.892090, 7.507323,Cycling
4608196, -0.129517, -0.185669, -0.943726, -12.878416, 13.854978, 2.929687,Cycling
4608216, -0.128052, -0.316284, -0.870606, -10.070800, 4.943848, -7.324218,Cycling
4608236, -0.368408, -0.343872, -0.879761, -29.602044, -6.652830, -6.713866,Cycling
4608256, -0.240601, -0.203491, -0.871338, -21.179192, -3.906249, -14.038084,Cycling
4608276, -0.175659, -0.340088, -0.860474, -17.089850, -12.939450, -19.226080,Cycling
4608296, -0.206299, -0.311157, -1.065308, -15.991210, -15.624996, -15.930172,Cycling
4608316, -0.203491, -0.317261, -0.972412, -15.136716, -18.798830, -10.437010,Cycling
4608336, -0.044556, -0.168457, -0.899170, -17.639160, -31.494136, -5.310058,Cycling
4608356, -0.084595, -0.045166, -0.969971, -9.948730, -32.958990, -4.333496,Cycling
4608376, -0.091919, -0.123413, -0.988281, 6.713866, -30.029290, -2.929687,Cycling
4608396, -0.171631, -0.262573, -0.974121, 9.704590, -27.526850, -2.258301,Cycling
4608497, -0.233398, -0.211914, -0.864746, 5.493162, -2.746581, -1.220704,Cycling
4608517, -0.189331, -0.159058, -0.882080, 13.122556, -5.981444, -6.042480,Cycling
4608537, -0.179688, -0.195923, -0.902954, 14.221190, -6.652830, -3.051757,Cycling
4608557, -0.160645, -0.215698, -0.913330, 15.747068, -13.305660, -9.399414,Cycling
4608577, -0.216064, -0.226440, -1.030030, 5.310058, -14.526364, -11.840818,Cycling
4608597, -0.169312, -0.033813, -1.167603, 4.028321, -0.549316, -4.028321,Cycling
4608617, -0.000244, 0.088135, -1.179078, 9.094240, 2.685546, -1.403808,Cycling
4608637, -0.208252, -0.066162, -1.168213, 22.888180, -0.793457, -5.432128,Cycling
4608657, -0.327393, -0.265137, -1.064576, 16.662600, 2.197266, -6.530760,Cycling
4608677, -0.420410, -0.359619, -0.859009, 13.854978, -13.671872, -6.103514,Cycling
4608697, -0.404297, -0.251221, -0.787598, 1.098633, -23.986810, -0.061035,Cycling
4608717, -0.353760, -0.091309, -0.781738, 6.713866, -33.996590, 2.258301,Cycling
4608737, -0.376221, -0.065674, -0.949951, 3.051757, -29.663080, 5.187988,Cycling
4608757, -0.229492, 0.000366, -0.900024, 6.225584, -19.531250, -5.187988,Cycling
4608777, -0.208374, -0.076294, -0.953613, 8.666994, -20.935052, -9.216310,Cycling
4608797, -0.140625, -0.145630, -1.087036, 7.446288, -10.253904, -10.742184,Cycling
4608817, -0.009521, -0.028564, -1.213501, 0.305176, 3.662109, -6.591796,Cycling
4608837, -0.143799, -0.059814, -1.108032, 9.826660, 5.126952, -5.371092,Cycling
4608857, -0.257935, -0.122192, -1.012818, 7.629394, 11.474608, -1.953124,Cycling
4608877, -0.446289, -0.047485, -0.999268, 9.704590, 22.094720, 1.770019,Cycling
4608897, -0.526612, -0.347290, -0.827515, 29.418940, 20.690910, -1.708984,Cycling
4608917, -0.482788, -0.516846, -0.713379, 3.784179, 19.714360, -2.258301,Cycling
4608937, -0.452515, -0.184448, -0.792236, -5.920409, 15.075680, 6.835936,Cycling
4608957, -0.383179, -0.222412, -0.809937, 7.446288, 20.324700, 4.455568,Cycling
4608977, -0.374024, -0.311646, -0.789917, 2.258301, 9.521484, -1.037598,Cycling
4608997, -0.363037, -0.229858, -0.755493, 1.586914, 7.202148, -6.286620,Cycling
4609017, -0.312744, -0.471191, -0.714722, 17.578130, -3.234863, -12.451170,Cycling
4609037, -0.169800, -0.456299, -0.933228, -8.972170, -3.051757, -3.540038,Cycling
4609057, -0.064575, -0.275024, -0.921997, -4.943848, -1.159668, 0.305176,Cycling
4609077, -0.167969, -0.296509, -0.942749, -0.366211, -8.911134, -1.403808,Cycling
4609097, -0.205322, -0.291382, -0.883423, 0.915527, -9.948730, -7.812498,Cycling
4609117, -0.198975, -0.403076, -0.786255, 2.014160, -15.319820, -16.540530,Cycling
4609137, -0.024048, -0.229980, -0.886108, -5.737304, -17.333990, -14.770504,Cycling
4609157, -0.282105, -0.234375, -0.936524, 7.446288, -13.427732, -11.230468,Cycling
4609177, -0.173096, -0.371216, -0.860474, 3.112792, -0.854492, -11.352536,Cycling
4609197, -0.273316, -0.275024, -1.080322, -1.159668, 6.774902, -8.117676,Cycling
4609217, -0.094849, -0.222290, -0.973267, 0.427246, 7.690428, -9.826660,Cycling
4609237, -0.242065, -0.281616, -0.987915, 2.319336, 3.601074, -11.901852,Cycling
4609257, -0.144653, -0.186401, -1.092896, -5.798338, 18.798830, -3.845214,Cycling
4609277, -0.132935, -0.069824, -1.015625, -4.943848, 10.742184, -6.530760,Cycling
4609297, -0.426025, -0.210327, -1.077637, 1.892090, 10.375976, -9.338380,Cycling
4609317, -0.241333, -0.166016, -1.005005, -8.422854, 16.723632, -9.094240,Cycling
4609337, -0.182007, -0.187012, -0.927490, -2.258301, 11.169430, -12.695310,Cycling
4609357, -0.237183, -0.193237, -1.061646, -7.751464, 9.826660, -8.605960,Cycling
4609377, -0.420532, -0.271118, -1.033081, -5.310058, 22.277830, -9.826660,Cycling
4609397, -0.254761, -0.347900, -0.960083, -10.498044, 22.033690, -7.751464,Cycling
4609417, -0.191772, -0.163818, -0.937500, -12.145992, 13.977050, -1.281738,Cycling
4609437, -0.271973, -0.103760, -1.006226, -6.408690, 17.028810, 0.366211,Cycling
4609457, -0.139893, -0.254272, -0.997437, -5.554198, 17.211920, -2.441407,Cycling
4609517, -0.168701, -0.309814, -0.918945, 0.915527, 19.714360, -5.126952,Cycling
4609537, -0.152222, -0.269165, -0.973022, -1.281738, 18.859868, -6.835936,Cycling
4609597, -0.344360, -0.400269, -0.887573, 6.042480, 10.192870, 0.488281,Cycling
4609617, -0.135498, -0.513550, -0.802490, 3.662109, 7.629394, 1.953124,Cycling
4609637, -0.223267, -0.406616, -0.911133, 0.000000, -2.929687, 6.652830,Cycling
4609657, -0.170166, -0.361206, -0.854370, 2.685546, -1.464844, 9.277344,Cycling
4609677, -0.115234, -0.219116, -0.923950, -1.647949, -2.319336, 8.117676,Cycling
4609697, -0.252686, -0.362793, -0.985108, 3.173828, 3.967285, 0.061035,Cycling
4609817, -0.168457, -0.083496, -1.102417, -1.159668, 21.301268, 12.084960,Cycling
4609877, -0.173218, -0.126831, -0.981690, 4.577638, 19.836430, 9.399414,Cycling
4609897, -0.163940, -0.128540, -0.997925, 3.784179, 24.047850, 11.413570,Cycling
4609917, -0.193115, -0.211914, -0.923096, 1.342773, 28.442380, 20.935052,Cycling
4609937, -0.110352, 0.114258, -1.003540, 5.249022, 22.094720, 26.184080,Cycling
4609957, -0.205078, -0.112427, -1.051392, 10.559080, 39.306640, 23.376460,Cycling
4609977, -0.067017, -0.162598, -1.063599, 3.784179, 38.208020, 23.620600,Cycling
4609997, -0.091553, 0.054688, -0.965698, 11.352536, 33.996590, 25.329584,Cycling
4610017, -0.234009, -0.167725, -0.929810, 7.141112, 39.184580, 26.184080,Cycling
4610037, -0.148193, -0.172852, -0.971192, 7.019042, 38.879400, 24.719230,Cycling
4610057, -0.231323, -0.339966, -1.031006, 2.563476, 48.706040, 23.193352,Cycling
4610077, 0.053955, -0.189453, -0.916382, -0.671386, 40.405260, 26.184080,Cycling
4610097, -0.128906, -0.215332, -0.962280, 10.009768, 37.658700, 25.085448,Cycling
4610117, -0.209473, -0.434082, -0.958374, 4.638672, 41.870110, 29.296870,Cycling
4610137, -0.236938, -0.363525, -0.963501, 16.906740, 35.644540, 30.944820,Cycling
4610157, -0.067505, -0.363892, -0.980835, 9.887696, 46.264640, 41.320790,Cycling
4610177, 0.013550, -0.404297, -0.779541, 20.324700, 35.278320, 39.978040,Cycling
4610197, -0.180298, -0.505127, -0.863892, 15.197750, 20.080560, 43.212880,Cycling
4610217, 0.011230, -0.421143, -0.782227, 13.488768, 21.179192, 40.588370,Cycling
4610237, 0.045044, -0.425293, -0.753906, 10.070800, 11.047360, 38.330080,Cycling
4610257, 0.014282, -0.329224, -0.869019, 7.385252, 16.845708, 39.367680,Cycling
4610277, 0.097900, -0.238037, -0.932617, 5.187988, 18.676760, 36.010750,Cycling
4610297, 0.087280, -0.281616, -0.956421, 3.479003, 18.005376, 30.700680,Cycling
4610317, 0.175537, -0.238525, -0.924683, 0.732422, 19.470220, 24.475090,Cycling
4610337, 0.140015, -0.198120, -0.867554, 5.126952, 8.178714, 17.578130,Cycling
4610357, -0.039429, -0.457764, -0.852051, 3.173828, 16.418460, 16.967780,Cycling
4610377, -0.110352, -0.558594, -0.649902, 2.563476, 4.089356, 16.601568,Cycling
4610397, -0.348877, -0.651123, -0.713623, 2.563476, 7.568358, 16.906740,Cycling
4610417, -0.043457, -0.880127, -0.748169, -7.995604, 11.596676, 16.967780,Cycling
4610437, 0.003784, -0.838745, -0.733887, -20.568840, -15.075680, 20.568840,Cycling
4610457, -0.000610, -0.711060, -0.697632, -19.409180, -33.630380, 23.437492,Cycling
4610477, 0.022949, -0.617798, -0.698730, -23.071284, -46.325680, 23.620600,Cycling
4610497, 0.097412, -0.378906, -0.841187, -18.249516, -57.373040, 20.446770,Cycling
4610517, 0.140869, -0.290894, -0.962158, -9.643556, -50.964340, 13.488768,Cycling
4610537, 0.154297, -0.270264, -0.986450, -14.953610, -39.367680, 8.789064,Cycling
4610557, 0.343750, -0.153076, -0.887940, -8.361816, -42.541500, 2.807617,Cycling
4610577, 0.170898, -0.218018, -1.017822, -11.230468, -37.536620, -0.366211,Cycling
4610597, 0.120361, -0.091064, -1.003540, 0.122070, -41.442860, -0.366211,Cycling
4610617, -0.088867, -0.211060, -1.162354, -6.652830, -27.099608, 2.380371,Cycling
4610637, 0.023682, -0.096802, -1.176514, -10.925290, -25.939940, 4.150392,Cycling
4610657, -0.131958, -0.113525, -1.034912, -5.371092, -25.146480, 1.281738,Cycling
4610677, -0.229370, -0.174927, -1.157715, -15.624996, -14.526364, 1.586914,Cycling
4610697, -0.005737, 0.019775, -1.155274, -14.587400, -5.554198, 2.258301,Cycling
4610717, -0.146240, -0.020996, -1.229980, -14.221190, 2.868652, 1.770019,Cycling
4610737, -0.256226, -0.158203, -1.183838, -12.817380, 15.197750, 4.516602,Cycling
4610757, -0.153076, -0.073486, -1.012207, -10.314940, 8.605960, 4.760742,Cycling
4610777, -0.173706, -0.142334, -1.025757, -7.202148, 8.117676, 3.845214,Cycling
4610797, -0.223999, -0.117432, -0.968262, 2.319336, 4.272462, 10.620116,Cycling
4610817, -0.400757, -0.343262, -0.993652, 1.708984, 15.747068, 11.474608,Cycling
4610837, -0.079834, -0.287354, -0.956055, -1.770019, 24.108880, 16.296390,Cycling
4610857, -0.053223, -0.322022, -0.921387, 0.427246, 19.775390, 18.249516,Cycling
4610877, 0.108765, -0.161987, -0.963501, -6.896972, 16.235352, 24.780270,Cycling
4610897, 0.008911, -0.082886, -0.939942, 0.000000, 6.225584, 15.258788,Cycling
4610917, -0.073242, -0.200073, -0.933472, 1.647949, 12.268064, 6.896972,Cycling
4610937, -0.080688, -0.314209, -0.970337, 2.624511, 17.272950, 4.821778,Cycling
4610957, 0.025879, -0.385498, -0.806763, 5.004884, 15.014646, 7.019042,Cycling
4610977, -0.214233, -0.594971, -0.744995, 4.150392, -3.295898, 7.385252,Cycling
4610997, -0.304566, -0.455688, -0.741821, 4.272462, -18.188480, 10.803220,Cycling
4611017, -0.261963, -0.586792, -0.864136, 4.577638, -14.892576, 9.521484,Cycling
4611037, -0.127319, -0.547608, -0.909546, 1.342773, -19.409180, 9.582520,Cycling
4611057, 0.015991, -0.435791, -0.894043, 5.187988, -34.118660, 7.202148,Cycling
4611077, 0.036987, -0.357422, -0.910034, 4.150392, -34.729010, 6.896972,Cycling
4611097, 0.116577, -0.337158, -0.988404, 6.408690, -31.433100, 7.812498,Cycling
4611117, 0.198242, -0.322144, -0.866577, 0.488281, -25.695796, 7.568358,Cycling
4611137, 0.268188, -0.094971, -1.062500, -2.258301, -7.812498, 9.826660,Cycling
4611157, 0.063354, -0.085449, -1.145508, 7.995604, 5.249022, 13.671872,Cycling
4611177, -0.108521, -0.161499, -1.145386, 8.361816, 9.765626, 10.925290,Cycling
4611197, -0.031738, -0.076294, -1.068604, 11.169430, 4.516602, 6.530760,Cycling
4611217, -0.248901, -0.199341, -0.997314, 15.563964, -19.104010, 5.126952,Cycling
4611237, -0.317261, -0.193359, -1.004028, 16.540530, -28.686520, 9.887696,Cycling
4611257, -0.460449, -0.358276, -0.870117, 18.615724, -39.184580, 15.258788,Cycling
4611277, -0.363648, -0.469849, -0.809937, 6.347656, -44.921860, 14.038084,Cycling
4611297, -0.286865, -0.367066, -0.814209, -10.864256, -43.579090, 14.343260,Cycling
4611317, -0.142822, -0.147217, -0.798340, -10.314940, -40.466300, 8.117676,Cycling
4611337, -0.318604, -0.222290, -0.761963, -5.432128, -28.442380, 14.343260,Cycling
4611357, -0.225708, -0.265503, -0.909302, -24.658200, 4.089356, -5.737304,Cycling
4611377, 0.036499, -0.173096, -1.063599, -20.019532, 13.000484, -9.460450,Cycling
4611397, -0.008667, -0.317139, -1.081299, -19.226080, 11.901852, -14.282224,Cycling
4611417, 0.136963, -0.208252, -1.041870, -18.737796, -5.126952, -10.375976,Cycling
4611437, -0.126099, -0.256348, -1.042725, -3.295898, -16.784670, -9.399414,Cycling
4611457, -0.134644, -0.291992, -0.933594, 2.990722, -17.944340, -8.789064,Cycling
4611477, -0.319214, -0.327759, -1.006470, 1.220704, -15.624996, -5.126952,Cycling
4611497, -0.234741, -0.206787, -0.903809, 2.258301, -18.615724, 0.061035,Cycling
4611517, -0.171143, -0.183350, -0.821900, 10.192870, -32.287600, -7.446288,Cycling
4611537, -0.284058, -0.180176, -0.958374, 10.314940, -27.893060, -10.803220,Cycling
4611557, -0.329834, -0.237915, -1.012940, 10.742184, -15.380856, -9.338380,Cycling
4611577, -0.298340, -0.312378, -0.960083, 6.591796, -10.559080, -8.666994,Cycling
4611597, -0.068604, -0.205566, -0.867676, -2.441407, -18.554690, -10.009768,Cycling
4611617, -0.086670, -0.020508, -0.906982, 3.112792, -31.005852, -14.953610,Cycling
4611637, -0.244019, -0.137817, -0.992920, 10.986324, -15.808104, -19.104010,Cycling
4611657, -0.398804, -0.440674, -1.035278, -0.549316, 4.760742, -16.113284,Cycling
4611677, -0.093140, -0.281250, -0.901123, -6.835936, -7.324218, -12.756344,Cycling
4611697, -0.308960, -0.253906, -0.873657, 1.647949, -14.038084, -11.779784,Cycling
4611717, -0.421753, -0.377686, -0.955444, -0.366211, -8.728030, -6.469726,Cycling
4611737, -0.180908, -0.155762, -0.921021, -3.051757, -2.990722, -1.953124,Cycling
4611757, -0.294800, -0.245483, -0.909424, 4.394532, -4.821778, -3.906249,Cycling
4611777, -0.230469, -0.267456, -0.915772, 0.732422, -3.234863, -3.845214,Cycling
4611797, -0.243774, -0.274780, -0.995850, -7.202148, -0.366211, -6.591796,Cycling
4611817, -0.193604, -0.163330, -0.979858, -3.540038, -3.173828, -8.422854,Cycling
4611837, -0.282593, -0.276733, -0.928467, -0.610352, 0.305176, -11.108396,Cycling
4611857, -0.210205, -0.252075, -1.015747, -3.784179, 2.014160, -10.925290,Cycling
4611877, -0.097168, -0.235962, -0.898804, -0.366211, -2.624511, -12.939450,Cycling
4611897, -0.294800, -0.268799, -0.914307, -1.770019, 0.122070, -14.038084,Cycling
4611917, -0.199219, -0.168945, -0.927124, -3.601074, 14.221190, -9.826660,Cycling
4611937, -0.165772, -0.109131, -1.001221, 1.525878, 19.348150, -14.526364,Cycling
4611957, -0.313599, -0.250732, -1.074585, 8.422854, 32.409680, -12.451170,Cycling
4611977, -0.132324, -0.268677, -0.950318, 2.624511, 41.625960, -8.239746,Cycling
4611997, -0.194214, -0.169678, -0.936035, 10.986324, 41.687000, -3.173828,Cycling
4612017, -0.328491, -0.214600, -0.919800, 13.854978, 66.406260, 3.295898,Cycling
4612037, -0.364868, -0.368652, -0.935181, 20.507810, 70.312500, 6.652830,Cycling
4612057, -0.171753, -0.368042, -0.981812, 15.197750, 61.950680, 7.263182,Cycling
4612077, -0.085815, -0.279907, -0.953980, 19.409180, 40.893540, 8.666994,Cycling
4612097, -0.133057, -0.421143, -0.857666, 17.761230, 11.291500, -0.915527,Cycling
4612117, -0.143311, -0.387329, -0.946533, 11.108396, 2.868652, -4.943848,Cycling
4612137, -0.077026, -0.332886, -0.932495, 6.958006, 5.920409, -2.624511,Cycling
4612157, 0.089111, -0.238647, -0.948364, 2.380371, 8.483890, -4.394532,Cycling
4612177, 0.104736, -0.246826, -0.975464, 0.610352, 7.263182, -10.437010,Cycling
4612197, 0.083252, -0.219482, -1.008301, -0.732422, 7.873534, -16.113284,Cycling
4612217, 0.017700, -0.293213, -1.013794, -0.671386, 4.699708, -19.348150,Cycling
4612237, 0.093994, -0.249390, -1.019532, -0.061035, 0.000000, -14.465330,Cycling
4612257, -0.099365, -0.309937, -0.948853, 5.187988, -1.647949, -10.803220,Cycling
4612277, 0.020996, -0.262207, -0.933106, 2.014160, -0.061035, -5.126952,Cycling
4612297, -0.154419, -0.301392, -0.946289, 2.502442, 1.708984, -3.540038,Cycling
4612317, -0.151978, -0.195801, -1.026734, -4.882814, 9.399414, -1.647949,Cycling
4612377, -0.075806, -0.278442, -0.936524, -4.333496, 10.864256, -2.319336,Cycling
4612497, 0.114868, -0.356079, -0.880737, 3.540038, -1.220704, 7.202148,Cycling
4612537, -0.179932, -0.323853, -0.916016, 4.516602, 1.892090, 9.277344,Cycling
4612557, -0.107422, -0.377808, -0.930786, -1.953124, 11.047360, 10.314940,Cycling
4612577, -0.021484, -0.252930, -0.944824, -3.967285, 3.112792, 11.718748,Cycling
4612597, -0.084595, -0.304321, -0.947998, -7.629394, 7.141112, 10.253904,Cycling
4612617, -0.068359, -0.357666, -0.927124, -12.573240, -2.014160, 7.202148,Cycling
4612637, -0.223267, -0.438355, -0.808228, -12.084960, -16.845708, 2.990722,Cycling
4612657, -0.371704, -0.429443, -0.910522, -16.845708, -17.028810, 0.915527,Cycling
4612677, -0.231567, -0.533325, -0.869141, -15.563964, -13.061520, -0.915527,Cycling
4612697, 0.077026, -0.352539, -0.827271, -13.488768, -23.986810, 8.483890,Cycling
4612717, -0.080811, -0.225952, -0.976685, -10.009768, -27.770990, 7.812498,Cycling
4612737, -0.113647, -0.303101, -1.012207, -8.789064, -17.028810, 4.272462,Cycling
4612757, -0.076660, -0.293579, -0.926758, -0.915527, -12.023924, -0.610352,Cycling
4612777, 0.007568, -0.264893, -1.014526, -0.671386, -7.568358, 6.286620,Cycling
4612797, -0.027222, -0.182495, -0.947144, 3.417968, -6.286620, 7.995604,Cycling
4612817, -0.111206, -0.223877, -0.976074, 3.479003, -8.300784, 5.493162,Cycling
4612837, -0.067993, -0.170288, -1.013062, 2.136231, -3.967285, 2.990722,Cycling
4612857, -0.185181, -0.205078, -0.960449, 3.234863, -2.502442, 0.366211,Cycling
4612877, -0.143677, -0.209595, -0.977661, 2.624511, 2.502442, 3.295898,Cycling
4612897, 0.005371, 0.042480, -1.005616, 5.249022, -0.610352, 7.080076,Cycling
4612917, -0.224731, -0.032471, -1.124024, 8.728030, 8.911134, 6.835936,Cycling
4612937, -0.152344, -0.262817, -1.070190, 6.958006, 23.620600, 5.310058,Cycling
4612957, -0.071167, -0.191406, -0.982056, 4.882814, 13.977050, 10.498044,Cycling
4612977, -0.242676, -0.217651, -0.956055, 3.295898, 7.446288, 9.704590,Cycling
4612997, -0.235962, -0.340576, -0.965332, -1.098633, 14.953610, 6.469726,Cycling
4613017, -0.181519, -0.301392, -0.983887, -5.004884, 16.052250, 5.920409,Cycling
4613037, -0.035522, -0.204956, -0.885864, -2.624511, 9.155274, 8.056642,Cycling
4613057, -0.175293, -0.208496, -0.923706, -2.319336, 15.869140, 7.995604,Cycling
4613077, -0.072632, -0.244507, -0.947266, -0.427246, 16.662600, 8.911134,Cycling
4613097, -0.099731, -0.195435, -1.012818, 0.732422, 18.493652, 10.314940,Cycling
4613117, -0.066284, -0.243286, -0.976440, 2.197266, 16.662600, 7.507323,Cycling
4613137, -0.134522, -0.369385, -0.904541, 3.723144, 18.127448, 6.530760,Cycling
4613157, -0.069214, -0.303101, -0.900024, 0.366211, 7.080076, 10.314940,Cycling
4613177, -0.086060, -0.289429, -0.863281, -0.183105, 0.854492, 6.896972,Cycling
4613197, -0.160767, -0.361694, -0.869629, -0.427246, 1.953124, 3.601074,Cycling
4613217, -0.156372, -0.307007, -0.923828, -1.586914, -4.516602, 6.042480,Cycling
4613237, -0.118286, -0.358521, -0.872192, -1.647949, 1.831054, 7.324218,Cycling
4613257, -0.039429, -0.383057, -0.877686, -5.371092, -5.310058, 8.911134,Cycling
4613277, -0.007690, -0.236450, -1.031982, -7.202148, 2.990722, 9.155274,Cycling
4613297, 0.002686, -0.192017, -1.044556, -5.981444, -2.685546, 9.155274,Cycling
4613317, -0.092896, -0.142578, -1.070312, -1.464844, 7.690428, 6.164550,Cycling
4613337, -0.016968, -0.261841, -0.985718, -0.427246, 9.948730, 4.943848,Cycling
4613357, 0.063110, -0.260742, -0.879272, 5.187988, 3.051757, 5.737304,Cycling
4613377, -0.092041, -0.185303, -1.026246, 2.441407, 2.563476, 11.291500,Cycling
4613397, -0.239624, -0.403687, -0.927612, 3.112792, 3.173828, 9.704590,Cycling
4613417, -0.290772, -0.486816, -0.896973, -0.976562, 3.295898, 12.634276,Cycling
4613437, -0.189941, -0.436157, -0.843872, -3.173828, -5.615234, 14.404296,Cycling
4613457, -0.100708, -0.328980, -0.866455, -7.263182, -14.099120, 18.920900,Cycling
4613477, -0.074829, -0.258667, -0.866699, -8.666994, -13.732908, 16.235352,Cycling
4613497, -0.139893, -0.283814, -0.941162, -8.666994, -10.253904, 11.230468,Cycling
4613517, -0.145874, -0.290283, -0.975952, -8.178714, -4.638672, 10.559080,Cycling
4613537, -0.051270, -0.302124, -0.965576, -7.141112, 1.708984, 4.943848,Cycling
4613557, -0.002197, -0.351074, -0.886230, -6.042480, -5.615234, 6.225584,Cycling
4613577, -0.037598, -0.228272, -0.969116, -4.943848, -5.737304, 9.887696,Cycling
4613597, 0.030518, -0.233643, -0.998535, -3.540038, -2.929687, 9.399414,Cycling
4613617, -0.186279, -0.351196, -1.055054, -5.187988, -0.549316, 8.850100,Cycling
4613637, 0.011230, -0.249634, -0.973145, -11.230468, 0.976562, 9.460450,Cycling
4613657, -0.072266, -0.190308, -0.964356, -12.512204, -2.990722, 9.094240,Cycling
4613677, -0.181397, -0.246582, -0.991944, -11.962890, 1.098633, 9.094240,Cycling
4613697, -0.219360, -0.400635, -0.888916, -12.390136, -0.122070, 10.009768,Cycling
4613717, -0.228272, -0.226929, -0.943115, -17.517090, -6.835936, 12.939450,Cycling
4613737, -0.217651, -0.169556, -0.947022, -14.587400, -6.958006, 12.756344,Cycling
4613757, -0.234741, -0.267578, -0.967041, -14.099120, -0.915527, 8.666994,Cycling
4613777, -0.062012, -0.171265, -0.965088, -14.648436, -8.911134, 3.417968,Cycling
4613797, -0.256470, -0.179321, -1.049683, -12.390136, -5.493162, 4.699708,Cycling
4613817, 0.056396, -0.162354, -0.931885, -11.657712, -0.976562, 3.723144,Cycling
4613837, 0.036011, -0.124390, -1.137818, -7.507323, 7.568358, 8.117676,Cycling
4613857, 0.205200, -0.081909, -1.131104, -6.774902, 16.479492, 11.657712,Cycling
4613877, 0.113892, -0.031860, -1.115845, -2.807617, 12.207030, 12.573240,Cycling
4613897, 0.004517, -0.045532, -1.075440, 2.807617, 13.610836, 11.535644,Cycling
4613917, -0.067993, -0.120483, -0.992432, 5.371092, 12.878416, 13.977050,Cycling
4613937, -0.262207, -0.082031, -1.031982, 6.774902, 8.300784, 14.953610,Cycling
4613957, -0.362427, -0.269409, -0.910156, 9.094240, 12.512204, 13.305660,Cycling
4613977, -0.155029, -0.164917, -0.813354, 9.399414, -1.159668, 10.009768,Cycling
4613997, -0.421631, -0.274292, -1.012329, 9.887696, -3.967285, 10.620116,Cycling
4614017, -0.165283, -0.325928, -0.911011, 9.216310, -0.732422, 7.873534,Cycling
4614037, -0.187378, -0.417725, -0.795166, 9.216310, -18.798830, 8.728030,Cycling
4614057, -0.071777, -0.118530, -0.913086, 5.187988, -24.047850, 10.498044,Cycling
4614077, 0.003540, -0.179565, -0.967896, 5.310058, -18.676760, 7.690428,Cycling
4614097, -0.019531, -0.066040, -1.020752, 7.690428, -9.704590, 8.544924,Cycling
4614117, 0.044800, -0.201782, -0.964844, 12.207030, 4.455568, 8.483890,Cycling
4614137, 0.106079, -0.166382, -0.904419, 7.812498, -0.427246, 10.314940,Cycling
4614157, -0.059570, -0.012085, -0.967774, 8.300784, -4.699708, 10.131832,Cycling
4614177, -0.345093, -0.211426, -0.989380, 13.854978, -2.136231, 4.577638,Cycling
4614197, -0.414307, -0.459839, -0.890747, 8.544924, -8.361816, -3.295898,Cycling
4614217, -0.245483, -0.307373, -0.816650, -4.150392, -20.446770, -2.136231,Cycling
4614237, -0.226807, -0.324951, -0.835694, -2.624511, -21.179192, -4.394532,Cycling
4614257, -0.212769, -0.406250, -0.919068, -8.544924, -25.634760, -0.732422,Cycling
4614277, -0.041870, -0.261475, -0.935303, -15.014646, -13.854978, 4.272462,Cycling
4614297, -0.007568, -0.084595, -1.013794, -10.742184, -20.141600, 7.995604,Cycling
4614317, -0.071533, -0.113281, -1.091553, -4.028321, -17.517090, 7.080076,Cycling
4614337, -0.047363, -0.218018, -0.965210, 0.305176, -12.817380, 4.821778,Cycling
4614357, -0.121094, -0.121704, -1.046509, -2.441407, -12.939450, 5.371092,Cycling
4614377, -0.167603, -0.091187, -1.064820, -0.976562, -5.432128, 6.286620,Cycling
4614397, -0.208862, -0.199219, -0.957520, 1.159668, -0.732422, 2.563476,Cycling
4614417, -0.141357, -0.114502, -0.988159, -0.183105, -4.577638, 1.159668,Cycling
4614437, -0.191772, -0.098633, -0.994141, 3.723144, -0.671386, 2.014160,Cycling
4614457, -0.245728, -0.098999, -0.994141, 5.310058, 2.502442, 3.417968,Cycling
4614477, -0.248657, -0.136963, -1.039673, 9.033204, 9.887696, 3.295898,Cycling
4614497, -0.192139, -0.190308, -1.031738, 10.314940, 17.395020, 4.821778,Cycling
4614517, -0.236572, -0.203613, -1.004272, 6.896972, 18.798830, 10.070800,Cycling
4614537, -0.209961, -0.164185, -0.939575, 9.033204, 12.451170, 10.498044,Cycling
4614557, -0.299316, -0.184937, -0.996094, 6.774902, 9.216310, 10.009768,Cycling
4614577, -0.224121, -0.158447, -0.915772, 5.798338, 11.352536, 5.737304,Cycling
4614597, -0.111938, -0.160645, -0.875854, 3.906249, 4.516602, 1.892090,Cycling
4614617, -0.042358, -0.054688, -0.979858, 0.976562, 10.559080, 0.061035,Cycling
4614637, -0.043213, -0.024902, -1.110718, 8.056642, 21.362300, -0.732422,Cycling
4614657, 0.020020, -0.069214, -1.122559, 6.652830, 36.682140, 2.258301,Cycling
4614677, -0.062378, -0.106079, -1.115601, 11.291500, 32.043460, 4.943848,Cycling
4614697, -0.078491, -0.226685, -0.925904, 14.770504, 27.832030, 1.464844,Cycling
4614717, -0.233032, -0.268921, -0.809692, 15.197750, -2.868652, 1.892090,Cycling
4614737, -0.418335, -0.410278, -0.786011, 13.793944, -10.681150, -3.112792,Cycling
4614757, -0.325562, -0.401978, -0.797730, 7.019042, -6.835936, -2.136231,Cycling
4614777, -0.296753, -0.328369, -0.881348, 1.708984, -2.990722, 0.915527,Cycling
4614797, -0.200562, -0.393066, -0.864624, 0.976562, -0.854492, 2.563476,Cycling
4614817, -0.008179, -0.249756, -0.901245, 0.183105, -2.685546, 2.075196,Cycling
4614837, -0.080688, -0.331177, -1.015259, 3.417968, -1.342773, 3.356933,Cycling
4614857, 0.067383, -0.204590, -0.927124, 3.417968, -0.427246, 7.934570,Cycling
4614877, -0.147827, -0.236816, -1.075074, 6.347656, 1.953124, 8.483890,Cycling
4614897, 0.059204, -0.245361, -1.036744, 6.103514, 11.596676, 8.422854,Cycling
4614917, 0.119995, -0.179077, -0.934204, 9.704590, 3.051757, 6.713866,Cycling
4614937, -0.193359, -0.292603, -1.102662, 8.850100, 14.709470, 7.812498,Cycling
4614957, -0.022705, -0.136963, -1.003784, 8.728030, 7.751464, 7.934570,Cycling
4614977, -0.240723, -0.235596, -0.998169, 11.169430, 9.887696, 7.446288,Cycling
4614997, -0.050293, -0.235962, -0.923706, 7.873534, 8.605960, 6.103514,Cycling
4615017, -0.082397, -0.123413, -0.927490, 8.666994, -0.671386, 4.272462,Cycling
4615037, -0.327637, -0.298218, -0.979614, 5.187988, 9.155274, 3.417968,Cycling
4615057, -0.223511, -0.291138, -0.921631, 2.441407, 12.634276, 5.187988,Cycling
4615077, -0.283325, -0.403809, -0.991455, -3.601074, 14.038084, 6.652830,Cycling
4615097, -0.057617, -0.414307, -0.822876, -5.920409, 11.230468, 5.065916,Cycling
4615117, -0.032227, -0.371216, -0.752808, -5.187988, -8.666994, 5.065916,Cycling
4615157, -0.147827, -0.321899, -0.930664, -9.643556, -11.230468, 8.239746,Cycling
4615177, -0.142212, -0.470947, -0.956909, -6.042480, -3.906249, 4.089356,Cycling
4615197, 0.104980, -0.406372, -0.839600, -4.638672, -21.423332, 4.882814,Cycling
4615217, -0.125244, -0.322998, -0.883423, 0.488281, -35.949720, 1.159668,Cycling
4615237, -0.246094, -0.499512, -0.994629, -2.685546, -24.719230, -0.061035,Cycling
4615257, -0.033081, -0.517944, -0.777710, -0.976562, -30.578610, 1.770019,Cycling
4615277, -0.086914, -0.320313, -0.842407, -4.150392, -41.442860, 8.850100,Cycling
4615297, -0.061768, -0.136230, -0.861084, 0.671386, -38.146980, 8.605960,Cycling
4615317, -0.118408, -0.200439, -0.902344, 3.173828, -23.498530, 1.586914,Cycling
4615337, -0.155518, -0.227051, -1.110718, -0.122070, -18.188480, -6.042480,Cycling
4615357, -0.012817, -0.177368, -1.024048, -1.281738, -14.648436, -2.380371,Cycling
4615377, -0.063599, 0.038696, -1.039429, 0.732422, -10.742184, -1.464844,Cycling
4615397, -0.327881, -0.110107, -1.088257, 2.868652, -1.708984, -7.873534,Cycling
4615417, -0.202026, -0.272705, -1.064576, -0.122070, 12.512204, -4.943848,Cycling
4615437, -0.141724, -0.119141, -1.113892, -6.042480, 6.286620, 1.342773,Cycling
4615457, -0.262573, -0.142944, -1.009766, -4.821778, 2.319336, 2.380371,Cycling
4615477, -0.267334, -0.176147, -0.969727, -7.690428, 4.882814, -1.647949,Cycling
4615497, -0.361816, -0.329102, -0.971802, -11.596676, 1.892090, -6.713866,Cycling
4615517, -0.359253, -0.261719, -0.862915, -10.925290, -9.765626, 2.868652,Cycling
4615537, -0.428223, -0.370728, -0.814331, -9.033204, -8.422854, 2.868652,Cycling
4615557, -0.217896, -0.309814, -0.896484, -10.864256, -17.761230, 4.211426,Cycling
4615577, -0.130249, -0.266480, -0.940308, -7.324218, -18.249516, 6.530760,Cycling
4615597, -0.043945, -0.114868, -0.981934, -6.530760, -11.962890, 7.385252,Cycling
4615617, -0.091797, -0.207642, -0.950195, -2.868652, -7.873534, -0.915527,Cycling
4615637, 0.015869, -0.118042, -1.037110, -3.234863, -4.577638, -1.647949,Cycling
4615657, -0.080322, -0.195923, -1.002198, -1.586914, -0.183105, -4.150392,Cycling
4615677, -0.050293, -0.233887, -0.902954, -0.488281, -3.173828, -4.699708,Cycling
4615697, -0.209717, -0.192505, -1.000732, -0.610352, -6.896972, -6.347656,Cycling
4615717, -0.231689, -0.278076, -0.881104, 2.685546, -7.507323, -6.225584,Cycling
4615757, -0.339233, -0.355591, -0.897827, -0.732422, -13.122556, -4.943848,Cycling
4615777, -0.248291, -0.344971, -0.850464, -0.305176, -16.967780, -4.028321,Cycling
4615797, -0.335816, -0.289063, -1.032227, 0.549316, -23.437492, -1.037598,Cycling
4615817, -0.133301, -0.199951, -0.930176, 3.051757, -23.803708, -3.173828,Cycling
4615837, -0.266602, -0.166748, -0.973267, 7.629394, -22.644040, -9.033204,Cycling
4615857, -0.177490, -0.129517, -1.027588, 12.023924, -13.549804, -9.155274,Cycling
4615877, -0.051514, -0.110230, -1.020996, 16.357424, -10.375976, -9.155274,Cycling
4615897, -0.123779, -0.152344, -1.084351, 17.639160, -7.568358, -4.394532,Cycling
4615917, -0.176147, -0.113892, -1.156616, 11.352536, 6.896972, -0.061035,Cycling
4615937, -0.069580, -0.079346, -0.998902, 12.329100, 5.859374, -3.845214,Cycling
4615957, -0.200195, -0.102661, -1.008545, 9.948730, 11.962890, -5.737304,Cycling
4615977, -0.235840, -0.164673, -0.963501, 8.422854, 12.756344, -7.568358,Cycling
4615997, -0.340454, -0.278687, -0.854858, 4.699708, 18.249516, -4.943848,Cycling
4616017, -0.420898, -0.281494, -0.906250, -1.525878, 12.939450, -3.784179,Cycling
4616037, -0.328369, -0.409424, -0.766602, -0.976562, 10.009768, -2.563476,Cycling
4616057, -0.333008, -0.317261, -0.806030, -6.225584, 0.122070, 3.662109,Cycling
4616077, -0.369263, -0.216187, -0.966431, -8.605960, 4.577638, 2.075196,Cycling
4616097, -0.194824, -0.265503, -0.908447, -7.690428, 11.413570, -1.647949,Cycling
4616117, -0.095337, -0.174561, -0.971680, -10.192870, 5.126952, -2.807617,Cycling
4616137, -0.244019, -0.170654, -1.088990, -10.925290, 13.671872, -2.380371,Cycling
4616157, -0.087158, -0.298950, -0.940674, -7.751464, 15.808104, -1.770019,Cycling
4616177, -0.035767, -0.160767, -1.005494, -8.361816, 5.310058, -2.258301,Cycling
4616197, -0.281250, -0.265991, -0.979126, -2.258301, 2.136231, -3.540038,Cycling
4616217, -0.024414, -0.174316, -0.842529, -2.563476, 1.892090, 1.770019,Cycling
4616237, -0.383545, -0.322754, -0.988892, 2.380371, 7.202148, -0.976562,Cycling
4616257, -0.131226, -0.267822, -0.929932, -1.220704, 8.117676, 1.159668,Cycling
4616277, -0.257324, -0.230469, -0.956665, -2.197266, 2.014160, 3.051757,Cycling
4616297, -0.218628, -0.203613, -0.905152, -3.540038, 3.479003, 5.004884,Cycling
4616317, -0.295532, -0.134644, -0.987427, -4.272462, 0.427246, 4.760742,Cycling
4616357, -0.171143, -0.200073, -0.924805, -8.178714, 12.756344, 9.277344,Cycling
4616377, -0.183960, -0.192139, -0.958862, -8.117676, 6.408690, 7.019042,Cycling
4616397, -0.212158, -0.225342, -0.950440, -10.498044, 9.887696, 6.591796,Cycling
4616417, -0.188355, -0.149902, -0.910767, -7.446288, -0.488281, 4.943848,Cycling
4616437, -0.366821, -0.255737, -1.043457, -5.004884, 3.967285, 5.126952,Cycling
4616457, -0.043335, -0.309448, -0.871948, -7.202148, -3.295898, 5.493162,Cycling
4616477, -0.269409, -0.269287, -1.068116, -3.601074, -8.911134, 7.324218,Cycling
4616517, -0.049316, -0.219482, -0.862427, -0.427246, -17.089850, -2.990722,Cycling
4616537, -0.218872, -0.190308, -0.962646, 0.244141, -18.249516, -1.770019,Cycling
4616557, -0.151367, -0.148315, -0.865845, 8.544924, -16.906740, -1.892090,Cycling
4616577, -0.218994, -0.307251, -0.908203, 8.911134, -7.141112, -0.915527,Cycling
4616597, -0.113159, -0.341919, -0.969238, 7.812498, -3.601074, -4.516602,Cycling
4616617, 0.051514, -0.192505, -0.822754, 1.220704, -7.080076, 8.300784,Cycling
4616637, -0.140381, 0.042358, -0.869385, 13.061520, -13.000484, -0.427246,Cycling
4616657, -0.389038, -0.353149, -0.995484, 15.319820, 6.652830, -3.051757,Cycling
4616677, -0.141724, -0.393311, -0.941040, -1.220704, 16.296390, -1.892090,Cycling
4616697, -0.117065, -0.123535, -0.999024, -0.732422, 0.488281, 9.521484,Cycling
4616717, -0.438721, -0.278809, -0.981445, 7.263182, 9.521484, 4.943848,Cycling
4616737, -0.233398, -0.308350, -1.039185, -4.150392, 5.676268, 0.610352,Cycling
4616757, -0.158569, -0.110596, -0.940552, -1.525878, -2.807617, -3.784179,Cycling
4616777, -0.361694, -0.166626, -1.000488, 2.258301, -4.455568, -2.990722,Cycling
4616797, -0.090942, -0.121948, -0.986206, -0.793457, 4.577638, -5.004884,Cycling
4616817, -0.215820, -0.252441, -0.955688, 5.920409, 1.647949, -9.216310,Cycling
4616837, -0.055054, -0.154419, -0.933106, 1.525878, 0.671386, -4.394532,Cycling
4616857, -0.344849, -0.124146, -1.079834, 7.812498, 3.601074, -1.708984,Cycling
4616877, -0.345337, -0.401001, -1.002808, 3.112792, 16.174320, -2.075196,Cycling
4616897, -0.007568, -0.069824, -0.828613, 10.253904, -9.765626, -2.014160,Cycling
4616917, -0.306396, -0.148804, -0.913818, 6.225584, -3.234863, 4.821778,Cycling
4616937, -0.432861, -0.272217, -0.979614, 9.033204, 9.277344, 1.953124,Cycling
4616957, -0.156616, -0.406128, -0.922486, -3.662109, 14.282224, -1.220704,Cycling
4616977, -0.030762, -0.108643, -0.975830, -5.676268, 1.159668, 2.075196,Cycling
4616997, -0.239746, -0.292847, -1.093262, -4.150392, 5.432128, 1.525878,Cycling
4617017, -0.008423, -0.218872, -0.963379, -9.460450, 4.821778, 1.586914,Cycling
4617037, -0.163818, -0.090942, -0.912964, -1.525878, -3.234863, 3.906249,Cycling
4617057, -0.311035, -0.081055, -1.111938, -2.075196, 5.249022, 11.596676,Cycling
4617077, -0.218750, -0.087524, -1.052246, 2.136231, 11.901852, 5.065916,Cycling
4617097, -0.269043, -0.269043, -0.951416, 5.065916, 6.347656, -0.427246,Cycling
4617117, -0.196045, -0.090454, -1.034912, 4.150392, 0.244141, 6.652830,Cycling
4617137, -0.196045, -0.271118, -0.959473, 5.737304, 0.061035, 1.831054,Cycling
4617157, -0.192261, -0.228760, -0.868286, 2.807617, -17.822270, -0.183105,Cycling
4617177, -0.289063, -0.199951, -0.839844, 4.089356, -11.840818, 1.708984,Cycling
4617197, -0.054443, -0.092773, -0.832520, 4.699708, -0.671386, 3.479003,Cycling
4617217, -0.004272, -0.077637, -0.989136, 6.347656, 4.394532, 2.014160,Cycling
4617237, -0.151245, -0.114624, -1.138794, 5.554198, 16.113284, 3.173828,Cycling
4617257, -0.094116, -0.231812, -0.956787, 11.047360, 24.108880, 0.610352,Cycling
4617277, -0.111816, -0.180542, -0.966431, 6.835936, 15.563964, 5.249022,Cycling
4617297, -0.198120, -0.180786, -0.956543, 12.145992, 15.502928, 5.432128,Cycling
4617317, -0.298584, -0.292114, -1.022095, 5.981444, 18.249516, 5.126952,Cycling
4617337, -0.342896, -0.339844, -0.883667, -1.037598, -14.892576, 3.295898,Cycling
4617357, -0.311157, -0.146851, -0.802612, -1.647949, -14.953610, 1.953124,Cycling
4617377, -0.381836, -0.231689, -0.970947, -2.319336, -6.469726, -0.915527,Cycling
4617397, -0.187134, -0.266724, -0.848755, -1.586914, 1.831054, 0.366211,Cycling
4617417, -0.327759, -0.366455, -0.825928, 3.417968, -7.812498, -0.122070,Cycling
4617437, -0.253296, -0.502808, -0.870239, -1.647949, -4.211426, 1.831054,Cycling
4617457, -0.180664, -0.506226, -0.805664, -1.220704, -10.620116, 3.051757,Cycling
4617477, -0.120239, -0.420044, -0.857910, -1.220704, -16.784670, 6.225584,Cycling
4617497, -0.084961, -0.390503, -0.882812, 4.943848, -15.502928, 3.723144,Cycling
4617517, 0.041626, -0.312622, -0.848633, 0.244141, -17.089850, 1.159668,Cycling
4617537, -0.044678, -0.017456, -0.997070, 2.502442, -14.343260, -0.244141,Cycling
4617557, -0.018799, -0.307129, -1.017700, 14.038084, -1.831054, -11.047360,Cycling
4617577, -0.044189, -0.294190, -1.042847, 14.770504, 4.211426, -7.019042,Cycling
4617597, -0.025757, -0.314941, -0.969360, 13.122556, 4.516602, 1.770019,Cycling
4617617, 0.036255, -0.012817, -1.016602, 11.901852, -4.638672, 6.713866,Cycling
4617637, -0.407593, -0.294434, -0.955811, 17.456060, 2.929687, -3.662109,Cycling
4617657, -0.301148, -0.374024, -0.843384, 11.108396, 6.713866, -2.441407,Cycling
4617677, -0.269165, -0.299316, -0.992432, -0.793457, -5.126952, 4.211426,Cycling
4617697, -0.549194, -0.412720, -0.979492, -0.793457, 7.080076, 0.732422,Cycling
4617717, -0.084473, -0.520874, -0.717407, -9.460450, 0.671386, -3.479003,Cycling
4617737, -0.242554, -0.208984, -1.017700, -15.197750, -24.291990, -2.319336,Cycling
4617757, -0.379517, -0.243286, -1.104858, -1.525878, 7.080076, -10.009768,Cycling
4617777, -0.184570, -0.477661, -0.861450, -12.268064, -7.812498, -11.718748,Cycling
4617797, -0.049438, -0.057007, -0.939575, -6.164550, -15.380856, -2.197266,Cycling
4617817, -0.237305, -0.220093, -1.005616, 1.464844, -6.469726, -3.112792,Cycling
4617837, 0.003540, -0.317627, -1.014160, 1.586914, -1.159668, -7.934570,Cycling
4617857, -0.047607, -0.303711, -0.942993, 2.502442, -7.324218, -7.324218,Cycling
4617877, -0.014404, -0.236694, -0.821778, 4.150392, -5.920409, -2.868652,Cycling
4617897, -0.026001, 0.054932, -0.978638, 5.676268, -6.408690, -1.098633,Cycling
4617917, -0.365723, -0.303955, -0.956299, 12.329100, 11.352536, -6.835936,Cycling
4617937, -0.205566, -0.413818, -1.020630, 0.427246, 19.836430, -3.662109,Cycling
4617957, -0.105957, -0.288696, -0.881836, 0.854492, 4.089356, 0.427246,Cycling
4617977, -0.293457, -0.276245, -0.916382, -2.563476, -1.525878, 2.197266,Cycling
4617997, -0.352539, -0.351196, -0.955811, -9.765626, -3.173828, 0.549316,Cycling
4618017, -0.255737, -0.266846, -0.913208, -11.169430, -6.713866, -2.563476,Cycling
4618037, -0.280518, -0.327759, -0.888794, -9.521484, -12.573240, -4.882814,Cycling
4618057, -0.131836, -0.249390, -0.913452, -10.742184, -15.441892, -5.981444,Cycling
4618077, -0.289063, -0.291382, -1.000122, -9.826660, -21.728510, -10.559080,Cycling
4618097, -0.143921, -0.215210, -0.983643, -10.742184, -20.568840, -7.202148,Cycling
4618117, -0.106689, -0.299561, -0.772461, -2.868652, -21.789548, -11.901852,Cycling
4618137, -0.141846, -0.300537, -0.908325, -0.488281, -30.700680, -13.244628,Cycling
4618157, -0.206299, -0.438477, -0.954834, -1.525878, -12.268064, -8.850100,Cycling
4618177, -0.076660, -0.317261, -0.952026, -3.173828, -11.474608, -7.690428,Cycling
4618197, -0.218140, -0.165405, -1.041260, -3.295898, -5.493162, -5.920409,Cycling
4618217, -0.228149, -0.063965, -1.115234, 0.122070, 2.014160, -3.967285,Cycling
4618237, -0.143066, -0.078125, -1.049683, 3.845214, 7.080076, -3.967285,Cycling
4618257, -0.341919, -0.099976, -1.200928, 1.953124, 7.934570, 0.915527,Cycling
4618277, -0.174072, 0.133179, -1.172852, 1.831054, 18.859868, 4.272462,Cycling
4618297, -0.328125, -0.100708, -1.030152, 2.563476, 20.446770, 1.831054,Cycling
4618317, -0.264648, -0.099365, -0.938110, 4.760742, 16.784670, 4.638672,Cycling
4618337, -0.378540, -0.098999, -1.075196, -0.915527, 22.583000, 7.202148,Cycling
4618357, -0.197754, -0.124023, -0.953247, -2.868652, 25.329584, 5.798338,Cycling
4618377, -0.255859, -0.166138, -0.899292, -4.760742, 20.385740, 3.356933,Cycling
4618397, -0.193115, -0.106201, -0.964600, -6.774902, 18.310550, 6.347656,Cycling
4618417, -0.213867, -0.292847, -0.881958, -3.662109, 29.724120, 5.798338,Cycling
4618457, -0.169556, -0.355957, -0.884278, -5.371092, 14.221190, 8.605960,Cycling
4618477, -0.160156, -0.288940, -0.848877, -3.845214, 1.525878, 9.765626,Cycling
4618497, -0.222534, -0.324097, -0.822266, 0.610352, 2.441407, 6.713866,Cycling
4618517, -0.251343, -0.328003, -0.884766, -0.549316, -1.586914, 5.554198,Cycling
4618537, -0.130005, -0.435059, -0.831299, -0.183105, -1.647949, 2.258301,Cycling
4618557, -0.107788, -0.213379, -0.939942, -3.356933, -9.826660, 3.356933,Cycling
4618577, -0.046387, -0.258911, -0.891602, 0.671386, -10.986324, -2.319336,Cycling
4618597, -0.138794, -0.236084, -1.009278, 1.525878, -9.094240, -0.427246,Cycling
4618617, -0.032959, -0.206055, -0.937256, 4.577638, -9.826660, 1.403808,Cycling
4618637, -0.072876, -0.176880, -0.897339, 7.629394, -4.272462, 1.892090,Cycling
4618657, -0.216919, -0.214478, -1.028809, 5.249022, -4.089356, 2.075196,Cycling
4618677, -0.081299, -0.114380, -1.031006, 5.615234, -1.159668, 2.624511,Cycling
4618697, -0.278198, -0.231079, -1.023316, 3.723144, 5.126952, 5.126952,Cycling
4618717, -0.186890, -0.289429, -0.884766, 4.089356, -2.197266, 5.493162,Cycling
4618737, -0.293701, -0.271606, -0.936524, -0.976562, -6.103514, 6.958006,Cycling
4618757, -0.166504, -0.138916, -0.851685, -0.610352, -11.169430, 4.638672,Cycling
4618777, -0.324341, -0.139648, -0.886719, 0.854492, -8.605960, 1.159668,Cycling
4618797, -0.270508, -0.347412, -0.902466, 0.793457, -4.638672, -4.150392,Cycling
4618817, -0.130005, -0.279297, -0.919190, -2.014160, -7.263182, -1.586914,Cycling
4618837, -0.237305, -0.257813, -0.997192, -4.211426, -7.812498, 0.793457,Cycling
4618857, -0.088013, -0.149414, -0.955811, -4.089356, -8.972170, -1.342773,Cycling
4618877, -0.140747, -0.197754, -1.021118, -3.051757, 0.976562, -0.366211,Cycling
4618897, -0.117432, -0.193481, -0.965210, 1.037598, 3.112792, 2.746581,Cycling
4618917, -0.060059, -0.085571, -1.013550, 4.089356, 7.019042, 6.591796,Cycling
4618937, -0.142212, -0.120239, -1.157349, 3.356933, 14.831540, 4.211426,Cycling
4618957, -0.117188, -0.159546, -1.033204, 3.479003, 13.366696, 2.685546,Cycling
4618977, -0.258667, -0.068237, -1.044922, 3.845214, 5.615234, 5.432128,Cycling
4618997, -0.384522, -0.227539, -0.989624, 7.263182, 18.066410, 1.647949,Cycling
4619017, -0.156372, -0.296509, -0.803589, 3.173828, 12.817380, 7.690428,Cycling
4619037, -0.293213, -0.074097, -0.962769, 5.310058, -1.953124, 7.568358,Cycling
4619057, -0.347168, -0.262940, -1.062622, 0.183105, 24.475090, 8.544924,Cycling
4619077, -0.267578, -0.189331, -0.953003, -0.427246, 14.953610, 12.207030,Cycling
4619097, -0.036987, -0.015625, -0.955444, -1.647949, 7.080076, 18.920900,Cycling
4619117, -0.257202, -0.102051, -0.960327, 1.525878, 14.526364, 8.789064,Cycling
4619137, -0.208008, -0.346191, -0.905029, -3.051757, 12.023924, 6.103514,Cycling
4619157, -0.240479, -0.280151, -0.879517, -4.333496, 11.413570, 9.582520,Cycling
4619177, -0.091553, -0.072266, -0.842163, -5.554198, -2.380371, 14.343260,Cycling
4619197, -0.336060, -0.289795, -0.913086, -0.305176, 10.437010, 1.708984,Cycling
4619217, -0.184326, -0.588501, -0.865234, -6.469726, 10.864256, -0.549316,Cycling
4619237, -0.057861, -0.333984, -0.862793, -10.070800, -2.502442, 8.544924,Cycling
4619257, -0.190674, -0.202515, -0.997925, -6.652830, 5.432128, 14.038084,Cycling
4619277, 0.019043, -0.241943, -1.014770, -1.708984, 17.639160, 11.047360,Cycling
4619297, 0.067749, -0.082520, -1.125488, -2.746581, 15.991210, 16.418460,Cycling
4619317, -0.176880, -0.186890, -1.002564, 4.882814, 13.122556, 13.916012,Cycling
4619337, -0.166748, -0.156860, -0.892822, 7.263182, 8.605960, 14.282224,Cycling
4619357, -0.341064, -0.215088, -0.954590, 10.742184, 0.732422, 13.061520,Cycling
4619377, -0.312500, -0.324951, -0.945068, 8.850100, 4.272462, 11.840818,Cycling
4619397, -0.232178, -0.346802, -0.921753, 4.882814, -2.197266, 10.070800,Cycling
4619417, -0.224854, -0.277710, -0.942627, 2.563476, -9.826660, 9.643556,Cycling
4619437, -0.193848, -0.343140, -0.899292, -0.732422, -8.239746, 8.789064,Cycling
4619457, -0.028076, -0.204346, -0.834961, -0.732422, -11.962890, 8.789064,Cycling
4619477, -0.078491, -0.222046, -0.979004, -1.953124, -1.708984, 11.474608,Cycling
4619497, 0.087891, -0.069946, -0.985230, -1.770019, 0.061035, 15.319820,Cycling
4619517, -0.058960, -0.286499, -1.039062, 1.953124, 12.329100, 9.521484,Cycling
4619537, -0.026367, -0.193359, -0.990112, -1.281738, 7.263182, 11.108396,Cycling
4619557, -0.135132, -0.135254, -1.025024, 4.028321, 4.089356, 9.155274,Cycling
4619577, -0.249878, -0.257813, -1.017822, 2.685546, 8.239746, 5.798338,Cycling
4619597, -0.188355, -0.269409, -0.920532, 5.371092, -4.516602, 3.662109,Cycling
4619617, -0.192261, -0.152954, -1.007324, 1.647949, -5.676268, 5.920409,Cycling
4619637, -0.253662, -0.303101, -1.002198, 4.394532, -4.089356, 2.075196,Cycling
4619657, -0.188232, -0.370606, -0.868652, 5.065916, -10.681150, 0.305176,Cycling
4619677, -0.276611, -0.405762, -0.922486, 2.868652, -18.859868, 2.563476,Cycling
4619697, -0.136108, -0.391480, -0.931641, -0.366211, -27.954100, 5.615234,Cycling
4619717, -0.019043, -0.264893, -0.852539, 4.882814, -40.405260, 1.770019,Cycling
4619737, 0.004150, -0.147339, -0.982056, 4.211426, -29.357908, 4.943848,Cycling
4619757, -0.159546, -0.120728, -0.962891, 14.343260, -20.874020, 4.638672,Cycling
4619777, -0.174438, -0.284912, -0.881470, 15.441892, -8.911134, 2.197266,Cycling
4619797, -0.145264, -0.257690, -0.911377, 13.366696, -6.225584, 1.037598,Cycling
4619817, -0.163574, -0.255615, -0.964478, 8.605960, -5.187988, 2.014160,Cycling
4619837, -0.092163, -0.115479, -0.906494, 9.765626, -11.169430, 4.760742,Cycling
4619857, -0.315674, -0.117188, -0.995972, 10.437010, -14.038084, 0.732422,Cycling
4619877, -0.339844, -0.262329, -0.960571, 5.187988, -4.333496, -3.112792,Cycling
4619897, -0.128296, -0.086670, -0.901612, 1.464844, -9.399414, -1.525878,Cycling
4619917, -0.343506, -0.058716, -1.113282, 4.272462, -5.859374, 5.310058,Cycling
4619937, -0.100952, -0.042358, -1.027832, 6.469726, 8.605960, 4.638672,Cycling
4619957, -0.310425, -0.144775, -1.102051, 2.807617, 14.770504, 3.173828,Cycling
4619977, -0.123657, -0.185059, -0.963745, -1.770019, 10.742184, 3.662109,Cycling
4619997, -0.211182, -0.142578, -0.904419, 0.732422, 2.502442, 3.723144,Cycling
4620017, -0.192383, -0.130249, -0.969849, -3.051757, 1.647949, 6.896972,Cycling
4620037, -0.265259, -0.001831, -1.021973, -2.319336, 8.911134, 6.164550,Cycling
4620057, -0.273560, -0.200439, -1.041626, -1.770019, 18.371584, 1.159668,Cycling
4620077, -0.029053, -0.141724, -0.962158, -3.723144, 19.531250, -0.732422,Cycling
4620097, -0.086304, -0.111816, -0.985962, 2.136231, 12.634276, 1.647949,Cycling
4620117, -0.157837, -0.220825, -0.975586, 5.920409, 14.587400, 1.281738,Cycling
4620137, -0.192871, -0.146729, -1.006836, 0.915527, 10.620116, 7.324218,Cycling
4620157, -0.251587, -0.130249, -0.931274, 6.530760, 11.779784, 2.563476,Cycling
4620177, -0.183228, -0.235718, -0.815186, 8.972170, 5.615234, 0.488281,Cycling
4620197, -0.313965, -0.385864, -0.894531, 10.192870, -1.037598, 2.624511,Cycling
4620217, -0.441162, -0.561157, -0.889771, 0.061035, 0.610352, 8.300784,Cycling
4620237, -0.233032, -0.294190, -0.836182, -9.216310, -3.967285, 11.413570,Cycling
4620257, -0.271851, -0.169067, -0.870484, -0.671386, -7.019042, 3.479003,Cycling
4620277, -0.140625, -0.233154, -0.872925, -2.563476, 0.488281, -5.798338,Cycling
4620297, -0.131348, -0.239502, -1.056030, 6.774902, 5.432128, -8.422854,Cycling
4620317, -0.036987, -0.327759, -1.147583, -0.427246, 22.277830, 3.601074,Cycling
4620337, 0.131104, -0.080811, -0.987671, 9.521484, 18.066410, 10.131832,Cycling
4620357, -0.040039, -0.119019, -1.013062, 12.695310, 5.981444, 5.737304,Cycling
4620377, -0.263550, -0.127564, -0.897095, 23.010250, 8.605960, -6.713866,Cycling
4620397, -0.228516, -0.414673, -0.859497, 19.592290, 5.554198, -4.394532,Cycling
4620417, -0.089966, -0.343872, -0.720459, 13.061520, -3.234863, 1.892090,Cycling
4620437, -0.168701, -0.169800, -0.778931, 15.808104, -17.883300, 0.244141,Cycling
4620457, -0.472046, -0.593628, -0.861206, 15.075680, -2.441407, -11.169430,Cycling
4620477, -0.191040, -0.564575, -0.762818, 1.281738, -2.929687, -5.126952,Cycling
4620497, -0.212891, -0.518433, -0.629150, 4.577638, -18.188480, -3.784179,Cycling
4620517, -0.281616, -0.676758, -0.803955, -4.089356, -17.883300, -0.732422,Cycling
4620537, -0.184570, -0.468140, -0.983521, -9.948730, -22.094720, 8.666994,Cycling
4620557, -0.041992, -0.429566, -0.829468, 1.586914, -28.808590, 6.652830,Cycling
4620577, -0.011597, -0.396729, -0.848633, 1.770019, -32.836920, 5.798338,Cycling
4620597, -0.084106, -0.178467, -1.060425, 2.746581, -24.841304, 4.028321,Cycling
4620617, -0.043823, -0.241089, -1.096558, 7.263182, -11.779784, -1.281738,Cycling
4620637, 0.040771, -0.225830, -1.070068, 4.150392, -8.178714, -4.882814,Cycling
4620657, -0.098877, -0.197998, -1.123047, 3.967285, 0.122070, -6.958006,Cycling
4620677, -0.050049, -0.218506, -1.043091, 2.624511, 4.577638, -7.934570,Cycling
4620697, -0.312500, -0.211182, -1.026001, 1.831054, -0.976562, -9.887696,Cycling
4620717, -0.350952, -0.187378, -1.015137, -3.723144, 3.234863, -4.455568,Cycling
4620737, -0.306030, -0.154419, -0.949097, -2.014160, 2.014160, -2.685546,Cycling
4620757, -0.448486, -0.316284, -0.973389, -4.333496, 10.192870, -0.915527,Cycling
4620777, -0.292358, -0.292725, -1.005127, -11.047360, 14.221190, 3.540038,Cycling
4620797, -0.211548, -0.133545, -0.993896, -12.145992, 9.460450, 7.019042,Cycling
4620817, -0.322876, -0.152832, -1.016358, -9.216310, 18.615724, 7.812498,Cycling
4620837, -0.158203, -0.162598, -1.038696, -10.437010, 15.624996, 7.690428,Cycling
4620857, -0.164185, -0.087158, -1.117554, -9.765626, 15.869140, 8.666994,Cycling
4620877, -0.157105, -0.286743, -0.936768, -6.713866, 20.324700, 2.746581,Cycling
4620897, 0.047974, -0.331421, -0.873291, -6.958006, 6.286620, 0.366211,Cycling
4620917, -0.229614, -0.202637, -1.160278, -17.822270, -4.760742, 9.155274,Cycling
4620937, -0.295532, -0.417236, -0.667114, -4.516602, 24.169920, -5.065916,Cycling
4620957, -0.024170, -0.558472, -0.586060, 0.610352, -16.357424, -10.498044,Cycling
4620977, -0.536255, -0.354858, -1.032715, 3.356933, 0.671386, 10.986324,Cycling
4620997, -0.074585, -0.367676, -0.955444, -2.014160, 9.643556, 16.601568,Cycling
4621017, -0.038818, -0.288818, -0.898560, -0.732422, -2.685546, 9.216310,Cycling
4621037, -0.142456, -0.344238, -0.912964, 1.342773, -3.967285, 3.356933,Cycling
4621057, 0.002441, -0.167480, -0.876831, 0.427246, -15.930172, -1.281738,Cycling
4621077, -0.407349, -0.356934, -0.884278, -0.549316, -7.812498, -2.014160,Cycling
4621097, -0.192383, -0.278198, -0.864990, -1.831054, -13.854978, -0.732422,Cycling
4621117, -0.304688, -0.389526, -0.913940, -1.708984, -16.052250, -3.051757,Cycling
4621137, -0.364868, -0.592407, -0.904297, -6.469726, -19.104010, -0.305176,Cycling
4621157, -0.182983, -0.408081, -0.814697, -11.901852, -31.738280, 5.737304,Cycling
4621177, -0.101807, -0.120972, -0.755127, -7.751464, -34.301760, 8.850100,Cycling
4621197, -0.254517, -0.151855, -1.045654, -6.164550, -11.169430, 4.699708,Cycling
4621217, -0.134644, -0.308472, -1.053223, -4.760742, -10.131832, 1.281738,Cycling
4621237, 0.191528, 0.027710, -0.978272, -1.647949, -7.080076, 6.652830,Cycling
4621257, -0.070435, -0.009399, -1.075562, 0.915527, 9.582520, -0.915527,Cycling
4621277, -0.200928, -0.110840, -1.077881, 2.929687, 5.065916, -13.916012,Cycling
4621297, -0.149170, -0.187622, -1.006470, 5.859374, 13.244628, -11.413570,Cycling
4621317, -0.241943, -0.215698, -0.989624, 5.249022, 9.826660, -3.662109,Cycling
4621337, -0.344727, -0.168091, -0.991333, 2.929687, 10.192870, 3.601074,Cycling
4621357, -0.225586, -0.080322, -0.919556, -0.488281, 4.211426, 0.610352,Cycling
4621377, -0.430298, -0.170532, -0.853028, 0.305176, -0.549316, -5.676268,Cycling
4621397, -0.442383, -0.310791, -0.892822, -2.685546, 3.662109, -2.929687,Cycling
4621417, -0.380737, -0.396118, -0.890137, -8.178714, 4.028321, 0.732422,Cycling
4621437, -0.413574, -0.453735, -0.886230, -13.793944, -1.525878, 4.821778,Cycling
4621457, -0.113770, -0.258423, -0.852051, -16.357424, -5.126952, 7.751464,Cycling
4621477, -0.198853, -0.017944, -1.157837, -11.352536, 0.854492, 4.760742,Cycling
4621497, -0.011719, -0.191772, -1.037964, -5.249022, 11.840818, -0.244141,Cycling
4621517, -0.107056, -0.198730, -1.130982, 0.244141, 11.413570, 0.549316,Cycling
4621537, 0.099731, -0.030151, -1.113892, 3.234863, 13.977050, 4.333496,Cycling
4621557, -0.075317, -0.054810, -1.043213, 7.568358, 13.854978, 0.976562,Cycling
4621577, -0.256348, -0.098145, -0.961060, 11.901852, 11.596676, 3.173828,Cycling
4621597, -0.231689, -0.014038, -0.952881, 14.526364, 17.333990, 4.943848,Cycling
4621617, -0.266724, -0.190308, -0.945679, 13.549804, 24.780270, 0.976562,Cycling
4621637, -0.197266, -0.370850, -0.888062, 6.652830, 29.541010, 1.098633,Cycling
4621657, -0.094849, 0.021606, -0.916138, 1.831054, 7.995604, 8.728030,Cycling
4621677, -0.543701, -0.122559, -0.946045, 6.652830, 17.517090, 6.225584,Cycling
4621697, -0.132690, -0.381104, -0.915894, -1.464844, 24.475090, 6.164550,Cycling
4621717, -0.102661, -0.054565, -0.912842, -1.586914, 8.117676, 18.432620,Cycling
4621737, -0.281982, -0.189575, -1.029786, -2.075196, 18.371584, 9.582520,Cycling
4621757, -0.260742, -0.481079, -1.015625, -6.164550, 24.169920, 2.746581,Cycling
4621777, -0.050781, -0.429443, -0.936157, -9.216310, 13.488768, 11.657712,Cycling
4621797, -0.036499, -0.121460, -0.864014, -2.197266, -0.915527, 21.606440,Cycling
4621817, -0.249146, -0.226563, -0.982910, 1.770019, 11.108396, 16.967780,Cycling
4621837, -0.066895, -0.315430, -0.920654, 4.089356, 6.103514, 15.441892,Cycling
4621857, -0.131958, -0.141235, -1.029786, 6.896972, 7.202148, 16.906740,Cycling
4621877, -0.072998, -0.223999, -0.913940, 10.986324, 11.779784, 15.197750,Cycling
4621897, -0.015015, -0.186646, -1.019532, 7.873534, 11.230468, 13.549804,Cycling
4621917, -0.150269, -0.253540, -0.908570, 9.521484, 6.713866, 12.634276,Cycling
4621937, -0.126709, -0.225586, -0.804688, 10.131832, 4.882814, 11.291500,Cycling
4621957, -0.330688, -0.287354, -0.895142, 7.385252, -0.488281, 12.390136,Cycling
4621977, -0.245117, -0.323853, -0.828003, 5.920409, 6.225584, 13.977050,Cycling
4621997, -0.190430, -0.351318, -0.827637, 2.441407, -3.479003, 11.474608,Cycling
4622017, -0.230103, -0.324097, -0.922241, -4.821778, -5.737304, 11.657712,Cycling
4622037, -0.147705, -0.347656, -0.818604, -8.850100, -3.723144, 12.451170,Cycling
4622057, -0.204346, -0.312866, -0.917725, -10.009768, -3.723144, 10.742184,Cycling
4622077, -0.029419, -0.150269, -1.055298, -12.512204, -1.586914, 16.296390,Cycling
4622097, -0.128174, -0.098145, -1.090942, -7.202148, 3.051757, 12.390136,Cycling
4622117, -0.265869, -0.356079, -1.038330, -5.554198, 8.239746, 8.239746,Cycling
4622137, -0.190064, -0.390137, -0.932984, 0.854492, -2.136231, 6.713866,Cycling
4622157, -0.134277, -0.340698, -1.046997, -5.615234, -1.159668, 13.183590,Cycling
4622177, -0.077759, -0.269775, -0.934204, -3.723144, -2.136231, 7.263182,Cycling
4622197, -0.029419, -0.203369, -0.871338, -1.586914, -5.798338, 8.850100,Cycling
4622217, -0.140015, -0.040771, -1.107056, -0.671386, -2.563476, 3.601074,Cycling
4622237, -0.054932, -0.189575, -1.007080, 3.295898, 7.263182, -0.854492,Cycling
4622257, -0.023438, -0.187988, -0.939453, 6.225584, 0.183105, 0.854492,Cycling
4622277, -0.066040, -0.248901, -0.953125, 7.995604, 0.488281, 3.967285,Cycling
4622297, -0.037231, -0.211548, -0.900146, 8.056642, 6.591796, 3.356933,Cycling
4622317, -0.218628, -0.339233, -0.995850, 6.469726, 0.061035, 1.708984,Cycling
4622337, -0.196777, -0.273316, -0.981690, 0.061035, 8.605960, 5.249022,Cycling
4622357, -0.279785, -0.212158, -0.873169, -0.854492, -6.469726, 4.577638,Cycling
4622397, -0.099487, -0.122070, -1.055786, -4.516602, 3.845214, 3.662109,Cycling
4622417, 0.029663, -0.054077, -1.086670, -4.699708, 4.516602, 5.310058,Cycling
4622437, -0.024780, -0.016724, -1.085083, -2.807617, 0.610352, 1.098633,Cycling
4622457, -0.265991, -0.244263, -0.970947, 4.760742, -1.037598, -3.662109,Cycling
4622477, -0.013794, -0.259033, -0.839600, 9.704590, -0.976562, -2.746581,Cycling
4622497, -0.206909, -0.199463, -1.158081, 6.652830, -7.202148, 3.173828,Cycling
4622517, -0.037598, -0.272705, -0.970337, 11.657712, 1.281738, 1.586914,Cycling
4622537, -0.144409, -0.305664, -0.874878, 10.009768, -21.545408, -5.371092,Cycling
4622557, -0.334717, -0.335327, -0.922852, 9.826660, -18.432620, -4.150392,Cycling
4622577, -0.029907, -0.239868, -0.819214, 7.324218, -15.441892, -3.051757,Cycling
4622597, -0.157471, -0.187134, -0.945190, 6.958006, -13.610836, 0.610352,Cycling
4622617, -0.048462, -0.190674, -0.906128, 11.352536, -4.333496, 4.577638,Cycling
4622637, -0.033081, -0.213013, -0.900513, 12.817380, -6.286620, 10.437010,Cycling
4622657, -0.182739, -0.243652, -0.901489, 11.657712, -5.676268, 11.230468,Cycling
4622677, -0.187012, -0.327393, -0.843750, 10.803220, -4.089356, 3.356933,Cycling
4622697, -0.189575, -0.325684, -0.944214, 2.502442, -8.544924, 3.906249,Cycling
4622717, -0.140259, -0.183716, -0.913330, 3.906249, -4.699708, 9.765626,Cycling
4622737, -0.226318, -0.206055, -1.028931, 1.831054, -7.202148, 11.596676,Cycling
4622757, -0.309448, -0.337891, -1.023194, 0.488281, 2.807617, 8.300784,Cycling
4622777, -0.097168, -0.383301, -0.924072, -4.760742, -0.671386, 10.559080,Cycling
4622797, -0.262695, -0.164673, -1.141968, -6.286620, -3.906249, 15.136716,Cycling
4622817, -0.019775, -0.043579, -0.988159, 0.305176, 8.300784, 8.178714,Cycling
4622837, -0.156006, -0.054688, -1.023194, 5.432128, -2.380371, 6.652830,Cycling
4622857, -0.206909, 0.021118, -1.131714, 5.065916, 13.610836, 13.549804,Cycling
4622877, -0.199707, -0.163452, -0.983765, 11.352536, 21.545408, 7.263182,Cycling
4622897, -0.028809, -0.143555, -0.922852, 4.394532, 18.371584, 7.446288,Cycling
4622917, -0.101196, -0.058716, -0.971558, 9.643556, 12.756344, 6.042480,Cycling
4622937, -0.228882, -0.257080, -0.946411, 8.850100, 21.606440, 4.821778,Cycling
4622957, -0.246704, -0.291016, -1.058472, -5.432128, 22.155760, 8.544924,Cycling
4622977, -0.186401, -0.218018, -0.915405, -3.906249, 12.817380, 7.446288,Cycling
4622997, -0.257202, -0.489136, -0.865479, -4.333496, -2.441407, -1.647949,Cycling
4623017, -0.258911, -0.434570, -0.988892, -17.089850, 0.061035, 5.554198,Cycling
4623037, -0.146606, -0.285400, -0.786377, -9.399414, -3.967285, 10.192870,Cycling
4623057, -0.100586, -0.200928, -0.762818, -5.249022, -16.601568, 8.300784,Cycling
4623077, -0.235474, -0.150879, -0.988892, 0.793457, -7.324218, 3.662109,Cycling
4623097, -0.048218, -0.236938, -1.041504, 3.051757, 9.155274, 5.187988,Cycling
4623117, 0.137573, -0.068359, -1.037964, 6.103514, 8.789064, 8.056642,Cycling
4623137, 0.085815, -0.155762, -0.963013, 17.150880, 13.549804, 5.859374,Cycling
4623157, 0.010254, -0.162354, -1.069092, 16.357424, 16.052250, 7.263182,Cycling
4623177, -0.174194, -0.234009, -1.046143, 17.333990, 19.897460, 8.789064,Cycling
4623197, -0.057617, -0.150269, -0.874512, 16.357424, 6.835936, 8.911134,Cycling
4623217, -0.409302, -0.346802, -0.871338, 13.854978, -4.211426, -2.929687,Cycling
4623237, -0.245483, -0.447144, -0.730225, 7.141112, -6.469726, -6.591796,Cycling
4623257, -0.304810, -0.407959, -0.863526, -2.258301, -13.427732, -9.765626,Cycling
4623277, -0.313110, -0.342163, -0.994141, -4.150392, -5.065916, -8.178714,Cycling
4623377, -0.058350, -0.295410, -0.945068, 3.845214, -20.935052, -10.253904,Cycling
4623397, -0.023682, -0.404907, -0.921509, 4.028321, -12.084960, -9.948730,Cycling
4623417, 0.021729, -0.309814, -1.095581, 0.732422, -9.399414, -5.676268,Cycling
4623517, -0.306763, -0.272705, -0.920776, 4.882814, -5.432128, -4.333496,Cycling
4623537, -0.275635, -0.366943, -0.863648, 4.699708, -8.605960, -9.887696,Cycling
4623557, -0.270020, -0.340820, -0.943482, 0.793457, -5.310058, -14.160152,Cycling
4623577, -0.222290, -0.382446, -0.934692, -3.540038, -7.934570, -13.977050,Cycling
4623597, -0.124146, -0.247681, -0.930664, -4.394532, -7.141112, -9.765626,Cycling
4623617, -0.241577, -0.313477, -1.054322, -5.249022, -3.234863, -13.671872,Cycling
4623637, -0.028687, -0.369873, -0.920654, -2.624511, -0.244141, -13.427732,Cycling
4623657, -0.153564, -0.290283, -0.954468, -2.990722, -8.605960, -5.493162,Cycling
4623677, -0.238892, -0.388550, -0.911377, 0.183105, -8.483890, -5.676268,Cycling
4623697, -0.176270, -0.280274, -0.931152, -1.098633, -12.634276, -3.295898,Cycling
4623717, -0.266358, -0.299927, -0.918579, -0.732422, -16.601568, -6.408690,Cycling
4623737, -0.211914, -0.336670, -0.920776, -1.098633, -12.756344, -7.690428,Cycling
4623757, -0.150879, -0.372925, -0.843506, -2.807617, -18.188480, -6.530760,Cycling
4623777, -0.148804, -0.247681, -0.883423, -0.183105, -20.019532, -4.272462,Cycling
4623797, -0.130615, -0.295410, -0.995972, -4.211426, -9.887696, -4.394532,Cycling
4623817, -0.097046, -0.208618, -1.082032, -8.544924, -7.568358, -5.187988,Cycling
4623837, -0.141846, -0.215454, -1.012085, -7.690428, -0.915527, -4.333496,Cycling
4623857, -0.104248, -0.212036, -0.881592, -4.638672, 8.544924, -2.746581,Cycling
4623877, -0.315552, -0.240356, -1.052124, -2.563476, 5.737304, -0.427246,Cycling
4623897, -0.092896, -0.207886, -0.965088, -3.906249, 9.216310, 1.281738,Cycling
4623917, -0.268799, -0.074097, -1.067261, -5.554198, 10.437010, 1.342773,Cycling
4623937, -0.117554, -0.084839, -0.960816, -3.540038, 18.371584, -3.784179,Cycling
4623957, -0.197998, -0.182739, -0.980469, -2.441407, 13.488768, -8.789064,Cycling
4623977, -0.326538, -0.331543, -1.187622, -9.460450, 25.085448, -6.469726,Cycling
4623997, -0.821533, -1.192383, -1.427856, -32.592780, 74.523940, -1.342773,Cycling
4624017, 0.375000, -1.100952, -1.038086, -50.537100, 63.476560, 7.629394,Cycling
4624037, -0.037476, -0.409180, -1.053955, -38.452160, 2.319336, 25.085448,Cycling
4624057, -0.414429, -0.456177, -1.275635, -43.395980, 43.457020, 27.099608,Cycling
4624077, 0.253906, 0.301758, -0.867432, -32.897960, -20.996090, 22.216790,Cycling
4624097, -0.369019, 0.287476, -0.852417, -13.854978, -3.479003, 5.371092,Cycling
4624117, -0.477051, -0.283203, -0.752808, -5.371092, 9.277344, -9.887696,Cycling
4624137, 0.008545, -0.283203, -0.747437, -1.403808, -6.408690, -6.347656,Cycling
4624157, -0.097046, -0.119751, -0.914673, 2.563476, 2.563476, 6.835936,Cycling
4624177, 0.035278, -0.173706, -0.772583, 6.164550, -4.394532, 15.075680,Cycling
4624197, -0.029175, -0.059204, -0.671631, 13.488768, -17.883300, 17.150880,Cycling
4624217, -0.085083, -0.052856, -0.639038, 18.005376, -14.709470, 16.540530,Cycling
4624257, -0.166016, -0.229980, -0.830688, 11.474608, 7.873534, 8.728030,Cycling
4624277, -0.019775, -0.130615, -0.867188, 4.028321, 15.380856, 9.094240,Cycling
4624297, -0.075195, 0.079590, -0.842163, 3.417968, -0.915527, 2.563476,Cycling
4624317, -0.268677, -0.125000, -0.911255, 1.464844, 1.708984, -1.831054,Cycling
4624337, -0.206543, -0.163086, -0.839356, 1.708984, -4.638672, -5.004884,Cycling
4624357, -0.256836, -0.095703, -0.975708, -1.037598, -8.483890, -3.051757,Cycling
4624377, -0.131958, 0.051270, -0.990723, 1.342773, -3.417968, 0.915527,Cycling
4624397, 0.034302, 0.247925, -0.988648, 9.582520, -6.225584, -0.793457,Cycling
4624417, 0.039307, 0.173462, -0.959229, 24.597160, -0.244141, -8.300784,Cycling
4624437, -0.547608, -0.794556, -1.590454, 13.549804, 55.847160, -3.479003,Cycling
4624457, 0.214233, -0.575684, -1.404663, -3.845214, 49.926750, 22.460930,Cycling
4624657, -0.046387, -0.289795, -0.865845, 14.648436, -2.563476, 10.498044,Cycling
4624677, -0.028931, -0.329468, -0.861328, 13.244628, -4.516602, 6.774902,Cycling
4624697, -0.086426, -0.365356, -0.909180, 8.300784, -3.112792, 4.943848,Cycling
4624717, -0.058105, -0.170654, -0.900391, 6.103514, -7.385252, 8.544924,Cycling
4624737, -0.210327, -0.027710, -0.998413, 4.577638, -8.972170, 8.361816,Cycling
4624757, -0.717041, -0.766724, -1.026001, 5.554198, 18.920900, -6.530760,Cycling
4624817, 0.015991, -0.258545, -1.373413, 1.159668, 5.798338, 37.780760,Cycling
4624837, -0.105225, -0.039551, -1.222046, 14.892576, 11.962890, 25.146480,Cycling
4624857, -0.029419, -0.077759, -1.096436, 27.099608, 12.756344, 15.502928,Cycling
4624877, -0.021606, -0.010254, -1.028564, 37.658700, 31.372068, 20.507810,Cycling
4624897, -0.038452, -0.174194, -0.835571, 51.025380, 23.498530, 22.094720,Cycling
4624917, -0.218140, -0.297485, -0.991821, 46.264640, 18.371584, 25.146480,Cycling
4624937, -0.130249, -0.252564, -0.859131, 39.489750, 10.620116, 26.733390,Cycling
4624957, -0.167114, -0.133911, -0.866089, 17.456060, 6.469726, 28.564450,Cycling
4624977, -0.017578, -0.106201, -0.826904, 22.216790, 9.704590, 23.437492,Cycling
4624997, 0.002563, -0.170166, -0.860596, 13.732908, 19.348150, 16.479492,Cycling
4625017, 0.045776, -0.149658, -0.990723, 2.136231, 20.507810, 9.826660,Cycling
4625037, -0.092529, -0.375610, -0.862305, -6.958006, 29.907220, 9.643556,Cycling
4625057, -0.129761, -0.389648, -0.751465, -10.498044, 25.329584, 15.380856,Cycling
4625077, -0.118774, -0.434082, -0.703369, -10.986324, 24.353020, 21.667476,Cycling
4625097, -0.271606, -0.474365, -0.665528, -12.878416, 8.666994, 20.385740,Cycling
4625117, -0.219360, -0.257080, -0.790283, -15.869140, 1.281738, 18.249516,Cycling
4625137, -0.140747, -0.189331, -0.933106, -22.644040, 1.647949, 13.427732,Cycling
4625157, 0.081909, -0.204346, -0.717163, -21.484370, 5.676268, 8.178714,Cycling
4625177, 0.000488, -0.138794, -1.033448, -12.390136, 9.765626, 21.911620,Cycling
4625197, 0.352905, 1.074219, -1.794922, -16.235352, -3.784179, 0.244141,Cycling
4625217, -0.697632, -0.559570, -1.378662, -22.216790, 71.533200, 8.544924,Cycling
4625237, 0.048950, -0.921631, -0.960694, -25.817870, 62.255850, -7.263182,Cycling
4625257, 0.337158, -1.053101, -0.651245, -21.728510, 7.446288, 0.671386,Cycling
4625277, -0.368042, -0.461426, -1.229980, -26.672360, -3.662109, 19.287110,Cycling
4625297, -0.138916, -0.151123, -0.902588, -11.596676, -11.352536, 7.141112,Cycling
4625317, -0.552002, -0.338623, -1.073364, -1.770019, -9.521484, 13.916012,Cycling
4625337, -0.112793, -0.287964, -1.013550, 6.042480, -1.647949, 3.356933,Cycling
4625357, 0.050903, -0.467407, -0.807007, 22.094720, -1.159668, -8.056642,Cycling
4625377, 0.186890, -0.537842, -1.098755, 20.385740, -3.906249, 2.685546,Cycling
4625397, 0.123413, -0.490112, -0.740845, 22.460930, -11.840818, 7.263182,Cycling
4625417, 0.068726, -0.491211, -0.569214, 19.592290, -24.597160, 11.413570,Cycling
4625437, 0.181519, -0.193359, -0.555542, 23.803708, -25.939940, 13.793944,Cycling
4625457, 0.036743, -0.194702, -0.737793, 21.240230, -31.372068, 18.005376,Cycling
4625477, -0.263184, -0.320190, -0.914917, 17.883300, -2.441407, 19.409180,Cycling
4625497, -0.198730, -0.598511, -0.861572, 0.305176, 17.395020, 17.578130,Cycling
4625517, -0.087891, -0.476440, -0.860108, -14.343260, -2.502442, 18.981940,Cycling
4625537, 0.037231, -0.196777, -0.839722, -21.911620, -21.118160, 23.742670,Cycling
4625557, -0.345581, -0.114380, -1.089478, -23.376460, -34.851080, 16.967780,Cycling
4625577, -0.217896, -0.298340, -0.987549, -12.939450, -19.104010, 10.253904,Cycling
4625597, -0.229248, -0.373169, -1.213623, -23.681636, -21.972650, 10.498044,Cycling
4625617, 0.273926, 0.162598, -1.275635, -18.371584, -14.282224, 16.784670,Cycling
4625637, 0.118896, 0.054932, -1.287842, -4.028321, 2.746581, 2.807617,Cycling
4625657, -0.110596, -0.123535, -1.280152, -7.080076, 13.977050, 3.601074,Cycling
4625677, -0.284790, -0.186890, -1.205322, 1.770019, 28.686520, 12.939450,Cycling
4625697, 0.036987, -0.241577, -0.971192, 4.943848, 17.822270, 10.498044,Cycling
4625717, -0.032959, -0.140259, -0.905762, 13.610836, -4.882814, 12.207030,Cycling
4625737, -0.273071, -0.226563, -1.007202, 13.732908, -4.638672, 18.432620,Cycling
4625757, -0.118042, -0.160156, -0.862549, 8.728030, 13.366696, 19.042970,Cycling
4625777, 0.043823, 0.009766, -0.779907, 10.559080, 1.647949, 17.089850,Cycling
4625797, -0.260986, -0.163818, -0.855469, 15.380856, 7.141112, 20.690910,Cycling
4625817, -0.159058, -0.488525, -0.913696, 0.732422, 31.249992, 9.216310,Cycling
4625837, -0.023682, -0.274658, -0.826660, -8.117676, 16.357424, 21.484370,Cycling
4625857, -0.091797, -0.216919, -0.857422, -10.803220, 8.789064, 25.329584,Cycling
4625877, -0.185303, -0.306519, -0.916748, -3.295898, 7.690428, 19.775390,Cycling
4625897, -0.228272, -0.554810, -0.932495, -11.047360, -1.220704, 15.258788,Cycling
4625917, -0.068481, -0.348755, -0.903931, -16.967780, -7.629394, 17.639160,Cycling
4625937, -0.005493, -0.397949, -0.893799, -10.864256, -12.390136, 18.066410,Cycling
4625957, 0.029175, -0.290772, -0.955933, -7.812498, -10.131832, 21.423332,Cycling
4625977, -0.088013, -0.159546, -1.038574, -2.929687, -3.173828, 21.850580,Cycling
4625997, -0.149658, -0.194946, -1.107422, 6.896972, -2.136231, 18.615724,Cycling
4626017, -0.026367, -0.218262, -1.120484, 7.812498, 4.272462, 16.235352,Cycling
4626037, 0.030762, -0.297974, -0.864136, 18.127448, -11.413570, 12.084960,Cycling
4626057, -0.074219, -0.237305, -0.884766, 26.184080, -15.991210, 18.066410,Cycling
4626077, -0.151123, -0.331421, -1.004028, 15.258788, -12.145992, 20.019532,Cycling
4626097, -0.156128, -0.141357, -0.929199, 13.732908, -7.934570, 21.606440,Cycling
4626117, -0.229492, -0.281616, -0.953247, 11.718748, -2.990722, 18.005376,Cycling
4626137, 0.071533, -0.278442, -0.932373, 4.699708, -3.295898, 14.282224,Cycling
4626157, -0.090942, -0.187378, -0.983276, 2.014160, -12.268064, 15.136716,Cycling
4626177, 0.010498, -0.133057, -0.879028, 0.610352, -11.535644, 14.221190,Cycling
4626197, -0.138062, -0.048950, -0.987915, 1.281738, -19.958500, 12.573240,Cycling
4626217, -0.261108, -0.185425, -0.972900, -3.479003, -4.943848, 10.009768,Cycling
4626237, -0.109741, -0.025635, -0.891358, -5.065916, 0.244141, 7.507323,Cycling
4626257, -0.222046, -0.265137, -0.893799, 1.098633, -4.028321, 2.990722,Cycling
4626277, -0.328491, -0.541870, -0.855957, -9.643556, 2.197266, 4.699708,Cycling
4626297, -0.154419, -0.405396, -0.819214, -18.066410, -7.690428, 9.216310,Cycling
4626317, -0.333130, -0.314453, -0.946900, -10.314940, -16.845708, 13.061520,Cycling
4626337, -0.140503, -0.304932, -0.848145, -12.390136, -12.329100, 8.422854,Cycling
4626357, -0.318604, -0.328003, -0.936279, -7.080076, -17.272950, 6.286620,Cycling
4626377, 0.073364, -0.273682, -0.928345, -17.150880, -11.718748, 3.601074,Cycling
4626397, 0.123657, 0.025391, -1.056396, -12.512204, -12.512204, 0.610352,Cycling
4626437, 0.038452, -0.159180, -1.011475, -2.014160, -7.568358, -10.559080,Cycling
4626457, -0.055054, -0.181641, -1.060669, 5.920409, 2.258301, -9.033204,Cycling
4626477, 0.155884, -0.064209, -1.058960, 4.516602, -3.295898, -5.371092,Cycling
4626497, -0.001221, -0.392700, -0.759644, 9.643556, -6.652830, -12.878416,Cycling
4626517, -0.472290, -0.443359, -0.885986, 5.737304, -10.559080, -10.070800,Cycling
4626537, -0.280396, -0.361450, -0.907227, 1.525878, -8.117676, -1.159668,Cycling
4626557, -0.143555, -0.201660, -0.922608, -2.563476, -8.178714, -2.929687,Cycling
4626577, -0.269531, -0.371948, -0.890747, 0.061035, -19.042970, -11.108396,Cycling
4626597, -0.122070, -0.435181, -0.689942, -0.610352, -24.719230, -12.329100,Cycling
4626617, -0.422852, -0.463745, -0.977539, -4.577638, -28.503410, -10.131832,Cycling
4626637, 0.043091, -0.108154, -0.977783, -8.544924, -25.146480, -2.990722,Cycling
4626657, -0.205566, -0.260010, -0.884155, 3.295898, -29.907220, -10.864256,Cycling
4626677, -0.267456, -0.331177, -1.129761, -2.868652, -25.329584, -9.948730,Cycling
4626697, -0.112549, -0.238281, -1.003540, -0.061035, -21.911620, -8.117676,Cycling
4626717, 0.009644, -0.310425, -0.902710, -3.540038, -20.568840, -6.713866,Cycling
4626737, -0.499512, -0.374146, -0.986206, 1.281738, -24.841304, -4.577638,Cycling
4626757, -0.205811, -0.115845, -1.001099, 0.610352, -21.484370, 5.981444,Cycling
4626778, -0.434692, -0.193604, -1.051026, 0.122070, -15.747068, 1.342773,Cycling
4626798, -0.150024, -0.196777, -0.952881, 1.403808, -17.333990, -4.211426,Cycling
4626818, -0.211304, -0.237305, -0.926392, -2.624511, -15.747068, -5.493162,Cycling
4626838, -0.108398, 0.081421, -1.040406, -4.150392, -18.493652, -4.760742,Cycling
4626858, -0.230103, -0.111694, -0.881104, 2.685546, -13.183590, -11.230468,Cycling
4626878, -0.356690, -0.258789, -1.036499, -0.732422, -1.159668, -11.596676,Cycling
4626898, -0.214233, -0.426758, -1.040039, -9.948730, 19.714360, -7.812498,Cycling
4626918, -0.265869, -0.161865, -1.064209, -11.779784, 12.145992, -0.244141,Cycling
4626938, -0.113403, -0.176514, -1.080444, -14.831540, 18.005376, -3.906249,Cycling
4626958, -0.264282, -0.209106, -0.982788, -16.235352, 16.906740, -9.155274,Cycling
4626978, -0.297852, -0.229492, -0.808594, -8.056642, 7.385252, -10.498044,Cycling
4626998, -0.354004, -0.184937, -1.050293, -8.544924, 14.709470, -1.708984,Cycling
4627058, -0.302979, -0.166626, -0.904907, 8.422854, -0.122070, 4.638672,Cycling
4627078, -0.191528, -0.164795, -0.949707, 9.887696, 5.004884, 5.981444,Cycling
4627098, -0.191650, -0.175171, -1.015381, 7.385252, 6.103514, 6.469726,Cycling
4627118, -0.125855, -0.278442, -0.831665, 7.263182, 5.737304, 2.685546,Cycling
4627138, -0.138550, -0.082031, -0.990112, 3.906249, 8.422854, 4.150392,Cycling
4627158, -0.139648, -0.118774, -0.904907, 3.356933, 9.887696, 5.004884,Cycling
4627178, -0.318848, -0.353149, -0.813721, 6.835936, 10.253904, -0.732422,Cycling
4627218, -0.492554, -0.515015, -0.799194, -1.281738, -10.742184, -1.098633,Cycling
4627278, -0.325317, -0.218384, -0.933716, -6.042480, -14.404296, -3.417968,Cycling
4627298, -0.070068, -0.286987, -0.988404, -6.774902, -31.372068, -11.718748,Cycling
4627318, -0.199829, -0.459595, -0.878662, -3.234863, -22.827140, -13.061520,Cycling
4627338, -0.239258, -0.163208, -1.041504, -0.305176, -27.832030, -7.568358,Cycling
4627378, -0.145264, -0.191406, -0.857788, 4.882814, -35.156260, -10.314940,Cycling
4627398, -0.379395, -0.275635, -0.922974, 6.164550, -29.479976, -12.145992,Cycling
4627418, -0.160889, -0.158081, -0.900879, 5.493162, -29.785150, -12.939450,Cycling
4627438, -0.306396, -0.239990, -0.833740, 6.347656, -27.893060, -17.028810,Cycling
4627458, -0.245483, -0.132935, -0.886597, 4.760742, -27.770990, -16.235352,Cycling
4627478, -0.310181, -0.258301, -0.992188, 3.112792, -19.104010, -15.258788,Cycling
4627498, -0.245972, -0.265625, -1.105103, 0.244141, -14.282224, -12.207030,Cycling
4627518, -0.197510, -0.108154, -1.130982, -3.967285, -7.995604, -9.765626,Cycling
4627538, -0.190918, -0.162964, -0.983032, -3.417968, 3.112792, -10.803220,Cycling
4627558, -0.362549, -0.112183, -1.225830, -7.690428, 20.324700, -2.319336,Cycling
4627578, -0.152710, -0.075439, -1.046997, -7.080076, 18.066410, -3.601074,Cycling
4627598, -0.476929, -0.174072, -1.052368, -7.568358, 17.883300, -3.479003,Cycling
4627618, -0.218628, -0.181397, -0.923950, -8.056642, 21.972650, -4.516602,Cycling
4627638, -0.218628, -0.041626, -0.882935, -5.432128, 1.647949, -3.784179,Cycling
4627658, -0.426514, -0.062256, -0.944824, -2.258301, 5.554198, -4.577638,Cycling
4627678, -0.283814, -0.163696, -0.924194, -4.699708, 11.169430, -9.277344,Cycling
4627698, -0.446777, -0.422485, -0.812622, -4.638672, 2.197266, -13.000484,Cycling
4627718, -0.365967, -0.456055, -0.744019, -4.943848, -1.647949, -8.605960,Cycling
4627738, -0.412232, -0.431030, -0.846070, -4.394532, -3.967285, -0.183105,Cycling
4627758, -0.294312, -0.431763, -0.870362, -6.103514, -3.784179, -1.770019,Cycling
4627778, -0.114258, -0.172119, -0.949707, -6.286620, -15.441892, -5.065916,Cycling
4627798, -0.134277, -0.170288, -0.996948, -7.812498, -2.868652, -6.958006,Cycling
4627818, -0.278198, -0.325928, -0.984863, -7.263182, 0.671386, -8.117676,Cycling
4627838, -0.085938, -0.299438, -0.845703, -4.821778, -2.685546, -5.615234,Cycling
4627858, -0.314819, -0.302490, -0.894898, 0.366211, -3.295898, -4.394532,Cycling
4627878, -0.191895, -0.219605, -1.021240, -1.220704, -6.042480, -1.037598,Cycling
4627898, -0.277710, -0.182617, -1.044434, 0.488281, -2.990722, -3.356933,Cycling
4627918, -0.390747, -0.342896, -1.030762, -4.455568, 3.784179, -3.479003,Cycling
4627938, -0.300659, -0.357300, -0.841919, -1.586914, -2.380371, -1.342773,Cycling
4627958, -0.316772, -0.248047, -0.819946, -3.112792, -12.207030, 0.976562,Cycling
4627978, -0.411743, -0.193237, -0.938232, 0.610352, -15.136716, -3.906249,Cycling
4627998, -0.267578, -0.226074, -0.980347, -5.493162, -6.469726, -12.207030,Cycling
4628018, -0.088135, -0.044312, -0.805542, -1.586914, -16.662600, -15.563964,Cycling
4628038, -0.289673, -0.015503, -0.858032, -2.075196, -17.456060, -16.418460,Cycling
4628058, -0.338501, -0.255249, -0.943848, -7.690428, 3.479003, -16.967780,Cycling
4628078, -0.341797, -0.428833, -1.058106, -19.836430, 21.789548, -13.122556,Cycling
4628098, -0.027710, -0.254028, -0.992310, -30.761716, 19.531250, -1.708984,Cycling
4628118, -0.355103, -0.178223, -1.009156, -17.333990, 9.399414, 2.441407,Cycling
4628138, -0.206787, -0.154175, -1.024780, -23.925780, 20.385740, 3.356933,Cycling
4628158, -0.084839, -0.095581, -0.963013, -13.610836, 4.028321, -4.455568,Cycling
4628178, -0.386963, -0.150879, -1.040162, -9.216310, 2.380371, -4.455568,Cycling
4628198, -0.503174, -0.327271, -0.917969, -6.408690, 15.747068, 0.671386,Cycling
4628218, -0.245239, -0.059448, -1.067871, -7.507323, -7.690428, -8.972170,Cycling
4628238, -0.501343, -0.299438, -1.048584, 1.708984, 1.098633, -14.831540,Cycling
4628258, -0.022217, -0.416138, -0.764893, -0.305176, -16.479492, -21.179192,Cycling
4628278, -0.143433, -0.137329, -0.914917, 6.652830, -46.936020, -10.620116,Cycling
4628298, -0.450073, -0.384399, -0.930298, 17.395020, -41.564930, -5.249022,Cycling
4628318, -0.216187, -0.390503, -0.964722, 19.348150, -52.062980, -15.136716,Cycling
4628338, -0.325562, -0.511230, -0.933716, 33.935560, -68.176280, -18.249516,Cycling
4628358, -0.159180, -0.358643, -0.819092, 5.187988, -65.307640, -16.540530,Cycling
4628378, -0.172119, -0.133667, -0.695679, 17.211920, -52.856440, -10.559080,Cycling
4628398, -0.371582, -0.405274, -0.712524, 19.958500, -36.438000, -13.549804,Cycling
4628418, -0.353149, -0.346802, -0.827881, -1.831054, -18.066410, -7.202148,Cycling
4628438, -0.342774, -0.237915, -0.793579, 2.075196, -9.033204, -17.272950,Cycling
4628458, -0.277954, -0.348877, -0.800904, -5.249022, -16.967780, -21.728510,Cycling
4628478, -0.417358, -0.222534, -0.940430, -2.441407, -15.686032, -18.798830,Cycling
4628498, -0.384399, -0.283691, -0.834229, -2.624511, -14.221190, -20.507810,Cycling
4628518, -0.446899, -0.239868, -0.753052, 0.854492, -26.916500, -21.057124,Cycling
4628538, -0.415405, -0.307739, -0.884522, 0.854492, -29.174800, -19.470220,Cycling
4628558, -0.411011, -0.155029, -1.010254, -8.178714, -14.343260, -17.456060,Cycling
4628578, -0.300903, -0.295898, -0.808106, 2.990722, -24.230950, -24.902340,Cycling
4628598, -0.373779, -0.334351, -0.939087, -16.845708, -28.442380, -22.827140,Cycling
4628618, -0.479004, -0.222290, -0.845337, -4.821778, -27.343748, -21.606440,Cycling
4628638, -0.376099, -0.274048, -0.957031, -14.099120, -25.207516, -17.333990,Cycling
4628658, -0.358154, -0.124268, -1.078125, -13.793944, -6.896972, -18.066410,Cycling
4628678, -0.241089, 0.047363, -0.987549, -19.165040, -2.624511, -18.981940,Cycling
4628698, -0.351807, -0.055176, -0.978272, -10.070800, -0.732422, -20.202630,Cycling
4628718, -0.499878, -0.012207, -1.061402, -15.563964, 19.470220, -14.831540,Cycling
4628738, -0.377075, -0.127930, -0.934814, -7.812498, 33.752440, -18.249516,Cycling
4628838, -0.419922, -0.354004, -0.906860, -17.761230, 36.376960, -21.728510,Cycling
4628858, -0.260742, -0.199097, -0.854736, -22.155760, 34.851080, -20.690910,Cycling
4628878, -0.421509, -0.280640, -0.933350, -13.305660, 21.545408, -19.165040,Cycling
4628898, -0.280274, -0.287109, -0.767822, -7.751464, 23.620600, -19.958500,Cycling
4628918, -0.296875, -0.320190, -0.890991, -9.826660, 15.380856, -13.610836,Cycling
4628938, -0.252564, -0.218994, -0.917603, -10.620116, 14.892576, -9.155274,Cycling
4628958, -0.325684, -0.261963, -0.884278, 2.807617, 7.080076, -12.145992,Cycling
4628978, -0.241943, -0.397095, -0.819946, -0.793457, 4.943848, -16.784670,Cycling
4628998, -0.149536, -0.300781, -0.813354, 3.051757, -5.187988, -17.456060,Cycling
4629018, -0.341187, -0.512085, -0.920166, 1.525878, -9.338380, -17.211920,Cycling
4629038, -0.213501, -0.550537, -0.810791, -7.629394, -6.591796, -18.310550,Cycling
4629058, 0.014648, -0.090088, -0.907593, -18.432620, -26.611320, -15.686032,Cycling
4629078, -0.443726, -0.074829, -0.939453, 7.568358, -21.179192, -15.258788,Cycling
4629098, -0.140137, -0.216919, -1.011841, -6.042480, -12.329100, -23.132320,Cycling
4629118, -0.194092, -0.186768, -0.987427, -9.887696, -8.483890, -24.841304,Cycling
4629138, -0.070435, 0.025269, -0.838501, 5.004884, -21.667476, -22.521970,Cycling
4629158, -0.475098, -0.246216, -1.088013, 4.211426, -11.596676, -24.536130,Cycling
4629178, -0.355469, -0.380493, -1.110840, -4.577638, 13.305660, -19.287110,Cycling
4629198, -0.074463, -0.218018, -1.021728, -5.126952, 16.357424, -11.901852,Cycling
4629218, -0.243164, -0.367432, -0.911865, -0.183105, 16.784670, -5.615234,Cycling
4629238, -0.201416, -0.112549, -1.058106, -10.925290, 24.475090, 5.187988,Cycling
4629258, -0.257935, -0.013184, -1.016236, -7.080076, 27.832030, 3.356933,Cycling
4629278, -0.301148, -0.009766, -1.046509, -2.502442, 33.630380, 4.028321,Cycling
4629298, -0.389648, -0.107178, -1.042603, -0.610352, 30.822750, 6.713866,Cycling
4629318, -0.296631, -0.283203, -0.833740, -0.488281, 28.625480, -2.197266,Cycling
4629338, -0.340820, -0.234863, -0.948608, -1.403808, 12.573240, -5.126952,Cycling
4629358, -0.237183, -0.285278, -0.828003, 1.953124, 15.502928, -4.394532,Cycling
4629378, -0.308106, -0.196411, -0.957031, -2.746581, 13.610836, -2.868652,Cycling
4629398, -0.127686, -0.295288, -0.813477, 4.211426, 11.413570, -6.225584,Cycling
4629418, -0.200806, -0.449585, -0.813110, -1.953124, 9.582520, -9.704590,Cycling
4629438, -0.161133, -0.422119, -0.783447, -1.220704, -2.502442, -9.826660,Cycling
4629458, -0.331055, -0.479248, -0.826782, -1.647949, 2.746581, -10.192870,Cycling
4629498, -0.202271, -0.480347, -0.776489, -2.197266, -13.671872, -7.385252,Cycling
4629518, -0.266113, -0.331055, -0.873047, -2.014160, -22.399900, -9.643556,Cycling
4629658, -0.302856, -0.167236, -0.992188, 4.882814, -18.432620, -7.080076,Cycling
4629678, -0.214966, -0.203491, -0.898682, 2.319336, -24.230950, -10.864256,Cycling
4629698, -0.382202, -0.195313, -1.028564, -5.371092, -13.366696, -12.878416,Cycling
4629718, -0.202026, -0.123657, -0.961426, -6.103514, -8.789064, -14.892576,Cycling
4629738, -0.314941, -0.175903, -1.036499, -7.263182, -3.479003, -17.578130,Cycling
4629758, -0.239136, -0.192383, -1.002930, -11.596676, 3.540038, -14.587400,Cycling
4629778, -0.331909, -0.164307, -0.989990, -10.559080, 5.249022, -14.770504,Cycling
4629798, -0.174438, -0.151367, -0.949585, -9.643556, 4.882814, -10.742184,Cycling
4629818, -0.455078, -0.204590, -1.148926, -9.338380, 17.089850, -8.972170,Cycling
4629838, -0.174561, -0.308838, -0.982422, -15.747068, 23.437492, -5.187988,Cycling
4629858, -0.150147, 0.110962, -0.849487, -8.239746, -2.502442, -2.441407,Cycling
4629878, -0.571167, -0.237061, -1.006104, -3.723144, 19.653320, -10.314940,Cycling
4629898, -0.212036, -0.340698, -0.939453, -9.521484, 18.554690, -10.986324,Cycling
4629918, -0.208618, -0.115479, -0.919068, -7.263182, 8.239746, -2.929687,Cycling
4629938, -0.213257, -0.021606, -0.986206, -6.225584, 18.188480, -2.868652,Cycling
4629958, -0.317993, -0.146729, -1.079956, -4.272462, 23.986810, -13.610836,Cycling
4629978, -0.121338, -0.222168, -1.000854, -8.056642, 25.695796, -9.887696,Cycling
4629998, -0.213745, -0.087646, -1.026856, -3.479003, 26.916500, -2.441407,Cycling
4630018, -0.119751, -0.110352, -1.028686, -2.746581, 30.578610, 4.821778,Cycling
4630038, -0.265869, -0.040771, -1.100098, 1.037598, 28.076170, 5.065916,Cycling
4630058, -0.341553, -0.223511, -0.985108, 5.187988, 33.447270, 4.394532,Cycling
4630078, -0.160400, -0.159668, -0.891968, 5.981444, 21.301268, 10.986324,Cycling
4630098, -0.358032, 0.000122, -1.025879, 9.094240, 23.681636, 13.549804,Cycling
4630118, -0.334473, -0.140991, -0.952271, 8.666994, 30.151360, 10.681150,Cycling
4630198, -0.084961, -0.307495, -0.964722, 2.136231, 24.475090, 14.709470,Cycling
4630238, -0.119019, -0.180176, -0.875488, 1.037598, 12.329100, 11.657712,Cycling
4630258, -0.243530, -0.304932, -0.885620, 2.990722, 20.935052, 4.821778,Cycling
4630278, -0.268311, -0.641846, -0.703003, 3.173828, 13.549804, -0.610352,Cycling
4630298, -0.181641, -0.481079, -0.735962, -2.502442, 3.234863, 6.225584,Cycling
4630318, -0.122559, -0.208984, -0.843872, -1.220704, -11.352536, 12.512204,Cycling
4630338, -0.201538, -0.319580, -0.940064, -0.366211, -4.333496, 1.281738,Cycling
4630418, -0.001709, -0.347900, -0.995239, -4.272462, -4.516602, 1.220704,Cycling
4630438, -0.010376, -0.141480, -1.127686, -7.995604, -1.708984, 9.643556,Cycling
4630458, 0.060547, 0.046509, -1.199829, -5.554198, 1.220704, 13.793944,Cycling
4630478, -0.050049, -0.043335, -1.091797, -4.150392, 6.286620, 7.751464,Cycling
4630498, -0.038696, 0.100220, -1.056519, -4.150392, -1.037598, 8.666994,Cycling
4630518, -0.402222, -0.046631, -1.246460, -2.136231, 20.324700, 2.807617,Cycling
4630538, -0.147461, -0.173096, -0.985596, -4.150392, 24.291990, 7.446288,Cycling
4630558, -0.224731, 0.037720, -1.045288, 0.305176, 12.939450, 12.023924,Cycling
4630578, -0.260864, -0.066895, -1.126343, -4.516602, 26.672360, 14.404296,Cycling
4630598, -0.164307, 0.012939, -0.982056, 0.915527, 19.287110, 12.512204,Cycling
4630618, -0.197754, -0.257935, -0.855713, 1.953124, 27.343748, 18.615724,Cycling
4630638, -0.274536, -0.089111, -0.940918, 3.112792, 19.714360, 20.996090,Cycling
4630658, -0.090454, -0.318115, -0.826172, 2.929687, 22.705070, 19.104010,Cycling
4630678, -0.255615, -0.360230, -0.835449, -3.906249, 11.779784, 18.249516,Cycling
4630698, -0.132935, -0.315552, -0.780640, -3.540038, 12.390136, 15.441892,Cycling
4630718, -0.124756, -0.316406, -0.765625, -2.441407, 4.272462, 6.042480,Cycling
4630738, -0.126343, -0.414307, -0.933594, -3.540038, 8.239746, -5.371092,Cycling
4630758, 0.009033, -0.516236, -0.873291, -6.164550, 1.647949, -5.798338,Cycling
4630778, 0.131714, -0.333496, -0.799194, -4.943848, -10.986324, -0.732422,Cycling
4630798, 0.058228, -0.292236, -0.955688, -0.915527, -10.559080, 3.051757,Cycling
4630818, 0.195801, -0.155273, -0.967041, 4.516602, -8.056642, 7.446288,Cycling
4630838, 0.001709, -0.239136, -1.119507, 10.986324, 10.803220, 9.704590,Cycling
4630858, 0.091309, -0.023438, -1.055664, 13.793944, 16.296390, 17.639160,Cycling
4630878, 0.089722, 0.030151, -1.058106, 21.118160, 24.658200, 17.333990,Cycling
4630898, -0.147339, -0.024414, -1.186402, 20.507810, 22.888180, 19.775390,Cycling
4630918, -0.229858, -0.055298, -1.129761, 27.587884, 27.526850, 14.648436,Cycling
4630938, -0.389526, -0.342651, -0.885864, 25.634760, 21.118160, 7.873534,Cycling
4630958, -0.244019, -0.193604, -0.874024, 16.967780, -1.159668, 7.141112,Cycling
4630978, -0.314453, -0.397461, -0.871216, 9.826660, -7.080076, -0.671386,Cycling
4630998, -0.170654, -0.350220, -0.739868, -3.845214, -14.221190, -5.310058,Cycling
4631018, -0.145264, -0.349121, -0.817871, -6.408690, -20.568840, -3.173828,Cycling
4631038, 0.051636, -0.369629, -0.886963, -10.253904, -10.314940, 0.610352,Cycling
4631058, 0.115845, -0.230469, -1.032349, -0.732422, -11.901852, 8.239746,Cycling
4631078, 0.094849, -0.212891, -1.072754, 0.000000, -6.042480, 11.413570,Cycling
4631098, -0.081787, -0.350586, -1.003784, 4.760742, 1.037598, 6.652830,Cycling
4631118, 0.112671, -0.284058, -0.814209, 7.141112, -4.028321, 8.300784,Cycling
4631138, -0.106812, -0.273316, -0.965698, 6.408690, -11.535644, 9.704590,Cycling
4631158, -0.233643, -0.392212, -0.982788, 8.361816, -4.821778, 9.521484,Cycling
4631178, -0.179688, -0.339111, -0.855713, 2.746581, -4.577638, 7.507323,Cycling
4631198, -0.165161, -0.269531, -0.905518, 3.662109, -20.080560, 8.666994,Cycling
4631218, -0.051514, -0.197144, -0.937256, 1.770019, -16.357424, 2.929687,Cycling
4631238, -0.022095, -0.133057, -0.972168, 2.319336, -20.446770, -0.732422,Cycling
4631318, 0.018799, -0.266113, -1.122436, 6.591796, 7.141112, 4.272462,Cycling
4631338, -0.002197, -0.184937, -0.981079, 3.417968, 3.723144, 10.009768,Cycling
4631358, -0.254028, -0.121826, -0.974854, 6.225584, 0.976562, 9.521484,Cycling
4631378, -0.138550, -0.192017, -0.958374, 6.469726, 6.042480, 3.723144,Cycling
4631398, -0.076538, -0.222900, -0.907837, 8.850100, 5.920409, -1.770019,Cycling
4631418, -0.183472, -0.295044, -1.026978, 0.793457, -1.159668, 6.591796,Cycling
4631438, -0.216919, -0.015747, -0.976196, -0.793457, 4.760742, 12.817380,Cycling
4631498, -0.159424, -0.351318, -0.894654, 0.610352, -6.103514, 0.366211,Cycling
4631518, -0.010498, -0.335327, -0.891602, -9.155274, -10.742184, 5.432128,Cycling
4631538, -0.099121, -0.107666, -0.934692, -7.324218, -9.033204, 4.577638,Cycling
4631558, 0.114502, -0.188599, -0.963867, -3.234863, -6.225584, 4.760742,Cycling
4631578, 0.066772, 0.058716, -1.169312, -3.845214, -0.610352, 9.643556,Cycling
4631598, -0.107544, -0.341675, -1.002198, 9.582520, 9.094240, -2.807617,Cycling
4631618, 0.106812, -0.312378, -0.862671, 2.136231, -0.183105, 2.502442,Cycling
4631638, 0.136108, 0.143921, -0.963501, 5.187988, -12.817380, 13.061520,Cycling
4631678, -0.439819, -0.513428, -1.037598, 10.192870, -1.342773, -13.488768,Cycling
4631698, -0.304321, -0.407349, -0.902466, -3.662109, 0.488281, -4.089356,Cycling
4631718, -0.065918, -0.368652, -0.675049, 0.305176, -14.709470, -2.624511,Cycling
4631738, -0.170776, -0.524536, -0.901734, -6.164550, -30.700680, 0.122070,Cycling
4631758, -0.142090, -0.284546, -0.915772, -9.399414, -28.808590, 1.647949,Cycling
4631778, -0.208252, -0.154541, -1.053589, -5.676268, -26.855464, 1.770019,Cycling
4631798, -0.076172, -0.197266, -0.902100, 2.258301, -15.930172, -7.629394,Cycling
4631818, -0.131226, -0.453735, -0.832276, 9.033204, -17.700200, -15.319820,Cycling
4631838, 0.071655, -0.350220, -0.903564, 5.859374, -23.620600, -6.958006,Cycling
4631858, -0.059204, -0.239868, -0.950562, 11.718748, -20.996090, -6.591796,Cycling
4631878, -0.163818, -0.527710, -0.982544, 6.652830, -13.916012, -10.070800,Cycling
4631898, 0.073364, -0.339722, -0.868286, 3.540038, -26.184080, -8.850100,Cycling
4631918, -0.185791, -0.290405, -0.937134, -0.793457, -22.888180, -10.314940,Cycling
4631938, -0.179199, -0.211914, -0.986938, -2.136231, -22.216790, -9.826660,Cycling
4631958, -0.089355, -0.238159, -0.962402, -4.150392, -15.014646, -10.070800,Cycling
4631978, -0.219971, -0.244751, -1.041260, -6.286620, -18.005376, -9.704590,Cycling
4631998, -0.212158, -0.193359, -1.077515, -9.033204, -9.826660, -13.793944,Cycling
4632018, -0.192017, -0.198486, -1.002808, -11.169430, -13.671872, -15.441892,Cycling
4632038, -0.327026, -0.223267, -0.918335, -9.216310, -7.324218, -17.822270,Cycling
4632058, -0.252564, -0.273071, -0.924927, -9.826660, -5.371092, -16.418460,Cycling
4632078, -0.156128, -0.248413, -0.891236, -7.568358, -7.202148, -11.962890,Cycling
4632098, -0.312256, -0.266724, -0.958862, -8.300784, -5.432128, -13.793944,Cycling
4632118, -0.173218, -0.343994, -0.893433, -3.845214, -5.737304, -16.845708,Cycling
4632138, -0.234375, -0.395996, -0.983643, -0.061035, -7.141112, -13.977050,Cycling
4632158, -0.185059, -0.373657, -1.019410, -1.953124, -1.525878, -8.300784,Cycling
4632178, -0.122681, -0.329346, -0.908936, -1.953124, -7.995604, -8.239746,Cycling
4632198, -0.175171, -0.270996, -0.906616, -0.854492, -11.657712, -10.131832,Cycling
4632218, -0.328125, -0.393555, -0.901612, 1.586914, -12.390136, -10.070800,Cycling
4632238, -0.245972, -0.296753, -0.887451, 3.967285, -9.338380, -6.958006,Cycling
4632258, -0.342774, -0.313110, -0.985230, 3.112792, -12.268064, -8.544924,Cycling
4632278, -0.168701, -0.319092, -0.861206, 5.310058, -14.648436, -9.887696,Cycling
4632298, -0.283569, -0.310547, -0.968628, 5.065916, -13.549804, -11.474608,Cycling
4632338, -0.244873, -0.239136, -0.978882, 0.793457, -11.230468, -10.375976,Cycling
4632358, -0.190064, -0.207031, -0.985230, 2.563476, -7.263182, -9.155274,Cycling
4632378, -0.237183, -0.340210, -0.959473, 4.638672, 1.586914, -8.666994,Cycling
4632398, -0.178345, -0.273804, -1.002564, 3.356933, 0.915527, -4.882814,Cycling
4632418, -0.203369, -0.248413, -1.016480, 2.868652, 4.943848, -6.713866,Cycling
4632438, -0.228149, -0.312500, -0.876709, 3.906249, 7.385252, -5.920409,Cycling
4632458, -0.220703, -0.207520, -0.941162, 3.234863, -1.403808, 1.342773,Cycling
4632478, -0.305176, -0.072998, -1.004394, 3.417968, 4.516602, -0.122070,Cycling
4632498, -0.222656, -0.248047, -0.930420, 0.610352, 9.948730, -9.338380,Cycling
4632518, -0.299072, -0.260620, -0.983765, -2.990722, 7.690428, -9.582520,Cycling
4632538, -0.169800, -0.255493, -0.964478, -8.728030, 13.488768, -5.371092,Cycling
4632558, -0.241943, -0.166260, -0.971802, -10.009768, 9.460450, -4.394532,Cycling
4632578, -0.296387, -0.189331, -1.113160, -11.535644, 15.502928, -3.417968,Cycling
4632598, -0.072754, -0.229370, -1.010742, -11.535644, 26.428220, -0.366211,Cycling
4632618, -0.179443, -0.150879, -1.017944, -10.803220, 17.028810, 5.798338,Cycling
4632638, -0.164795, -0.194336, -0.976929, -10.437010, 25.390620, 6.408690,Cycling
4632658, -0.219605, -0.200439, -1.025391, -15.258788, 24.230950, 3.906249,Cycling
4632678, 0.042114, -0.089966, -0.922730, -17.333990, 20.019532, 4.821778,Cycling
4632698, -0.358765, 0.104614, -1.212280, -22.338860, 15.624996, 12.390136,Cycling
4632718, -0.007446, -0.381592, -0.464233, -9.338380, 37.963880, -3.845214,Cycling
4632738, -0.493164, -0.401001, -0.711304, 0.305176, -10.925290, 7.690428,Cycling
4632758, -0.517578, -0.537842, -1.014526, 5.737304, 22.827140, 18.493652,Cycling
4632778, -0.256958, -0.665283, -0.908936, 1.770019, 8.178714, 25.756830,Cycling
4632798, -0.044312, -0.325928, -0.797241, 2.868652, -10.070800, 16.784670,Cycling
4632818, 0.091431, -0.186157, -0.867432, 1.525878, -13.488768, 6.652830,Cycling
4632838, -0.161133, -0.185547, -0.961548, -0.366211, -10.742184, -1.525878,Cycling
4632858, -0.154053, -0.130005, -1.045410, -2.807617, -0.976562, -7.873534,Cycling
4632878, -0.171875, -0.320068, -0.984863, -6.774902, 8.850100, -10.742184,Cycling
4632898, -0.160278, -0.367554, -0.754028, -0.915527, -5.371092, -8.789064,Cycling
4632918, -0.181763, -0.028687, -0.983765, 2.075196, -12.512204, -5.859374,Cycling
4632938, -0.162842, -0.101563, -1.054566, 3.417968, -1.770019, -10.314940,Cycling
4632958, -0.193970, -0.465942, -0.901978, 4.211426, -2.624511, -13.671872,Cycling
4632978, -0.242554, -0.373291, -1.015625, 0.244141, -2.746581, -5.065916,Cycling
4632998, -0.101074, -0.114136, -0.940430, -0.854492, -7.080076, -1.831054,Cycling
4633018, -0.132446, -0.186890, -1.039185, -4.638672, 5.920409, -7.629394,Cycling
4633038, -0.104126, -0.074585, -1.022339, -5.432128, 2.197266, -5.432128,Cycling
4633058, -0.164917, -0.030396, -1.109864, -5.004884, 13.122556, -2.441407,Cycling
4633078, -0.181152, -0.056763, -1.081665, -7.019042, 16.845708, -0.305176,Cycling
4633098, -0.180786, -0.032104, -1.055908, -6.713866, 18.798830, -0.915527,Cycling
4633118, -0.172241, -0.035400, -1.060669, -4.333496, 21.972650, -0.305176,Cycling
4633138, -0.190064, 0.141846, -1.210694, 0.305176, 23.437492, 2.258301,Cycling
4633158, -0.177124, -0.000122, -1.156738, 9.887696, 31.921380, 3.234863,Cycling
4633178, -0.232422, -0.161865, -1.118408, 18.066410, 20.812980, 6.713866,Cycling
4633218, -0.101563, -0.005737, -1.066772, 26.794430, 3.540038, 15.319820,Cycling
4633238, -0.222412, -0.203247, -0.982666, 26.489250, 8.056642, 16.601568,Cycling
4633258, -0.138062, -0.210083, -0.827759, 23.620600, 8.789064, 20.385740,Cycling
4633278, -0.191406, -0.206543, -0.797608, 21.667476, 8.666994, 23.620600,Cycling
4633298, -0.282227, -0.262451, -0.927979, 10.375976, 21.728510, 20.996090,Cycling
4633318, -0.198120, -0.339356, -0.817261, 8.239746, 28.564450, 18.371584,Cycling
4633338, -0.185913, -0.240234, -0.800781, 2.136231, 23.071284, 15.686032,Cycling
4633358, -0.174316, -0.305908, -0.877197, 6.042480, 24.536130, 19.104010,Cycling
4633378, 0.018066, -0.181763, -0.827881, 1.525878, 21.850580, 18.310550,Cycling
4633398, -0.201782, -0.252808, -0.980103, 3.479003, 24.230950, 15.624996,Cycling
4633418, -0.115356, -0.229980, -0.967285, 3.845214, 26.672360, 16.418460,Cycling
4633438, -0.106812, -0.159302, -0.943237, 8.850100, 26.733390, 18.554690,Cycling
4633458, -0.187866, -0.250977, -0.945923, 8.361816, 15.441892, 25.329584,Cycling
4633478, -0.082886, -0.224976, -1.016480, 12.817380, 22.583000, 26.184080,Cycling
4633498, -0.144165, -0.322632, -1.005249, 2.563476, 23.742670, 27.343748,Cycling
4633518, -0.129517, -0.233643, -0.928589, 2.685546, 18.676760, 28.747552,Cycling
4633538, -0.121704, -0.215454, -0.949829, 2.929687, 22.338860, 29.113768,Cycling
4633558, -0.112549, -0.272339, -0.936646, 3.479003, 21.789548, 24.230950,Cycling
4633578, -0.182373, -0.225586, -1.066284, 1.953124, 24.536130, 19.165040,Cycling
4633598, -0.115356, -0.197266, -1.078980, 2.990722, 36.010750, 25.695796,Cycling
4633618, 0.027466, -0.233521, -0.940064, 4.394532, 31.921380, 28.259270,Cycling
4633638, 0.004028, -0.151611, -0.909424, 10.131832, 21.789548, 26.672360,Cycling
4633658, -0.271606, -0.238647, -1.085816, 9.155274, 31.188960, 30.761716,Cycling
4633678, -0.059692, -0.267334, -0.933228, 8.117676, 27.709956, 35.339360,Cycling
4633698, -0.120605, -0.275269, -1.009156, 4.760742, 36.987310, 38.940440,Cycling
4633718, 0.027832, -0.253662, -0.947510, 4.882814, 37.963880, 34.484870,Cycling
4633738, -0.074341, -0.383545, -0.992798, 7.324218, 36.804200, 34.118660,Cycling
4633758, 0.014526, -0.232788, -0.838989, 5.371092, 32.226570, 31.921380,Cycling
4633778, -0.110718, -0.322022, -0.880737, 10.192870, 28.259270, 30.822750,Cycling
4633798, -0.057251, -0.372437, -0.857300, 3.784179, 33.325200, 30.944820,Cycling
4633818, -0.004761, -0.283691, -0.755127, 8.178714, 24.169920, 28.076170,Cycling
4633838, -0.188477, -0.372925, -0.922608, 6.225584, 22.216790, 27.221676,Cycling
4633858, -0.015015, -0.370483, -0.894776, 3.173828, 30.883784, 26.855464,Cycling
4633878, -0.177612, -0.641236, -0.981201, -4.638672, 30.395500, 27.160640,Cycling
4633898, 0.258789, -0.506958, -0.647949, -4.577638, 23.437492, 26.184080,Cycling
4633918, -0.094727, -0.571167, -0.823364, -7.263182, 10.986324, 25.329584,Cycling
4633938, -0.198853, -0.630982, -0.804932, -8.605960, 19.531250, 23.681636,Cycling
4633958, 0.067505, -0.574097, -0.742554, -11.413570, 9.887696, 21.057124,Cycling
4633978, 0.132813, -0.500732, -0.849487, -15.380856, -8.605960, 24.230950,Cycling
4633998, 0.100098, -0.422485, -0.825318, -7.873534, -12.268064, 24.963376,Cycling
4634018, 0.319702, -0.410767, -0.780884, -1.953124, -20.568840, 20.874020,Cycling
4634038, 0.211426, -0.485230, -0.856690, -13.854978, -31.921380, 26.367180,Cycling
4634058, 0.299194, -0.282593, -0.845459, -10.131832, -25.207516, 25.207516,Cycling
4634078, 0.154663, -0.343994, -1.037232, -9.765626, -25.268550, 26.733390,Cycling
4634098, 0.224609, -0.171143, -0.982056, -9.338380, -14.526364, 24.291990,Cycling
4634118, 0.140137, -0.160400, -0.953247, -8.728030, -32.531740, 26.000970,Cycling
4634138, -0.212891, -0.106934, -1.174194, -14.953610, -17.883300, 14.587400,Cycling
4634158, -0.090210, -0.164429, -1.026856, -8.239746, -0.488281, 1.159668,Cycling
4634178, -0.202515, -0.346436, -1.023926, 6.530760, 2.319336, -13.488768,Cycling
4634198, 0.034424, -0.389038, -0.899780, -11.230468, -0.061035, -6.774902,Cycling
4634218, -0.094604, -0.263672, -1.124756, -10.437010, -15.136716, 4.028321,Cycling
4634238, -0.181397, -0.189331, -1.098755, -4.516602, -2.563476, 6.103514,Cycling
4634258, -0.004272, -0.348633, -0.958130, 18.249516, 0.549316, 1.464844,Cycling
4634278, -0.114502, -0.515137, -1.072144, -1.708984, -1.403808, 17.700200,Cycling
4634298, 0.126953, -0.251465, -0.970703, 2.380371, 15.502928, 14.709470,Cycling
4634318, 0.291504, -0.316650, -0.800904, 11.169430, -17.517090, 20.812980,Cycling
4634338, -0.114746, -0.262940, -0.976196, 4.150392, -21.118160, 24.475090,Cycling
4634358, -0.018066, -0.296875, -0.924316, 15.991210, -8.911134, 18.493652,Cycling
4634378, 0.147217, -0.351685, -1.068848, 7.995604, -16.845708, 11.596676,Cycling
4634398, 0.015137, -0.428833, -1.050782, 17.211920, -32.897960, 8.850100,Cycling
4634418, -0.017334, -0.470337, -0.881348, 6.164550, -50.781240, 12.939450,Cycling
4634438, -0.010742, -0.308716, -0.818237, 4.760742, -70.007340, 17.089850,Cycling
4634458, -0.180908, -0.416870, -0.727539, 24.841304, -79.650900, 20.751950,Cycling
4634478, -0.191650, -0.492432, -0.710694, 9.826660, -69.946300, 21.728510,Cycling
4634498, -0.142822, -0.285278, -0.780152, -0.366211, -55.480940, 22.644040,Cycling
4634518, -0.258301, -0.290772, -0.837036, 15.869140, -41.503900, 26.916500,Cycling
4634538, -0.002441, -0.453613, -0.884644, -1.831054, -18.005376, 16.601568,Cycling
4634558, -0.191895, -0.332275, -0.975098, 2.685546, -17.028810, 15.014646,Cycling
4634578, -0.070313, -0.303955, -0.880371, 1.403808, -8.361816, 11.169430,Cycling
4634598, -0.373535, -0.319092, -0.867310, 6.347656, 2.746581, 11.901852,Cycling
4634618, -0.353394, -0.296753, -0.912232, 10.559080, 29.602044, 9.338380,Cycling
4634638, -0.088013, -0.481934, -0.922974, 10.314940, 34.912120, -3.723144,Cycling
4634658, 0.274780, -0.271118, -0.928223, -16.174320, 21.972650, -0.427246,Cycling
4634678, 0.002441, -0.046753, -1.008301, -0.671386, -1.647949, -0.366211,Cycling
4634698, -0.286255, -0.320313, -1.039673, 18.249516, 3.662109, -6.042480,Cycling
4634718, -0.308472, -0.416504, -0.993164, -0.366211, 12.268064, -4.272462,Cycling
4634738, -0.084473, -0.325317, -0.920654, 8.605960, 7.141112, -2.624511,Cycling
4634898, -0.564575, -0.482910, -0.853760, 20.324700, -36.010750, -8.422854,Cycling
4634918, -0.356323, -0.641480, -0.832764, -16.784670, -32.287600, -9.582520,Cycling
4634938, -0.208740, -0.256470, -0.750488, -17.639160, -37.658700, -4.577638,Cycling
4634958, -0.096069, -0.434692, -0.765747, 7.385252, -60.607900, -4.699708,Cycling
4634978, -0.251343, -0.437012, -0.912476, -5.615234, -66.711440, -0.366211,Cycling
4634998, -0.141724, -0.543701, -0.797730, -9.704590, -54.504380, -3.784179,Cycling
4635018, 0.111328, -0.266480, -0.861572, -28.869624, -63.354480, -1.770019,Cycling
4635038, -0.248291, -0.118652, -0.892334, -11.108396, -61.401360, -11.291500,Cycling
4635058, -0.393433, -0.411255, -0.762940, -0.732422, -24.047850, -16.540530,Cycling
4635078, -0.317871, -0.472168, -0.598022, -15.502928, -0.915527, -15.441892,Cycling
4635098, -0.526367, -0.351685, -0.806274, -26.428220, 22.827140, -5.920409,Cycling
4635118, -0.526734, -0.485596, -1.060669, -33.203130, 54.565420, -8.911134,Cycling
4635138, -0.247192, -0.190064, -1.180908, -45.837400, 49.133290, -11.474608,Cycling
4635158, -0.110474, -0.134766, -0.905640, -22.583000, 19.409180, -22.705070,Cycling
4635178, -0.139771, -0.121338, -0.987061, -19.836430, -6.896972, -24.597160,Cycling
4635198, -0.128540, -0.280029, -0.949341, -10.192870, -3.967285, -30.029290,Cycling
4635218, -0.113037, -0.255982, -1.035400, -9.948730, -15.319820, -24.475090,Cycling
4635238, -0.183228, -0.223633, -1.043335, -5.676268, -6.347656, -22.033690,Cycling
4635258, -0.129517, -0.362305, -1.085816, -6.652830, 3.723144, -19.409180,Cycling
4635278, 0.024170, -0.223145, -1.058594, -8.605960, 8.728030, -17.944340,Cycling
4635298, -0.056885, -0.294556, -1.044922, -4.394532, 7.263182, -15.624996,Cycling
4635318, -0.039551, -0.253418, -1.071778, -7.934570, 0.122070, -14.465330,Cycling
4635338, -0.125366, -0.071411, -1.052734, -2.929687, -1.525878, -10.925290,Cycling
4635358, -0.161987, -0.169556, -0.987427, -0.061035, -1.708984, -18.493652,Cycling
4635378, -0.260498, -0.305664, -0.945190, -1.281738, -3.173828, -21.240230,Cycling
4635398, -0.299561, -0.290039, -0.772095, -8.789064, 2.990722, -25.695796,Cycling
4635418, -0.565918, -0.244873, -1.012207, -1.708984, -6.958006, -20.812980,Cycling
4635438, -0.519043, -0.648804, -0.834229, 2.258301, 13.061520, -26.794430,Cycling
4635458, -0.295898, -0.727295, -0.819092, -2.563476, -9.765626, -17.944340,Cycling
4635478, -0.182617, -0.348389, -0.859619, -7.446288, -9.033204, -10.864256,Cycling
4635498, -0.075195, -0.353272, -0.993164, -9.460450, -9.948730, -19.042970,Cycling
4635518, -0.117676, -0.353149, -0.950684, -4.516602, -5.310058, -20.996090,Cycling
4635538, 0.125000, -0.104248, -1.058594, -2.746581, -3.662109, -12.573240,Cycling
4635558, -0.273071, -0.113403, -1.213013, 3.479003, 10.192870, -4.333496,Cycling
4635578, -0.101196, -0.208984, -1.036988, 8.422854, 22.827140, -4.699708,Cycling
4635598, -0.210327, -0.255249, -0.970947, 10.131832, 14.953610, -8.911134,Cycling
4635618, -0.128784, -0.181885, -0.959839, 8.728030, 11.596676, -5.187988,Cycling
4635638, -0.249756, -0.248901, -1.015870, 4.577638, 18.188480, -5.371092,Cycling
4635658, -0.201904, -0.322876, -0.954712, -3.112792, 11.962890, -7.934570,Cycling
4635678, -0.185913, -0.086914, -1.057129, -9.338380, 14.343260, -4.821778,Cycling
4635738, -0.068481, -0.265259, -0.955811, -13.244628, 11.291500, -10.620116,Cycling
4635758, -0.125366, -0.135376, -1.086548, -16.052250, 1.342773, -3.295898,Cycling
4635778, -0.174683, -0.177612, -0.995728, -11.352536, 20.080560, -4.699708,Cycling
4635798, 0.116455, -0.223877, -0.874512, -2.563476, 2.807617, -9.033204,Cycling
4635818, -0.328247, -0.109863, -1.026001, 0.488281, 7.995604, -0.305176,Cycling
4635858, -0.178101, -0.109619, -1.034668, 2.685546, 20.812980, 2.258301,Cycling
4636018, -0.171387, -0.499024, -0.796631, 7.324218, -2.197266, 10.620116,Cycling
4636038, -0.174316, -0.430908, -0.934814, 1.831054, 3.845214, 11.474608,Cycling
4636058, -0.123047, -0.423340, -0.863404, -1.525878, -1.464844, 11.535644,Cycling
4636078, -0.110474, -0.362305, -0.833740, 1.403808, -12.207030, 3.112792,Cycling
4636098, -0.081543, -0.299805, -0.832276, -0.671386, -18.676760, 0.061035,Cycling
4636118, -0.106934, -0.306030, -0.956177, -3.540038, -19.165040, 0.000000,Cycling
4636138, -0.080322, -0.486328, -0.943482, -4.821778, -10.375976, -0.122070,Cycling
4636158, 0.032471, -0.321167, -0.851929, -9.887696, -22.277830, 0.732422,Cycling
4636178, -0.085205, -0.156494, -0.919312, -8.239746, -29.541010, -2.258301,Cycling
4636258, -0.003662, 0.023438, -1.066528, -8.544924, -15.075680, 2.502442,Cycling
4636298, -0.046021, -0.006348, -1.197754, 11.108396, -0.366211, 0.793457,Cycling
4636318, 0.073486, -0.008667, -1.026490, 10.803220, -1.403808, 1.403808,Cycling
4636338, -0.056274, 0.049194, -1.040650, 15.930172, -7.568358, 1.037598,Cycling
4636358, -0.298096, -0.113525, -1.083740, 13.916012, 5.493162, -2.075196,Cycling
4636378, -0.304321, -0.198730, -1.078247, 8.483890, 12.023924, -3.356933,Cycling
4636398, -0.161743, -0.324707, -0.927368, 3.417968, 21.789548, -0.427246,Cycling
4636418, -0.088989, -0.237061, -0.890503, -0.854492, 12.451170, 5.920409,Cycling
4636438, -0.141235, -0.051880, -1.035278, -3.051757, 15.136716, 9.887696,Cycling
4636458, -0.250000, -0.161377, -1.010620, 1.464844, 21.362300, 8.911134,Cycling
4636478, -0.216431, -0.288574, -0.910645, 6.286620, 18.615724, 6.103514,Cycling
4636498, -0.295532, -0.292603, -0.901123, -0.610352, 19.470220, 3.295898,Cycling
4636518, -0.244507, -0.361450, -0.875854, 4.516602, 23.620600, 1.708984,Cycling
4636538, -0.282471, -0.555420, -0.786987, 1.281738, 13.488768, 2.868652,Cycling
4636558, -0.343018, -0.409302, -0.875610, 2.563476, 13.977050, 3.662109,Cycling
4636578, -0.141724, -0.528442, -0.786865, 1.037598, 4.089356, 5.676268,Cycling
4636598, -0.078857, -0.341187, -0.763550, 1.953124, -12.207030, 4.821778,Cycling
4636618, -0.019775, -0.308106, -0.873779, -2.197266, -15.808104, 4.150392,Cycling
4636638, -0.032715, -0.218994, -1.001831, -5.432128, -7.995604, 0.183105,Cycling
4636658, 0.098999, -0.305176, -0.962036, -0.183105, -5.004884, -4.394532,Cycling
4636678, 0.012573, -0.177368, -0.978394, -9.887696, -9.338380, -6.042480,Cycling
4636698, 0.062866, -0.217773, -0.897217, 4.699708, -7.507323, -9.521484,Cycling
4636718, -0.004028, -0.337402, -0.962402, 3.173828, -7.385252, -2.136231,Cycling
4636738, -0.135620, -0.421509, -0.920410, -2.685546, -2.197266, 5.737304,Cycling
4636758, -0.088379, -0.238403, -0.905640, 1.220704, -17.272950, 10.864256,Cycling
4636778, -0.269287, -0.247314, -1.004394, -5.859374, -13.549804, 9.277344,Cycling
4636798, -0.167847, -0.247559, -1.055786, -3.356933, -5.554198, 5.615234,Cycling
4636818, -0.200195, -0.378174, -0.885376, -3.173828, -7.751464, 3.723144,Cycling
4636838, -0.218018, -0.270020, -0.922363, -16.662600, -13.000484, 10.131832,Cycling
4636858, -0.115601, -0.118408, -1.015625, -18.371584, -8.789064, 13.305660,Cycling
4636878, -0.085815, -0.198242, -1.090820, -15.319820, -6.469726, 9.643556,Cycling
4636898, -0.148926, -0.185791, -1.144898, -21.484370, -17.578130, 10.925290,Cycling
4636918, -0.081421, -0.095215, -1.022828, -24.169920, -24.108880, 9.155274,Cycling
4636938, -0.218140, -0.084961, -0.968018, -19.042970, -36.254890, -7.568358,Cycling
4636958, -0.315918, -0.264526, -0.803711, -19.470220, -28.991692, -10.620116,Cycling
4636978, -0.364014, -0.172607, -0.947266, -17.578130, -6.530760, -13.854978,Cycling
4636998, -0.201538, -0.188110, -0.972168, -10.375976, 10.864256, -6.835936,Cycling
4637018, -0.184937, -0.296997, -0.937622, 0.488281, 15.991210, -3.784179,Cycling
4637038, -0.259033, -0.368408, -0.873902, -2.502442, 4.028321, 7.873534,Cycling
4637058, -0.279907, -0.284180, -0.849854, 2.807617, 3.540038, 8.605960,Cycling
4637078, -0.173706, -0.384033, -0.833740, 4.821778, -8.056642, 6.347656,Cycling
4637098, -0.317749, -0.344971, -0.922363, 2.136231, -4.272462, 4.638672,Cycling
4637118, -0.183105, -0.299805, -0.951416, 1.831054, -2.746581, 7.385252,Cycling
4637138, -0.131714, -0.264282, -0.979614, 3.417968, 0.793457, 6.652830,Cycling
4637178, -0.012451, -0.085815, -1.114624, 5.371092, 2.319336, 12.451170,Cycling
4637278, -0.276123, -0.150147, -0.998047, 15.563964, -25.268550, -8.483890,Cycling
4637298, -0.258179, -0.193970, -0.865967, 12.634276, -33.081060, -3.295898,Cycling
4637318, -0.347656, -0.148926, -0.836304, 12.023924, -29.602044, -2.197266,Cycling
4637338, -0.397949, -0.273926, -0.879395, 14.587400, -22.033690, -1.525878,Cycling
4637358, -0.369751, -0.354370, -0.913208, 1.220704, -13.671872, -4.638672,Cycling
4637378, -0.361328, -0.185669, -0.798340, -5.004884, -3.906249, 1.586914,Cycling
4637398, -0.294678, -0.198486, -0.706665, 1.770019, 7.507323, -2.746581,Cycling
4637418, -0.147583, -0.232910, -0.671875, 6.591796, -3.967285, -5.065916,Cycling
4637438, -0.140991, -0.252319, -0.787598, 3.723144, -16.967780, -1.464844,Cycling
4637458, -0.065552, -0.274414, -0.895874, 7.568358, -33.569340, -5.737304,Cycling
4637478, -0.108765, -0.315674, -0.867310, 0.244141, -42.724600, -6.835936,Cycling
4637498, -0.211670, -0.191162, -0.846802, -6.408690, -35.827640, -9.094240,Cycling
4637518, -0.281860, -0.117676, -0.851074, 2.136231, -10.498044, -8.544924,Cycling
4637538, -0.107666, -0.196045, -0.971680, -0.732422, 3.662109, -13.305660,Cycling
4637558, -0.128174, -0.184937, -1.064087, -12.634276, -2.563476, -8.117676,Cycling
4637578, -0.427368, -0.180176, -1.054810, -3.784179, -11.230468, -5.310058,Cycling
4637598, -0.617066, -0.305664, -0.890747, -0.671386, -3.723144, -6.469726,Cycling
4637618, -0.396973, -0.208374, -0.905274, 3.417968, 7.995604, -8.789064,Cycling
4637638, -0.126099, -0.192139, -0.910034, 13.671872, 8.666994, -4.943848,Cycling
4637658, -0.209106, -0.427856, -0.911987, 25.573724, -6.835936, -0.122070,Cycling
4637678, -0.294800, -0.453858, -0.867188, 7.812498, -5.126952, 5.310058,Cycling
4637698, -0.301392, -0.332275, -0.895264, 11.596676, -8.544924, 12.695310,Cycling
4637718, -0.260010, -0.234863, -0.912354, 7.507323, 0.732422, 13.366696,Cycling
4637738, -0.232422, -0.207397, -0.975708, 17.211920, -3.540038, 7.446288,Cycling
4637758, -0.255982, -0.310181, -0.958008, 17.272950, -9.704590, 0.915527,Cycling
4637778, -0.264404, -0.254395, -0.911011, 9.826660, -9.765626, -0.366211,Cycling
4637798, -0.261108, -0.249146, -0.906128, 18.798830, -12.512204, -0.854492,Cycling
4637818, -0.287476, -0.109375, -0.868042, 9.277344, 1.403808, 1.525878,Cycling
4637838, -0.371338, -0.122070, -0.978150, 14.526364, 5.187988, 0.732422,Cycling
4637858, -0.358765, -0.305664, -1.023560, 20.751950, 13.854978, -6.774902,Cycling
4637878, -0.127319, -0.408691, -0.836914, 4.211426, 2.746581, -10.314940,Cycling
4637898, -0.112549, -0.054443, -0.606445, -24.841304, -10.131832, 0.488281,Cycling
4637918, -0.088867, 0.214600, -0.731690, 12.023924, -3.356933, 2.014160,Cycling
4637938, -0.777710, -0.258057, -1.219360, 41.442860, 8.911134, 16.357424,Cycling
4637958, -0.606079, -0.845703, -1.079590, 8.911134, 65.307640, -16.174320,Cycling
4637978, 0.018921, -0.296631, -0.996948, -43.579090, 56.274400, -7.568358,Cycling
4637998, -0.166748, -0.198120, -0.965698, -0.671386, 27.770990, -7.324218,Cycling
4638018, -0.190064, -0.354248, -0.922241, -11.108396, 21.118160, -2.075196,Cycling
4638038, -0.438843, -0.040405, -1.115723, 1.098633, 17.822270, 0.732422,Cycling
4638058, -0.234497, -0.270142, -0.949097, 15.014646, 23.925780, -4.638672,Cycling
4638078, -0.115601, -0.452393, -0.849243, 10.742184, 5.737304, -7.873534,Cycling
4638098, -0.237305, -0.369141, -0.846070, 2.624511, -3.173828, 0.427246,Cycling
4638118, -0.344605, -0.364014, -0.845947, 6.958006, -3.173828, 4.089356,Cycling
4638178, -0.147217, -0.294190, -0.790039, 9.643556, -5.065916, 0.488281,Cycling
4638198, -0.174072, -0.387207, -0.904175, -3.540038, -2.441407, 0.610352,Cycling
4638218, -0.117554, -0.270630, -0.919922, 0.183105, 2.929687, -2.319336,Cycling
4638238, -0.133423, -0.325073, -0.954468, 0.061035, 3.173828, -4.394532,Cycling
4638258, -0.178345, -0.356201, -0.881348, 0.488281, 1.953124, 3.112792,Cycling
4638278, -0.137329, -0.266113, -0.890991, 1.464844, -0.610352, 2.990722,Cycling
4638298, -0.231934, -0.406128, -0.970825, 4.882814, 2.624511, -4.516602,Cycling
4638318, -0.142334, -0.455200, -0.909058, -1.953124, -1.770019, -9.704590,Cycling
4638338, -0.228516, -0.260742, -0.927612, -1.098633, -5.004884, -8.483890,Cycling
4638358, -0.116455, -0.373779, -0.827271, 1.464844, -8.850100, -6.835936,Cycling
4638378, -0.225708, -0.353149, -0.931519, 0.732422, -6.835936, -8.300784,Cycling
4638398, -0.191040, -0.435303, -0.985108, 0.488281, -3.112792, -8.361816,Cycling
4638418, -0.133423, -0.292969, -0.942749, -6.652830, 4.089356, -4.089356,Cycling
4638438, -0.189209, -0.262940, -1.043091, 1.281738, 6.774902, -2.624511,Cycling
4638458, -0.033691, -0.214233, -0.945435, 3.967285, 7.263182, -6.469726,Cycling
4638478, -0.219971, -0.313965, -0.995850, 6.286620, 12.878416, -2.990722,Cycling
4638498, -0.212891, -0.277222, -0.942383, 2.197266, 6.469726, -0.793457,Cycling
4638518, -0.395752, -0.245605, -0.927124, 5.310058, 7.995604, 1.831054,Cycling
4638538, -0.414795, -0.355347, -0.967529, 5.432128, 10.375976, 2.685546,Cycling
4638558, -0.305054, -0.385864, -0.791016, 7.568358, 6.652830, 3.906249,Cycling
4638578, -0.316284, -0.414307, -0.830811, -1.403808, -3.845214, 9.094240,Cycling
4638598, -0.277222, -0.256104, -0.901978, -7.690428, 0.793457, 12.451170,Cycling
4638618, -0.205933, -0.286255, -0.960571, -9.033204, 1.159668, 5.310058,Cycling
4638638, -0.236084, -0.261841, -1.059326, -11.718748, 7.507323, 1.342773,Cycling
4638658, -0.023682, -0.171631, -0.996704, -8.361816, 10.009768, -1.403808,Cycling
4638678, -0.081665, -0.336548, -0.987793, 2.197266, 9.643556, -2.380371,Cycling
4638698, -0.113770, -0.273316, -0.963989, 6.164550, 5.981444, 6.958006,Cycling
4638718, -0.207397, -0.310913, -0.956421, 8.300784, 11.047360, 8.239746,Cycling
4638738, -0.188599, -0.425903, -0.790894, 10.620116, 11.779784, 6.286620,Cycling
4638758, -0.228149, -0.429443, -0.851685, 3.051757, 3.051757, 7.019042,Cycling
4638778, -0.379395, -0.291016, -1.006836, -6.530760, 4.821778, 11.108396,Cycling
4638798, -0.228516, -0.246826, -0.787720, -4.882814, 6.469726, 8.605960,Cycling
4638818, -0.373535, -0.316650, -0.936890, -7.629394, 0.732422, 2.258301,Cycling
4638838, -0.122314, -0.318604, -0.901245, -10.192870, 8.239746, 2.929687,Cycling
4638858, -0.126343, -0.205688, -0.943604, -12.512204, 0.122070, 5.432128,Cycling
4638878, -0.194580, -0.239136, -1.034058, -4.150392, 8.483890, 3.967285,Cycling
4638898, -0.047485, -0.266235, -0.963745, -7.202148, 6.652830, 4.516602,Cycling
4638918, -0.185303, -0.205933, -1.002564, 2.990722, 4.089356, 2.929687,Cycling
4638938, -0.093384, -0.250122, -0.926758, 4.638672, 5.065916, 3.479003,Cycling
4638958, -0.215210, -0.377564, -0.931152, 3.906249, 5.981444, 1.037598,Cycling
4638978, -0.056396, -0.245605, -0.876343, 0.183105, 4.211426, 4.882814,Cycling
4638998, -0.230957, -0.276001, -0.973022, 2.868652, 9.277344, 3.051757,Cycling
4639018, -0.115967, -0.337769, -0.913330, -0.610352, 6.774902, 6.103514,Cycling
4639038, -0.214844, -0.223633, -0.850098, 1.342773, 4.394532, 5.798338,Cycling
4639058, -0.309692, -0.342651, -0.859497, 2.502442, 0.427246, 5.615234,Cycling
4639078, -0.200928, -0.241699, -0.896240, -1.525878, 5.187988, 5.920409,Cycling
4639098, -0.234131, -0.432129, -0.869507, 4.638672, 4.089356, 0.976562,Cycling
4639118, -0.092041, -0.437134, -0.812988, -6.958006, -8.300784, 13.366696,Cycling
4639138, -0.233154, -0.143188, -0.961548, -0.549316, -5.615234, 7.568358,Cycling
4639158, -0.201416, -0.322876, -1.019532, -0.061035, -1.220704, 0.183105,Cycling
4639178, -0.171021, -0.424194, -0.953736, -2.807617, 4.943848, -4.821778,Cycling
4639198, 0.069946, -0.458130, -0.750854, -4.882814, -9.155274, 2.868652,Cycling
4639218, -0.133789, -0.176025, -1.008179, -1.770019, -12.878416, 10.742184,Cycling
4639238, -0.189697, -0.368530, -1.152588, -1.647949, 5.615234, 5.737304,Cycling
4639258, -0.040771, -0.263428, -0.975464, -6.530760, 2.014160, 3.845214,Cycling
4639278, -0.247559, -0.287354, -0.840820, 5.798338, -6.408690, 2.746581,Cycling
4639298, -0.225342, -0.313965, -0.836670, 0.793457, -5.920409, 6.774902,Cycling
4639318, -0.214111, -0.363525, -0.847412, 11.657712, -8.361816, 0.793457,Cycling
4639358, -0.226563, -0.235596, -0.862793, -4.394532, -10.620116, 7.080076,Cycling
4639418, -0.127441, -0.440796, -0.916992, -7.934570, -13.793944, -7.629394,Cycling
4639498, -0.201538, -0.276123, -1.071289, -0.305176, -2.136231, -4.150392,Cycling
4639518, -0.204956, -0.216431, -0.931763, 0.671386, 1.831054, 0.610352,Cycling
4639538, -0.214966, -0.197144, -0.891480, -0.915527, -6.042480, 7.446288,Cycling
4639558, -0.289063, -0.236328, -0.917603, -1.708984, 3.601074, 3.540038,Cycling
4639578, -0.183105, -0.126099, -0.917114, -0.915527, 2.197266, -2.075196,Cycling
4639598, -0.539429, -0.515381, -0.985352, 2.197266, 6.530760, -1.220704,Cycling
4639618, -0.151855, -0.384399, -0.827881, -23.376460, 10.681150, 2.441407,Cycling
4639638, -0.264526, -0.170532, -0.869385, -4.211426, -4.333496, 5.859374,Cycling
4639658, -0.156006, -0.346924, -0.921875, -6.164550, 4.516602, 7.995604,Cycling
4639678, -0.228149, -0.235840, -1.113038, -9.765626, 7.751464, 14.221190,Cycling
4639698, 0.091919, -0.078857, -0.918091, -6.469726, 11.657712, 16.296390,Cycling
4639718, -0.139648, -0.038574, -1.091064, -0.488281, 5.187988, 9.582520,Cycling
4639738, -0.074951, -0.157959, -1.000610, 3.967285, 13.793944, -1.831054,Cycling
4639758, -0.135986, -0.312988, -0.919068, 7.995604, 6.286620, -7.385252,Cycling
4639778, -0.243164, -0.383545, -0.925049, -0.915527, 6.530760, 5.432128,Cycling
4639798, -0.046875, -0.251709, -0.811157, -5.004884, 4.638672, 7.995604,Cycling
4639818, -0.306885, -0.194214, -0.930054, 1.403808, -5.554198, 8.789064,Cycling
4639838, -0.343140, -0.288818, -0.946533, 0.610352, 6.042480, 5.432128,Cycling
4639858, -0.218628, -0.371826, -0.873657, 1.403808, 1.647949, -0.061035,Cycling
4639878, -0.178101, -0.426636, -0.833862, -2.441407, -7.202148, -1.281738,Cycling
4639898, -0.193237, -0.406250, -0.874756, -5.737304, -13.977050, 1.037598,Cycling
4639918, -0.138916, -0.366089, -0.829102, -2.685546, -14.465330, -0.610352,Cycling
4639938, -0.143433, -0.435303, -0.947754, -0.122070, -20.385740, -1.220704,Cycling
4639958, -0.090210, -0.432251, -0.959595, -4.699708, -17.761230, -3.112792,Cycling
4639978, -0.110230, -0.496948, -0.843262, 1.159668, -23.681636, -2.197266,Cycling
4639998, -0.312378, -0.328735, -0.632446, -4.699708, -25.695796, 5.249022,Cycling
4640018, -0.437988, -0.348267, -0.874878, 6.958006, 7.080076, 10.131832,Cycling
4640038, -0.131836, -0.508179, -0.970093, 2.014160, 20.263670, 13.183590,Cycling
4640058, -0.117920, -0.328858, -0.942993, -4.699708, 6.347656, 13.244628,Cycling
4640078, -0.101074, -0.121338, -0.937744, -4.394532, -13.732908, 12.329100,Cycling
4640098, -0.156006, -0.089844, -0.882935, 8.483890, -27.465816, 1.525878,Cycling
4640118, -0.304077, -0.290161, -1.079224, 2.746581, -29.418940, -5.615234,Cycling
4640138, -0.085083, -0.191040, -0.997437, -8.850100, -24.536130, -8.605960,Cycling
4640158, -0.089355, -0.105225, -1.045776, -12.634276, -24.963376, -11.474608,Cycling
4640178, -0.032837, -0.022461, -1.160522, -12.939450, -17.578130, -12.329100,Cycling
4640198, -0.081299, -0.070557, -1.191528, -16.113284, -15.197750, -13.061520,Cycling
4640218, -0.207642, -0.055908, -1.126709, -7.507323, -16.540530, -13.977050,Cycling
4640238, -0.250366, -0.119385, -1.081177, -8.972170, -7.690428, -13.183590,Cycling
4640258, -0.270630, -0.105347, -0.965698, -5.493162, -3.295898, -11.108396,Cycling
4640278, -0.399414, -0.082153, -1.026978, -5.798338, 6.713866, -5.737304,Cycling
4640298, -0.436157, -0.239746, -1.018311, -0.122070, 11.352536, -2.685546,Cycling
4640318, -0.240967, -0.287720, -0.917114, -6.774902, 8.300784, -0.854492,Cycling
4640338, -0.112793, -0.083374, -0.983276, -15.808104, 0.122070, 1.770019,Cycling
4640358, -0.194946, 0.162109, -1.063599, -8.361816, 5.981444, 0.183105,Cycling
4640378, -0.187012, -0.136597, -0.831421, -1.708984, 6.225584, -9.277344,Cycling
4640398, -0.155884, -0.045532, -0.953491, -7.568358, 9.704590, -14.465330,Cycling
4640418, -0.147461, -0.104492, -1.114990, -7.446288, 19.653320, -15.747068,Cycling
4640438, -0.208862, -0.267700, -0.885010, -2.136231, 13.122556, -15.319820,Cycling
4640458, -0.177002, -0.031738, -0.852661, -6.469726, 10.681150, -14.038084,Cycling
4640478, -0.239990, 0.116821, -0.967163, 9.704590, 12.023924, -12.573240,Cycling
4640498, -0.396606, -0.297485, -1.074463, 20.629880, 8.728030, -15.991210,Cycling
4640518, -0.605103, -0.416016, -0.939087, 9.216310, 17.944340, -20.202630,Cycling
4640538, -0.388184, -0.299316, -0.773926, 19.836430, 18.310550, -8.972170,Cycling
4640558, -0.092773, -0.327515, -0.785522, 25.268550, 10.742184, 4.211426,Cycling
4640578, -0.156738, -0.330933, -0.895996, 26.062010, 7.751464, 11.352536,Cycling
4640598, -0.084229, -0.356934, -0.979370, 18.737796, 14.160152, 7.812498,Cycling
4640618, -0.001465, -0.245728, -0.860352, 18.066410, 2.624511, 5.126952,Cycling
4640638, -0.253662, -0.301514, -0.857056, 14.526364, -1.220704, 4.516602,Cycling
4640658, -0.173340, -0.333740, -0.903442, 11.962890, 1.037598, -4.516602,Cycling
4640678, -0.087769, -0.369629, -0.845215, 4.760742, -9.643556, -6.835936,Cycling
4640698, -0.212280, -0.281250, -0.905274, 2.807617, -16.784670, -2.563476,Cycling
4640718, -0.111206, -0.258179, -0.891236, 4.211426, -19.287110, -3.479003,Cycling
4640738, -0.189087, -0.380005, -0.927979, 3.356933, -23.193352, -4.943848,Cycling
4640758, -0.080322, -0.291748, -0.921509, -3.051757, -27.221676, -7.263182,Cycling
4640778, -0.229492, -0.225464, -0.932739, 0.244141, -24.841304, -10.498044,Cycling
4640798, -0.206787, -0.277954, -1.041748, -5.737304, -16.357424, -15.258788,Cycling
4640818, -0.150635, -0.222656, -0.990967, 0.549316, -14.953610, -18.493652,Cycling
4640838, -0.154663, -0.292358, -0.987427, -2.380371, -13.305660, -18.920900,Cycling
4640858, -0.235840, -0.205688, -1.057862, -0.244141, -14.221190, -17.089850,Cycling
4640878, -0.247925, -0.131958, -1.002320, 3.906249, -15.502928, -14.770504,Cycling
4640898, -0.186646, -0.152344, -1.034790, 6.896972, -12.512204, -11.718748,Cycling
4640918, -0.189819, -0.195435, -1.109742, 0.854492, -8.117676, -9.277344,Cycling
4640938, -0.042358, -0.147827, -1.001343, 0.671386, -2.441407, -4.333496,Cycling
4640958, -0.181885, -0.117920, -1.098633, 0.305176, 10.742184, -2.502442,Cycling
4640978, -0.199585, -0.124756, -1.112305, -0.915527, 22.644040, -4.394532,Cycling
4640998, -0.198975, -0.162598, -0.994629, -0.793457, 17.578130, -7.385252,Cycling
4641018, -0.262817, -0.212280, -0.842285, 0.183105, 14.709470, -5.187988,Cycling
4641038, -0.228272, -0.275635, -0.805298, -0.610352, 3.601074, -1.708984,Cycling
4641058, -0.542969, -0.367432, -0.791626, 3.540038, -4.638672, 2.624511,Cycling
4641078, -0.526734, -0.288086, -0.865112, 1.770019, 4.089356, -2.990722,Cycling
4641098, -0.266968, -0.354004, -0.862305, 9.582520, 9.826660, -6.042480,Cycling
4641138, -0.121582, -0.277222, -0.889160, 5.981444, -0.427246, -0.915527,Cycling
4641158, -0.183838, -0.290161, -0.913208, 6.591796, 15.441892, 2.136231,Cycling
4641178, -0.088745, -0.177246, -0.960694, 10.253904, 10.620116, 0.488281,Cycling
4641198, -0.162109, -0.209351, -0.990601, 9.765626, 17.761230, -0.976562,Cycling
4641218, -0.112305, -0.430908, -0.854370, 10.498044, 16.784670, -5.859374,Cycling
4641238, -0.049805, -0.388062, -0.857544, 3.845214, 9.826660, -2.807617,Cycling
4641258, -0.110107, -0.302246, -0.948364, 0.549316, 8.483890, 2.929687,Cycling
4641278, -0.161255, -0.288818, -1.005249, -4.394532, 5.859374, 2.380371,Cycling
4641298, -0.196655, -0.421997, -0.827637, -6.408690, -9.765626, -5.676268,Cycling
4641318, -0.312012, -0.262940, -0.930298, -5.310058, -10.498044, -5.920409,Cycling
4641338, -0.280274, -0.363525, -0.950440, -5.615234, -11.474608, -1.647949,Cycling
4641358, -0.209961, -0.202271, -0.945068, -2.563476, -5.126952, 3.112792,Cycling
4641378, -0.314453, -0.265747, -1.070679, 0.610352, 0.488281, 10.681150,Cycling
4641398, -0.173706, -0.172241, -1.037598, 1.464844, 7.568358, 13.122556,Cycling
4641418, -0.156616, -0.203980, -1.017456, 3.784179, 7.934570, 11.047360,Cycling
4641438, -0.091797, -0.087646, -1.055176, 5.493162, 9.094240, 10.314940,Cycling
4641458, -0.146118, -0.083740, -1.097900, 6.896972, 17.395020, 9.887696,Cycling
4641478, -0.169556, -0.150513, -1.052124, 8.422854, 25.573724, 10.681150,Cycling
4641498, -0.163208, -0.197266, -1.075196, 6.225584, 28.869624, 12.329100,Cycling
4641518, -0.097656, -0.266358, -0.918213, 6.652830, 17.333990, 12.939450,Cycling
4641538, -0.331177, -0.263550, -0.866455, -0.732422, 24.108880, 19.531250,Cycling
4641558, -0.383545, -0.285645, -0.841064, -3.234863, 25.329584, 17.700200,Cycling
4641578, -0.354736, -0.354126, -0.824829, -1.525878, 29.602044, 15.869140,Cycling
4641598, -0.315064, -0.428589, -0.868652, -2.624511, 27.526850, 16.357424,Cycling
4641618, -0.189209, -0.423828, -0.802734, -4.150392, 20.812980, 19.287110,Cycling
4641638, -0.160278, -0.372681, -0.835571, -2.197266, 13.427732, 18.310550,Cycling
4641658, -0.096069, -0.377441, -0.889404, -1.953124, 10.192870, 17.211920,Cycling
4641678, -0.103882, -0.367188, -0.879395, 2.136231, 11.535644, 13.732908,Cycling
4641698, -0.061157, -0.401489, -0.951172, 1.770019, 6.958006, 12.939450,Cycling
4641718, 0.006470, -0.250732, -0.922852, 1.281738, 5.859374, 14.648436,Cycling
4641738, -0.061157, -0.215088, -0.898560, 5.187988, -4.028321, 11.474608,Cycling
4641758, -0.117432, -0.139648, -0.976685, 6.896972, -1.586914, 8.666994,Cycling
4641778, -0.104492, -0.239990, -0.903198, 7.873534, -0.244141, 5.432128,Cycling
4641798, -0.133423, -0.344727, -0.818482, 6.042480, -3.906249, 3.723144,Cycling
4641818, -0.158691, -0.183105, -0.880493, 4.028321, -6.958006, 6.103514,Cycling
4641838, -0.270752, -0.400024, -0.897339, 1.770019, 2.319336, 3.356933,Cycling
4641858, -0.112915, -0.360474, -0.767822, 1.342773, -7.812498, 4.455568,Cycling
4641878, -0.286377, -0.276611, -0.963989, -3.417968, -5.493162, 7.995604,Cycling
4641898, -0.181274, -0.461548, -0.954102, -5.981444, -1.403808, 2.563476,Cycling
4641918, -0.045166, -0.444946, -0.834473, -10.986324, -7.141112, 2.807617,Cycling
4641938, -0.037842, -0.245850, -0.975342, -6.347656, -18.737796, 5.737304,Cycling
4641958, 0.026001, -0.282715, -0.992310, -4.455568, -10.742184, 7.385252,Cycling
4641978, -0.020508, -0.151001, -0.886108, 0.671386, -17.639160, 4.333496,Cycling
4641998, -0.197022, -0.202271, -1.033936, 1.953124, -17.089850, 4.394532,Cycling
4642018, -0.077271, -0.145264, -0.990112, 4.943848, -10.253904, 3.601074,Cycling
4642038, -0.114014, -0.353027, -0.881226, 6.286620, -15.808104, -3.051757,Cycling
4642058, -0.192871, -0.326538, -0.974854, 3.295898, -13.366696, -1.403808,Cycling
4642078, -0.097046, -0.370361, -0.849243, 2.624511, -14.099120, 0.244141,Cycling
4642098, -0.268311, -0.270874, -0.872559, 0.183105, -20.202630, 0.488281,Cycling
4642118, -0.197754, -0.262940, -0.829102, 0.000000, -18.310550, -0.671386,Cycling
4642138, -0.268555, -0.334473, -0.870484, 0.488281, -17.700200, -6.713866,Cycling
4642158, -0.398071, -0.456787, -0.989990, -4.272462, -14.282224, -5.615234,Cycling
4642178, -0.088135, -0.410034, -0.864624, -1.953124, -21.789548, -8.544924,Cycling
4642198, -0.055908, -0.267944, -1.038452, -8.911134, -16.113284, -7.324218,Cycling
4642218, -0.073364, -0.287720, -1.003052, -4.089356, -21.728510, -8.972170,Cycling
4642238, -0.218872, -0.360474, -0.916016, -2.990722, -29.724120, -6.713866,Cycling
4642258, -0.277710, -0.266724, -0.968994, -2.685546, -25.390620, -5.432128,Cycling
4642278, -0.231323, -0.321655, -0.865356, 4.150392, -27.221676, -7.263182,Cycling
4642298, -0.170532, -0.326416, -0.823853, 4.943848, -31.921380, -7.202148,Cycling
4642318, -0.343384, -0.196533, -1.020996, 1.281738, -26.245110, -3.051757,Cycling
4642338, -0.234619, -0.369873, -0.859009, 0.000000, -25.634760, -3.417968,Cycling
4642358, -0.183350, -0.307007, -0.906250, -7.141112, -25.573724, -5.859374,Cycling
4642378, -0.225464, -0.190186, -1.047364, -8.056642, -15.380856, -3.295898,Cycling
4642398, -0.165161, -0.153809, -1.070801, -13.488768, -8.789064, -0.183105,Cycling
4642418, -0.146362, -0.040283, -1.169190, -17.639160, 7.507323, 0.549316,Cycling
4642438, -0.033569, -0.037109, -1.145996, -17.456060, 12.207030, 0.122070,Cycling
4642458, -0.021240, -0.040527, -1.165162, -21.667476, 17.089850, 3.295898,Cycling
4642478, -0.158814, -0.033569, -1.061646, -15.014646, 16.113284, 5.554198,Cycling
4642498, -0.394287, -0.090088, -1.017090, -12.756344, 19.653320, 5.676268,Cycling
4642518, -0.373169, -0.094360, -1.038574, -11.962890, 26.428220, 0.671386,Cycling
4642538, -0.335327, -0.281738, -0.862671, -14.526364, 22.277830, -4.272462,Cycling
4642558, -0.509766, -0.205444, -0.857300, -12.573240, 10.620116, -0.488281,Cycling
4642578, -0.509155, -0.150513, -0.981201, -17.395020, 24.108880, 5.859374,Cycling
4642598, -0.384033, -0.151733, -1.005005, -14.648436, 26.794430, 8.361816,Cycling
4642618, -0.170166, -0.172241, -0.932984, -12.207030, 19.653320, 6.774902,Cycling
4642638, -0.201660, -0.133301, -1.001099, -8.911134, 17.700200, 11.657712,Cycling
4642658, -0.203003, -0.308228, -0.879028, -8.117676, 21.240230, 10.925290,Cycling
4642678, -0.204590, -0.146851, -0.895508, -6.408690, 11.291500, 11.779784,Cycling
4642698, -0.244385, -0.342163, -0.906006, -4.211426, 13.610836, 8.300784,Cycling
4642718, 0.050415, -0.296021, -0.755371, -4.333496, 5.310058, 0.366211,Cycling
4642738, -0.131714, -0.299316, -0.945312, -5.432128, -3.662109, 0.000000,Cycling
4642758, -0.047607, -0.162231, -1.033081, -9.704590, 4.333496, 0.732422,Cycling
4642778, -0.152954, -0.265747, -0.952881, -6.225584, 4.943848, -4.150392,Cycling
4642798, -0.043335, -0.210693, -0.931519, -5.310058, 1.770019, -7.202148,Cycling
4642818, -0.121826, -0.255493, -0.959351, 3.784179, 1.281738, -3.173828,Cycling
4642838, -0.131958, -0.226929, -0.993286, 5.371092, -1.342773, 9.033204,Cycling
4642858, -0.208008, -0.273071, -0.996826, 9.582520, 2.197266, 11.169430,Cycling
4642878, -0.177490, -0.221436, -0.827515, 9.582520, -11.169430, 10.681150,Cycling
4642898, -0.428589, -0.296997, -0.869385, 19.226080, -20.019532, 7.568358,Cycling
4642918, -0.305298, -0.399170, -0.897217, 11.413570, -16.052250, 1.953124,Cycling
4642938, -0.224976, -0.355469, -0.903320, 12.023924, -19.897460, -2.258301,Cycling
4642958, -0.108398, -0.311646, -0.857544, 8.605960, -32.409680, -2.197266,Cycling
4642978, -0.301636, -0.358521, -0.939331, 14.526364, -32.226570, -1.892090,Cycling
4642998, -0.149780, -0.379150, -0.965088, 14.648436, -25.207516, -1.892090,Cycling
4643018, -0.033325, -0.210815, -0.998902, 17.211920, -22.949216, -0.671386,Cycling
4643038, 0.029785, -0.078369, -1.012207, 23.681636, -24.841304, 3.540038,Cycling
4643058, -0.159546, -0.008789, -1.042847, 38.024910, -13.854978, 4.577638,Cycling
4643078, -0.295654, -0.300171, -1.006714, 30.517570, 4.699708, 4.089356,Cycling
4643098, -0.144653, -0.280274, -0.948853, 20.812980, 6.347656, 1.953124,Cycling
4643118, 0.059814, 0.021729, -0.914795, 14.282224, -0.915527, 3.845214,Cycling
4643138, -0.361938, 0.002075, -1.035278, 32.043460, -8.972170, -2.441407,Cycling
4643158, -0.610474, -0.395386, -1.032959, 29.296870, 10.803220, -14.282224,Cycling
4643178, -0.230835, -0.425781, -0.967652, 6.042480, 15.747068, -14.465330,Cycling
4643198, -0.326538, -0.281250, -0.896851, 7.385252, 7.995604, -6.408690,Cycling
4643218, -0.327271, -0.472046, -0.791748, 4.577638, 7.507323, -4.394532,Cycling
4643238, -0.228272, -0.298584, -0.915650, -6.896972, -1.342773, -3.540038,Cycling
4643258, -0.338501, -0.242798, -0.980347, -9.155274, 3.784179, -4.455568,Cycling
4643278, -0.298218, -0.269043, -0.831421, -2.075196, -8.728030, -4.455568,Cycling
4643298, -0.287842, -0.246216, -0.858521, -6.286620, -11.474608, -2.929687,Cycling
4643318, -0.199951, -0.301392, -0.866333, 2.929687, -10.925290, -5.310058,Cycling
4643338, -0.175903, -0.468506, -0.910645, -1.708984, -11.047360, -3.662109,Cycling
4643358, -0.120605, -0.307617, -0.957031, -7.629394, -10.498044, 2.990722,Cycling
4643378, -0.233521, -0.366089, -0.924316, -1.403808, -15.319820, 2.380371,Cycling
4643398, -0.117432, -0.246582, -0.888672, -12.756344, -13.916012, -0.427246,Cycling
4643418, -0.218628, -0.173218, -0.982300, -1.464844, -15.686032, -2.807617,Cycling
4643438, -0.239014, -0.340454, -0.969604, -4.394532, -7.385252, -5.249022,Cycling
4643458, -0.091064, -0.155518, -0.961182, -11.718748, -5.798338, -6.164550,Cycling
4643478, -0.230835, -0.199829, -0.953736, 2.014160, -7.934570, -10.864256,Cycling
4643498, -0.195557, -0.239502, -1.048096, -9.338380, 2.868652, -6.713866,Cycling
4643518, -0.293213, -0.200317, -0.970215, 3.662109, 2.136231, -2.563476,Cycling
4643538, -0.286987, -0.293579, -0.906006, -1.037598, 4.821778, -0.915527,Cycling
4643558, -0.268066, -0.159668, -0.965332, 0.549316, -2.502442, 1.647949,Cycling
4643578, -0.434448, -0.196899, -0.967285, -0.854492, 5.065916, -0.366211,Cycling
4643598, -0.257080, -0.247192, -0.886719, 1.281738, 1.770019, -4.455568,Cycling
4643618, -0.276856, -0.330566, -0.877686, -0.488281, -4.150392, -6.652830,Cycling
4643638, -0.324951, -0.259277, -0.873169, -2.136231, -8.422854, -4.638672,Cycling
4643658, -0.298706, -0.264771, -0.801514, 2.868652, -7.385252, -1.953124,Cycling
4643678, -0.214722, -0.233276, -0.964112, 2.746581, -3.845214, -5.371092,Cycling
4643698, -0.070923, -0.222900, -1.158814, 7.568358, 1.708984, -4.455568,Cycling
4643718, -0.076660, -0.086548, -1.049927, 15.319820, 6.591796, 1.037598,Cycling
4643738, -0.201416, -0.292236, -0.957398, 23.681636, 2.624511, -5.371092,Cycling
4643758, -0.264648, -0.351196, -0.829224, 21.728510, 3.540038, -6.713866,Cycling
4643778, -0.226074, -0.330200, -0.895508, 13.000484, 4.882814, -4.333496,Cycling
4643798, -0.362915, -0.216431, -0.899780, 17.211920, 5.126952, 0.000000,Cycling
4643818, -0.399292, -0.445557, -0.804932, 13.061520, 8.728030, -7.995604,Cycling
4643838, -0.201050, -0.279053, -0.841187, 5.249022, 2.136231, -6.896972,Cycling
4643858, -0.402832, -0.347168, -0.847290, 8.728030, -0.427246, -7.934570,Cycling
4643878, -0.319214, -0.463623, -0.774658, 3.295898, -2.502442, -7.690428,Cycling
4643898, -0.238892, -0.341064, -0.883179, -4.455568, -7.141112, -6.835936,Cycling
4643918, -0.214966, -0.280274, -0.862549, -7.080076, -1.586914, -7.202148,Cycling
4643938, -0.204712, -0.425903, -1.019288, -9.155274, 12.634276, -7.080076,Cycling
4643958, 0.057007, -0.311157, -0.951416, -11.352536, 14.953610, -8.544924,Cycling
4643978, 0.048462, -0.112915, -0.949585, -6.896972, 9.216310, -5.981444,Cycling
4643998, -0.311890, -0.185547, -1.105835, 0.427246, 15.075680, -5.493162,Cycling
4644018, -0.315186, -0.402344, -0.998291, -1.892090, 17.761230, -13.671872,Cycling
4644038, -0.207397, -0.292847, -0.830444, 0.061035, 9.155274, -15.441892,Cycling
4644058, -0.384399, -0.426392, -0.789551, 6.225584, -0.915527, -13.366696,Cycling
4644078, -0.381592, -0.410278, -0.843872, 0.061035, 4.394532, -9.155274,Cycling
4644098, -0.289063, -0.441895, -0.935303, -5.798338, 6.591796, -10.070800,Cycling
4644118, -0.162720, -0.220337, -0.935791, -9.582520, 7.507323, -5.493162,Cycling
4644138, -0.214355, -0.331055, -0.919922, -2.868652, 9.582520, -8.056642,Cycling
4644158, -0.086060, -0.311646, -0.951904, -1.892090, 2.929687, -8.911134,Cycling
4644178, -0.114136, -0.293579, -0.978272, -2.502442, 7.141112, -5.798338,Cycling
4644198, -0.092529, -0.332031, -0.965576, -5.615234, 4.943848, -7.141112,Cycling
4644218, -0.104492, -0.301270, -0.951416, -0.549316, -2.197266, -11.108396,Cycling
4644238, -0.162964, -0.422852, -0.886353, 2.197266, -1.220704, -13.244628,Cycling
4644258, -0.140381, -0.459473, -0.836914, 1.220704, -8.666994, -8.972170,Cycling
4644278, -0.293945, -0.535400, -0.794068, 1.647949, -6.835936, -7.385252,Cycling
4644298, -0.201538, -0.462769, -0.885620, -2.319336, -8.850100, -4.211426,Cycling
4644318, -0.201904, -0.270020, -0.909180, 4.089356, -6.958006, -1.525878,Cycling
4644338, -0.171509, -0.264648, -0.989990, 5.676268, -1.159668, -3.173828,Cycling
4644358, -0.163086, -0.300903, -0.970581, 9.704590, -1.953124, -4.394532,Cycling
4644378, -0.261841, -0.240967, -1.050171, 6.530760, 2.990722, 0.061035,Cycling
4644398, 0.001709, -0.363648, -0.694580, 3.662109, -1.953124, -5.371092,Cycling
4644418, -0.082397, -0.154175, -0.890991, 5.859374, -25.817870, -7.507323,Cycling
4644438, -0.377075, -0.240479, -0.962158, 4.516602, -4.882814, -4.821778,Cycling
4644458, -0.326660, -0.630127, -0.858765, -3.234863, 2.868652, -13.549804,Cycling
4644478, -0.039917, -0.483398, -0.836914, -12.329100, -6.896972, -6.530760,Cycling
4644498, -0.291016, -0.310181, -0.939453, -12.084960, -16.235352, 0.366211,Cycling
4644518, -0.329468, -0.563232, -0.739014, -6.164550, -11.230468, -4.211426,Cycling
4644538, -0.209229, -0.418457, -0.903687, -13.854978, -24.108880, 0.549316,Cycling
4644558, -0.292969, -0.186890, -1.096924, -15.686032, -9.521484, 6.713866,Cycling
4644578, -0.218628, -0.263550, -0.905029, -10.681150, -7.080076, -7.934570,Cycling
4644598, -0.163940, -0.236572, -1.048462, -10.375976, -5.554198, -5.554198,Cycling
4644618, -0.161255, -0.183105, -1.083984, -7.995604, 1.220704, 0.244141,Cycling
4644638, -0.091797, -0.123901, -1.055908, -2.746581, 3.112792, 1.464844,Cycling
4644658, -0.062988, -0.081543, -1.156006, -2.075196, 8.361816, -0.244141,Cycling
4644678, -0.171387, -0.142578, -1.146973, -1.403808, 16.967780, 1.281738,Cycling
4644698, -0.119873, -0.177612, -0.991089, -6.225584, 22.521970, 6.286620,Cycling
4644718, -0.254272, -0.126099, -0.928101, -4.638672, 16.174320, 7.141112,Cycling
4644738, -0.259277, -0.044189, -0.982178, -7.263182, 17.272950, 5.493162,Cycling
4644758, -0.315308, -0.098877, -1.010620, -7.263182, 19.775390, 3.173828,Cycling
4644778, -0.255005, -0.151489, -0.897217, -4.028321, 22.827140, 2.258301,Cycling
4644798, -0.284302, -0.283814, -1.004883, -6.713866, 25.817870, 3.601074,Cycling
4644818, -0.229004, -0.191284, -1.031006, -6.103514, 26.062010, 5.249022,Cycling
4644838, -0.162231, -0.244751, -0.876343, -0.854492, 27.832030, 5.554198,Cycling
4644858, -0.249390, -0.214478, -0.914917, 1.098633, 22.766110, 7.263182,Cycling
4644878, -0.172974, -0.268799, -0.894287, 5.004884, 27.038570, 11.840818,Cycling
4644898, -0.153687, -0.217041, -1.021240, 0.976562, 28.076170, 14.221190,Cycling
4644918, -0.050049, -0.285767, -0.849732, 5.126952, 25.939940, 11.718748,Cycling
4644938, -0.192993, -0.247925, -0.902222, 3.479003, 17.883300, 11.840818,Cycling
4644958, -0.112793, -0.260986, -0.850342, 6.896972, 19.104010, 8.972170,Cycling
4644978, -0.162964, -0.372070, -0.872559, 5.981444, 17.395020, 10.437010,Cycling
4644998, -0.183716, -0.306763, -0.921631, 4.455568, 14.648436, 13.854978,Cycling
4645018, -0.107300, -0.317383, -0.864746, -0.427246, 8.300784, 14.160152,Cycling
4645038, -0.100342, -0.243652, -0.912354, 0.122070, 7.080076, 12.939450,Cycling
4645058, -0.056396, -0.221069, -0.956421, 0.488281, 0.793457, 13.854978,Cycling
4645078, 0.070435, -0.351563, -0.902100, 4.028321, -11.047360, 10.314940,Cycling
4645099, 0.046387, -0.351440, -1.040650, 1.770019, -33.081060, 16.174320,Cycling
4645119, 0.037109, -0.208374, -1.060913, 7.751464, -43.273920, 12.573240,Cycling
4645139, -0.160522, -0.199463, -1.015259, 14.282224, -33.508300, 8.605960,Cycling
4645159, -0.093384, -0.324341, -0.840088, 19.775390, -28.503410, -0.122070,Cycling
4645179, -0.313355, -0.315918, -0.787476, 20.080560, -23.254390, -5.249022,Cycling
4645199, -0.323364, -0.354004, -0.737427, 19.958500, -10.620116, -0.183105,Cycling
4645219, -0.318726, -0.553833, -0.793213, 10.131832, 5.249022, 4.028321,Cycling
4645239, -0.182007, -0.511230, -0.787476, 4.943848, -5.737304, 6.530760,Cycling
4645259, -0.204468, -0.549316, -0.770996, 1.831054, -8.911134, 6.286620,Cycling
4645279, -0.211182, -0.521851, -0.799561, -4.821778, -20.324700, 7.690428,Cycling
4645299, -0.168945, -0.401489, -0.802368, -5.615234, -16.845708, 10.498044,Cycling
4645319, -0.182617, -0.300293, -0.833130, -4.760742, -18.676760, 11.535644,Cycling
4645339, -0.165894, -0.271851, -0.946778, -1.220704, -8.483890, 3.173828,Cycling
4645359, -0.148926, -0.384766, -0.955933, -2.502442, -11.962890, -4.272462,Cycling
4645379, -0.125366, -0.281860, -0.937622, -4.638672, -10.620116, -3.784179,Cycling
4645399, -0.238770, -0.349487, -1.005371, -3.479003, -10.314940, -2.685546,Cycling
4645419, -0.083252, -0.303345, -0.850952, 3.356933, -11.718748, -1.586914,Cycling
4645439, -0.225220, -0.346802, -0.999268, -5.249022, -3.173828, 2.563476,Cycling
4645459, -0.101074, -0.297852, -1.005249, -12.451170, -6.530760, 4.455568,Cycling
4645479, -0.149780, -0.138794, -0.918091, -9.216310, -12.207030, 4.089356,Cycling
4645499, -0.150879, -0.077881, -1.091919, -11.718748, 2.624511, 8.056642,Cycling
4645519, -0.220337, -0.170532, -1.237549, -13.000484, 24.108880, 9.582520,Cycling
4645539, 0.061279, -0.162842, -1.072388, -15.686032, 14.709470, 9.094240,Cycling
4645559, -0.125244, -0.042114, -0.987549, -14.587400, 2.319336, 7.934570,Cycling
4645579, -0.310303, -0.074829, -1.084473, -15.319820, 11.047360, 6.408690,Cycling
4645599, -0.248779, -0.081543, -1.040162, -10.925290, 16.784670, 2.868652,Cycling
4645619, -0.433716, -0.362793, -1.047974, -8.850100, 25.451652, 0.183105,Cycling
4645639, -0.178223, -0.319824, -1.042725, -15.747068, 22.949216, 9.338380,Cycling
4645659, -0.197266, -0.074219, -0.860596, -10.437010, -1.037598, 20.263670,Cycling
4645679, -0.359619, 0.005249, -0.967163, -3.845214, 0.976562, 17.822270,Cycling
4645699, -0.287109, -0.106567, -0.958374, -5.554198, 20.507810, 8.483890,Cycling
4645719, -0.299438, -0.285400, -0.980469, -2.746581, 25.512690, 3.112792,Cycling
4645739, -0.085205, -0.317871, -0.803833, -10.253904, 21.789548, 9.643556,Cycling
4645759, -0.120117, -0.166748, -0.752320, -3.234863, -0.061035, 9.826660,Cycling
4645779, -0.313477, -0.412964, -0.842652, 5.432128, 5.615234, -0.549316,Cycling
4645799, -0.194824, -0.567017, -0.966675, -7.080076, 9.094240, 1.586914,Cycling
4645819, -0.138916, -0.384033, -0.834961, -6.469726, 5.981444, 3.479003,Cycling
4645839, -0.115479, -0.328858, -0.854614, -3.295898, -5.981444, 1.159668,Cycling
4645859, -0.238281, -0.429321, -1.010864, 5.615234, -5.004884, -2.685546,Cycling
4645879, 0.028687, -0.450440, -0.834229, 0.122070, -15.808104, -3.662109,Cycling
4645899, -0.099243, -0.255982, -0.976685, 9.338380, -25.817870, 7.934570,Cycling
4645919, -0.064331, -0.247681, -0.998902, 2.502442, -19.165040, 12.207030,Cycling
4645939, 0.036255, -0.138062, -0.917480, 12.023924, -27.404780, 6.896972,Cycling
4645959, -0.325806, -0.298218, -0.985474, 12.817380, -31.616208, 10.803220,Cycling
4645979, -0.179688, -0.199707, -0.925049, -0.549316, -20.385740, 10.070800,Cycling
4645999, -0.191772, -0.155396, -0.866089, 13.732908, -21.545408, 9.399414,Cycling
4646019, -0.251587, -0.334229, -0.955322, 7.995604, -16.052250, 10.620116,Cycling
4646039, -0.194214, -0.220825, -0.974732, -1.037598, -8.422854, 9.216310,Cycling
4646059, -0.170532, -0.200073, -1.022828, -0.976562, -7.446288, 8.361816,Cycling
4646079, -0.242676, -0.212769, -0.966797, -6.713866, -5.065916, 0.305176,Cycling
4646099, -0.179199, -0.110107, -1.072876, -1.892090, -7.080076, 2.746581,Cycling
4646119, -0.176880, -0.079712, -1.022705, -4.577638, 4.333496, 3.417968,Cycling
4646139, -0.213013, -0.090454, -1.031982, 3.540038, 5.249022, 4.211426,Cycling
4646159, -0.214111, -0.209839, -1.020874, -2.563476, 10.253904, 0.793457,Cycling
4646179, -0.258179, -0.112061, -1.080444, -1.098633, 10.375976, 0.122070,Cycling
4646199, -0.175415, -0.137573, -0.987793, -0.183105, 12.268064, -0.976562,Cycling
4646219, -0.267700, -0.160400, -0.931885, 3.295898, 5.493162, 1.037598,Cycling
4646239, -0.248535, -0.192383, -0.936890, 3.906249, 6.896972, -3.723144,Cycling
4646259, -0.219116, -0.249634, -0.931519, -0.244141, 6.774902, -4.028321,Cycling
4646279, -0.175415, -0.116821, -0.966064, -1.037598, 10.375976, -0.549316,Cycling
4646299, -0.174683, -0.166870, -0.951172, 1.403808, 6.225584, 0.732422,Cycling
4646319, -0.384277, -0.201172, -0.992432, 11.657712, 14.465330, -7.446288,Cycling
4646339, -0.107666, -0.391235, -0.943604, 7.751464, 16.540530, -8.850100,Cycling
4646359, -0.027344, -0.259766, -0.932617, 0.366211, 9.948730, -0.183105,Cycling
4646379, -0.101196, -0.126221, -0.957764, 2.441407, 7.385252, 9.216310,Cycling
4646399, -0.201416, -0.149170, -0.915161, 7.629394, 8.117676, 4.455568,Cycling
4646419, -0.344971, -0.271973, -1.010498, 7.568358, 7.507323, -0.732422,Cycling
4646439, -0.248413, -0.324951, -0.914917, 3.784179, 8.422854, -4.577638,Cycling
4646459, -0.319336, -0.375977, -0.828736, 0.488281, -2.075196, -0.854492,Cycling
4646479, -0.149902, -0.263428, -0.816650, 3.723144, -8.911134, 0.610352,Cycling
4646499, -0.281738, -0.402954, -0.840088, 2.258301, -12.268064, 1.831054,Cycling
4646519, -0.140137, -0.088501, -0.913452, -5.981444, -19.104010, 8.666994,Cycling
4646539, -0.320679, -0.145752, -0.917725, 8.361816, -15.991210, -2.807617,Cycling
4646559, -0.253784, -0.279785, -0.970337, 1.831054, -6.713866, -7.812498,Cycling
4646579, -0.178711, -0.300293, -0.954712, 4.943848, -2.624511, -8.239746,Cycling
4646599, 0.012817, -0.256714, -0.943360, 0.305176, -1.647949, -2.502442,Cycling
4646619, 0.029785, -0.171387, -0.918213, 8.728030, -2.624511, -2.441407,Cycling
4646639, -0.156494, -0.294312, -1.033326, 16.723632, -2.136231, -3.845214,Cycling
4646659, -0.293091, -0.422485, -1.028198, 6.652830, 5.859374, 3.662109,Cycling
4646679, -0.113403, -0.152466, -0.913086, 5.554198, 2.563476, 9.826660,Cycling
4646699, -0.242065, -0.190796, -0.904907, 16.601568, -3.967285, 6.042480,Cycling
4646719, -0.182983, -0.235107, -0.945679, 15.319820, -4.089356, 1.770019,Cycling
4646739, -0.294190, -0.261597, -0.945435, 13.549804, 0.976562, 1.770019,Cycling
4646759, -0.314819, -0.280884, -0.928589, 5.554198, 3.051757, 6.042480,Cycling
4646779, -0.297119, -0.185425, -0.990601, 11.657712, 6.591796, 4.638672,Cycling
4646799, -0.157959, -0.343384, -1.044068, 6.530760, 11.779784, 5.676268,Cycling
4646819, -0.023682, -0.190308, -1.070312, 2.319336, 11.657712, 7.690428,Cycling
4646839, -0.088257, -0.191895, -1.000732, 6.225584, 10.009768, 6.286620,Cycling
4646859, -0.068237, -0.115845, -1.020630, 8.544924, 6.042480, 5.187988,Cycling
4646879, -0.229980, -0.164307, -0.994629, 12.573240, 10.314940, 4.333496,Cycling
4646899, -0.234741, -0.235230, -0.944458, 7.324218, 13.366696, 4.455568,Cycling
4646919, -0.202881, -0.174316, -0.854736, 9.216310, 14.160152, 2.258301,Cycling
4646939, -0.239990, -0.270874, -0.898926, 9.582520, 12.390136, -1.159668,Cycling
4646959, -0.224243, -0.442749, -0.751587, 1.464844, 11.169430, -4.455568,Cycling
4646979, -0.231567, -0.493530, -0.718628, -7.446288, 7.507323, -3.173828,Cycling
4646999, -0.251831, -0.380127, -0.838745, -14.892576, 12.329100, -1.098633,Cycling
4647019, -0.187866, -0.297119, -0.885132, -9.521484, 23.498530, -0.854492,Cycling
4647039, -0.134522, -0.301758, -0.952881, -6.530760, 21.118160, 0.305176,Cycling
4647059, -0.222290, -0.244263, -1.007690, -1.525878, 16.906740, 0.732422,Cycling
4647079, -0.104492, -0.412964, -0.837891, 4.150392, 12.756344, -1.708984,Cycling
4647099, -0.232788, -0.567383, -0.814209, 4.455568, -0.549316, -2.868652,Cycling
4647119, -0.008057, -0.347656, -0.809082, 2.868652, -14.221190, 6.469726,Cycling
4647139, -0.115112, -0.220947, -1.005371, 7.690428, -7.629394, 3.417968,Cycling
4647159, -0.030273, -0.459717, -1.010986, 6.591796, 1.647949, -2.258301,Cycling
4647179, 0.131714, -0.298584, -0.833008, 6.652830, -8.911134, 2.563476,Cycling
4647199, -0.157837, -0.308350, -1.009644, 7.690428, -9.460450, 2.868652,Cycling
4647219, -0.086060, -0.329834, -1.083862, 6.347656, 1.037598, 4.516602,Cycling
4647239, -0.137939, -0.447510, -0.972046, 5.920409, 3.112792, 7.202148,Cycling
4647259, -0.050903, -0.158814, -0.978638, 7.141112, -4.760742, 12.939450,Cycling
4647279, -0.183716, -0.150635, -1.023804, 9.704590, -0.976562, 10.009768,Cycling
4647299, -0.249634, -0.291504, -0.922974, 8.728030, 4.638672, 2.441407,Cycling
4647319, -0.192139, -0.349976, -0.874268, 7.629394, -1.647949, 2.685546,Cycling
4647339, -0.337036, -0.220581, -0.985230, 6.225584, 2.685546, 8.911134,Cycling
4647359, -0.162842, -0.184082, -0.915650, 6.713866, 4.882814, 9.155274,Cycling
4647379, -0.177734, -0.324341, -0.875854, 4.638672, 3.723144, 3.112792,Cycling
4647399, -0.148926, -0.402832, -0.876831, -2.624511, 0.244141, 6.958006,Cycling
4647419, -0.131592, -0.200684, -1.088379, -11.474608, 0.305176, 10.620116,Cycling
4647439, -0.172363, -0.351563, -0.818360, -2.990722, 12.939450, 1.342773,Cycling
4647459, 0.196045, -0.486572, -0.570435, 2.807617, -19.042970, -4.943848,Cycling
4647479, -0.460327, -0.375732, -1.069702, -3.234863, -12.878416, 2.685546,Cycling
4647499, -0.179688, -0.489014, -0.921753, 0.244141, -0.305176, 4.760742,Cycling
4647519, -0.079102, -0.409912, -0.914429, -3.540038, -8.789064, 0.061035,Cycling
4647539, -0.081543, -0.384399, -0.864868, 1.770019, -20.996090, -4.150392,Cycling
4647559, -0.196899, -0.369019, -0.908447, 6.286620, -15.686032, -3.723144,Cycling
4647579, -0.238159, -0.497925, -0.952026, 5.249022, -19.042970, -3.967285,Cycling
4647599, -0.165772, -0.351807, -0.934326, 7.324218, -20.507810, 2.563476,Cycling
4647619, -0.169434, -0.246704, -0.837891, 12.939450, -26.611320, 0.671386,Cycling
4647639, -0.186523, -0.180298, -0.967652, 14.221190, -17.822270, -1.342773,Cycling
4647659, -0.160767, -0.217163, -0.995972, 11.718748, -10.253904, -4.150392,Cycling
4647679, -0.178589, -0.378418, -0.829590, 14.404296, -2.685546, -6.469726,Cycling
4647699, -0.120239, -0.349609, -0.949341, 8.056642, -2.441407, -1.403808,Cycling
4647719, -0.112061, -0.196167, -1.026368, 4.760742, 5.371092, 2.380371,Cycling
4647739, -0.166382, -0.271118, -0.980347, 0.854492, 7.568358, 0.915527,Cycling
4647759, -0.195801, -0.307617, -1.043946, -6.652830, 11.474608, -3.356933,Cycling
4647779, -0.130493, -0.297363, -1.051880, -16.235352, 7.629394, -2.258301,Cycling
4647799, -0.147583, -0.190552, -0.858154, -14.831540, -10.986324, -4.211426,Cycling
4647819, -0.476685, -0.313599, -0.871704, -13.061520, -9.277344, -9.643556,Cycling
4647839, -0.186890, -0.298340, -0.956665, -15.869140, -4.699708, -9.399414,Cycling
4647859, -0.166504, -0.313965, -0.993530, -9.826660, 0.244141, -4.577638,Cycling
4647879, -0.066650, -0.312256, -1.018311, -11.474608, -3.601074, -0.793457,Cycling
4647899, -0.095581, -0.224731, -0.978394, -5.493162, -9.704590, -1.159668,Cycling
4647919, -0.236084, -0.220581, -0.986084, 1.220704, -10.314940, -1.892090,Cycling
4647939, -0.186035, -0.258301, -1.010986, 2.868652, -0.549316, 3.173828,Cycling
4647959, -0.136597, -0.326904, -0.953369, 8.850100, 0.610352, 3.417968,Cycling
4647979, -0.049927, -0.281738, -0.921021, 2.258301, -7.263182, 4.150392,Cycling
4647999, -0.248413, -0.293701, -0.881104, 4.516602, -14.160152, -0.427246,Cycling
4648019, -0.218262, -0.310303, -0.806763, 3.112792, -9.399414, -1.525878,Cycling
4648039, -0.221069, -0.515747, -0.761475, 6.164550, -10.559080, -2.990722,Cycling
4648059, -0.134522, -0.247070, -0.858154, -4.028321, -12.145992, 9.216310,Cycling
4648079, -0.184692, -0.216919, -0.880371, -0.366211, -15.014646, 4.150392,Cycling
4648099, -0.186890, -0.258057, -0.916626, -2.807617, -8.972170, -1.281738,Cycling
4648119, -0.097046, -0.238892, -0.942871, -0.793457, -10.437010, -8.911134,Cycling
4648139, -0.151245, -0.309814, -1.013062, -2.197266, -6.713866, -5.249022,Cycling
4648159, -0.143677, -0.225342, -1.080933, -6.286620, -0.244141, -2.563476,Cycling
4648179, -0.192017, -0.385254, -0.929932, -1.220704, -0.915527, -3.723144,Cycling
4648199, -0.257813, -0.434570, -0.839356, -4.699708, -9.338380, -0.671386,Cycling
4648219, -0.357056, -0.312378, -0.912354, -8.666994, -12.634276, -0.366211,Cycling
4648239, -0.311157, -0.275391, -0.870850, -4.272462, -15.319820, -0.427246,Cycling
4648259, -0.449829, -0.406372, -0.795044, -2.502442, -15.319820, -6.958006,Cycling
4648279, -0.247070, -0.311524, -0.934204, -5.249022, -19.409180, -7.263182,Cycling
4648299, -0.160767, -0.313843, -0.958008, -4.272462, -18.920900, -4.882814,Cycling
4648319, -0.194092, -0.264038, -0.926148, -2.136231, -23.925780, -7.324218,Cycling
4648339, -0.250610, -0.348022, -0.874512, 1.770019, -18.066410, -9.216310,Cycling
4648359, -0.105469, -0.440186, -0.859375, 1.892090, -21.484370, -9.582520,Cycling
4648379, -0.431763, -0.506226, -0.930176, 0.854492, -17.761230, -1.953124,Cycling
4648399, -0.180176, -0.397217, -0.830566, -6.774902, -21.057124, 1.586914,Cycling
4648419, -0.190552, -0.197754, -0.797241, -3.112792, -29.663080, -4.516602,Cycling
4648439, -0.236816, -0.202515, -0.841064, -1.770019, -27.221676, -11.108396,Cycling
4648459, -0.328491, -0.247681, -0.987305, -8.300784, -9.277344, -15.747068,Cycling
4648479, -0.196167, -0.294434, -1.055298, -14.465330, 24.780270, -11.047360,Cycling
4648499, -0.076416, 0.026855, -1.037720, -17.333990, 14.038084, -7.263182,Cycling
4648519, -0.312378, -0.152100, -1.038696, -13.366696, 17.639160, -19.348150,Cycling
4648539, -0.232178, -0.315796, -1.087280, -18.066410, 14.526364, -21.362300,Cycling
4648559, -0.346069, -0.276367, -1.119019, -20.202630, 8.117676, -14.038084,Cycling
4648579, -0.221191, -0.198242, -0.934448, -17.517090, 0.427246, -4.516602,Cycling
4648599, -0.416992, -0.270874, -0.961182, -13.305660, -7.019042, -4.150392,Cycling
4648619, -0.377197, -0.599732, -0.751099, -8.544924, -10.131832, -8.056642,Cycling
4648639, -0.410156, -0.442017, -0.715698, -10.375976, -22.460930, -2.990722,Cycling
4648659, -0.505860, -0.201172, -1.024048, -14.099120, -17.089850, 7.690428,Cycling
4648679, -0.246460, -0.186279, -0.881714, -8.239746, -10.131832, -4.943848,Cycling
4648699, -0.251953, -0.402466, -0.762573, 6.591796, -21.911620, -13.732908,Cycling
4648719, -0.168823, -0.320679, -0.942017, 1.586914, -14.770504, -7.019042,Cycling
4648739, -0.099609, -0.145630, -0.929688, 8.239746, -11.291500, -3.356933,Cycling
4648759, -0.278076, -0.470459, -0.843262, 10.986324, -4.760742, -2.075196,Cycling
4648779, -0.102173, -0.388916, -0.938721, -8.728030, -4.028321, -4.333496,Cycling
4648799, -0.163208, -0.208618, -0.955566, -0.427246, -19.897460, -4.760742,Cycling
4648819, -0.447510, -0.279297, -0.899048, -2.807617, -18.310550, -1.342773,Cycling
4648839, -0.365967, -0.293823, -0.888062, -4.272462, -20.446770, -8.972170,Cycling
4648859, -0.327759, -0.249268, -0.979980, -6.225584, -20.812980, -9.704590,Cycling
4648879, -0.392456, -0.295288, -1.030640, -9.582520, -14.892576, -2.868652,Cycling
4648899, -0.275879, -0.271729, -0.954590, -15.502928, -6.713866, -1.037598,Cycling
4648919, -0.238525, -0.123291, -0.946045, -17.822270, -0.610352, -5.737304,Cycling
4648939, -0.315186, -0.064453, -1.154053, -17.883300, 11.169430, -6.408690,Cycling
4648959, -0.268188, -0.095337, -1.150146, -19.226080, 21.179192, -8.300784,Cycling
4648979, -0.243652, -0.119263, -0.965820, -13.671872, 13.854978, -8.544924,Cycling
4648999, -0.322144, -0.177612, -0.932129, -12.145992, 13.793944, -13.183590,Cycling
4649019, -0.169922, -0.056641, -0.997314, -10.559080, 13.427732, -8.728030,Cycling
4649039, -0.320068, -0.206177, -0.929199, -4.028321, 17.150880, -10.437010,Cycling
4649059, -0.227173, -0.212647, -0.958496, -9.826660, 19.104010, -9.277344,Cycling
4649079, -0.460449, -0.213257, -1.015259, -5.371092, 16.296390, -1.953124,Cycling
4649099, -0.284180, -0.310181, -0.805054, -8.972170, 20.324700, -4.821778,Cycling
4649119, -0.101074, -0.109253, -0.782593, -7.690428, 1.220704, -6.103514,Cycling
4649139, -0.465942, -0.274536, -0.998657, -0.061035, -1.342773, -4.150392,Cycling
4649159, -0.312012, -0.430420, -0.892944, -9.521484, -12.634276, -10.314940,Cycling
4649179, -0.267822, -0.255737, -0.890625, -12.268064, -39.367680, -5.615234,Cycling
4649199, -0.371582, -0.182373, -0.891358, 2.197266, -49.255360, -6.469726,Cycling
4649219, -0.219605, -0.281616, -0.805420, 8.972170, -43.212880, -10.253904,Cycling
4649239, -0.337891, -0.365845, -0.891113, 7.934570, -46.142570, -2.502442,Cycling
4649259, -0.339356, -0.310547, -0.874634, 1.831054, -29.052730, -1.525878,Cycling
4649279, -0.202271, -0.154663, -0.916626, 2.014160, -23.742670, 2.685546,Cycling
4649299, -0.262817, -0.038452, -1.007690, 6.408690, -14.282224, 1.342773,Cycling
4649319, -0.300781, -0.085205, -0.934204, 14.221190, -11.657712, 0.793457,Cycling
4649339, -0.436768, -0.202637, -1.004150, 9.521484, 1.220704, -0.244141,Cycling
4649359, -0.335693, -0.132813, -0.976440, 6.103514, 12.268064, 1.647949,Cycling
4649379, -0.234009, -0.038452, -0.838501, 3.234863, 13.793944, -0.061035,Cycling
4649399, -0.424316, -0.089111, -0.886719, 5.798338, 10.986324, -1.464844,Cycling
4649419, -0.488281, -0.168213, -0.967407, -0.183105, 17.761230, 0.061035,Cycling
4649439, -0.462891, -0.180298, -0.987305, -11.840818, 24.047850, -2.807617,Cycling
4649459, -0.299683, -0.143799, -0.836182, -12.268064, 12.756344, -5.249022,Cycling
4649479, -0.368042, -0.050781, -0.884644, -10.925290, 7.324218, -3.784179,Cycling
4649499, -0.465698, -0.155273, -0.908203, -7.385252, 13.793944, -3.479003,Cycling
4649519, -0.299316, -0.124878, -0.917847, -15.930172, 20.812980, -2.441407,Cycling
4649539, -0.353272, -0.028320, -1.057862, -9.216310, 22.644040, -1.464844,Cycling
4649559, -0.404785, -0.324097, -0.985962, -8.300784, 23.559568, -6.164550,Cycling
4649579, -0.254761, -0.257324, -0.927002, -12.207030, 15.930172, -1.647949,Cycling
4649599, -0.117554, -0.059692, -0.899170, -2.868652, 17.395020, 3.906249,Cycling
4649619, -0.203735, -0.144165, -0.940552, 3.417968, 17.517090, 1.220704,Cycling
4649639, -0.354126, -0.070190, -1.091186, 3.601074, 32.104500, 1.892090,Cycling
4649659, -0.286133, -0.195923, -1.018677, 10.742184, 40.344230, -1.281738,Cycling
4649679, -0.139648, -0.172485, -0.918579, 10.253904, 38.085940, 0.366211,Cycling
4649699, -0.117188, -0.100342, -0.960083, 11.779784, 29.541010, 4.821778,Cycling
4649719, -0.296021, -0.169800, -1.023560, 22.644040, 30.578610, 1.525878,Cycling
4649739, -0.294800, -0.399780, -0.915039, 13.244628, 32.653820, 1.831054,Cycling
4649759, -0.145264, -0.178467, -0.840210, 5.187988, 21.545408, 9.338380,Cycling
4649819, -0.430542, -0.277588, -0.970215, 20.568840, 10.375976, 9.216310,Cycling
4649839, -0.212891, -0.285522, -0.921265, 12.207030, 6.896972, 11.230468,Cycling
4649859, 0.046021, -0.059326, -0.853028, 19.165040, -7.507323, 9.887696,Cycling
4649879, -0.235596, -0.158936, -0.903442, 29.418940, -14.099120, 9.094240,Cycling
4649899, -0.482422, -0.330688, -0.931641, 24.780270, 2.319336, 11.413570,Cycling
4649919, -0.357422, -0.353272, -0.874512, 16.967780, 17.456060, 12.023924,Cycling
4649939, -0.312500, -0.445190, -0.707886, 17.883300, 6.164550, 13.244628,Cycling
4649959, -0.415894, -0.463013, -0.673096, 13.427732, -0.915527, 14.099120,Cycling
4649979, -0.301392, -0.408203, -0.843506, 9.887696, -4.272462, 11.535644,Cycling
4649999, -0.417603, -0.532715, -0.980713, 6.469726, -0.732422, 11.474608,Cycling
4650079, -0.016113, -0.335205, -0.946900, 15.991210, -8.422854, -8.300784,Cycling
4650099, -0.105591, -0.210571, -1.012452, 18.310550, -4.455568, -6.225584,Cycling
4650159, -0.082886, -0.271851, -1.005127, 24.108880, 18.249516, -5.432128,Cycling
4650219, -0.452026, -0.341919, -0.840576, 18.981940, 6.652830, -4.333496,Cycling
4650239, -0.349121, -0.439697, -0.814453, 9.155274, 2.197266, -6.042480,Cycling
4650259, -0.238892, -0.437134, -0.844238, -3.784179, -7.751464, -4.150392,Cycling
4650279, -0.156860, -0.325440, -0.890869, -3.845214, -8.789064, -9.887696,Cycling
4650299, -0.242554, -0.525269, -0.950562, -2.624511, -6.652830, -16.052250,Cycling
4650319, -0.156006, -0.529785, -0.836182, -0.610352, -5.187988, -5.859374,Cycling
4650339, -0.072510, -0.448364, -0.883179, -4.760742, -4.821778, 3.417968,Cycling
4650359, -0.056152, -0.247803, -0.983887, 1.831054, -3.845214, 6.713866,Cycling
4650379, -0.105591, -0.332031, -0.963745, 3.662109, 1.892090, -3.967285,Cycling
4650399, -0.122070, -0.397339, -0.894898, 4.821778, -3.845214, -10.803220,Cycling
4650419, -0.231079, -0.491821, -0.806763, 8.728030, -4.943848, -7.446288,Cycling
4650439, -0.215454, -0.433960, -0.871826, 3.173828, -10.986324, -1.281738,Cycling
4650459, -0.320679, -0.422485, -0.808594, 8.605960, -7.934570, -7.080076,Cycling
4650479, -0.321167, -0.564942, -0.826294, -0.732422, -17.883300, -8.361816,Cycling
4650499, -0.230225, -0.333862, -0.819580, -1.403808, -22.277830, -3.784179,Cycling
4650519, -0.305054, -0.430176, -0.796509, -1.098633, -22.705070, -9.277344,Cycling
4650539, -0.244385, -0.459473, -0.828613, -4.333496, -15.441892, -10.498044,Cycling
4650559, -0.221314, -0.474121, -0.878418, -4.089356, -13.916012, -10.803220,Cycling
4650579, 0.019653, -0.181152, -0.993530, -8.972170, -6.530760, -0.671386,Cycling
4650599, -0.294067, -0.239258, -1.177002, -4.394532, 13.427732, -5.676268,Cycling
4650619, 0.040283, -0.269775, -1.103028, -5.249022, 15.014646, -6.347656,Cycling
4650639, -0.020386, -0.162842, -1.030518, -3.234863, 1.281738, -9.155274,Cycling
4650659, -0.280396, -0.202271, -1.068360, -1.464844, 6.591796, -2.319336,Cycling
4650679, -0.261230, -0.198853, -1.104736, -6.896972, 10.314940, 4.028321,Cycling
4650699, -0.273193, -0.266846, -0.936646, -4.272462, 7.812498, 0.793457,Cycling
4650719, -0.284668, -0.290894, -0.884644, -4.882814, 1.647949, 0.061035,Cycling
4650739, -0.363770, -0.317627, -0.939087, -12.390136, 5.554198, -0.549316,Cycling
4650759, -0.247925, -0.370728, -0.902710, -16.296390, 6.164550, -0.976562,Cycling
4650779, -0.186035, -0.376831, -0.829102, -18.188480, 4.089356, 3.967285,Cycling
4650799, -0.283569, -0.210938, -0.886963, -19.592290, -1.464844, 10.375976,Cycling
4650819, -0.292114, -0.248169, -0.862427, -12.390136, 10.192870, 7.751464,Cycling
4650839, -0.299072, -0.390015, -0.933716, -10.192870, 10.375976, 2.868652,Cycling
4650859, -0.166382, -0.261597, -0.941040, -6.774902, 8.422854, 9.582520,Cycling
4650879, -0.170410, -0.193604, -0.964844, -6.286620, 8.117676, 12.695310,Cycling
4650899, -0.055664, -0.164307, -1.102662, -2.807617, 12.268064, 9.216310,Cycling
4650919, -0.181274, -0.056274, -1.110352, 0.000000, 18.676760, 10.803220,Cycling
4650939, -0.150635, -0.164673, -0.966309, 4.333496, 19.836430, 6.652830,Cycling
4650959, -0.257446, -0.311646, -0.924683, 6.591796, 15.258788, 7.995604,Cycling
4650979, -0.253296, -0.263672, -0.959717, 6.835936, 15.258788, 12.756344,Cycling
4650999, -0.231079, -0.300415, -0.879028, 7.812498, 14.770504, 13.610836,Cycling
4651019, -0.251221, -0.305786, -0.872803, 6.469726, 11.779784, 11.657712,Cycling
4651039, -0.238647, -0.228882, -0.912232, 4.699708, 11.352536, 14.282224,Cycling
4651059, -0.135132, -0.209351, -0.937622, 2.929687, 18.005376, 13.122556,Cycling
4651079, -0.304199, -0.393311, -0.904785, 4.028321, 19.287110, 10.986324,Cycling
4651099, -0.148682, -0.404419, -0.943970, 0.854492, 15.441892, 14.892576,Cycling
4651119, -0.138550, -0.287842, -0.886230, 1.586914, 11.474608, 18.615724,Cycling
4651139, -0.150513, -0.281372, -0.918579, 3.845214, 11.596676, 17.211920,Cycling
4651159, -0.155640, -0.252808, -0.951050, 3.662109, 14.892576, 15.686032,Cycling
4651179, -0.193359, -0.238281, -0.896729, 5.676268, 9.094240, 11.169430,Cycling
4651199, -0.099487, -0.217896, -0.871216, 7.080076, 9.277344, 9.338380,Cycling
4651219, -0.217773, -0.320190, -0.937378, 2.868652, 13.916012, 9.216310,Cycling
4651239, 0.024414, -0.253906, -0.838745, 4.760742, 7.385252, 11.474608,Cycling
4651259, -0.209595, -0.270630, -0.904663, 6.896972, 10.437010, 13.061520,Cycling
4651279, -0.186401, -0.368164, -0.932617, 5.432128, 13.488768, 11.352536,Cycling
4651299, -0.057007, -0.355225, -0.865967, 4.150392, 7.263182, 12.268064,Cycling
4651319, -0.077881, -0.214844, -0.875610, 2.685546, 12.268064, 8.300784,Cycling
4651339, -0.123047, -0.479248, -0.913940, -1.403808, 18.371584, 4.943848,Cycling
4651359, -0.160645, -0.375977, -1.047974, -6.164550, 23.010250, 9.643556,Cycling
4651379, -0.219849, -0.538940, -0.800659, -0.915527, 22.888180, 11.169430,Cycling
4651399, -0.173828, -0.463623, -0.768799, -2.685546, 8.239746, 12.878416,Cycling
4651419, -0.021729, -0.281250, -0.829834, 0.427246, -9.338380, 5.432128,Cycling
4651439, -0.254150, -0.265137, -0.970703, -0.122070, -1.953124, 3.295898,Cycling
4651459, -0.074097, -0.407227, -0.820679, 3.356933, -0.366211, -1.770019,Cycling
4651479, -0.164185, -0.387329, -0.879883, 4.211426, -4.821778, 2.807617,Cycling
4651499, -0.119263, -0.262207, -0.973999, 2.990722, -5.371092, 4.760742,Cycling
4651519, 0.032349, -0.373657, -0.875854, 6.103514, -3.417968, 3.479003,Cycling
4651539, 0.033569, -0.263672, -1.112183, 5.798338, -5.004884, 7.385252,Cycling
4651559, 0.030518, -0.227783, -1.022339, 7.507323, -5.676268, 8.361816,Cycling
4651579, -0.043213, -0.160034, -1.047486, 10.742184, 1.647949, 5.493162,Cycling
4651599, -0.213257, -0.314087, -1.082032, 9.460450, 15.075680, 3.479003,Cycling
4651619, -0.044556, -0.218994, -0.969849, 9.460450, 9.460450, 4.455568,Cycling
4651639, -0.217041, -0.198120, -0.969971, 8.544924, 6.591796, 1.464844,Cycling
4651659, -0.164551, -0.281250, -0.893677, 10.803220, 10.681150, -1.831054,Cycling
4651679, -0.272095, -0.304443, -0.993896, 8.300784, 13.916012, 0.976562,Cycling
4651699, -0.117432, -0.242920, -0.978638, 10.620116, 18.371584, 4.272462,Cycling
4651719, -0.260010, -0.396606, -0.980225, 9.155274, 23.071284, 10.620116,Cycling
4651739, -0.147949, -0.428101, -0.764038, 12.512204, 13.488768, 12.634276,Cycling
4651759, -0.285278, -0.559448, -0.803223, -0.610352, 3.112792, 14.831540,Cycling
4651779, -0.095825, -0.566406, -0.758667, -5.249022, -6.286620, 9.826660,Cycling
4651799, -0.104248, -0.611450, -0.716064, -5.554198, -13.244628, 22.277830,Cycling
4651819, -0.099854, -0.497070, -0.775635, -13.854978, -20.385740, 20.385740,Cycling
4651839, 0.033081, -0.453980, -0.695801, -10.009768, -25.024410, 15.686032,Cycling
4651859, -0.142334, -0.398560, -0.965576, -7.873534, -22.888180, 11.962890,Cycling
4651879, -0.035889, -0.438965, -0.950684, -0.976562, -12.268064, 8.666994,Cycling
4651899, 0.077148, -0.503174, -0.797486, 0.305176, -19.409180, 11.474608,Cycling
4651919, 0.098633, -0.206787, -0.788940, 4.089356, -25.390620, 14.953610,Cycling
4651939, -0.204834, -0.371094, -0.982056, 3.234863, -5.126952, 12.634276,Cycling
4651959, -0.191650, -0.326660, -0.956421, -3.845214, 23.559568, 11.474608,Cycling
4651979, -0.112427, -0.320679, -0.864258, -4.760742, 30.883784, 6.591796,Cycling
4651999, -0.308960, -0.400391, -0.894043, -4.821778, 17.211920, 0.244141,Cycling
4652019, -0.296387, -0.472900, -1.029786, -8.422854, 17.333990, 1.525878,Cycling
4652039, -0.166260, -0.522583, -0.904663, -4.638672, 1.647949, 4.943848,Cycling
4652099, -0.112671, -0.256348, -0.877930, -15.197750, -30.700680, 10.131832,Cycling
4652119, -0.003662, -0.156982, -0.965088, -11.047360, -19.653320, 0.854492,Cycling
4652139, 0.007935, -0.340210, -0.984863, -11.779784, -16.967780, -4.760742,Cycling
4652159, -0.077637, -0.370606, -1.003540, -14.160152, -18.310550, -2.624511,Cycling
4652179, 0.155884, -0.143799, -0.941284, -14.465330, -17.944340, -2.990722,Cycling
4652199, 0.047729, -0.164429, -1.226807, -9.277344, -10.131832, -10.620116,Cycling
4652219, 0.072510, -0.137695, -1.231934, -10.681150, -4.821778, -12.084960,Cycling
4652239, -0.015625, -0.175293, -1.079346, -4.943848, 0.793457, -14.465330,Cycling
4652259, -0.147949, -0.207642, -1.117432, -7.141112, 4.150392, -12.268064,Cycling
4652279, -0.113770, -0.168701, -1.022583, -6.835936, 3.906249, -11.779784,Cycling
4652299, -0.206055, -0.163696, -0.915405, -1.525878, -2.319336, -10.192870,Cycling
4652319, -0.310791, -0.187988, -0.951660, -0.976562, -6.286620, -5.676268,Cycling
4652339, -0.450684, -0.287842, -0.994507, -2.807617, -3.601074, -1.525878,Cycling
4652359, -0.293701, -0.260864, -0.977051, -6.713866, 7.812498, -2.563476,Cycling
4652379, -0.215454, -0.385864, -0.843506, -3.845214, -0.671386, -3.540038,Cycling
4652399, -0.261597, -0.349976, -0.878296, -3.967285, -9.216310, 8.666994,Cycling
4652419, 0.091919, -0.272705, -0.840454, -10.131832, -10.131832, 7.263182,Cycling
4652439, -0.040161, -0.220459, -0.935181, -4.882814, -19.836430, 5.310058,Cycling
4652459, -0.002686, -0.218872, -0.960205, -6.774902, -18.432620, -1.525878,Cycling
4652479, -0.091553, -0.155273, -0.978882, -1.525878, -20.446770, -3.234863,Cycling
4652499, -0.129639, -0.248535, -0.971680, -0.732422, -12.084960, -5.187988,Cycling
4652519, -0.048462, -0.333618, -0.892944, 2.258301, -11.718748, -11.169430,Cycling
4652539, 0.060303, -0.129028, -0.853638, 4.455568, -24.841304, -9.521484,Cycling
4652559, -0.064331, 0.022583, -0.891846, 21.667476, -32.348640, -9.826660,Cycling
4652579, -0.261475, -0.279297, -0.858276, 36.193860, -28.076170, -17.883300,Cycling
4652599, -0.377808, -0.657959, -0.903809, 28.503410, -23.681636, -19.897460,Cycling
4652619, -0.034912, -0.625244, -0.833496, -1.403808, -33.508300, -11.169430,Cycling
4652639, -0.334839, -0.517944, -0.701294, 5.126952, -75.073240, 1.708984,Cycling
4652659, -0.479736, -0.454712, -0.858765, 4.089356, -67.382820, 3.051757,Cycling
4652679, -0.334473, -0.240112, -0.967652, 2.624511, -55.114740, 2.868652,Cycling
4652699, -0.445801, -0.308960, -0.751099, 21.057124, -42.663560, -7.690428,Cycling
4652719, -0.271973, -0.521606, -0.731201, 11.901852, -41.076650, -12.207030,Cycling
4652739, -0.290161, -0.365723, -0.892090, 8.422854, -38.452160, -10.314940,Cycling
4652759, -0.315796, -0.374390, -0.911621, 1.037598, -19.165040, -17.150880,Cycling
4652779, -0.244141, -0.276611, -0.820801, 3.234863, -19.348150, -21.972650,Cycling
4652799, -0.431519, -0.386353, -0.867554, 4.638672, -13.061520, -31.738280,Cycling
4652819, -0.298584, -0.463501, -0.953369, -5.432128, -0.671386, -35.156260,Cycling
4652839, -0.193481, -0.324707, -0.869507, -1.220704, 2.746581, -35.400400,Cycling
4652859, -0.314453, -0.295288, -0.921387, 0.305176, 45.410140, -24.597160,Cycling
4652879, -0.352539, -0.430054, -1.015625, 2.319336, 67.199720, -15.747068,Cycling
4652899, -0.250000, -0.434082, -0.997925, -3.051757, 56.762680, -13.183590,Cycling
4652919, -0.253784, -0.368774, -0.887329, -2.807617, 31.433100, -16.418460,Cycling
4652939, -0.295044, -0.239502, -0.877442, 3.479003, 11.291500, -13.427732,Cycling
4652959, -0.312500, -0.193726, -1.033570, -2.380371, 3.112792, -9.582520,Cycling
4652979, -0.180542, -0.268555, -0.932739, -3.051757, -13.000484, -17.150880,Cycling
4652999, 0.155762, -0.140991, -1.054566, -19.653320, -10.986324, -22.277830,Cycling
4653019, 0.088989, -0.211426, -1.126587, -19.653320, -9.704590, -32.104500,Cycling
4653039, 0.097168, -0.271606, -1.250610, -24.597160, 3.112792, -28.747552,Cycling
4653059, 0.024292, -0.168579, -1.262207, -32.043460, 17.456060, -25.817870,Cycling
4653079, -0.216797, -0.231934, -1.109009, -26.184080, 27.160640, -23.254390,Cycling
4653099, -0.222534, -0.107178, -1.069824, -24.291990, 29.418940, -19.226080,Cycling
4653119, -0.228394, 0.002441, -1.028198, -14.404296, 25.451652, -17.028810,Cycling
4653139, -0.316772, -0.379761, -0.898926, -9.887696, 16.906740, -28.015130,Cycling
4653159, -0.152588, -0.228027, -0.972656, -12.023924, 10.192870, -24.047850,Cycling
4653179, -0.477783, -0.191040, -1.005371, -6.958006, 10.253904, -16.479492,Cycling
4653199, -0.204468, -0.168579, -0.839966, -6.286620, 33.203130, -20.996090,Cycling
4653219, -0.098633, -0.384766, -0.952881, 2.807617, 23.559568, -25.390620,Cycling
4653239, 0.036011, -0.283325, -0.938232, -5.920409, 22.827140, -22.583000,Cycling
4653259, -0.073486, -0.274780, -0.948975, -0.427246, 12.329100, -15.197750,Cycling
4653279, -0.084595, -0.232544, -0.989136, -0.183105, 14.526364, -8.972170,Cycling
4653299, -0.240967, -0.338745, -0.804688, 6.835936, 7.568358, -6.408690,Cycling
4653319, -0.296387, -0.397827, -0.856201, 5.065916, 10.986324, -4.150392,Cycling
4653339, -0.190064, -0.400391, -0.816895, 10.131832, 11.779784, -0.610352,Cycling
4653359, -0.078003, -0.504395, -0.713623, 2.136231, 5.187988, -1.037598,Cycling
4653379, -0.006104, -0.231201, -0.914917, -0.305176, -5.554198, 0.305176,Cycling
4653399, -0.145142, -0.236328, -0.993286, 8.789064, 5.126952, -6.652830,Cycling
4653419, -0.027466, -0.388184, -0.901978, 7.873534, 11.291500, -9.460450,Cycling
4653439, -0.043457, -0.280518, -0.899902, 5.065916, 5.004884, -4.211426,Cycling
4653559, -0.093872, -0.362671, -0.741455, 2.746581, 3.601074, -3.906249,Cycling
4653579, -0.089600, -0.501587, -0.744629, 5.249022, -17.333990, -0.610352,Cycling
4653659, 0.176758, -0.284546, -0.854980, -9.643556, -12.512204, 2.746581,Cycling
4653679, -0.053711, -0.259766, -1.051026, 3.662109, -5.187988, 2.441407,Cycling
4653699, -0.145264, -0.549438, -0.983521, -5.615234, 5.432128, 5.920409,Cycling
4653719, 0.036499, 0.006592, -1.041504, -5.187988, 6.347656, 6.713866,Cycling
4653739, 0.035156, -0.163086, -0.993530, 5.493162, 8.422854, 5.004884,Cycling
4653759, -0.021973, -0.254028, -1.029786, 5.554198, 8.789064, 0.244141,Cycling
4653779, -0.070557, -0.271851, -1.002442, 1.770019, 6.591796, 0.061035,Cycling
4653799, -0.244019, -0.314331, -0.909546, 6.469726, 6.469726, -2.258301,Cycling
4653819, 0.002441, -0.269287, -0.776856, -1.953124, -1.953124, 1.159668,Cycling
4653839, -0.159790, -0.024536, -0.916870, 9.826660, -15.197750, 1.647949,Cycling
4653859, -0.465210, -0.528687, -0.888306, 20.996090, 3.662109, -8.666994,Cycling
4653879, -0.211182, -0.739258, -0.834717, -2.075196, 5.371092, -8.422854,Cycling
4653899, -0.063599, -0.411743, -0.762207, -13.854978, -15.563964, 6.958006,Cycling
4653919, -0.154785, -0.290405, -0.859986, -3.723144, -17.150880, 5.798338,Cycling
4653939, 0.052490, -0.361938, -0.952881, -9.094240, -15.014646, 3.967285,Cycling
4653959, -0.113037, -0.366455, -0.895020, -4.089356, -16.296390, -2.075196,Cycling
4653979, -0.090942, -0.405151, -0.875610, -5.187988, -15.624996, 0.061035,Cycling
4653999, -0.067749, -0.232666, -1.057251, -10.864256, -8.544924, -1.586914,Cycling
4654019, -0.083740, -0.446777, -0.982666, 5.920409, -5.737304, -9.948730,Cycling
4654039, -0.012817, -0.412109, -0.876343, -11.718748, -21.789548, 0.671386,Cycling
4654059, -0.088013, -0.097534, -1.006348, 4.943848, -21.545408, 4.150392,Cycling
4654079, -0.078369, -0.280884, -1.032349, -4.333496, -7.995604, 1.708984,Cycling
4654099, -0.164673, -0.281738, -1.037354, 6.103514, -6.958006, -8.972170,Cycling
4654119, -0.112427, -0.336670, -0.935913, -5.615234, -5.615234, -3.967285,Cycling
4654139, -0.074097, -0.167480, -0.951538, -0.244141, -10.803220, -0.732422,Cycling
4654159, -0.030762, -0.258545, -0.887573, -2.807617, -8.117676, -0.244141,Cycling
4654179, -0.154785, -0.184204, -0.961426, -4.333496, -5.920409, -3.112792,Cycling
4654199, -0.184082, -0.256958, -0.995850, -7.080076, 2.258301, -1.342773,Cycling
4654219, -0.168457, -0.164063, -1.049316, -11.230468, 9.277344, -0.488281,Cycling
4654239, -0.118042, -0.306641, -0.911621, 0.061035, 8.911134, -7.934570,Cycling
4654259, -0.049072, -0.293701, -0.979492, -20.751950, 7.385252, -0.976562,Cycling
4654279, -0.012817, -0.017212, -1.060669, -6.408690, 5.065916, 6.103514,Cycling
4654299, -0.187622, -0.205566, -1.007935, -7.507323, 10.009768, 2.380371,Cycling
4654319, -0.133911, -0.217651, -0.988159, -3.967285, 14.709470, -4.699708,Cycling
4654339, -0.170044, -0.306274, -0.979004, -7.690428, 11.535644, -3.295898,Cycling
4654359, -0.144287, -0.296265, -0.881836, -7.141112, 10.192870, 0.427246,Cycling
4654379, -0.223755, -0.376099, -0.909790, -10.803220, 6.408690, 1.098633,Cycling
4654399, -0.174927, -0.305054, -1.015137, -13.366696, 5.371092, 4.821778,Cycling
4654419, -0.085571, -0.188965, -0.923584, -4.150392, 7.385252, 3.845214,Cycling
4654439, -0.131836, -0.257324, -0.995972, -2.807617, 6.896972, 3.540038,Cycling
4654459, -0.009399, -0.157593, -1.005127, -0.305176, 11.779784, 7.080076,Cycling
4654479, -0.007446, -0.249390, -0.984741, 7.324218, 14.709470, 3.723144,Cycling
4654499, 0.049927, -0.149658, -1.040039, -1.586914, 13.488768, 15.136716,Cycling
4654519, 0.060059, 0.008667, -1.095826, 8.544924, 22.338860, 15.014646,Cycling
4654539, -0.026001, -0.096191, -1.038818, 6.958006, 15.563964, 14.648436,Cycling
4654559, -0.279053, -0.205322, -1.054932, 11.779784, 22.766110, 5.920409,Cycling
4654579, -0.024658, -0.271851, -0.809326, -2.624511, 17.272950, 7.629394,Cycling
4654599, -0.393066, -0.229126, -0.952515, -1.892090, 8.178714, 9.277344,Cycling
4654619, -0.254639, -0.244385, -0.982422, -3.723144, 19.042970, 9.826660,Cycling
4654639, -0.296997, -0.448364, -0.914062, -5.310058, 22.827140, 2.563476,Cycling
4654659, -0.125366, -0.379150, -0.897217, -13.366696, 8.422854, 7.507323,Cycling
4654679, -0.202515, -0.395142, -0.844238, -3.662109, 7.934570, 3.234863,Cycling
4654699, -0.118530, -0.547730, -0.839112, -9.033204, -1.281738, 8.422854,Cycling
4654719, 0.016479, -0.226563, -0.819946, -15.258788, -12.390136, 20.141600,Cycling
4654739, -0.248413, -0.290649, -1.065674, 3.540038, -5.737304, 13.244628,Cycling
4654759, 0.013428, -0.502564, -0.875854, -3.723144, 4.028321, 6.225584,Cycling
4654779, 0.280151, -0.340210, -0.760620, -7.446288, -29.724120, 0.488281,Cycling
4654799, -0.123535, -0.293823, -0.936402, -13.061520, -40.466300, 9.887696,Cycling
4654819, -0.052612, -0.316772, -0.893799, 9.460450, -25.695796, 2.075196,Cycling
4654839, -0.183105, -0.522583, -0.951294, -4.821778, -22.583000, 4.028321,Cycling
4654859, 0.034058, -0.177002, -0.939331, -16.662600, -9.765626, 10.742184,Cycling
4654879, 0.253784, 0.071411, -1.036133, 1.281738, -8.422854, 12.878416,Cycling
4654899, -0.052856, -0.169556, -1.084595, 18.798830, -6.286620, 6.469726,Cycling
4654919, -0.040161, -0.317871, -1.025635, 7.324218, -2.929687, 0.427246,Cycling
4654939, -0.196777, -0.213257, -1.064087, 0.976562, -16.174320, 4.577638,Cycling
4654959, -0.315796, -0.189087, -0.945679, 0.427246, -16.174320, 7.751464,Cycling
4655039, -0.257813, -0.204712, -0.983887, -18.432620, 3.540038, -2.441407,Cycling
4655059, -0.097534, -0.167847, -0.951660, -16.601568, 9.582520, -8.117676,Cycling
4655099, -0.072388, -0.136108, -1.013916, -9.765626, -0.732422, -8.483890,Cycling
4655119, -0.055298, -0.178833, -0.996704, -4.211426, 0.976562, -2.136231,Cycling
4655159, -0.343994, -0.186890, -0.958984, 6.591796, 1.831054, 1.037598,Cycling
4655179, -0.122803, -0.296753, -0.880371, 5.004884, -3.784179, -5.065916,Cycling
4655199, 0.019897, -0.113770, -0.937988, 1.464844, -14.038084, 1.220704,Cycling
4655219, -0.178101, -0.164429, -0.976685, 17.028810, -19.836430, 2.197266,Cycling
4655239, -0.318970, -0.404785, -0.888794, 14.709470, -14.831540, -3.784179,Cycling
4655259, -0.198853, -0.231079, -0.816162, 8.850100, -13.610836, -1.892090,Cycling
4655279, -0.094604, -0.232910, -0.992432, 15.624996, 1.708984, -0.183105,Cycling
4655299, 0.055176, -0.313477, -1.069580, 11.779784, 13.244628, -0.366211,Cycling
4655359, -0.219360, -0.198975, -1.033936, 16.845708, -1.098633, -6.896972,Cycling
4655379, -0.277344, -0.204468, -1.107544, 8.361816, 15.991210, -9.643556,Cycling
4655399, -0.295288, -0.387817, -0.896240, 13.854978, 13.732908, -7.690428,Cycling
4655419, -0.120361, -0.237061, -0.853272, 2.685546, -0.183105, 4.577638,Cycling
4655439, -0.329224, -0.241333, -1.011475, 12.939450, -10.742184, 7.873534,Cycling
4655459, -0.117920, -0.280884, -0.913940, 5.615234, -2.807617, 0.793457,Cycling
4655479, -0.395020, -0.252930, -0.994263, 10.803220, -14.770504, 3.356933,Cycling
4655499, -0.196289, -0.240967, -0.889404, 2.502442, -4.150392, 3.173828,Cycling
4655519, -0.175293, -0.330688, -0.839356, 7.263182, -8.300784, -6.347656,Cycling
4655539, 0.154053, -0.136475, -1.049438, -4.272462, -4.577638, -1.464844,Cycling
4655559, -0.073242, -0.138794, -1.021118, 12.878416, -3.906249, -4.150392,Cycling
4655579, -0.235107, -0.274536, -1.111084, 7.873534, 10.192870, -4.760742,Cycling
4655599, -0.102051, -0.305786, -1.002686, 1.831054, 16.479492, -8.666994,Cycling
4655619, -0.072510, -0.234375, -0.817871, 11.169430, 1.586914, -6.530760,Cycling
4655639, -0.062622, -0.222534, -0.941895, 7.385252, -2.197266, -2.624511,Cycling
4655659, -0.154419, -0.051880, -1.070068, 1.342773, 0.183105, -0.122070,Cycling
4655679, -0.271851, -0.298218, -0.959473, 8.666994, 4.272462, -13.549804,Cycling
4655699, -0.088623, -0.166626, -1.005005, -12.939450, 0.183105, -6.286620,Cycling
4655719, -0.159790, 0.031616, -0.991577, 2.868652, 0.305176, -2.136231,Cycling
4655739, -0.163574, -0.220703, -0.962524, 4.760742, 2.502442, -8.483890,Cycling
4655759, -0.217896, -0.310059, -1.073730, -1.342773, 6.164550, -8.972170,Cycling
4655779, -0.172485, -0.305298, -1.000977, -9.399414, 17.272950, -2.075196,Cycling
4655799, 0.099121, -0.071655, -0.961914, -13.244628, 15.014646, 3.906249,Cycling
4655819, -0.014771, 0.068481, -1.079834, 1.464844, 11.596676, 2.807617,Cycling
4655839, -0.131714, -0.188355, -1.036133, 4.516602, 18.676760, -8.911134,Cycling
4655859, -0.188110, -0.264526, -0.937012, 5.432128, 10.681150, -10.620116,Cycling
4655879, -0.286133, -0.312500, -0.827148, 10.986324, 8.422854, -6.469726,Cycling
4655899, -0.260498, -0.232300, -0.953369, 13.061520, 8.483890, 2.136231,Cycling
4655919, -0.138306, -0.416748, -0.882446, 26.611320, 12.878416, -9.765626,Cycling
4655939, -0.052124, -0.534668, -0.847168, 9.887696, -6.896972, -8.789064,Cycling
4655959, -0.213623, -0.323364, -0.844971, 7.263182, -8.789064, 0.854492,Cycling
4655979, -0.194092, -0.291626, -0.992676, 9.826660, 6.164550, 4.577638,Cycling
4655999, 0.044189, -0.351563, -0.878662, 16.113284, 15.197750, 0.549316,Cycling
4656019, -0.091919, -0.454956, -0.757080, 12.817380, 2.563476, 4.577638,Cycling
4656039, -0.244995, -0.354248, -0.692871, 13.305660, -8.911134, 6.103514,Cycling
4656099, -0.081543, -0.492188, -0.915161, 7.385252, -3.417968, -10.314940,Cycling
4656119, 0.090698, -0.346558, -0.795410, -13.183590, -27.404780, -13.854978,Cycling
4656139, -0.129272, -0.501953, -1.013794, 1.953124, -19.897460, -11.962890,Cycling
4656159, 0.188110, -0.410522, -0.897461, -12.512204, -19.958500, -1.464844,Cycling
4656179, 0.039063, -0.200806, -1.012207, 7.019042, -20.080560, 2.990722,Cycling
4656199, 0.102539, -0.123047, -1.205200, -3.784179, -0.976562, 5.310058,Cycling
4656219, -0.004883, -0.085571, -1.083862, 15.686032, 1.098633, -5.859374,Cycling
4656259, -0.203613, -0.361938, -1.030152, 6.896972, 1.770019, -5.493162,Cycling
4656279, -0.155396, -0.255493, -0.955444, -3.601074, 1.708984, 3.540038,Cycling
4656399, -0.148193, -0.240601, -0.893311, -10.314940, 0.366211, 9.826660,Cycling
4656419, -0.154297, -0.147461, -0.901978, 0.793457, -4.455568, 10.803220,Cycling
4656439, -0.168091, -0.218994, -0.888184, 7.141112, 2.197266, 4.638672,Cycling
4656459, -0.098389, -0.343384, -0.997437, 2.380371, 10.131832, 0.061035,Cycling
4656519, 0.032715, -0.223999, -0.831299, -0.061035, -6.286620, 24.047850,Cycling
4656539, -0.111694, -0.192383, -0.945068, 4.516602, -1.281738, 20.812980,Cycling
4656639, -0.183716, -0.399658, -0.940918, -11.535644, -6.958006, 5.432128,Cycling
4656659, -0.245483, -0.365112, -0.849243, -6.347656, -5.187988, 0.610352,Cycling
4656679, -0.278320, -0.565430, -0.762940, -9.826660, -14.404296, -2.502442,Cycling
4656699, -0.120483, -0.337524, -0.884522, -16.845708, -24.047850, 3.479003,Cycling
4656719, -0.126465, -0.420532, -0.878784, -13.366696, -16.113284, 1.159668,Cycling
4656739, 0.051514, -0.350342, -0.879150, -16.662600, -19.348150, 5.676268,Cycling
4656759, -0.059448, -0.136475, -1.024658, -6.164550, -21.728510, 7.446288,Cycling
4656779, -0.129150, -0.258179, -1.086792, -3.845214, -5.615234, 0.732422,Cycling
4656799, 0.027954, -0.168091, -0.963013, -6.713866, -8.056642, 0.244141,Cycling
4656819, -0.177856, -0.056396, -1.101196, -2.624511, -11.840818, 0.122070,Cycling
4656839, -0.032349, -0.176758, -0.994995, 1.098633, -2.746581, -0.915527,Cycling
4656859, -0.212158, -0.367432, -0.994141, 1.770019, 0.549316, -3.173828,Cycling
4656879, -0.075806, -0.216187, -1.020264, -4.882814, 0.854492, 4.760742,Cycling
4656899, -0.139893, -0.188965, -0.974976, -0.244141, 2.502442, 3.784179,Cycling
4656919, -0.289063, -0.255371, -1.078980, -5.859374, 10.925290, 3.906249,Cycling
4656939, -0.052002, -0.175415, -0.968262, -2.502442, 8.300784, 1.159668,Cycling
4656959, -0.147339, -0.081299, -1.016480, -2.441407, 9.582520, 1.342773,Cycling
4656979, -0.118530, -0.082275, -1.023560, 0.610352, 6.774902, 0.488281,Cycling
4656999, -0.101807, -0.296875, -0.775146, 6.042480, 9.460450, 0.244141,Cycling
4657019, -0.396118, -0.424072, -0.851440, -0.183105, 4.089356, 1.708984,Cycling
4657039, -0.202881, -0.308472, -0.870484, -0.976562, 0.305176, 7.629394,Cycling
4657059, -0.155518, -0.326050, -0.882324, -2.868652, 4.699708, 8.483890,Cycling
4657079, -0.108398, -0.230347, -0.966309, -5.432128, 0.854492, 5.676268,Cycling
4657099, -0.023804, -0.140381, -1.016480, -5.371092, 6.713866, 3.967285,Cycling
4657119, 0.044067, -0.147827, -1.037110, -5.981444, 8.300784, 1.586914,Cycling
4657139, -0.058594, -0.027344, -1.046997, 0.183105, 7.690428, 2.136231,Cycling
4657159, -0.083984, -0.104492, -1.075928, 4.333496, 21.057124, 0.427246,Cycling
4657179, -0.031738, -0.194336, -1.045898, 6.225584, 15.686032, 1.525878,Cycling
4657199, -0.054077, -0.139893, -1.002320, 10.559080, 19.470220, 4.821778,Cycling
4657219, -0.236206, -0.304688, -0.959229, 9.460450, 11.718748, 4.577638,Cycling
4657239, -0.249390, -0.342774, -0.846802, 12.145992, 11.169430, 4.760742,Cycling
4657259, -0.382080, -0.343628, -0.913330, 0.793457, 9.948730, 7.751464,Cycling
4657279, -0.296265, -0.435059, -0.786743, 7.202148, 13.427732, 5.676268,Cycling
4657299, -0.237915, -0.355957, -0.806885, -2.868652, 1.892090, 10.620116,Cycling
4657319, -0.279907, -0.484497, -0.820190, 1.281738, 2.929687, 6.591796,Cycling
4657339, -0.207397, -0.495728, -0.861084, -14.038084, -5.432128, 12.512204,Cycling
4657359, -0.174805, -0.429566, -0.913086, -13.305660, -6.286620, 8.178714,Cycling
4657379, -0.103027, -0.509644, -0.735962, -10.559080, -14.465330, 8.361816,Cycling
4657399, -0.004150, -0.271973, -0.757446, -7.019042, -25.634760, 4.272462,Cycling
4657419, 0.019775, -0.361572, -1.012207, -7.873534, -14.648436, 2.624511,Cycling
4657439, 0.188965, -0.116211, -1.009156, -11.657712, -20.202630, 3.723144,Cycling
4657459, -0.088013, -0.149292, -1.061524, -6.835936, -8.422854, 1.586914,Cycling
4657479, 0.076904, -0.094604, -1.036988, -1.647949, -2.197266, 1.831054,Cycling
4657499, -0.012573, -0.203003, -1.132568, 2.197266, 7.690428, 1.892090,Cycling
4657519, -0.036499, -0.256348, -1.089722, 0.305176, 7.263182, 4.333496,Cycling
4657539, -0.099243, -0.191162, -1.010010, 3.906249, 0.427246, 5.249022,Cycling
4657559, -0.322266, -0.258667, -0.994019, 2.868652, -5.615234, 8.666994,Cycling
4657579, -0.371216, -0.263062, -0.893066, 1.220704, -6.164550, 8.483890,Cycling
4657599, -0.411499, -0.373535, -0.872681, 3.356933, -13.305660, 6.530760,Cycling
4657619, -0.350708, -0.338745, -0.845581, -7.629394, -9.033204, 5.065916,Cycling
4657639, -0.268188, -0.172852, -0.892090, -5.737304, -8.605960, 3.295898,Cycling
4657659, -0.208862, -0.346802, -1.013428, -9.948730, -2.014160, 2.014160,Cycling
4657679, -0.116211, -0.402344, -0.910645, -3.723144, 2.624511, 2.929687,Cycling
4657699, 0.117554, -0.184326, -0.934814, -14.343260, -8.911134, 13.610836,Cycling
4657719, 0.016968, 0.005005, -1.000366, 1.342773, -4.821778, 5.676268,Cycling
4657739, -0.113647, -0.371216, -0.939697, 6.713866, -0.122070, 0.061035,Cycling
4657759, -0.016968, -0.280396, -0.958862, -8.422854, -2.929687, 1.342773,Cycling
4657779, -0.174683, -0.251343, -1.024536, -3.845214, 4.028321, 1.220704,Cycling
4657799, -0.112915, -0.321655, -0.801636, -6.652830, -5.187988, -1.281738,Cycling
4657819, -0.150269, -0.160645, -0.838013, -0.671386, -18.005376, -2.380371,Cycling
4657839, -0.321899, -0.179077, -0.985840, 3.295898, -10.620116, -1.342773,Cycling
4657859, -0.407959, -0.386719, -1.015992, 15.563964, 5.004884, 2.075196,Cycling
4657879, 0.065186, -0.476807, -0.799927, -2.136231, -10.803220, 6.774902,Cycling
4657899, -0.227661, -0.428345, -0.799438, 5.126952, -36.254890, 13.061520,Cycling
4657919, -0.310791, -0.380371, -0.886597, -7.446288, -27.587884, 13.366696,Cycling
4657939, -0.093384, -0.228760, -0.994263, -13.854978, -16.601568, 8.728030,Cycling
4657959, 0.033081, -0.148193, -0.850708, -12.451170, -23.925780, -1.403808,Cycling
4657979, -0.206177, -0.192017, -0.937012, -7.080076, -23.315424, -5.920409,Cycling
4657999, -0.208984, -0.227539, -1.114502, -12.023924, -9.521484, -5.432128,Cycling
4658019, -0.169067, -0.294678, -0.997070, -3.051757, -3.295898, -6.530760,Cycling
4658039, -0.039429, -0.201416, -0.944092, -10.986324, -16.540530, -0.976562,Cycling
4658059, -0.328980, -0.010742, -1.157471, -5.615234, -17.333990, 2.319336,Cycling
4658079, -0.226074, -0.176758, -1.045654, 2.197266, -2.685546, -2.197266,Cycling
4658099, -0.191406, -0.144897, -0.945435, -0.488281, -14.648436, -5.187988,Cycling
4658119, -0.305420, -0.092407, -0.991089, 0.610352, -8.117676, 3.845214,Cycling
4658139, -0.385986, -0.201294, -0.962036, -0.427246, 3.845214, -0.305176,Cycling
4658159, -0.108154, -0.151001, -0.924316, -1.220704, 0.427246, -6.225584,Cycling
4658179, -0.206543, -0.177979, -0.924927, -1.037598, -5.554198, -9.216310,Cycling
4658199, -0.232422, -0.216064, -1.001465, -4.150392, -2.197266, -5.187988,Cycling
4658219, -0.212036, -0.141968, -0.981690, -8.911134, 3.234863, -6.286620,Cycling
4658239, -0.203980, -0.197022, -0.882812, -3.906249, -1.708984, -10.253904,Cycling
4658259, -0.176514, -0.102295, -0.942261, -7.873534, -2.380371, -5.920409,Cycling
4658279, -0.259522, -0.151978, -1.011719, 0.427246, 1.342773, -10.070800,Cycling
4658299, -0.296509, -0.378296, -0.964600, -3.784179, 4.821778, -10.192870,Cycling
4658319, -0.173828, -0.194702, -0.904663, -9.582520, -10.986324, 1.831054,Cycling
4658339, -0.291138, -0.166870, -0.888550, 4.211426, -13.305660, 3.601074,Cycling
4658359, -0.266846, -0.276856, -0.892456, 1.037598, -12.390136, 0.976562,Cycling
4658379, -0.200928, -0.156616, -0.962402, -0.061035, -14.099120, -0.427246,Cycling
4658399, -0.135254, -0.131104, -1.007935, 2.563476, -12.695310, -1.342773,Cycling
4658419, -0.220337, -0.179810, -0.995239, 1.770019, -7.812498, -5.920409,Cycling
4658439, -0.131104, -0.209229, -0.954834, -0.549316, -6.408690, -8.544924,Cycling
4658459, -0.035278, -0.089722, -0.973877, -5.493162, -5.981444, -9.338380,Cycling
4658479, -0.155884, -0.060669, -1.036988, 4.211426, -5.554198, -9.460450,Cycling
4658499, -0.207275, -0.153320, -1.057129, -0.183105, 5.065916, -9.582520,Cycling
4658519, -0.277344, -0.079346, -1.027466, 4.455568, 7.934570, -7.751464,Cycling
4658539, -0.300415, -0.157593, -0.987061, 5.310058, 11.718748, -4.882814,Cycling
4658559, -0.322388, -0.154907, -1.000854, 3.356933, 12.817380, -3.173828,Cycling
4658579, -0.300537, -0.160889, -0.957764, -1.892090, 11.474608, -1.037598,Cycling
4658599, -0.386841, -0.098633, -0.989624, 1.098633, 11.230468, 1.342773,Cycling
4658619, -0.339844, -0.223511, -0.892334, -0.976562, 16.479492, -0.793457,Cycling
4658639, -0.235596, -0.136719, -0.911621, -2.075196, 9.277344, -1.159668,Cycling
4658659, -0.469482, -0.352417, -0.918213, 1.647949, 9.399414, 0.732422,Cycling
4658679, -0.079834, -0.209595, -0.728516, -7.385252, 7.812498, 1.770019,Cycling
4658699, -0.136475, -0.118774, -0.939453, -3.601074, -3.173828, 2.990722,Cycling
4658719, -0.057739, 0.004150, -1.096558, -6.408690, 10.864256, 0.610352,Cycling
4658739, -0.019897, -0.243652, -0.972534, -0.976562, 18.615724, -13.916012,Cycling
4658759, -0.081421, -0.136475, -1.104248, -3.784179, 14.465330, -5.126952,Cycling
4658779, -0.161499, -0.114990, -1.030396, 2.990722, 18.249516, -2.990722,Cycling
4658799, -0.160400, -0.153442, -0.990479, 3.784179, 10.864256, -6.774902,Cycling
4658819, -0.193481, -0.247192, -0.853516, 9.155274, 4.394532, -13.671872,Cycling
4658839, -0.293457, -0.232544, -0.906128, 7.934570, -1.953124, -10.375976,Cycling
4658859, -0.271362, -0.326172, -0.879150, 9.521484, 3.906249, -10.192870,Cycling
4658879, -0.175903, -0.244385, -0.886230, 3.417968, 1.525878, -8.605960,Cycling
4658899, -0.230713, -0.207153, -0.909180, 8.483890, 3.051757, -8.239746,Cycling
4658919, -0.166260, -0.287720, -0.916260, 8.117676, 3.540038, -8.544924,Cycling
4658939, -0.197022, -0.284058, -1.011353, 5.859374, 3.479003, -7.141112,Cycling
4658959, -0.025513, -0.390869, -0.869873, -1.403808, 3.356933, -5.493162,Cycling
4658979, -0.159790, -0.175415, -0.929810, -0.549316, -4.211426, 0.610352,Cycling
4658999, -0.211060, -0.235962, -0.879272, 0.244141, -0.183105, 0.793457,Cycling
4659019, -0.172363, -0.179932, -0.905274, 3.234863, -4.089356, -4.577638,Cycling
4659039, -0.203247, -0.232300, -0.979004, 1.953124, -0.366211, -8.605960,Cycling
4659059, -0.165039, -0.329224, -0.966309, 3.906249, 4.028321, -14.221190,Cycling
4659079, -0.105591, -0.431274, -0.801514, -1.159668, -4.455568, -10.009768,Cycling
4659099, 0.000854, -0.043335, -0.869629, -1.586914, -11.962890, -3.051757,Cycling
4659119, -0.207764, -0.067505, -1.079102, 18.127448, 5.126952, -7.385252,Cycling
4659139, -0.241089, -0.460083, -1.116700, 9.155274, 11.901852, -6.896972,Cycling
4659159, -0.035645, -0.224365, -0.952637, 4.211426, 10.131832, 1.647949,Cycling
4659179, -0.124878, -0.267456, -0.943360, 7.202148, 2.990722, 0.244141,Cycling
4659199, -0.190918, -0.440064, -0.958130, 7.507323, 1.342773, -1.831054,Cycling
4659219, -0.226807, -0.247437, -0.965210, -1.831054, 0.854492, 3.601074,Cycling
4659239, -0.292969, -0.163330, -0.935669, 6.347656, 2.563476, 4.394532,Cycling
4659259, -0.209839, -0.362183, -0.859863, 5.371092, 1.220704, -0.427246,Cycling
4659279, -0.184448, -0.297974, -0.889160, 1.586914, -8.850100, -1.892090,Cycling
4659299, -0.403442, -0.374878, -0.868896, 10.803220, -7.995604, -2.502442,Cycling
4659319, -0.216919, -0.364868, -0.804077, 8.911134, -7.324218, 2.014160,Cycling
4659339, -0.167480, -0.251709, -1.028198, 17.700200, -7.080076, 5.371092,Cycling
4659359, -0.089600, -0.284546, -1.107056, 16.418460, 3.845214, 9.643556,Cycling
4659379, 0.025513, -0.204224, -0.938599, 26.062010, -2.197266, 6.469726,Cycling
4659399, -0.147095, -0.158814, -0.989380, 21.301268, -6.042480, 6.164550,Cycling
4659419, -0.213867, -0.208740, -0.902100, 23.925780, -3.051757, 4.272462,Cycling
4659439, -0.046265, -0.221191, -0.950195, 16.174320, 3.417968, 6.408690,Cycling
4659459, -0.129761, -0.263062, -1.001587, 10.559080, 6.225584, 6.835936,Cycling
4659479, -0.125000, -0.201782, -1.048218, -2.929687, 10.925290, 12.329100,Cycling
4659499, -0.088257, -0.164307, -0.942261, -4.333496, 12.145992, 5.126952,Cycling
4659519, -0.179565, -0.214233, -0.926270, -6.408690, 5.676268, 1.342773,Cycling
4659559, -0.345581, -0.406860, -0.846436, -13.366696, 1.281738, -3.601074,Cycling
4659579, -0.342651, -0.520630, -0.656860, -19.897460, -18.554690, -6.713866,Cycling
4659599, -0.277466, -0.432617, -0.731445, -20.812980, -18.981940, -6.286620,Cycling
4659619, -0.132202, -0.183838, -1.036377, -12.634276, -9.155274, 3.295898,Cycling
4659639, -0.120972, -0.254639, -1.064942, -4.028321, 2.380371, 0.976562,Cycling
4659659, 0.091553, -0.263672, -1.055298, -0.976562, 3.173828, 0.061035,Cycling
4659679, 0.051758, -0.216064, -1.039917, 2.746581, -2.136231, 1.281738,Cycling
4659699, -0.035034, -0.114380, -1.057373, 5.981444, 1.647949, 1.770019,Cycling
4659719, -0.132202, -0.131592, -0.989868, 9.216310, -0.610352, -1.892090,Cycling
4659739, -0.211304, -0.267456, -0.893921, 12.145992, 3.906249, -8.056642,Cycling
4659759, -0.213867, -0.227661, -0.940186, 9.826660, 2.014160, -3.356933,Cycling
4659779, -0.169922, -0.185181, -0.872803, 11.657712, 1.647949, -0.488281,Cycling
4659799, -0.348022, -0.261597, -0.890747, 10.620116, -0.183105, -2.380371,Cycling
4659819, -0.261353, -0.312500, -0.892822, 7.812498, -0.427246, -3.540038,Cycling
4659839, -0.214966, -0.283081, -0.943970, 1.831054, 4.028321, -1.403808,Cycling
4659859, -0.184204, -0.242798, -0.931030, -1.525878, 0.549316, 0.549316,Cycling
4659879, -0.169800, -0.278931, -0.978028, -5.004884, 6.408690, 1.647949,Cycling
4659899, -0.197632, -0.376221, -0.981812, -6.286620, 10.314940, 2.380371,Cycling
4659919, -0.075562, -0.282837, -0.936768, -3.967285, 4.943848, 5.065916,Cycling
4659939, -0.308228, -0.324463, -1.042114, -4.333496, 8.422854, 8.850100,Cycling
4659979, -0.067017, -0.143799, -0.859986, -1.708984, -10.070800, 6.225584,Cycling
4660059, -0.108643, -0.305176, -1.028809, -5.981444, 3.112792, -0.732422,Cycling
4660079, -0.081299, -0.339600, -1.016724, -8.178714, 7.263182, 0.488281,Cycling
4660139, -0.180420, -0.238770, -0.970703, -2.624511, 2.502442, 3.051757,Cycling
4660159, -0.195923, -0.239014, -0.988404, -3.845214, 7.812498, 2.197266,Cycling
4660179, -0.119507, -0.250732, -0.925537, -3.723144, 9.643556, 1.525878,Cycling
4660199, -0.189697, -0.209351, -0.950806, -4.516602, 3.967285, 4.089356,Cycling
4660219, -0.166138, -0.175659, -0.920898, -0.427246, 2.868652, 5.554198,Cycling
4660239, -0.306274, -0.279785, -0.984863, -1.220704, 7.873534, 6.408690,Cycling
4660259, -0.203491, -0.288208, -0.985962, -4.943848, 8.972170, 10.375976,Cycling
4660299, -0.291260, -0.222656, -0.866455, -4.516602, -2.380371, 8.972170,Cycling
4660319, -0.315186, -0.330688, -0.874390, -1.403808, -2.746581, 6.347656,Cycling
4660339, -0.155640, -0.348633, -0.833618, -5.798338, 0.427246, 7.141112,Cycling
4660359, -0.082764, -0.050537, -0.969971, -4.577638, -11.169430, 8.789064,Cycling
4660379, -0.066895, -0.171387, -0.989868, 2.380371, 8.117676, -1.037598,Cycling
4660399, -0.057251, -0.374512, -1.040528, -3.662109, 6.774902, -3.234863,Cycling
4660419, -0.076538, -0.290405, -0.969482, 0.061035, 6.652830, 1.831054,Cycling
4660439, -0.163330, -0.297241, -0.922119, -1.525878, 3.662109, 11.291500,Cycling
4660459, -0.180420, -0.324219, -0.938232, 2.502442, 5.554198, 7.568358,Cycling
4660479, -0.170654, -0.336060, -0.949707, -8.483890, 1.647949, 13.244628,Cycling
4660499, -0.261353, -0.158569, -0.953003, -6.835936, 4.272462, 11.901852,Cycling
4660519, -0.142334, -0.094604, -0.914185, -9.094240, -4.455568, 10.864256,Cycling
4660539, -0.389648, -0.179810, -1.012696, -8.300784, 7.263182, 4.577638,Cycling
4660559, -0.155884, -0.253540, -0.965942, -9.948730, 9.399414, 10.681150,Cycling
4660579, -0.122437, -0.100830, -1.141724, -12.268064, 7.202148, 13.916012,Cycling
4660599, -0.204956, -0.262329, -1.197998, -13.061520, 19.348150, 10.742184,Cycling
4660619, 0.046875, -0.228882, -0.893188, -14.343260, 9.155274, 12.390136,Cycling
4660639, -0.202026, -0.097412, -0.922363, -10.742184, -3.173828, 10.559080,Cycling
4660659, -0.183105, -0.084839, -1.010010, -11.840818, 6.835936, 7.202148,Cycling
4660679, -0.147461, -0.106445, -0.919922, -2.868652, 16.540530, -5.615234,Cycling
4660699, -0.220337, -0.461670, -0.888062, -21.972650, 6.469726, -2.929687,Cycling
4660719, -0.204834, -0.161865, -0.922730, -2.929687, 14.526364, -4.760742,Cycling
4660739, -0.088013, -0.379761, -0.847168, -3.112792, 10.498044, -0.183105,Cycling
4660759, -0.095581, -0.307251, -0.854614, -2.746581, -1.647949, 1.098633,Cycling
4660779, -0.148682, -0.256958, -0.964234, -5.310058, -8.605960, 4.699708,Cycling
4660799, -0.109497, -0.264038, -0.965942, -2.929687, -1.159668, 5.737304,Cycling
4660819, 0.015625, -0.225952, -0.862671, -3.234863, -4.028321, 5.981444,Cycling
4660839, -0.091675, -0.195313, -0.967774, 2.197266, -10.131832, 6.652830,Cycling
4660859, -0.152100, -0.257324, -1.013916, 1.403808, -4.943848, 7.629394,Cycling
4660879, -0.115967, -0.225464, -0.963379, 3.662109, -8.178714, 9.643556,Cycling
4660899, -0.109131, -0.161865, -0.993774, 3.906249, -9.643556, 10.131832,Cycling
4660919, -0.074219, -0.080078, -1.001099, 9.948730, -6.835936, 4.516602,Cycling
4660939, -0.098511, -0.174683, -0.942505, 12.878416, -13.488768, 5.554198,Cycling
4660959, -0.223267, -0.129395, -0.967407, 8.239746, -6.835936, 7.446288,Cycling
4660979, -0.089233, -0.115601, -0.965210, 14.526364, -1.342773, 7.751464,Cycling
4660999, -0.041138, -0.139648, -0.927368, 9.521484, -0.122070, 8.544924,Cycling
4661019, -0.088379, -0.029053, -1.049316, 12.634276, -2.624511, 10.192870,Cycling
4661039, -0.204468, -0.146973, -1.024170, 11.718748, 4.882814, 8.422854,Cycling
4661059, -0.178101, -0.068726, -0.967041, 8.789064, 4.455568, 11.352536,Cycling
4661079, -0.220337, -0.154297, -0.977295, 12.634276, 7.690428, 5.554198,Cycling
4661099, -0.255127, -0.238037, -1.001221, 2.014160, 8.544924, 3.601074,Cycling
4661119, -0.157349, -0.109863, -0.998413, 0.244141, 8.605960, 8.666994,Cycling
4661139, -0.142212, -0.085083, -0.986084, 3.173828, 13.977050, 10.253904,Cycling
4661159, -0.125610, -0.134155, -1.029786, 9.033204, 12.695310, 10.192870,Cycling
4661179, -0.192749, -0.152222, -1.033814, 10.864256, 15.258788, 13.671872,Cycling
4661199, -0.168701, -0.231323, -0.868896, 17.578130, 13.916012, 13.427732,Cycling
4661219, -0.087036, -0.185059, -0.931641, 12.207030, 8.300784, 15.869140,Cycling
4661239, -0.080444, -0.066895, -0.965088, 13.183590, 8.605960, 13.244628,Cycling
4661259, -0.237671, -0.195557, -1.001587, 16.357424, 10.437010, 4.638672,Cycling
4661279, -0.135620, -0.299194, -0.904053, 11.596676, 13.427732, -1.159668,Cycling
4661299, -0.172730, -0.312622, -0.951172, 5.371092, 5.920409, 1.953124,Cycling
4661319, -0.109497, -0.291260, -0.889404, 2.319336, 8.911134, 6.835936,Cycling
4661339, -0.004639, -0.183594, -0.854004, 2.380371, -1.281738, 10.314940,Cycling
4661379, -0.143677, -0.301148, -0.871460, 2.441407, 1.403808, 14.221190,Cycling
4661399, -0.144775, -0.378662, -0.828980, 1.098633, -10.192870, 9.887696,Cycling
4661419, -0.184570, -0.326294, -0.834717, 3.784179, -20.263670, 8.789064,Cycling
4661439, -0.213989, -0.267212, -0.871216, 2.929687, -20.141600, 13.122556,Cycling
4661459, -0.200562, -0.390991, -0.934692, 10.192870, -14.953610, 9.582520,Cycling
4661479, -0.114990, -0.513184, -0.920776, 2.807617, -12.451170, 12.756344,Cycling
4661499, 0.000488, -0.296143, -0.881592, 0.061035, -13.977050, 16.723632,Cycling
4661519, 0.086792, -0.130371, -0.890747, 1.770019, -19.897460, 18.005376,Cycling
4661539, -0.033936, -0.035767, -1.094482, 8.789064, -16.235352, 9.765626,Cycling
4661559, -0.065186, -0.177368, -1.121826, 12.878416, -2.380371, -3.479003,Cycling
4661579, -0.035278, -0.162598, -0.949707, 10.375976, -3.967285, -6.896972,Cycling
4661599, -0.210938, -0.255982, -0.934692, 11.779784, -10.375976, -6.347656,Cycling
4661619, -0.148438, -0.210693, -0.866211, 14.038084, -8.178714, -7.141112,Cycling
4661639, -0.297852, -0.335816, -0.967163, 9.338380, -5.554198, -6.774902,Cycling
4661659, -0.109009, -0.135132, -0.956299, 3.540038, -1.342773, -0.793457,Cycling
4661799, -0.039673, -0.432251, -0.793213, -0.061035, 7.690428, -4.455568,Cycling
4661819, -0.216187, -0.158203, -0.963867, 3.540038, -5.554198, 5.737304,Cycling
4661839, -0.063477, -0.273682, -0.932739, -1.708984, 5.859374, 0.549316,Cycling
4661879, -0.295044, -0.353027, -0.919190, 5.676268, -3.112792, -10.009768,Cycling
4661899, -0.152344, -0.350220, -1.020508, -1.770019, 15.319820, -9.521484,Cycling
4661979, -0.224487, -0.289185, -0.893921, 5.554198, -4.638672, 0.610352,Cycling
4662039, -0.280640, -0.245850, -0.873779, 3.356933, -28.930660, 1.220704,Cycling
4662059, -0.337036, -0.412598, -0.869995, 9.826660, -20.385740, -5.371092,Cycling
4662099, -0.137573, -0.378296, -0.923584, 1.403808, -13.488768, -6.958006,Cycling
4662119, -0.089233, -0.221924, -1.047974, -0.488281, -9.765626, 1.708984,Cycling
4662139, -0.056519, -0.172241, -1.091553, -1.770019, -4.638672, 1.220704,Cycling
4662159, -0.107544, -0.239258, -1.055420, 1.892090, -5.065916, -2.807617,Cycling
4662179, 0.020996, -0.218750, -0.994507, -0.366211, -5.798338, -3.417968,Cycling
4662199, -0.109131, -0.088257, -1.051148, 0.061035, -2.746581, -4.089356,Cycling
4662219, -0.146484, -0.255127, -1.008912, -1.098633, 5.249022, -5.554198,Cycling
4662239, -0.177734, -0.219605, -1.026123, -4.699708, 9.338380, -2.197266,Cycling
4662259, -0.140747, -0.181519, -0.921753, -2.075196, 7.507323, 0.244141,Cycling
4662279, -0.303955, -0.234253, -0.953736, -1.403808, 7.751464, -0.122070,Cycling
4662319, -0.183594, -0.321655, -0.939942, -4.882814, 11.169430, 2.563476,Cycling
4662339, -0.211426, -0.240845, -0.927490, -5.187988, 4.882814, 1.831054,Cycling
4662359, -0.129761, -0.332031, -0.824097, -3.967285, 5.126952, 3.356933,Cycling
4662379, -0.271240, -0.270874, -0.989990, -5.493162, 0.610352, 5.737304,Cycling
4662419, -0.144531, -0.242432, -0.911621, -3.234863, 0.854492, 8.605960,Cycling
4662439, 0.013306, -0.172730, -0.942261, -2.197266, 0.427246, 5.310058,Cycling
4662479, -0.113647, -0.264893, -0.973511, -5.432128, 1.159668, 3.479003,Cycling
4662499, -0.145020, -0.187134, -1.035644, -5.798338, 5.371092, 6.164550,Cycling
4662519, -0.051514, -0.278442, -0.879517, -2.563476, 2.624511, 4.394532,Cycling
4662539, -0.188599, -0.292480, -0.921509, -3.662109, -6.530760, 5.004884,Cycling
4662559, -0.250488, -0.387085, -0.874146, -3.479003, -5.432128, 3.051757,Cycling
4662579, -0.238037, -0.352173, -0.819458, -3.601074, -13.061520, 5.065916,Cycling
4662599, -0.199463, -0.223267, -0.942871, -2.136231, -12.329100, 3.723144,Cycling
4662619, -0.085571, -0.264038, -0.901978, -2.746581, -8.728030, 1.342773,Cycling
4662639, -0.184204, -0.215820, -1.012818, -1.770019, -13.061520, 2.258301,Cycling
4662659, -0.210815, -0.421631, -1.012818, -3.479003, -0.854492, 2.197266,Cycling
4662679, -0.014648, -0.237061, -0.885986, -5.065916, -11.962890, 3.540038,Cycling
4662699, -0.145630, -0.142700, -0.928101, -3.845214, -21.484370, 6.469726,Cycling
4662719, -0.287354, -0.029907, -0.977905, 2.868652, -17.517090, 4.516602,Cycling
4662739, -0.218628, -0.335938, -0.934326, 3.845214, -5.126952, -5.920409,Cycling
4662759, -0.123169, -0.314697, -0.908447, -3.906249, -9.704590, -2.807617,Cycling
4662779, -0.046753, -0.011719, -0.847168, 0.183105, -18.981940, 1.220704,Cycling
4662799, -0.243408, -0.152466, -0.945068, 6.408690, -6.530760, -4.455568,Cycling
4662819, -0.255615, -0.526978, -0.983398, 0.610352, 5.249022, -6.530760,Cycling
4662879, -0.035278, -0.308350, -0.918335, -4.455568, 17.517090, 5.065916,Cycling
4662939, -0.156494, -0.138916, -0.891358, -6.835936, 10.375976, 0.122070,Cycling
4662959, -0.448608, -0.215942, -1.000854, -4.394532, 2.990722, -0.122070,Cycling
4662979, -0.258301, -0.307129, -0.855225, -4.394532, 11.169430, 6.469726,Cycling
4662999, -0.216919, -0.073853, -1.053101, -5.554198, 3.356933, 15.258788,Cycling
4663019, -0.056274, -0.056396, -1.152588, -2.807617, 25.390620, 10.559080,Cycling
4663039, -0.059082, -0.089478, -1.070435, 1.159668, 13.793944, 10.314940,Cycling
4663059, -0.135132, 0.028076, -1.030152, 4.150392, 17.883300, 13.244628,Cycling
4663079, -0.219116, -0.170288, -1.020020, 9.643556, 20.690910, 9.643556,Cycling
4663099, -0.088135, -0.286865, -0.826172, 8.850100, 14.465330, 12.512204,Cycling
4663119, -0.338989, -0.333740, -0.946289, 5.615234, 16.540530, 13.610836,Cycling
4663139, -0.203735, -0.322266, -0.815674, 3.295898, 14.282224, 15.380856,Cycling
4663159, -0.382568, -0.389648, -0.882324, -0.488281, 10.864256, 8.972170,Cycling
4663179, -0.150269, -0.346191, -0.832398, -2.441407, 5.432128, 5.554198,Cycling
4663199, -0.241333, -0.491455, -0.788208, -0.061035, 0.427246, 0.793457,Cycling
4663219, -0.233154, -0.538452, -0.839112, -9.094240, -7.995604, 8.361816,Cycling
4663239, -0.164795, -0.344605, -0.846802, -9.399414, -9.826660, 10.009768,Cycling
4663259, -0.060303, -0.345825, -0.908936, -9.521484, -12.329100, 7.995604,Cycling
4663279, -0.031128, -0.294312, -0.971192, -6.164550, -11.169430, 6.408690,Cycling
4663299, 0.029541, -0.244995, -0.965088, -4.150392, -13.000484, 4.882814,Cycling
4663339, -0.067993, -0.264038, -0.979370, 0.061035, -9.216310, 2.990722,Cycling
4663420, -0.206665, -0.163818, -0.810181, -0.549316, -5.432128, -1.892090,Cycling
4663440, -0.171631, -0.319336, -0.850952, 3.601074, -18.737796, -8.056642,Cycling
4663460, -0.290161, -0.411133, -0.926636, -12.695310, -16.540530, -2.014160,Cycling
4663480, -0.329102, -0.243897, -0.988281, -11.047360, -11.291500, 0.549316,Cycling
4663500, -0.045166, -0.219482, -0.807373, -19.104010, -10.253904, 1.953124,Cycling
4663520, -0.203125, -0.087036, -1.026978, -9.277344, -8.361816, -1.831054,Cycling
4663540, -0.148560, -0.158936, -0.978028, -4.577638, -5.737304, -9.033204,Cycling
4663560, -0.149292, -0.221802, -1.035034, -6.225584, -12.451170, -8.728030,Cycling
4663580, -0.213135, -0.068604, -1.088135, -5.493162, -6.408690, -5.859374,Cycling
4663600, -0.094849, -0.284180, -0.849732, 3.601074, -1.220704, -15.136716,Cycling
4663620, -0.002686, -0.142090, -0.975220, -3.417968, -16.662600, -11.657712,Cycling
4663640, -0.370728, -0.188721, -1.129394, 0.671386, -0.915527, -7.995604,Cycling
4663660, -0.086182, -0.267212, -0.793457, -2.136231, 3.662109, -7.446288,Cycling
4663680, -0.211792, -0.238647, -0.884888, 6.103514, -12.634276, -9.216310,Cycling
4663700, -0.173218, -0.232178, -0.916870, -1.037598, -3.417968, -4.394532,Cycling
4663720, -0.267578, -0.238525, -0.952637, 3.173828, -4.821778, -4.577638,Cycling
4663740, -0.253906, -0.137695, -0.996704, -2.258301, -5.737304, -5.676268,Cycling
4663760, -0.188965, -0.171997, -0.892456, -1.037598, -7.446288, -7.812498,Cycling
4663780, -0.280518, -0.256104, -0.948730, 2.441407, -6.225584, -11.413570,Cycling
4663800, -0.171143, -0.351563, -0.908447, -2.624511, -6.347656, -10.986324,Cycling
4663820, -0.205688, -0.132080, -0.999390, -5.615234, -9.582520, -4.333496,Cycling
4663840, -0.184448, -0.056152, -1.011719, -2.014160, -0.732422, -7.080076,Cycling
4663860, -0.079224, -0.145996, -0.986572, 6.164550, -8.056642, -13.488768,Cycling
4663880, -0.217407, -0.241333, -1.096314, 4.760742, -0.549316, -13.671872,Cycling
4663900, -0.099487, -0.173828, -0.958130, 3.173828, 1.159668, -7.019042,Cycling
4663920, -0.045288, 0.068237, -0.921875, 11.413570, -4.394532, -5.249022,Cycling
4663940, -0.281128, -0.263550, -1.040772, 17.089850, 3.723144, -15.136716,Cycling
4663960, -0.224609, -0.292236, -0.979370, 5.859374, 5.065916, -10.375976,Cycling
4663980, -0.281616, -0.204346, -0.941040, 7.934570, 5.615234, -3.173828,Cycling
4664000, -0.227051, -0.321777, -0.870606, 9.521484, 4.760742, -5.615234,Cycling
4664020, -0.251221, -0.347168, -0.987793, 1.586914, 0.427246, -3.540038,Cycling
4664040, -0.174805, -0.191040, -0.918579, -1.708984, 6.286620, 1.953124,Cycling
4664060, -0.176880, -0.109009, -0.960327, 0.488281, 4.333496, -0.610352,Cycling
4664080, -0.210693, -0.165527, -1.049316, -0.183105, 9.338380, -4.638672,Cycling
4664100, -0.177490, -0.145874, -1.020508, -1.342773, 11.230468, -5.126952,Cycling
4664120, -0.226929, -0.190430, -1.025391, 4.699708, 13.305660, -6.225584,Cycling
4664140, -0.141480, -0.256226, -0.962891, 4.516602, 13.000484, -3.112792,Cycling
4664160, -0.109741, -0.141602, -1.034790, 7.263182, 14.282224, 0.610352,Cycling
4664180, -0.166626, -0.119995, -0.991944, 14.709470, 26.672360, 0.366211,Cycling
4664200, -0.286743, -0.387451, -0.775269, 14.953610, 18.371584, 1.220704,Cycling
4664220, -0.335083, -0.184937, -0.878906, 10.742184, 15.869140, 7.263182,Cycling
4664240, -0.259766, -0.417480, -0.866211, 13.183590, 18.859868, 4.150392,Cycling
4664260, -0.078003, -0.382690, -0.832031, 4.821778, 7.141112, 1.159668,Cycling
4664280, -0.199341, -0.443848, -0.868530, 0.305176, -3.723144, -2.380371,Cycling
4664300, -0.103027, -0.220581, -0.866333, -6.896972, -5.249022, -1.708984,Cycling
4664320, -0.250244, -0.365479, -0.922730, -4.028321, -4.882814, -8.422854,Cycling
4664340, -0.081543, -0.272339, -0.922363, -7.141112, 6.408690, -8.300784,Cycling
4664360, 0.067505, -0.273682, -0.920166, -5.798338, -3.967285, -6.591796,Cycling
4664380, -0.104004, -0.230469, -0.895020, 3.112792, -7.507323, -6.164550,Cycling
4664400, -0.023438, -0.189575, -0.965332, 3.784179, -6.652830, -5.798338,Cycling
4664420, -0.115723, -0.291626, -0.992920, 7.263182, -2.990722, -8.911134,Cycling
4664440, -0.093384, -0.264526, -0.897705, 7.568358, -1.708984, -7.812498,Cycling
4664460, -0.137939, -0.282837, -0.932495, 5.126952, -0.976562, -8.300784,Cycling
4664480, -0.129272, -0.191284, -0.982666, 4.028321, 1.647949, -7.507323,Cycling
4664500, -0.217651, -0.429321, -0.780029, 4.699708, 0.366211, -11.779784,Cycling
4664520, -0.180664, -0.345703, -0.836060, 0.183105, -13.549804, -9.643556,Cycling
4664540, -0.352417, -0.357056, -0.970703, -1.525878, -10.559080, -9.155274,Cycling
4664560, -0.259644, -0.379883, -0.908814, -3.540038, -10.009768, -11.779784,Cycling
4664580, -0.054688, -0.357422, -0.820923, -7.812498, -23.254390, -18.188480,Cycling
4664600, -0.142578, -0.282349, -1.020752, -10.559080, -24.414060, -15.380856,Cycling
4664620, -0.125000, -0.268555, -1.073853, -11.108396, -16.296390, -9.277344,Cycling
4664640, -0.043823, -0.164429, -1.161621, -12.695310, -5.981444, -8.178714,Cycling
4664660, -0.017944, -0.200317, -1.054444, -7.385252, -5.981444, -13.061520,Cycling
4664680, -0.020996, -0.174316, -1.036866, -7.141112, -5.737304, -14.526364,Cycling
4664700, -0.112915, -0.105835, -1.012452, -2.746581, -4.089356, -12.695310,Cycling
4664720, -0.256226, -0.117188, -1.092408, -2.502442, -1.342773, -10.253904,Cycling
4664740, -0.166504, -0.163818, -0.994263, -1.525878, 3.112792, -10.498044,Cycling
4664760, -0.225952, -0.314697, -0.947388, -4.089356, 1.586914, -12.145992,Cycling
4664780, -0.146240, -0.200073, -1.023438, -6.103514, 0.366211, -4.943848,Cycling
4664800, -0.187134, -0.147217, -1.035644, -10.498044, 11.047360, -2.990722,Cycling
4664820, -0.173706, -0.169434, -1.008667, -13.916012, 10.681150, -9.582520,Cycling
4664840, -0.259277, -0.090576, -1.193116, -20.141600, 20.446770, -0.732422,Cycling
4664860, 0.152222, -0.109375, -0.627686, -8.178714, 23.071284, -7.507323,Cycling
4664880, -0.182007, -0.111328, -1.068238, -1.220704, -0.366211, -4.699708,Cycling
4664900, -0.278442, -0.202393, -1.057618, -6.469726, 30.151360, -0.183105,Cycling
4664920, -0.235596, -0.201904, -1.058716, -8.544924, 25.756830, 3.662109,Cycling
4664940, 0.040649, -0.068237, -0.867554, -1.586914, 21.179192, 2.197266,Cycling
4664960, -0.268555, -0.217529, -0.941406, 3.540038, 12.878416, -0.793457,Cycling
4664980, -0.148315, -0.201660, -0.899536, 6.835936, 11.413570, 3.479003,Cycling
4665000, -0.404297, -0.390869, -0.984009, 4.089356, 22.521970, 2.136231,Cycling
4665020, -0.060669, -0.333618, -0.849121, -1.586914, 18.859868, 5.981444,Cycling
4665040, -0.107178, -0.203857, -0.901734, 2.929687, 12.329100, 3.173828,Cycling
4665060, -0.056274, -0.115356, -0.934082, 4.211426, 5.859374, 3.112792,Cycling
4665080, -0.103516, -0.126465, -0.940186, 6.225584, 8.911134, 2.563476,Cycling
4665100, -0.104858, -0.245972, -0.974487, 8.666994, 14.770504, -1.281738,Cycling
4665120, 0.021973, -0.201172, -0.856690, 0.854492, 9.948730, 3.051757,Cycling
4665140, 0.010986, 0.104736, -0.977661, 8.728030, 3.967285, 4.333496,Cycling
4665160, -0.271118, -0.362793, -1.034546, 12.756344, 17.211920, -2.563476,Cycling
4665180, -0.155151, -0.460205, -0.902466, 4.516602, 15.991210, -0.549316,Cycling
4665200, -0.107788, -0.309326, -0.932007, -0.305176, 2.746581, 10.131832,Cycling
4665220, -0.193604, -0.251709, -0.913574, 1.281738, 6.530760, 13.183590,Cycling
4665240, -0.229858, -0.413330, -0.929688, 0.000000, -0.427246, 12.390136,Cycling
4665260, -0.244141, -0.380859, -0.853394, -8.361816, -1.403808, 16.601568,Cycling
4665280, 0.035278, -0.162109, -0.844727, -4.272462, -10.559080, 13.610836,Cycling
4665300, -0.088379, -0.164185, -1.108520, -7.385252, -3.662109, 11.901852,Cycling
4665320, 0.053467, -0.057495, -1.042358, -5.493162, 3.295898, 8.117676,Cycling
4665340, -0.102905, -0.102173, -1.127686, -2.929687, 3.601074, 6.835936,Cycling
4665360, -0.014282, -0.181030, -1.082886, 0.488281, 15.075680, 3.234863,Cycling
4665380, 0.074829, -0.253174, -0.941772, 2.136231, 9.094240, 7.202148,Cycling
4665400, 0.074463, -0.058716, -1.015015, 2.929687, 4.699708, 15.869140,Cycling
4665420, -0.102295, -0.043091, -1.136841, 4.516602, 14.831540, 16.784670,Cycling
4665440, -0.068970, -0.061646, -0.971802, 10.070800, 16.052250, 13.732908,Cycling
4665460, -0.222168, -0.161987, -0.994995, 6.896972, 17.639160, 12.512204,Cycling
4665480, -0.193970, -0.192383, -0.983398, 4.089356, 21.545408, 10.864256,Cycling
4665500, -0.174805, -0.265747, -0.958618, -2.197266, 20.751950, 14.221190,Cycling
4665520, -0.117065, -0.153076, -0.921753, -1.770019, 16.967780, 15.441892,Cycling
4665540, -0.302124, -0.268311, -1.009522, -2.807617, 21.911620, 19.104010,Cycling
4665560, -0.115601, -0.250855, -0.967529, -4.943848, 26.794430, 22.277830,Cycling
4665580, -0.008423, -0.211304, -0.930298, -5.249022, 21.240230, 19.836430,Cycling
4665600, 0.027588, -0.121826, -0.926636, -4.760742, 10.986324, 20.507810,Cycling
4665620, 0.000122, -0.117310, -0.978760, -1.892090, 16.418460, 18.859868,Cycling
4665640, -0.025391, -0.222778, -0.984986, 2.441407, 20.874020, 18.066410,Cycling
4665660, 0.042480, -0.341919, -0.907104, 1.342773, 23.193352, 18.310550,Cycling
4665680, 0.011475, -0.261841, -0.931396, 0.244141, 9.948730, 20.507810,Cycling
4665700, -0.027100, -0.309814, -0.849610, 2.014160, 5.187988, 18.554690,Cycling
4665720, -0.078247, -0.324463, -0.822266, 2.929687, -1.525878, 17.944340,Cycling
4665740, -0.159302, -0.342651, -0.871948, 0.610352, 0.793457, 16.662600,Cycling
4665760, 0.044556, -0.359985, -0.825318, -2.502442, 1.708984, 14.587400,Cycling
4665780, 0.001343, -0.252075, -0.959839, -7.202148, -5.615234, 13.549804,Cycling
4665800, 0.044922, -0.304077, -0.969727, -3.417968, 1.037598, 8.178714,Cycling
4665820, 0.019897, -0.201172, -0.907715, -4.272462, -10.803220, 5.798338,Cycling
4665840, 0.017090, -0.200317, -0.957398, 2.929687, -13.061520, 3.723144,Cycling
4665860, -0.131226, -0.233032, -1.055786, 0.122070, -6.286620, 6.347656,Cycling
4665880, 0.028198, -0.338501, -0.952759, 0.549316, -3.662109, 9.948730,Cycling
4665900, 0.013794, -0.223755, -1.043824, -5.859374, -7.690428, 15.014646,Cycling
4665920, 0.044434, -0.158569, -1.007690, -1.525878, -1.708984, 16.113284,Cycling
4665940, -0.032837, -0.220337, -1.013794, -0.305176, -5.737304, 15.258788,Cycling
4665960, -0.114258, -0.213135, -0.972046, 0.976562, -4.882814, 17.089850,Cycling
4665980, -0.112793, -0.145386, -0.950073, 0.915527, -6.286620, 17.578130,Cycling
4666000, -0.208740, -0.201782, -1.024780, 2.258301, -1.342773, 13.854978,Cycling
4666020, -0.162598, -0.291748, -0.851685, 1.708984, -5.432128, 12.817380,Cycling
4666040, -0.236572, -0.261597, -0.882080, 1.708984, -14.587400, 12.878416,Cycling
4666060, -0.187622, -0.301880, -0.990356, -1.342773, -9.155274, 12.878416,Cycling
4666080, -0.052368, -0.323730, -0.949829, -5.371092, -4.760742, 7.629394,Cycling
4666100, 0.097900, -0.285767, -0.865601, -13.061520, -7.324218, 9.704590,Cycling
4666120, 0.144775, -0.044922, -1.040894, -7.751464, -4.394532, 16.174320,Cycling
4666140, 0.056396, -0.096924, -1.115601, 0.000000, 5.065916, 19.653320,Cycling
4666160, 0.045654, -0.123779, -1.039062, 1.953124, 10.437010, 16.235352,Cycling
4666180, 0.008911, -0.157227, -1.007080, 5.249022, 4.455568, 15.258788,Cycling
4666200, -0.095947, -0.131592, -1.049927, 6.042480, 7.507323, 17.150880,Cycling
4666220, -0.090332, -0.153076, -1.033081, 7.019042, 11.474608, 15.991210,Cycling
4666240, -0.186523, -0.139404, -1.029175, 4.760742, 10.986324, 15.380856,Cycling
4666260, -0.161865, -0.170410, -0.962280, 5.737304, 17.028810, 11.779784,Cycling
4666280, -0.130005, -0.147461, -1.001709, 4.943848, 14.038084, 12.329100,Cycling
4666300, -0.127686, -0.179565, -1.002930, 5.004884, 19.042970, 13.488768,Cycling
4666320, -0.053345, -0.154297, -0.925904, 6.652830, 19.531250, 13.549804,Cycling
4666340, -0.083374, -0.249268, -0.899048, 8.789064, 14.038084, 15.563964,Cycling
4666360, -0.048584, -0.062866, -0.987549, 5.920409, 15.014646, 19.348150,Cycling
4666380, -0.036987, -0.264526, -0.983521, 8.605960, 25.390620, 17.578130,Cycling
4666400, 0.040039, -0.154907, -0.972534, 5.920409, 20.812980, 19.714360,Cycling
4666420, 0.117920, -0.099243, -0.912354, 13.000484, 20.751950, 17.578130,Cycling
4666440, -0.056152, -0.274048, -0.976318, 13.000484, 19.042970, 17.395020,Cycling
4666460, -0.092163, -0.364136, -0.907104, 6.835936, 19.470220, 18.615724,Cycling
4666480, 0.000488, -0.282349, -0.821167, 6.713866, 10.070800, 18.859868,Cycling
4666500, -0.115845, -0.377075, -0.876953, 7.507323, 10.253904, 17.456060,Cycling
4666520, -0.070801, -0.461792, -0.846558, 5.310058, 7.934570, 17.089850,Cycling
4666540, -0.092651, -0.531250, -0.883057, 3.234863, 2.563476, 16.601568,Cycling
4666560, 0.011353, -0.558716, -0.843262, -2.441407, -2.136231, 16.784670,Cycling
4666580, 0.030396, -0.449097, -0.828980, -2.258301, -23.193352, 14.404296,Cycling
4666600, 0.087402, -0.358887, -0.816040, -8.544924, -29.602044, 16.479492,Cycling
4666620, 0.125855, -0.242188, -0.837036, -5.920409, -33.142100, 11.291500,Cycling
4666640, -0.011963, -0.350464, -0.925659, -4.943848, -30.151360, 9.338380,Cycling
4666660, 0.120850, -0.246826, -0.810669, -5.310058, -31.555170, 6.225584,Cycling
4666680, -0.063110, -0.326172, -0.978760, -1.525878, -36.560060, 0.305176,Cycling
4666700, -0.028076, -0.365234, -0.947754, 0.915527, -31.188960, 4.577638,Cycling
4666720, -0.151123, -0.422241, -0.927124, -3.173828, -33.142100, 5.859374,Cycling
4666740, 0.049072, -0.227173, -0.885864, -0.976562, -46.203600, 8.178714,Cycling
4666760, -0.207520, -0.227051, -1.006592, -1.037598, -39.855960, 2.441407,Cycling
4666780, -0.103272, -0.208984, -0.931519, -1.098633, -35.278320, -2.380371,Cycling
4666800, -0.257202, -0.336670, -1.016480, -1.098633, -36.438000, -3.967285,Cycling
4666840, -0.019165, -0.153809, -0.925293, 1.037598, -31.860350, -3.723144,Cycling
4666860, -0.053101, -0.172730, -1.000732, -3.601074, -27.099608, -4.150392,Cycling
4666880, -0.109009, -0.117920, -1.109864, -2.807617, -22.460930, -3.356933,Cycling
4666900, -0.055054, -0.122559, -1.063721, -5.920409, -9.582520, -3.723144,Cycling
4666920, -0.020142, -0.039307, -1.065918, -1.525878, -8.239746, -5.371092,Cycling
4666940, -0.078613, -0.048584, -1.055176, 0.671386, -1.037598, -4.821778,Cycling
4666960, -0.084961, 0.008789, -1.123536, 2.502442, 9.094240, -3.234863,Cycling
4666980, -0.098999, -0.066772, -1.160522, 5.981444, 15.136716, -4.760742,Cycling
4667000, -0.120361, -0.161743, -1.055298, 2.380371, 15.441892, -5.920409,Cycling
4667020, -0.119385, -0.107666, -1.030884, 3.356933, 10.803220, -6.835936,Cycling
4667040, -0.182739, -0.104614, -1.044922, 2.929687, 12.084960, -5.615234,Cycling
4667060, -0.195679, -0.167114, -0.977783, 2.746581, 17.822270, -8.789064,Cycling
4667080, -0.157227, -0.080933, -0.944336, 1.770019, 15.563964, -4.577638,Cycling
4667100, -0.231201, -0.083618, -1.063721, 6.591796, 25.390620, -2.014160,Cycling
4667120, -0.122314, -0.171265, -1.021118, 5.554198, 32.958990, -1.831054,Cycling
4667140, -0.084839, -0.181519, -0.953858, 9.521484, 26.000970, -4.394532,Cycling
4667160, -0.154541, -0.212769, -0.953003, 11.230468, 15.014646, -0.976562,Cycling
4667220, -0.191284, -0.432861, -0.822632, 14.404296, 7.324218, -1.647949,Cycling
4667240, -0.251099, -0.408691, -0.934204, 7.446288, -4.577638, -2.014160,Cycling
4667260, 0.006592, -0.403931, -0.881348, 4.272462, -0.549316, -5.187988,Cycling
4667280, -0.018555, -0.340942, -1.009034, 2.563476, -7.080076, -4.577638,Cycling
4667300, 0.023315, -0.372559, -0.903320, 11.901852, 0.427246, -6.164550,Cycling
4667320, 0.032837, -0.470215, -0.830811, 11.413570, -2.502442, -6.896972,Cycling
4667340, 0.051880, -0.330933, -0.916870, 8.300784, -10.192870, 0.427246,Cycling
4667360, 0.000732, -0.206299, -0.892090, 12.573240, -0.793457, 3.173828,Cycling
4667380, 0.057129, -0.172485, -0.999634, 16.845708, 0.488281, 1.220704,Cycling
4667400, -0.065674, -0.222534, -1.091309, 17.456060, 7.812498, -2.197266,Cycling
4667500, -0.063110, -0.339600, -1.036866, -28.625480, -7.446288, 35.827640,Cycling
4667520, -0.236206, 0.183350, -1.146362, -29.357908, -21.118160, 31.677240,Cycling
4667540, -0.014893, 0.290894, -0.876831, -12.084960, -33.813480, 5.432128,Cycling
4667560, -0.027466, -0.083008, -0.796265, -4.943848, -35.339360, -15.869140,Cycling
4667580, 0.057495, -0.122681, -0.968140, -13.061520, -30.944820, -13.000484,Cycling
4667600, 0.188599, -0.111084, -0.766480, -11.413570, -17.883300, -9.521484,Cycling
4667620, 0.158814, 0.002197, -0.738159, -12.390136, -24.597160, 1.159668,Cycling
4667640, -0.020020, 0.025513, -0.816772, -1.586914, -17.456060, -1.342773,Cycling
4667660, 0.084839, -0.084595, -0.767212, 5.187988, -6.591796, -10.314940,Cycling
4667680, -0.032349, -0.140625, -0.732056, 3.417968, -3.540038, -9.887696,Cycling
4667700, -0.079712, -0.020874, -0.850220, 5.249022, 7.934570, -6.225584,Cycling
4667720, -0.032227, 0.056641, -0.962646, 6.530760, 21.972650, -2.502442,Cycling
4667740, -0.062622, 0.073242, -0.994995, 15.808104, 28.381340, -4.089356,Cycling
4667760, -0.235352, -0.096191, -0.992920, 17.395020, 28.198240, -4.150392,Cycling
4667780, -0.264771, 0.036621, -1.018555, 15.075680, 17.578130, -3.845214,Cycling
4667800, -0.401245, -0.109497, -0.854248, 27.282710, 10.192870, -10.131832,Cycling
4667820, -0.361328, -0.170654, -0.922852, 23.193352, -5.371092, -9.338380,Cycling
4667840, -0.421997, -0.342896, -1.019532, 30.578610, 2.624511, -18.554690,Cycling
4667860, -0.500854, -1.102295, -1.344116, 15.319820, 31.249992, -15.686032,Cycling
4667880, 0.178223, -0.638184, -0.756348, -13.549804, 6.591796, 0.915527,Cycling
4667900, 0.088135, -0.704468, -0.644531, 9.887696, -15.380856, 11.840818,Cycling
4667940, 0.188232, -0.044556, -1.241089, 4.516602, 9.033204, 30.456540,Cycling
4667960, 0.160522, -0.044434, -0.974976, 19.653320, 0.854492, 18.371584,Cycling
4667980, -0.009521, -0.064087, -0.962646, 23.376460, -11.047360, 3.784179,Cycling
4668000, -0.214600, -0.307251, -0.846436, 30.883784, -12.207030, -10.070800,Cycling
4668020, -0.013184, -0.418823, -0.798828, 17.333990, -11.962890, -7.995604,Cycling
4668040, 0.027466, -0.191040, -0.827881, 10.437010, -11.596676, -1.892090,Cycling
4668060, -0.117310, -0.206177, -0.918945, 6.713866, -7.995604, -3.723144,Cycling
4668080, -0.103760, -0.296753, -1.011108, -0.854492, 5.371092, -8.666994,Cycling
4668100, -0.097900, -0.347778, -1.022339, -12.878416, 1.037598, -8.239746,Cycling
4668120, -0.149658, -0.239136, -1.026123, -10.620116, 10.498044, -3.051757,Cycling
4668140, -0.063965, -0.280762, -0.882935, -13.854978, 3.540038, -3.051757,Cycling
4668160, -0.218140, -0.125244, -1.109253, -5.615234, -2.319336, -5.493162,Cycling
4668180, -0.089233, -0.154053, -1.170044, -13.549804, 11.901852, -6.225584,Cycling
4668200, 0.010132, 0.111816, -1.353150, -5.493162, 11.047360, -10.375976,Cycling
4668280, -0.405274, -0.388062, -1.317261, 5.554198, 29.357908, 27.282710,Cycling
4668300, 0.183350, -0.441040, -0.723633, 17.456060, 21.118160, 15.502928,Cycling
4668320, -0.329224, -0.292236, -1.104736, 35.461430, 10.559080, 7.995604,Cycling
4668340, 0.201904, -0.166260, -0.797486, 35.461430, 8.300784, 13.305660,Cycling
4668360, 0.014404, -0.211304, -0.841064, 43.395980, 0.549316, 12.512204,Cycling
4668380, 0.029175, -0.346558, -0.697754, 35.339360, 8.483890, 10.498044,Cycling
4668400, -0.046143, -0.358032, -0.677368, 27.343748, 6.286620, 7.263182,Cycling
4668420, -0.241821, -0.403931, -0.735230, 18.493652, 9.704590, 13.854978,Cycling
4668460, -0.154419, -0.597534, -0.676758, -3.906249, 6.652830, 4.211426,Cycling
4668560, -0.179321, -0.062012, -1.101318, -17.700200, 32.165540, 3.417968,Cycling
4668580, -0.009521, -0.120728, -0.865356, -25.512690, 28.930660, 2.441407,Cycling
4668600, -0.069702, -0.043091, -1.010986, -12.573240, 15.991210, -3.967285,Cycling
4668620, -0.088257, -0.297485, -0.934814, -13.488768, 15.441892, -4.455568,Cycling
4668640, 0.074097, -0.271118, -0.826294, -8.300784, 4.028321, -1.525878,Cycling
4668660, 0.063599, -0.144287, -0.862549, -16.296390, -15.869140, 13.305660,Cycling
4668680, 0.076660, 0.547974, -1.333740, -20.507810, -34.729010, 17.395020,Cycling
4668700, -0.299927, -0.169434, -1.002930, 5.737304, 17.333990, -18.737796,Cycling
4668720, -0.490234, -0.639282, -1.257446, -8.300784, 62.072740, -21.118160,Cycling
4668740, 0.183594, -0.857544, -1.064820, -2.685546, 69.091800, -18.310550,Cycling
4668760, 0.375855, -0.495728, -0.893188, -20.568840, 3.417968, 14.099120,Cycling
4668780, 0.111694, -0.263306, -0.931274, -8.361816, -30.700680, 4.089356,Cycling
4668800, -0.146851, -0.146973, -1.212769, -2.502442, -32.958990, -1.647949,Cycling
4668820, -0.218262, -0.110107, -1.069336, 18.737796, -8.605960, -1.647949,Cycling
4668840, -0.076294, -0.282593, -1.013794, 31.433100, 15.380856, 0.732422,Cycling
4668860, 0.061279, -0.272827, -0.806885, 36.438000, 22.644040, 9.033204,Cycling
4668880, 0.082031, -0.340698, -0.694702, 38.757330, 26.428220, 13.122556,Cycling
4668900, -0.008789, -0.397583, -0.863648, 26.672360, 31.982420, 15.197750,Cycling
4668920, -0.064575, -0.348633, -0.808228, 17.333990, 41.381820, 23.925780,Cycling
4668940, 0.084229, -0.375366, -0.736816, 3.295898, 33.935560, 22.277830,Cycling
4668960, 0.084106, -0.364136, -0.782349, -13.000484, 31.249992, 14.526364,Cycling
4668980, 0.126709, -0.117065, -0.975098, -25.573724, 34.240730, 8.300784,Cycling
4669000, 0.011475, -0.131836, -1.095337, -28.686520, 44.616690, 7.446288,Cycling
4669020, 0.057373, -0.190918, -1.164185, -27.038570, 47.485340, 4.516602,Cycling
4669040, 0.067505, -0.202881, -1.129883, -30.090330, 43.029780, 3.845214,Cycling
4669060, 0.114380, -0.141724, -1.122192, -28.808590, 35.095220, 6.530760,Cycling
4669080, 0.027588, -0.167236, -1.073120, -24.841304, 30.151360, 9.460450,Cycling
4669100, 0.042603, -0.193970, -1.175538, -16.296390, 22.644040, 10.131832,Cycling
4669120, -0.001099, -0.316406, -1.151001, -12.695310, 30.944820, 11.047360,Cycling
4669140, 0.111938, -0.316284, -0.949707, -8.117676, 23.315424, 15.502928,Cycling
4669160, 0.237183, -0.173584, -0.910156, -0.244141, 24.597160, 19.653320,Cycling
4669180, 0.256226, -0.149414, -1.049316, 5.615234, 27.038570, 22.338860,Cycling
4669200, 0.168213, -0.133179, -0.946411, 16.845708, 30.029290, 27.954100,Cycling
4669220, 0.108521, -0.261230, -0.825318, 14.892576, 35.522460, 29.357908,Cycling
4669240, 0.135498, -0.257690, -0.937134, 14.038084, 39.062500, 29.357908,Cycling
4669260, 0.193604, -0.171753, -0.854492, 16.967780, 30.639640, 28.564450,Cycling
4669280, 0.109253, -0.141846, -0.961792, 13.977050, 32.714850, 27.465816,Cycling
4669300, 0.118530, -0.331909, -0.930420, 2.868652, 33.935560, 27.648920,Cycling
4669320, 0.206421, -0.293213, -0.838867, 0.305176, 23.803708, 24.353020,Cycling
4669340, 0.095947, -0.161011, -0.922241, -1.098633, 23.681636, 24.047850,Cycling
4669360, 0.068115, -0.219238, -1.123902, -3.234863, 40.893540, 26.611320,Cycling
4669380, 0.132202, -0.253418, -1.087280, -4.333496, 48.828120, 30.456540,Cycling
4669400, 0.118286, -0.387695, -1.059692, -6.164550, 48.767080, 34.301760,Cycling
4669420, 0.168091, -0.422485, -0.793335, 2.075196, 33.813480, 32.531740,Cycling
4669440, 0.057007, -0.462280, -0.801636, 0.793457, 15.686032, 30.517570,Cycling
4669460, 0.118164, -0.366943, -0.832031, 0.915527, 14.892576, 29.296870,Cycling
4669480, 0.140625, -0.489136, -0.708618, -2.685546, 12.207030, 32.287600,Cycling
4669500, 0.246460, -0.533570, -0.816650, -9.033204, 15.869140, 32.043460,Cycling
4669520, 0.392578, -0.396240, -0.849121, -9.216310, 10.070800, 27.954100,Cycling
4669540, 0.375000, -0.365967, -0.788208, -4.699708, 6.591796, 26.000970,Cycling
4669560, 0.289307, -0.381470, -0.807495, -3.234863, 3.540038, 25.451652,Cycling
4669580, 0.198975, -0.450317, -0.792236, -4.089356, 3.784179, 26.916500,Cycling
4669600, 0.145508, -0.502930, -0.786499, -14.404296, 10.803220, 29.113768,Cycling
4669620, 0.405640, -0.363037, -0.715088, -10.559080, -0.183105, 23.437492,Cycling
4669640, 0.165039, -0.402710, -0.988159, -21.057124, 7.751464, 21.911620,Cycling
4669660, 0.226196, -0.447998, -0.820312, -24.291990, 8.117676, 26.367180,Cycling
4669680, 0.207153, -0.239868, -0.851807, -23.315424, 3.784179, 27.526850,Cycling
4669700, 0.308838, -0.238525, -0.960449, -20.385740, 7.629394, 26.611320,Cycling
4669720, 0.254761, -0.264404, -1.000610, -17.456060, 7.751464, 22.644040,Cycling
4669740, 0.143677, -0.303833, -0.985962, -20.874020, 5.493162, 22.766110,Cycling
4669760, 0.226440, -0.220947, -0.967774, -24.902340, 10.375976, 20.507810,Cycling
4669780, 0.258789, -0.334961, -0.963013, -28.198240, 6.469726, 19.104010,Cycling
4669800, 0.276245, -0.316162, -0.908570, -26.000970, 12.573240, 18.859868,Cycling
4669820, 0.245483, -0.273316, -0.909058, -21.789548, -0.122070, 20.263670,Cycling
4669840, 0.296265, -0.192749, -1.038818, -14.099120, 3.112792, 22.399900,Cycling
4669860, 0.299561, -0.258057, -0.946533, -11.962890, 5.554198, 26.672360,Cycling
4669880, 0.285522, -0.238281, -0.982666, -7.629394, 7.446288, 27.038570,Cycling
4669900, 0.270386, -0.232178, -0.866333, -4.821778, 7.385252, 28.442380,Cycling
4669920, 0.187378, -0.280274, -0.851074, -3.479003, 3.173828, 28.991692,Cycling
4669940, 0.228027, -0.226563, -0.859375, -2.746581, 9.277344, 28.686520,Cycling
4669960, 0.144775, -0.269409, -0.896484, -5.371092, 0.732422, 25.939940,Cycling
4669980, 0.160645, -0.346680, -0.928101, -9.948730, 3.173828, 26.062010,Cycling
4670000, 0.239746, -0.349976, -1.082764, -10.314940, -0.732422, 22.888180,Cycling
4670020, 0.239624, -0.381226, -0.868408, -10.253904, -7.873534, 22.827140,Cycling
4670040, 0.319336, -0.326416, -0.821778, -7.629394, -13.061520, 24.291990,Cycling
4670060, 0.258057, -0.264404, -0.969238, -2.014160, -17.150880, 19.042970,Cycling
4670080, 0.242554, -0.350464, -1.005005, -0.305176, -13.122556, 17.028810,Cycling
4670100, 0.264160, -0.315918, -0.962769, 6.835936, -13.305660, 14.221190,Cycling
4670120, 0.277954, -0.234497, -0.765869, 15.380856, -26.428220, 8.178714,Cycling
4670140, 0.157715, -0.260498, -0.877442, 10.253904, -30.273430, 6.958006,Cycling
4670160, 0.145996, -0.322754, -0.970215, 10.192870, -12.145992, 6.042480,Cycling
4670180, 0.148926, -0.423584, -0.971436, 5.615234, -4.150392, 11.108396,Cycling
4670200, 0.218994, -0.343384, -0.889282, 12.939450, -0.610352, 15.075680,Cycling
4670220, 0.238647, -0.315430, -0.788086, 19.409180, -9.582520, 13.732908,Cycling
4670240, 0.046143, -0.407593, -0.914185, 15.686032, 0.183105, 14.465330,Cycling
4670260, 0.118042, -0.443848, -1.032959, 16.052250, 15.686032, 17.028810,Cycling
4670280, 0.280396, -0.371338, -0.872314, 17.028810, 11.657712, 20.751950,Cycling
4670300, 0.279663, -0.496460, -0.731445, 19.104010, -5.187988, 14.465330,Cycling
4670320, 0.159180, -0.441895, -0.877320, 10.314940, -10.070800, 11.535644,Cycling
4670340, 0.148438, -0.440064, -0.957398, 8.056642, -12.451170, 12.329100,Cycling
4670360, 0.121826, -0.439453, -0.763672, -1.525878, -18.066410, 13.366696,Cycling
4670380, 0.129639, -0.446289, -0.701660, -14.709470, -20.080560, 11.535644,Cycling
4670400, 0.018188, -0.475586, -0.709229, -22.705070, -11.718748, 9.094240,Cycling
4670420, 0.141235, -0.476074, -0.866333, -20.568840, -2.258301, 18.249516,Cycling
4670460, 0.314209, -0.273438, -0.857666, -13.610836, 1.403808, 23.559568,Cycling
4670480, 0.216919, -0.423584, -0.929566, -8.361816, -7.629394, 18.981940,Cycling
4670500, 0.366455, -0.455444, -0.847900, -1.098633, -5.676268, 17.700200,Cycling
4670520, 0.262451, -0.370850, -0.888672, -0.732422, -11.169430, 15.502928,Cycling
4670540, 0.214111, -0.221924, -0.907959, 1.831054, -11.352536, 14.892576,Cycling
4670560, 0.046265, -0.387085, -0.931274, -0.244141, -12.817380, 10.620116,Cycling
4670580, 0.097412, -0.487183, -0.950073, -4.577638, -4.943848, 12.084960,Cycling
4670600, 0.074463, -0.454590, -0.998413, -8.361816, -7.995604, 12.390136,Cycling
4670620, 0.133545, -0.326782, -0.930298, -8.789064, -14.038084, 13.122556,Cycling
4670640, 0.149292, -0.367920, -0.956177, -8.666994, -15.991210, 9.216310,Cycling
4670660, 0.057251, -0.376709, -0.953858, -5.187988, -21.911620, 8.728030,Cycling
4670680, 0.186890, -0.348755, -0.988037, -2.502442, -9.460450, 10.681150,Cycling
4670700, 0.140137, -0.340820, -0.894531, 1.892090, -13.183590, 10.375976,Cycling
4670720, 0.188965, -0.369873, -0.808228, 1.037598, -12.573240, 9.521484,Cycling
4670740, 0.063965, -0.450440, -0.885620, 1.098633, -18.249516, 4.821778,Cycling
4670760, 0.131348, -0.383667, -0.770386, 4.882814, -23.742670, 4.150392,Cycling
4670780, 0.118774, -0.457520, -0.843018, 1.831054, -20.751950, 1.708984,Cycling
4670800, 0.034668, -0.566895, -0.761597, -2.258301, -31.982420, -0.976562,Cycling
4670820, -0.028564, -0.657593, -0.836792, -10.070800, -39.550780, -2.075196,Cycling
4670840, -0.048950, -0.515747, -0.754639, -6.042480, -47.546380, 2.563476,Cycling
4670860, -0.104736, -0.478027, -1.000488, -1.525878, -40.893540, 4.699708,Cycling
4670880, 0.217407, -0.472900, -0.645508, -7.995604, -56.945790, 1.586914,Cycling
4670900, -0.017334, -0.685791, -0.755493, -8.483890, -76.904300, -9.277344,Cycling
4670920, -0.000977, -0.426880, -0.860230, -10.070800, -75.561540, -6.530760,Cycling
4670940, -0.013916, -0.423462, -0.920898, 0.732422, -50.903310, -13.916012,Cycling
4670960, -0.143921, -0.452271, -0.802246, 12.878416, -63.659660, -17.517090,Cycling
4670980, -0.034912, -0.512085, -0.879639, 9.704590, -52.185050, -17.761230,Cycling
4671000, 0.064575, -0.456909, -0.917358, 6.530760, -51.330560, -14.404296,Cycling
4671020, 0.077515, -0.373047, -0.884033, 6.042480, -57.373040, -11.962890,Cycling
4671040, -0.117065, -0.311524, -0.931030, 6.286620, -58.898920, -8.972170,Cycling
4671060, -0.187744, -0.393433, -0.918823, 0.061035, -54.443350, -11.413570,Cycling
4671080, -0.123413, -0.400513, -0.938721, -9.338380, -53.466780, -16.174320,Cycling
4671100, -0.250610, -0.400146, -0.908692, -9.704590, -66.711440, -16.662600,Cycling
4671120, -0.236328, -0.352295, -0.920166, -13.000484, -65.612800, -16.540530,Cycling
4671140, -0.145630, -0.293335, -0.966309, -16.601568, -58.166500, -16.418460,Cycling
4671160, -0.190674, -0.306274, -0.956177, -19.226080, -55.480940, -24.475090,Cycling
4671180, -0.008545, -0.175781, -1.086182, -19.531250, -42.236320, -25.512690,Cycling
4671200, -0.092773, -0.179321, -1.258179, -16.479492, -23.620600, -27.587884,Cycling
4671220, -0.002441, -0.141113, -1.285644, -14.465330, -2.258301, -24.780270,Cycling
4671240, 0.160522, -0.024536, -1.105835, -10.559080, 10.620116, -24.108880,Cycling
4671260, -0.121582, -0.177368, -1.077881, -6.896972, 22.827140, -32.043460,Cycling
4671280, -0.066528, -0.246826, -0.972046, -0.915527, 6.530760, -28.381340,Cycling
4671300, -0.461182, -0.398071, -0.869141, 2.685546, 0.549316, -27.770990,Cycling
4671320, -0.452026, -0.449219, -0.805786, 4.028321, -20.385740, -23.864740,Cycling
4671340, -0.588623, -0.495361, -0.824097, 3.906249, -38.024910, -23.925780,Cycling
4671360, -0.339966, -0.413574, -0.850342, 0.061035, -38.269050, -22.949216,Cycling
4671380, -0.195801, -0.366455, -0.811768, 0.061035, -36.743170, -20.263670,Cycling
4671400, -0.116699, -0.395752, -0.719849, 1.708984, -45.654280, -22.338860,Cycling
4671420, -0.162354, -0.348511, -0.932984, -3.967285, -36.193860, -27.038570,Cycling
4671440, -0.113892, -0.381348, -0.915039, -3.234863, -33.630380, -30.456540,Cycling
4671460, -0.182251, -0.404907, -0.866699, -0.610352, -34.790040, -28.320310,Cycling
4671480, -0.137695, -0.376221, -0.779785, 1.220704, -34.118660, -24.841304,Cycling
4671500, -0.248047, -0.390625, -0.873535, 0.244141, -29.479976, -25.878900,Cycling
4671520, -0.316284, -0.444092, -0.912476, 0.854492, -27.099608, -26.245110,Cycling
4671540, -0.383545, -0.453369, -0.867798, 2.319336, -33.630380, -25.878900,Cycling
4671560, -0.421509, -0.450440, -0.843994, -0.610352, -36.926280, -24.047850,Cycling
4671580, -0.468262, -0.510742, -0.731445, -0.854492, -44.189440, -23.559568,Cycling
4671600, -0.379517, -0.422974, -0.882690, -7.934570, -45.898430, -22.277830,Cycling
4671620, -0.345459, -0.337891, -0.839966, -9.582520, -45.715320, -21.606440,Cycling
4671640, -0.313599, -0.323608, -0.852173, -11.169430, -47.302240, -26.184080,Cycling
4671660, -0.405518, -0.476563, -0.880005, -12.573240, -47.668440, -30.578610,Cycling
4671680, -0.293701, -0.522705, -0.835205, -13.732908, -44.128410, -29.174800,Cycling
4671700, -0.258057, -0.415894, -0.806519, -14.282224, -48.034660, -27.587884,Cycling
4671720, -0.381714, -0.454102, -0.843628, -11.230468, -44.189440, -26.367180,Cycling
4671740, -0.343872, -0.474609, -0.875366, -8.605960, -42.297360, -25.390620,Cycling
4671760, -0.282837, -0.346314, -0.851807, -6.835936, -54.565420, -27.709956,Cycling
4671780, -0.387940, -0.273682, -0.871094, -5.310058, -43.762200, -21.789548,Cycling
4671800, -0.500244, -0.404419, -0.871460, -5.981444, -37.231450, -24.353020,Cycling
4671840, -0.433350, -0.386841, -0.703125, -10.864256, -33.386240, -29.785150,Cycling
4671860, -0.378296, -0.243652, -0.811035, -16.174320, -33.447270, -32.226570,Cycling
4671880, -0.434326, -0.276856, -0.952759, -18.371584, -24.902340, -33.020020,Cycling
4671900, -0.355225, -0.450440, -0.852783, -15.869140, -20.080560, -33.935560,Cycling
4671920, -0.313232, -0.511963, -0.875977, -15.014646, -10.498044, -31.005852,Cycling
4672020, -0.616577, -0.427734, -0.652832, -18.371584, -28.198240, -32.531740,Cycling
4672040, -0.534912, -0.662232, -0.671387, -22.521970, -39.306640, -37.902840,Cycling
4672060, -0.414551, -0.600342, -0.514771, -22.888180, -57.617180, -39.245610,Cycling
4672080, -0.448853, -0.459717, -0.620362, -21.423332, -65.673840, -38.085940,Cycling
4672100, -0.380859, -0.433350, -0.821900, -21.911620, -60.119620, -39.672860,Cycling
4672120, -0.463501, -0.582398, -0.785400, -21.118160, -64.331060, -39.367680,Cycling
4672140, -0.261719, -0.577637, -0.665650, -18.188480, -76.538100, -39.611820,Cycling
4672160, -0.369263, -0.396973, -0.702148, -16.174320, -70.068360, -36.682140,Cycling
4672180, -0.586548, -0.464356, -0.626465, -13.427732, -65.979020, -38.452160,Cycling
4672200, -0.824097, -0.417847, -0.896362, -22.094720, -55.297840, -29.846190,Cycling
4672220, -0.332031, -0.334351, -0.586792, -26.489250, -66.528340, -37.231450,Cycling
4672240, -0.587891, -0.285034, -0.862305, -41.320790, -53.588860, -32.592780,Cycling
4672260, -0.604614, -0.533081, -0.612671, -48.278800, -58.349600, -36.010750,Cycling
4672280, -0.690308, -0.402954, -0.567505, -45.593250, -66.894540, -30.822750,Cycling
4672300, -0.815064, -0.404175, -0.535522, -42.663560, -64.575200, -30.822750,Cycling
4672320, -0.773682, -0.498169, -0.741699, -44.738760, -61.462400, -29.296870,Cycling
4672340, -0.718262, -0.491211, -0.562134, -46.752920, -64.575200, -26.428220,Cycling
4672360, -0.785645, -0.346924, -0.537720, -34.301760, -66.345240, -18.066410,Cycling
4672380, -0.660400, -0.158691, -1.001831, -31.860350, -60.974110, -15.991210,Cycling
4672400, -0.386353, -0.239502, -1.216797, -41.015620, -48.950180, -19.165040,Cycling
4672420, -0.039673, -0.462524, -1.182984, -41.992180, -24.230950, -23.986810,Cycling
4672440, -0.475220, -0.407349, -1.069458, -41.381820, 13.793944, -19.714360,Cycling
4672460, -0.578247, -0.384888, -1.312134, -63.903800, 45.349110, -27.038570,Cycling
4672540, -0.576904, -0.033081, -1.237793, -66.284200, 91.491680, -27.282710,Cycling
4672560, -0.630615, -0.153076, -0.813232, -55.786120, 63.964840, -26.062010,Cycling
4672580, -0.710327, -0.299194, -0.490234, -35.827640, 44.372550, -22.094720,Cycling
4672600, -0.944824, -0.242798, -0.439819, -17.822270, 48.767080, -14.221190,Cycling
4672620, -0.663452, -0.035034, -0.641236, -7.934570, 53.344720, -9.033204,Cycling
4672640, -0.623413, -0.217651, -0.821167, -3.479003, 52.001940, -3.906249,Cycling
4672660, -0.024292, -0.263428, -0.766602, 0.610352, 38.208020, -11.413570,Cycling
4672680, -0.537110, -0.350586, -0.964356, -0.244141, 44.982900, -15.686032,Cycling
4672700, -0.437622, -0.436401, -0.720581, -1.892090, 57.617180, -20.874020,Cycling
4672800, -0.768066, -0.777832, -0.322510, -0.671386, -2.807617, -29.602044,Cycling
4672820, -0.551392, -0.738404, -0.601685, -5.065916, -32.165540, -28.869624,Cycling
4672840, -0.191406, -0.603882, -0.685303, -11.352536, -49.133290, -35.888680,Cycling
4672860, -0.130005, -0.547486, -0.668945, -26.977532, -56.274400, -35.705570,Cycling
4672880, -0.349854, -0.330200, -0.839600, -34.667980, -23.071284, -29.785150,Cycling
4672900, -0.292725, -0.408325, -0.966187, -40.100100, -19.165040, -38.146980,Cycling
4672920, -0.504028, -0.538940, -0.659302, -44.616690, -36.987310, -44.128410,Cycling
4672940, -0.482178, -0.566650, -0.840576, -55.358880, -45.532220, -45.471180,Cycling
4672960, -0.587402, -0.434204, -0.740234, -47.973620, -54.809560, -34.057620,Cycling
4672980, -0.504761, -0.162598, -0.972290, -47.119130, -59.692380, -31.494136,Cycling
4673000, -0.444092, -0.142456, -0.958374, -81.848140, -105.529760, -32.714850,Cycling
4673020, -0.329102, -0.198364, -1.034790, -32.958990, -79.650900, -39.123540,Cycling
4673040, -0.387329, -0.119995, -1.136719, 15.319820, -95.581040, -45.715320,Cycling
4673060, -0.274902, -0.049438, -0.964966, -28.625480, -41.564930, -44.433580,Cycling
4673080, -0.508301, 0.014771, -0.891480, -33.386240, -28.930660, -38.513190,Cycling
4673100, -0.591187, -0.350708, -1.018066, -33.325200, 0.854492, -35.888680,Cycling
4673120, -0.459473, -0.353027, -0.831055, -35.949720, 2.014160, -31.738280,Cycling
4673140, -0.503784, -0.288940, -0.794678, -36.804200, -6.896972, -28.442380,Cycling
4673160, -0.511719, -0.213379, -0.924683, -35.644540, -4.516602, -21.484370,Cycling
4673180, -0.404663, -0.192261, -1.145264, -26.123040, -20.507810, -16.479492,Cycling
4673200, -0.598267, -0.234131, -0.855591, -17.944340, -30.639640, -12.023924,Cycling
4673220, -0.631348, -0.165039, -0.865479, -19.653320, -3.845214, -7.995604,Cycling
4673240, -0.480591, -0.153076, -0.989624, -22.277830, 2.014160, -10.375976,Cycling
4673260, -0.589112, -0.262695, -0.964966, -15.258788, 4.150392, -13.610836,Cycling
4673280, -0.489746, -0.304810, -0.865479, -5.310058, -11.230468, -21.850580,Cycling
4673300, -0.554321, -0.356567, -0.750244, -5.798338, -20.324700, -26.611320,Cycling
4673320, -0.589478, -0.408325, -0.719238, -7.446288, -13.610836, -26.916500,Cycling
4673340, -0.298828, -0.426148, -0.654419, -12.145992, -5.981444, -28.686520,Cycling
4673360, -0.279175, -0.270996, -0.747925, -27.893060, -10.375976, -38.757330,Cycling
4673380, -0.384522, -0.168701, -0.842896, -16.235352, -4.211426, -36.254890,Cycling
4673400, -0.428833, -0.228394, -0.894409, -16.296390, -4.272462, -30.090330,Cycling
4673420, -0.284668, -0.262817, -0.962769, -15.991210, -9.887696, -28.991692,Cycling
4673440, -0.526123, -0.463623, -0.760864, -12.817380, -15.563964, -22.399900,Cycling
4673460, -0.420898, -0.499878, -0.652466, -15.319820, -25.146480, -28.747552,Cycling
4673480, -0.733887, -0.260742, -0.711182, -20.324700, -39.489750, -29.357908,Cycling
4673500, -0.601440, -0.123779, -0.667847, -15.747068, -37.475590, -30.639640,Cycling
4673520, -0.496460, -0.168579, -0.808472, -8.178714, -51.330560, -31.311030,Cycling
4673540, -0.626709, -0.431152, -0.733643, -8.361816, -53.527820, -32.531740,Cycling
4673560, -0.521240, -0.358765, -0.651489, -19.165040, -51.940910, -41.137680,Cycling
4673580, -0.635010, -0.250122, -0.815918, -21.789548, -48.461900, -38.574220,Cycling
4673600, -0.448608, -0.332031, -0.816895, -23.132320, -44.372550, -39.855960,Cycling
4673620, -0.554810, -0.328613, -0.899414, -26.855464, -38.757330, -39.794920,Cycling
4673640, -0.580566, -0.276245, -0.839844, -26.306150, -35.278320, -41.564930,Cycling
4673660, -0.565064, -0.246704, -0.802246, -24.597160, -33.142100, -40.100100,Cycling
4673680, -0.698120, -0.354004, -0.727051, -16.235352, -30.395500, -34.545900,Cycling
4673700, -0.562012, -0.171631, -0.811402, -26.000970, -20.935052, -31.860350,Cycling
4673720, -0.693482, -0.286011, -0.742798, -23.437492, -31.433100, -32.714850,Cycling
4673740, -0.501953, -0.347046, -0.736694, -39.489750, -35.156260, -40.344230,Cycling
4673760, -0.698486, -0.320557, -0.635376, -35.400400, -41.137680, -37.353520,Cycling
4673780, -0.639771, -0.165283, -0.765137, -34.606940, -25.268550, -27.099608,Cycling
4673800, -0.543823, -0.281738, -0.740845, -38.696300, -22.094720, -32.653820,Cycling
4673820, -0.571900, -0.278809, -0.649780, -35.339360, -39.855960, -35.156260,Cycling
4673840, -0.711548, -0.218872, -0.925537, -43.151840, -31.372068, -34.362800,Cycling
4673860, -0.838623, -0.357300, -0.762451, -39.245610, -22.766110, -35.766600,Cycling
4673880, -0.448486, -0.114380, -0.696533, -42.968740, -18.310550, -38.024910,Cycling
4673900, -0.452393, 0.104004, -0.989258, -44.677720, -23.864740, -39.489750,Cycling
4673920, -0.705566, -0.313843, -1.082398, -30.151360, -25.085448, -39.672860,Cycling
4673940, -0.655274, -0.524414, -0.743408, -41.931140, 3.662109, -42.602530,Cycling
4673960, -0.794312, -0.014648, -0.912354, -38.635260, 7.385252, -26.245110,Cycling
4673980, -0.522827, 0.052734, -0.886841, -30.639640, 5.615234, -29.663080,Cycling
4674000, -0.739624, -0.341309, -1.109131, -24.536130, 16.052250, -20.874020,Cycling
4674020, -0.459229, -0.181397, -0.736816, -37.048340, 32.836920, -20.935052,Cycling
4674040, -0.539185, -0.067871, -0.643677, -31.188960, 16.418460, -22.460930,Cycling
4674060, -0.651978, 0.152222, -1.089478, -39.306640, 25.451652, -22.338860,Cycling
4674080, -0.606323, -0.271240, -1.246094, -32.470710, 34.118660, -28.808590,Cycling
4674100, -0.388916, -0.201538, -0.575806, -36.682140, 49.682610, -29.418940,Cycling
4674120, -0.690674, -0.297852, -0.454956, -26.306150, 33.874520, -19.470220,Cycling
4674140, -0.751709, -0.199585, -0.783936, -29.113768, 36.071780, -12.207030,Cycling
4674160, -0.629761, -0.151855, -0.926636, -26.306150, 44.006340, -11.962890,Cycling
4674180, -0.498291, -0.061523, -0.675659, -27.282710, 45.959460, -18.798830,Cycling
4674200, -0.456787, -0.035034, -0.698608, -23.071284, 29.296870, -26.794430,Cycling
4674220, -0.237183, 0.046997, -0.790528, -16.967780, 24.475090, -30.822750,Cycling
4674240, -0.557129, -0.511353, -1.132935, -6.835936, 28.747552, -24.841304,Cycling
4674260, -0.251953, -0.328247, -0.828247, -28.625480, 68.969740, -15.747068,Cycling
4674280, -0.344971, 0.127319, -0.690552, -5.065916, 61.767570, 0.488281,Cycling
4674300, -0.701050, -0.243408, -0.936524, -6.347656, 70.495620, -7.812498,Cycling
4674320, -0.429199, -0.251953, -0.849976, -9.704590, 68.054200, -15.808104,Cycling
4674340, -0.770874, -0.562134, -0.762085, -4.760742, 50.598140, -24.963376,Cycling
4674360, -0.474243, -0.340332, -0.664429, -13.305660, 35.583500, -14.953610,Cycling
4674380, -0.462158, -0.224609, -0.651367, -5.676268, 28.198240, -13.305660,Cycling
4674400, -0.350952, -0.370972, -0.568482, 3.906249, 5.554198, -14.953610,Cycling
4674420, -0.511108, -0.279053, -0.898071, -5.310058, 3.601074, -7.812498,Cycling
4674440, -0.108154, -0.358032, -0.791138, -3.906249, 3.601074, -22.521970,Cycling
4674460, -0.129517, -0.425415, -0.915039, -7.995604, -9.155274, -27.282710,Cycling
4674480, -0.105225, -0.300659, -1.022583, -14.160152, -5.920409, -30.212400,Cycling
4674500, -0.034058, -0.095825, -1.063599, -9.948730, -4.272462, -33.813480,Cycling
4674520, -0.013062, -0.161621, -1.239868, -2.502442, 7.934570, -30.944820,Cycling
4674540, -0.054688, -0.232300, -1.159058, -1.403808, 22.521970, -26.123040,Cycling
4674560, -0.227661, -0.249268, -0.951904, 5.737304, 17.883300, -20.141600,Cycling
4674580, -0.358887, -0.210083, -1.020508, 1.098633, 18.554690, -14.831540,Cycling
4674600, -0.483032, -0.157227, -0.827148, 4.516602, 2.685546, -11.108396,Cycling
4674620, -0.738892, -0.356445, -0.643677, 5.065916, -12.451170, -18.371584,Cycling
4674640, -0.595337, -0.422852, -0.627686, -1.220704, -30.334470, -20.690910,Cycling
4674660, -0.699707, -0.487671, -0.602905, -2.990722, -22.827140, -18.432620,Cycling
4674680, -0.616944, -0.540405, -0.619873, -9.704590, -32.287600, -18.981940,Cycling
4674700, -0.361206, -0.502930, -0.633667, -11.962890, -32.836920, -26.550290,Cycling
4674720, -0.223633, -0.386719, -0.917847, -18.432620, -33.081060, -28.564450,Cycling
4674740, -0.127686, -0.465576, -0.707520, -11.901852, -37.658700, -35.766600,Cycling
4674760, -0.106934, -0.436524, -0.739868, -11.047360, -42.297360, -40.832510,Cycling
4674780, -0.103516, -0.373047, -0.881592, -6.652830, -41.992180, -38.574220,Cycling
4674800, -0.180542, -0.557862, -0.878906, -6.958006, -39.611820, -38.391120,Cycling
4674820, -0.371948, -0.530518, -0.730713, -4.577638, -61.584460, -39.489750,Cycling
4674840, -0.367432, -0.347900, -0.776856, -2.990722, -63.049300, -41.503900,Cycling
4674860, -0.588013, -0.343872, -0.869385, -1.342773, -75.744640, -40.771480,Cycling
4674880, -0.549072, -0.501099, -0.742310, -1.770019, -81.787100, -43.151840,Cycling
4674900, -0.616089, -0.445190, -0.723389, -7.629394, -82.214340, -43.090810,Cycling
4674920, -0.625732, -0.327026, -0.765137, -13.793944, -73.059100, -41.992180,Cycling
4674940, -0.601562, -0.294922, -0.738770, -21.179192, -72.937020, -43.273920,Cycling
4674960, -0.595703, -0.317749, -0.714356, -29.296870, -70.556640, -48.522940,Cycling
4674980, -0.624390, -0.387817, -0.699951, -34.179700, -63.110340, -59.448240,Cycling
4675000, -0.643188, -0.480225, -0.801636, -33.508300, -60.424800, -60.485830,Cycling
4675020, -0.522339, -0.325806, -0.907959, -32.470710, -50.781240, -59.753410,Cycling
4675040, -0.463989, -0.378174, -0.715332, -28.686520, -56.579580, -63.659660,Cycling
4675060, -0.521851, -0.436890, -0.795898, -26.428220, -63.537590, -66.162120,Cycling
4675100, -0.681641, -0.383179, -0.667114, -14.160152, -72.143560, -57.434080,Cycling
4675360, -0.665039, -0.303833, -0.902344, -59.387200, 43.029780, -28.808590,Cycling
4675380, -0.676514, -0.384888, -0.541748, -47.363270, 32.531740, -24.230950,Cycling
4675400, -0.875488, -0.364624, -0.783081, -39.672860, 41.809080, -14.160152,Cycling
4675420, -0.748657, -0.473755, -0.551636, -34.973150, 37.902840, -11.474608,Cycling
4675440, -0.585205, -0.193726, -0.606201, -28.686520, 20.996090, -17.517090,Cycling
4675460, -0.563232, -0.072510, -0.819458, -27.526850, 26.000970, -18.493652,Cycling
4675480, -0.370728, -0.297608, -0.603882, -22.094720, 19.042970, -19.165040,Cycling
4675500, -0.509888, -0.454590, -0.724976, -18.798830, 21.179192, -20.690910,Cycling
4675520, -0.490356, -0.197144, -0.885254, -19.714360, 18.676760, -23.071284,Cycling
4675540, -0.318726, -0.130615, -0.748535, -21.484370, 20.080560, -27.221676,Cycling
4675560, -0.433716, -0.364990, -0.678589, -19.531250, 21.728510, -30.517570,Cycling
4675580, -0.576782, -0.569702, -0.679566, -20.202630, 18.249516, -31.677240,Cycling
4675600, -0.594482, -0.498047, -0.666504, -17.639160, 7.690428, -30.761716,Cycling
4675620, -0.573853, -0.429077, -0.720703, -12.207030, 5.004884, -24.658200,Cycling
4675640, -0.418579, -0.398193, -0.781372, -4.882814, -2.685546, -21.362300,Cycling
4675660, -0.506348, -0.423950, -0.800415, -3.662109, -6.042480, -18.676760,Cycling
4675680, -0.454224, -0.358887, -0.786255, -8.239746, -10.559080, -25.573724,Cycling
4675700, -0.480713, -0.251831, -0.812134, -12.390136, -13.366696, -27.709956,Cycling
4675720, -0.541992, -0.214355, -0.898316, -11.718748, -6.164550, -24.047850,Cycling
4675740, -0.411133, -0.342285, -0.790161, -8.422854, -4.333496, -19.714360,Cycling
4675760, -0.495728, -0.270752, -0.893555, -10.253904, -6.835936, -22.216790,Cycling
4675780, -0.415039, -0.241577, -0.990723, -17.517090, -1.770019, -23.498530,Cycling
4675800, -0.406982, -0.303711, -0.829224, -17.761230, 3.906249, -21.911620,Cycling
4675820, -0.456909, -0.310791, -0.744629, -11.108396, -2.197266, -16.296390,Cycling
4675840, -0.462524, -0.207520, -0.996826, -8.972170, 10.192870, -11.962890,Cycling
4675860, -0.362061, -0.177246, -0.978882, -8.178714, 13.061520, -8.361816,Cycling
4675880, -0.258301, -0.105835, -1.114502, -6.958006, 23.986810, -7.202148,Cycling
4675900, -0.318115, -0.087280, -1.210816, -7.263182, 39.184580, -1.770019,Cycling
4675920, -0.253418, -0.105713, -1.038574, -6.652830, 39.672860, 2.197266,Cycling
4675940, -0.417969, -0.157593, -1.145142, -8.666994, 52.551260, 0.915527,Cycling
4676040, -0.480835, -0.216553, -0.895142, -14.160152, 48.095700, 8.422854,Cycling
4676060, -0.392578, -0.307861, -0.873779, -13.916012, 56.396480, 9.643556,Cycling
4676080, -0.243652, -0.177246, -0.885132, -12.817380, 46.264640, 7.995604,Cycling
4676100, -0.300781, -0.308472, -0.986572, -12.207030, 61.584460, 5.310058,Cycling
4676140, -0.342407, -0.367432, -0.875854, -4.272462, 55.419910, 3.662109,Cycling
4676160, -0.212402, -0.234619, -0.887818, -2.014160, 50.964340, 6.225584,Cycling
4676180, -0.233521, -0.328003, -0.787842, 3.540038, 43.212880, 6.103514,Cycling
4676200, -0.285522, -0.359863, -0.953858, 1.037598, 42.968740, 2.075196,Cycling
4676220, -0.212647, -0.392090, -0.825440, 0.793457, 41.320790, -0.366211,Cycling
4676240, -0.298218, -0.302002, -0.816406, 0.427246, 27.160640, 3.173828,Cycling
4676260, -0.240845, -0.288208, -0.917358, -1.403808, 30.273430, 1.953124,Cycling
4676280, -0.241821, -0.424072, -0.823608, -2.746581, 26.611320, -1.342773,Cycling
4676300, -0.212158, -0.555542, -0.702026, -3.417968, 14.282224, -4.333496,Cycling
4676320, -0.275391, -0.481201, -0.833008, -4.943848, 1.831054, -5.676268,Cycling
4676340, -0.250488, -0.583984, -0.765869, -1.708984, 2.441407, -10.375976,Cycling
4676360, -0.213745, -0.559204, -0.649658, -3.784179, -18.371584, -10.864256,Cycling
4676380, -0.091919, -0.465820, -0.700318, -5.004884, -36.376960, -12.817380,Cycling
4676420, -0.110718, -0.543579, -0.775879, -11.169430, -44.128410, -14.770504,Cycling
4676460, -0.098022, -0.410278, -0.795532, -17.211920, -47.790520, -14.709470,Cycling
4676480, -0.251099, -0.418335, -0.928345, -13.916012, -51.086420, -14.038084,Cycling
4676520, -0.210815, -0.288452, -0.886475, -14.099120, -56.213370, -16.174320,Cycling
4676540, -0.351807, -0.218628, -0.930298, -8.422854, -52.673330, -18.371584,Cycling
4676560, -0.260376, -0.313477, -0.892456, -4.577638, -53.710930, -17.517090,Cycling
4676580, -0.321777, -0.303101, -1.038940, -8.422854, -50.048820, -14.160152,Cycling
4676600, -0.219605, -0.213501, -1.000122, -6.408690, -43.395980, -8.666994,Cycling
4676620, -0.217163, -0.105957, -0.985596, -2.197266, -40.161120, -11.108396,Cycling
4676640, -0.423096, -0.298950, -1.109620, -8.300784, -28.869624, -15.136716,Cycling
4676660, -0.145020, -0.239868, -0.982788, -17.578130, -20.202630, -20.812980,Cycling
4676680, -0.311401, -0.177246, -1.034790, -21.179192, -29.724120, -16.967780,Cycling
4676700, -0.348389, -0.139404, -0.990967, -18.005376, -17.150880, -21.301268,Cycling
4676720, -0.250732, -0.265747, -0.817017, -13.427732, -21.972650, -25.329584,Cycling
4676740, -0.378540, 0.008057, -1.074463, -13.977050, -20.202630, -13.305660,Cycling
4676760, -0.360718, -0.070435, -1.047120, -12.268064, -1.403808, -17.944340,Cycling
4676780, -0.243530, -0.234375, -0.887329, -12.756344, -7.751464, -26.916500,Cycling
4676900, -0.324341, -0.184570, -0.971924, -8.789064, 2.624511, -15.686032,Cycling
4676920, -0.389893, -0.120239, -0.939209, -5.126952, -2.380371, -17.333990,Cycling
4676940, -0.384033, -0.130493, -0.980103, -1.831054, -0.549316, -20.751950,Cycling
4676960, -0.408691, -0.157959, -0.969604, 1.770019, 1.892090, -22.949216,Cycling
4676980, -0.361084, -0.185059, -0.949707, -1.037598, 4.943848, -22.277830,Cycling
4677000, -0.369751, -0.288330, -0.884033, 0.610352, 6.408690, -24.230950,Cycling
4677020, -0.293823, -0.416992, -0.836304, -0.793457, 2.929687, -25.329584,Cycling
4677040, -0.356079, -0.258911, -0.924194, -3.479003, 5.249022, -11.230468,Cycling
4677060, -0.330933, -0.163574, -0.848022, -4.150392, 7.873534, -9.338380,Cycling
4677100, -0.339111, -0.249268, -0.937256, -5.310058, 6.958006, -11.108396,Cycling
4677120, -0.313110, -0.260864, -0.845337, -7.446288, 7.385252, -8.728030,Cycling
4677140, -0.297974, -0.145630, -0.914185, -8.666994, 6.774902, -3.723144,Cycling
4677160, -0.222046, -0.122314, -0.963501, -6.469726, 10.253904, -4.455568,Cycling
4677200, -0.141235, 0.014038, -1.130127, -15.686032, 14.648436, -8.789064,Cycling
4677280, -0.194946, -0.076904, -0.887451, -9.216310, 19.287110, -21.057124,Cycling
4677300, -0.261475, -0.051270, -1.055908, -9.277344, 15.563964, -16.662600,Cycling
4677320, -0.504517, -0.202759, -1.064820, -2.685546, 32.592780, -17.028810,Cycling
4677340, -0.383301, -0.296021, -0.930420, -9.216310, 35.827640, -14.770504,Cycling
4677360, -0.357910, -0.178833, -0.876587, -7.202148, 30.578610, -7.568358,Cycling
4677380, -0.312622, -0.141968, -0.802856, -5.737304, 29.785150, -4.333496,Cycling
4677400, -0.395508, -0.202637, -0.820923, 5.126952, 29.235832, -4.760742,Cycling
4677420, -0.374634, -0.377686, -0.835449, 7.507323, 24.780270, -1.342773,Cycling
4677440, -0.371460, -0.381104, -0.789551, 9.704590, 23.132320, 2.197266,Cycling
4677460, -0.185913, -0.347168, -0.784302, 6.042480, 11.352536, 4.760742,Cycling
4677480, -0.040527, -0.283081, -0.801392, 2.807617, 6.286620, -6.835936,Cycling
4677500, 0.181519, -0.070190, -0.970337, -2.868652, 9.033204, -13.977050,Cycling
4677520, 0.058960, -0.000732, -1.144898, 7.934570, 29.113768, -12.756344,Cycling
4677540, 0.038086, -0.136963, -1.222290, 11.840818, 52.429190, -7.507323,Cycling
4677560, -0.029663, -0.119385, -1.163940, 17.150880, 48.583980, -3.112792,Cycling
4677580, -0.213989, -0.267578, -0.979492, 20.202630, 42.236320, -3.051757,Cycling
4677600, -0.135742, -0.148315, -0.910645, 19.531250, 24.169920, -4.211426,Cycling
4677620, -0.342285, -0.295166, -0.918213, 19.836430, 14.526364, -2.807617,Cycling
4677660, -0.336182, -0.217773, -0.963989, 17.944340, 8.117676, -5.249022,Cycling
4677700, -0.007202, -0.107910, -0.894165, 15.441892, 19.653320, -1.342773,Cycling
4677720, -0.251953, -0.276856, -1.100464, 15.624996, 34.362800, 1.647949,Cycling
4677760, -0.104858, -0.377075, -1.029175, 6.042480, 34.790040, 3.295898,Cycling
4677780, 0.069702, -0.397705, -0.816772, 13.366696, 35.522460, 4.211426,Cycling
4677800, -0.138550, -0.354614, -0.841064, 12.695310, 29.418940, 0.732422,Cycling
4677820, -0.198242, -0.516724, -0.832154, 14.221190, 16.601568, -0.732422,Cycling
4677840, -0.252808, -0.371948, -0.811768, 13.244628, 29.357908, 1.220704,Cycling
4677860, -0.068604, -0.459351, -0.829956, 10.437010, 20.751950, 11.352536,Cycling
4677880, -0.074951, -0.537842, -0.877442, 15.747068, 25.573724, 12.451170,Cycling
4677900, -0.011353, -0.637695, -0.833862, 11.962890, 12.145992, 12.878416,Cycling
4677920, 0.060303, -0.520020, -0.742676, 3.479003, -10.437010, 13.305660,Cycling
4677940, -0.031128, -0.489258, -0.861206, -2.075196, -7.873534, 15.136716,Cycling
4677980, 0.068115, -0.243897, -0.935303, -2.929687, -15.380856, 11.047360,Cycling
4678080, 0.019287, -0.253174, -0.914917, 8.911134, -3.479003, 8.422854,Cycling
4678100, -0.151123, -0.244385, -1.004883, 6.958006, -2.319336, 10.253904,Cycling
4678120, -0.218262, -0.327759, -1.056396, -0.549316, 7.080076, 14.221190,Cycling
4678140, -0.084839, -0.395142, -0.828491, -3.051757, 0.427246, 13.183590,Cycling
4678160, -0.117554, -0.272095, -0.965576, -2.624511, -4.089356, 10.192870,Cycling
4678180, -0.152100, -0.329590, -0.971558, -4.272462, 2.990722, 5.249022,Cycling
4678200, -0.046997, -0.469727, -0.855225, -5.493162, -3.540038, 8.789064,Cycling
4678220, -0.021729, -0.399658, -0.907227, -5.371092, -2.807617, 11.413570,Cycling
4678240, 0.044678, -0.400269, -0.847900, -6.042480, -13.183590, 10.498044,Cycling
4678260, -0.024902, -0.333984, -0.798584, -4.455568, -15.380856, 6.286620,Cycling
4678280, -0.052979, -0.332031, -0.824951, -4.455568, -16.296390, 1.647949,Cycling
4678300, -0.037231, -0.405518, -0.888428, -3.173828, -12.634276, 0.671386,Cycling
4678320, -0.015869, -0.488770, -0.913818, -6.347656, -9.155274, 1.159668,Cycling
4678340, -0.060791, -0.535645, -0.785522, -9.826660, -23.132320, 1.098633,Cycling
4678360, -0.032959, -0.310791, -0.821778, -8.605960, -28.991692, 3.601074,Cycling
4678380, -0.130981, -0.514160, -1.021606, -9.826660, -21.240230, 0.976562,Cycling
4678400, -0.230713, -1.113038, -1.465942, -30.761716, 10.192870, 8.178714,Cycling
4678420, 0.377930, -0.779785, -0.671753, -31.311030, -27.893060, 21.911620,Cycling
4678440, -0.001587, -0.540161, -0.656982, -13.244628, -39.855960, 26.977532,Cycling
4678460, -0.517334, -0.551026, -1.351929, -16.174320, -37.109380, 27.221676,Cycling
4678560, -0.126221, 0.056763, -0.916382, -3.479003, -25.695796, -14.404296,Cycling
4678580, -0.219849, -0.128418, -0.919922, 5.981444, -17.333990, -6.896972,Cycling
4678600, 0.049072, -0.118896, -0.896484, 7.995604, -8.850100, -6.774902,Cycling
4678620, -0.005005, -0.116577, -0.920044, 5.981444, -15.502928, -9.948730,Cycling
4678640, -0.071045, -0.084106, -0.870362, 4.394532, -12.695310, -9.887696,Cycling
4678660, -0.064697, -0.190918, -0.772095, 1.403808, -6.896972, -14.282224,Cycling
4678680, -0.256226, -0.220459, -0.720215, 0.305176, -14.343260, -16.723632,Cycling
4678700, -0.293335, -0.138916, -0.853882, -3.723144, -4.455568, -15.624996,Cycling
4678720, -0.198486, -0.155029, -0.797608, -5.432128, 0.427246, -14.892576,Cycling
4678740, -0.262329, -0.273193, -0.747559, 1.403808, -7.141112, -12.878416,Cycling
4678760, -0.299316, -0.139404, -0.928467, 2.502442, -10.742184, -10.742184,Cycling
4678780, -0.203491, 0.026611, -0.987427, 5.187988, -10.070800, -12.878416,Cycling
4678800, -0.069824, 0.112061, -0.927002, 9.765626, -1.892090, -17.639160,Cycling
4678820, -0.073364, -0.029785, -1.174561, 12.207030, 13.000484, -18.615724,Cycling
4678840, -0.181152, -0.713135, -1.690186, 0.488281, 44.799800, -13.488768,Cycling
4678860, 0.219971, -0.284546, -1.451294, -5.432128, 59.631340, -3.845214,Cycling
4678880, -0.269531, -0.420288, -1.232910, 4.638672, 57.739250, 6.286620,Cycling
4678900, -0.135254, -0.317261, -1.257446, 7.446288, 41.870110, 22.766110,Cycling
4678920, -0.251709, 0.017090, -1.232056, 10.070800, 38.757330, 23.376460,Cycling
4678940, -0.282349, 0.031738, -1.066650, 11.718748, 32.531740, 15.563964,Cycling
4678960, -0.107056, 0.025513, -1.076416, 5.004884, 33.935560, 9.704590,Cycling
4678980, -0.158936, -0.115845, -1.033692, 4.272462, 31.555170, 0.305176,Cycling
4679000, -0.033447, -0.136108, -0.881958, 2.685546, 27.404780, -0.061035,Cycling
4679020, -0.080688, -0.220703, -0.946167, -0.183105, 37.963880, 2.807617,Cycling
4679040, 0.001953, -0.121094, -0.906860, 1.525878, 35.278320, 3.540038,Cycling
4679060, -0.108521, -0.334351, -0.895996, 4.272462, 30.883784, 0.854492,Cycling
4679080, -0.020996, -0.316895, -0.829468, 0.976562, 26.916500, 7.995604,Cycling
4679100, -0.184937, -0.208008, -0.874634, 3.051757, 18.981940, 11.352536,Cycling
4679120, -0.227051, -0.295044, -0.922241, 5.126952, 30.029290, 8.911134,Cycling
4679140, -0.154053, -0.432373, -0.847168, 2.502442, 33.081060, 12.451170,Cycling
4679160, -0.096558, -0.449585, -0.850220, 1.281738, 18.615724, 18.188480,Cycling
4679180, -0.039063, -0.132202, -0.987671, -1.770019, 22.521970, 21.362300,Cycling
4679200, -0.244751, -0.703125, -1.257690, 5.187988, 54.504380, 9.521484,Cycling
4679220, -0.292969, -1.476440, -0.554566, 4.150392, 19.348150, 19.531250,Cycling
4679240, 0.062012, -0.599243, -0.882690, -7.812498, -8.666994, 31.616208,Cycling
4679260, -0.123047, -0.427856, -1.157837, 1.037598, 14.770504, 27.465816,Cycling
4679280, 0.079712, -0.535400, -0.776245, 16.418460, 6.896972, 18.615724,Cycling
4679300, 0.090576, -0.343872, -0.932373, 19.104010, -2.075196, 20.141600,Cycling
4679320, 0.102417, -0.259277, -0.975464, 28.991692, 6.591796, 20.996090,Cycling
4679340, 0.121704, -0.394165, -0.851562, 34.729010, 9.704590, 21.789548,Cycling
4679360, -0.024048, -0.354492, -0.913086, 33.264160, 2.929687, 20.874020,Cycling
4679380, -0.003784, -0.303589, -0.763428, 34.545900, 1.220704, 21.362300,Cycling
4679400, -0.174194, -0.275146, -0.823730, 25.695796, -1.892090, 22.705070,Cycling
4679420, -0.240845, -0.392090, -0.846802, 18.737796, 5.554198, 20.996090,Cycling
4679440, -0.120361, -0.547608, -0.687134, 2.502442, -4.943848, 14.465330,Cycling
4679460, -0.146606, -0.402466, -0.804444, -15.502928, -15.869140, 11.474608,Cycling
4679480, -0.114136, -0.457520, -0.737183, -23.071284, -9.338380, 11.840818,Cycling
4679500, -0.046387, -0.458130, -0.764404, -31.616208, -16.052250, 11.047360,Cycling
4679520, -0.006226, -0.402344, -0.842652, -32.958990, -19.165040, 4.394532,Cycling
4679540, -0.059326, -0.473022, -0.851685, -34.973150, -24.719230, -0.671386,Cycling
4679560, -0.033936, -0.395264, -0.927368, -32.775880, -25.878900, -4.272462,Cycling
4679580, 0.301148, -0.253662, -0.836792, -24.291990, -18.432620, -3.051757,Cycling
4679600, 0.204346, -0.126465, -0.986328, -13.610836, -15.930172, 4.333496,Cycling
4679620, 0.112793, -0.018311, -1.108887, -9.155274, -2.136231, 2.990722,Cycling
4679640, -0.022217, -0.014893, -1.113038, -3.662109, 3.662109, -2.441407,Cycling
4679660, -0.129883, -0.206909, -0.942749, 1.403808, 7.690428, -6.103514,Cycling
4679680, -0.119385, -0.277588, -0.825684, 4.699708, -2.502442, -0.671386,Cycling
4679700, -0.050293, -0.309570, -0.790894, 5.676268, -6.164550, 6.713866,Cycling
4679720, -0.136963, -0.215698, -0.808106, 1.831054, -19.836430, 12.756344,Cycling
4679740, 0.044922, 0.426514, -1.291382, -33.752440, -21.301268, 9.643556,Cycling
4679760, -0.468384, -0.039673, -0.776367, -1.647949, -15.380856, 3.112792,Cycling
4679780, -0.526123, -0.860108, -0.995972, -20.629880, 2.929687, 10.375976,Cycling
4679800, 0.159424, -1.044312, -1.022095, -22.766110, 16.296390, 2.258301,Cycling
4679820, 0.202515, -1.047364, -1.086060, -47.241200, -9.948730, 8.300784,Cycling
4679840, 0.390503, 0.013550, -0.920044, -35.156260, -21.850580, 16.723632,Cycling
4679860, 0.140869, 0.130737, -1.211914, -5.432128, -37.170420, 3.295898,Cycling
4679880, 0.016724, 0.031250, -1.090942, 10.925290, -6.896972, -14.648436,Cycling
4679900, 0.096924, -0.287232, -1.028076, 20.690910, -6.042480, -18.432620,Cycling
4679920, 0.138062, -0.372070, -0.953980, 24.169920, -0.854492, -12.573240,Cycling
4679940, -0.059814, -0.398193, -0.909790, 28.442380, -4.028321, -3.479003,Cycling
4679960, -0.166870, -0.359009, -0.983887, 24.291990, 3.845214, 3.784179,Cycling
4680000, -0.246338, -0.499756, -0.434570, 8.789064, -4.333496, -4.699708,Cycling
4680020, -0.078735, -0.438965, -0.291382, -3.784179, -51.269520, -2.685546,Cycling
4680040, -0.290772, -0.351196, -0.504639, -17.517090, -78.979500, -5.187988,Cycling
4680060, -0.418823, -0.313965, -0.796387, -25.024410, -74.584960, -2.075196,Cycling
4680080, -0.265503, -0.411499, -0.986084, -33.752440, -56.335440, -25.512690,Cycling
4680100, -0.025146, -0.408814, -0.942993, -24.780270, -51.818840, -22.033690,Cycling
4680120, 0.033447, -0.389282, -1.057251, -17.761230, -43.518060, -10.192870,Cycling
4680140, -0.128174, -0.185059, -1.056274, -9.399414, -43.945300, -0.854492,Cycling
4680160, -0.235596, -0.096924, -1.115356, -5.249022, -38.330080, -3.906249,Cycling
4680180, -0.063354, -0.122437, -1.066894, -0.915527, -27.038570, -10.681150,Cycling
4680200, -0.187012, -0.016113, -1.165528, 4.821778, -27.954100, -9.643556,Cycling
4680220, -0.180786, 0.049683, -1.156250, 3.723144, -22.277830, -8.178714,Cycling
4680240, -0.042969, -0.065186, -0.966064, 1.770019, -33.508300, -17.517090,Cycling
4680260, -0.238403, -0.026611, -1.164062, 5.737304, -45.043940, -21.789548,Cycling
4680280, -0.356323, -0.069702, -1.283692, 3.112792, -20.935052, -23.010250,Cycling
4680300, -0.190186, 0.034912, -1.034180, 5.432128, -11.230468, -16.418460,Cycling
4680320, -0.219605, -0.056274, -1.008545, 0.183105, -19.042970, -14.953610,Cycling
4680340, -0.309814, -0.103760, -1.049316, -0.854492, -15.014646, -18.615724,Cycling
4680360, -0.361694, -0.125610, -1.094238, -4.089356, -6.347656, -17.517090,Cycling
4680380, -0.245483, -0.100952, -0.910156, -8.178714, -2.258301, -16.174320,Cycling
4680400, -0.150147, -0.057129, -0.886719, -2.868652, -6.225584, -13.244628,Cycling
4680420, -0.310547, -0.228760, -0.999756, -0.183105, -9.094240, -11.840818,Cycling
4680440, -0.350952, -0.239502, -0.954346, -8.850100, 1.953124, -12.084960,Cycling
4680460, -0.154419, -0.162842, -0.762940, -13.061520, -3.234863, -18.859868,Cycling
4680480, -0.090698, -0.136963, -0.773804, -8.850100, -21.057124, -23.559568,Cycling
4680500, -0.248535, -0.193726, -1.089966, -4.821778, -17.578130, -23.132320,Cycling
4680520, -0.357300, -0.297363, -1.258179, -10.192870, 6.042480, -21.240230,Cycling
4680540, -0.082886, -0.119141, -0.851562, -5.737304, 4.455568, -19.104010,Cycling
4680560, -0.155029, -0.062500, -0.935669, -4.089356, 4.089356, -22.216790,Cycling
4680580, -0.236572, -0.054199, -1.182129, -3.234863, 3.540038, -25.390620,Cycling
4680600, -0.471069, -0.242554, -1.145874, -5.737304, 20.141600, -38.757330,Cycling
4680620, -0.407959, -0.283814, -0.680298, -8.728030, 22.766110, -40.039070,Cycling
4680640, -0.322266, -0.317749, -0.623657, -2.929687, 7.690428, -23.620600,Cycling
4680660, -0.338745, -0.230225, -0.836914, -3.967285, 6.713866, -9.094240,Cycling
4680680, -0.322510, -0.094604, -0.976196, -1.953124, 14.221190, -6.347656,Cycling
4680700, -0.312256, -0.164429, -1.014893, -2.136231, 11.657712, -13.977050,Cycling
4680720, -0.205322, -0.176147, -0.899780, -4.455568, 15.502928, -20.751950,Cycling
4680740, -0.202148, -0.249756, -0.852905, 2.502442, 3.234863, -19.409180,Cycling
4680760, 0.004272, -0.406860, -0.746582, -5.981444, -2.136231, -14.587400,Cycling
4680780, -0.056885, -0.110352, -1.004272, -5.493162, -8.605960, -0.549316,Cycling
4680800, -0.125366, -0.165283, -1.141236, -3.051757, 15.991210, -1.892090,Cycling
4680820, -0.037476, -0.158081, -1.092896, -1.281738, 23.498530, -2.380371,Cycling
4680840, -0.096924, -0.259888, -1.041626, 2.563476, 23.620600, -6.286620,Cycling
4680860, -0.119507, -0.272461, -0.981690, 2.868652, 12.756344, -3.662109,Cycling
4680880, -0.307129, -0.274780, -0.944824, 3.234863, 10.864256, -3.173828,Cycling
4680900, -0.391602, -0.366089, -0.896729, 7.629394, 11.718748, -4.577638,Cycling
4680920, -0.317261, -0.333374, -0.838013, 2.868652, 4.150392, -1.953124,Cycling
4680940, -0.362305, -0.236450, -0.882446, 5.554198, 1.708984, 0.976562,Cycling
4680960, -0.226074, -0.241455, -0.915894, 4.821778, -1.342773, -4.821778,Cycling
4680980, -0.231323, -0.240234, -1.026001, -1.281738, -12.878416, -11.352536,Cycling
4681000, -0.119507, -0.197754, -0.976807, 2.624511, -11.047360, -9.948730,Cycling
4681020, -0.151489, -0.369751, -0.965210, -3.234863, -7.629394, -7.080076,Cycling
4681040, -0.048584, -0.131470, -1.108765, -10.070800, 3.662109, -4.516602,Cycling
4681060, -0.041016, -0.062134, -1.059082, -8.605960, 13.366696, -0.122070,Cycling
4681080, -0.044067, -0.071045, -1.018677, -4.821778, 11.596676, 2.441407,Cycling
4681100, -0.264526, -0.003906, -1.187256, -7.202148, 21.545408, 5.371092,Cycling
4681120, -0.200073, -0.255615, -1.044434, 2.624511, 35.217290, -5.310058,Cycling
4681140, -0.047241, -0.316528, -0.768188, -11.840818, 14.404296, -4.821778,Cycling
4681160, -0.086426, 0.130493, -0.955078, -9.704590, 4.150392, 0.854492,Cycling
4681180, -0.282349, 0.032593, -1.140015, -4.516602, 24.780270, 1.464844,Cycling
4681200, -0.249146, -0.358521, -0.981079, -3.845214, 39.306640, -4.150392,Cycling
4681220, -0.110718, -0.156616, -0.904785, -7.263182, 32.165540, 1.525878,Cycling
4681240, -0.168213, -0.154663, -0.945312, 5.859374, 39.367680, 14.526364,Cycling
4681280, -0.196899, -0.190308, -1.105957, 6.286620, 45.104970, 16.662600,Cycling
4681300, -0.181152, -0.300171, -0.974487, 10.803220, 39.062500, 19.531250,Cycling
4681320, -0.211914, -0.203369, -0.895020, 13.061520, 31.921380, 20.019532,Cycling
4681340, -0.179077, -0.239868, -0.903320, 13.854978, 34.851080, 18.432620,Cycling
4681360, -0.192139, -0.328613, -0.900879, 14.404296, 25.512690, 19.042970,Cycling
4681380, -0.220581, -0.278931, -0.949341, 13.366696, 32.104500, 20.263670,Cycling
4681400, -0.142822, -0.238770, -0.916016, 13.061520, 26.428220, 21.301268,Cycling
4681420, 0.030273, -0.326538, -0.895386, 10.437010, 25.573724, 21.179192,Cycling
4681440, 0.013916, -0.205322, -0.910156, 12.207030, 20.568840, 20.568840,Cycling
4681460, -0.079102, -0.230957, -1.007324, 13.183590, 28.564450, 20.629880,Cycling
4681480, 0.090088, -0.201904, -0.965332, 10.803220, 31.860350, 18.249516,Cycling
4681500, 0.008301, -0.215332, -0.937988, 11.779784, 27.893060, 15.197750,Cycling
4681520, -0.126465, -0.194214, -1.025757, 12.023924, 36.254890, 15.808104,Cycling
4681540, -0.183350, -0.296509, -1.084473, 9.277344, 42.297360, 18.859868,Cycling
4681560, 0.011719, -0.169678, -0.784058, 11.962890, 31.738280, 17.578130,Cycling
4681580, -0.187500, -0.144165, -0.927734, 13.427732, 22.216790, 18.249516,Cycling
4681600, -0.083984, -0.395630, -0.944092, 13.671872, 35.888680, 21.484370,Cycling
4681620, -0.055054, -0.379517, -0.896362, 10.681150, 22.583000, 26.184080,Cycling
4681640, 0.015015, -0.126953, -0.998291, 10.253904, 21.240230, 25.939940,Cycling
4681660, 0.052612, -0.170776, -0.923828, 13.061520, 23.498530, 21.850580,Cycling
4681680, 0.070923, -0.255615, -0.863037, 15.197750, 25.329584, 18.737796,Cycling
4681700, -0.062988, -0.426148, -0.948975, 9.948730, 21.057124, 22.033690,Cycling
4681720, -0.036987, -0.517334, -0.963867, 3.417968, 26.184080, 28.808590,Cycling
4681740, -0.060669, -0.577637, -0.901612, -4.638672, 16.784670, 34.545900,Cycling
4681761, -0.000366, -0.609497, -0.667114, -9.155274, -0.061035, 33.386240,Cycling
4681781, 0.083374, -0.494263, -0.546997, -13.488768, -21.911620, 30.151360,Cycling
4681801, -0.077881, -0.438843, -0.770752, -15.319820, -22.766110, 27.709956,Cycling
4681821, 0.010864, -0.502197, -0.937744, -17.150880, -13.244628, 23.742670,Cycling
4681841, 0.210938, -0.486450, -0.702881, -19.348150, -20.446770, 17.089850,Cycling
4681861, 0.323486, -0.345215, -0.785522, -15.319820, -37.963880, 8.850100,Cycling
4681881, 0.152588, -0.438721, -0.961182, -9.521484, -36.987310, 6.713866,Cycling
4681901, 0.116577, -0.311524, -1.035278, -5.493162, -30.822750, 6.774902,Cycling
4681921, 0.130859, -0.295288, -0.944214, -1.037598, -28.930660, 8.056642,Cycling
4681941, 0.165283, -0.213379, -0.996704, 2.929687, -26.000970, 6.774902,Cycling
4681961, 0.066162, -0.303467, -1.071534, 4.089356, -22.033690, 6.408690,Cycling
4681981, 0.022583, -0.170776, -1.135010, 3.173828, -15.380856, 4.760742,Cycling
4682001, -0.002319, -0.148682, -1.002076, 4.699708, -7.385252, 3.601074,Cycling
4682021, -0.091919, -0.161255, -0.972534, 4.516602, -7.934570, 2.990722,Cycling
4682041, -0.160400, -0.255005, -0.979248, 0.366211, 1.037598, 0.488281,Cycling
4682061, -0.041748, -0.359619, -0.836792, 0.122070, -8.483890, -1.220704,Cycling
4682081, -0.112549, -0.202026, -0.996826, -4.028321, -10.681150, 1.892090,Cycling
4682101, -0.062378, -0.187866, -1.031616, -4.028321, -3.601074, 1.464844,Cycling
4682121, -0.041748, -0.244873, -0.901001, 1.098633, -3.601074, -0.122070,Cycling
4682141, -0.130249, -0.311524, -0.940552, 2.380371, -3.967285, 2.075196,Cycling
4682161, -0.031250, -0.420898, -0.910522, 1.403808, -1.220704, 3.967285,Cycling
4682181, -0.032227, -0.323730, -0.938477, -1.892090, -10.864256, 3.234863,Cycling
4682201, -0.010498, -0.408691, -0.911865, -3.051757, -7.263182, 1.464844,Cycling
4682221, -0.087769, -0.428101, -0.940430, -4.272462, -13.427732, -0.671386,Cycling
4682241, 0.005005, -0.467285, -0.841919, -0.122070, -16.662600, -2.319336,Cycling
4682261, -0.135010, -0.374024, -0.939087, 5.187988, -15.930172, -5.798338,Cycling
4682281, 0.044556, -0.415527, -0.821900, 3.784179, -22.827140, -4.150392,Cycling
4682301, -0.041504, -0.340698, -0.918823, 5.371092, -24.475090, -3.967285,Cycling
4682321, -0.151123, -0.405396, -0.930298, 5.737304, -19.287110, -0.610352,Cycling
4682341, -0.207886, -0.286499, -0.916260, 5.371092, -20.568840, 1.831054,Cycling
4682361, -0.248657, -0.348633, -0.895264, 12.817380, -18.371584, 0.793457,Cycling
4682381, -0.215088, -0.447144, -0.887451, 8.117676, -14.831540, 1.037598,Cycling
4682401, -0.092285, -0.387940, -0.796875, 6.103514, -22.399900, 4.089356,Cycling
4682421, 0.076172, -0.352417, -0.721314, -4.638672, -26.123040, 7.812498,Cycling
4682441, -0.019897, -0.179810, -0.942261, -10.375976, -34.912120, 8.056642,Cycling
4682461, -0.106689, -0.109619, -1.065308, -10.375976, -14.892576, 0.183105,Cycling
4682481, 0.154663, -0.102783, -1.132690, -23.132320, -5.615234, -3.234863,Cycling
4682501, 0.218750, -0.084595, -1.092041, -27.954100, -1.708984, -10.009768,Cycling
4682521, 0.334106, -0.249878, -0.850952, -23.193352, -26.062010, -6.896972,Cycling
4682541, -0.377564, -0.135254, -1.032349, -16.540530, -39.123540, -14.282224,Cycling
4682561, -0.360718, -0.242188, -1.349976, -19.287110, 0.488281, -10.498044,Cycling
4682581, -0.100098, -0.313110, -1.028931, -7.690428, 14.892576, -13.916012,Cycling
4682601, -0.117920, -0.460449, -0.788452, -3.601074, -20.324700, -8.422854,Cycling
4682621, -0.472412, -0.274414, -0.972412, -4.455568, -17.822270, -6.408690,Cycling
4682641, -0.238037, -0.438721, -0.888428, 5.004884, -7.995604, -5.798338,Cycling
4682661, -0.394898, -0.488892, -0.890747, -1.525878, -17.456060, 0.244141,Cycling
4682681, -0.379028, -0.379028, -0.802734, -0.244141, -6.408690, -1.220704,Cycling
4682701, -0.276978, -0.431030, -0.793457, -5.737304, -21.362300, -1.159668,Cycling
4682721, -0.207153, -0.368042, -0.845093, -3.967285, -23.498530, -6.469726,Cycling
4682741, -0.185059, -0.438599, -0.837280, -6.408690, -24.047850, -7.263182,Cycling
4682761, -0.069824, -0.331543, -0.827515, -8.911134, -21.850580, -10.131832,Cycling
4682781, -0.018555, -0.240845, -0.898560, -11.108396, -16.479492, -10.864256,Cycling
4682801, 0.031494, -0.226929, -0.955811, -15.930172, -14.343260, -9.887696,Cycling
4682821, -0.119019, -0.368774, -1.014404, -20.019532, -7.690428, -8.178714,Cycling
4682841, 0.015625, -0.253174, -0.970337, -24.780270, -7.812498, -5.737304,Cycling
4682861, -0.110230, -0.238892, -0.977173, -15.075680, -8.544924, 1.281738,Cycling
4682881, -0.162231, -0.121094, -1.073242, -9.460450, -3.662109, 4.760742,Cycling
4682901, -0.191162, -0.146362, -1.134034, -2.319336, -0.061035, 4.699708,Cycling
4682921, -0.320435, -0.212647, -1.100342, 0.671386, -5.981444, 5.371092,Cycling
4682941, -0.300659, -0.220703, -0.959595, -0.244141, 3.356933, 0.427246,Cycling
4682961, -0.109009, -0.122192, -0.899658, 0.854492, -10.192870, -1.831054,Cycling
4682981, -0.356567, -0.148438, -1.027588, 0.549316, -7.141112, -4.516602,Cycling
4683001, -0.296021, -0.263672, -0.913330, -0.549316, -1.098633, -8.789064,Cycling
4683021, -0.104126, -0.158814, -0.826904, -5.126952, -9.765626, -11.352536,Cycling
4683041, -0.261963, -0.180054, -1.023682, -6.835936, -11.657712, -13.977050,Cycling
4683061, -0.194580, -0.306885, -1.023804, -6.591796, -1.403808, -15.808104,Cycling
4683081, -0.063721, -0.311157, -0.896484, -7.202148, -6.652830, -20.446770,Cycling
4683101, -0.080811, -0.225586, -0.883667, -3.295898, -20.629880, -17.089850,Cycling
4683121, -0.221314, -0.347656, -0.958496, 1.892090, -17.333990, -14.404296,Cycling
4683141, -0.188477, -0.265015, -0.999634, -1.159668, -13.671872, -15.441892,Cycling
4683161, -0.187500, -0.227539, -0.947388, 4.028321, -15.014646, -14.282224,Cycling
4683181, -0.205444, -0.230347, -0.916992, 4.577638, -14.648436, -14.221190,Cycling
4683201, -0.126221, -0.173096, -0.873413, 5.249022, -18.310550, -14.648436,Cycling
4683221, -0.347656, -0.229370, -0.968994, 5.920409, -19.287110, -9.399414,Cycling
4683241, -0.303101, -0.234253, -0.980957, -4.394532, -5.676268, -12.695310,Cycling
4683261, -0.239014, -0.178589, -0.855225, 2.624511, -13.732908, -12.084960,Cycling
4683281, -0.239624, -0.185059, -0.931152, 1.770019, -14.587400, -11.596676,Cycling
4683301, -0.174683, -0.194092, -0.997681, 0.793457, -13.305660, -10.803220,Cycling
4683321, -0.117432, -0.185303, -0.953858, -1.525878, -9.582520, -15.686032,Cycling
4683341, -0.265259, -0.214111, -0.987671, -3.479003, -13.916012, -13.427732,Cycling
4683361, -0.157105, -0.129761, -0.919556, -7.019042, -6.591796, -12.939450,Cycling
4683381, -0.175537, -0.036865, -1.010010, -6.835936, -10.131832, -10.620116,Cycling
4683401, -0.220825, -0.172241, -1.013062, -7.873534, -2.136231, -14.343260,Cycling
4683421, -0.159546, -0.217773, -0.962158, -14.892576, -6.469726, -12.634276,Cycling
4683441, -0.168823, -0.125122, -0.948364, -15.686032, -8.117676, -9.216310,Cycling
4683461, -0.239746, -0.238770, -1.000610, -16.174320, -4.516602, -6.469726,Cycling
4683481, -0.124634, -0.031616, -1.060669, -16.967780, -2.502442, -5.615234,Cycling
4683501, -0.251465, -0.042969, -0.997559, -10.375976, 1.647949, -10.253904,Cycling
4683521, -0.340332, -0.079956, -1.024536, -9.033204, 0.732422, -5.737304,Cycling
4683541, -0.318604, -0.272583, -0.998779, -8.544924, 7.141112, -5.310058,Cycling
4683561, -0.350342, -0.177124, -0.977661, -5.493162, 5.737304, -0.854492,Cycling
4683581, -0.273682, -0.094849, -1.001099, -9.216310, 5.493162, -1.342773,Cycling
4683601, -0.175049, -0.051392, -0.895142, -8.422854, 3.601074, -5.615234,Cycling
4683621, -0.323730, -0.263062, -0.940308, -10.925290, 6.225584, -7.568358,Cycling
4683641, -0.102173, -0.163330, -0.882324, -11.413570, 7.446288, -6.652830,Cycling
4683661, -0.172485, -0.114624, -0.975464, -8.300784, 6.408690, -7.141112,Cycling
4683681, -0.115967, -0.172485, -0.975586, -7.629394, 10.986324, -10.437010,Cycling
4683701, -0.255737, -0.208862, -1.010132, -5.432128, 12.573240, -10.314940,Cycling
4683721, -0.207153, -0.238770, -0.933106, -2.380371, 15.930172, -7.812498,Cycling
4683741, -0.204468, -0.157471, -0.882202, -0.122070, 2.929687, -7.385252,Cycling
4683761, -0.270752, -0.240479, -0.810791, 2.319336, -3.112792, -9.643556,Cycling
4683781, -0.373169, -0.435425, -0.862671, -5.493162, -6.347656, -9.765626,Cycling
4683801, -0.332520, -0.239990, -0.916504, -6.286620, -12.634276, -7.995604,Cycling
4683821, -0.060913, -0.133545, -0.684204, -5.004884, -18.798830, -17.822270,Cycling
4683841, -0.132690, -0.121948, -0.885376, -4.577638, -34.057620, -24.291990,Cycling
4683861, -0.131958, -0.223022, -1.200806, -6.469726, -16.174320, -25.024410,Cycling
4683881, -0.072510, -0.278931, -1.000244, -3.112792, -5.554198, -20.263670,Cycling
4683901, 0.007446, -0.001099, -0.956421, -0.549316, -11.474608, -21.423332,Cycling
4683921, -0.098022, -0.067139, -1.083618, 3.173828, -4.333496, -28.747552,Cycling
4683941, -0.221924, -0.277100, -0.923828, 6.835936, -10.070800, -26.794430,Cycling
4683961, -0.392578, -0.361206, -1.046997, 4.394532, -1.586914, -19.653320,Cycling
4683981, -0.276978, -0.316040, -1.010376, 1.159668, -3.417968, -13.549804,Cycling
4684001, -0.500488, -0.274048, -0.869019, 7.629394, -19.287110, -9.704590,Cycling
4684021, -0.312988, -0.033813, -1.037232, 0.549316, -7.873534, -10.314940,Cycling
4684041, -0.295898, -0.186157, -1.034546, 1.586914, -12.145992, -9.277344,Cycling
4684061, -0.245239, -0.215576, -1.006592, -5.737304, -4.028321, -14.221190,Cycling
4684081, -0.089966, -0.076172, -0.959106, -6.774902, -14.831540, -12.878416,Cycling
4684101, -0.307007, -0.176025, -0.950684, -10.192870, -6.286620, -15.808104,Cycling
4684121, -0.262817, -0.008911, -1.074829, -14.099120, -5.676268, -17.944340,Cycling
4684141, -0.242065, -0.089844, -1.117188, -17.700200, 2.380371, -24.963376,Cycling
4684161, -0.124390, -0.247559, -0.932984, -18.127448, -2.136231, -27.587884,Cycling
4684181, -0.266235, -0.134033, -0.942871, -15.319820, -2.807617, -24.597160,Cycling
4684201, -0.163452, -0.112061, -0.960694, -7.080076, 3.356933, -21.484370,Cycling
4684221, -0.144165, -0.155518, -1.023682, -2.014160, 5.493162, -15.197750,Cycling
4684241, -0.270996, -0.259888, -0.924072, 3.601074, 8.666994, -13.793944,Cycling
4684261, -0.287232, -0.197998, -0.876465, 7.751464, 7.690428, -8.972170,Cycling
4684281, -0.269898, -0.189331, -0.910400, 7.934570, 12.084960, -7.385252,Cycling
4684301, -0.319214, -0.272583, -0.798828, 10.559080, -1.953124, -9.765626,Cycling
4684321, -0.527100, -0.484741, -0.694946, 9.399414, -7.873534, -11.718748,Cycling
4684341, -0.481812, -0.414551, -0.743042, 4.577638, -9.460450, -4.882814,Cycling
4684361, -0.228760, -0.334961, -0.735230, 1.953124, -13.427732, -6.591796,Cycling
4684381, -0.243652, -0.434937, -0.798584, 0.183105, -23.132320, -14.892576,Cycling
4684441, -0.100464, -0.261841, -1.034302, -0.976562, -17.883300, -18.920900,Cycling
4684461, -0.122437, -0.216553, -1.077637, 1.770019, -9.094240, -15.075680,Cycling
4684561, -0.364380, -0.189941, -0.975830, 0.976562, -4.150392, -8.544924,Cycling
4684581, -0.372681, -0.039063, -1.019410, -2.746581, -3.723144, -10.314940,Cycling
4684601, -0.319702, -0.136719, -0.931519, -4.577638, 1.708984, -11.352536,Cycling
4684621, -0.448975, -0.260010, -1.002198, -9.155274, 6.347656, -7.690428,Cycling
4684641, -0.177368, -0.053345, -0.983154, -11.108396, 7.019042, -7.873534,Cycling
4684661, -0.231445, -0.142700, -0.971802, -13.000484, 12.329100, -9.216310,Cycling
4684681, -0.364258, -0.136719, -0.981445, -10.498044, 12.084960, -8.239746,Cycling
4684701, -0.217651, -0.127319, -0.977051, -7.019042, 15.319820, -6.042480,Cycling
4684721, -0.257813, -0.174805, -0.989258, -5.493162, 18.859868, -3.784179,Cycling
4684741, -0.195190, -0.098145, -1.047364, -3.173828, 15.869140, -2.380371,Cycling
4684761, -0.155273, -0.184692, -1.000488, 0.183105, 18.066410, 1.586914,Cycling
4684781, -0.219605, -0.195801, -0.922730, 3.112792, 16.967780, 2.441407,Cycling
4684801, -0.214111, -0.022339, -0.959106, 6.530760, 13.183590, 1.037598,Cycling
4684821, -0.180298, -0.059814, -0.965088, 8.666994, 22.277830, -1.464844,Cycling
4684841, -0.261597, -0.294922, -0.943726, 9.460450, 19.042970, -1.037598,Cycling
4684861, -0.228638, -0.271484, -0.872070, 6.103514, 17.822270, 1.770019,Cycling
4684881, -0.361328, -0.148438, -0.950684, 8.850100, 16.479492, 2.807617,Cycling
4684901, -0.222534, -0.254761, -0.871094, 8.056642, 15.197750, 0.854492,Cycling
4684921, -0.318359, -0.266602, -0.848511, 7.873534, 11.962890, -0.671386,Cycling
4684941, -0.354858, -0.368530, -0.905152, 4.516602, 11.718748, 1.953124,Cycling
4684961, -0.244507, -0.198608, -0.843872, 1.831054, 4.943848, 5.004884,Cycling
4684981, -0.142456, -0.139526, -0.887573, 1.159668, 5.187988, 0.000000,Cycling
4685001, -0.160522, -0.213379, -0.984986, 0.732422, 4.211426, -1.770019,Cycling
4685021, -0.160767, -0.297608, -0.954712, 0.549316, 5.187988, 0.183105,Cycling
4685041, -0.167969, -0.207153, -0.952148, 0.122070, 7.690428, 0.122070,Cycling
4685061, -0.172852, -0.305420, -0.974610, -0.366211, 11.047360, -1.831054,Cycling
4685081, -0.030029, -0.165772, -0.925171, 1.037598, -1.159668, -1.953124,Cycling
4685101, -0.174561, -0.242554, -1.055054, 1.892090, 8.850100, -0.610352,Cycling
4685121, -0.206909, -0.291504, -0.839356, 5.676268, 3.173828, -0.732422,Cycling
4685141, -0.271362, -0.283691, -0.922363, 4.516602, 0.183105, -0.305176,Cycling
4685161, -0.209106, -0.228516, -0.822266, 3.845214, -9.887696, -1.953124,Cycling
4685181, -0.378906, -0.356201, -0.768311, 2.990722, -7.568358, -4.821778,Cycling
4685201, -0.316772, -0.299316, -0.899170, -1.525878, -15.747068, -3.417968,Cycling
4685221, -0.282837, -0.490112, -0.823853, -0.976562, -3.417968, 2.258301,Cycling
4685241, -0.145142, -0.192017, -0.715332, -7.019042, -19.287110, 1.098633,Cycling
4685261, -0.086426, -0.047363, -0.941040, -6.958006, -25.939940, -6.408690,Cycling
4685281, -0.293457, -0.486206, -1.051758, -6.408690, -6.408690, -9.948730,Cycling
4685301, -0.164917, -0.456177, -0.855591, -10.314940, -16.052250, -8.056642,Cycling
4685321, -0.064697, -0.060913, -1.099366, -8.056642, -11.413570, -3.723144,Cycling
4685341, 0.017700, -0.153076, -1.018311, -0.976562, -10.375976, -3.173828,Cycling
4685361, -0.201416, -0.128540, -1.176758, 1.647949, -9.033204, 3.295898,Cycling
4685381, -0.195435, -0.109863, -1.146606, 2.990722, 7.507323, 7.446288,Cycling
4685401, -0.176880, -0.138062, -0.987549, 2.685546, 5.676268, 8.911134,Cycling
4685421, -0.130127, -0.085571, -0.940552, 6.591796, 0.793457, 5.737304,Cycling
4685461, -0.278809, -0.141846, -0.959961, 0.061035, 15.380856, -0.183105,Cycling
4685481, -0.414673, -0.087769, -0.983643, -4.089356, 9.765626, 2.319336,Cycling
4685501, -0.254395, -0.261841, -0.881958, -5.676268, 14.160152, 1.037598,Cycling
4685521, -0.321533, -0.150391, -0.913574, -10.070800, 6.469726, -1.281738,Cycling
4685541, -0.398804, -0.295166, -0.971314, -7.263182, 4.516602, -3.234863,Cycling
4685561, -0.227905, -0.270996, -0.866089, -5.249022, 7.080076, 4.089356,Cycling
4685581, -0.245117, -0.294556, -0.961670, -6.225584, 9.765626, 5.737304,Cycling
4685601, 0.010864, -0.288330, -0.854736, -2.868652, -2.502442, 7.141112,Cycling
4685621, -0.189575, -0.302368, -0.934814, -4.455568, -0.549316, 4.394532,Cycling
4685641, -0.145264, -0.119385, -0.965820, -4.455568, -1.098633, 4.211426,Cycling
4685661, -0.147461, -0.184082, -1.031250, -2.075196, 8.850100, 0.122070,Cycling
4685681, -0.105469, -0.325806, -0.870972, -1.464844, 5.798338, -1.770019,Cycling
4685701, -0.240356, -0.287964, -0.821900, -2.380371, -7.690428, 0.671386,Cycling
4685721, -0.328491, -0.189819, -1.032104, -2.136231, -1.037598, 4.150392,Cycling
4685741, -0.236206, -0.247314, -0.961792, -3.234863, -0.183105, 2.502442,Cycling
4685761, -0.302734, -0.291138, -0.765991, -1.892090, -12.939450, 2.685546,Cycling
4685781, -0.391724, -0.302002, -0.923950, -0.427246, -15.502928, 4.882814,Cycling
4685801, -0.304566, -0.412964, -0.835694, -8.972170, -13.916012, 3.906249,Cycling
4685821, -0.303101, -0.310913, -0.892944, -13.854978, -16.418460, 3.051757,Cycling
4685841, -0.059448, -0.215698, -0.912720, -23.925780, -14.709470, -4.028321,Cycling
4685861, -0.053101, -0.087158, -0.950562, -23.437492, -18.066410, -8.666994,Cycling
4685881, -0.151978, -0.173096, -0.982666, -21.179192, -11.901852, -13.366696,Cycling
4685901, -0.252075, -0.204590, -1.090576, -20.568840, -7.446288, -11.840818,Cycling
4685921, -0.210449, -0.391724, -0.830933, -18.249516, -6.347656, -13.793944,Cycling
4685941, -0.196655, -0.097046, -0.938354, -22.521970, -19.470220, -9.277344,Cycling
4685961, -0.237549, -0.033447, -1.032959, -8.666994, -9.765626, -7.751464,Cycling
4685981, -0.301148, -0.248779, -1.022583, -4.028321, -13.183590, -6.469726,Cycling
4686001, -0.261353, -0.075317, -0.994019, -13.671872, -7.629394, -5.371092,Cycling
4686021, -0.220337, -0.050171, -1.087158, -0.427246, -3.845214, -5.249022,Cycling
4686041, -0.101563, -0.155273, -0.954468, -9.155274, -2.624511, -4.211426,Cycling
4686061, -0.168335, 0.184204, -1.104248, -8.483890, 6.164550, -0.488281,Cycling
4686081, -0.195068, -0.063110, -1.132324, -0.610352, 13.916012, -5.371092,Cycling
4686101, -0.241455, -0.095825, -1.022828, -5.249022, 17.700200, -3.723144,Cycling
4686121, -0.296509, -0.018677, -1.060059, 1.525878, 25.390620, 1.770019,Cycling
4686141, -0.175537, -0.035889, -1.019776, 1.953124, 32.104500, 5.554198,Cycling
4686161, -0.099854, 0.064697, -0.976318, 0.122070, 31.555170, 5.981444,Cycling
4686181, -0.266846, -0.161133, -0.920166, 1.770019, 21.667476, -0.305176,Cycling
4686201, -0.303711, -0.020630, -1.014648, 2.990722, 21.850580, 0.488281,Cycling
4686221, -0.295898, -0.237549, -0.865356, 2.624511, 21.850580, -5.615234,Cycling
4686241, -0.232178, -0.066162, -0.853028, -1.342773, 18.005376, -5.554198,Cycling
4686261, -0.261475, -0.073730, -0.983398, -4.699708, 18.127448, -5.432128,Cycling
4686281, -0.189941, -0.126343, -0.957154, -2.014160, 20.507810, -8.239746,Cycling
4686301, -0.137695, -0.193481, -0.912354, -4.516602, 8.056642, -7.324218,Cycling
4686321, -0.153687, -0.118042, -0.956055, -7.812498, 3.662109, -2.319336,Cycling
4686341, -0.114258, -0.137573, -1.014893, -3.601074, 7.507323, -1.770019,Cycling
4686361, -0.082886, -0.193604, -0.871948, -6.896972, 5.676268, 0.488281,Cycling
4686381, -0.156982, 0.013184, -0.998413, -4.638672, -3.723144, 10.131832,Cycling
4686401, -0.141602, -0.134277, -1.021728, 0.854492, 22.949216, 6.958006,Cycling
4686421, -0.037720, -0.048584, -0.973267, 2.685546, 14.465330, 5.615234,Cycling
4686441, -0.109497, -0.055908, -0.973022, 5.859374, 8.239746, 6.164550,Cycling
4686461, -0.111206, -0.071411, -1.003052, 7.812498, 12.084960, 8.117676,Cycling
4686481, -0.066406, -0.000366, -1.022950, 6.164550, 14.709470, 10.314940,Cycling
4686501, -0.062622, 0.001465, -1.052368, 11.840818, 22.338860, 7.629394,Cycling
4686521, -0.050781, -0.040283, -1.054078, 12.329100, 22.644040, 6.103514,Cycling
4686541, -0.105957, -0.122803, -0.989014, 11.474608, 22.644040, 4.882814,Cycling
4686561, -0.081055, 0.010620, -0.927490, 6.958006, 18.371584, 9.399414,Cycling
4686581, -0.127319, -0.082397, -0.977295, 16.296390, 19.897460, 4.455568,Cycling
4686601, -0.118164, -0.124390, -0.941040, 8.544924, 15.747068, 2.502442,Cycling
4686621, -0.146484, 0.002563, -1.066528, 14.709470, 15.319820, 0.976562,Cycling
4686641, -0.157471, -0.217529, -1.029297, 13.488768, 23.437492, -4.272462,Cycling
4686661, 0.064819, -0.043335, -0.846314, 12.145992, 13.793944, -2.624511,Cycling
4686681, -0.048950, -0.080200, -0.971192, 18.066410, 0.061035, -3.723144,Cycling
4686701, -0.155762, -0.216431, -1.026612, 21.667476, 4.516602, -1.220704,Cycling
4686721, -0.268311, -0.354614, -0.947998, 18.920900, 12.756344, 2.075196,Cycling
4686741, -0.062500, -0.218384, -0.853882, 12.145992, 7.263182, 7.934570,Cycling
4686761, -0.111450, -0.260376, -0.876587, 19.287110, 1.647949, 1.525878,Cycling
4686781, -0.091187, -0.396606, -0.793335, 21.057124, -1.159668, 2.258301,Cycling
4686801, -0.187012, -0.385132, -0.899048, 10.681150, -6.286620, 9.765626,Cycling
4686821, -0.271729, -0.380615, -0.846802, 7.751464, 2.136231, 7.751464,Cycling
4686841, 0.010498, -0.391724, -0.780518, 4.089356, -10.803220, -4.821778,Cycling
4686861, 0.039917, -0.277344, -0.825806, -0.549316, -24.414060, -7.812498,Cycling
4686881, -0.076782, -0.250488, -0.985596, 1.159668, -18.615724, -8.239746,Cycling
4686901, 0.051025, -0.274292, -1.011841, 1.586914, -11.169430, -6.042480,Cycling
4686921, 0.098022, -0.207275, -0.966187, 4.272462, -14.465330, -8.972170,Cycling
4686941, 0.011475, -0.263794, -1.009156, 7.629394, -21.179192, -8.300784,Cycling
4686961, -0.110962, -0.253418, -1.025024, 2.014160, -15.624996, -4.516602,Cycling
4686981, -0.035400, -0.160278, -0.936768, 4.943848, -18.371584, 0.610352,Cycling
4687001, -0.160522, -0.238037, -1.046997, 2.685546, -14.892576, -3.906249,Cycling
4687021, -0.032104, -0.199585, -0.936524, 2.502442, -12.390136, -6.042480,Cycling
4687041, -0.092529, -0.178467, -1.004639, 0.427246, -18.493652, -5.554198,Cycling
4687061, -0.095947, -0.076782, -1.120484, -4.028321, -7.263182, -0.061035,Cycling
4687081, -0.036987, -0.016968, -1.123902, 4.699708, -1.098633, 1.403808,Cycling
4687101, 0.144165, 0.044434, -1.128052, 4.211426, 13.854978, 8.728030,Cycling
4687121, 0.249878, 0.235718, -1.332032, 11.230468, 18.615724, 22.949216,Cycling
4687141, -0.125122, -0.072876, -1.219360, 26.550290, 27.709956, 19.958500,Cycling
4687161, -0.139893, -0.198364, -1.062012, 18.066410, 27.893060, 10.559080,Cycling
4687181, -0.204102, -0.071045, -1.047364, 18.432620, 20.019532, 8.178714,Cycling
4687201, -0.206787, -0.175171, -0.864624, 14.892576, 18.859868, 9.521484,Cycling
4687221, -0.206909, -0.122803, -0.883545, 10.498044, 15.258788, 4.699708,Cycling
4687241, -0.213867, -0.181397, -0.892700, 10.375976, 18.615724, -1.159668,Cycling
4687261, -0.223999, -0.336792, -0.948120, 2.929687, 19.897460, -2.380371,Cycling
4687281, 0.084229, -0.198608, -0.902222, 1.525878, 20.629880, -2.990722,Cycling
4687301, 0.031860, -0.329224, -0.997437, -0.610352, 14.343260, -0.793457,Cycling
4687321, 0.035767, -0.298584, -0.964356, -0.671386, 15.624996, -0.671386,Cycling
4687341, 0.057983, -0.275757, -0.901245, 1.281738, 10.437010, 1.708984,Cycling
4687361, -0.053345, -0.380249, -0.988037, 3.356933, -1.831054, 7.873534,Cycling
4687381, -0.130859, -0.332398, -0.833252, 6.103514, -0.488281, 9.826660,Cycling
4687401, -0.187744, -0.575318, -0.777344, 3.723144, -12.939450, 10.925290,Cycling
4687421, -0.161743, -0.444580, -0.739502, -3.112792, -23.620600, 6.835936,Cycling
4687441, -0.190430, -0.381104, -0.799561, -3.906249, -21.850580, 4.516602,Cycling
4687461, -0.179688, -0.327271, -0.892822, -2.990722, -6.774902, 4.028321,Cycling
4687481, -0.014648, -0.239502, -0.959961, -0.671386, 5.615234, 3.051757,Cycling
4687501, 0.052124, -0.244629, -0.992432, 3.234863, 0.244141, 3.540038,Cycling
4687521, -0.002075, -0.277832, -0.978882, 8.422854, -6.652830, 4.943848,Cycling
4687541, -0.094849, -0.333130, -0.942871, 9.155274, -9.094240, 6.103514,Cycling
4687561, -0.023193, -0.269775, -0.856201, 9.277344, -18.310550, 5.065916,Cycling
4687581, -0.131592, -0.302246, -0.905640, 5.615234, -13.183590, 1.464844,Cycling
4687601, -0.158691, -0.410034, -0.834839, 5.798338, -21.240230, -4.516602,Cycling
4687621, -0.192627, -0.472046, -0.810425, 0.244141, -23.193352, -5.798338,Cycling
4687641, -0.174438, -0.430664, -0.816895, -7.873534, -27.404780, -3.906249,Cycling
4687661, -0.153687, -0.401245, -0.838501, -13.793944, -32.409680, 1.281738,Cycling
4687681, -0.151489, -0.402344, -0.901367, -18.310550, -33.203130, -4.760742,Cycling
4687701, -0.143921, -0.364746, -0.878906, -23.376460, -37.109380, -9.216310,Cycling
4687721, -0.060181, -0.090942, -0.974976, -19.409180, -33.935560, -12.939450,Cycling
4687741, -0.113037, -0.130371, -1.137329, -13.488768, -24.597160, -13.916012,Cycling
4687761, -0.003540, -0.140869, -1.156860, -6.835936, -17.883300, -13.244628,Cycling
4687781, -0.095825, -0.187866, -1.105713, -1.464844, -20.141600, -7.385252,Cycling
4687801, -0.057129, -0.081177, -1.037720, 6.225584, -21.301268, -3.906249,Cycling
4687821, -0.191162, 0.033691, -1.133179, 9.399414, -18.066410, -4.516602,Cycling
4687841, -0.280518, -0.160889, -1.054932, 11.108396, -13.854978, 1.159668,Cycling
4687861, -0.125488, -0.100464, -0.919678, 13.305660, -9.155274, 4.333496,Cycling
4687881, -0.281006, -0.061768, -1.027100, 10.375976, -12.634276, 2.929687,Cycling
4687901, -0.194214, -0.164185, -1.060181, 10.253904, -3.112792, 4.943848,Cycling
4687921, -0.334229, -0.132324, -1.137207, 4.699708, 8.544924, 11.535644,Cycling
4687941, -0.307861, -0.123657, -1.104858, 2.319336, 10.009768, 15.258788,Cycling
4687961, -0.001465, -0.219971, -0.892334, 1.708984, 12.634276, 9.643556,Cycling
4687981, -0.176392, -0.027466, -0.941040, 0.732422, -6.408690, 3.662109,Cycling
4688001, -0.202515, -0.089844, -1.089600, -0.915527, 15.808104, 2.502442,Cycling
4688021, -0.224243, -0.246826, -1.010986, -7.507323, 22.155760, 6.774902,Cycling
4688041, -0.069580, -0.107544, -0.851807, -3.417968, 10.253904, 4.455568,Cycling
4688061, -0.185669, -0.267822, -0.899414, -0.061035, 11.047360, 3.601074,Cycling
4688081, -0.162598, -0.211060, -0.880982, -2.075196, 4.028321, 0.427246,Cycling
4688101, -0.134766, -0.200806, -0.863037, 0.427246, -0.488281, -1.403808,Cycling
4688121, -0.160889, -0.415649, -0.946411, 0.915527, 5.920409, 1.159668,Cycling
4688141, -0.122681, -0.377441, -0.911377, 13.732908, -3.723144, 1.037598,Cycling
4688161, -0.133301, -0.172607, -0.792114, 3.051757, -20.568840, -7.446288,Cycling
4688181, -0.193848, -0.161499, -1.026123, 2.258301, -6.713866, -11.108396,Cycling
4688201, -0.217651, -0.451538, -0.979126, 0.793457, 0.549316, -7.812498,Cycling
4688221, -0.137451, -0.484863, -0.717285, -0.671386, -15.258788, -8.117676,Cycling
4688241, -0.173340, -0.313232, -0.831055, -3.906249, -23.620600, -14.404296,Cycling
4688261, -0.200317, -0.266968, -1.016358, -6.530760, -15.624996, -17.089850,Cycling
4688281, -0.151245, -0.290527, -0.913452, -1.892090, -14.404296, -14.099120,Cycling
4688301, -0.159180, -0.200928, -0.964722, 4.150392, -10.986324, -8.178714,Cycling
4688321, -0.120850, -0.206299, -0.882568, 9.521484, -19.165040, -5.004884,Cycling
4688341, -0.200562, -0.289673, -0.910645, 10.131832, -24.414060, -8.056642,Cycling
4688361, -0.335449, -0.351196, -1.026856, 3.112792, -17.395020, -7.141112,Cycling
4688381, -0.157105, -0.275513, -0.802734, 2.624511, -21.789548, -7.324218,Cycling
4688401, -0.207764, -0.156494, -0.865845, 0.854492, -23.071284, -5.859374,Cycling
4688421, -0.300903, -0.217407, -1.003662, 0.000000, -19.653320, -4.821778,Cycling
4688441, -0.212647, -0.109009, -1.086060, -1.281738, -12.268064, -6.225584,Cycling
4688461, -0.132446, -0.086914, -1.012085, 0.610352, -12.023924, -8.178714,Cycling
4688481, -0.176758, -0.121948, -1.064087, 0.854492, -2.258301, -9.033204,Cycling
4688501, -0.084351, -0.031616, -1.202148, 0.488281, 2.075196, -4.882814,Cycling
4688521, -0.032227, 0.065430, -1.259522, 1.708984, 13.549804, -1.831054,Cycling
4688541, -0.171753, -0.065674, -1.169922, 2.746581, 17.333990, -1.892090,Cycling
4688561, -0.192261, -0.128906, -1.036621, 3.051757, 19.592290, 2.075196,Cycling
4688581, -0.386841, -0.174683, -0.932984, -0.793457, 8.972170, 4.943848,Cycling
4688601, -0.341797, -0.193604, -0.948975, -6.225584, 15.441892, 2.807617,Cycling
4688621, -0.328735, -0.123291, -1.018921, -11.901852, 15.869140, 3.356933,Cycling
4688641, -0.236206, -0.080200, -0.944824, -12.329100, 18.310550, 6.896972,Cycling
4688661, -0.296265, -0.029175, -1.003906, -7.324218, 21.972650, 9.094240,Cycling
4688681, -0.166260, -0.164307, -0.908692, -4.699708, 25.329584, 9.277344,Cycling
4688701, -0.276611, -0.143433, -1.056030, -8.605960, 18.859868, 9.704590,Cycling
4688721, -0.226074, -0.408936, -0.877320, -4.333496, 33.630380, 11.108396,Cycling
4688741, -0.044434, -0.051147, -0.942261, -9.521484, 13.671872, 13.732908,Cycling
4688761, -0.117065, -0.164795, -1.120240, -7.141112, 29.479976, 8.789064,Cycling
4688781, -0.084106, -0.132446, -0.902588, -4.943848, 23.437492, 9.460450,Cycling
4688801, -0.200317, -0.396118, -0.821411, -0.854492, 19.653320, 8.178714,Cycling
4688821, -0.229126, -0.221680, -0.897095, -2.563476, 20.019532, 10.070800,Cycling
4688841, -0.177368, -0.257324, -0.875000, 2.807617, 15.930172, 9.887696,Cycling
4688861, -0.312500, -0.421875, -0.996826, 1.831054, 16.418460, 9.460450,Cycling
4688881, -0.093140, -0.447510, -0.788574, 5.371092, 7.812498, 9.521484,Cycling
4688901, -0.224121, -0.384644, -0.870850, 2.075196, -4.028321, 12.329100,Cycling
4688921, -0.169189, -0.395630, -0.928467, 1.403808, -1.159668, 12.329100,Cycling
4688941, -0.076294, -0.358276, -0.838867, -2.380371, -3.417968, 10.559080,Cycling
4688961, -0.043945, -0.271606, -0.922974, -2.319336, -9.948730, 7.446288,Cycling
4688981, -0.062378, -0.255371, -1.002686, 0.732422, -6.469726, 6.164550,Cycling
4689001, -0.074341, -0.387207, -0.911133, 3.662109, -8.911134, 4.211426,Cycling
4689021, -0.069214, -0.309814, -0.811279, -1.220704, -16.357424, 8.422854,Cycling
4689041, -0.009644, -0.042603, -0.889038, 1.464844, -22.216790, 13.366696,Cycling
4689061, -0.149048, -0.239502, -1.095337, 10.681150, -9.887696, 11.779784,Cycling
4689081, -0.161133, -0.397949, -0.945190, 4.089356, -5.676268, 6.042480,Cycling
4689101, -0.189453, -0.194702, -0.939087, 1.464844, -17.272950, 9.826660,Cycling
4689121, -0.279053, -0.221924, -0.961182, 2.075196, -11.657712, 6.713866,Cycling
4689141, -0.208862, -0.303345, -0.924805, 1.464844, -15.624996, 1.953124,Cycling
4689161, -0.368164, -0.438232, -0.984619, -5.615234, -15.563964, -0.061035,Cycling
4689181, -0.147461, -0.333008, -0.855347, -11.535644, -10.437010, -3.356933,Cycling
4689201, -0.101929, -0.173584, -0.841797, -14.160152, -22.583000, -0.183105,Cycling
4689221, -0.141235, -0.166626, -0.941528, -10.925290, -26.245110, -0.244141,Cycling
4689241, -0.192139, -0.311890, -0.965210, -10.803220, -17.272950, -5.371092,Cycling
4689261, -0.191040, -0.345093, -0.970459, -13.061520, -14.465330, -4.516602,Cycling
4689281, -0.047729, -0.211548, -0.893555, -10.803220, -18.005376, -5.493162,Cycling
4689301, -0.174805, -0.213745, -0.965454, -6.652830, -21.606440, -2.258301,Cycling
4689321, -0.199097, -0.194702, -1.034912, -6.103514, -12.084960, -2.990722,Cycling
4689341, -0.140137, -0.275757, -1.036133, -0.854492, -9.460450, -3.173828,Cycling
4689361, -0.150635, -0.229736, -1.028564, -10.925290, -8.605960, -4.943848,Cycling
4689381, -0.061279, 0.012695, -0.959717, -2.258301, -10.681150, -2.563476,Cycling
4689401, -0.038696, 0.101685, -1.006958, -0.061035, -14.099120, -5.371092,Cycling
4689421, -0.135498, 0.110596, -1.053589, 8.972170, -5.065916, -10.742184,Cycling
4689441, -0.185791, -0.133301, -0.993286, 15.624996, 2.258301, -14.160152,Cycling
4689461, -0.273438, -0.141724, -0.999878, 3.540038, 8.666994, -11.047360,Cycling
4689481, -0.118896, -0.079834, -0.868164, 3.906249, 6.286620, -13.427732,Cycling
4689501, -0.098022, 0.046875, -0.885864, 5.737304, -13.916012, -17.333990,Cycling
4689521, -0.462646, -0.153931, -1.053955, 13.183590, -11.962890, -23.925780,Cycling
4689541, -0.534302, -0.519898, -0.918701, 7.934570, -0.122070, -25.390620,Cycling
4689561, -0.198608, -0.275757, -0.778198, -8.789064, -7.446288, -17.272950,Cycling
4689581, -0.182251, -0.103149, -1.026978, 2.441407, -9.155274, -9.338380,Cycling
4689601, -0.196533, -0.332520, -1.053345, 0.793457, 1.342773, -14.160152,Cycling
4689621, -0.133057, -0.100342, -0.938721, 0.610352, -7.446288, -10.986324,Cycling
4689641, -0.369141, -0.236572, -0.994019, 9.460450, -5.981444, -10.803220,Cycling
4689661, -0.113525, -0.342529, -0.794800, 8.544924, -0.061035, -12.084960,Cycling
4689681, -0.212402, -0.286865, -0.937988, 8.178714, -7.629394, -8.544924,Cycling
4689701, -0.284912, -0.304932, -1.005738, 4.638672, -3.417968, -1.525878,Cycling
4689721, -0.221924, -0.179810, -0.969360, -0.366211, 0.976562, -2.624511,Cycling
4689741, -0.140381, -0.201782, -0.979980, -0.854492, -5.859374, -7.263182,Cycling
4689761, 0.000000, -0.173584, -0.847534, 2.441407, -8.361816, -14.587400,Cycling
4689781, -0.235718, -0.281128, -1.031860, 0.427246, -16.723632, -8.544924,Cycling
4689801, -0.261108, -0.120483, -1.024780, -5.615234, 1.708984, -3.112792,Cycling
4689821, -0.169922, -0.179077, -0.902588, 3.540038, -0.366211, -9.155274,Cycling
4689841, -0.242065, -0.303101, -0.914307, 1.464844, -5.676268, -12.145992,Cycling
4689861, -0.294434, -0.316162, -1.001221, -0.305176, -5.737304, -5.432128,Cycling
4689881, -0.314209, -0.271851, -0.942505, -3.356933, -1.098633, -1.525878,Cycling
4689901, -0.268921, -0.130127, -0.973999, -1.037598, -8.056642, -0.183105,Cycling
4689921, -0.249634, -0.183105, -0.988037, 1.037598, -0.915527, -6.408690,Cycling
4689941, -0.141968, -0.234985, -0.930298, -2.807617, 0.122070, -5.065916,Cycling
4689961, -0.149292, -0.031250, -1.015137, -4.760742, -2.563476, -2.807617,Cycling
4689981, -0.196533, -0.199097, -0.910400, 5.493162, 3.356933, -12.512204,Cycling
4690001, -0.224731, -0.252197, -0.893921, 1.098633, -5.249022, -9.277344,Cycling
4690021, -0.342163, -0.303101, -0.951050, 4.089356, -1.281738, -5.493162,Cycling
4690041, -0.229858, -0.331665, -0.918945, -4.028321, 1.098633, -3.784179,Cycling
4690061, -0.180420, -0.306396, -0.802368, 0.549316, -11.901852, -11.047360,Cycling
4690081, -0.342163, -0.329346, -0.875488, -0.061035, -18.798830, -15.258788,Cycling
4690101, -0.245972, -0.343384, -0.865845, 1.220704, -15.014646, -16.906740,Cycling
4690121, -0.201416, -0.323730, -0.868896, 0.671386, -18.615724, -16.235352,Cycling
4690141, -0.230225, -0.390137, -0.771606, 0.915527, -26.123040, -21.240230,Cycling
4690161, -0.166382, -0.274902, -0.817871, -4.211426, -32.897960, -25.756830,Cycling
4690181, -0.332886, -0.441406, -0.884155, -3.784179, -31.005852, -27.709956,Cycling
4690201, -0.259522, -0.469360, -0.755005, -9.643556, -26.489250, -24.108880,Cycling
4690221, -0.249634, -0.313843, -0.777344, -8.117676, -29.785150, -19.348150,Cycling
4690241, -0.289673, -0.353882, -0.849243, -8.483890, -24.536130, -19.165040,Cycling
4690261, -0.327393, -0.455688, -0.906982, -11.779784, -29.052730, -19.348150,Cycling
4690281, -0.339356, -0.377686, -0.952759, -21.606440, -26.916500, -21.301268,Cycling
4690301, -0.236572, -0.343262, -0.863770, -23.193352, -26.184080, -23.193352,Cycling
4690321, -0.091064, -0.203247, -0.786133, -21.179192, -28.015130, -21.545408,Cycling
4690341, -0.315674, -0.095215, -1.338868, -18.554690, -7.202148, -21.606440,Cycling
4690361, -0.155518, -0.091553, -1.261108, -14.770504, -1.892090, -18.066410,Cycling
4690381, -0.277466, -0.072144, -1.265625, -17.700200, 9.887696, -16.235352,Cycling
4690401, -0.223145, 0.047119, -1.202148, -13.488768, 12.084960, -12.634276,Cycling
4690421, -0.261475, 0.035156, -1.127320, -8.972170, 22.399900, -11.047360,Cycling
4690441, -0.406860, 0.026855, -1.177612, -9.643556, 22.094720, -7.202148,Cycling
4690461, -0.332886, 0.018311, -1.110962, -8.911134, 35.949720, -5.859374,Cycling
4690481, -0.308716, -0.064331, -0.984741, -5.859374, 34.057620, -7.019042,Cycling
4690501, -0.277954, 0.027832, -1.011719, -7.934570, 34.179700, -1.892090,Cycling
4690521, -0.316406, -0.069214, -1.100342, -8.789064, 42.785640, 0.915527,Cycling
4690541, -0.147583, 0.014526, -0.998169, -7.263182, 33.996590, -1.647949,Cycling
4690561, -0.368042, -0.096191, -0.969971, -5.554198, 28.808590, -3.234863,Cycling
4690581, -0.289185, -0.316650, -0.768311, -7.385252, 35.827640, -5.249022,Cycling
4690601, -0.361084, -0.155029, -0.849487, -5.798338, 22.705070, 0.793457,Cycling
4690621, -0.300659, -0.354492, -0.854004, -3.967285, 26.062010, 0.183105,Cycling
4690641, -0.343262, -0.370239, -0.904663, -5.798338, 23.071284, -2.807617,Cycling
4690661, 0.201904, -0.258179, -0.606568, -2.990722, 9.338380, -12.451170,Cycling
4690681, -0.414063, -0.110230, -1.039673, 5.615234, 6.652830, -6.286620,Cycling
4690701, -0.107544, -0.095947, -1.049316, 8.117676, 35.644540, -1.342773,Cycling
4690721, -0.086304, -0.113403, -1.148682, 8.789064, 47.363270, -3.295898,Cycling
4690741, 0.138428, 0.000610, -1.004028, 14.343260, 45.227040, -8.544924,Cycling
4690761, -0.103638, 0.021118, -0.882935, 19.348150, 41.259760, -6.591796,Cycling
4690781, -0.117432, 0.265991, -1.090820, 24.719230, 37.963880, -5.310058,Cycling
4690801, -0.386841, -0.189087, -1.106568, 29.174800, 57.617180, -10.070800,Cycling
4690821, -0.334839, -0.321411, -1.011841, 14.648436, 56.152340, -3.540038,Cycling
4690841, -0.165649, -0.115845, -0.930420, 16.906740, 45.349110, 1.892090,Cycling
4690861, -0.314819, -0.353394, -0.915039, 15.075680, 44.799800, 2.868652,Cycling
4690881, -0.162354, -0.371094, -0.829590, 13.793944, 32.165540, 5.615234,Cycling
4690901, -0.287354, -0.481812, -0.922119, 8.605960, 23.559568, 5.554198,Cycling
4690921, -0.239380, -0.421753, -0.926880, 4.211426, 16.967780, 10.864256,Cycling
4690941, -0.079102, -0.399292, -0.803467, 6.835936, 7.263182, 10.192870,Cycling
4690961, -0.068604, -0.389526, -0.779053, 1.403808, -13.305660, 11.779784,Cycling
4690981, 0.056519, -0.316895, -0.918213, 5.371092, -20.812980, 4.394532,Cycling
4691001, 0.013062, -0.374268, -0.963013, -1.403808, -7.507323, 6.469726,Cycling
4691021, 0.157593, -0.270508, -0.750610, -3.723144, -19.042970, 7.507323,Cycling
4691041, 0.080322, -0.143433, -0.816650, 1.708984, -24.719230, 4.028321,Cycling
4691061, -0.021851, -0.314087, -1.060425, 5.493162, -4.272462, 2.990722,Cycling
4691081, 0.143555, -0.261597, -0.981201, 2.929687, -1.831054, 10.925290,Cycling
4691101, -0.039551, -0.168579, -0.981445, 4.821778, -7.568358, 18.981940,Cycling
4691121, -0.031250, -0.037109, -1.096680, 8.239746, 1.342773, 20.507810,Cycling
4691141, -0.105347, -0.174805, -1.126465, 14.770504, 7.080076, 19.226080,Cycling
4691161, -0.180176, -0.182617, -1.118286, 13.488768, 13.793944, 20.568840,Cycling
4691181, -0.091187, -0.095093, -1.083374, 14.587400, 15.869140, 19.348150,Cycling
4691201, -0.156006, -0.088745, -1.045410, 18.676760, 16.784670, 18.249516,Cycling
4691221, -0.226074, -0.119751, -1.054566, 14.648436, 20.935052, 17.700200,Cycling
4691241, -0.211060, -0.126465, -1.064454, 13.732908, 20.812980, 18.615724,Cycling
4691261, -0.062866, -0.175415, -0.903320, 13.916012, 24.353020, 21.057124,Cycling
4691281, -0.114990, -0.140259, -0.907471, 6.591796, 11.596676, 18.798830,Cycling
4691301, -0.051270, -0.104248, -0.893555, 8.605960, 18.310550, 14.892576,Cycling
4691321, -0.208130, -0.176025, -1.074952, 4.333496, 23.498530, 12.817380,Cycling
4691341, -0.033203, -0.316772, -0.981568, 11.352536, 29.724120, 13.244628,Cycling
4691361, -0.104370, -0.354004, -1.017700, 5.065916, 20.568840, 12.939450,Cycling
4691381, 0.026978, -0.326660, -0.906250, 7.629394, 17.761230, 16.296390,Cycling
4691401, 0.040649, -0.214111, -0.844604, 5.737304, 6.896972, 17.944340,Cycling
4691421, -0.144897, -0.422363, -0.921021, 8.544924, 16.174320, 18.005376,Cycling
4691441, -0.044189, -0.487427, -0.856323, 16.845708, 27.526850, 20.080560,Cycling
4691481, -0.069336, -0.481934, -0.795776, 15.319820, 18.310550, 23.620600,Cycling
4691501, -0.101074, -0.518677, -0.666626, 8.666994, 1.159668, 20.874020,Cycling
4691521, -0.129395, -0.565918, -0.714234, 3.784179, -7.934570, 18.554690,Cycling
4691541, -0.076172, -0.612915, -0.725220, 3.479003, 2.502442, 15.624996,Cycling
4691561, 0.159058, -0.745484, -0.808472, -8.605960, -1.342773, 17.272950,Cycling
4691581, 0.241333, -0.497070, -0.789307, -18.798830, -16.662600, 19.714360,Cycling
4691601, 0.177734, -0.465088, -0.763550, -9.704590, -28.320310, 15.869140,Cycling
4691621, 0.090454, -0.455933, -0.773071, -9.643556, -35.156260, 12.145992,Cycling
4691641, 0.015015, -0.322876, -0.885132, -4.272462, -36.621100, 12.145992,Cycling
4691661, 0.080811, -0.396851, -0.788818, -0.427246, -34.240730, 10.925290,Cycling
4691681, -0.038208, -0.371216, -0.849732, -8.361816, -46.447740, 10.009768,Cycling
4691701, -0.198608, -0.251587, -0.912598, -3.540038, -43.518060, 14.038084,Cycling
4691721, -0.256592, -0.466919, -0.858765, -8.544924, -32.592780, 17.944340,Cycling
4691741, -0.161011, -0.464356, -0.865601, -16.784670, -38.818360, 16.906740,Cycling
4691761, -0.200439, -0.434448, -0.888184, -27.404780, -38.330080, 14.160152,Cycling
4691781, -0.171875, -0.401367, -0.973267, -35.827640, -38.024910, 9.216310,Cycling
4691801, -0.071167, -0.312744, -0.841309, -34.790040, -44.677720, 6.164550,Cycling
4691821, -0.187378, -0.336670, -0.839112, -35.034180, -46.020500, 2.502442,Cycling
4691841, -0.159302, -0.177124, -1.088379, -33.996590, -31.372068, -0.488281,Cycling
4691861, -0.133545, -0.211060, -1.059936, -25.939940, -18.676760, -7.873534,Cycling
4691881, -0.031982, -0.111328, -1.013306, -22.338860, -22.033690, -8.605960,Cycling
4691901, -0.199829, -0.193115, -1.156372, -14.099120, -15.136716, -7.995604,Cycling
4691921, -0.072632, -0.228882, -1.211304, -12.268064, -7.568358, -1.831054,Cycling
4691941, -0.129028, -0.270874, -1.154419, -13.854978, -7.446288, 3.356933,Cycling
4691961, 0.024170, -0.061401, -1.009766, -14.892576, -14.404296, 11.108396,Cycling
4691981, -0.084106, 0.042603, -1.004517, -11.901852, -15.014646, 10.192870,Cycling
4692001, -0.284302, -0.037842, -1.115356, -9.826660, -8.850100, 6.042480,Cycling
4692021, -0.284058, -0.092163, -1.095093, -11.901852, 1.525878, -1.831054,Cycling
4692041, -0.260376, -0.050659, -1.097534, -11.962890, -4.028321, -1.525878,Cycling
4692061, -0.277222, -0.089966, -0.978394, -8.422854, -14.221190, -5.187988,Cycling
4692081, -0.191162, 0.025879, -0.990845, -13.854978, -39.123540, -14.709470,Cycling
4692101, -0.416260, -0.149902, -1.069214, -3.051757, -46.630850, -24.230950,Cycling
4692121, -0.495117, -0.520142, -0.934570, -12.329100, -42.114250, -27.282710,Cycling
4692141, -0.132446, -0.393677, -0.719971, -50.292960, -38.452160, -33.630380,Cycling
4692161, -0.122803, -0.080322, -0.806885, -48.461900, -42.297360, -20.812980,Cycling
4692181, -0.298950, -0.311157, -0.876831, -19.592290, -28.686520, -33.630380,Cycling
4692201, -0.305786, -0.406738, -0.845215, -48.767080, -26.428220, -24.047850,Cycling
4692221, -0.311157, 0.083374, -0.973389, -49.987780, -11.474608, -9.582520,Cycling
4692241, -0.192749, 0.040039, -1.117432, -5.737304, 16.662600, -8.789064,Cycling
4692261, -0.218018, -0.206543, -1.089478, 2.441407, 6.042480, 1.708984,Cycling
4692281, -0.567505, -0.189575, -0.973145, 15.991210, 1.220704, 15.502928,Cycling
4692301, -0.298584, -0.166504, -0.843628, 27.221676, 16.479492, 32.592780,Cycling
4692321, -0.124756, -0.161743, -0.933228, 48.950180, 34.179700, 33.874520,Cycling
4692341, -0.198242, -0.421143, -0.952637, 50.170890, 44.311520, 30.151360,Cycling
4692361, -0.088135, -0.328125, -0.885254, 11.474608, 45.166000, 30.090330,Cycling
4692381, -0.039063, 0.103394, -0.889404, 3.234863, 34.729010, 28.503410,Cycling
4692401, -0.052490, -0.059692, -0.935425, 35.827640, 21.240230, 7.751464,Cycling
4692421, 0.142334, -0.169922, -1.047486, 7.568358, 8.605960, 3.112792,Cycling
4692441, 0.121094, 0.134277, -1.151734, 10.437010, -13.854978, 1.708984,Cycling
4692461, -0.156860, -0.081299, -1.182862, 29.418940, -30.212400, 3.173828,Cycling
4692481, -0.159180, -0.089355, -1.084106, 4.394532, -27.160640, 9.521484,Cycling
4692501, -0.110596, 0.129517, -1.121338, 4.699708, -33.447270, 12.939450,Cycling
4692521, -0.133179, 0.031738, -0.912964, 8.361816, -49.804680, 17.578130,Cycling
4692541, -0.525146, 0.039917, -1.005249, 2.502442, -59.875480, 20.507810,Cycling
4692561, -0.605591, -0.074463, -0.947998, 4.638672, -35.644540, 11.657712,Cycling
4692581, -0.305664, 0.100098, -0.925415, -14.953610, -19.836430, 2.319336,Cycling
4692601, -0.430176, 0.072388, -0.970337, 13.793944, -19.287110, -2.136231,Cycling
4692621, -0.512940, -0.156738, -1.013062, -5.004884, 6.103514, -0.244141,Cycling
4692641, -0.420166, -0.007202, -0.975830, 0.183105, 27.160640, -1.525878,Cycling
4692661, -0.318359, -0.177368, -0.973755, -3.967285, 36.987310, -6.103514,Cycling
4692681, -0.191895, -0.035889, -0.925171, -8.361816, 37.658700, -5.920409,Cycling
4692701, -0.330688, -0.067139, -0.900513, 3.234863, 28.442380, -5.249022,Cycling
4692721, -0.399170, -0.143555, -0.775146, 15.014646, 28.259270, -5.249022,Cycling
4692741, -0.555664, -0.455078, -0.643188, 21.850580, 8.972170, -13.549804,Cycling
4692761, -0.539429, -0.379761, -0.682739, 12.756344, 12.451170, -12.390136,Cycling
4692781, -0.371948, -0.337036, -0.841064, 22.399900, 21.057124, -10.559080,Cycling
4692801, -0.183105, -0.438477, -0.760010, 23.986810, 17.150880, -9.277344,Cycling
4692821, -0.072632, -0.339356, -0.806641, 17.761230, 4.882814, -7.568358,Cycling
4692841, -0.066040, -0.255005, -0.971192, 23.193352, -5.310058, -4.089356,Cycling
4692861, -0.228516, -0.471069, -0.946411, 32.226570, -12.451170, -2.014160,Cycling
4692881, -0.064697, -0.419922, -0.924194, 11.596676, -13.854978, 1.342773,Cycling
4692901, 0.048462, -0.129150, -0.913940, 5.004884, -16.174320, 1.403808,Cycling
4692921, -0.140381, -0.151733, -1.031006, 30.151360, -23.986810, -6.591796,Cycling
4692941, -0.465454, -0.515137, -0.956421, 9.582520, -20.385740, -10.681150,Cycling
4692961, -0.242554, -0.044067, -0.950928, -13.000484, -15.441892, -4.211426,Cycling
4692981, -0.430298, 0.013550, -0.972900, 20.324700, -4.089356, -13.000484,Cycling
4693001, -0.345459, -0.429199, -0.906250, 28.259270, -4.882814, -21.484370,Cycling
4693021, -0.527588, -0.390381, -0.784912, 2.075196, -17.700200, -14.648436,Cycling
4693041, -0.659790, -0.217651, -0.811524, 5.432128, -11.901852, -12.451170,Cycling
4693061, -0.607178, -0.219605, -0.979248, 24.841304, 0.488281, -13.916012,Cycling
4693081, -0.464600, -0.472412, -1.054200, 18.005376, 13.793944, -14.953610,Cycling
4693101, -0.040283, -0.232178, -1.089600, 3.540038, 17.944340, -2.075196,Cycling
4693121, 0.086914, -0.108643, -1.079712, 8.850100, 16.174320, 5.371092,Cycling
4693141, 0.103638, 0.004028, -1.067261, 11.657712, 10.498044, 10.864256,Cycling
4693161, -0.330566, -0.226685, -1.138794, 28.930660, 28.503410, -5.371092,Cycling
4693181, -0.194336, -0.276489, -1.011230, 7.690428, 45.043940, -9.460450,Cycling
4693201, -0.137085, -0.078857, -1.024414, 12.634276, 44.372550, -15.502928,Cycling
4693221, -0.162354, -0.361938, -0.890137, 13.671872, 39.489750, -19.104010,Cycling
4693241, -0.215332, -0.423706, -0.814697, 5.859374, 24.719230, -22.460930,Cycling
4693261, -0.291870, -0.444580, -0.806763, 3.356933, 21.423332, -17.761230,Cycling
4693281, -0.329346, -0.412476, -0.888306, -3.234863, 23.803708, -8.605960,Cycling
4693301, -0.236572, -0.157715, -0.748657, 2.807617, 28.137200, -1.525878,Cycling
4693321, -0.317749, -0.283814, -0.932129, 13.549804, 18.066410, 1.708984,Cycling
4693341, -0.467041, -0.552124, -0.720703, 16.235352, 20.324700, -5.371092,Cycling
4693361, -0.204834, -0.610108, -0.655396, 9.521484, 7.873534, -3.173828,Cycling
4693381, -0.107788, -0.363403, -0.843872, 7.019042, -2.807617, -4.150392,Cycling
4693401, -0.082031, -0.557739, -0.889404, 10.070800, 9.521484, -12.268064,Cycling
4693421, 0.139404, -0.650635, -0.759888, 4.028321, 3.967285, -10.375976,Cycling
4693441, 0.056641, -0.481201, -0.733154, -4.943848, -11.596676, 3.112792,Cycling
4693461, -0.018677, -0.178833, -0.850586, 3.784179, -6.896972, -0.915527,Cycling
4693481, -0.078735, -0.390747, -1.051514, 14.648436, 5.920409, -7.995604,Cycling
4693501, -0.217407, -0.839722, -0.856201, 11.291500, 3.051757, -9.460450,Cycling
4693521, -0.229858, -0.603394, -0.638306, -6.103514, -27.282710, 4.577638,Cycling
4693541, -0.275146, -0.292236, -0.831299, 0.793457, -29.968260, 5.004884,Cycling
4693561, -0.356934, -0.484131, -0.903442, 5.187988, -21.606440, 0.671386,Cycling
4693581, -0.140747, -0.644531, -0.737793, 1.159668, -32.409680, -3.295898,Cycling
4693601, -0.281616, -0.337646, -0.831177, -10.192870, -47.485340, 8.361816,Cycling
4693621, -0.247070, -0.400146, -0.959229, -5.737304, -31.066890, -0.610352,Cycling
4693641, -0.171875, -0.531006, -0.942505, -13.549804, -31.249992, -3.112792,Cycling
4693661, -0.142090, -0.353516, -0.833984, -13.427732, -31.616208, -9.460450,Cycling
4693681, -0.206543, -0.380982, -0.844849, -8.361816, -31.555170, -6.347656,Cycling
4693701, -0.395996, -0.263794, -0.898560, -11.596676, -16.784670, -2.380371,Cycling
4693721, -0.230713, -0.091187, -1.018799, -6.286620, 19.470220, -5.249022,Cycling
4693741, -0.128418, -0.185547, -1.175293, -2.624511, 50.964340, -8.239746,Cycling
4693761, -0.000610, -0.188965, -1.220704, -2.502442, 56.091300, -8.300784,Cycling
4693781, -0.123535, -0.258301, -1.167847, -7.324218, 55.114740, -11.718748,Cycling
4693801, -0.000488, -0.254639, -0.955200, -2.075196, 29.846190, -10.131832,Cycling
4693821, -0.302612, -0.222534, -1.011353, -6.225584, 10.437010, -9.216310,Cycling
4693841, -0.283081, -0.524902, -0.874634, -7.446288, 5.859374, -7.385252,Cycling
4693861, -0.238037, -0.238770, -0.850708, -15.136716, -10.681150, -3.051757,Cycling
4693881, -0.359863, -0.202148, -1.019165, -10.131832, -8.117676, -7.629394,Cycling
4693901, -0.186646, -0.370728, -0.838257, -6.164550, -4.516602, -11.474608,Cycling
4693921, -0.348389, -0.610718, -0.838623, -9.216310, -10.925290, -13.854978,Cycling
4693941, -0.105347, -0.508423, -0.852173, -15.563964, -9.826660, -4.821778,Cycling
4693961, 0.027344, -0.359619, -0.855713, -13.854978, -16.052250, 2.136231,Cycling
4693981, -0.063721, -0.254883, -0.946900, -10.375976, -13.488768, 3.356933,Cycling
4694001, -0.172730, -0.318237, -1.011108, -6.591796, -0.427246, 0.915527,Cycling
4694021, -0.006958, -0.222412, -0.977783, -1.647949, 10.131832, -1.464844,Cycling
4694041, -0.055908, -0.154297, -1.044678, -3.234863, 7.873534, -3.906249,Cycling
4694061, -0.067627, -0.222046, -0.989502, 2.746581, 7.690428, -9.460450,Cycling
4694081, -0.121338, -0.298828, -0.861084, 5.249022, -0.488281, -13.549804,Cycling
4694101, -0.231934, -0.430054, -0.856812, 8.544924, -10.009768, -9.338380,Cycling
4694121, -0.417114, -0.441528, -0.856812, -0.610352, -7.141112, -0.976562,Cycling
4694141, -0.290039, -0.274292, -0.845825, -2.807617, -12.145992, 2.502442,Cycling
4694161, -0.397339, -0.301880, -0.906982, -3.967285, -13.854978, 1.342773,Cycling
4694181, -0.255249, -0.396362, -0.863770, -6.225584, -8.789064, 1.220704,Cycling
4694201, -0.162476, -0.395996, -0.797363, -12.145992, -20.935052, 1.770019,Cycling
4694221, -0.256592, 0.017212, -1.044678, -18.737796, -25.573724, 4.882814,Cycling
4694241, -0.205078, -0.157715, -1.093506, -5.187988, -2.319336, -5.126952,Cycling
4694261, -0.098022, -0.451050, -0.894165, -14.587400, -16.235352, -1.831054,Cycling
4694281, -0.204224, -0.065674, -1.020142, -8.056642, -5.676268, 8.300784,Cycling
4694301, -0.076660, -0.171387, -1.035400, -1.586914, 5.432128, 5.798338,Cycling
4694321, -0.179932, -0.264771, -1.094116, 0.915527, 9.155274, 0.549316,Cycling
4694341, -0.119751, -0.207397, -1.026246, -2.685546, 27.893060, 7.263182,Cycling
4694361, -0.081299, -0.115234, -1.038452, 5.554198, 32.470710, 10.986324,Cycling
4694381, -0.199341, -0.174561, -1.116211, 9.399414, 33.447270, 12.634276,Cycling
4694401, -0.233887, -0.219116, -1.060669, 9.338380, 37.841800, 10.803220,Cycling
4694421, -0.171875, -0.271484, -0.923584, 16.906740, 26.428220, 4.455568,Cycling
4694441, -0.213745, -0.332886, -0.858154, 8.178714, 8.850100, 9.521484,Cycling
4694461, -0.200684, -0.275513, -0.756836, 9.277344, -3.051757, 9.277344,Cycling
4694481, -0.290527, -0.548950, -0.880737, 1.831054, -1.403808, 3.173828,Cycling
4694501, -0.256836, -0.388550, -0.804199, -23.315424, 1.525878, 8.422854,Cycling
4694521, -0.134399, -0.168701, -0.883911, -9.887696, 5.432128, 12.451170,Cycling
4694541, -0.096313, -0.240234, -0.988648, -10.375976, 9.338380, 11.108396,Cycling
4694561, -0.042480, -0.304566, -1.027710, 1.342773, 17.333990, 1.586914,Cycling
4694581, -0.055054, -0.451294, -0.975586, -4.028321, 9.643556, 3.417968,Cycling
4694601, -0.151733, -0.329346, -0.924194, -7.568358, 2.990722, 11.901852,Cycling
4694621, -0.095581, -0.267700, -0.752197, -5.798338, 5.187988, 14.953610,Cycling
4694641, -0.003296, -0.082764, -0.890869, -5.676268, -2.746581, 18.005376,Cycling
4694661, -0.362427, -0.241699, -1.080811, 3.173828, 10.864256, 8.850100,Cycling
4694681, -0.181152, -0.376099, -0.870972, 1.037598, 27.282710, 1.098633,Cycling
4694701, -0.170044, -0.441895, -0.724976, -10.925290, -6.835936, 8.422854,Cycling
4694721, -0.218140, -0.133545, -0.862183, -8.483890, -15.197750, 4.577638,Cycling
4694741, -0.423950, -0.617676, -0.770630, 8.483890, -18.615724, -6.103514,Cycling
4694761, -0.349609, -0.700684, -0.720703, -19.042970, -22.766110, -4.943848,Cycling
4694781, -0.178711, -0.293457, -0.786987, -17.395020, -24.475090, 4.882814,Cycling
4694801, -0.192993, -0.365234, -0.982056, -18.249516, -23.071284, 3.417968,Cycling
4694821, -0.029297, -0.480103, -0.999024, -11.108396, -11.047360, -8.666994,Cycling
4694841, 0.182739, -0.500488, -0.787232, -24.230950, -26.489250, -5.615234,Cycling
4694861, 0.032227, -0.068237, -0.996826, -31.555170, -33.874520, 9.521484,Cycling
4694881, -0.050537, 0.010864, -1.154053, -9.643556, -16.723632, 9.094240,Cycling
4694901, -0.190186, -0.289063, -1.185669, -5.615234, -4.272462, -1.464844,Cycling
4694921, -0.024414, 0.058838, -1.077515, -7.934570, -8.789064, 10.803220,Cycling
4694941, -0.338013, -0.042114, -1.109131, 1.708984, 2.563476, 11.169430,Cycling
4694961, -0.197144, -0.153198, -1.073608, 1.220704, 10.925290, 5.981444,Cycling
4694981, -0.234619, -0.240723, -1.015259, -0.976562, 7.385252, 0.488281,Cycling
4695001, -0.209839, -0.132813, -0.931763, -5.310058, -0.183105, 4.394532,Cycling
4695021, -0.474854, -0.167480, -1.008423, -5.920409, -4.089356, 8.361816,Cycling
4695041, -0.425903, -0.169189, -0.962646, -5.920409, 2.441407, 2.136231,Cycling
4695061, -0.343262, -0.350098, -0.887451, -6.103514, -2.258301, -3.540038,Cycling
4695081, -0.194946, -0.299805, -0.913818, -17.761230, -8.605960, -6.286620,Cycling
4695101, -0.220337, -0.196045, -0.987671, -11.352536, -11.657712, -4.577638,Cycling
4695121, -0.255982, -0.252441, -1.025635, -14.953610, 3.540038, -15.930172,Cycling
4695141, 0.001221, -0.199951, -0.996948, -3.967285, 7.141112, 11.474608,Cycling
4695161, 0.036987, -0.024902, -1.050660, -3.723144, 8.300784, -9.399414,Cycling
4695181, -0.104736, -0.239868, -0.981934, 15.136716, 8.056642, 1.708984,Cycling
4695201, 0.024414, -0.209229, -0.895874, 7.446288, 7.690428, 1.220704,Cycling
4695221, -0.110474, -0.100708, -1.022705, 13.793944, 0.061035, 4.516602,Cycling
4695241, -0.205566, -0.248657, -0.897339, 16.235352, 9.643556, 2.075196,Cycling
4695261, -0.234009, -0.177734, -0.896362, 15.563964, 7.385252, 5.126952,Cycling
4695281, -0.485230, -0.411255, -0.845581, 20.080560, 3.723144, 7.263182,Cycling
4695301, -0.322632, -0.322388, -0.800415, -1.525878, 11.047360, 10.803220,Cycling
4695321, -0.325073, -0.273682, -0.899658, 3.356933, 4.699708, 11.962890,Cycling
4695341, -0.150757, -0.317383, -0.848389, -11.535644, -3.723144, 5.676268,Cycling
4695361, -0.198608, -0.122070, -0.957154, -9.521484, -11.535644, 7.446288,Cycling
4695381, -0.200928, -0.141846, -1.105713, -6.896972, 3.173828, 8.422854,Cycling
4695401, -0.001221, -0.122192, -1.124878, -9.155274, 12.573240, 9.216310,Cycling
4695421, 0.043579, -0.062378, -1.130494, -5.310058, 13.488768, 5.554198,Cycling
4695501, -0.051147, -0.055176, -1.281128, 4.516602, -10.681150, 1.586914,Cycling
4695521, -0.070435, -0.006104, -1.280396, 6.774902, -46.874990, -1.953124,Cycling
4695541, -0.337158, -0.044067, -1.008667, 12.084960, -69.335940, -6.835936,Cycling
4695561, -0.392090, -0.186890, -0.878418, 25.817870, -43.212880, -4.760742,Cycling
4695581, -0.257935, -0.216553, -0.767578, 13.549804, -18.676760, -1.586914,Cycling
4695601, -0.222412, -0.140259, -0.777466, 19.409180, -7.812498, 1.281738,Cycling
4695621, -0.235107, -0.318359, -0.800537, 13.671872, -3.784179, 2.319336,Cycling
4695641, -0.278320, -0.229248, -0.744263, 6.896972, -4.455568, 2.929687,Cycling
4695661, -0.337158, -0.246826, -0.756348, 9.277344, 2.563476, -0.122070,Cycling
4695681, -0.264526, -0.257080, -0.795654, 10.498044, 1.220704, -3.662109,Cycling
4695701, -0.232422, -0.238281, -0.719849, 6.774902, -7.690428, -5.004884,Cycling
4695721, -0.294190, -0.153198, -0.723633, 9.521484, -9.460450, -2.380371,Cycling
4695741, -0.322510, -0.229248, -0.821900, 11.413570, 4.577638, -6.164550,Cycling
4695761, -0.195313, -0.302856, -0.928345, 9.887696, 4.089356, -6.347656,Cycling
4695781, -0.184448, -0.265015, -0.859009, 10.253904, -6.774902, -4.455568,Cycling
4695801, -0.011230, -0.214966, -0.896606, 12.512204, -11.047360, -1.037598,Cycling
4695821, -0.037354, -0.264771, -0.892944, 26.489250, -29.907220, 2.258301,Cycling
4695841, -0.324829, -0.338989, -0.897949, 30.212400, -25.329584, 5.920409,Cycling
4695861, -0.453491, -0.413208, -0.867676, 23.193352, -0.671386, 13.183590,Cycling
4695881, -0.435303, -0.177734, -0.867798, 8.239746, 33.447270, 16.845708,Cycling
4695901, -0.324951, -0.197754, -0.856445, 26.977532, 41.870110, 7.812498,Cycling
4695921, -0.395508, -0.464722, -0.847290, 22.338860, 28.137200, -1.342773,Cycling
4695941, -0.432861, -0.440796, -0.793579, 8.300784, 19.470220, -3.051757,Cycling
4695961, -0.268555, -0.461304, -0.838745, 16.418460, 7.751464, -5.676268,Cycling
4695981, -0.140625, -0.552368, -0.832886, 9.948730, -5.310058, -6.164550,Cycling
4696001, -0.124023, -0.509033, -0.764282, 10.986324, -22.888180, -1.586914,Cycling
4696021, -0.156616, -0.428345, -0.802368, -2.868652, -20.690910, 4.089356,Cycling
4696041, -0.130737, -0.202026, -0.996948, -1.708984, -11.840818, 6.835936,Cycling
4696061, 0.048462, -0.451416, -0.818237, 17.272950, -20.690910, -8.544924,Cycling
4696081, -0.000366, -0.536133, -0.696411, -2.502442, -45.776360, -16.662600,Cycling
4696101, -0.318970, -0.211548, -0.833740, -12.451170, -44.433580, -10.742184,Cycling
4696121, -0.313721, -0.271240, -0.837402, 11.352536, -39.123540, -5.859374,Cycling
4696141, -0.287476, -0.614380, -0.695679, 5.310058, -52.246080, -9.948730,Cycling
4696161, -0.399292, -0.586060, -0.685547, -25.695796, -57.312000, -10.131832,Cycling
4696181, -0.528320, -0.399658, -0.808228, -23.925780, -53.588860, -4.577638,Cycling
4696201, -0.467896, -0.509766, -0.921265, -27.038570, -33.935560, -8.361816,Cycling
4696221, -0.294312, -0.359619, -0.949829, -39.611820, -23.071284, -14.099120,Cycling
4696241, -0.235840, 0.117676, -1.124146, -20.874020, -18.981940, -10.498044,Cycling
4696261, -0.371338, -0.256958, -1.281738, -16.479492, 5.493162, -17.883300,Cycling
4696281, -0.089722, -0.064697, -1.153076, -8.789064, -2.075196, -19.592290,Cycling
4696301, -0.258789, -0.219727, -1.175293, -13.427732, 9.582520, -19.958500,Cycling
4696321, -0.147583, 0.043945, -1.071778, -9.155274, 0.000000, -15.441892,Cycling
4696341, -0.312866, -0.175781, -1.065186, -11.718748, 16.662600, -19.226080,Cycling
4696361, -0.388306, -0.418579, -0.983765, -13.183590, 15.319820, -25.451652,Cycling
4696381, -0.206665, -0.166870, -0.917480, -18.310550, 12.084960, -16.418460,Cycling
4696401, -0.530762, -0.181763, -0.933716, -14.770504, 11.779784, -8.605960,Cycling
4696421, -0.378784, -0.293823, -0.790528, -15.808104, 8.483890, -8.911134,Cycling
4696441, -0.592774, -0.544068, -0.592163, -9.521484, -18.920900, -18.310550,Cycling
4696461, -0.538574, -0.356323, -0.801758, -8.605960, -34.240730, -9.460450,Cycling
4696481, -0.345093, -0.418579, -0.889282, -4.516602, -17.517090, -8.605960,Cycling
4696501, -0.201782, -0.362427, -0.971192, -6.164550, -21.789548, -10.070800,Cycling
4696521, -0.169800, -0.566650, -0.738037, -1.403808, -25.573724, -18.249516,Cycling
4696541, -0.160278, -0.523560, -0.773316, -5.310058, -29.418940, -16.174320,Cycling
4696561, -0.203857, -0.216919, -0.997559, -6.103514, -25.024410, -11.596676,Cycling
4696581, -0.323486, -0.331055, -0.849854, -1.159668, -28.808590, -19.653320,Cycling
4696601, -0.335693, -0.373291, -0.788208, -3.234863, -29.357908, -24.841304,Cycling
4696621, -0.465454, -0.408814, -0.757324, -5.004884, -39.123540, -27.221676,Cycling
4696641, -0.330444, -0.310303, -0.760742, -3.906249, -33.813480, -20.263670,Cycling
4696661, -0.404297, -0.198120, -0.885498, -4.638672, -30.456540, -16.906740,Cycling
4696681, -0.482544, -0.464844, -0.935669, -7.812498, -38.574220, -22.583000,Cycling
4696701, -0.220947, -0.293945, -0.834473, -5.920409, -49.926750, -17.700200,Cycling
4696721, -0.556274, -0.227173, -0.945923, -4.394532, -35.705570, -11.291500,Cycling
4696741, -0.394043, -0.272705, -0.810669, -1.037598, -35.644540, -11.901852,Cycling
4696761, -0.515625, -0.123413, -1.050415, 0.000000, -23.315424, -9.216310,Cycling
4696781, -0.342041, -0.135010, -1.137207, -5.859374, -9.338380, -13.671872,Cycling
4696801, -0.370483, -0.267090, -1.108398, -10.131832, -1.403808, -18.615724,Cycling
4696821, -0.375000, -0.103516, -1.134156, -14.587400, 1.098633, -18.920900,Cycling
4696841, -0.451416, -0.155884, -1.079346, -19.409180, 15.502928, -21.179192,Cycling
4696861, -0.333130, -0.225586, -0.700928, -18.188480, 3.356933, -24.719230,Cycling
4696881, -0.614258, -0.163452, -1.108154, -23.315424, 22.827140, -23.193352,Cycling
4696901, -0.383789, -0.156738, -0.944336, -22.888180, 20.568840, -18.676760,Cycling
4696921, -0.504639, -0.108643, -0.904541, -18.432620, 17.395020, -13.427732,Cycling
4696941, -0.523316, -0.164917, -0.833130, -12.817380, 18.920900, -10.864256,Cycling
4696961, -0.439941, -0.363037, -0.814697, -14.160152, 15.624996, -12.939450,Cycling
4696981, -0.530152, -0.076294, -0.937256, -13.671872, 9.582520, -9.277344,Cycling
4697001, -0.348267, -0.110474, -0.809082, -13.610836, 14.892576, -7.751464,Cycling
4697021, -0.395996, -0.090454, -0.832031, -11.535644, 11.474608, -6.835936,Cycling
4697041, -0.373901, -0.239258, -0.921875, -10.803220, 17.639160, -8.178714,Cycling
4697061, -0.282471, -0.211914, -0.890259, -11.047360, 11.413570, -6.835936,Cycling
4697081, -0.369263, -0.188355, -0.988159, -10.131832, 11.047360, -0.915527,Cycling
4697101, -0.183228, 0.006714, -1.000732, -2.807617, 18.005376, 1.770019,Cycling
4697121, -0.311279, -0.048706, -1.056152, -0.793457, 22.766110, 0.732422,Cycling
4697141, -0.258301, 0.075073, -1.115845, 4.821778, 33.386240, 4.028321,Cycling
4697161, -0.231567, -0.087158, -1.016358, 10.681150, 38.757330, 6.408690,Cycling
4697181, -0.504761, -0.064209, -1.027588, 11.779784, 32.531740, 11.047360,Cycling
4697201, -0.488525, -0.100586, -0.882202, 19.653320, 37.719730, 8.239746,Cycling
4697221, -0.424561, -0.071777, -0.918945, 23.315424, 35.339360, 5.432128,Cycling
4697241, -0.461548, -0.206055, -0.933472, 24.047850, 38.391120, 5.615234,Cycling
4697261, -0.401611, -0.143188, -0.919678, 22.705070, 38.574220, 7.202148,Cycling
4697281, -0.444092, -0.254517, -0.851318, 17.822270, 42.053220, 7.812498,Cycling
4697301, -0.442383, -0.224854, -0.882690, 15.075680, 39.306640, 5.981444,Cycling
4697321, -0.214478, -0.499024, -0.680176, 12.634276, 37.536620, 1.647949,Cycling
4697341, -0.410767, -0.431152, -0.731690, 1.586914, 25.512690, 4.028321,Cycling
4697361, -0.415405, -0.426270, -0.663330, 5.798338, 20.324700, 7.751464,Cycling
4697381, -0.405151, -0.504883, -0.625366, 1.281738, 18.676760, 0.976562,Cycling
4697401, -0.173584, -0.522461, -0.648071, 4.821778, -0.793457, -2.197266,Cycling
4697441, -0.001709, -0.357544, -0.746338, -5.737304, -8.056642, 1.892090,Cycling
4697461, -0.190430, -0.227051, -0.869385, -5.737304, -16.052250, -2.441407,Cycling
4697481, -0.255005, -0.524414, -0.975464, 0.793457, -4.882814, -9.704590,Cycling
4697501, -0.088989, -0.457642, -0.920654, -15.624996, -9.704590, -6.164550,Cycling
4697521, -0.055664, -0.177612, -0.903564, -6.164550, -2.868652, -0.976562,Cycling
4697541, -0.042725, -0.232422, -1.092652, -3.417968, -9.948730, -1.525878,Cycling
4697561, -0.270996, -0.215088, -1.185547, -4.577638, -6.103514, 2.563476,Cycling
4697581, -0.278809, -0.063721, -1.211426, -0.427246, 8.911134, 6.774902,Cycling
4697601, -0.068237, -0.125855, -0.972046, 0.915527, 13.793944, 10.314940,Cycling
4697621, -0.229126, 0.026855, -1.097168, 6.591796, 9.033204, 7.385252,Cycling
4697641, -0.383423, -0.119629, -1.073364, 8.239746, 20.996090, 6.591796,Cycling
4697661, -0.351196, -0.087280, -0.944092, 5.981444, 23.986810, 7.507323,Cycling
4697681, -0.532227, -0.155396, -1.032227, 7.019042, 22.521970, 9.216310,Cycling
4697701, -0.293701, -0.165527, -0.906616, 2.990722, 30.456540, 10.803220,Cycling
4697721, -0.382202, -0.160889, -0.917480, -1.281738, 20.812980, 8.911134,Cycling
4697741, -0.347412, -0.124878, -0.952026, 2.685546, 29.968260, 17.150880,Cycling
4697761, -0.172730, -0.242310, -0.835327, -1.831054, 30.212400, 13.000484,Cycling
4697781, -0.220093, -0.098267, -1.019776, -3.112792, 27.709956, 13.854978,Cycling
4697801, -0.223145, -0.178223, -1.012574, 2.807617, 39.428720, 15.258788,Cycling
4697821, -0.108276, -0.264893, -0.942383, 0.488281, 36.987310, 21.728510,Cycling
4697841, -0.165772, -0.148560, -1.025391, 0.610352, 34.362800, 19.531250,Cycling
4697861, -0.151001, -0.277832, -0.943115, 5.798338, 39.001470, 18.737796,Cycling
4697881, -0.003784, -0.234375, -0.901489, 4.577638, 25.817870, 15.991210,Cycling
4697901, -0.328247, -0.383057, -1.011230, 7.019042, 29.418940, 16.235352,Cycling
4697921, -0.118164, -0.239014, -0.834351, 9.704590, 31.555170, 16.418460,Cycling
4697941, -0.211670, -0.204590, -0.909546, 13.183590, 29.357908, 17.761230,Cycling
4697961, -0.224487, -0.260010, -1.006958, 9.704590, 34.301760, 22.583000,Cycling
4697981, -0.208374, -0.375366, -0.884155, 13.854978, 34.240730, 23.498530,Cycling
4698001, -0.290772, -0.421509, -0.950806, 7.995604, 31.616208, 24.536130,Cycling
4698021, -0.221802, -0.404053, -0.764282, 9.399414, 31.677240, 23.132320,Cycling
4698041, -0.057129, -0.348389, -0.688354, 6.103514, 18.554690, 21.911620,Cycling
4698061, -0.096069, -0.444946, -0.884155, 8.056642, 10.498044, 23.010250,Cycling
4698081, -0.111084, -0.392456, -0.958130, 1.953124, 22.460930, 23.315424,Cycling
4698101, 0.031250, -0.338745, -0.939942, 4.516602, 17.089850, 22.827140,Cycling
4698121, 0.014038, -0.207886, -0.971070, -0.061035, 20.141600, 21.545408,Cycling
4698141, 0.156128, -0.246338, -0.947388, 10.498044, 17.333990, 19.165040,Cycling
4698161, -0.214600, -0.399780, -0.915283, 9.460450, 18.920900, 21.179192,Cycling
4698181, 0.171143, -0.297608, -0.846192, 9.704590, 21.179192, 11.230468,Cycling
4698201, -0.528931, -0.533692, -1.218506, -1.770019, -0.671386, 25.451652,Cycling
4698221, -0.234741, -0.214355, -0.913208, -0.427246, 33.142100, 23.315424,Cycling
4698241, 0.154053, -0.606323, -0.608398, 5.615234, 9.948730, 13.977050,Cycling
4698261, -0.216675, -0.540405, -0.764526, -4.516602, -9.704590, 19.287110,Cycling
4698281, -0.151245, -0.594849, -0.882690, -6.469726, -2.929687, 26.245110,Cycling
4698301, -0.078491, -0.434814, -0.843384, -18.310550, -2.136231, 26.977532,Cycling
4698321, 0.118652, -0.348511, -0.875610, -11.779784, -8.483890, 18.188480,Cycling
4698341, 0.163696, -0.325317, -0.924316, -14.038084, -17.944340, 18.127448,Cycling
4698361, 0.129761, -0.049561, -0.893555, -5.676268, -19.775390, 18.798830,Cycling
4698381, 0.102051, -0.201050, -1.050538, 12.939450, -12.023924, 18.798830,Cycling
4698401, -0.004395, -0.328369, -0.959473, 9.704590, 5.737304, 13.061520,Cycling
4698421, 0.106567, -0.368286, -1.061402, 12.695310, 9.704590, 20.324700,Cycling
4698441, -0.042847, -0.402100, -0.986084, 10.192870, 5.859374, 20.935052,Cycling
4698461, -0.203857, -0.398682, -0.776856, 21.972650, 1.770019, 18.066410,Cycling
4698481, -0.155884, -0.443848, -0.729248, 11.657712, -11.901852, 18.310550,Cycling
4698501, -0.205200, -0.428833, -0.794800, 2.746581, -23.437492, 16.235352,Cycling
4698521, -0.210693, -0.529297, -0.707764, 0.366211, -25.756830, 10.253904,Cycling
4698541, 0.014893, -0.458252, -0.789673, -16.906740, -41.870110, 12.451170,Cycling
4698561, -0.177002, -0.329834, -0.817993, -10.925290, -44.311520, 5.432128,Cycling
4698581, -0.046875, -0.448486, -0.847656, -10.070800, -45.593250, 4.760742,Cycling
4698601, -0.046631, -0.393311, -0.910400, -17.578130, -44.921860, 2.502442,Cycling
4698621, -0.086670, -0.381470, -0.884644, -12.145992, -45.227040, -0.854492,Cycling
4698641, -0.094360, -0.295410, -1.083008, -22.827140, -43.029780, -1.220704,Cycling
4698681, 0.043091, -0.100342, -1.017090, -8.911134, -37.963880, -9.399414,Cycling
4698701, -0.057495, -0.045532, -1.215820, -7.568358, -31.127924, -8.056642,Cycling
4698721, -0.034790, -0.012085, -1.170654, -2.746581, -14.587400, -11.047360,Cycling
4698741, 0.031982, -0.058228, -1.065430, 0.793457, -12.756344, -10.559080,Cycling
4698761, 0.043335, 0.174683, -1.087402, 1.098633, -17.517090, -3.417968,Cycling
4698781, -0.417358, 0.021973, -1.217163, 11.230468, 0.000000, -11.474608,Cycling
4698801, -0.335205, -0.254395, -1.063477, 11.535644, 9.948730, -16.784670,Cycling
4698821, -0.450562, -0.363648, -0.842774, 2.807617, 3.662109, -13.916012,Cycling
4698841, -0.394531, -0.256470, -0.866944, 3.417968, -14.099120, 5.126952,Cycling
4698861, -0.442261, -0.367066, -0.959106, -1.098633, -11.413570, 3.662109,Cycling
4698881, -0.398682, -0.429443, -0.929566, -11.718748, -8.422854, -1.159668,Cycling
4698901, -0.107910, -0.242432, -0.783447, -14.587400, -18.066410, -2.624511,Cycling
4698921, -0.136230, -0.150513, -0.964112, -14.221190, -26.062010, -7.080076,Cycling
4698941, -0.135620, -0.381104, -0.900513, -2.929687, -25.817870, -15.441892,Cycling
4698961, -0.149902, -0.403076, -0.935669, -17.944340, -27.465816, -19.409180,Cycling
4698981, -0.070068, -0.123413, -1.000854, -11.901852, -24.902340, -18.493652,Cycling
4699001, -0.117920, -0.193481, -1.020874, -6.225584, -21.423332, -19.775390,Cycling
4699021, -0.104248, -0.348145, -0.904419, -0.610352, -25.695796, -25.329584,Cycling
4699041, -0.217407, -0.298462, -0.880249, -7.080076, -23.742670, -23.376460,Cycling
4699061, -0.330322, -0.310669, -0.907471, 5.981444, -17.089850, -15.563964,Cycling
4699081, -0.239014, -0.230957, -0.985596, 3.112792, -8.239746, -11.718748,Cycling
4699101, -0.322266, -0.328369, -0.948364, 12.695310, -11.840818, -11.535644,Cycling
4699121, -0.323364, -0.365845, -0.941650, 4.882814, -13.671872, -6.225584,Cycling
4699141, -0.209229, -0.178833, -0.841187, 3.967285, -17.456060, -4.577638,Cycling
4699161, -0.308716, -0.271606, -0.841675, 11.047360, -25.634760, -5.615234,Cycling
4699181, -0.273193, -0.340454, -0.889282, 5.737304, -20.996090, -7.141112,Cycling
4699201, -0.279297, -0.317139, -0.978150, -6.530760, -12.084960, -8.361816,Cycling
4699221, -0.133789, -0.191895, -0.963623, -9.216310, -12.023924, -7.324218,Cycling
4699241, -0.058838, -0.062500, -1.000732, -9.033204, -4.882814, -7.263182,Cycling
4699261, -0.106201, -0.215820, -1.055054, 7.873534, 6.164550, -10.498044,Cycling
4699281, -0.362549, -0.346436, -0.928833, -8.056642, 2.441407, -4.028321,Cycling
4699301, -0.544678, -0.265869, -0.974610, 7.202148, 1.281738, -5.920409,Cycling
4699321, -0.277466, -0.519287, -0.780396, 6.469726, -4.394532, -16.235352,Cycling
4699341, -0.359863, -0.354980, -0.824097, 2.502442, -27.282710, -15.869140,Cycling
4699361, -0.422241, -0.304443, -0.953247, 6.652830, -18.493652, -15.930172,Cycling
4699541, -0.065430, -0.288086, -1.076904, -10.742184, 20.141600, -16.235352,Cycling
4699621, -0.773682, -0.054688, -0.985230, -13.854978, -7.568358, -18.493652,Cycling
4699681, -0.293091, -0.333130, -0.854126, -14.099120, -19.836430, -8.728030,Cycling
4699701, -0.394775, -0.282349, -0.884278, -7.141112, 0.366211, -3.601074,Cycling
4699721, -0.171265, -0.348022, -0.917236, -16.235352, -1.098633, 3.173828,Cycling
4699741, -0.224976, -0.096924, -1.022339, -5.493162, 10.070800, -3.601074,Cycling
4699761, -0.171753, -0.420288, -0.806152, 7.507323, 5.798338, -9.643556,Cycling
4699781, -0.302490, -0.426880, -0.856445, -6.774902, 1.342773, -12.207030,Cycling
4699801, -0.208984, -0.397339, -0.876831, -2.990722, -0.122070, -8.117676,Cycling
4699821, -0.307495, -0.378540, -0.883179, -7.202148, -5.737304, -4.760742,Cycling
4699841, -0.255737, -0.211670, -0.859619, -10.437010, -5.371092, -2.929687,Cycling
4699861, -0.258301, -0.092773, -0.936035, -3.479003, -5.065916, -6.286620,Cycling
4699881, -0.296265, -0.335083, -0.993164, -0.793457, 5.126952, -12.329100,Cycling
4699901, -0.198730, -0.339478, -1.002198, -11.474608, 9.155274, -11.840818,Cycling
4699921, -0.236938, -0.292969, -0.988892, -16.235352, 1.586914, -0.854492,Cycling
4699941, -0.253540, 0.021118, -0.975342, -6.530760, 6.225584, 2.380371,Cycling
4699961, -0.398438, -0.151855, -1.032959, 4.333496, 13.244628, 2.807617,Cycling
4699981, -0.188110, -0.115967, -1.006714, -0.671386, 14.099120, 11.474608,Cycling
4700001, -0.379517, -0.053955, -1.094116, -0.610352, 16.479492, 8.544924,Cycling
4700021, -0.288330, -0.202148, -0.999756, 5.981444, 21.484370, 6.652830,Cycling
4700041, -0.123169, -0.003662, -0.863404, -16.052250, 8.911134, 13.854978,Cycling
4700061, -0.327759, 0.241089, -1.052734, 4.455568, 14.343260, 5.737304,Cycling
4700082, -0.399902, -0.036987, -1.130982, 18.066410, 37.231450, 3.112792,Cycling
4700142, -0.231201, 0.004395, -1.053711, 25.146480, 48.706040, 10.925290,Cycling
4700162, -0.172485, -0.137695, -1.092286, 24.902340, 46.630850, 2.136231,Cycling
4700182, -0.131958, -0.034546, -0.918579, 29.235832, 42.968740, -4.211426,Cycling
4700202, -0.241455, -0.218018, -0.916626, 29.113768, 34.667980, -0.244141,Cycling
4700222, -0.352661, -0.272705, -1.063965, 27.343748, 44.250480, 4.943848,Cycling
4700242, -0.183960, -0.593262, -0.799683, 23.986810, 50.109860, 10.253904,Cycling
4700262, -0.138062, -0.400391, -0.791138, 11.779784, 24.353020, 7.263182,Cycling
4700282, -0.279297, -0.399292, -0.966431, 11.840818, 33.813480, 11.657712,Cycling
4700302, -0.078491, -0.445313, -0.859253, 9.826660, 41.625960, 13.122556,Cycling
4700322, -0.128418, -0.409668, -0.770142, 11.291500, 24.658200, 12.084960,Cycling
4700342, -0.293945, -0.440430, -0.774902, 7.446288, 19.409180, 10.559080,Cycling
4700362, -0.025513, -0.515991, -0.609986, 8.544924, 15.563964, 9.948730,Cycling
4700382, -0.213013, -0.624268, -0.703491, -3.356933, 6.713866, 17.150880,Cycling
4700402, -0.021362, -0.530640, -0.592529, -3.845214, 10.864256, 19.958500,Cycling
4700422, -0.093262, -0.671021, -0.709717, -8.666994, -2.197266, 15.747068,Cycling
4700442, -0.162598, -0.628052, -0.824463, -12.268064, -1.098633, 11.169430,Cycling
4700462, 0.013062, -0.576538, -0.791260, -15.502928, -11.535644, 5.920409,Cycling
4700482, 0.229614, -0.452148, -0.709961, -20.690910, -27.587884, 3.662109,Cycling
4700502, 0.346069, -0.337036, -0.769043, -10.009768, -44.982900, 1.953124,Cycling
4700522, 0.010498, -0.398071, -1.044556, -13.122556, -50.292960, 0.915527,Cycling
4700542, 0.052490, -0.359741, -1.019776, -10.253904, -39.489750, -2.502442,Cycling
4700562, 0.015991, -0.315674, -0.883667, -13.244628, -40.283200, -2.807617,Cycling
4700582, -0.031860, -0.271606, -0.991455, -3.967285, -36.499030, -0.488281,Cycling
4700602, -0.202637, -0.383179, -0.948120, 0.183105, -35.522460, 3.173828,Cycling
4700622, -0.152588, -0.298340, -0.897705, -1.220704, -37.475590, 6.958006,Cycling
4700642, -0.268677, -0.139404, -1.064454, -4.150392, -22.583000, 12.023924,Cycling
4700662, -0.236206, -0.122803, -1.204346, 2.319336, -10.314940, 13.854978,Cycling
4700682, -0.196533, -0.261719, -1.058228, -0.915527, -3.234863, 9.338380,Cycling
4700702, -0.022217, -0.045776, -0.983398, -3.662109, -17.517090, 8.789064,Cycling
4700722, -0.223389, -0.123047, -1.075684, 1.831054, -14.038084, 8.117676,Cycling
4700742, -0.282715, -0.239380, -1.034302, -1.892090, -2.929687, 8.056642,Cycling
4700762, -0.361450, -0.235718, -1.049072, -2.380371, 3.173828, 3.967285,Cycling
4700782, -0.065186, -0.065796, -1.067139, -9.216310, 9.399414, 1.831054,Cycling
4700802, -0.143066, -0.178101, -1.083740, -3.540038, 9.948730, -1.892090,Cycling
4700822, -0.147583, -0.273560, -0.989014, -5.798338, 10.803220, 0.976562,Cycling
4700842, -0.206665, -0.259277, -0.858643, -4.028321, 4.760742, 0.793457,Cycling
4700862, -0.381104, -0.394898, -0.879395, -0.549316, -0.488281, 2.563476,Cycling
4700882, -0.323608, -0.498413, -0.726685, -3.356933, -5.310058, -2.868652,Cycling
4700902, -0.262207, -0.490112, -0.654907, -0.183105, -24.169920, -7.690428,Cycling
4700922, -0.351074, -0.470947, -0.812622, -7.019042, -29.724120, -7.873534,Cycling
4700942, -0.170654, -0.482910, -0.851318, -3.295898, -28.381340, -6.164550,Cycling
4700962, -0.189819, -0.549072, -0.837402, -12.695310, -38.146980, -7.324218,Cycling
4700982, -0.099243, -0.344360, -0.753784, -8.911134, -43.090810, -8.972170,Cycling
4701002, -0.129883, -0.428345, -0.822022, -1.037598, -33.020020, 1.403808,Cycling
4701022, -0.120117, -0.474121, -0.809082, -6.103514, -35.644540, 2.929687,Cycling
4701042, -0.148438, -0.309937, -0.787598, -6.103514, -35.217290, 4.394532,Cycling
4701062, -0.346680, -0.321289, -0.929077, -7.080076, -30.517570, 7.202148,Cycling
4701082, -0.248779, -0.209961, -0.904785, -7.995604, -9.765626, -2.014160,Cycling
4701102, -0.419556, -0.206665, -0.995362, -4.577638, 2.197266, -2.319336,Cycling
4701122, -0.277466, -0.322388, -0.877564, -8.911134, 14.526364, -7.446288,Cycling
4701142, -0.165039, -0.149414, -1.013550, -10.681150, 3.784179, -1.098633,Cycling
4701162, -0.110840, -0.059814, -1.161866, -6.835936, 7.873534, -0.976562,Cycling
4701182, -0.193237, -0.128174, -1.151368, -3.234863, 1.342773, -1.220704,Cycling
4701202, -0.288574, -0.098267, -1.156616, -6.408690, 7.568358, -4.882814,Cycling
4701222, -0.188965, -0.061035, -1.205811, -13.916012, 7.568358, -1.098633,Cycling
4701242, -0.250244, -0.056641, -1.057373, -7.751464, 8.605960, -5.859374,Cycling
4701262, -0.196289, -0.048096, -0.998902, -9.765626, 6.713866, -4.272462,Cycling
4701282, -0.283569, 0.006104, -1.003906, -1.586914, -0.061035, -2.807617,Cycling
4701302, -0.507080, -0.232422, -1.068482, -0.732422, 3.173828, 5.981444,Cycling
4701322, -0.205933, -0.208496, -0.994141, -13.427732, 14.892576, -2.746581,Cycling
4701342, -0.196289, -0.100952, -0.995484, -11.657712, 5.310058, -3.112792,Cycling
4701362, -0.008789, 0.083740, -0.885254, -17.578130, -5.737304, -5.371092,Cycling
4701382, -0.164063, 0.249146, -1.051636, -2.685546, -13.916012, -8.483890,Cycling
4701402, -0.355591, -0.052856, -1.116578, 5.187988, 5.432128, -7.263182,Cycling
4701422, -0.309204, -0.234253, -1.071167, -5.187988, 23.925780, -16.052250,Cycling
4701442, -0.079468, -0.090210, -0.918335, -9.399414, 14.221190, -9.704590,Cycling
4701462, -0.198608, -0.098877, -0.843628, 6.591796, 7.019042, -6.347656,Cycling
4701502, -0.562988, -0.351807, -0.952637, 0.061035, 22.460930, 8.789064,Cycling
4701522, -0.330688, -0.315796, -0.765991, 2.258301, 10.681150, 4.943848,Cycling
4701542, -0.364502, -0.286255, -0.706299, 10.559080, -5.432128, 5.310058,Cycling
4701562, -0.331787, -0.204712, -0.840576, 10.253904, 3.173828, 10.314940,Cycling
4701582, -0.243774, -0.397949, -0.969238, 15.441892, 9.399414, 7.263182,Cycling
4701602, 0.103882, -0.120728, -0.958374, -2.929687, 7.202148, 6.286620,Cycling
4701622, -0.112061, 0.053223, -1.098877, 19.470220, -3.112792, 5.859374,Cycling
4701642, -0.171021, -0.328735, -1.154663, 13.732908, 11.474608, 1.586914,Cycling
4701662, -0.018066, 0.091675, -0.939087, 18.066410, 8.056642, 4.394532,Cycling
4701702, -0.100464, 0.017212, -1.055298, 14.770504, 31.799310, 9.094240,Cycling
4701782, -0.295410, -0.184937, -0.932495, 14.587400, 25.878900, 10.986324,Cycling
4701802, -0.318726, -0.303101, -0.846558, 8.728030, 22.277830, 8.117676,Cycling
4701822, -0.194824, -0.103638, -0.986572, -0.915527, 23.254390, 9.399414,Cycling
4701842, -0.186523, -0.108887, -1.028931, 1.953124, 30.395500, 10.498044,Cycling
4701862, -0.162354, -0.227417, -0.893066, 0.610352, 30.090330, 7.690428,Cycling
4701882, -0.227783, -0.153320, -0.910278, 3.906249, 23.376460, 1.342773,Cycling
4701902, -0.307129, -0.269898, -0.992066, 6.347656, 30.639640, 3.417968,Cycling
4701922, -0.250122, -0.528076, -0.845581, 7.141112, 24.353020, 1.892090,Cycling
4701942, -0.311279, -0.628906, -0.725464, 3.662109, 11.657712, 0.122070,Cycling
4701962, -0.124146, -0.394531, -0.751831, -2.746581, -2.014160, 2.136231,Cycling
4701982, -0.116211, -0.366333, -0.740479, 8.483890, -10.314940, -1.525878,Cycling
4702002, -0.174316, -0.582886, -0.844849, 4.211426, -4.577638, 0.610352,Cycling
4702022, -0.020874, -0.454102, -0.880493, 6.042480, -3.112792, 9.521484,Cycling
4702042, -0.040405, -0.346314, -0.959717, 2.807617, -1.586914, 16.052250,Cycling
4702062, 0.333008, -0.111084, -0.988648, 9.338380, -0.732422, 10.559080,Cycling
4702082, 0.178345, -0.289673, -1.050171, 11.413570, -6.958006, 4.760742,Cycling
4702102, 0.037231, -0.148926, -1.044068, 12.512204, -7.934570, 3.479003,Cycling
4702122, -0.036987, -0.199219, -1.005738, 15.319820, -0.732422, -1.098633,Cycling
4702142, -0.092041, -0.345947, -0.914917, 18.127448, -0.671386, -5.676268,Cycling
4702162, -0.063965, -0.333618, -0.875732, 7.202148, -3.906249, -0.610352,Cycling
4702182, -0.280884, -0.270874, -0.938477, 7.141112, -6.652830, 0.305176,Cycling
4702202, -0.392212, -0.533936, -0.720459, 10.253904, -15.136716, -4.638672,Cycling
4702222, -0.434326, -0.450317, -0.780396, -3.051757, -24.780270, -7.751464,Cycling
4702242, -0.412842, -0.402588, -0.842529, 5.126952, -23.681636, -9.826660,Cycling
4702262, -0.220947, -0.554688, -0.756470, -1.037598, -23.071284, -10.437010,Cycling
4702282, -0.031250, -0.495606, -0.807617, -2.075196, -40.222160, -7.751464,Cycling
4702302, -0.064453, -0.167236, -1.055298, 1.586914, -28.076170, -0.732422,Cycling
4702322, 0.032593, -0.120850, -1.102539, 8.911134, -10.742184, -4.333496,Cycling
4702342, 0.136108, -0.425171, -1.044068, 21.728510, -7.324218, -11.169430,Cycling
4702362, -0.056030, -0.485352, -1.030640, 11.047360, -5.615234, -3.662109,Cycling
4702382, 0.128296, -0.192383, -1.042236, 12.573240, -3.784179, 2.380371,Cycling
4702402, 0.010620, -0.181274, -1.103638, 12.084960, 5.004884, -0.671386,Cycling
4702422, 0.024780, -0.223999, -0.999756, 14.404296, 4.577638, -8.239746,Cycling
4702442, -0.245117, -0.330688, -0.980225, 10.131832, 5.676268, -6.774902,Cycling
4702462, -0.264771, -0.171997, -0.987915, 7.995604, 12.878416, 0.122070,Cycling
4702482, -0.273438, -0.238892, -0.972046, 11.779784, 15.502928, -0.549316,Cycling
4702502, -0.278442, -0.414307, -0.939942, 6.225584, 15.808104, -4.333496,Cycling
4702522, -0.369385, -0.460938, -0.842652, 5.249022, 0.122070, -3.723144,Cycling
4702542, -0.336060, -0.566284, -0.823364, -2.197266, -0.061035, -2.197266,Cycling
4702562, -0.088257, -0.408325, -0.799072, -5.126952, -13.671872, 2.441407,Cycling
4702582, -0.505493, -0.393433, -0.924683, -6.347656, -23.010250, 3.601074,Cycling
4702602, -0.151611, -0.437134, -0.586914, 9.094240, -16.784670, -10.559080,Cycling
4702622, -0.009033, -0.548340, -0.767456, 1.037598, -45.104970, -8.972170,Cycling
4702642, -0.410156, -0.466187, -0.962524, -4.028321, -16.540530, -0.915527,Cycling
4702662, 0.012939, -0.529419, -1.033692, -6.408690, -5.187988, 3.601074,Cycling
4702682, 0.272217, -0.115723, -0.878906, -9.887696, -24.169920, 2.441407,Cycling
4702702, -0.000122, -0.122803, -1.008057, 1.098633, -25.695796, -11.108396,Cycling
4702722, -0.150635, -0.334473, -1.031494, 1.342773, -4.333496, -12.390136,Cycling
4702742, -0.062378, -0.290649, -1.009766, -5.676268, -7.202148, -10.314940,Cycling
4702762, -0.282837, -0.210083, -1.020996, 1.647949, -3.234863, -4.272462,Cycling
4702782, -0.347778, -0.473633, -0.789062, 5.187988, -4.394532, -8.728030,Cycling
4702802, -0.373657, -0.607422, -0.769165, 3.662109, -22.094720, -10.314940,Cycling
4702822, -0.378418, -0.405518, -0.836670, -3.906249, -23.742670, 1.586914,Cycling
4702842, -0.467651, -0.469238, -0.872925, 0.793457, -25.268550, 0.366211,Cycling
4702862, -0.154907, -0.365967, -0.685181, -4.760742, -25.756830, -0.915527,Cycling
4702882, -0.319214, -0.321167, -1.051270, -10.986324, -25.512690, -5.676268,Cycling
4702902, -0.186646, -0.192017, -1.010986, -11.474608, -13.000484, -7.324218,Cycling
4702942, -0.035278, -0.131958, -1.252564, -5.310058, 11.657712, 0.732422,Cycling
4702962, -0.075806, -0.025391, -1.311402, -1.220704, 37.292480, 8.056642,Cycling
4702982, 0.025024, -0.031982, -1.182618, 1.342773, 31.127924, 10.253904,Cycling
4703002, -0.278931, -0.046631, -1.118408, -0.305176, 27.832030, 9.765626,Cycling
4703022, -0.251953, -0.032227, -0.979248, -5.859374, 18.005376, 8.666994,Cycling
4703042, -0.454956, -0.088013, -0.949951, -2.136231, 21.484370, 1.708984,Cycling
4703062, -0.344605, -0.255615, -0.918823, -12.451170, 29.296870, 3.784179,Cycling
4703082, -0.427612, -0.210815, -0.993286, -10.925290, 27.221676, 6.164550,Cycling
4703102, -0.291260, -0.148193, -1.011597, -10.253904, 40.588370, 12.878416,Cycling
4703122, -0.281006, -0.102417, -1.030518, -4.699708, 43.273920, 19.531250,Cycling
4703142, -0.266113, -0.152344, -1.019410, -2.868652, 42.114250, 18.981940,Cycling
4703162, -0.168091, -0.106689, -0.977783, -1.037598, 41.381820, 16.174320,Cycling
4703182, -0.164185, -0.135132, -0.961304, 6.713866, 44.555660, 15.747068,Cycling
4703202, -0.164185, -0.265747, -0.902222, 10.375976, 50.415030, 15.686032,Cycling
4703222, -0.210571, -0.273560, -0.962280, 13.244628, 47.485340, 16.601568,Cycling
4703242, -0.102295, -0.318482, -0.952148, 14.587400, 51.696770, 16.662600,Cycling
4703262, -0.125488, -0.459106, -0.838867, 12.756344, 46.142570, 19.653320,Cycling
4703282, -0.194214, -0.421143, -0.825195, 9.887696, 41.137680, 21.179192,Cycling
4703302, -0.163452, -0.369019, -0.776367, 11.840818, 39.184580, 21.545408,Cycling
4703322, -0.167358, -0.398560, -0.777588, 12.145992, 39.367680, 21.118160,Cycling
4703342, -0.215820, -0.359253, -0.802856, 8.789064, 45.959460, 15.563964,Cycling
4703362, -0.137695, -0.447632, -0.821289, 4.882814, 42.785640, 10.803220,Cycling
4703382, -0.069214, -0.391602, -0.854980, 3.601074, 44.250480, 6.286620,Cycling
4703402, -0.008667, -0.340454, -0.978638, 1.525878, 26.733390, 1.159668,Cycling
4703422, 0.135254, -0.433350, -0.890747, 5.371092, 26.916500, 7.263182,Cycling
4703442, 0.058350, -0.467896, -0.885376, -4.394532, 17.639160, 16.418460,Cycling
4703462, 0.144165, -0.370239, -0.865479, -1.403808, 12.268064, 21.118160,Cycling
4703482, 0.062012, -0.354858, -0.960816, -5.371092, 13.244628, 24.536130,Cycling
4703502, 0.175781, -0.378540, -0.870728, -4.455568, 10.375976, 22.338860,Cycling
4703522, 0.089844, -0.326538, -0.905152, -6.652830, 2.563476, 22.277830,Cycling
4703542, 0.042114, -0.249023, -0.954712, -4.760742, 5.371092, 18.249516,Cycling
4703562, 0.105469, -0.343018, -0.916748, -2.807617, 2.014160, 16.784670,Cycling
4703582, -0.015869, -0.420654, -0.866455, -9.277344, 2.319336, 17.395020,Cycling
4703602, 0.033569, -0.302734, -0.855957, -5.249022, -11.230468, 15.624996,Cycling
4703622, -0.071411, -0.424438, -0.987427, -5.554198, 1.220704, 20.568840,Cycling
4703642, 0.056885, -0.462524, -0.891236, -4.333496, 2.075196, 22.033690,Cycling
4703662, -0.025391, -0.516846, -0.889038, -9.521484, -6.958006, 21.240230,Cycling
4703682, 0.031128, -0.426758, -0.800293, -11.596676, -15.686032, 20.202630,Cycling
4703702, 0.024048, -0.422852, -0.711792, -9.277344, -20.385740, 16.723632,Cycling
4703722, -0.040039, -0.449707, -0.863037, -4.882814, -17.944340, 24.780270,Cycling
4703742, -0.009155, -0.396240, -0.967896, -7.873534, -8.728030, 15.930172,Cycling
4703762, 0.088745, -0.487671, -0.963013, -8.666994, -16.845708, 10.437010,Cycling
4703782, 0.122070, -0.324219, -0.890869, -10.742184, -18.981940, 10.192870,Cycling
4703802, -0.005737, -0.395020, -0.978760, -8.972170, -19.165040, 8.178714,Cycling
4703822, 0.094238, -0.334229, -0.905884, -0.488281, -22.155760, 9.216310,Cycling
4703842, 0.091553, -0.299072, -0.819336, -2.136231, -21.118160, 10.986324,Cycling
4703862, -0.016724, -0.438965, -0.928833, -8.300784, -23.437492, 14.648436,Cycling
4703882, -0.116333, -0.265747, -0.969727, -5.554198, -17.395020, 15.808104,Cycling
4703902, -0.228638, -0.366333, -0.913818, 0.061035, -29.052730, 5.798338,Cycling
4703922, -0.246948, -0.384522, -0.882080, 2.990722, -30.517570, -1.647949,Cycling
4703942, -0.186401, -0.565430, -0.929932, -1.892090, -35.522460, -5.249022,Cycling
4703962, -0.045410, -0.439087, -0.780396, -1.342773, -43.334950, -1.708984,Cycling
4703982, -0.001953, -0.306885, -0.871704, -5.615234, -54.565420, 3.967285,Cycling
4704002, -0.014648, -0.305542, -0.895874, -2.746581, -45.532220, 3.417968,Cycling
4704022, 0.032227, -0.490723, -0.912110, -4.333496, -50.170890, 4.333496,Cycling
4704042, -0.052612, -0.480713, -0.841797, -10.681150, -49.560540, 5.859374,Cycling
4704062, 0.005615, -0.196045, -0.856445, -10.009768, -51.269520, 8.850100,Cycling
4704082, -0.182251, -0.396240, -0.944824, -3.601074, -44.128410, 8.605960,Cycling
4704102, -0.230591, -0.412598, -1.055664, -13.061520, -31.494136, 6.591796,Cycling
4704122, -0.103638, -0.214966, -0.938477, -4.211426, -33.020020, 6.347656,Cycling
4704142, -0.195679, -0.278198, -0.923462, -9.277344, -34.912120, 3.234863,Cycling
4704162, -0.225098, -0.140747, -0.932495, -3.356933, -42.968740, 0.732422,Cycling
4704182, -0.559692, -0.330078, -1.065796, -0.549316, -24.108880, 2.075196,Cycling
4704202, -0.362671, -0.484497, -1.093872, -5.737304, -15.808104, -0.915527,Cycling
4704222, 0.039185, -0.410278, -1.155030, -13.122556, -39.367680, 5.920409,Cycling
4704242, -0.033936, -0.338989, -0.655640, -2.990722, -39.489750, 13.183590,Cycling
4704262, -0.417358, -0.166504, -0.700928, 17.944340, -19.836430, 20.446770,Cycling
4704282, -0.265625, -0.144287, -1.096680, -0.244141, 14.831540, 14.160152,Cycling
4704302, -0.013184, -0.131104, -0.852051, -1.586914, -18.920900, -8.911134,Cycling
4704322, -0.135864, -0.272461, -0.866577, -4.516602, -36.254890, -19.348150,Cycling
4704342, -0.227905, -0.311279, -0.940186, -13.488768, -34.729010, -18.188480,Cycling
4704362, -0.241577, -0.127075, -0.956543, -12.329100, -38.635260, -15.930172,Cycling
4704382, -0.291504, -0.140625, -1.149414, -15.624996, -30.090330, -21.606440,Cycling
4704442, -0.284668, -0.137207, -1.035644, -14.343260, -22.094720, -21.545408,Cycling
4704462, -0.457520, -0.042603, -0.973389, -10.375976, -18.310550, -20.019532,Cycling
4704482, -0.426514, -0.060791, -1.028442, -6.164550, -9.094240, -22.277830,Cycling
4704502, -0.379272, -0.256836, -0.908692, -2.563476, -10.314940, -22.277830,Cycling
4704522, -0.336670, -0.214355, -0.958862, -11.291500, -7.080076, -13.732908,Cycling
4704542, -0.313965, -0.183716, -0.776734, -4.272462, -16.052250, -10.925290,Cycling
4704562, -0.379028, -0.243408, -0.914062, -7.995604, -19.836430, -9.216310,Cycling
4704582, -0.400146, -0.222656, -1.015870, -5.737304, -6.652830, -10.070800,Cycling
4704602, -0.272461, -0.219238, -0.935547, -8.178714, 0.549316, -11.413570,Cycling
4704622, -0.233154, -0.170776, -0.907104, -4.943848, -0.183105, -12.268064,Cycling
4704642, -0.308716, -0.226196, -0.960205, -9.094240, 6.408690, -13.366696,Cycling
4704662, -0.301392, -0.199951, -0.903564, -4.882814, 3.601074, -15.258788,Cycling
4704682, -0.280029, -0.165527, -0.978516, -12.878416, 11.230468, -18.066410,Cycling
4704702, -0.290894, -0.302734, -0.878784, -12.756344, 7.202148, -26.428220,Cycling
4704722, -0.246338, -0.193115, -0.979126, -14.038084, 3.295898, -24.230950,Cycling
4704742, -0.344727, -0.196533, -0.963379, -11.291500, 4.516602, -25.268550,Cycling
4704762, -0.356567, -0.247681, -0.978882, -10.314940, 6.774902, -26.672360,Cycling
4704782, -0.267822, -0.221314, -0.933228, -12.634276, 7.629394, -30.090330,Cycling
4704802, -0.363770, -0.226074, -0.889404, -3.784179, -0.244141, -27.526850,Cycling
4704862, -0.338745, -0.177124, -0.810669, 2.319336, -4.211426, -21.850580,Cycling
4704882, -0.352783, -0.199951, -0.958374, -3.906249, -0.610352, -22.705070,Cycling
4704902, -0.378540, -0.198242, -1.023194, -6.347656, -2.258301, -25.268550,Cycling
4704922, -0.152344, -0.285400, -0.822022, -7.629394, -10.986324, -30.456540,Cycling
4704942, -0.261353, -0.147095, -0.984986, -7.995604, -12.268064, -24.780270,Cycling
4704962, -0.144409, -0.127808, -1.092408, -16.784670, 3.906249, -24.536130,Cycling
4704982, -0.128784, -0.077148, -1.120850, -14.953610, 6.774902, -25.634760,Cycling
4705002, -0.001953, -0.085327, -1.033448, -11.596676, 14.282224, -28.564450,Cycling
4705022, -0.201172, -0.114136, -1.108154, -9.460450, 20.324700, -20.507810,Cycling
4705042, -0.201172, -0.027466, -1.123047, -9.765626, 31.188960, -13.244628,Cycling
4705062, -0.249023, -0.045044, -1.165650, -7.995604, 38.269050, -10.375976,Cycling
4705082, -0.314209, -0.070313, -1.074952, -2.014160, 30.029290, -12.268064,Cycling
4705102, -0.411133, -0.077026, -0.995484, -2.441407, 28.808590, -11.657712,Cycling
4705122, -0.568360, -0.326538, -0.890747, 11.047360, 24.108880, -10.681150,Cycling
4705142, -0.117920, -0.183838, -0.820801, -3.479003, 23.132320, -6.896972,Cycling
4705162, -0.255249, -0.170776, -0.998902, -2.502442, 19.958500, -9.643556,Cycling
4705182, -0.103272, -0.078125, -0.993774, -6.103514, 21.972650, -13.366696,Cycling
4705202, -0.191406, -0.222290, -0.938354, 0.732422, 13.122556, -27.282710,Cycling
4705222, -0.132813, -0.320923, -0.862793, 0.427246, 9.948730, -27.160640,Cycling
4705242, -0.060913, -0.156006, -0.711304, 2.136231, 1.342773, -22.033690,Cycling
4705262, -0.332398, -0.133057, -0.881592, 15.991210, 1.525878, -17.822270,Cycling
4705422, -0.143066, -0.291138, -0.996216, 0.305176, 0.610352, -10.742184,Cycling
4705442, -0.139771, -0.224609, -1.033692, -0.061035, 4.211426, -11.596676,Cycling
4705462, -0.203613, -0.253540, -1.054810, 1.159668, 8.300784, -11.291500,Cycling
4705482, -0.164185, -0.167603, -0.989014, -0.061035, 5.249022, -4.455568,Cycling
4705502, -0.311157, -0.153687, -1.076660, 0.000000, 5.981444, 4.028321,Cycling
4705522, -0.232178, -0.200562, -1.030762, 0.915527, 19.592290, -0.366211,Cycling
4705542, -0.220215, -0.268799, -0.947632, -2.624511, 10.253904, -0.061035,Cycling
4705562, -0.345947, -0.031738, -1.103638, -5.187988, 15.991210, 2.929687,Cycling
4705582, -0.177124, -0.120483, -1.032837, -4.394532, 26.611320, 3.967285,Cycling
4705602, -0.299438, -0.218140, -1.007935, -2.868652, 20.080560, 3.845214,Cycling
4705622, -0.190796, -0.042725, -1.052002, -6.774902, 30.273430, 8.483890,Cycling
4705642, -0.162964, -0.128174, -0.979126, -3.234863, 27.648920, 10.803220,Cycling
4705662, -0.075928, -0.138550, -0.976074, -2.014160, 26.184080, 10.681150,Cycling
4705682, -0.220581, -0.088867, -1.086182, -2.563476, 36.804200, 9.338380,Cycling
4705702, -0.083984, -0.229858, -0.909180, 1.037598, 32.043460, 10.803220,Cycling
4705722, -0.258545, -0.082031, -0.938477, 1.647949, 34.667980, 6.774902,Cycling
4705742, -0.181397, -0.198730, -0.935669, 5.859374, 36.804200, 8.239746,Cycling
4705762, -0.145020, -0.234009, -0.869751, 5.798338, 33.386240, 8.666994,Cycling
4705782, -0.190674, -0.255615, -0.926758, 6.652830, 31.616208, 12.451170,Cycling
4705802, -0.113647, -0.248901, -0.916382, 4.943848, 30.334470, 14.343260,Cycling
4705822, -0.154541, -0.407349, -0.865479, 7.141112, 24.780270, 14.526364,Cycling
4705842, -0.209106, -0.470581, -0.829224, 6.225584, 18.859868, 13.549804,Cycling
4705862, -0.193726, -0.530274, -0.814087, 7.507323, 14.465330, 12.512204,Cycling
4705882, -0.032715, -0.505860, -0.743530, 6.225584, 3.234863, 17.883300,Cycling
4705902, -0.047607, -0.441040, -0.819580, 4.943848, -2.868652, 15.991210,Cycling
4705922, -0.013672, -0.423218, -0.838379, 1.647949, -10.498044, 14.343260,Cycling
4705942, -0.031738, -0.316162, -0.851562, -2.075196, -15.014646, 8.483890,Cycling
4705962, 0.046997, -0.293701, -0.852539, -3.784179, -17.944340, 5.310058,Cycling
4705982, 0.041504, -0.279541, -0.840332, -1.708984, -20.080560, 4.150392,Cycling
4706002, -0.065918, -0.398316, -0.925659, -3.479003, -20.263670, 5.004884,Cycling
4706022, -0.002197, -0.377441, -0.877442, -4.211426, -18.188480, 6.652830,Cycling
4706042, -0.050049, -0.345581, -0.898316, -4.028321, -25.634760, 7.629394,Cycling
4706062, -0.002075, -0.265991, -0.892212, -1.525878, -22.766110, 10.314940,Cycling
4706082, -0.043701, -0.196655, -0.949097, -0.244141, -20.141600, 10.864256,Cycling
4706102, -0.094849, -0.204590, -1.130860, 0.366211, -12.817380, 8.605960,Cycling
4706122, -0.033813, -0.175537, -1.037720, 3.356933, -8.239746, 8.911134,Cycling
4706142, -0.053345, -0.025757, -1.018555, 6.469726, -13.793944, 9.765626,Cycling
4706162, -0.190674, -0.013428, -1.157349, 8.361816, -3.173828, 11.535644,Cycling
4706182, -0.078980, -0.144043, -1.109009, 8.666994, 9.887696, 11.474608,Cycling
4706202, -0.101318, -0.165894, -1.108765, -0.244141, 4.333496, 11.169430,Cycling
4706222, -0.209839, -0.166260, -1.022095, 1.953124, 4.333496, 9.277344,Cycling
4706242, -0.157105, -0.106567, -0.917114, -0.610352, -4.699708, 7.995604,Cycling
4706262, -0.262207, -0.228149, -0.918213, -3.723144, 5.859374, 7.019042,Cycling
4706282, -0.196777, -0.297730, -0.898438, -3.967285, 4.211426, 9.033204,Cycling
4706302, -0.165772, -0.183228, -1.054932, -9.826660, 10.620116, 11.657712,Cycling
4706322, -0.070557, -0.172241, -1.076660, -7.934570, 22.644040, 10.131832,Cycling
4706342, 0.014160, -0.253174, -0.943115, -3.662109, 14.160152, 11.413570,Cycling
4706362, -0.115601, -0.240967, -0.982910, -3.723144, 10.620116, 11.291500,Cycling
4706382, -0.010254, -0.260986, -0.881592, -0.854492, 8.605960, 13.305660,Cycling
4706402, -0.179932, -0.266358, -0.965332, -0.427246, 8.544924, 12.512204,Cycling
4706422, -0.168579, -0.297852, -0.937866, 1.464844, 11.718748, 13.122556,Cycling
4706442, -0.034302, -0.383667, -0.813354, 3.356933, 5.859374, 11.535644,Cycling
4706462, -0.207275, -0.401001, -0.947754, -3.173828, 0.244141, 13.427732,Cycling
4706482, -0.043579, -0.217163, -0.810547, 0.183105, -12.756344, 17.028810,Cycling
4706502, -0.210938, -0.205688, -0.979858, 5.432128, -12.145992, 8.300784,Cycling
4706522, -0.106323, -0.551636, -0.922119, 14.587400, 2.746581, 2.258301,Cycling
4706542, -0.129517, -0.716064, -0.780762, 4.516602, -7.568358, 3.540038,Cycling
4706562, -0.173950, -0.543579, -0.796387, -0.183105, -21.789548, 12.390136,Cycling
4706582, -0.201172, -0.517212, -0.837646, 0.183105, -16.052250, 12.207030,Cycling
4706602, -0.002197, -0.482422, -0.777222, -12.023924, -24.963376, 15.747068,Cycling
4706622, -0.143555, -0.234131, -0.874390, -16.418460, -31.494136, 12.023924,Cycling
4706642, -0.233887, -0.270630, -0.962158, 0.549316, -23.132320, 9.765626,Cycling
4706662, -0.215210, -0.348511, -0.889282, -4.394532, -25.634760, 4.394532,Cycling
4706682, 0.075195, -0.177856, -0.902100, -10.620116, -25.024410, 2.136231,Cycling
4706722, -0.154785, -0.276489, -1.047730, -1.403808, -10.192870, 3.845214,Cycling
4706742, -0.139282, -0.285889, -0.977417, -8.850100, -17.700200, 4.150392,Cycling
4706762, -0.279175, -0.131836, -1.109864, -14.587400, -19.958500, 4.882814,Cycling
4706782, -0.223511, -0.245117, -0.984009, 1.403808, -8.117676, 6.164550,Cycling
4706802, -0.013672, -0.298218, -0.845825, -17.272950, -14.526364, 7.812498,Cycling
4706822, -0.191162, -0.094727, -1.045532, -18.371584, -21.484370, 10.864256,Cycling
4706842, -0.278931, -0.147949, -1.084473, -17.944340, -7.507323, 7.690428,Cycling
4706862, -0.316528, -0.208862, -0.908325, -10.925290, -7.385252, -0.732422,Cycling
4706882, -0.131348, -0.142334, -0.932129, -36.010750, -7.507323, -2.258301,Cycling
4706902, -0.338135, -0.085571, -1.102784, -12.939450, -5.126952, 4.699708,Cycling
4706922, -0.134522, -0.039429, -0.875122, -17.761230, 10.864256, -8.239746,Cycling
4706942, 0.035645, -0.067749, -0.963867, -3.662109, 11.535644, -14.404296,Cycling
4706962, -0.307739, -0.230957, -1.068238, -6.896972, 2.990722, 0.183105,Cycling
4706982, -0.300171, -0.196777, -1.084961, -8.666994, 20.385740, -13.122556,Cycling
4707002, -0.125488, -0.264771, -0.925781, -9.277344, 10.620116, -3.540038,Cycling
4707022, -0.174438, -0.082275, -0.993896, -16.174320, 1.281738, 7.202148,Cycling
4707042, -0.135742, 0.066162, -1.054810, -10.253904, 12.084960, 4.882814,Cycling
4707062, -0.182861, 0.000000, -1.149658, 1.403808, 21.362300, -4.272462,Cycling
4707082, -0.287720, -0.176758, -1.073853, 3.540038, 28.076170, -11.596676,Cycling
4707162, -0.254272, -0.312866, -0.931519, 16.357424, 36.376960, 8.972170,Cycling
4707182, -0.453247, -0.370728, -0.817383, 12.756344, 30.822750, 18.127448,Cycling
4707202, -0.209717, -0.343872, -0.849854, 13.793944, 23.376460, 18.676760,Cycling
4707222, -0.156860, -0.446533, -0.856812, 7.690428, 10.375976, 12.695310,Cycling
4707242, -0.084595, -0.320313, -0.784424, 3.356933, -10.070800, 10.620116,Cycling
4707262, -0.123169, -0.297730, -0.855957, 1.464844, -16.601568, 7.690428,Cycling
4707282, 0.065063, -0.279663, -0.912598, -3.906249, -16.906740, 0.671386,Cycling
4707302, -0.028809, -0.305054, -0.925415, -1.586914, -28.991692, -3.723144,Cycling
4707322, -0.019653, -0.237671, -0.980835, -6.591796, -23.986810, -4.638672,Cycling
4707342, 0.103149, -0.247314, -0.867066, -3.112792, -25.817870, -8.056642,Cycling
4707362, 0.053833, -0.117554, -1.087891, -2.746581, -30.090330, -6.286620,Cycling
4707382, 0.062988, -0.007813, -1.074219, 6.958006, -21.850580, -5.249022,Cycling
4707402, -0.123657, -0.190308, -1.055786, 17.517090, -21.179192, -3.906249,Cycling
4707422, -0.048828, -0.147217, -1.171875, 13.122556, -15.380856, 7.995604,Cycling
4707442, -0.236084, -0.225098, -1.024536, 22.216790, -15.747068, 13.671872,Cycling
4707462, -0.441895, -0.374878, -0.862427, 24.230950, -18.371584, 15.808104,Cycling
4707482, -0.377930, -0.273071, -0.842163, 11.901852, -21.972650, 23.010250,Cycling
4707502, -0.362183, -0.134399, -0.839356, 18.493652, -24.780270, 23.559568,Cycling
4707522, -0.509400, -0.254883, -0.905274, 21.728510, -22.216790, 17.883300,Cycling
4707542, -0.222900, -0.186523, -0.802246, 5.371092, -10.742184, 11.230468,Cycling
4707562, -0.160767, -0.236206, -0.807251, -7.446288, -18.615724, 0.427246,Cycling
4707582, -0.069580, -0.026489, -0.949951, -16.723632, -23.376460, -8.300784,Cycling
4707602, -0.171875, -0.026245, -1.125244, -13.732908, -12.878416, -17.089850,Cycling
4707622, -0.051880, -0.037842, -1.151978, -12.512204, -0.793457, -21.423332,Cycling
4707642, -0.023315, 0.010864, -1.185425, -19.348150, 7.568358, -18.066410,Cycling
4707662, -0.062378, 0.095825, -1.254761, -4.882814, 15.686032, -19.653320,Cycling
4707682, -0.125977, -0.223145, -1.167725, 0.427246, 26.123040, -29.113768,Cycling
4707702, 0.136475, -0.061646, -1.129028, -14.099120, 17.517090, -16.113284,Cycling
4707722, -0.109741, 0.174072, -1.097290, -2.929687, 8.666994, -8.117676,Cycling
4707742, -0.413940, 0.036255, -1.088135, 13.610836, 22.399900, -12.207030,Cycling
4707762, -0.246704, -0.111328, -0.985474, 5.554198, 32.470710, -12.329100,Cycling
4707782, -0.150757, -0.007202, -0.952637, -0.366211, 33.264160, -6.042480,Cycling
4707802, -0.147705, 0.113281, -0.949829, 9.887696, 24.414060, -0.488281,Cycling
4707822, -0.390503, -0.087524, -1.086060, 27.343748, 31.860350, -10.986324,Cycling
4707842, -0.292847, -0.452637, -0.986694, 20.324700, 40.588370, -15.808104,Cycling
4707862, 0.089722, -0.256348, -0.882568, -8.728030, 28.808590, 1.831054,Cycling
4707922, -0.367066, -0.459595, -0.918213, -2.807617, 10.314940, -19.104010,Cycling
4707942, -0.223267, -0.185425, -0.902588, -9.704590, 13.916012, -17.883300,Cycling
4707962, -0.136475, -0.269653, -0.840576, 11.230468, 22.033690, -19.042970,Cycling
4707982, -0.056152, -0.411987, -0.843262, 5.371092, 3.295898, -8.911134,Cycling
4708302, -0.178833, -0.291626, -0.882812, -9.643556, -13.122556, -1.892090,Cycling
4708322, -0.137817, -0.257080, -0.943604, -1.831054, -9.216310, -2.136231,Cycling
4708342, -0.110718, -0.318482, -0.955688, -3.906249, -4.760742, -2.441407,Cycling
4708362, -0.115479, -0.264526, -1.026612, -2.929687, -3.234863, -0.244141,Cycling
4708382, 0.011719, -0.202759, -1.071167, -0.183105, 3.540038, 2.685546,Cycling
4708402, 0.133911, -0.194580, -1.079590, 1.464844, 2.624511, 3.540038,Cycling
4708422, 0.095093, -0.255859, -0.943726, 0.427246, -1.159668, 2.075196,Cycling
4708442, 0.007202, 0.062256, -1.017090, 1.342773, -9.643556, 0.610352,Cycling
4708462, -0.260986, -0.367920, -0.963013, 12.329100, 8.605960, -10.253904,Cycling
4708482, -0.123779, -0.452393, -0.986206, -10.681150, 2.990722, -0.854492,Cycling
4708502, -0.171753, -0.246582, -0.858398, -0.976562, 5.981444, -1.831054,Cycling
4708522, 0.109375, -0.339966, -0.760742, -5.981444, -12.329100, -6.591796,Cycling
4708542, -0.408325, -0.324829, -1.014648, 1.098633, -17.822270, -8.666994,Cycling
4708562, -0.467651, -0.474854, -1.115234, -9.460450, 6.408690, 1.159668,Cycling
4708582, 0.053345, -0.251343, -0.818360, -8.117676, -2.136231, 4.577638,Cycling
4708602, -0.031494, -0.272095, -0.844360, -3.234863, -18.371584, 4.638672,Cycling
4708622, -0.174927, -0.167725, -1.001709, -1.525878, -18.310550, 12.512204,Cycling
4708642, -0.101929, -0.282471, -0.963623, 4.638672, -3.967285, 4.882814,Cycling
4708662, -0.156860, -0.284180, -0.990601, -1.037598, -4.577638, 7.568358,Cycling
4708682, -0.098877, -0.211304, -0.983276, 2.746581, -0.915527, 8.056642,Cycling
4708702, -0.038330, -0.287598, -0.976685, 7.629394, -4.089356, 1.770019,Cycling
4708722, -0.124512, -0.278809, -0.980103, 3.417968, -6.347656, 0.183105,Cycling
4708742, -0.130005, -0.150635, -1.025391, 6.286620, -5.249022, -0.427246,Cycling
4708762, -0.110962, -0.158447, -0.966675, 7.019042, 0.000000, 0.000000,Cycling
4708782, -0.081543, -0.111816, -0.922852, 6.530760, -5.493162, -2.014160,Cycling
4708802, -0.292847, -0.246094, -1.011719, 7.019042, 1.892090, -5.004884,Cycling
4708822, -0.192017, -0.307983, -0.967774, -1.708984, 9.521484, 0.366211,Cycling
4708842, -0.219849, -0.298828, -0.973877, -0.976562, 4.089356, 2.746581,Cycling
4708862, -0.097778, -0.177612, -0.966797, -0.976562, 5.310058, 5.126952,Cycling
4708882, -0.200928, -0.261475, -1.016968, -5.249022, 5.798338, 3.112792,Cycling
4708902, -0.103394, -0.185913, -0.978638, -3.845214, 1.525878, 5.798338,Cycling
4708922, -0.139893, -0.153320, -0.938477, -4.089356, 4.455568, 6.408690,Cycling
4708942, -0.166138, -0.196167, -0.958496, -0.793457, 3.356933, 4.272462,Cycling
4708962, -0.100342, -0.157349, -0.906982, 1.708984, 4.455568, 4.882814,Cycling
4708982, -0.121948, -0.215820, -0.938354, 2.563476, 4.943848, 4.699708,Cycling
4709002, -0.111450, -0.222168, -1.009156, 1.159668, 14.221190, 8.056642,Cycling
4709022, 0.035156, -0.264160, -0.964112, 0.549316, 12.756344, 7.446288,Cycling
4709042, -0.089233, -0.274048, -1.072632, 1.342773, 16.540530, 8.605960,Cycling
4709062, -0.051270, -0.108154, -1.060181, -2.136231, 18.188480, 15.319820,Cycling
4709082, -0.084717, -0.221436, -0.918823, 3.234863, 14.160152, 11.596676,Cycling
4709102, -0.210205, -0.130737, -1.005982, 2.990722, 13.183590, 11.108396,Cycling
4709122, -0.159668, -0.191162, -0.987793, 5.981444, 17.761230, 7.934570,Cycling
4709142, -0.116943, -0.225464, -0.947632, 7.141112, 15.930172, 8.911134,Cycling
4709162, -0.170166, -0.101196, -1.019898, 2.624511, 19.958500, 10.375976,Cycling
4709182, -0.162231, -0.147217, -0.993896, 13.916012, 23.193352, 6.958006,Cycling
4709202, -0.132324, -0.433106, -0.987183, 8.850100, 26.916500, 10.070800,Cycling
4709222, -0.066406, -0.277100, -0.922363, 2.990722, 20.812980, 15.747068,Cycling
4709242, 0.024536, -0.105835, -0.913818, 8.544924, 15.624996, 15.075680,Cycling
4709262, -0.103882, -0.238159, -1.035400, 9.216310, 22.888180, 11.901852,Cycling
4709282, -0.084351, -0.524536, -0.931274, 9.582520, 25.634760, 11.352536,Cycling
4709302, -0.104614, -0.439575, -0.803711, 3.540038, 10.803220, 13.610836,Cycling
4709322, -0.178711, -0.404907, -0.835327, -2.563476, 5.981444, 10.253904,Cycling
4709342, -0.080566, -0.332153, -0.796387, -1.586914, -1.586914, 11.718748,Cycling
4709362, -0.143799, -0.287354, -0.724365, 5.615234, -8.972170, 11.108396,Cycling
4709382, -0.252075, -0.452026, -0.852783, 2.258301, -1.647949, 9.277344,Cycling
4709402, -0.119141, -0.483765, -0.866699, 0.549316, -5.432128, 5.493162,Cycling
4709422, 0.028931, -0.390015, -0.881226, -4.638672, -8.544924, 0.915527,Cycling
4709442, 0.101685, -0.359985, -0.852417, -7.751464, -12.573240, 1.342773,Cycling
4709462, 0.072144, -0.297241, -0.863159, -2.075196, -17.944340, 5.676268,Cycling
4709482, -0.054810, -0.333130, -0.979370, -1.403808, -12.756344, 10.437010,Cycling
4709502, 0.087524, -0.453980, -0.999268, -5.493162, -3.173828, 14.770504,Cycling
4709522, 0.179443, -0.132813, -1.044068, -0.183105, -2.014160, 17.517090,Cycling
4709542, 0.032471, -0.043579, -1.179444, -4.516602, -0.976562, 20.019532,Cycling
4709562, -0.000488, -0.015137, -1.098633, 1.708984, 1.403808, 16.296390,Cycling
4709582, -0.109497, -0.190918, -1.040650, 2.929687, -0.915527, 9.765626,Cycling
4709602, -0.177124, -0.157105, -1.059936, -5.920409, -0.488281, 14.282224,Cycling
4709622, -0.104980, -0.231567, -0.938843, -2.136231, 4.943848, 13.732908,Cycling
4709642, -0.141235, -0.336182, -0.947144, -7.873534, -1.159668, 16.784670,Cycling
4709662, -0.248901, -0.270996, -1.014770, -12.756344, 1.342773, 18.188480,Cycling
4709682, -0.118652, -0.261475, -0.899536, -15.869140, -0.305176, 20.080560,Cycling
4709702, -0.251099, -0.257568, -0.938721, -16.906740, -5.187988, 17.517090,Cycling
4709722, -0.145996, -0.141724, -0.986084, -19.531250, 7.446288, 14.404296,Cycling
4709742, -0.153320, -0.296997, -0.970947, -17.089850, 8.483890, 10.925290,Cycling
4709762, -0.137817, -0.274414, -0.945679, -16.845708, 5.859374, 15.747068,Cycling
4709782, -0.109497, -0.253174, -0.944336, -15.441892, 8.789064, 20.263670,Cycling
4709802, -0.072266, -0.158569, -1.074341, -10.864256, 8.605960, 25.329584,Cycling
4709822, -0.129517, -0.224854, -1.075562, -8.483890, 16.540530, 24.353020,Cycling
4709842, -0.031738, -0.245483, -0.911499, -8.605960, 6.225584, 23.315424,Cycling
4709862, -0.012085, -0.072998, -0.913452, -2.624511, 0.305176, 15.747068,Cycling
4709882, -0.129150, -0.299561, -0.995484, -0.244141, 6.469726, 12.329100,Cycling
4709902, -0.063721, -0.175903, -0.928345, -7.873534, 9.033204, 15.380856,Cycling
4709922, -0.045776, -0.096680, -0.972900, -1.159668, 4.882814, 12.329100,Cycling
4709942, -0.155151, -0.340088, -0.966431, 3.540038, 10.498044, 11.535644,Cycling
4709962, -0.115723, -0.555176, -0.805542, -2.136231, 0.732422, 9.338380,Cycling
4709982, -0.132568, -0.391235, -0.961426, -8.361816, -8.972170, 10.375976,Cycling
4710002, -0.220703, -0.387451, -0.998779, -6.835936, -2.563476, 9.277344,Cycling
4710022, -0.049561, -0.335693, -0.882324, -4.028321, -11.901852, 3.906249,Cycling
4710042, -0.042969, -0.402100, -0.846070, -1.464844, -30.395500, 1.281738,Cycling
4710062, -0.116455, -0.421265, -0.784912, -0.793457, -39.245610, 4.882814,Cycling
4710082, -0.029175, -0.350708, -0.770508, -1.403808, -42.297360, 7.507323,Cycling
4710102, 0.005493, -0.265503, -0.887940, 0.610352, -35.522460, 10.192870,Cycling
4710122, 0.112793, -0.278076, -0.851318, 1.525878, -32.714850, 11.413570,Cycling
4710142, 0.099854, -0.274658, -0.810181, -6.835936, -38.452160, 12.939450,Cycling
4710162, -0.219116, -0.129028, -0.946289, 6.896972, -26.611320, 9.521484,Cycling
4710182, -0.190064, -0.337646, -1.010010, 9.399414, -14.831540, 6.164550,Cycling
4710202, -0.097290, -0.237183, -1.055298, -6.774902, -11.718748, 5.187988,Cycling
4710222, -0.064453, -0.108398, -0.957886, 4.028321, -21.911620, 4.455568,Cycling
4710242, -0.227661, -0.242798, -1.007935, -2.319336, -20.324700, 2.197266,Cycling
4710262, -0.153198, -0.091675, -1.024658, -1.159668, -18.371584, 1.220704,Cycling
4710282, -0.250610, -0.121948, -1.135742, 0.122070, -7.629394, -0.305176,Cycling
4710302, -0.207397, -0.091919, -1.132324, -0.732422, -0.793457, 1.037598,Cycling
4710322, -0.226807, -0.164795, -1.020020, 3.662109, -4.394532, -0.854492,Cycling
4710342, -0.204834, 0.022583, -1.084228, -5.493162, -5.554198, -0.061035,Cycling
4710362, -0.140869, 0.082764, -1.053589, 7.629394, -3.356933, -3.662109,Cycling
4710382, -0.211670, -0.110352, -0.974732, 5.676268, -7.019042, -3.051757,Cycling
4710402, -0.342651, -0.189087, -0.976807, 8.850100, -8.483890, 1.098633,Cycling
4710422, -0.257813, -0.158569, -0.983032, 5.859374, -1.953124, 5.126952,Cycling
4710442, -0.154419, -0.134033, -0.993774, 3.662109, 0.976562, 4.089356,Cycling
4710462, -0.057129, -0.076416, -0.951050, 6.286620, -3.295898, 4.516602,Cycling
4710482, -0.073486, 0.007080, -1.020630, 6.835936, 0.122070, 6.408690,Cycling
4710502, -0.172119, -0.074463, -1.018921, 12.756344, 6.713866, 5.798338,Cycling
4710522, -0.155396, -0.219238, -1.004883, 11.657712, 12.329100, 0.671386,Cycling
4710542, -0.039429, -0.172730, -1.018921, -0.854492, 12.329100, -0.671386,Cycling
4710562, -0.001587, 0.031616, -1.025146, 1.647949, 1.281738, 1.831054,Cycling
4710582, -0.248413, -0.042480, -0.938232, 16.418460, -7.934570, -4.821778,Cycling
4710602, -0.471924, -0.396484, -1.046020, 12.939450, 6.408690, -5.432128,Cycling
4710622, -0.142822, -0.366333, -0.879883, -0.610352, 2.868652, -4.028321,Cycling
4710642, -0.163818, -0.205811, -0.843994, 7.202148, -26.062010, 0.061035,Cycling
4710662, -0.361694, -0.252197, -0.905518, 11.474608, -21.057124, -0.610352,Cycling
4710682, -0.288208, -0.373779, -0.901367, 9.399414, -11.291500, 0.488281,Cycling
4710702, -0.077515, -0.269531, -0.830444, 7.446288, -15.624996, 1.525878,Cycling
4710722, -0.334717, -0.285400, -0.838745, 9.826660, -23.315424, 1.098633,Cycling
4710742, -0.303467, -0.268433, -0.803711, 10.437010, -16.113284, -3.845214,Cycling
4710762, -0.205566, -0.298096, -0.840576, 16.296390, -23.437492, -8.117676,Cycling
4710782, -0.174438, -0.287964, -0.904663, 3.845214, -10.803220, -8.666994,Cycling
4710802, 0.001465, -0.222290, -0.828613, 12.634276, -21.057124, -10.009768,Cycling
4710822, -0.294434, -0.400024, -0.955566, 6.225584, -10.192870, -8.850100,Cycling
4710842, -0.103027, -0.304932, -0.913574, -0.305176, -1.586914, -9.582520,Cycling
4710862, -0.090210, -0.121094, -1.015381, -2.807617, -4.821778, -9.521484,Cycling
4710882, -0.151123, -0.096802, -0.845581, 8.728030, -6.530760, -11.291500,Cycling
4710902, -0.406250, -0.338135, -0.971558, 6.958006, 0.610352, -15.747068,Cycling
4710922, -0.206909, -0.211914, -1.129761, 1.464844, 12.573240, -14.892576,Cycling
4710942, -0.276001, -0.266480, -1.112183, 4.333496, 9.399414, -14.404296,Cycling
4710962, -0.077148, -0.205933, -0.871338, 2.685546, 10.131832, -13.427732,Cycling
4710982, -0.201782, -0.134766, -1.008057, 3.906249, 5.310058, -11.474608,Cycling
4711002, -0.371460, -0.134766, -1.103394, 3.601074, 20.446770, -6.896972,Cycling
4711022, -0.289917, -0.248291, -1.052978, 4.394532, 28.320310, -9.765626,Cycling
4711042, -0.001099, -0.162598, -0.948242, 0.061035, 18.798830, -14.465330,Cycling
4711062, -0.288452, -0.283814, -0.916138, 1.159668, 10.498044, -19.897460,Cycling
4711082, -0.213013, -0.302002, -0.886108, -5.676268, 2.014160, -19.592290,Cycling
4711102, -0.326172, -0.294434, -0.910156, -2.258301, 0.427246, -22.216790,Cycling
4711122, -0.185425, -0.371582, -0.929932, -3.234863, 6.591796, -20.385740,Cycling
4711142, -0.056641, -0.259888, -0.967041, -4.333496, 8.483890, -17.456060,Cycling
4711162, -0.080078, -0.323120, -0.965210, -3.417968, 13.427732, -15.075680,Cycling
4711182, 0.000732, -0.222656, -1.007935, -4.699708, 13.122556, -14.587400,Cycling
4711202, -0.127808, -0.248901, -0.965942, 1.403808, 11.169430, -13.366696,Cycling
4711222, -0.124634, -0.330444, -0.882446, 2.380371, 10.009768, -11.291500,Cycling
4711242, -0.177002, -0.270264, -0.938354, 1.831054, 11.413570, -10.192870,Cycling
4711262, -0.208252, -0.321167, -1.019898, 3.845214, 12.207030, -10.314940,Cycling
4711282, -0.079956, -0.315796, -0.944336, 4.028321, 18.920900, -10.803220,Cycling
4711302, -0.150513, -0.340088, -0.906128, 5.371092, 9.582520, -10.009768,Cycling
4711322, -0.185425, -0.269043, -0.935059, 5.859374, 11.474608, -5.187988,Cycling
4711342, -0.221069, -0.343750, -0.979370, 5.126952, 17.944340, -2.136231,Cycling
4711362, -0.082886, -0.314087, -0.938110, 5.798338, 19.897460, -0.793457,Cycling
4711382, -0.140869, -0.358643, -0.962036, 4.638672, 16.845708, 1.342773,Cycling
4711402, -0.122681, -0.346191, -0.972778, 4.638672, 22.521970, 3.845214,Cycling
4711442, -0.064697, -0.360474, -0.847290, 9.155274, 11.840818, 5.859374,Cycling
4711462, -0.165894, -0.314941, -0.891724, 8.422854, 5.920409, 6.225584,Cycling
4711482, -0.066040, -0.417725, -0.875244, 5.676268, 3.845214, 2.014160,Cycling
4711502, -0.110474, -0.402954, -0.928711, 2.319336, 3.173828, 1.770019,Cycling
4711522, -0.070190, -0.331787, -0.862915, 5.981444, -3.479003, 2.380371,Cycling
4711542, -0.127564, -0.272461, -0.920776, 5.004884, -4.821778, 1.403808,Cycling
4711562, -0.151855, -0.381470, -0.880005, 2.502442, -3.540038, 0.122070,Cycling
4711582, -0.162598, -0.405518, -0.930420, 0.549316, -3.906249, 0.122070,Cycling
4711602, -0.098389, -0.395386, -0.947510, -1.037598, -5.920409, 0.976562,Cycling
4711622, -0.004395, -0.300903, -0.837158, -3.417968, -14.648436, 1.831054,Cycling
4711642, -0.127808, -0.247681, -0.887085, -7.080076, -18.676760, 0.305176,Cycling
4711662, -0.182251, -0.289673, -0.949219, -10.437010, -18.371584, -3.967285,Cycling
4711682, -0.240723, -0.352417, -0.948975, -13.793944, -15.319820, -8.789064,Cycling
4711702, -0.068726, -0.334106, -0.911743, -14.282224, -23.559568, -7.873534,Cycling
4711722, -0.089111, -0.270630, -0.884766, -16.906740, -26.367180, -3.356933,Cycling
4711742, -0.171753, -0.249268, -0.921265, -13.183590, -20.812980, -1.708984,Cycling
4711762, -0.144531, -0.336914, -1.015992, -13.916012, -14.587400, -3.906249,Cycling
4711782, -0.097412, -0.364990, -0.930664, -11.352536, -11.779784, -0.610352,Cycling
4711802, 0.039185, -0.119629, -0.913940, -14.282224, -12.451170, 2.929687,Cycling
4711822, -0.072144, -0.099243, -1.053467, -6.774902, -7.690428, -1.037598,Cycling
4711842, -0.132202, -0.112061, -1.087769, -4.821778, -2.319336, -2.075196,Cycling
4711862, -0.101196, -0.166382, -1.056519, -1.464844, -1.586914, -4.699708,Cycling
4711882, -0.010376, -0.119995, -0.988037, 2.807617, -1.098633, -2.502442,Cycling
4711902, -0.020996, -0.191528, -1.041748, 3.906249, 3.967285, 2.990722,Cycling
4711922, -0.152588, 0.000732, -1.030762, 8.361816, -1.098633, -2.502442,Cycling
4711942, -0.316650, -0.250122, -0.999146, 7.873534, 9.521484, -0.732422,Cycling
4711962, -0.135986, -0.384888, -0.950195, 4.272462, 12.512204, -0.549316,Cycling
4711982, -0.145752, -0.343750, -0.929077, 0.061035, 3.662109, 0.183105,Cycling
4712002, -0.172607, -0.289307, -0.892456, -0.732422, -1.037598, 2.502442,Cycling
4712022, -0.194458, -0.282715, -0.985352, -5.249022, 6.042480, 1.037598,Cycling
4712042, -0.123657, -0.326538, -0.937500, -5.432128, -0.488281, -0.549316,Cycling
4712062, -0.099731, -0.257202, -0.887940, -3.723144, -3.784179, 0.732422,Cycling
4712082, -0.086792, -0.233276, -0.908081, -2.075196, -8.911134, -3.417968,Cycling
4712102, -0.124390, -0.228638, -0.945801, -0.244141, -7.385252, -5.920409,Cycling
4712122, -0.075928, -0.379517, -0.933350, 2.990722, -1.281738, -5.065916,Cycling
4712142, -0.044189, -0.419678, -0.920654, 2.502442, -4.211426, -5.126952,Cycling
4712162, -0.079712, -0.374146, -0.959229, 2.319336, -9.826660, -2.075196,Cycling
4712182, -0.088379, -0.206421, -0.933838, 5.126952, -12.817380, -1.098633,Cycling
4712202, -0.142700, -0.324707, -0.834351, 6.042480, -14.404296, -5.249022,Cycling
4712222, -0.215210, -0.265137, -0.874756, 6.774902, -17.883300, -4.455568,Cycling
4712242, -0.256836, -0.284302, -0.992310, 3.540038, -5.676268, -6.103514,Cycling
4712262, -0.124268, -0.387207, -0.885864, 6.408690, -9.521484, -6.408690,Cycling
4712282, -0.206421, -0.300415, -0.940918, 6.103514, -10.070800, -4.699708,Cycling
4712302, -0.098022, -0.319702, -0.966309, 4.028321, -8.300784, -0.915527,Cycling
4712322, -0.050903, -0.203369, -0.841553, 9.338380, -16.906740, -2.197266,Cycling
4712342, -0.221924, -0.216064, -0.950440, 3.479003, -11.718748, -1.892090,Cycling
4712362, -0.067505, -0.183838, -0.858643, 9.521484, -15.441892, -8.789064,Cycling
4712382, -0.247437, -0.421509, -0.837646, 3.845214, -19.653320, -12.878416,Cycling
4712402, -0.176758, -0.350830, -0.910767, -0.793457, -16.784670, -12.207030,Cycling
4712422, -0.031372, -0.264404, -0.908692, -3.356933, -19.592290, -11.230468,Cycling
4712442, -0.233032, -0.274170, -0.875000, -2.258301, -24.414060, -12.695310,Cycling
4712462, -0.213135, -0.456055, -0.911865, -6.347656, -21.545408, -14.099120,Cycling
4712482, -0.026855, -0.200073, -0.891236, -11.108396, -24.291990, -12.329100,Cycling
4712502, -0.271851, -0.289429, -0.973633, -8.483890, -18.737796, -11.779784,Cycling
4712522, -0.068726, -0.201660, -1.015503, -8.239746, -3.723144, -7.385252,Cycling
4712542, -0.236938, -0.228027, -1.277222, -10.803220, 13.427732, -7.385252,Cycling
4712562, 0.119385, -0.038208, -1.130005, 0.488281, 16.052250, -0.671386,Cycling
4712582, -0.059082, -0.095947, -0.978028, 7.812498, 8.239746, -1.953124,Cycling
4712602, -0.315186, -0.255371, -1.038208, 6.286620, 5.126952, -1.647949,Cycling
4712622, -0.490601, -0.452393, -0.840332, 7.202148, 0.183105, -7.934570,Cycling
4712642, -0.314819, -0.518311, -0.762207, -2.319336, -19.287110, -12.695310,Cycling
4712662, -0.335449, -0.354126, -0.819092, -2.197266, -26.550290, -10.559080,Cycling
4712682, -0.379028, -0.594360, -0.780762, 0.244141, -20.080560, -9.155274,Cycling
4712702, -0.220215, -0.535889, -0.723755, -10.742184, -29.479976, -3.295898,Cycling
4712722, -0.223877, -0.447266, -0.767944, -9.887696, -35.461430, -6.652830,Cycling
4712742, -0.228638, -0.583862, -0.897461, -19.714360, -36.743170, -4.699708,Cycling
4712762, -0.227905, -0.416626, -0.839966, -19.897460, -44.921860, -2.075196,Cycling
4712782, -0.114502, -0.198608, -0.878418, -18.981940, -66.650400, -6.347656,Cycling
4712802, -0.177612, -0.259399, -0.799438, -10.375976, -68.725600, 2.075196,Cycling
4712822, -0.482056, -0.566162, -0.820068, -9.704590, -54.199210, -6.774902,Cycling
4712842, -0.276367, -0.493042, -0.832276, -21.240230, -41.137680, -8.300784,Cycling
4712862, -0.290894, -0.240723, -0.844482, -10.620116, -42.175280, -2.136231,Cycling
4712882, -0.401856, -0.434082, -0.994141, -19.104010, -25.695796, -5.859374,Cycling
4712902, -0.197022, -0.221924, -0.959717, -18.676760, -32.409680, -12.207030,Cycling
4712922, -0.286377, -0.245728, -0.966064, -16.540530, -26.306150, -19.104010,Cycling
4712942, -0.202759, -0.140991, -0.968994, -10.803220, -24.963376, -19.226080,Cycling
4712962, -0.269043, -0.257080, -0.883423, -1.342773, -18.188480, -21.972650,Cycling
4712982, -0.519531, -0.466309, -0.999390, -4.699708, -12.756344, -18.249516,Cycling
4713002, -0.225586, -0.280518, -0.947022, -11.840818, -13.916012, -13.427732,Cycling
4713022, -0.326050, -0.178833, -0.857422, -3.173828, -27.343748, -15.258788,Cycling
4713042, -0.505493, -0.201172, -1.108032, -10.620116, -20.385740, -15.441892,Cycling
4713062, -0.578980, -0.399536, -0.974121, -8.300784, -29.785150, -14.892576,Cycling
4713082, -0.345703, -0.402954, -0.735352, -13.305660, -53.222640, -15.075680,Cycling
4713102, -0.493896, -0.227295, -0.802734, -6.652830, -65.185560, -8.728030,Cycling
4713122, -0.309692, -0.011353, -0.949097, -8.422854, -39.550780, -8.483890,Cycling
4713142, -0.385376, 0.039551, -1.010132, -5.615234, -36.071780, -12.939450,Cycling
4713162, -0.391235, -0.151245, -0.941528, -5.920409, -17.150880, -20.568840,Cycling
4713182, -0.251587, -0.257080, -0.962524, -18.005376, -17.395020, -26.672360,Cycling
4713202, -0.227539, 0.084473, -1.009034, -26.489250, -6.225584, -25.024410,Cycling
4713222, -0.295898, -0.012451, -0.898682, -15.747068, 0.854492, -36.560060,Cycling
4713242, -0.618530, -0.320679, -1.088501, -13.366696, 13.122556, -30.273430,Cycling
4713262, -0.342774, -0.366455, -1.013306, -25.512690, 26.672360, -27.709956,Cycling
4713282, -0.458374, -0.249146, -0.971314, -21.362300, 16.784670, -20.507810,Cycling
4713302, -0.531738, -0.131592, -0.888916, -16.906740, 19.042970, -13.916012,Cycling
4713322, -0.479492, -0.182983, -0.877075, -12.512204, 18.310550, -15.380856,Cycling
4713342, -0.636353, -0.167969, -0.963379, -8.911134, 13.366696, -12.145992,Cycling
4713362, -0.555786, -0.113525, -0.823242, -11.657712, 16.723632, -9.582520,Cycling
4713382, -0.376587, -0.220459, -0.791016, -4.150392, 9.704590, -10.986324,Cycling
4713402, -0.298828, -0.026245, -0.960205, -11.474608, 9.460450, -18.371584,Cycling
4713422, -0.353272, -0.140991, -0.889038, -11.840818, 11.169430, -23.620600,Cycling
4713442, -0.434204, -0.206543, -0.922241, -12.878416, 6.164550, -28.808590,Cycling
4713462, -0.202148, -0.270386, -0.828003, -16.052250, 7.690428, -34.667980,Cycling
4713482, -0.148071, -0.184326, -0.855957, -11.291500, 1.342773, -32.470710,Cycling
4713502, -0.289673, -0.076294, -0.993896, -13.183590, 9.643556, -22.460930,Cycling
4713522, -0.326782, -0.019165, -0.982300, -12.084960, 20.507810, -23.132320,Cycling
4713542, -0.374024, -0.185181, -1.077148, -14.465330, 23.132320, -25.756830,Cycling
4713562, -0.287598, -0.119629, -0.947632, -12.023924, 25.268550, -25.024410,Cycling
4713582, -0.407715, -0.329468, -0.813477, -5.310058, 19.592290, -20.874020,Cycling
4713602, -0.450806, -0.050171, -1.087280, -8.789064, 27.404780, -5.920409,Cycling
4713622, -0.368652, -0.036133, -1.026001, -5.493162, 29.907220, -7.873534,Cycling
4713642, -0.373901, -0.107788, -0.982666, -2.807617, 25.573724, -11.840818,Cycling
4713662, -0.271484, 0.011719, -0.992920, -8.789064, 31.555170, -10.314940,Cycling
4713702, -0.101563, -0.194702, -1.003418, -9.033204, 36.560060, -12.084960,Cycling
4713722, -0.231079, -0.053589, -1.015015, -0.610352, 25.512690, -12.878416,Cycling
4713742, -0.245117, -0.224609, -0.994385, -3.601074, 28.320310, -14.465330,Cycling
4713762, -0.076782, 0.008911, -1.026612, -10.192870, 33.691410, -10.131832,Cycling
4713782, -0.138794, 0.068848, -1.091675, -2.197266, 36.499030, -9.643556,Cycling
4713802, -0.306396, -0.130737, -1.040650, 1.464844, 49.011220, -12.023924,Cycling
4713822, -0.163696, -0.126343, -1.018188, 1.831054, 44.921860, -9.155274,Cycling
4713842, -0.284912, -0.088867, -1.010010, 8.850100, 47.119130, -3.173828,Cycling
4713862, -0.293335, -0.035156, -1.095337, 6.774902, 45.898430, 6.164550,Cycling
4713882, -0.021484, -0.054321, -0.785400, 15.808104, 45.593250, 0.610352,Cycling
4713902, -0.382202, -0.134644, -0.922852, 21.789548, 21.911620, 5.065916,Cycling
4713922, -0.295898, -0.009644, -0.998291, 16.540530, 51.818840, 7.385252,Cycling
4713942, -0.223145, -0.255493, -0.988281, 18.188480, 53.222640, 2.807617,Cycling
4713982, -0.040894, -0.016357, -0.885498, 14.770504, 37.170420, 7.690428,Cycling
4714002, -0.258301, -0.260864, -0.968872, 18.493652, 35.888680, 8.483890,Cycling
4714022, -0.142090, -0.388062, -0.768799, 23.376460, 34.912120, 3.845214,Cycling
4714042, -0.392822, -0.537842, -0.830200, 19.531250, 21.057124, 8.239746,Cycling
4714062, -0.191162, -0.453858, -0.814087, 18.676760, 27.404780, 11.169430,Cycling
4714082, -0.114624, -0.389526, -0.784912, 15.197750, 13.183590, 6.164550,Cycling
4714102, -0.198486, -0.509644, -0.805542, 12.207030, 5.371092, 4.577638,Cycling
4714122, -0.031860, -0.360474, -0.844849, 12.145992, 1.281738, 5.310058,Cycling
4714162, 0.106689, -0.508911, -0.795410, 8.789064, 10.375976, 6.347656,Cycling
4714242, 0.069580, -0.296875, -0.912110, 2.319336, -11.169430, -2.685546,Cycling
4714322, -0.042725, -0.417358, -0.962524, -6.958006, -4.699708, -4.638672,Cycling
4714342, -0.089600, -0.342529, -0.969116, -4.394532, -1.586914, -0.793457,Cycling
4714362, -0.086304, -0.265503, -0.954224, -5.493162, -5.737304, -0.793457,Cycling
4714382, -0.133667, -0.136597, -1.080200, -2.990722, -9.094240, -4.150392,Cycling
4714402, -0.069580, -0.324585, -1.030640, -1.953124, -5.676268, -7.019042,Cycling
4714422, -0.096069, -0.183105, -1.023560, -1.342773, -16.052250, -7.141112,Cycling
4714462, 0.044678, -0.176270, -0.924072, 5.249022, -10.314940, -5.737304,Cycling
4714522, -0.049927, -0.304443, -0.976807, -0.366211, 4.333496, 6.103514,Cycling
4714542, -0.007446, -0.205322, -1.068482, 0.305176, 7.812498, 7.141112,Cycling
4714562, -0.050415, -0.116333, -1.059082, -0.793457, 11.718748, 10.009768,Cycling
4714582, -0.075439, -0.228027, -0.934814, 2.563476, 13.854978, 9.704590,Cycling
4714602, -0.045532, -0.059570, -1.067261, 5.432128, 15.380856, 12.390136,Cycling
4714622, -0.139526, -0.236938, -0.998413, 5.371092, 22.888180, 12.878416,Cycling
4714662, 0.002930, -0.147339, -0.972168, 7.263182, 13.000484, 11.291500,Cycling
4714762, -0.049683, -0.144043, -1.023682, 3.845214, 20.385740, 13.916012,Cycling
4714782, -0.039307, -0.392456, -0.947022, -0.305176, 24.780270, 14.648436,Cycling
4714802, -0.089355, -0.286743, -0.975098, 2.807617, 19.653320, 15.624996,Cycling
4714822, -0.032104, -0.341309, -1.002808, 1.403808, 20.019532, 14.282224,Cycling
4714842, -0.030396, -0.491699, -0.805542, 5.065916, 13.061520, 14.587400,Cycling
4714862, -0.070068, -0.390503, -0.892944, 10.620116, -2.197266, 9.216310,Cycling
4714882, -0.220703, -0.502197, -1.003906, 5.249022, -6.225584, 9.460450,Cycling
4714902, 0.038696, -0.367920, -0.733276, 13.427732, -19.531250, 5.859374,Cycling
4714922, -0.139771, -0.450073, -0.729004, 10.009768, -35.278320, 3.112792,Cycling
4714942, -0.086792, -0.342651, -0.938843, 6.591796, -23.986810, 7.202148,Cycling
4714962, 0.114136, -0.560547, -0.723511, 1.464844, -31.494136, 3.173828,Cycling
4714982, 0.110474, -0.473267, -0.852051, -4.089356, -34.118660, 2.624511,Cycling
4715002, 0.127564, -0.315674, -0.870484, -9.277344, -32.165540, 6.591796,Cycling
4715022, 0.074951, -0.318970, -0.846192, -4.089356, -23.071284, 4.455568,Cycling
4715042, 0.032471, -0.296509, -0.984375, -2.868652, -13.549804, 3.540038,Cycling
4715062, 0.115356, -0.307983, -0.935913, 4.211426, -15.014646, 2.075196,Cycling
4715082, -0.010864, -0.241943, -1.088013, -0.366211, -6.652830, 0.915527,Cycling
4715102, 0.139771, -0.218506, -0.951050, 4.089356, -8.117676, -3.723144,Cycling
4715122, -0.057495, -0.229248, -0.968506, 3.417968, -5.310058, -3.845214,Cycling
4715142, -0.074707, -0.204712, -1.017578, 4.699708, -1.892090, -2.197266,Cycling
4715162, -0.179932, -0.254272, -0.966064, 4.760742, 3.906249, 2.197266,Cycling
4715182, -0.242065, -0.383911, -0.977173, -0.793457, 5.004884, 7.751464,Cycling
4715202, -0.159668, -0.404175, -0.845581, -4.150392, -5.615234, 5.981444,Cycling
4715222, -0.219971, -0.442505, -0.894043, -8.422854, -12.817380, 5.065916,Cycling
4715242, -0.173340, -0.358032, -1.002930, -8.483890, -12.268064, 7.324218,Cycling
4715262, -0.144165, -0.417847, -0.842774, -8.300784, -11.596676, 5.859374,Cycling
4715282, -0.058105, -0.296509, -0.842041, -8.361816, -26.123040, 0.000000,Cycling
4715302, 0.004395, -0.147705, -0.987671, -6.713866, -23.681636, -6.042480,Cycling
4715322, -0.020874, -0.280396, -0.964112, -3.967285, -16.784670, -8.422854,Cycling
4715342, 0.037720, -0.229370, -0.931641, 5.126952, -20.019532, -8.178714,Cycling
4715362, -0.039429, -0.264771, -1.053467, 5.615234, -10.314940, -1.098633,Cycling
4715382, -0.015503, -0.355591, -0.988648, 6.530760, -1.831054, 1.403808,Cycling
4715402, 0.047974, -0.236328, -1.039673, 4.821778, -2.197266, 1.403808,Cycling
4715422, -0.033813, -0.237671, -0.931152, 3.784179, 0.610352, 1.281738,Cycling
4715442, -0.071899, -0.110107, -1.039307, 2.441407, 7.446288, 3.173828,Cycling
4715462, -0.231323, -0.175415, -1.124390, -0.549316, 17.456060, 4.638672,Cycling
4715502, -0.169678, -0.222900, -1.070435, -0.915527, 37.292480, 13.122556,Cycling
4715522, -0.116577, -0.140259, -1.146118, -2.624511, 40.100100, 17.639160,Cycling
4715562, -0.162964, -0.278198, -1.010376, -8.056642, 34.973150, 7.568358,Cycling
4715582, -0.246704, -0.301514, -1.031128, -12.756344, 31.677240, 4.760742,Cycling
4715602, -0.056885, -0.180786, -1.039185, -15.258788, 32.531740, 6.530760,Cycling
4715622, -0.040649, -0.111084, -1.047974, -9.887696, 28.564450, 7.202148,Cycling
4715642, 0.023682, -0.103027, -0.971070, -3.540038, 29.846190, 5.310058,Cycling
4715662, -0.062866, -0.186768, -1.026368, -2.441407, 23.925780, 1.037598,Cycling
4715682, -0.089478, -0.334229, -0.906616, -0.488281, 31.005852, 4.882814,Cycling
4715702, 0.067383, -0.218750, -0.792847, 3.356933, 16.784670, 7.995604,Cycling
4715722, -0.096924, -0.307739, -0.855469, 5.615234, 12.695310, 5.554198,Cycling
4715742, -0.125488, -0.507080, -0.867554, -0.244141, 25.146480, 10.253904,Cycling
4715762, -0.046143, -0.436157, -0.821533, 0.427246, 22.949216, 15.930172,Cycling
4715782, -0.009888, -0.400146, -0.891358, 3.662109, 20.202630, 18.249516,Cycling
4715802, 0.069458, -0.348389, -0.963501, 3.112792, 25.024410, 18.920900,Cycling
4715822, 0.068481, -0.551270, -0.960938, 0.366211, 19.531250, 20.507810,Cycling
4715842, 0.132080, -0.392578, -0.782471, 2.380371, 1.770019, 22.399900,Cycling
4715862, 0.215454, -0.235230, -0.892334, 0.244141, -10.620116, 17.395020,Cycling
4715882, -0.246826, -0.294556, -1.149536, -0.610352, 0.183105, 14.038084,Cycling
4715902, 0.093384, -0.243286, -0.915650, 15.197750, 11.657712, 13.610836,Cycling
4715922, 0.079590, -0.423462, -0.855835, 14.465330, -3.234863, 6.713866,Cycling
4715942, 0.069458, -0.414917, -0.966187, 17.395020, -12.573240, 8.911134,Cycling
4715962, -0.172485, -0.505005, -0.967285, 6.835936, -7.080076, 13.732908,Cycling
4715982, 0.053955, -0.369629, -0.792358, 11.718748, -10.742184, 19.531250,Cycling
4716002, 0.156250, -0.395020, -0.677979, 3.479003, -29.479976, 21.972650,Cycling
4716022, -0.116943, -0.307983, -0.792480, -4.455568, -24.475090, 24.230950,Cycling
4716042, -0.026733, -0.261108, -0.881958, 0.061035, -9.277344, 21.850580,Cycling
4716062, -0.015625, -0.339966, -0.998779, -3.295898, 2.563476, 16.052250,Cycling
4716082, 0.012085, -0.504761, -0.931030, -15.686032, -7.812498, 19.531250,Cycling
4716102, 0.072510, -0.387940, -0.745239, -20.935052, -36.743170, 17.639160,Cycling
4716122, -0.247925, -0.441040, -0.821655, -11.962890, -51.452620, 12.695310,Cycling
4716142, -0.615234, -0.711914, -0.861084, -12.023924, -38.940440, 19.409180,Cycling
4716162, -0.135376, -0.706543, -0.774780, -28.625480, -23.193352, 14.648436,Cycling
4716182, 0.461792, -0.336792, -0.716797, -29.113768, -43.029780, 22.583000,Cycling
4716202, 0.097046, -0.251465, -0.785767, -13.427732, -50.170890, 23.437492,Cycling
4716222, -0.100342, -0.341553, -0.896362, -5.249022, -47.607410, 17.944340,Cycling
4716242, -0.159058, -0.354492, -0.996216, -7.568358, -36.621100, 13.000484,Cycling
4716262, 0.008789, -0.322510, -0.895996, -2.746581, -43.823240, 5.065916,Cycling
4716282, -0.004028, -0.368652, -0.973267, 1.342773, -46.264640, 0.366211,Cycling
4716302, -0.264526, -0.382080, -1.003174, 4.028321, -47.424300, -1.403808,Cycling
4716322, -0.349976, -0.304688, -1.081543, 9.704590, -38.635260, -3.845214,Cycling
4716342, -0.069824, -0.248901, -1.020752, 6.286620, -38.391120, -1.037598,Cycling
4716362, 0.083862, -0.297363, -0.964600, 7.202148, -52.307120, 0.183105,Cycling
4716382, -0.010620, -0.245117, -1.003418, 8.911134, -51.635740, -2.197266,Cycling
4716402, -0.239380, -0.180054, -1.040406, 3.967285, -36.987310, -6.042480,Cycling
4716422, -0.211548, -0.064453, -1.092896, 3.906249, -19.409180, -6.652830,Cycling
4716442, -0.046387, -0.052124, -1.088868, 0.244141, -6.652830, -14.648436,Cycling
4716462, -0.152710, -0.089478, -1.055420, 1.464844, -5.432128, -17.395020,Cycling
4716482, -0.207886, -0.178833, -0.990356, 0.854492, -1.464844, -23.681636,Cycling
4716502, -0.299561, -0.061035, -1.012085, -1.953124, -7.507323, -21.789548,Cycling
4716522, -0.364624, -0.144165, -0.992798, 0.305176, -5.126952, -20.874020,Cycling
4716542, -0.373535, -0.206665, -0.967774, -2.197266, -1.586914, -18.737796,Cycling
4716562, -0.376099, -0.325073, -0.820679, -0.549316, -7.080076, -17.700200,Cycling
4716582, -0.328858, -0.246826, -0.828736, -6.652830, -3.784179, -13.122556,Cycling
4716602, -0.214722, -0.220581, -0.806274, -1.647949, -12.329100, -12.451170,Cycling
4716622, -0.200195, -0.146118, -0.896606, -4.760742, -10.620116, -12.023924,Cycling
4716642, -0.190430, -0.148193, -0.935059, -4.516602, -10.253904, -14.526364,Cycling
4716662, -0.030518, -0.110474, -0.872070, -1.708984, -7.934570, -19.714360,Cycling
4716682, 0.003296, -0.119507, -1.055664, 1.953124, -0.915527, -21.545408,Cycling
4716702, -0.022339, -0.124268, -1.238038, 0.488281, 21.972650, -24.230950,Cycling
4716722, -0.155884, -0.237061, -1.202393, 1.281738, 33.813480, -25.207516,Cycling
4716742, -0.099487, -0.328491, -1.128052, -0.549316, 33.752440, -23.132320,Cycling
4716762, -0.134766, -0.339600, -1.044922, 4.760742, 20.385740, -18.310550,Cycling
4716782, -0.231812, -0.268799, -1.047120, 1.770019, 11.230468, -10.986324,Cycling
4716802, -0.313110, -0.149048, -0.968994, 8.972170, 3.601074, -7.629394,Cycling
4716822, -0.354004, -0.217163, -0.944580, 7.873534, 6.713866, -12.878416,Cycling
4716842, -0.261475, -0.239990, -0.952515, 3.417968, 11.291500, -16.662600,Cycling
4716862, -0.207642, -0.256104, -0.831421, 4.394532, 10.681150, -18.127448,Cycling
4716882, -0.332520, -0.506714, -0.814087, -0.122070, 8.117676, -18.798830,Cycling
4716902, -0.117554, -0.352539, -0.816772, -15.075680, 13.671872, -14.343260,Cycling
4716922, -0.267334, -0.239380, -0.845337, -9.033204, 7.263182, -11.596676,Cycling
4716942, -0.239014, -0.219605, -0.762085, -0.305176, -4.699708, -20.141600,Cycling
4716962, -0.343018, -0.390381, -0.830688, 0.793457, -5.554198, -35.095220,Cycling
4716982, -0.217529, -0.538940, -0.997925, -0.610352, 1.281738, -40.466300,Cycling
4717002, 0.222290, -0.192993, -0.983154, -2.319336, -5.981444, -34.118660,Cycling
4717022, 0.115479, -0.180420, -0.998291, 10.009768, -9.765626, -32.531740,Cycling
4717042, -0.045532, -0.484131, -0.956543, 13.488768, 9.216310, -31.494136,Cycling
4717062, 0.131714, -0.535400, -1.028931, 6.164550, 14.892576, -22.583000,Cycling
4717082, 0.167480, -0.274536, -0.904053, 10.314940, 5.249022, -13.366696,Cycling
4717102, -0.168335, -0.410278, -0.803955, 14.709470, 2.807617, -15.808104,Cycling
4717122, -0.230835, -0.451660, -0.913940, 7.751464, 7.995604, -15.808104,Cycling
4717142, -0.279785, -0.359741, -0.839600, 7.751464, -2.624511, -16.113284,Cycling
4717162, -0.368896, -0.341553, -0.890015, 7.751464, -6.530760, -15.808104,Cycling
4717182, -0.187622, -0.474854, -0.851440, 7.995604, -6.591796, -17.578130,Cycling
4717202, -0.231812, -0.499390, -0.823486, 4.333496, -13.366696, -12.634276,Cycling
4717222, -0.147217, -0.498047, -0.773804, -2.014160, -11.535644, -4.089356,Cycling
4717242, -0.026367, -0.281372, -0.889160, -3.173828, -9.948730, 0.183105,Cycling
4717262, -0.107544, -0.343750, -0.958252, -2.929687, -5.615234, -3.051757,Cycling
4717282, 0.072998, -0.248169, -0.979614, -9.216310, 5.676268, -7.446288,Cycling
4717302, 0.167358, -0.118408, -1.023682, -0.427246, 11.962890, -6.896972,Cycling
4717322, -0.050049, -0.202637, -1.213868, -0.732422, 29.113768, -4.150392,Cycling
4717342, 0.134888, -0.158447, -1.144654, -1.647949, 36.254890, -2.929687,Cycling
4717362, 0.170288, -0.256592, -1.012329, 1.098633, 32.653820, -5.371092,Cycling
4717382, -0.200317, -0.250488, -1.038208, -4.821778, 34.179700, -2.685546,Cycling
4717402, -0.144897, -0.303955, -0.935547, -4.272462, 28.869624, -0.915527,Cycling
4717442, -0.249512, -0.499024, -0.920410, -5.981444, 31.249992, -5.615234,Cycling
4717522, -0.070923, -0.387817, -0.852051, 11.779784, 20.690910, 1.586914,Cycling
4717542, -0.080078, -0.475586, -0.842163, 14.038084, 18.493652, 5.981444,Cycling
4717562, 0.026978, -0.471069, -0.820679, 11.840818, 17.517090, 12.329100,Cycling
4717582, 0.064087, -0.403320, -0.827148, 7.995604, 10.131832, 13.488768,Cycling
4717602, 0.078735, -0.395020, -0.864014, 0.305176, 7.019042, 10.253904,Cycling
4717622, 0.131104, -0.364136, -0.698975, -1.464844, -2.502442, 6.591796,Cycling
4717642, -0.006348, -0.442261, -0.775391, -7.202148, -10.131832, 0.854492,Cycling
4717662, 0.080566, -0.426392, -0.871338, -7.202148, -4.821778, -3.356933,Cycling
4717682, 0.046631, -0.411377, -0.952271, -7.995604, -5.187988, -4.577638,Cycling
4717702, 0.127564, -0.406250, -0.930298, -3.051757, -9.521484, -4.272462,Cycling
4717722, 0.016357, -0.349732, -0.994263, -5.126952, -11.047360, -3.234863,Cycling
4717742, 0.025879, -0.426392, -0.859009, -1.586914, -13.977050, -1.281738,Cycling
4717762, -0.057617, -0.349976, -0.948364, 1.708984, -15.136716, 1.037598,Cycling
4717782, -0.112549, -0.399170, -0.919312, 1.831054, -19.409180, -1.403808,Cycling
4717802, -0.190430, -0.501221, -0.976929, -4.699708, -15.563964, -3.540038,Cycling
4717822, -0.090210, -0.514038, -0.876709, 1.953124, -27.648920, -1.159668,Cycling
4717842, -0.021973, -0.396851, -0.825195, -1.342773, -38.574220, 2.502442,Cycling
4717862, 0.012451, -0.372559, -0.784058, -1.892090, -40.954580, 1.770019,Cycling
4717882, -0.105103, -0.378418, -0.858521, -2.929687, -38.269050, 2.746581,Cycling
4717902, -0.069092, -0.375366, -0.977539, -3.784179, -26.611320, 4.760742,Cycling
4717922, 0.060913, -0.270508, -0.885864, -1.098633, -35.400400, 0.610352,Cycling
4717942, 0.043335, -0.240845, -0.776489, -2.746581, -35.461430, -3.845214,Cycling
4717962, -0.125244, -0.321655, -0.924805, -4.882814, -22.583000, -6.347656,Cycling
4717982, -0.037476, -0.276733, -1.024048, -4.943848, -13.610836, -3.540038,Cycling
4718002, -0.053711, -0.305054, -0.994995, -7.385252, -16.601568, -8.544924,Cycling
4718022, -0.056030, -0.204834, -0.953736, -10.009768, -14.770504, -9.582520,Cycling
4718042, -0.100830, -0.240479, -1.070068, -10.009768, -4.760742, -7.324218,Cycling
4718062, -0.130859, -0.186768, -1.124146, -9.582520, 2.868652, -4.028321,Cycling
4718082, -0.046387, -0.144165, -1.021118, -9.094240, 6.042480, -1.708984,Cycling
4718102, -0.081787, -0.142578, -1.038208, -8.117676, 13.793944, 2.075196,Cycling
4718122, -0.225220, -0.172485, -1.179932, -9.765626, 29.907220, 7.751464,Cycling
4718142, -0.204956, -0.220337, -1.063965, -9.765626, 23.620600, 7.629394,Cycling
4718162, -0.151855, -0.191162, -0.964234, -8.544924, 14.099120, 4.638672,Cycling
4718182, -0.209229, -0.144531, -1.061646, -9.765626, 14.221190, -0.305176,Cycling
4718202, -0.031860, -0.103394, -1.117676, -9.826660, 16.723632, -3.234863,Cycling
4718222, -0.079590, -0.152100, -1.030030, -9.033204, 15.380856, -3.906249,Cycling
4718242, -0.083618, -0.291992, -1.025391, -10.009768, 29.724120, 0.244141,Cycling
4718262, 0.028931, -0.197266, -0.984131, -4.394532, 21.240230, 5.004884,Cycling
4718282, -0.058960, -0.172974, -0.883667, -0.549316, 18.127448, 5.615234,Cycling
4718302, -0.129028, -0.143799, -0.978394, -0.061035, 15.808104, 1.953124,Cycling
4718322, -0.126343, -0.252808, -0.942017, 2.319336, 17.028810, 0.061035,Cycling
4718362, 0.047119, -0.291138, -0.934937, 5.554198, 17.944340, 5.859374,Cycling
4718403, -0.165161, -0.330444, -0.791504, 7.690428, 5.920409, -2.014160,Cycling
4718423, -0.175537, -0.540405, -0.904053, 0.183105, 19.531250, -0.183105,Cycling
4718443, -0.086060, -0.502930, -0.863159, 4.516602, 11.657712, 4.028321,Cycling
4718463, -0.071045, -0.524536, -0.798584, 3.417968, 3.601074, 5.126952,Cycling
4718563, 0.034546, -0.364624, -0.815308, -1.159668, -28.808590, -1.525878,Cycling
4718583, -0.059082, -0.376953, -0.843750, -4.577638, -25.939940, -2.075196,Cycling
4718603, -0.051270, -0.349487, -0.985962, -5.249022, -20.202630, 0.732422,Cycling
4718623, -0.084106, -0.350708, -0.985474, -2.746581, -15.258788, 4.638672,Cycling
4718643, -0.053589, -0.365234, -0.890015, -4.211426, -23.498530, 0.793457,Cycling
4718663, -0.050049, -0.167480, -0.934448, -6.408690, -22.277830, 1.403808,Cycling
4718683, -0.146118, -0.229126, -1.103882, -7.080076, -7.751464, -0.976562,Cycling
4718703, -0.017090, -0.223999, -1.017822, -4.455568, -10.192870, -2.136231,Cycling
4718723, -0.063599, -0.196655, -0.933960, -5.981444, -11.291500, -3.356933,Cycling
4718743, -0.009033, -0.120850, -1.028564, -7.690428, -5.126952, -0.122070,Cycling
4718763, 0.013550, -0.102661, -1.088746, -6.469726, 5.859374, 3.540038,Cycling
4718783, -0.038086, -0.129639, -1.153564, -6.835936, 7.751464, 8.666994,Cycling
4718803, -0.009644, -0.119385, -1.001343, -8.789064, 13.061520, 5.676268,Cycling
4718823, -0.055786, -0.170410, -0.992920, -8.605960, 10.803220, 1.403808,Cycling
4718843, -0.130371, -0.142090, -1.094238, -7.202148, 10.192870, -1.159668,Cycling
4718863, -0.242798, -0.228272, -0.986572, -7.995604, 13.671872, -3.417968,Cycling
4718883, -0.065674, -0.290894, -0.899780, -6.164550, 1.525878, -6.103514,Cycling
4718903, -0.184814, -0.157227, -1.069458, -7.141112, -2.014160, -2.929687,Cycling
4718923, -0.109497, -0.201294, -1.002808, -2.990722, 7.507323, -5.310058,Cycling
4718943, -0.036865, -0.288574, -0.878906, -0.305176, -5.187988, -7.324218,Cycling
4718963, -0.237427, -0.328491, -0.906616, -4.150392, -7.141112, -1.647949,Cycling
4718983, -0.127441, -0.323120, -0.922608, -7.324218, -6.408690, 2.197266,Cycling
4719003, -0.040161, -0.344727, -0.875244, -4.943848, -16.784670, -0.061035,Cycling
4719023, -0.140259, -0.319580, -0.986328, -8.850100, -24.536130, -0.976562,Cycling
4719043, -0.178589, -0.239258, -0.990112, -4.028321, -27.587884, -2.075196,Cycling
4719063, -0.106079, -0.312134, -0.939087, 3.173828, -31.555170, -7.141112,Cycling
4719083, 0.004272, -0.260742, -0.919190, 4.699708, -31.677240, -5.065916,Cycling
4719103, -0.059204, -0.245850, -0.879150, 8.666994, -29.724120, -2.258301,Cycling
4719123, -0.047485, -0.202148, -0.872803, 9.704590, -22.766110, -0.305176,Cycling
4719143, -0.017212, -0.184692, -0.879761, 13.427732, -15.808104, -2.319336,Cycling
4719163, -0.043701, -0.190796, -0.950806, 12.268064, -6.103514, -4.394532,Cycling
4719183, -0.087524, -0.188232, -0.961792, 12.939450, -0.549316, -4.089356,Cycling
4719203, -0.176880, -0.252564, -1.034668, 7.690428, 4.577638, -6.591796,Cycling
4719223, -0.089355, -0.188110, -1.022583, 1.281738, -5.859374, -4.943848,Cycling
4719243, -0.155151, -0.137329, -0.997681, 1.831054, -10.437010, -8.544924,Cycling
4719263, -0.209229, -0.232788, -0.977905, 3.784179, -14.892576, -9.399414,Cycling
4719283, -0.250977, -0.269653, -0.993408, 1.159668, -16.418460, -9.948730,Cycling
4719303, -0.276367, -0.316406, -0.832398, -5.065916, -17.150880, -9.826660,Cycling
4719323, -0.263306, -0.327759, -0.889526, -2.868652, -14.587400, 0.549316,Cycling
4719343, -0.143799, -0.210449, -0.937256, -2.197266, -6.835936, 1.037598,Cycling
4719363, -0.178589, -0.275635, -0.934204, 3.173828, -10.742184, 3.417968,Cycling
4719383, -0.164551, -0.248169, -0.900024, 1.342773, -9.094240, 1.159668,Cycling
4719403, -0.083008, -0.221314, -0.962646, 1.708984, -14.648436, -5.371092,Cycling
4719423, -0.074585, -0.093628, -0.931396, 0.976562, -5.493162, -3.234863,Cycling
4719443, -0.079834, -0.142334, -0.905274, 3.540038, 5.676268, -8.239746,Cycling
4719463, -0.029541, -0.161865, -1.008912, 4.760742, 20.568840, -7.202148,Cycling
4719483, -0.086182, -0.226929, -1.157837, 3.173828, 37.109380, -6.042480,Cycling
4719503, -0.003296, -0.276733, -1.122314, 1.525878, 40.344230, -3.051757,Cycling
4719523, -0.030518, -0.148682, -0.996948, 7.141112, 31.616208, 1.708984,Cycling
4719543, -0.241943, -0.196899, -1.042725, 10.498044, 29.907220, 3.967285,Cycling
4719563, -0.321167, -0.212280, -1.004150, 10.864256, 30.517570, 4.516602,Cycling
4719583, -0.289917, -0.203491, -0.986450, 8.972170, 23.071284, 4.516602,Cycling
4719603, -0.251465, -0.214722, -0.934204, 8.117676, 19.836430, 2.685546,Cycling
4719623, -0.127075, -0.233276, -0.920532, 4.272462, 8.178714, 0.061035,Cycling
4719643, -0.239380, -0.269531, -0.929444, 1.647949, 5.798338, -1.708984,Cycling
4719663, -0.180420, -0.247681, -0.919922, -2.136231, 1.220704, -1.342773,Cycling
4719683, -0.296509, -0.344605, -0.877075, -1.892090, 0.976562, -5.249022,Cycling
4719703, -0.100952, -0.433838, -0.841309, -7.080076, 0.671386, -4.638672,Cycling
4719723, 0.010620, -0.318726, -0.862671, -7.446288, -3.234863, -0.671386,Cycling
4719743, -0.164185, -0.280884, -0.939331, -4.028321, 0.366211, 2.319336,Cycling
4719763, -0.024780, -0.169312, -1.046143, -1.892090, 6.469726, 0.488281,Cycling
4719783, 0.014404, -0.218750, -0.950562, 1.159668, 4.028321, -4.272462,Cycling
4719803, -0.019653, -0.401733, -0.884033, 0.854492, 4.638672, -4.638672,Cycling
4719823, 0.115601, -0.248901, -0.968506, 1.464844, 2.441407, -2.502442,Cycling
4719843, 0.033569, -0.060181, -0.987305, 10.253904, -5.432128, -3.662109,Cycling
4719863, -0.131592, -0.254272, -0.923096, 10.498044, 3.173828, -6.652830,Cycling
4719883, -0.109863, -0.467041, -0.927368, 5.615234, 7.873534, -6.896972,Cycling
4719903, -0.054199, -0.390137, -0.906494, 5.126952, 8.605960, 0.366211,Cycling
4719923, -0.059448, -0.305054, -0.916016, 5.371092, 2.075196, 2.441407,Cycling
4719943, -0.129761, -0.342651, -0.907104, 4.211426, -1.159668, 1.281738,Cycling
4719963, -0.148438, -0.311401, -0.974610, 0.976562, -2.075196, 5.493162,Cycling
4719983, -0.181641, -0.302002, -0.930664, -5.065916, 1.892090, 6.713866,Cycling
4720003, -0.012573, -0.242798, -0.880005, -1.403808, -6.042480, 1.403808,Cycling
4720023, -0.066650, -0.194214, -0.988037, 1.708984, -6.652830, -2.746581,Cycling
4720043, -0.125610, -0.247803, -0.991944, 0.244141, -4.577638, -5.432128,Cycling
4720063, -0.072754, -0.317627, -0.938843, 0.488281, -3.356933, -5.615234,Cycling
4720083, -0.090088, -0.294922, -1.049683, 0.183105, -3.112792, -3.601074,Cycling
4720103, 0.063110, -0.224121, -0.950806, 2.502442, 0.610352, -2.136231,Cycling
4720123, -0.025757, -0.287476, -0.998657, -2.136231, 1.586914, -5.249022,Cycling
4720143, 0.095703, -0.252441, -1.039307, 0.305176, 9.338380, -2.136231,Cycling
4720163, 0.018799, -0.208740, -1.048706, 2.075196, 14.770504, -1.220704,Cycling
4720183, -0.100220, -0.259644, -0.912964, 6.530760, 12.756344, 0.427246,Cycling
4720203, -0.139038, -0.225342, -0.927979, 9.704590, 8.239746, 2.136231,Cycling
4720223, -0.147461, -0.372437, -0.850342, 5.798338, 7.751464, -1.037598,Cycling
4720243, -0.138062, -0.400513, -0.958740, 0.610352, 7.019042, -2.563476,Cycling
4720263, -0.063721, -0.310547, -1.012329, 3.051757, 7.263182, -2.624511,Cycling
4720283, -0.030884, -0.284180, -0.922730, 3.601074, -2.746581, -4.699708,Cycling
4720303, -0.088257, -0.368896, -0.915161, -0.488281, 3.662109, -2.929687,Cycling
4720323, -0.112549, -0.330811, -1.021851, 2.441407, 4.699708, 1.281738,Cycling
4720343, -0.058105, -0.397583, -0.952637, 3.601074, 11.047360, 5.187988,Cycling
4720363, -0.004883, -0.301880, -0.933716, 8.972170, 6.652830, 6.469726,Cycling
4720383, 0.018188, -0.118530, -1.030396, 10.925290, 4.943848, 5.065916,Cycling
4720403, -0.024170, -0.206543, -0.948120, 8.361816, 8.605960, 1.159668,Cycling
4720463, 0.034058, -0.332764, -0.955444, 3.662109, 19.531250, 6.469726,Cycling
4720483, 0.006836, -0.319580, -1.035278, -0.427246, 18.371584, 8.239746,Cycling
4720503, 0.045166, -0.283325, -1.089478, -3.540038, 20.690910, 10.070800,Cycling
4720563, -0.319580, -0.453735, -0.873047, -5.004884, 9.765626, 12.573240,Cycling
4720583, -0.221069, -0.369751, -0.946045, -0.793457, 11.779784, 10.498044,Cycling
4720603, -0.216187, -0.444092, -0.940796, -9.643556, 6.225584, 8.666994,Cycling
4720623, -0.040161, -0.343872, -0.890381, -3.540038, -13.000484, 0.488281,Cycling
4720643, -0.003540, -0.383545, -0.912964, -5.920409, -7.324218, 0.793457,Cycling
4720663, 0.081543, -0.422119, -0.813599, -4.516602, -10.070800, 0.000000,Cycling
4720683, 0.081787, -0.303711, -0.895874, -3.662109, -11.840818, -2.136231,Cycling
4720703, 0.009888, -0.343140, -0.967774, -4.089356, -7.324218, -1.464844,Cycling
4720723, 0.014038, -0.380737, -0.958008, -2.563476, -10.375976, -2.807617,Cycling
4720743, -0.011353, -0.361938, -0.895020, 2.929687, -16.723632, -3.479003,Cycling
4720763, -0.042969, -0.431152, -0.791870, 0.976562, -24.475090, -3.784179,Cycling
4720783, 0.002075, -0.333862, -0.888184, -1.586914, -21.301268, -1.159668,Cycling
4720803, -0.082153, -0.358032, -0.909058, -3.417968, -21.423332, -0.122070,Cycling
4720823, -0.055054, -0.342163, -0.901123, -2.563476, -17.150880, 0.549316,Cycling
4720843, -0.011597, -0.248291, -0.971436, -3.601074, -18.188480, 0.610352,Cycling
4720863, -0.008667, -0.165405, -1.111572, -2.441407, -10.925290, 1.037598,Cycling
4720883, 0.055542, -0.168701, -0.989868, -2.014160, -15.502928, -0.244141,Cycling
4720903, -0.073975, -0.142334, -1.000732, -1.892090, -9.460450, 2.014160,Cycling
4720923, -0.102295, -0.062012, -1.064820, 0.976562, -5.859374, 3.356933,Cycling
4720943, -0.155029, -0.139771, -1.003784, -4.028321, 0.000000, 4.272462,Cycling
4720963, -0.142212, -0.229004, -0.980713, -7.385252, 3.601074, 1.708984,Cycling
4720983, -0.115356, -0.188477, -1.090454, -8.422854, 5.493162, 1.342773,Cycling
4721003, -0.099854, -0.110107, -1.126587, -6.530760, 8.178714, 2.502442,Cycling
4721023, -0.075073, -0.148438, -1.021484, -6.958006, 10.253904, 1.647949,Cycling
4721043, -0.032227, -0.182617, -1.016236, -5.859374, 11.840818, 2.014160,Cycling
4721063, -0.136719, -0.132813, -1.091919, -0.671386, 13.549804, 3.417968,Cycling
4721083, -0.101563, -0.197388, -1.021851, -0.793457, 20.507810, 4.882814,Cycling
4721103, -0.133911, -0.208130, -1.033326, 1.892090, 18.920900, 6.469726,Cycling
4721123, -0.043091, -0.196777, -0.944336, 7.385252, 14.953610, 6.286620,Cycling
4721143, -0.205933, -0.310425, -0.900757, 6.225584, 2.746581, 2.807617,Cycling
4721163, -0.147827, -0.351440, -0.863648, 1.708984, 4.699708, 0.549316,Cycling
4721183, 0.015625, -0.346436, -0.830200, 1.464844, 0.122070, 4.150392,Cycling
4721203, -0.064575, -0.333008, -0.875244, -2.075196, 10.620116, 13.000484,Cycling
4721223, -0.021240, -0.309448, -0.932373, -0.976562, 13.549804, 15.197750,Cycling
4721243, -0.043457, -0.283814, -0.929444, -1.647949, 4.760742, 12.512204,Cycling
4721263, 0.022949, -0.214722, -0.863770, -3.112792, -1.708984, 6.042480,Cycling
4721283, 0.008301, -0.283936, -0.924927, -4.699708, 7.568358, 3.479003,Cycling
4721303, 0.056519, -0.136963, -1.063599, 2.197266, 4.089356, -0.732422,Cycling
4721323, -0.010254, -0.286377, -0.887207, 3.234863, -2.014160, -1.037598,Cycling
4721343, -0.102295, -0.326172, -0.943604, 1.342773, 8.666994, 4.455568,Cycling
4721363, 0.035034, -0.258911, -0.942749, 6.408690, -3.234863, 4.028321,Cycling
4721383, -0.028931, -0.153442, -0.984253, 8.728030, -3.906249, 4.882814,Cycling
4721403, -0.007813, -0.251831, -0.978150, 7.995604, -0.549316, 3.173828,Cycling
4721423, -0.148071, -0.366089, -1.000000, 4.150392, 4.150392, 4.394532,Cycling
4721443, -0.116943, -0.484985, -0.862061, 5.737304, -2.685546, 5.187988,Cycling
4721463, -0.082397, -0.309204, -1.006226, 8.789064, -10.498044, 5.065916,Cycling
4721483, -0.025024, -0.399048, -0.848633, 7.751464, -17.822270, 5.371092,Cycling
4721503, -0.227173, -0.481201, -0.960449, -0.915527, -16.113284, 9.521484,Cycling
4721523, -0.004272, -0.464844, -0.750854, 1.464844, -20.812980, 10.986324,Cycling
4721543, -0.101440, -0.476807, -0.761108, -1.647949, -31.005852, 8.789064,Cycling
4721563, -0.018188, -0.342896, -0.944824, 0.305176, -22.949216, 6.591796,Cycling
4721583, -0.078003, -0.280274, -1.044068, -1.281738, -18.371584, 3.356933,Cycling
4721603, 0.074585, -0.321411, -0.751953, 5.310058, -30.517570, -2.807617,Cycling
4721623, -0.011475, -0.346069, -0.800904, -0.854492, -19.897460, -3.906249,Cycling
4721643, 0.081909, -0.203735, -1.041504, 6.286620, -15.930172, -0.183105,Cycling
4721663, -0.135620, -0.268188, -0.970337, 8.422854, -10.192870, 1.220704,Cycling
4721683, -0.135742, -0.308838, -1.059204, 6.042480, -2.624511, 5.004884,Cycling
4721703, 0.198853, -0.145630, -1.004639, 13.488768, -2.441407, 3.784179,Cycling
4721723, -0.224243, -0.182617, -0.979004, 11.657712, -2.014160, 5.615234,Cycling
4721743, -0.148804, -0.180908, -0.989746, 10.009768, 8.728030, 6.103514,Cycling
4721763, -0.277466, -0.305786, -0.975342, 1.892090, 4.699708, 4.943848,Cycling
4721783, -0.035522, -0.137085, -1.020630, 3.234863, 14.831540, 5.187988,Cycling
4721803, -0.231812, -0.259155, -1.022095, -3.723144, 0.488281, 0.244141,Cycling
4721823, -0.056885, -0.253662, -0.914185, -0.854492, 7.019042, 2.502442,Cycling
4721843, -0.176636, -0.268066, -0.974976, -7.202148, 1.464844, 0.305176,Cycling
4721863, -0.104858, -0.339722, -0.908570, -9.094240, 6.713866, 0.732422,Cycling
4721883, -0.129395, -0.347900, -0.966553, -5.126952, -1.647949, -1.159668,Cycling
4721903, -0.343506, -0.413208, -0.975464, -4.760742, -5.249022, -4.028321,Cycling
4721923, -0.246216, -0.606323, -0.627686, -7.446288, -21.911620, -5.126952,Cycling
4721943, -0.120728, -0.490112, -0.888916, -3.173828, -19.470220, -3.295898,Cycling
4721963, 0.034668, -0.409058, -0.968628, 2.441407, -25.329584, -5.798338,Cycling
4721983, 0.038208, -0.366577, -0.950318, 2.258301, -36.438000, -10.314940,Cycling
4722003, -0.055542, -0.432495, -0.859741, -0.122070, -44.677720, -14.282224,Cycling
4722023, -0.082886, -0.384155, -0.874268, -1.831054, -43.151840, -9.948730,Cycling
4722043, 0.016357, -0.262451, -0.853882, -1.281738, -39.978040, -5.737304,Cycling
4722063, -0.078369, -0.209229, -0.903320, -1.586914, -35.522460, -2.014160,Cycling
4722083, -0.242676, -0.293213, -0.853516, 0.793457, -26.916500, 0.915527,Cycling
4722103, -0.305542, -0.364502, -0.932739, -4.272462, -15.930172, 0.488281,Cycling
4722123, -0.238037, -0.249878, -1.056274, -4.150392, -18.249516, 3.540038,Cycling
4722143, -0.108032, -0.149658, -0.750488, -8.178714, -19.653320, 4.333496,Cycling
4722163, -0.193481, -0.043579, -1.074585, -15.319820, 8.972170, 4.577638,Cycling
4722183, -0.224365, -0.172241, -1.283448, -7.202148, 29.113768, 13.183590,Cycling
4722203, -0.071777, -0.126953, -1.231568, -4.028321, 39.550780, 17.822270,Cycling
4722223, -0.146729, -0.152588, -1.163696, 0.976562, 28.320310, 11.901852,Cycling
4722243, -0.198608, -0.176514, -1.099976, 0.793457, 37.048340, 8.117676,Cycling
4722263, -0.044067, -0.198975, -0.989502, 7.141112, 21.240230, 7.080076,Cycling
4722283, -0.176880, -0.170532, -0.975098, 5.920409, 16.052250, 1.464844,Cycling
4722303, -0.182129, -0.311401, -0.944824, 3.845214, 17.822270, -3.295898,Cycling
4722323, -0.074829, -0.160156, -0.974365, -4.821778, 18.554690, 0.061035,Cycling
4722343, -0.218628, -0.202393, -0.909546, -0.915527, 20.446770, -2.990722,Cycling
4722363, -0.206421, -0.337646, -0.888672, -4.882814, 19.226080, -0.732422,Cycling
4722383, -0.038330, -0.214478, -0.953491, -13.183590, 21.362300, -1.770019,Cycling
4722403, -0.239624, -0.314819, -0.968750, -6.652830, 12.939450, -2.807617,Cycling
4722423, -0.180176, -0.335816, -0.936402, -8.850100, 13.244628, -4.577638,Cycling
4722443, -0.089233, -0.337280, -0.895264, -5.371092, 3.540038, -3.417968,Cycling
4722463, -0.113525, -0.149658, -0.984863, -6.713866, -9.277344, -0.915527,Cycling
4722483, -0.186157, -0.198120, -0.958008, 2.319336, -7.873534, -5.004884,Cycling
4722503, -0.060669, -0.373047, -0.877197, 3.662109, -16.235352, -14.099120,Cycling
4722523, -0.111694, -0.415039, -0.966797, -6.347656, -29.663080, -9.826660,Cycling
4722543, -0.123291, -0.315186, -0.928589, -3.662109, -32.287600, -5.187988,Cycling
4722563, -0.052734, -0.320190, -0.923218, -5.187988, -40.710440, -1.159668,Cycling
4722583, -0.216309, -0.266968, -0.964112, 0.549316, -30.029290, 2.807617,Cycling
4722603, -0.143555, -0.400391, -0.896729, -3.540038, -27.893060, 5.859374,Cycling
4722623, -0.032837, -0.257446, -0.918945, -10.253904, -32.775880, 7.019042,Cycling
4722643, -0.178955, -0.199585, -0.829224, 0.793457, -32.226570, 5.798338,Cycling
4722663, -0.261353, -0.224365, -0.905152, 1.586914, -23.559568, 3.784179,Cycling
4722683, -0.211548, -0.140259, -1.007324, 3.906249, -13.427732, 6.958006,Cycling
4722703, -0.139893, -0.314697, -0.892456, 6.408690, -19.653320, 8.789064,Cycling
4722723, -0.126587, -0.342774, -0.846924, 10.986324, -27.893060, 12.878416,Cycling
4722743, -0.220581, -0.215088, -0.984131, 8.239746, -16.418460, 21.545408,Cycling
4722763, -0.389160, -0.247437, -0.912964, 15.319820, -9.582520, 27.526850,Cycling
4722783, -0.378662, -0.276489, -0.938232, 5.981444, -3.540038, 21.118160,Cycling
4722803, -0.241699, -0.195313, -0.914795, 2.075196, -13.244628, 10.681150,Cycling
4722823, -0.154785, -0.133423, -0.898316, -0.610352, -19.165040, 2.258301,Cycling
4722843, -0.145020, -0.107300, -0.926514, 2.624511, -20.080560, -6.713866,Cycling
4722863, -0.248657, -0.295532, -1.045898, 2.990722, -12.329100, -7.873534,Cycling
4722883, -0.073486, -0.252441, -1.091553, -8.178714, -0.854492, -9.216310,Cycling
4722903, -0.084595, -0.120728, -1.021118, -1.403808, -5.859374, -7.446288,Cycling
4722923, -0.273438, -0.166870, -0.969727, 0.732422, -3.723144, -10.620116,Cycling
4722943, -0.293823, -0.197998, -0.925659, 2.685546, -2.258301, -10.375976,Cycling
4722963, -0.318115, -0.178711, -0.959473, 3.234863, 1.220704, -5.493162,Cycling
4722983, -0.376953, -0.271851, -0.925781, 0.976562, 3.662109, -2.075196,Cycling
4723003, -0.298096, -0.289185, -0.842774, -1.892090, -1.770019, -3.906249,Cycling
4723023, -0.251953, -0.059570, -0.921997, 3.173828, -8.789064, -1.220704,Cycling
4723043, -0.358521, -0.168335, -0.921387, 2.197266, -5.554198, -3.295898,Cycling
4723063, -0.399170, -0.349732, -0.728028, 3.173828, -17.456060, -9.643556,Cycling
4723083, -0.338867, -0.495361, -0.725830, -6.103514, -22.399900, -10.253904,Cycling
4723103, -0.112183, -0.297241, -0.850464, -12.329100, -20.935052, -5.371092,Cycling
4723123, -0.206421, -0.349609, -0.856323, -11.169430, -25.451652, -6.591796,Cycling
4723143, -0.319092, -0.355591, -0.813965, -12.084960, -31.066890, -10.925290,Cycling
4723163, -0.268188, -0.262329, -0.869995, -18.127448, -27.648920, -15.319820,Cycling
4723183, -0.344971, -0.256714, -0.880005, -11.718748, -24.597160, -14.770504,Cycling
4723203, -0.325073, -0.343262, -0.909546, -10.559080, -20.690910, -17.456060,Cycling
4723223, -0.264404, -0.340454, -0.934570, -7.629394, -19.653320, -19.958500,Cycling
4723243, -0.350586, -0.189941, -0.958618, -5.371092, -22.277830, -18.310550,Cycling
4723263, -0.399170, -0.255737, -0.740479, -0.366211, -26.123040, -18.737796,Cycling
4723283, -0.310669, -0.272339, -0.797486, -4.882814, -28.503410, -19.287110,Cycling
4723303, -0.189087, -0.193115, -0.785645, -9.399414, -31.921380, -17.395020,Cycling
4723323, -0.372681, -0.282715, -0.833862, -7.812498, -34.118660, -17.578130,Cycling
4723343, -0.276123, -0.138794, -1.094604, -14.404296, -23.376460, -18.371584,Cycling
4723363, -0.312866, -0.030762, -1.159790, -18.249516, -21.606440, -21.545408,Cycling
4723383, -0.195801, -0.099976, -1.066528, -16.235352, -22.399900, -26.855464,Cycling
4723403, -0.157715, -0.162476, -1.054688, -11.169430, -18.981940, -29.357908,Cycling
4723423, -0.323364, -0.117554, -1.174561, -11.291500, -3.356933, -24.108880,Cycling
4723443, -0.363525, -0.236450, -0.993164, -9.399414, 5.004884, -22.399900,Cycling
4723463, -0.432617, -0.191284, -1.003418, -6.469726, 15.319820, -18.920900,Cycling
4723483, -0.485108, -0.143188, -1.002198, -4.028321, 22.827140, -16.479492,Cycling
4723503, -0.469605, -0.128296, -0.878296, -4.821778, 16.784670, -19.165040,Cycling
4723523, -0.461670, -0.126709, -0.930786, -9.704590, 11.962890, -14.892576,Cycling
4723543, -0.458740, -0.299194, -0.729370, -11.047360, 8.056642, -19.653320,Cycling
4723563, -0.492310, -0.293823, -0.738648, -11.535644, -1.953124, -22.766110,Cycling
4723583, -0.482178, -0.156372, -1.029908, -19.409180, 5.676268, -18.188480,Cycling
4723603, -0.281372, -0.219605, -0.999878, -25.939940, 4.638672, -23.986810,Cycling
4723623, -0.107788, -0.166992, -0.869019, -24.658200, -3.601074, -32.409680,Cycling
4723643, -0.239380, -0.203125, -0.934814, -23.132320, 8.728030, -29.296870,Cycling
4723663, -0.127197, -0.058838, -0.919312, -20.935052, 26.977532, -22.644040,Cycling
4723683, -0.126221, -0.030151, -1.251831, -23.925780, 37.841800, -24.414060,Cycling
4723703, -0.160400, -0.032715, -1.157837, -18.615724, 28.503410, -28.198240,Cycling
4723723, -0.142334, 0.008423, -1.112061, -12.023924, 33.447270, -29.479976,Cycling
4723743, -0.232788, -0.065918, -1.046753, -6.225584, 31.799310, -29.724120,Cycling
4723763, -0.192627, -0.127686, -0.949829, -4.028321, 22.766110, -25.451652,Cycling
4723783, -0.239502, -0.176636, -1.041504, -5.065916, 23.193352, -21.850580,Cycling
4723803, -0.168213, -0.133301, -1.034546, -3.845214, 21.850580, -15.869140,Cycling
4723823, -0.270752, -0.107422, -1.010010, -0.732422, 22.155760, -7.934570,Cycling
4723843, -0.253296, -0.122070, -0.962402, 2.014160, 25.451652, -6.591796,Cycling
4723863, -0.296265, -0.189331, -0.992310, 3.906249, 23.864740, -7.690428,Cycling
4723883, -0.263794, -0.149536, -1.022950, 2.258301, 34.423840, -1.586914,Cycling
4723903, -0.245483, -0.253540, -0.856323, 4.882814, 31.249992, -3.784179,Cycling
4723923, -0.270508, -0.214600, -0.883179, 6.774902, 27.832030, -3.601074,Cycling
4723943, -0.291260, -0.239136, -0.944092, 8.239746, 27.893060, 3.784179,Cycling
4723963, -0.150757, -0.101196, -0.919190, 9.887696, 32.775880, 5.371092,Cycling
4723983, -0.176880, -0.310547, -0.870972, 14.465330, 26.489250, 1.464844,Cycling
4724003, -0.182495, -0.263672, -0.873413, 8.483890, 28.198240, -1.098633,Cycling
4724023, -0.096436, -0.245483, -0.861938, 9.643556, 22.460930, -2.929687,Cycling
4724043, -0.112549, -0.225220, -0.821411, 14.587400, 19.775390, -1.342773,Cycling
4724063, -0.042114, -0.241577, -0.931763, 15.136716, 23.986810, 0.305176,Cycling
4724083, -0.084595, -0.266358, -1.077026, 9.643556, 34.851080, 4.272462,Cycling
4724103, 0.002686, -0.191406, -0.923340, 10.314940, 25.268550, 3.906249,Cycling
4724123, -0.106812, -0.208252, -0.962158, 9.155274, 22.888180, 0.610352,Cycling
4724143, -0.094849, -0.251831, -0.993774, 5.981444, 25.146480, -0.244141,Cycling
4724163, -0.170166, -0.194458, -0.949097, 5.310058, 22.399900, 4.089356,Cycling
4724183, -0.240967, -0.132935, -1.026246, 2.258301, 22.766110, 6.713866,Cycling
4724303, -0.203003, -0.258789, -0.939087, 1.708984, 15.441892, 4.943848,Cycling
4724323, 0.004517, -0.274780, -0.967774, 2.746581, 28.869624, 6.347656,Cycling
4724343, -0.161743, -0.347168, -0.983643, 3.234863, 20.629880, 8.911134,Cycling
4724363, 0.074951, -0.302002, -0.879150, 11.291500, 16.784670, 7.324218,Cycling
4724383, -0.028320, -0.288208, -0.919312, 12.634276, 10.681150, 8.239746,Cycling
4724403, 0.030640, -0.374878, -0.829590, 12.390136, 16.235352, 9.948730,Cycling
4724423, -0.020996, -0.413940, -0.907104, 10.742184, 15.380856, 11.535644,Cycling
4724443, 0.152222, -0.259277, -0.880493, 15.014646, 9.094240, 5.065916,Cycling
4724463, 0.041260, -0.227661, -0.883667, 15.075680, -1.037598, 0.000000,Cycling
4724483, 0.042236, -0.354248, -0.856323, 11.413570, 10.864256, -1.831054,Cycling
4724503, -0.001099, -0.482300, -0.891358, 6.774902, 9.826660, -2.014160,Cycling
4724603, 0.051880, -0.488648, -0.844604, -3.479003, -3.967285, 5.554198,Cycling
4724623, 0.328980, -0.455688, -0.590454, 11.108396, -32.714850, -5.004884,Cycling
4724643, -0.264404, -0.361328, -1.112305, 2.868652, -28.625480, 0.244141,Cycling
4724663, -0.020020, -0.320435, -1.116455, 3.051757, -11.535644, 5.737304,Cycling
4724683, -0.145752, -0.392700, -0.999268, 2.258301, -20.874020, -0.427246,Cycling
4724703, 0.153076, -0.390259, -0.692139, 5.798338, -33.874520, -7.568358,Cycling
4724723, -0.177002, -0.333008, -0.952881, 2.197266, -36.010750, -3.845214,Cycling
4724743, -0.021484, -0.399536, -0.909180, 3.845214, -28.320310, -5.249022,Cycling
4724763, -0.118164, -0.456299, -0.909180, -2.868652, -33.386240, -0.549316,Cycling
4724783, 0.146362, -0.405151, -0.720703, -7.629394, -41.992180, -0.549316,Cycling
4724803, -0.074097, -0.360596, -1.032104, -10.314940, -32.958990, 2.075196,Cycling
4724823, 0.007446, -0.305542, -1.092041, -1.159668, -37.231450, -1.586914,Cycling
4724843, -0.053101, -0.298096, -0.893555, -3.845214, -47.729480, -2.807617,Cycling
4724863, -0.023560, -0.108398, -0.761475, -10.070800, -40.954580, -4.760742,Cycling
4724883, -0.289917, -0.198730, -1.068970, -13.732908, -19.104010, -11.047360,Cycling
4724903, -0.077881, -0.230713, -1.208496, -9.338380, -8.300784, -14.099120,Cycling
4724923, 0.012817, -0.189331, -0.969604, -7.202148, -15.747068, -16.845708,Cycling
4724943, -0.061646, -0.127197, -1.017456, -10.986324, -8.666994, -16.235352,Cycling
4724963, 0.064941, -0.104492, -1.150269, -11.169430, -0.305176, -16.601568,Cycling
4724983, -0.063599, 0.018311, -1.268311, -3.356933, 8.422854, -12.207030,Cycling
4725003, -0.088257, -0.104004, -0.988281, -2.563476, 7.873534, -10.314940,Cycling
4725023, -0.160034, -0.117432, -1.008179, 0.488281, 9.521484, -6.958006,Cycling
4725043, -0.173340, -0.186646, -1.009888, 2.136231, 9.643556, -4.028321,Cycling
4725063, -0.234131, -0.386108, -0.880493, 2.319336, 9.460450, -4.028321,Cycling
4725083, -0.293701, -0.391235, -0.955933, 4.943848, -4.455568, -6.835936,Cycling
4725103, -0.297363, -0.209839, -1.030396, 6.103514, -9.765626, -4.028321,Cycling
4725123, -0.165894, -0.165283, -0.879883, 4.150392, -15.991210, -7.080076,Cycling
4725143, -0.056152, -0.338379, -0.763306, 2.258301, -26.489250, -14.282224,Cycling
4725163, -0.170166, -0.229858, -0.965698, -0.061035, -15.502928, -7.690428,Cycling
4725183, -0.144409, -0.272583, -1.049072, -2.441407, -2.563476, -2.014160,Cycling
4725203, -0.226196, -0.844604, -1.112427, -35.522460, 21.240230, 0.183105,Cycling
4725223, 0.176514, -0.714722, -1.023926, -34.729010, 25.634760, 9.338380,Cycling
4725243, 0.251221, -0.282593, -0.923584, -13.916012, -8.422854, 14.221190,Cycling
4725263, -0.534790, -0.549561, -1.247803, -29.174800, 24.108880, 17.944340,Cycling
4725283, 0.119385, -0.477661, -1.199341, -20.019532, 14.038084, 13.061520,Cycling
4725303, 0.015625, 0.090454, -1.098144, -12.023924, -20.080560, 7.324218,Cycling
4725323, 0.010742, 0.539062, -0.779541, -10.437010, -16.296390, 11.413570,Cycling
4725343, -0.318970, 0.292969, -0.877320, -5.859374, -0.183105, -3.234863,Cycling
4725363, -0.161987, 0.004150, -0.983643, -10.559080, 19.104010, -11.657712,Cycling
4725383, -0.124756, -0.160645, -0.931763, -9.582520, 20.019532, -12.756344,Cycling
4725403, -0.054077, -0.143555, -1.011597, -15.380856, 18.737796, -5.310058,Cycling
4725423, -0.102417, 0.001343, -0.907959, -7.629394, 3.723144, -1.220704,Cycling
4725443, -0.071533, -0.005005, -0.837646, -3.723144, -0.915527, 2.136231,Cycling
4725463, -0.128418, -0.008911, -0.901612, -2.441407, 0.183105, 10.070800,Cycling
4725483, -0.132080, -0.063477, -0.842529, -8.544924, -2.563476, 13.549804,Cycling
4725503, -0.239624, -0.149170, -0.828491, -10.070800, -12.634276, 7.934570,Cycling
4725523, -0.212524, -0.201172, -0.831421, -17.761230, -20.935052, 3.601074,Cycling
4725543, -0.115967, -0.145996, -0.670532, -11.596676, -32.226570, 4.089356,Cycling
4725563, -0.269287, -0.224731, -0.833008, -4.455568, -25.024410, 1.892090,Cycling
4725583, -0.143921, -0.220337, -0.907471, -1.220704, -15.624996, -2.624511,Cycling
4725603, -0.027710, -0.142578, -0.828980, 4.943848, -16.540530, -13.366696,Cycling
4725623, -0.201782, -0.145142, -0.928345, 7.141112, -10.498044, -20.568840,Cycling
4725643, 0.096436, 0.131714, -0.935303, 18.371584, -9.216310, -23.010250,Cycling
4725663, 0.043213, 0.144897, -0.859986, 33.325200, -0.183105, -21.301268,Cycling
4725683, 0.014282, 0.078369, -0.953125, 46.508780, 21.484370, -15.197750,Cycling
4725703, -0.310791, -0.359863, -1.274170, 40.649400, 57.983390, -4.943848,Cycling
4725723, -0.027100, -0.544678, -1.541992, 15.686032, 108.886700, 19.958500,Cycling
4725743, 0.214600, -0.371094, -0.964722, 19.714360, 81.481900, 29.235832,Cycling
4725763, -0.252564, -0.369507, -1.086426, 16.235352, 88.439920, 40.222160,Cycling
4725783, -0.086426, -0.154541, -1.362915, 9.704590, 67.260740, 37.048340,Cycling
4725803, -0.286377, -0.099121, -1.191040, 9.277344, 40.344230, 25.268550,Cycling
4725823, -0.214722, -0.073730, -1.073242, 10.192870, 17.272950, 16.784670,Cycling
4725843, -0.106689, -0.141235, -0.976929, 2.746581, 16.723632, 8.422854,Cycling
4725863, -0.061401, -0.413574, -0.811890, 1.159668, 9.033204, 3.967285,Cycling
4725883, 0.095581, -0.288330, -1.019532, 0.610352, 15.136716, 5.920409,Cycling
4725903, 0.162476, -0.275513, -0.893921, 3.967285, 14.953610, 10.131832,Cycling
4725923, 0.079956, -0.338257, -0.876343, 4.577638, 21.179192, 13.549804,Cycling
4725943, 0.003540, -0.361938, -0.863770, 7.385252, 17.089850, 15.991210,Cycling
4725963, 0.001587, -0.365845, -0.755005, 9.521484, 12.084960, 13.366696,Cycling
4725983, -0.138550, -0.326660, -0.817871, 7.263182, 2.746581, 11.962890,Cycling
4726003, -0.121338, -0.491943, -0.824707, 1.464844, -2.807617, 10.375976,Cycling
4726023, -0.073486, -0.411377, -0.870362, 4.455568, -15.319820, 10.986324,Cycling
4726043, -0.059570, -0.235962, -0.875488, 7.263182, -30.395500, 7.263182,Cycling
4726063, 0.059326, -0.018188, -0.959717, 5.371092, -18.798830, 10.803220,Cycling
4726083, -0.194092, -0.803955, -1.033814, -16.906740, 31.677240, 12.512204,Cycling
4726103, 0.169800, -1.028931, -0.967652, -13.977050, 39.123540, 25.756830,Cycling
4726123, 0.231812, -0.449585, -1.239380, 15.624996, 17.456060, 50.903310,Cycling
4726143, 0.300293, -0.103272, -1.472168, 24.169920, 65.307640, 41.564930,Cycling
4726163, 0.121826, -0.196289, -1.130982, 36.071780, 53.833000, 21.972650,Cycling
4726183, 0.063965, -0.393066, -1.066406, 37.841800, 35.583500, 9.887696,Cycling
4726203, -0.137451, -0.454346, -0.887085, 30.395500, 19.592290, 5.737304,Cycling
4726223, -0.095947, -0.529663, -0.516724, 32.714850, 1.281738, 10.437010,Cycling
4726243, -0.112793, -0.488159, -0.824707, 24.291990, 10.131832, 27.832030,Cycling
4726263, 0.038574, -0.279175, -0.804810, 24.536130, 14.770504, 32.531740,Cycling
4726283, 0.002441, -0.267090, -0.893188, 8.239746, 7.995604, 22.338860,Cycling
4726303, 0.126221, -0.311157, -0.737061, -1.953124, 7.690428, 5.310058,Cycling
4726323, 0.076782, -0.460449, -0.555542, -12.145992, -5.065916, 6.896972,Cycling
4726343, 0.043579, -0.217529, -0.815552, -24.719230, -2.868652, 6.958006,Cycling
4726363, -0.056885, -0.376099, -0.804077, -37.963880, -4.089356, 12.329100,Cycling
4726383, 0.000732, -0.570923, -0.760620, -39.184580, -14.526364, 9.155274,Cycling
4726403, -0.082642, -0.507690, -0.952637, -39.917000, -20.019532, 8.666994,Cycling
4726423, -0.018799, -0.348267, -1.004639, -37.353520, -19.104010, 9.338380,Cycling
4726443, 0.150269, -0.308716, -0.816528, -35.400400, -25.268550, 4.760742,Cycling
4726463, 0.136230, -0.261475, -0.910400, -34.240730, -33.752440, -0.488281,Cycling
4726483, 0.078247, -0.067383, -1.106568, -29.846190, -27.709956, -0.244141,Cycling
4726503, 0.124146, -0.024414, -1.008179, -18.493652, -10.681150, 2.624511,Cycling
4726523, 0.106567, -0.010254, -1.057862, -9.521484, 3.479003, 9.033204,Cycling
4726543, 0.139893, 0.084473, -1.118408, -0.610352, 16.662600, 15.808104,Cycling
4726563, 0.172730, 0.201904, -1.145752, 7.873534, 26.672360, 21.789548,Cycling
4726583, 0.014648, 0.034790, -1.092774, 12.207030, 28.381340, 17.089850,Cycling
4726603, -0.009888, -0.239624, -0.949707, 2.868652, 18.310550, 6.469726,Cycling
4726623, 0.181397, 0.062744, -1.200440, -26.245110, -28.198240, 11.535644,Cycling
4726643, 0.025635, 0.728516, -1.228394, -21.911620, -64.453140, 11.901852,Cycling
4726663, -0.743896, -0.225586, -0.980957, -24.291990, -47.119130, 9.399414,Cycling
4726683, -0.396729, -0.639404, -0.675781, -28.259270, -22.155760, -1.586914,Cycling
4726703, -0.213135, -1.059326, -0.950806, -32.104500, -22.888180, -10.681150,Cycling
4726723, -0.024536, -0.379517, -1.112183, -44.799800, -5.126952, 23.132320,Cycling
4726743, 0.321777, 0.145020, -1.036988, -13.977050, -31.860350, 20.690910,Cycling
4726763, -0.036499, -0.096069, -1.292603, 4.394532, -22.094720, 10.009768,Cycling
4726783, 0.372437, -0.064209, -1.026123, 12.817380, -14.953610, -5.432128,Cycling
4726803, 0.310181, -0.120605, -0.967774, 19.836430, -26.306150, -2.685546,Cycling
4726823, 0.161255, -0.153442, -0.879150, 27.832030, -7.263182, 11.291500,Cycling
4726843, 0.134277, -0.141235, -0.845581, 35.644540, -3.601074, 22.949216,Cycling
4726863, -0.007324, -0.099854, -0.912842, 38.818360, 10.131832, 28.686520,Cycling
4726883, -0.051270, -0.078247, -0.899414, 35.156260, 25.207516, 29.296870,Cycling
4726903, 0.036011, -0.016235, -0.847656, 28.320310, 23.864740, 25.634760,Cycling
4726923, -0.049438, -0.005981, -0.839112, 17.211920, 10.559080, 24.169920,Cycling
4726943, -0.223267, -0.061401, -0.894043, 13.977050, 9.399414, 17.456060,Cycling
4726963, -0.218506, -0.208496, -0.921387, 2.624511, 20.690910, 25.268550,Cycling
4726983, -0.121582, -0.154907, -0.907593, -13.854978, 35.156260, 24.291990,Cycling
4727003, -0.180786, -0.093262, -1.044922, -16.418460, 52.612300, 25.878900,Cycling
4727023, -0.213135, -0.151123, -1.330933, -23.925780, 74.829100, 29.602044,Cycling
4727043, -0.090820, -0.108032, -1.312744, -17.639160, 80.017100, 30.578610,Cycling
4727063, 0.071655, -0.108521, -1.193726, -12.634276, 54.138180, 24.414060,Cycling
4727083, 0.119873, 0.016113, -1.074585, -3.540038, 24.169920, 16.662600,Cycling
4727103, 0.088623, -0.168213, -0.991699, 11.291500, 5.859374, 1.892090,Cycling
4727123, -0.074219, -0.367432, -0.973877, 10.803220, -5.981444, 0.915527,Cycling
4727143, -0.120117, -0.318604, -0.945312, 10.681150, -6.530760, 5.493162,Cycling
4727163, -0.067749, -0.411621, -0.825806, 16.601568, -10.925290, 10.192870,Cycling
4727183, -0.078491, -0.332031, -0.714966, 29.907220, -12.145992, 9.826660,Cycling
4727203, -0.166748, -0.586914, -0.746826, 31.066890, -8.422854, 9.704590,Cycling
4727263, 0.008423, -0.411743, -0.722656, 14.404296, -20.324700, 27.648920,Cycling
4727283, 0.078491, -0.260254, -0.713867, 15.869140, -19.348150, 24.047850,Cycling
4727303, 0.132568, -0.399902, -0.799561, 14.038084, -19.836430, 14.526364,Cycling
4727323, 0.179810, -0.434326, -0.835327, -1.953124, -24.047850, 10.803220,Cycling
4727343, 0.088989, -0.152710, -0.941528, -9.399414, -20.446770, 12.023924,Cycling
4727363, 0.040283, -0.262451, -0.977905, -2.014160, -9.765626, 5.004884,Cycling
4727383, 0.074829, -0.260498, -0.945435, -13.916012, -9.582520, -1.770019,Cycling
4727403, 0.064087, -0.180176, -1.106934, -6.042480, 4.821778, 1.098633,Cycling
4727423, 0.029419, -0.277954, -1.300904, -8.605960, 19.653320, 5.737304,Cycling
4727523, 0.048096, -0.251709, -0.895996, 3.417968, 5.310058, 1.159668,Cycling
4727543, 0.034058, -0.210693, -0.950073, 1.464844, 7.568358, 5.737304,Cycling
4727563, 0.047485, -0.077637, -0.975952, 4.638672, 5.981444, 6.347656,Cycling
4727583, -0.006226, -0.218628, -0.930542, -0.549316, 10.192870, 2.136231,Cycling
4727603, -0.014282, -0.315674, -1.029419, -4.943848, 16.540530, 4.577638,Cycling
4727623, 0.021240, -0.310181, -0.961548, -1.892090, 21.545408, 7.629394,Cycling
4727643, -0.033203, -0.368164, -0.841553, 2.685546, 17.456060, 5.187988,Cycling
4727663, -0.139404, -0.542236, -0.829346, 0.305176, 13.183590, 3.173828,Cycling
4727683, -0.118530, -0.652832, -0.919678, 1.586914, 7.629394, 5.187988,Cycling
4727703, 0.033936, -0.524780, -0.841187, 10.925290, -13.244628, 5.187988,Cycling
4727723, 0.015625, -0.541504, -0.760132, 3.356933, -22.766110, 4.028321,Cycling
4727743, 0.067871, -0.527710, -0.785767, 2.502442, -26.062010, 3.417968,Cycling
4727763, 0.117310, -0.479248, -0.762818, 2.563476, -29.663080, 0.793457,Cycling
4727783, 0.042114, -0.476074, -0.853150, 2.990722, -34.484870, -1.403808,Cycling
4727803, 0.097168, -0.431763, -0.913330, 5.432128, -33.508300, -5.004884,Cycling
4727823, -0.083252, -0.620117, -0.865356, 7.202148, -47.241200, -10.437010,Cycling
4727843, 0.075928, -0.428223, -0.943604, 20.141600, -49.316400, -4.211426,Cycling
4727863, -0.109619, -0.534546, -0.942505, 12.023924, -62.316880, -3.479003,Cycling
4727883, 0.141968, -0.425781, -0.732300, 16.967780, -87.341300, -0.427246,Cycling
4727903, -0.068359, -0.374634, -0.561035, 1.770019, -95.397940, -3.906249,Cycling
4727923, -0.161743, -0.364868, -0.898682, -3.356933, -80.444320, -1.342773,Cycling
4727943, -0.205688, -0.285767, -1.109497, -6.225584, -66.772460, -4.333496,Cycling
4727963, -0.214233, -0.342896, -1.020508, -12.268064, -66.284200, -10.620116,Cycling
4727983, -0.195801, -0.325073, -0.837402, -17.456060, -60.424800, -13.549804,Cycling
4728003, -0.233643, -0.181030, -1.010620, -17.883300, -49.804680, -9.948730,Cycling
4728023, -0.468628, -0.100830, -1.143066, -20.446770, -25.024410, -1.708984,Cycling
4728043, -0.250244, -0.310791, -0.787964, -9.460450, -56.335440, -19.592290,Cycling
4728063, -0.287598, -0.285767, -1.049805, -13.671872, -29.541010, -8.361816,Cycling
4728083, -0.137451, -0.223999, -1.122681, -11.352536, -13.549804, -0.732422,Cycling
4728103, -0.128662, -0.104980, -1.172242, -5.798338, -6.896972, 0.854492,Cycling
4728123, -0.067261, -0.061279, -1.057251, 0.366211, 5.554198, 3.295898,Cycling
4728143, -0.146362, -0.156860, -1.090698, 0.244141, 16.967780, 5.249022,Cycling
4728163, -0.341919, -0.252686, -1.009278, -0.366211, 16.235352, 7.507323,Cycling
4728183, -0.420410, -0.341309, -1.067505, -3.356933, 13.793944, 6.408690,Cycling
4728203, -0.387695, -0.249634, -0.901367, -4.577638, -1.647949, 4.150392,Cycling
4728223, -0.399292, -0.245483, -0.821655, -7.202148, -10.864256, 1.647949,Cycling
4728243, -0.387207, -0.187134, -0.939942, -9.582520, -12.145992, 2.624511,Cycling
4728263, -0.329346, -0.178711, -0.969604, -13.183590, -6.652830, -0.061035,Cycling
4728283, -0.233643, -0.256592, -0.999634, -13.793944, -1.953124, -2.197266,Cycling
4728303, -0.105957, -0.182617, -0.995117, -10.498044, -5.187988, -5.981444,Cycling
4728323, -0.061523, -0.160767, -1.066162, -6.408690, -0.183105, -7.934570,Cycling
4728343, -0.045410, -0.173828, -0.962036, -1.892090, -1.159668, -12.634276,Cycling
4728363, -0.104614, -0.299927, -0.886353, 1.159668, 3.723144, -15.869140,Cycling
4728383, -0.217163, -0.304199, -0.781860, 7.629394, -5.859374, -17.028810,Cycling
4728403, -0.370239, -0.286011, -0.993042, 1.159668, 1.464844, -10.620116,Cycling
4728423, -0.469360, -0.433716, -0.920776, -7.690428, 4.089356, -3.601074,Cycling
4728443, -0.341675, -0.410889, -0.692627, -7.141112, -16.357424, -8.422854,Cycling
4728463, -0.334106, -0.329224, -0.787354, -9.399414, -20.446770, -13.977050,Cycling
4728483, -0.433350, -0.304566, -0.891480, -10.803220, -26.489250, -13.366696,Cycling
4728503, -0.257202, -0.354858, -0.889648, -6.103514, -34.545900, -16.479492,Cycling
4728523, -0.222046, -0.297974, -0.938721, -3.784179, -31.982420, -16.418460,Cycling
4728543, -0.164185, -0.205566, -0.884400, 1.403808, -39.306640, -19.287110,Cycling
4728563, -0.119019, -0.203857, -0.968872, 4.333496, -35.766600, -23.559568,Cycling
4728583, -0.175903, -0.315552, -0.903076, 8.239746, -38.391120, -28.015130,Cycling
4728603, -0.218628, -0.305176, -0.884522, 11.413570, -37.963880, -30.578610,Cycling
4728623, -0.297119, -0.370239, -0.836670, 9.277344, -32.104500, -29.846190,Cycling
4728643, -0.287964, -0.285156, -0.962280, 7.385252, -28.442380, -30.578610,Cycling
4728663, -0.269531, -0.184814, -0.942017, 8.728030, -24.169920, -29.541010,Cycling
4728683, -0.344482, -0.198120, -0.994141, 9.277344, -12.512204, -30.822750,Cycling
4728703, -0.534180, -0.362549, -0.831665, 13.427732, -9.643556, -30.395500,Cycling
4728723, -0.267090, -0.278198, -0.907959, 11.352536, -12.023924, -25.939940,Cycling
4728803, -0.296265, -0.278442, -0.791016, -0.976562, -27.038570, -21.728510,Cycling
4728823, -0.344360, -0.295532, -0.747681, -3.906249, -28.137200, -24.658200,Cycling
4728843, -0.420898, -0.361694, -0.983887, -7.080076, -22.338860, -23.254390,Cycling
4728883, -0.260498, -0.419922, -0.917114, -8.544924, -20.324700, -22.155760,Cycling
4728903, -0.230103, -0.182007, -0.984375, -3.723144, -8.178714, -21.484370,Cycling
4728923, -0.304810, -0.186646, -0.893311, -3.784179, -0.244141, -24.291990,Cycling
4728943, -0.456177, -0.398560, -0.770752, -4.333496, -1.464844, -21.789548,Cycling
4728963, -0.400024, -0.397949, -0.958374, -5.432128, -4.394532, -22.460930,Cycling
4728983, -0.405396, -0.250000, -0.976562, -4.455568, -10.986324, -21.728510,Cycling
4729003, -0.275879, -0.133789, -0.810059, 0.732422, -7.263182, -22.888180,Cycling
4729023, -0.463013, -0.175049, -0.812988, -4.394532, 13.793944, -16.845708,Cycling
4729043, -0.481812, -0.404419, -0.818848, -18.249516, 25.207516, -10.864256,Cycling
4729063, -0.375732, -0.417969, -1.033692, -27.282710, 28.869624, -8.850100,Cycling
4729083, -0.298096, -0.305664, -1.039795, -33.752440, 22.460930, -15.441892,Cycling
4729103, -0.269409, -0.357178, -0.825928, -44.067380, 23.254390, -19.897460,Cycling
4729123, -0.250488, -0.257324, -0.988159, -50.720200, 8.911134, -27.038570,Cycling
4729143, -0.330566, -0.292236, -0.908570, -49.865720, -1.770019, -29.785150,Cycling
4729163, -0.210205, -0.206909, -0.860352, -45.471180, -11.047360, -29.541010,Cycling
4729183, -0.330078, -0.221191, -0.963379, -52.795400, -10.314940, -33.935560,Cycling
4729203, -0.251587, -0.245605, -1.035278, -44.250480, -5.371092, -31.860350,Cycling
4729223, -0.272583, -0.264404, -0.962158, -30.944820, -6.347656, -24.414060,Cycling
4729243, -0.344238, -0.293701, -0.989990, -20.751950, -2.258301, -15.136716,Cycling
4729263, -0.223755, -0.238892, -0.862671, -16.845708, 4.211426, -10.925290,Cycling
4729283, -0.283936, -0.234009, -0.935791, -20.446770, 8.789064, -10.131832,Cycling
4729303, -0.245728, -0.262207, -0.991699, -16.174320, 12.756344, -7.263182,Cycling
4729323, -0.195679, -0.217041, -0.971070, -11.474608, 9.155274, -7.629394,Cycling
4729343, -0.314697, -0.237793, -0.923340, -15.502928, 9.521484, -7.202148,Cycling
4729363, -0.225464, -0.227173, -0.945190, -13.366696, 8.605960, -7.690428,Cycling
4729383, -0.267944, -0.246704, -0.974365, -13.549804, 9.826660, -10.070800,Cycling
4729403, -0.248657, -0.235107, -0.964600, -10.009768, 6.530760, -9.277344,Cycling
4729423, -0.216553, -0.126831, -0.919800, -9.338380, 2.990722, -8.789064,Cycling
4729443, -0.259033, -0.087769, -0.964600, -9.765626, 6.958006, -10.192870,Cycling
4729463, -0.241089, -0.230225, -0.866699, -6.225584, 5.432128, -13.000484,Cycling
4729483, -0.282105, -0.261963, -0.983643, -12.756344, -0.244141, -12.573240,Cycling
4729503, -0.236816, -0.236450, -0.962158, -11.413570, -5.249022, -8.300784,Cycling
4729523, -0.234253, -0.201660, -0.934814, -11.657712, -12.268064, -10.437010,Cycling
4729543, -0.326782, -0.162476, -0.950806, -8.972170, -20.141600, -9.460450,Cycling
4729563, -0.174072, -0.362061, -0.828369, -8.911134, -21.423332, -16.418460,Cycling
4729583, -0.322998, -0.276978, -1.036744, -17.333990, -32.653820, -17.395020,Cycling
4729603, -0.272949, -0.143188, -0.911133, -6.835936, -14.282224, -18.676760,Cycling
4729623, -0.238647, -0.276733, -0.809204, -1.708984, -27.221676, -21.667476,Cycling
4729643, -0.390137, -0.143433, -0.991821, 1.342773, -10.681150, -11.657712,Cycling
4729663, -0.251953, -0.099731, -1.063599, -0.122070, 16.662600, -12.084960,Cycling
4729683, -0.165894, -0.072022, -0.956665, 9.399414, 16.723632, -13.427732,Cycling
4729703, -0.306396, -0.099365, -1.054688, -0.793457, 29.785150, -11.901852,Cycling
4729723, -0.206055, -0.002319, -1.050171, -0.793457, 35.278320, -8.544924,Cycling
4729743, -0.349365, -0.053833, -1.064820, -1.464844, 39.062500, -8.850100,Cycling
4729763, -0.358276, -0.159912, -0.994629, 1.525878, 40.405260, -13.610836,Cycling
4729783, -0.237915, -0.001953, -1.034912, -8.361816, 27.343748, -9.765626,Cycling
4729803, -0.286133, -0.092407, -1.032471, 1.098633, 23.620600, -6.347656,Cycling
4729823, -0.165527, -0.156128, -1.023682, -7.202148, 20.324700, -1.159668,Cycling
4729843, -0.103760, -0.072876, -0.995484, -8.728030, 16.235352, -3.479003,Cycling
4729863, -0.198120, -0.074219, -0.994507, -5.981444, 5.126952, -1.831054,Cycling
4729883, -0.211304, 0.019409, -1.005982, -15.014646, 9.582520, 1.770019,Cycling
4729903, -0.196289, 0.067139, -1.014526, -0.549316, 8.483890, -0.244141,Cycling
4729923, -0.218872, -0.115601, -1.050538, 10.375976, 5.981444, -6.713866,Cycling
4729943, -0.287354, -0.264160, -1.151734, 2.075196, 0.854492, -2.746581,Cycling
4729963, -0.192139, -0.229370, -1.146362, -2.014160, -7.629394, 0.366211,Cycling
4729983, -0.045654, -0.198608, -1.138916, -7.934570, -38.208020, 8.666994,Cycling
4730003, -0.199951, -0.032715, -1.026368, -6.347656, -68.664560, 6.958006,Cycling
4730023, -0.445801, -0.042725, -0.978272, 2.380371, -74.951180, 4.089356,Cycling
4730043, -0.538086, -0.115967, -0.892700, 4.150392, -62.622060, -2.502442,Cycling
4730063, -0.458740, -0.138184, -0.822510, -2.075196, -35.339360, -2.990722,Cycling
4730143, -0.389893, -0.187500, -0.603028, 5.371092, 28.625480, 5.859374,Cycling
4730163, -0.234497, -0.131836, -0.652100, 5.920409, 48.400870, 6.042480,Cycling
4730183, 0.000977, -0.067627, -0.873047, 11.596676, 53.527820, 2.685546,Cycling
4730223, -0.116821, -0.150757, -1.008179, 14.770504, -7.995604, -2.197266,Cycling
4730243, -0.395874, -0.108521, -0.911133, 17.700200, -11.596676, -3.662109,Cycling
4730263, -0.685669, -0.092407, -0.884278, 21.911620, 1.525878, -0.732422,Cycling
4730283, -0.613281, -0.187622, -0.898926, 28.564450, 22.338860, -4.211426,Cycling
4730303, -0.480835, -0.347534, -0.850220, 21.789548, 26.306150, -0.427246,Cycling
4730343, -0.263794, -0.046753, -0.695923, 19.470220, 17.578130, -2.563476,Cycling
4730363, -0.258301, -0.356323, -0.847656, 36.010750, 5.187988, -6.896972,Cycling
4730383, -0.252075, -0.503784, -0.887940, 10.498044, 11.108396, -3.784179,Cycling
4730403, -0.207031, -0.202881, -0.888672, -9.765626, 15.380856, 8.422854,Cycling
4730443, -0.327148, -0.540650, -0.994263, -1.647949, 5.249022, -6.042480,Cycling
4730463, -0.233276, -0.424683, -0.972412, -16.540530, 2.929687, 2.258301,Cycling
4730483, -0.128662, -0.265381, -0.785400, -5.737304, -14.404296, 2.746581,Cycling
4730503, -0.215454, -0.292725, -0.778442, 0.610352, -32.836920, -1.892090,Cycling
4730523, -0.357666, -0.284546, -0.932251, 4.272462, -27.465816, -2.868652,Cycling
4730543, -0.320801, -0.401367, -1.130127, 7.873534, -5.249022, -3.051757,Cycling
4730563, 0.103760, -0.246338, -1.056763, -7.751464, -4.638672, 0.732422,Cycling
4730583, -0.077881, -0.087036, -1.039185, 5.676268, -31.982420, 5.371092,Cycling
4730603, -0.422852, -0.142456, -1.010132, 18.493652, -23.437492, -1.586914,Cycling
4730623, -0.173096, -0.164917, -0.984131, 19.653320, -7.507323, -3.112792,Cycling
4730643, -0.131470, -0.178711, -0.992066, 18.920900, -3.356933, 0.000000,Cycling
4730663, -0.199341, -0.224487, -0.987793, 10.986324, -9.338380, -2.746581,Cycling
4730683, -0.367066, -0.310181, -0.936157, 11.596676, -2.319336, -7.324218,Cycling
4730703, -0.288330, -0.283081, -0.903198, -1.647949, -6.347656, -8.056642,Cycling
4730723, -0.356323, -0.225464, -0.887573, 0.122070, -9.094240, -6.896972,Cycling
4730743, -0.226074, -0.258789, -0.721070, -1.220704, -10.925290, -6.408690,Cycling
4730763, -0.329346, -0.210693, -0.847290, -4.699708, -10.131832, -4.211426,Cycling
4730783, -0.434204, -0.152100, -0.958130, -0.305176, 17.578130, 1.098633,Cycling
4730803, -0.324463, -0.136475, -1.073975, 2.136231, 49.804680, 7.080076,Cycling
4730823, -0.188599, -0.160645, -1.129761, 7.873534, 59.448240, 16.235352,Cycling
4730843, -0.157593, -0.307739, -1.085816, 10.925290, 46.691880, 11.718748,Cycling
4730863, -0.163696, -0.307983, -0.951050, 0.976562, 25.268550, 5.187988,Cycling
4730883, -0.231812, -0.206543, -0.968140, 14.099120, 8.117676, 1.708984,Cycling
4730903, -0.310303, -0.372070, -0.941406, 12.573240, 7.629394, 3.051757,Cycling
4730923, -0.305420, -0.246704, -0.935425, 5.554198, 9.155274, -2.319336,Cycling
4730943, -0.344238, -0.369995, -0.830444, 13.610836, 16.540530, 3.540038,Cycling
4730963, -0.333496, -0.346924, -0.943726, -0.854492, 13.000484, 2.075196,Cycling
4730983, -0.337769, -0.183228, -1.016114, 7.385252, 28.930660, 0.610352,Cycling
4731003, -0.142700, -0.344360, -0.862793, 10.681150, 21.057124, 4.028321,Cycling
4731023, -0.251709, -0.281372, -0.896484, 11.047360, 5.859374, 2.868652,Cycling
4731043, -0.349243, -0.229492, -0.985840, 5.554198, 16.052250, 6.530760,Cycling
4731063, -0.097290, -0.323853, -0.869507, 17.211920, 19.592290, 5.920409,Cycling
4731083, -0.253662, -0.491943, -0.822022, -0.244141, 5.065916, 6.347656,Cycling
4731103, -0.253540, -0.374390, -0.818848, 4.882814, 7.507323, 5.310058,Cycling
4731123, -0.268677, -0.505127, -0.765259, 4.089356, 4.516602, 1.037598,Cycling
4731143, -0.356934, -0.572388, -0.823120, 0.061035, 3.356933, -0.854492,Cycling
4731163, -0.126343, -0.409058, -0.683960, -1.342773, 3.662109, -1.342773,Cycling
4731183, -0.050659, -0.321899, -0.925293, -2.685546, -6.652830, 0.915527,Cycling
4731203, -0.099487, -0.418579, -0.950318, 0.427246, 7.873534, -0.244141,Cycling
4731223, -0.009521, -0.322022, -0.891236, -6.286620, -18.859868, -3.417968,Cycling
4731243, -0.157959, -0.072022, -0.993286, 5.310058, -17.883300, -7.141112,Cycling
4731263, -0.257202, -0.266968, -1.083496, 1.770019, -4.028321, -9.948730,Cycling
4731283, 0.008423, -0.363037, -0.899658, 11.291500, -8.789064, -5.920409,Cycling
4731303, -0.192749, -0.363770, -0.967407, 2.441407, -14.526364, 4.272462,Cycling
4731323, -0.225220, -0.231445, -0.900635, 4.943848, -14.831540, -1.037598,Cycling
4731343, -0.279907, -0.346436, -0.900513, 6.164550, -20.874020, -4.394532,Cycling
4731363, -0.391724, -0.403442, -0.875610, -0.854492, -18.554690, -5.310058,Cycling
4731383, -0.282227, -0.407227, -0.802734, -6.530760, -19.287110, -10.253904,Cycling
4731403, -0.333740, -0.470947, -0.838501, -4.272462, -26.184080, -5.493162,Cycling
4731423, -0.327271, -0.467041, -0.847290, -10.925290, -21.240230, -2.563476,Cycling
4731443, -0.193481, -0.291992, -0.823853, -8.239746, -32.653820, -3.173828,Cycling
4731463, -0.157349, -0.248169, -0.890381, -3.479003, -25.268550, -3.540038,Cycling
4731483, -0.188477, -0.345093, -1.005249, -6.958006, -20.935052, -4.089356,Cycling
4731503, -0.140747, -0.297608, -0.980835, -4.516602, -16.967780, -1.037598,Cycling
4731523, -0.022095, -0.176025, -0.993164, -5.859374, -15.136716, 2.563476,Cycling
4731543, -0.224121, -0.180176, -1.045044, 3.723144, -12.023924, 3.173828,Cycling
4731563, -0.298340, -0.182617, -1.022950, 7.019042, -12.268064, 6.408690,Cycling
4731583, -0.375732, -0.139160, -1.055176, 4.455568, -2.075196, 6.042480,Cycling
4731603, -0.202881, -0.211548, -0.963989, 4.943848, 2.319336, 5.126952,Cycling
4731623, -0.150757, -0.078491, -0.954102, 5.065916, -5.432128, 6.042480,Cycling
4731643, -0.247559, 0.039673, -1.067139, 4.882814, 0.976562, 3.479003,Cycling
4731663, -0.405396, -0.191284, -1.143311, 6.835936, 17.211920, 2.197266,Cycling
4731683, -0.269775, -0.344116, -0.993530, 1.464844, 27.954100, 6.347656,Cycling
4731703, -0.155273, -0.178223, -1.000732, -4.638672, 15.808104, 7.751464,Cycling
4731723, -0.333862, -0.231689, -1.017334, 2.990722, 18.310550, 8.483890,Cycling
4731743, -0.227295, -0.257080, -0.929444, 0.183105, 10.009768, 5.432128,Cycling
4731823, -0.273804, -0.310181, -0.952393, 0.427246, 19.836430, 6.408690,Cycling
4731843, -0.193481, -0.163086, -0.896606, -0.305176, 23.864740, 6.347656,Cycling
4731863, -0.231201, -0.332520, -0.980591, 6.347656, 22.521970, 4.150392,Cycling
4731883, -0.143677, -0.283691, -0.832764, 6.469726, 23.620600, 6.042480,Cycling
4731903, -0.247925, -0.359863, -0.843872, 3.906249, 15.991210, 2.380371,Cycling
4731923, -0.247559, -0.315064, -0.842529, 6.408690, 13.366696, 7.019042,Cycling
4731943, -0.356934, -0.459717, -0.807007, 6.103514, 16.662600, 4.821778,Cycling
4731963, -0.291870, -0.511719, -0.808594, 0.915527, 6.164550, 7.873534,Cycling
4731983, -0.230957, -0.475830, -0.837402, -2.136231, 4.028321, 10.070800,Cycling
4732003, -0.193481, -0.380249, -0.808838, -3.356933, -2.746581, 6.591796,Cycling
4732023, -0.206665, -0.409302, -0.865479, -0.976562, -5.310058, 1.708984,Cycling
4732043, -0.241089, -0.419190, -0.867188, -5.065916, -8.117676, 1.464844,Cycling
4732063, -0.140381, -0.369019, -0.843262, -3.540038, -8.361816, 2.258301,Cycling
4732083, -0.041016, -0.283203, -0.876221, -10.437010, -10.437010, 0.915527,Cycling
4732103, -0.078491, -0.230957, -0.904175, -1.831054, -14.709470, -1.770019,Cycling
4732123, -0.261841, -0.303223, -0.891846, -3.356933, -13.244628, -0.183105,Cycling
4732143, -0.106323, -0.223022, -0.936768, -4.089356, -12.023924, 1.831054,Cycling
4732163, -0.136230, -0.303589, -0.979614, -4.516602, -6.347656, 3.784179,Cycling
4732183, -0.200439, -0.285278, -1.099244, -8.117676, 0.549316, 6.042480,Cycling
4732203, -0.030396, -0.170044, -1.065796, -10.070800, -6.713866, 10.131832,Cycling
4732223, -0.311646, -0.176758, -0.965942, -9.094240, -12.756344, 5.920409,Cycling
4732243, -0.431274, -0.330322, -1.032104, -8.666994, -9.765626, 0.976562,Cycling
4732263, -0.250488, -0.265503, -0.885254, -11.230468, -5.310058, 0.183105,Cycling
4732283, -0.296875, -0.282105, -0.859375, -9.155274, -18.798830, 2.197266,Cycling
4732303, -0.424927, -0.252075, -1.052490, -8.605960, -0.305176, 1.281738,Cycling
4732323, -0.159668, -0.296143, -1.002930, -11.596676, 5.554198, -3.234863,Cycling
4732343, -0.207642, -0.309082, -0.887573, -2.990722, -7.263182, -1.037598,Cycling
4732363, -0.428711, -0.191284, -0.976685, -8.361816, -4.699708, 3.906249,Cycling
4732383, -0.205322, -0.181885, -0.946778, 6.225584, 1.708984, 4.394532,Cycling
4732403, -0.167114, -0.411499, -0.864990, -5.371092, -2.746581, 1.220704,Cycling
4732423, -0.262940, -0.302368, -0.859375, 0.427246, -10.803220, 3.906249,Cycling
4732443, -0.300049, -0.339966, -0.858154, -1.708984, -8.605960, 6.469726,Cycling
4732463, -0.246216, -0.382690, -0.836182, 3.356933, -7.080076, 0.427246,Cycling
4732483, -0.123779, -0.499146, -0.746826, 0.061035, -18.615724, -3.173828,Cycling
4732503, -0.252197, -0.264038, -0.864502, -13.610836, -25.268550, -0.915527,Cycling
4732523, -0.182861, -0.214966, -0.840820, -4.699708, -16.601568, -3.967285,Cycling
4732543, -0.114380, -0.369141, -0.844727, -6.774902, -17.883300, -9.521484,Cycling
4732563, -0.192383, -0.230957, -0.946289, -13.916012, -22.033690, -13.793944,Cycling
4732583, -0.192505, -0.218262, -0.943604, -5.432128, -11.840818, -14.465330,Cycling
4732603, -0.196411, -0.344605, -0.990845, -5.493162, -13.977050, -11.718748,Cycling
4732623, -0.251709, -0.312866, -0.980469, -7.629394, -7.812498, -8.728030,Cycling
4732643, -0.122681, -0.190308, -0.905640, -3.784179, -19.470220, -5.126952,Cycling
4732663, -0.254883, -0.131592, -0.961670, -0.915527, -17.822270, -6.591796,Cycling
4732683, -0.354004, -0.239380, -1.051270, 3.417968, -14.526364, -4.699708,Cycling
4732703, -0.360962, -0.253052, -0.931885, 2.685546, -7.080076, -4.150392,Cycling
4732723, -0.419190, -0.365356, -0.926026, 6.225584, -9.948730, -2.197266,Cycling
4732743, -0.323364, -0.359131, -0.845825, -0.366211, -11.779784, -0.976562,Cycling
4732763, -0.202026, -0.161743, -0.924194, -2.197266, -14.282224, 1.953124,Cycling
4732783, -0.233887, -0.188599, -0.979492, -0.061035, -9.765626, -1.464844,Cycling
4732803, -0.324585, -0.218018, -1.091064, -3.662109, -6.530760, -4.821778,Cycling
4732823, -0.218750, -0.216431, -0.957398, 0.427246, -0.122070, -7.141112,Cycling
4732843, -0.322998, -0.099609, -0.971436, -11.108396, -15.624996, -5.737304,Cycling
4732863, -0.301025, -0.114746, -1.011597, 1.953124, -11.779784, -9.094240,Cycling
4732883, -0.281250, -0.238403, -0.962402, -0.793457, -9.277344, -12.878416,Cycling
4732903, -0.253174, -0.268799, -0.884644, 6.225584, -10.620116, -11.535644,Cycling
4732923, -0.341309, -0.302002, -0.848633, -4.455568, -15.258788, -3.967285,Cycling
4732943, -0.443482, -0.140381, -0.894043, 0.305176, -6.530760, -0.610352,Cycling
4732963, -0.229004, -0.174805, -0.826416, 2.319336, -1.098633, -4.394532,Cycling
4732983, -0.356201, -0.202515, -0.950318, 5.615234, -4.455568, -7.812498,Cycling
4733003, -0.419556, -0.362671, -0.924683, 8.117676, 2.380371, -6.835936,Cycling
4733023, -0.360962, -0.504150, -0.813721, -0.549316, -1.708984, -7.629394,Cycling
4733043, -0.268555, -0.317871, -0.846192, -11.474608, -12.268064, -6.286620,Cycling
4733063, -0.341187, -0.316284, -0.845703, -7.995604, -8.911134, -0.610352,Cycling
4733083, -0.369263, -0.359497, -0.901734, -18.737796, -9.155274, 2.563476,Cycling
4733103, -0.353516, -0.107666, -0.916504, -19.042970, -1.586914, -1.098633,Cycling
4733123, -0.369507, -0.275391, -0.920166, -1.464844, -6.958006, -8.605960,Cycling
4733143, -0.295044, -0.280396, -0.904541, -21.850580, -4.638672, -11.352536,Cycling
4733163, -0.168335, 0.025757, -0.980957, -7.141112, -10.559080, -8.850100,Cycling
4733183, -0.342529, -0.188477, -0.996704, 0.488281, -5.371092, -13.244628,Cycling
4733203, -0.294800, -0.124390, -1.069336, -1.220704, 0.549316, -8.483890,Cycling
4733223, -0.233521, -0.131958, -1.048706, 1.831054, 10.620116, -12.084960,Cycling
4733243, -0.130615, -0.141480, -1.050415, 1.281738, 9.765626, -10.314940,Cycling
4733263, -0.238525, -0.155640, -0.981568, 1.464844, 9.399414, -10.681150,Cycling
4733283, -0.323364, -0.102417, -0.969482, 4.821778, 5.798338, -2.746581,Cycling
4733303, -0.450562, -0.189331, -0.895386, 0.915527, 16.174320, -1.159668,Cycling
4733323, -0.285034, -0.062866, -0.891236, -2.929687, 21.118160, -0.732422,Cycling
4733343, -0.408081, -0.119751, -0.971924, 2.075196, 18.859868, -3.906249,Cycling
4733363, -0.483887, -0.276367, -0.987427, -2.441407, 26.611320, -5.676268,Cycling
4733383, -0.294312, -0.185059, -0.903564, -6.164550, 33.264160, -3.234863,Cycling
4733403, -0.227173, -0.159668, -0.922119, 1.098633, 17.822270, 0.366211,Cycling
4733423, -0.375244, -0.193604, -0.963745, -1.647949, 19.958500, -0.061035,Cycling
4733443, -0.223145, -0.113037, -0.969849, 2.075196, 22.277830, 3.784179,Cycling
4733463, -0.187988, -0.164917, -0.960205, -0.183105, 14.526364, 1.342773,Cycling
4733483, -0.218994, -0.206543, -0.890503, -3.295898, 6.164550, -4.821778,Cycling
4733503, -0.344849, -0.103027, -0.960083, -0.793457, 15.624996, -8.789064,Cycling
4733523, -0.311890, -0.222900, -0.923218, 5.493162, 25.451652, -6.408690,Cycling
4733543, -0.171021, -0.289063, -0.934570, -0.244141, 25.451652, -3.417968,Cycling
4733563, -0.175415, -0.201538, -0.955200, 4.760742, 20.874020, 1.892090,Cycling
4733583, -0.315918, -0.329102, -1.019288, 3.540038, 25.024410, 5.798338,Cycling
4733603, -0.163208, -0.194702, -0.980347, 9.948730, 28.015130, 4.943848,Cycling
4733623, -0.191162, -0.295288, -0.946045, 15.197750, 11.962890, 3.417968,Cycling
4733643, -0.159668, -0.209351, -0.927368, 15.686032, 4.577638, 1.098633,Cycling
4733663, -0.291992, -0.419190, -0.954834, 16.296390, 6.591796, -2.685546,Cycling
4733683, -0.177246, -0.300415, -0.828613, 13.916012, 3.051757, 2.258301,Cycling
4733703, -0.230713, -0.158691, -0.980591, 17.272950, -0.366211, 1.098633,Cycling
4733723, -0.399658, -0.358154, -0.951538, 13.061520, 13.000484, -5.371092,Cycling
4733743, -0.143066, -0.376465, -0.780029, 19.104010, -5.249022, -11.352536,Cycling
4733763, -0.434570, -0.459106, -0.864624, 13.549804, -23.132320, -12.939450,Cycling
4733783, -0.232178, -0.365112, -0.789307, 17.639160, -17.272950, -10.742184,Cycling
4733803, -0.169189, -0.472412, -0.881958, 11.474608, -22.155760, -9.948730,Cycling
4733823, -0.095337, -0.329590, -0.944702, 2.990722, -20.019532, -4.516602,Cycling
4733843, -0.076294, -0.201904, -0.913940, 3.234863, -15.075680, -7.812498,Cycling
4733863, -0.073486, -0.484619, -0.825684, 6.469726, -6.896972, -7.385252,Cycling
4733883, -0.173462, -0.483398, -0.781860, 0.061035, -10.009768, 0.488281,Cycling
4733903, -0.098022, -0.340576, -0.852905, 0.183105, -17.211920, 3.662109,Cycling
4733923, -0.146484, -0.216064, -0.928955, 5.371092, -16.418460, -1.159668,Cycling
4733943, -0.220459, -0.329712, -0.898071, 6.835936, -16.052250, -10.986324,Cycling
4733963, -0.302612, -0.394043, -0.825684, 8.483890, -18.554690, -11.474608,Cycling
4733983, -0.297974, -0.392090, -0.786499, 13.610836, -19.653320, -8.972170,Cycling
4734003, -0.432007, -0.535278, -0.857422, 6.286620, -14.831540, -7.507323,Cycling
4734023, -0.321411, -0.457398, -0.762207, 3.173828, -16.296390, -7.568358,Cycling
4734043, -0.350098, -0.498657, -0.798340, 1.892090, -26.733390, -9.582520,Cycling
4734063, -0.405640, -0.480103, -0.772339, -2.868652, -23.315424, -9.277344,Cycling
4734083, -0.193237, -0.490112, -0.733643, -5.554198, -31.555170, -7.446288,Cycling
4734103, -0.210938, -0.321655, -0.859619, -17.028810, -34.484870, -5.371092,Cycling
4734123, -0.197876, -0.194824, -1.088379, -13.366696, -27.587884, -8.911134,Cycling
4734143, -0.172974, -0.239136, -1.025146, -8.544924, -23.925780, -17.272950,Cycling
4734163, -0.361816, -0.206909, -1.068482, -13.305660, -14.953610, -19.165040,Cycling
4734183, -0.507324, -0.165649, -0.897705, -7.141112, 8.483890, -21.728510,Cycling
4734203, 0.199463, -0.408814, -0.593628, -4.699708, 5.249022, -34.484870,Cycling
4734223, -0.529175, -0.370239, -1.027710, -6.591796, -34.851080, -31.311030,Cycling
4734243, -0.850342, -0.374634, -0.952271, -11.657712, 23.376460, -9.826660,Cycling
4734263, -0.042725, -0.373901, -0.911133, -17.578130, 24.475090, -11.352536,Cycling
4734283, -0.156006, -0.293945, -0.910889, -18.005376, -2.197266, -14.770504,Cycling
4734303, -0.323853, -0.220459, -0.990479, -19.165040, -15.869140, -13.244628,Cycling
4734323, -0.296265, -0.089966, -0.958618, -19.226080, -1.525878, -12.268064,Cycling
4734343, -0.317505, -0.133545, -1.054322, -17.028810, -6.530760, -14.770504,Cycling
4734363, -0.193726, -0.038208, -1.065430, -19.714360, 9.399414, -15.930172,Cycling
4734383, -0.168701, -0.070679, -1.030762, -18.005376, 9.948730, -18.920900,Cycling
4734403, -0.287476, -0.185913, -1.095581, -18.188480, 22.094720, -10.620116,Cycling
4734423, -0.150269, -0.000854, -1.003662, -12.756344, 24.353020, -1.342773,Cycling
4734443, -0.247192, 0.114990, -1.174194, -8.117676, 20.874020, 3.540038,Cycling
4734463, -0.221314, 0.023804, -1.125854, -5.432128, 47.363270, 6.103514,Cycling
4734483, -0.198486, -0.133667, -1.128418, -9.277344, 42.846670, 5.187988,Cycling
4734503, -0.160156, -0.046509, -1.098755, -8.911134, 31.860350, 3.479003,Cycling
4734523, -0.311035, -0.024536, -1.096192, -8.239746, 25.451652, 6.408690,Cycling
4734543, -0.202393, -0.024170, -1.064698, -6.896972, 29.907220, 7.629394,Cycling
4734563, -0.180298, -0.107422, -0.991333, -7.080076, 20.507810, 7.751464,Cycling
4734583, -0.357666, -0.219116, -0.938477, -1.708984, 20.874020, 15.014646,Cycling
4734603, -0.228882, -0.139893, -0.945435, -2.929687, 27.099608, 16.845708,Cycling
4734623, -0.205322, -0.187378, -1.030152, -1.464844, 25.390620, 17.211920,Cycling
4734643, -0.144653, -0.069824, -1.029541, 1.647949, 24.475090, 19.470220,Cycling
4734663, -0.140259, -0.129883, -1.049438, 6.958006, 24.291990, 18.127448,Cycling
4734683, -0.121460, -0.179688, -1.004150, 17.456060, 7.873534, 23.071284,Cycling
4734703, -0.187744, -0.239502, -0.923828, 20.751950, 2.502442, 28.198240,Cycling
4734723, -0.302612, -0.291504, -0.968140, 23.681636, -5.554198, 31.494136,Cycling
4734743, -0.313721, -0.247070, -0.984741, 24.047850, -0.305176, 32.043460,Cycling
4734823, -0.126831, -0.231689, -0.821289, 17.944340, -15.136716, 18.310550,Cycling
4734843, -0.201172, -0.331177, -0.869751, 9.399414, -10.864256, 13.366696,Cycling
4734903, -0.016846, -0.458374, -0.772949, 5.859374, -11.047360, -3.784179,Cycling
4734923, 0.026489, -0.381592, -0.876465, 8.605960, -3.112792, -3.723144,Cycling
4734943, -0.010620, -0.315552, -0.900635, 2.197266, -0.244141, 2.197266,Cycling
4734963, -0.225342, -0.266968, -1.039185, 12.878416, 4.943848, 7.141112,Cycling
4734983, -0.406982, -0.442871, -0.933350, 7.263182, 11.108396, 9.216310,Cycling
4735003, -0.296509, -0.431641, -0.691895, 5.493162, -3.356933, 6.591796,Cycling
4735023, -0.467896, -0.345703, -0.788574, 1.403808, -19.958500, 8.544924,Cycling
4735043, -0.314453, -0.303467, -0.860718, -1.892090, -11.535644, 6.652830,Cycling
4735063, -0.312134, -0.350342, -0.935669, -4.272462, -18.737796, 0.915527,Cycling
4735083, -0.265259, -0.335327, -0.931519, -10.925290, -21.423332, 0.183105,Cycling
4735103, -0.029785, -0.187988, -0.782593, -12.512204, -24.291990, -3.295898,Cycling
4735123, -0.247192, -0.236084, -1.020142, -3.540038, -29.418940, -7.629394,Cycling
4735243, -0.359619, -0.349609, -0.830322, 8.544924, -26.428220, -6.713866,Cycling
4735263, -0.304077, -0.232666, -0.853272, 4.577638, -25.878900, -2.441407,Cycling
4735283, -0.389648, -0.299805, -0.977417, 16.479492, -9.460450, -0.976562,Cycling
4735303, -0.160889, -0.426270, -0.977905, 11.962890, -0.366211, -4.577638,Cycling
4735343, -0.290772, -0.427856, -0.923096, 9.033204, -7.690428, -1.708984,Cycling
4735363, -0.260498, -0.345703, -0.820923, 1.892090, -18.981940, -2.990722,Cycling
4735383, -0.268311, -0.214355, -0.886108, -1.525878, -25.573724, -6.713866,Cycling
4735403, -0.295288, -0.256714, -0.984986, 2.990722, -19.714360, -11.901852,Cycling
4735423, -0.320923, -0.399414, -0.982666, -2.624511, -16.174320, -13.977050,Cycling
4735443, -0.349976, -0.427734, -0.892578, -5.981444, -16.113284, -15.136716,Cycling
4735463, -0.221069, -0.278564, -0.873413, -14.099120, -20.141600, -7.873534,Cycling
4735483, -0.367554, -0.331421, -0.918579, -6.164550, -18.859868, 0.549316,Cycling
4735503, -0.456909, -0.440796, -0.932984, -7.202148, -7.446288, 3.173828,Cycling
4735523, -0.228272, -0.323730, -0.829346, -19.714360, -0.183105, 1.464844,Cycling
4735543, -0.251221, -0.099121, -0.925415, -13.427732, -2.563476, 3.967285,Cycling
4735563, -0.402588, -0.290405, -0.983154, -0.610352, 10.314940, 0.305176,Cycling
4735583, -0.301758, -0.373535, -0.990601, -16.967780, 15.441892, -7.080076,Cycling
4735603, -0.417480, -0.215820, -0.962036, -13.854978, 5.798338, -8.056642,Cycling
4735623, -0.337646, -0.291748, -0.881226, -11.291500, 0.244141, -8.972170,Cycling
4735643, -0.354736, -0.301392, -0.900391, -8.911134, -8.544924, -7.995604,Cycling
4735663, -0.296997, -0.302979, -0.940552, -13.183590, -4.882814, -6.408690,Cycling
4735683, -0.380005, -0.380982, -0.870972, -8.972170, -4.699708, 0.183105,Cycling
4735703, -0.132080, -0.365479, -0.815430, -22.338860, -2.563476, -6.896972,Cycling
4735723, -0.218628, -0.162720, -0.972046, -18.798830, -3.662109, -4.699708,Cycling
4735743, -0.227295, -0.195801, -1.021118, -15.136716, 7.812498, -5.554198,Cycling
4735763, -0.204468, -0.087769, -1.081177, -13.061520, 9.765626, -6.286620,Cycling
4735783, -0.387329, -0.135376, -1.037354, -10.009768, 20.935052, -7.324218,Cycling
4735803, -0.147949, -0.151733, -0.916382, -0.732422, 20.568840, -19.958500,Cycling
4735823, 0.085205, -0.088745, -1.201904, -13.549804, 19.104010, -13.854978,Cycling
4735843, -0.461426, -0.161011, -1.110474, -16.845708, 15.624996, -12.207030,Cycling
4735863, -0.112305, 0.134888, -0.919068, -1.770019, 35.766600, -17.761230,Cycling
4735883, -0.043945, -0.407227, -1.112183, 36.804200, -9.643556, -6.103514,Cycling
4735903, -0.587036, -0.545166, -0.968262, -20.507810, -35.827640, 2.441407,Cycling
4735923, 0.090942, -0.201416, -0.831177, -14.221190, -53.100580, 1.403808,Cycling
4735943, -0.069336, -0.114990, -0.874878, 5.249022, -108.642560, 9.826660,Cycling
4735963, -0.594238, -0.262940, -1.005127, 10.620116, -101.684560, 23.376460,Cycling
4735983, -0.601074, -0.206665, -0.921143, 5.920409, -51.696770, 11.413570,Cycling
4736063, -0.297608, -0.274658, -0.901734, 14.465330, 34.057620, -27.221676,Cycling
4736083, -0.302734, -0.309082, -0.855713, 1.342773, 17.456060, -28.442380,Cycling
4736103, -0.366943, -0.240356, -0.847046, 15.747068, 0.854492, -31.005852,Cycling
4736143, -0.635132, -0.492798, -0.489990, 2.380371, -5.798338, -14.831540,Cycling
4736163, -0.485474, -0.325562, -0.448364, -2.746581, 19.653320, -10.864256,Cycling
4736183, -0.262695, -0.341553, -0.523316, 5.432128, 21.728510, -11.474608,Cycling
4736203, -0.156006, -0.403564, -0.658814, -3.601074, 15.441892, -13.671872,Cycling
4736223, -0.136475, -0.312622, -0.776001, -10.803220, 5.737304, -14.709470,Cycling
4736243, -0.152344, -0.254517, -0.887573, -10.559080, -13.793944, -13.732908,Cycling
4736263, -0.311646, -0.256714, -1.080322, -11.779784, -22.094720, -12.512204,Cycling
4736283, -0.394409, -0.235596, -1.168824, -15.075680, -11.230468, -11.596676,Cycling
4736303, -0.340576, -0.168579, -1.102417, -15.197750, -7.995604, -12.939450,Cycling
4736323, -0.305176, -0.151489, -1.035034, -3.051757, -11.779784, -12.756344,Cycling
4736343, -0.306885, -0.227661, -1.000610, 5.065916, -10.375976, -9.765626,Cycling
4736363, -0.346069, -0.314819, -0.972778, 2.258301, -5.126952, -7.751464,Cycling
4736383, -0.344360, -0.239868, -0.924194, -8.239746, 1.037598, -4.150392,Cycling
4736483, -0.390747, -0.256226, -0.826538, 4.272462, 9.094240, 3.234863,Cycling
4736503, -0.361572, -0.238647, -0.867920, 3.051757, 13.671872, 1.647949,Cycling
4736523, -0.349365, -0.263062, -0.901612, -0.305176, 24.841304, -2.929687,Cycling
4736543, -0.315186, -0.295532, -0.942993, 0.549316, 16.662600, 2.868652,Cycling
4736563, -0.427368, -0.252075, -0.973022, -8.117676, 15.930172, 5.310058,Cycling
4736583, -0.321167, -0.336426, -0.789429, 11.901852, 8.666994, -0.915527,Cycling
4736603, -0.131348, -0.402466, -0.748779, 1.159668, -16.662600, -4.211426,Cycling
4736623, -0.394898, -0.336304, -0.848022, 0.122070, -28.320310, 1.037598,Cycling
4736643, -0.446655, -0.338257, -0.802979, 4.211426, -16.296390, 0.793457,Cycling
4736663, -0.297241, -0.340576, -0.789917, 1.037598, -12.207030, -3.173828,Cycling
4736683, -0.501099, -0.318237, -0.860108, 1.342773, -12.084960, -3.540038,Cycling
4736703, -0.403076, -0.254639, -0.909668, 2.990722, 8.911134, -3.234863,Cycling
4736723, -0.114624, -0.311279, -0.948242, 11.169430, 5.676268, -3.662109,Cycling
4736744, -0.173340, -0.316162, -0.911011, 7.141112, -8.422854, -1.892090,Cycling
4736764, -0.386597, -0.316650, -0.937378, 11.718748, -4.699708, -0.793457,Cycling
4736784, -0.388306, -0.360962, -0.819092, 7.873534, 7.080076, -2.929687,Cycling
4736804, -0.305176, -0.222656, -0.885986, 3.112792, 3.479003, -6.530760,Cycling
4736824, -0.364136, -0.180542, -0.961670, 1.525878, 14.038084, -11.718748,Cycling
4736844, -0.309326, -0.270386, -0.976318, 8.239746, 11.474608, -10.742184,Cycling
4736864, -0.285400, -0.290894, -0.912964, -10.131832, 8.544924, -14.831540,Cycling
4736884, -0.354248, -0.152832, -1.006104, -5.981444, 6.042480, -12.695310,Cycling
4736904, -0.331055, -0.337769, -0.914551, -4.638672, 12.084960, -15.624996,Cycling
4736924, -0.310669, -0.269409, -0.996216, -13.671872, 9.826660, -10.681150,Cycling
4736944, -0.385742, -0.213623, -0.989380, -11.779784, 21.240230, -7.873534,Cycling
4736964, -0.273071, -0.237549, -0.942261, -9.643556, 26.672360, -4.943848,Cycling
4736984, -0.357056, -0.207397, -1.076904, -4.394532, 28.625480, -4.211426,Cycling
4737004, -0.366699, -0.315186, -0.975708, -0.305176, 34.118660, -6.286620,Cycling
4737024, -0.276245, -0.310547, -0.840698, -2.929687, 23.132320, -3.234863,Cycling
4737044, -0.367310, -0.245117, -0.773926, -4.150392, 19.104010, 2.563476,Cycling
4737064, -0.281372, -0.345825, -0.832642, 0.976562, 23.986810, 6.164550,Cycling
4737084, -0.273438, -0.441040, -0.838013, -2.502442, 21.667476, 4.394532,Cycling
4737104, -0.270874, -0.324097, -0.937378, -5.493162, 21.484370, 7.568358,Cycling
4737124, -0.226074, -0.331787, -0.936279, -0.610352, 23.193352, 6.896972,Cycling
4737144, -0.161499, -0.335571, -0.859253, 0.061035, 19.470220, 4.394532,Cycling
4737164, -0.150269, -0.295532, -0.873779, 0.427246, 11.657712, 2.319336,Cycling
4737184, -0.232788, -0.274536, -0.903809, 2.441407, 4.882814, 5.676268,Cycling
4737204, -0.302734, -0.244385, -0.885620, 2.624511, 9.948730, 4.089356,Cycling
4737224, -0.315186, -0.424316, -0.809326, 8.544924, 10.742184, -3.540038,Cycling
4737244, -0.263062, -0.533936, -0.790161, 4.455568, -2.807617, -5.126952,Cycling
4737264, -0.230835, -0.282593, -0.844849, 3.723144, -8.178714, -0.915527,Cycling
4737284, -0.229980, -0.294067, -0.925781, 3.540038, -5.310058, -5.065916,Cycling
4737304, -0.154297, -0.481079, -0.858032, 2.563476, -7.202148, -8.789064,Cycling
4737324, -0.210693, -0.522583, -0.801880, -4.638672, -15.869140, -5.004884,Cycling
4737344, -0.151367, -0.307495, -0.859375, -9.521484, -17.761230, 3.173828,Cycling
4737364, -0.166626, -0.301880, -1.005249, -5.187988, -11.779784, 2.319336,Cycling
4737384, -0.196533, -0.401123, -1.010254, -5.187988, -10.742184, -0.915527,Cycling
4737404, -0.331299, -0.299438, -0.998413, -5.554198, -12.451170, 4.760742,Cycling
4737424, -0.211670, -0.245728, -0.892456, -3.234863, -8.728030, 2.868652,Cycling
4737444, -0.284058, -0.289185, -0.929077, 1.281738, -16.357424, -0.732422,Cycling
4737464, -0.282959, -0.256104, -0.964234, -0.854492, -9.948730, 0.366211,Cycling
4737484, -0.250732, -0.144653, -1.034058, -2.075196, -7.263182, 2.624511,Cycling
4737504, -0.220337, -0.222900, -0.974976, -1.525878, 0.427246, 1.708984,Cycling
4737524, -0.215698, -0.193359, -0.971680, -1.647949, -4.150392, 0.854492,Cycling
4737544, -0.223267, -0.142578, -1.036499, -3.845214, 1.892090, 2.014160,Cycling
4737564, -0.254883, -0.206909, -1.007935, -3.540038, 3.051757, 5.920409,Cycling
4737584, -0.310303, -0.229980, -0.968262, -8.300784, 11.230468, 3.479003,Cycling
4737604, -0.163696, -0.161621, -0.946045, -7.507323, 5.432128, 3.540038,Cycling
4737624, -0.329346, -0.158203, -0.980957, -4.577638, 9.948730, 5.615234,Cycling
4737644, -0.278564, -0.171143, -0.991089, -7.141112, 9.582520, 5.859374,Cycling
4737664, -0.292114, -0.119385, -1.012207, -5.310058, 14.587400, 0.244141,Cycling
4737684, -0.229492, -0.249634, -0.974976, -1.098633, 10.681150, 0.549316,Cycling
4737704, -0.280762, -0.277954, -0.884400, -3.601074, 6.103514, 3.540038,Cycling
4737724, -0.337158, -0.220337, -0.944946, -0.671386, 6.774902, 6.958006,Cycling
4737744, -0.260864, -0.347412, -0.961914, 3.540038, 13.305660, 7.934570,Cycling
4737764, -0.265015, -0.353149, -0.869751, 2.746581, 11.230468, 10.192870,Cycling
4737784, -0.259522, -0.375244, -0.801270, 3.417968, 5.615234, 11.474608,Cycling
4737804, -0.269043, -0.351318, -0.833740, 1.342773, 1.892090, 12.329100,Cycling
4737824, -0.285767, -0.331177, -0.879395, -0.244141, -0.610352, 11.596676,Cycling
4737844, -0.206543, -0.236572, -0.935913, 1.098633, -3.234863, 9.826660,Cycling
4737864, -0.171021, -0.196167, -0.961670, 1.892090, 0.488281, 9.765626,Cycling
4737884, -0.149780, -0.216187, -0.990479, -0.183105, 2.746581, 7.568358,Cycling
4737904, -0.110596, -0.132446, -1.030762, 1.220704, 4.211426, 8.422854,Cycling
4737924, -0.125000, -0.203613, -1.030884, 2.990722, 9.277344, 9.765626,Cycling
4737944, -0.080566, -0.136963, -0.975342, 2.868652, 8.483890, 10.375976,Cycling
4738004, -0.215698, -0.179688, -0.977417, 4.455568, 21.362300, 14.343260,Cycling
4738024, -0.302368, -0.176025, -0.924561, 6.408690, 15.380856, 15.075680,Cycling
4738044, -0.304443, -0.117432, -0.978638, 5.737304, 17.883300, 14.892576,Cycling
4738064, -0.358276, -0.405029, -0.848877, 4.943848, 13.671872, 14.099120,Cycling
4738084, -0.293335, -0.309448, -0.810181, 5.554198, 3.112792, 8.056642,Cycling
4738104, -0.364746, -0.313721, -0.856201, 0.366211, 3.540038, 2.502442,Cycling
4738124, -0.205811, -0.371216, -0.796265, -0.732422, 0.793457, -0.183105,Cycling
4738144, -0.312866, -0.436768, -0.831543, -3.540038, -4.455568, 2.258301,Cycling
4738164, -0.238281, -0.401611, -0.777222, -2.868652, -7.690428, 2.502442,Cycling
4738184, -0.125244, -0.470459, -0.741577, -1.892090, -17.089850, -2.807617,Cycling
4738204, -0.089722, -0.457764, -0.830078, -5.554198, -27.832030, -9.094240,Cycling
4738224, -0.041626, -0.398560, -0.850220, -8.239746, -35.949720, -6.591796,Cycling
4738244, -0.077759, -0.374024, -0.804810, -4.150392, -45.043940, -4.760742,Cycling
4738264, -0.159180, -0.285156, -0.994995, 0.854492, -48.828120, -8.544924,Cycling
4738284, -0.084961, -0.260498, -0.972046, 7.385252, -49.499500, -14.221190,Cycling
4738304, -0.124512, -0.274170, -0.908692, 9.887696, -52.124020, -15.258788,Cycling
4738324, -0.226074, -0.165405, -0.990601, 12.634276, -50.659170, -14.770504,Cycling
4738464, -0.504883, -0.329712, -0.857422, -1.098633, -25.573724, -6.896972,Cycling
4738484, -0.430542, -0.373291, -0.777344, -5.004884, -27.709956, -6.530760,Cycling
4738504, -0.499878, -0.265747, -0.888428, -9.887696, -23.254390, -6.347656,Cycling
4738524, -0.282471, -0.318604, -0.846680, -9.704590, -12.817380, -8.789064,Cycling
4738544, -0.207275, -0.266113, -0.987549, -16.296390, -15.014646, -4.028321,Cycling
4738564, -0.273438, -0.124268, -1.167603, -15.930172, -6.042480, 2.624511,Cycling
4738584, -0.260254, -0.163452, -1.083862, -15.075680, 15.502928, 4.638672,Cycling
4738604, -0.236084, -0.271851, -0.961914, -14.831540, 9.033204, 7.690428,Cycling
4738624, -0.291748, -0.046631, -1.064331, -20.263670, 6.896972, 6.164550,Cycling
4738644, -0.417725, -0.025024, -1.057007, -11.718748, 12.634276, -1.464844,Cycling
4738664, -0.364136, -0.172485, -1.020996, -14.648436, 16.113284, -11.230468,Cycling
4738684, -0.457520, -0.224365, -1.042603, -11.047360, 9.033204, -15.197750,Cycling
4738704, -0.289063, -0.136841, -0.775635, -11.108396, 4.394532, -11.169430,Cycling
4738724, -0.528809, -0.029175, -0.815186, -3.173828, -6.591796, -12.695310,Cycling
4738744, -0.661499, -0.256958, -0.866089, 7.202148, 4.516602, -11.474608,Cycling
4738764, -0.545898, -0.567383, -0.819092, 2.685546, 12.084960, -13.610836,Cycling
4738784, -0.386353, -0.462036, -0.859497, -6.347656, 3.967285, -6.958006,Cycling
4738804, -0.274292, -0.261597, -0.929077, -5.798338, -3.784179, 0.671386,Cycling
4738824, -0.326294, -0.271240, -0.898438, 0.366211, -1.586914, -0.366211,Cycling
4738844, -0.239136, -0.410156, -0.859741, -5.371092, -3.479003, -2.624511,Cycling
4738864, -0.224487, -0.297363, -0.883057, -13.183590, -3.662109, -1.586914,Cycling
4738884, -0.234741, -0.225708, -0.876221, -10.986324, -0.854492, 1.464844,Cycling
4738904, -0.268555, -0.280884, -0.908936, -6.164550, 5.187988, -0.915527,Cycling
4738924, -0.220947, -0.264648, -0.948730, -7.995604, 9.948730, -13.183590,Cycling
4738944, -0.216675, -0.266358, -0.898804, -6.042480, 3.356933, -11.779784,Cycling
4738964, -0.258667, -0.305786, -0.814820, -2.136231, -8.239746, -10.742184,Cycling
4738984, -0.432007, -0.328980, -0.875122, -2.441407, -18.920900, -8.544924,Cycling
4739004, -0.495483, -0.319458, -0.860840, -0.732422, -10.314940, -4.516602,Cycling
4739024, -0.317383, -0.379150, -0.800171, -5.249022, -11.047360, -2.441407,Cycling
4739044, -0.274658, -0.263428, -0.788818, -12.695310, -20.874020, -5.432128,Cycling
4739064, -0.388794, -0.215576, -0.937622, -9.826660, -26.428220, -2.746581,Cycling
4739084, -0.374268, -0.271973, -0.946900, -13.488768, -16.845708, -10.131832,Cycling
4739104, -0.277466, -0.208252, -0.923584, -14.099120, -19.226080, -12.695310,Cycling
4739124, -0.356445, -0.156616, -0.914795, -10.620116, -23.437492, -11.230468,Cycling
4739144, -0.408325, -0.221191, -0.934814, -6.591796, -16.601568, -7.812498,Cycling
4739164, -0.388306, -0.252319, -0.926758, -7.080076, -11.535644, -11.047360,Cycling
4739184, -0.474365, -0.224609, -0.859741, -7.629394, -0.488281, -9.948730,Cycling
4739204, -0.465942, -0.219116, -0.845581, -5.554198, 14.587400, -8.972170,Cycling
4739224, -0.415039, -0.162354, -0.923950, -9.216310, 29.174800, -7.385252,Cycling
4739244, -0.342285, -0.212647, -0.963135, -4.272462, 35.766600, -8.361816,Cycling
4739264, -0.233154, -0.232056, -0.979492, -12.451170, 18.493652, -10.925290,Cycling
4739284, -0.200928, -0.122314, -0.942871, -7.080076, 5.615234, -15.075680,Cycling
4739304, -0.183594, -0.118530, -1.069458, -6.652830, -2.685546, -13.916012,Cycling
4739324, -0.222656, -0.113647, -1.109986, -6.958006, 4.516602, -16.418460,Cycling
4739344, -0.256714, -0.168091, -0.988281, -8.789064, 4.333496, -17.089850,Cycling
4739364, -0.408447, -0.141113, -0.836548, -3.356933, 9.460450, -14.953610,Cycling
4739384, -0.283936, -0.272827, -0.819092, -4.699708, 7.873534, -12.451170,Cycling
4739404, -0.320068, -0.190186, -0.779541, -2.014160, -7.202148, -9.094240,Cycling
4739424, -0.582764, -0.279053, -0.798096, 4.638672, -15.136716, -5.798338,Cycling
4739444, -0.413818, -0.286255, -0.767212, -3.112792, -14.099120, -5.371092,Cycling
4739464, -0.328247, -0.153564, -0.892822, -8.239746, -27.404780, -5.004884,Cycling
4739484, -0.404907, -0.146729, -0.869629, -1.037598, -25.756830, -10.742184,Cycling
4739504, -0.358887, -0.310181, -0.912354, -5.126952, -24.414060, -17.272950,Cycling
4739524, -0.287232, -0.186035, -0.923340, -15.808104, -27.526850, -14.953610,Cycling
4739544, -0.343018, -0.021973, -1.002320, -17.333990, -25.878900, -17.272950,Cycling
4739564, -0.223511, -0.085327, -0.950928, -11.230468, -19.714360, -25.329584,Cycling
4739584, -0.373047, 0.048950, -1.175049, -13.305660, -15.380856, -22.033690,Cycling
4739604, -0.153809, 0.022827, -1.053955, -11.657712, -2.014160, -24.414060,Cycling
4739624, -0.292480, -0.039429, -1.030152, -8.972170, -2.319336, -26.489250,Cycling
4739644, -0.319580, -0.071167, -0.953858, -4.699708, 7.019042, -20.935052,Cycling
4739664, -0.440064, -0.092529, -1.070068, -7.751464, 18.920900, -10.925290,Cycling
4739684, -0.450562, -0.103394, -1.013184, -8.605960, 36.621100, -8.544924,Cycling
4739704, -0.387329, -0.069214, -0.874634, -6.774902, 36.804200, -8.422854,Cycling
4739724, -0.539429, -0.216919, -0.929566, -4.943848, 28.320310, -8.117676,Cycling
4739744, -0.524170, -0.219605, -0.839234, -12.817380, 21.301268, -4.028321,Cycling
4739764, -0.519776, -0.013916, -0.916504, -10.925290, 14.404296, 1.220704,Cycling
4739784, -0.401001, -0.234741, -0.829224, -3.967285, 11.718748, -7.995604,Cycling
4739804, -0.393188, -0.103027, -0.936890, -12.573240, -0.610352, -2.929687,Cycling
4739824, -0.200684, -0.031616, -1.037842, -20.446770, 5.554198, -6.103514,Cycling
4739884, -0.047241, 0.081787, -1.030884, -9.338380, 8.544924, -10.192870,Cycling
4739904, -0.228272, -0.050537, -1.155152, -5.065916, 24.658200, -8.544924,Cycling
4739924, -0.107422, 0.019165, -1.160156, -7.995604, 34.484870, -5.737304,Cycling
4739944, -0.196777, 0.114136, -1.121582, -1.159668, 39.245610, -6.896972,Cycling
4739964, -0.417480, -0.049561, -1.068116, 9.216310, 40.344230, -5.981444,Cycling
4739984, -0.361328, -0.118530, -0.952148, 7.019042, 46.569820, -7.385252,Cycling
4740004, -0.361084, -0.041260, -0.958862, 11.047360, 41.564930, 1.220704,Cycling
4740024, -0.342041, 0.006836, -0.911987, 13.610836, 48.156730, 7.812498,Cycling
4740044, -0.343506, -0.045410, -0.903687, 16.662600, 43.334950, 6.958006,Cycling
4740064, -0.355103, -0.110840, -0.911377, 20.263670, 38.757330, 5.859374,Cycling
4740084, -0.371948, -0.203247, -0.797608, 15.319820, 43.518060, 1.647949,Cycling
4740104, -0.153442, -0.003418, -0.930054, 14.770504, 39.123540, 4.516602,Cycling
4740124, -0.205811, -0.247925, -1.014526, 25.512690, 40.161120, 5.065916,Cycling
4740144, -0.182617, -0.401733, -0.917358, 17.395020, 38.269050, 5.004884,Cycling
4740164, -0.100830, -0.143433, -0.876465, 18.310550, 33.386240, 5.065916,Cycling
4740184, -0.140381, -0.138184, -0.892822, 24.475090, 36.560060, 12.939450,Cycling
4740204, -0.076782, -0.265259, -0.984375, 21.118160, 42.968740, 10.986324,Cycling
4740224, -0.148438, -0.301148, -1.017700, 17.761230, 37.719730, 12.145992,Cycling
4740244, -0.083862, -0.286743, -0.807129, 19.653320, 27.954100, 11.474608,Cycling
4740264, -0.161377, -0.313599, -0.802979, 20.751950, 12.512204, 13.244628,Cycling
4740284, -0.294434, -0.393677, -0.840698, 20.507810, 12.145992, 10.986324,Cycling
4740304, -0.362183, -0.353149, -0.870972, 18.066410, 13.366696, 11.596676,Cycling
4740324, -0.101196, -0.355591, -0.848022, 15.319820, 12.939450, 12.634276,Cycling
4740344, -0.104248, -0.402466, -0.929444, 11.169430, 11.169430, 13.488768,Cycling
4740364, 0.047363, -0.263672, -0.946655, 14.892576, 9.033204, 9.765626,Cycling
4740384, -0.032349, -0.240112, -1.103516, 11.291500, 12.634276, 10.620116,Cycling
4740404, 0.038208, -0.186523, -0.981445, 12.695310, 16.174320, 12.268064,Cycling
4740424, -0.070068, -0.106323, -1.006836, 12.451170, 20.935052, 14.831540,Cycling
4740444, -0.095337, -0.163330, -1.067017, 13.122556, 44.494620, 13.488768,Cycling
4740464, -0.129028, -0.176392, -1.007812, 11.535644, 36.315920, 6.530760,Cycling
4740484, -0.284668, -0.080933, -1.122681, 6.164550, 41.625960, 17.883300,Cycling
4740504, 0.042236, -0.304932, -0.754150, 12.939450, 43.151840, 15.197750,Cycling
4740524, -0.344238, -0.357300, -0.901245, 10.192870, 23.193352, 12.817380,Cycling
4740544, -0.281006, -0.384766, -1.019532, 11.108396, 30.151360, 18.615724,Cycling
4740564, -0.065552, -0.357544, -0.998779, 13.793944, 42.358390, 23.498530,Cycling
4740584, -0.060791, -0.339478, -0.931396, 17.517090, 35.400400, 25.329584,Cycling
4740604, -0.132202, -0.440552, -0.939942, 20.507810, 41.748040, 27.832030,Cycling
4740624, 0.034424, -0.506714, -0.822510, 18.676760, 38.452160, 24.353020,Cycling
4740644, 0.087402, -0.501831, -0.839844, 9.277344, 19.897460, 26.672360,Cycling
4740664, 0.142822, -0.386841, -0.821289, 6.347656, 18.920900, 31.982420,Cycling
4740684, 0.006226, -0.266480, -0.821900, 7.446288, 16.601568, 28.259270,Cycling
4740704, 0.051758, -0.406616, -0.804566, 10.681150, 6.835936, 22.460930,Cycling
4740724, -0.053711, -0.581421, -0.971802, -2.136231, 12.268064, 26.123040,Cycling
