timestamp,ax,ay,az,gx,gy,gz,activity
2392119, -0.248169, 0.167969, -0.949585, -33.813480, -15.014646, -5.554198,Pick and Place
2392139, -0.302612, 0.222412, -0.933594, -30.761716, -20.507810, -4.150392,Pick and Place
2392159, -0.326782, 0.244995, -0.898071, -28.015130, -19.165040, -7.019042,Pick and Place
2392179, -0.304077, 0.260864, -0.898438, -25.878900, -20.141600, -9.277344,Pick and Place
2392199, -0.300903, 0.265381, -0.922486, -27.221676, -27.465816, -4.089356,Pick and Place
2392219, -0.333252, 0.296875, -0.910400, -28.503410, -40.954580, -0.549316,Pick and Place
2392239, -0.387573, 0.313355, -0.867310, -26.367180, -55.297840, -1.220704,Pick and Place
2392259, -0.481567, 0.318848, -0.829712, -21.362300, -56.518540, -2.197266,Pick and Place
2392279, -0.535767, 0.310913, -0.846924, -20.080560, -44.311520, -0.427246,Pick and Place
2392299, -0.483276, 0.293091, -0.875000, -20.874020, -39.978040, 5.798338,Pick and Place
2392319, -0.433838, 0.309204, -0.875488, -20.874020, -57.189930, 15.014646,Pick and Place
2392339, -0.482666, 0.387207, -0.800904, -16.235352, -79.772960, 16.601568,Pick and Place
2392359, -0.486206, 0.426514, -0.725708, -10.314940, -88.195780, 15.258788,Pick and Place
2392379, -0.521362, 0.431641, -0.704346, -1.037598, -80.383280, 13.549804,Pick and Place
2392399, -0.630493, 0.402832, -0.737793, 5.676268, -54.504380, 7.995604,Pick and Place
2392419, -0.621704, 0.300537, -0.743530, 12.207030, -27.343748, 5.065916,Pick and Place
2392439, -0.394409, 0.232300, -0.703736, 11.413570, -29.052730, 5.615234,Pick and Place
2392459, -0.349487, 0.246704, -0.690918, 13.793944, -56.579580, 3.906249,Pick and Place
2392479, -0.458008, 0.217896, -0.701050, 18.188480, -75.134300, -1.831054,Pick and Place
2392499, -0.582398, 0.174316, -0.709473, 20.996090, -77.331540, -10.437010,Pick and Place
2392519, -0.562622, 0.130371, -0.681274, 22.094720, -71.594240, -16.784670,Pick and Place
2392539, -0.576538, 0.111938, -0.668091, 22.888180, -67.321800, -17.822270,Pick and Place
2392559, -0.836914, 0.074951, -0.673218, 22.949216, -23.437492, -20.507810,Pick and Place
2392579, -0.831177, 0.036255, -0.739990, 18.310550, 22.521970, -14.831540,Pick and Place
2392599, -0.703003, 0.030884, -0.773071, 11.230468, 31.127924, -6.042480,Pick and Place
2392619, -0.659424, 0.105225, -0.804810, 7.385252, 16.113284, 1.770019,Pick and Place
2392639, -0.733276, 0.036011, -0.844482, 0.976562, -2.563476, 6.347656,Pick and Place
2392659, -0.943726, 0.188965, -0.754883, -2.868652, -4.455568, 1.281738,Pick and Place
2392679, -0.715698, 0.180542, -0.820190, -3.051757, 17.517090, 0.000000,Pick and Place
2392699, -0.668701, 0.191895, -0.816040, -7.751464, 9.460450, 5.615234,Pick and Place
2392719, -0.720459, 0.236938, -0.749634, -9.216310, -5.798338, 16.418460,Pick and Place
2392739, -0.880249, 0.280762, -0.716431, -9.033204, -9.826660, 18.676760,Pick and Place
2392759, -0.879028, 0.318359, -0.710938, -10.498044, -3.173828, 20.507810,Pick and Place
2392779, -0.812622, 0.347168, -0.694702, -8.422854, -4.516602, 28.686520,Pick and Place
2392799, -0.801392, 0.356567, -0.641480, -5.065916, -10.253904, 34.667980,Pick and Place
2392819, -0.792480, 0.383057, -0.586792, -0.427246, -11.352536, 38.696300,Pick and Place
2392839, -0.775269, 0.389282, -0.578736, 5.371092, -9.704590, 41.503900,Pick and Place
2392859, -0.738526, 0.384155, -0.572632, 9.948730, -10.070800, 44.067380,Pick and Place
2392879, -0.677002, 0.379150, -0.536621, 13.977050, -18.432620, 45.593250,Pick and Place
2392899, -0.644531, 0.383911, -0.503784, 18.920900, -32.409680, 45.349110,Pick and Place
2392919, -0.692627, 0.359375, -0.518433, 25.512690, -36.438000, 43.212880,Pick and Place
2392939, -0.683472, 0.338867, -0.527588, 29.724120, -32.165540, 42.785640,Pick and Place
2392959, -0.654053, 0.323120, -0.531860, 34.057620, -32.531740, 43.945300,Pick and Place
2392979, -0.638062, 0.316284, -0.523194, 35.583500, -34.729010, 43.701160,Pick and Place
2392999, -0.650513, 0.290527, -0.551636, 39.550780, -30.456540, 39.245610,Pick and Place
2393019, -0.631714, 0.285522, -0.588623, 40.893540, -23.742670, 35.400400,Pick and Place
2393039, -0.562500, 0.286255, -0.600708, 41.503900, -25.573724, 31.555170,Pick and Place
2393059, -0.552002, 0.281738, -0.606690, 44.860830, -27.526850, 25.329584,Pick and Place
2393079, -0.573853, 0.264282, -0.630127, 47.180160, -26.489250, 20.690910,Pick and Place
2393099, -0.645386, 0.217407, -0.661255, 48.828120, -21.972650, 17.333990,Pick and Place
2393119, -0.612061, 0.187744, -0.682495, 47.058100, -19.531250, 14.709470,Pick and Place
2393139, -0.578369, 0.176636, -0.710083, 47.363270, -23.376460, 11.840818,Pick and Place
2393159, -0.619141, 0.164307, -0.718506, 46.752920, -28.015130, 8.789064,Pick and Place
2393179, -0.682984, 0.177979, -0.705322, 46.874990, -24.536130, 5.065916,Pick and Place
2393199, -0.677124, 0.151733, -0.737549, 46.081540, -10.742184, 2.258301,Pick and Place
2393219, -0.586060, 0.109985, -0.770386, 40.710440, 3.662109, -2.563476,Pick and Place
2393239, -0.630737, 0.115479, -0.772705, 38.452160, 4.211426, -5.859374,Pick and Place
2393259, -0.654053, 0.075562, -0.775024, 37.597660, 8.666994, -9.277344,Pick and Place
2393279, -0.630249, 0.045288, -0.793823, 35.522460, 19.104010, -15.258788,Pick and Place
2393299, -0.593018, 0.036255, -0.791870, 32.165540, 27.160640, -18.676760,Pick and Place
2393319, -0.543823, 0.036987, -0.805176, 29.785150, 18.493652, -18.005376,Pick and Place
2393339, -0.584473, -0.030762, -0.803589, 28.259270, 10.009768, -20.019532,Pick and Place
2393359, -0.676514, -0.078980, -0.924805, 13.122556, 6.164550, -16.174320,Pick and Place
2393379, -0.908570, -0.067993, -0.980957, 2.624511, 27.526850, -12.756344,Pick and Place
2393399, -0.669434, 0.014771, -0.995362, -14.038084, 10.131832, -6.347656,Pick and Place
2393419, -0.671387, 0.039429, -0.941528, -13.610836, -18.432620, -3.295898,Pick and Place
2393439, -0.666260, 0.114624, -0.760864, -3.295898, -18.615724, -9.094240,Pick and Place
2393459, -0.755371, 0.113525, -0.717774, -1.586914, -5.798338, -10.864256,Pick and Place
2393479, -0.796509, 0.039673, -0.834473, -6.591796, 19.653320, -2.563476,Pick and Place
2393499, -0.712891, 0.038940, -0.873779, -13.793944, 26.916500, 4.516602,Pick and Place
2393519, -0.630737, 0.104858, -0.782471, -13.732908, 12.084960, 5.371092,Pick and Place
2393539, -0.599854, 0.150024, -0.667725, -11.840818, -9.033204, 1.586914,Pick and Place
2393559, -0.704590, 0.180176, -0.667358, -5.676268, -11.169430, -2.136231,Pick and Place
2393579, -0.705444, 0.132813, -0.647339, -3.479003, 18.981940, -2.258301,Pick and Place
2393599, -0.661987, 0.123413, -0.666016, -3.112792, 31.677240, 4.638672,Pick and Place
2393619, -0.641724, 0.137207, -0.655762, -2.258301, 40.771480, 5.615234,Pick and Place
2393639, -0.539307, 0.214600, -0.639893, 0.305176, 25.878900, 4.455568,Pick and Place
2393659, -0.587280, 0.235962, -0.681885, 6.774902, -0.976562, -3.417968,Pick and Place
2393679, -0.570190, 0.242065, -0.634522, 9.948730, -5.737304, -10.498044,Pick and Place
2393699, -0.600220, 0.211060, -0.583252, 13.183590, 1.281738, -12.512204,Pick and Place
2393719, -0.669190, 0.164673, -0.635864, 15.258788, 20.263670, -13.427732,Pick and Place
2393739, -0.472412, 0.099243, -0.747559, 6.652830, 12.756344, -3.417968,Pick and Place
2393759, -0.940796, 0.077881, -0.924316, 8.361816, 6.347656, -2.075196,Pick and Place
2393779, -0.620972, 0.087402, -0.843750, -4.821778, 3.540038, 2.807617,Pick and Place
2393799, -0.733276, 0.155029, -0.824463, -0.183105, -5.371092, -3.723144,Pick and Place
2393819, -0.646362, 0.121460, -0.807984, -2.136231, -0.976562, -4.638672,Pick and Place
2393839, -0.591675, 0.155518, -0.782104, 0.671386, -3.967285, -2.685546,Pick and Place
2393859, -0.599121, 0.152466, -0.764526, 2.319336, -4.028321, -2.319336,Pick and Place
2393879, -0.633423, 0.146484, -0.814820, 4.455568, 1.037598, -3.295898,Pick and Place
2393899, -0.681396, 0.098145, -0.833130, 3.234863, -1.953124, -1.770019,Pick and Place
2393919, -0.637085, 0.115479, -0.796021, 1.342773, -12.512204, -0.732422,Pick and Place
2393939, -0.695190, 0.130615, -0.783570, 4.089356, -11.535644, -1.159668,Pick and Place
2393959, -0.687622, 0.071411, -0.792236, 3.540038, 0.671386, 0.061035,Pick and Place
2393979, -0.624756, 0.052979, -0.781372, 3.417968, 2.319336, 7.019042,Pick and Place
2393999, -0.610596, 0.031372, -0.760742, 6.958006, -2.746581, 10.437010,Pick and Place
2394019, -0.628174, 0.023315, -0.756226, 3.967285, -2.624511, 4.516602,Pick and Place
2394039, -0.672119, -0.013428, -0.826538, 3.662109, -1.770019, -0.732422,Pick and Place
2394059, -0.621948, -0.069946, -0.887329, -2.685546, 6.103514, -1.953124,Pick and Place
2394079, -0.575562, -0.105835, -0.937500, -7.751464, 2.014160, 2.380371,Pick and Place
2394099, -0.605713, -0.171875, -0.943848, -17.822270, -3.173828, 5.554198,Pick and Place
2394119, -0.530518, -0.179321, -0.919068, -26.245110, -4.882814, 3.234863,Pick and Place
2394139, -0.521851, -0.184692, -0.936157, -32.226570, -6.286620, 2.624511,Pick and Place
2394159, -0.504395, -0.182739, -0.923096, -39.855960, 1.098633, -2.685546,Pick and Place
2394179, -0.460816, -0.093872, -0.864746, -47.607410, 13.610836, -11.657712,Pick and Place
2394199, -0.501221, 0.041138, -0.818848, -50.415030, 28.381340, -20.751950,Pick and Place
2394219, -0.521484, 0.108032, -0.830444, -47.546380, 46.264640, -30.944820,Pick and Place
2394239, -0.525513, 0.097290, -0.841675, -44.189440, 60.668940, -41.687000,Pick and Place
2394259, -0.452393, 0.116577, -0.779419, -46.569820, 70.373540, -54.016100,Pick and Place
2394279, -0.515503, 0.248047, -0.717652, -43.334950, 78.491220, -63.781730,Pick and Place
2394299, -0.600220, 0.238159, -0.721802, -32.897960, 96.069320, -73.181160,Pick and Place
2394319, -0.436279, 0.185181, -0.733154, -32.043460, 98.632800, -81.115700,Pick and Place
2394339, -0.483398, 0.242798, -0.712158, -29.541010, 81.176740, -82.946760,Pick and Place
2394359, -0.593262, 0.333496, -0.686402, -21.789548, 67.810060, -80.993640,Pick and Place
2394379, -0.665894, 0.331543, -0.678345, -6.408690, 62.744130, -76.660160,Pick and Place
2394399, -0.709106, 0.276978, -0.664307, 2.563476, 63.415520, -66.528340,Pick and Place
2394419, -0.681030, 0.258789, -0.677734, 5.981444, 69.885260, -48.950180,Pick and Place
2394439, -0.589600, 0.284180, -0.750000, 6.225584, 65.734860, -28.991692,Pick and Place
2394459, -0.617920, 0.328369, -0.825440, 9.338380, 61.279280, -19.348150,Pick and Place
2394479, -0.572388, 0.308228, -0.900269, 12.817380, 57.617180, -17.700200,Pick and Place
2394499, -0.521240, 0.270020, -0.933594, 14.831540, 48.828120, -18.432620,Pick and Place
2394519, -0.481201, 0.251953, -0.931396, 17.211920, 37.597660, -16.479492,Pick and Place
2394539, -0.471558, 0.189453, -0.885254, 17.089850, 32.958990, -8.789064,Pick and Place
2394559, -0.404297, 0.184448, -0.868896, 17.028810, 30.944820, -5.615234,Pick and Place
2394579, -0.340332, 0.159302, -0.886475, 17.089850, 29.052730, 0.549316,Pick and Place
2394599, -0.327637, 0.078613, -0.921143, 8.178714, 24.353020, 8.300784,Pick and Place
2394619, -0.399048, 0.193970, -1.017212, 3.356933, 12.207030, 9.765626,Pick and Place
2394639, -0.305176, 0.097778, -1.007202, -1.281738, 10.253904, 6.408690,Pick and Place
2394659, -0.267944, 0.152954, -0.978516, 0.732422, 3.356933, 3.723144,Pick and Place
2394679, -0.172852, 0.126465, -0.942383, 1.098633, -4.882814, 0.244141,Pick and Place
2394699, -0.231079, 0.116699, -0.974732, 4.760742, -14.953610, 2.258301,Pick and Place
2394719, -0.303833, 0.092529, -0.964966, 4.394532, -20.019532, 3.356933,Pick and Place
2394739, -0.318970, 0.096069, -0.989990, 0.183105, -15.930172, 3.356933,Pick and Place
2394759, -0.267822, 0.074463, -1.011963, -1.281738, -17.272950, 1.098633,Pick and Place
2394779, -0.280396, 0.108643, -1.028686, -3.356933, -25.573724, 2.624511,Pick and Place
2394799, -0.330933, 0.142578, -0.979614, -3.356933, -39.489750, 2.807617,Pick and Place
2394819, -0.541748, 0.102051, -0.952026, -2.258301, -28.625480, 1.464844,Pick and Place
2394839, -0.542114, 0.055298, -0.996338, -7.263182, -2.746581, 4.882814,Pick and Place
2394859, -0.279175, 0.137817, -0.973022, -19.348150, 1.342773, 10.803220,Pick and Place
2394879, -0.323242, 0.140991, -0.965210, -7.446288, -16.479492, 15.502928,Pick and Place
2394899, -0.320435, 0.161255, -0.953003, -11.291500, -41.931140, 19.104010,Pick and Place
2394919, -0.499268, 0.167725, -0.939331, -3.601074, -54.138180, 23.681636,Pick and Place
2394939, -0.598145, 0.168823, -0.906006, -6.835936, -46.752920, 26.916500,Pick and Place
2394959, -0.591187, 0.206421, -0.876343, -8.239746, -31.738280, 32.226570,Pick and Place
2394979, -0.496338, 0.263428, -0.862427, -9.338380, -35.827640, 42.480460,Pick and Place
2394999, -0.480591, 0.253296, -0.863770, -5.126952, -49.682610, 47.119130,Pick and Place
2395019, -0.505493, 0.255737, -0.825318, 0.793457, -65.429700, 51.574700,Pick and Place
2395039, -0.601929, 0.235718, -0.770142, 7.995604, -68.908700, 55.297840,Pick and Place
2395059, -0.646362, 0.197510, -0.739380, 11.169430, -53.100580, 57.434080,Pick and Place
2395079, -0.597900, 0.201904, -0.753662, 11.718748, -36.438000, 60.913080,Pick and Place
2395099, -0.516724, 0.204468, -0.777710, 12.939450, -31.005852, 65.307640,Pick and Place
2395119, -0.421997, 0.213257, -0.786011, 15.808104, -43.029780, 65.673840,Pick and Place
2395139, -0.399292, 0.213623, -0.781494, 21.667476, -64.636240, 61.645500,Pick and Place
2395159, -0.459473, 0.208740, -0.768066, 26.062010, -77.880860, 56.396480,Pick and Place
2395179, -0.526612, 0.225586, -0.737305, 28.930660, -73.242200, 50.415030,Pick and Place
2395199, -0.483521, 0.210571, -0.705200, 30.761716, -54.687490, 43.273920,Pick and Place
2395219, -0.467896, 0.199829, -0.732666, 32.714850, -48.156730, 40.161120,Pick and Place
2395239, -0.433350, 0.182251, -0.744995, 34.118660, -47.973620, 33.508300,Pick and Place
2395259, -0.401367, 0.184082, -0.741944, 36.865240, -52.978500, 23.742670,Pick and Place
2395279, -0.498169, 0.140259, -0.741577, 41.381820, -50.720200, 12.939450,Pick and Place
2395299, -0.590088, 0.076782, -0.738648, 42.175280, -35.339360, 4.394532,Pick and Place
2395319, -0.549194, 0.037964, -0.736938, 39.672860, -20.935052, 0.183105,Pick and Place
2395339, -0.478760, 0.016479, -0.760498, 37.231450, -24.841304, 0.000000,Pick and Place
2395359, -0.537598, -0.005615, -0.786621, 37.780760, -34.240730, -1.586914,Pick and Place
2395379, -0.650024, -0.051270, -0.800049, 38.024910, -29.357908, -8.178714,Pick and Place
2395399, -0.649414, -0.061157, -0.787598, 32.470710, -14.587400, -13.122556,Pick and Place
2395419, -0.626587, -0.043823, -0.799072, 26.977532, -3.967285, -13.000484,Pick and Place
2395439, -0.612671, -0.079102, -0.847778, 22.949216, -1.892090, -12.451170,Pick and Place
2395459, -0.620728, -0.064453, -0.834106, 17.333990, 0.061035, -15.380856,Pick and Place
2395479, -0.602051, -0.008057, -0.801026, 14.038084, 2.258301, -18.859868,Pick and Place
2395499, -0.597046, -0.003906, -0.829834, 13.122556, 1.281738, -18.310550,Pick and Place
2395519, -0.599487, -0.019775, -0.863037, 13.000484, -7.934570, -17.883300,Pick and Place
2395539, -0.589478, -0.022827, -0.830811, 12.329100, -18.859868, -18.737796,Pick and Place
2395559, -0.685791, -0.009888, -0.782959, 13.488768, -19.714360, -20.324700,Pick and Place
2395579, -0.720825, -0.061768, -0.764648, 11.291500, -8.850100, -19.042970,Pick and Place
2395599, -0.727539, -0.037231, -0.805786, 6.530760, -5.065916, -15.441892,Pick and Place
2395619, -0.718140, -0.024048, -0.781250, 6.103514, 2.807617, -8.422854,Pick and Place
2395639, -0.854858, 0.009521, -0.796265, 0.488281, 4.150392, -5.432128,Pick and Place
2395659, -0.918457, 0.005005, -0.839356, -0.488281, 46.508780, -6.652830,Pick and Place
2395679, -0.654907, 0.023682, -0.815186, -4.821778, 58.593740, 0.976562,Pick and Place
2395699, -0.605469, 0.087158, -0.828003, -1.831054, 36.010750, 5.981444,Pick and Place
2395719, -0.636597, 0.028320, -0.834839, 2.014160, 30.212400, 3.356933,Pick and Place
2395739, -0.607300, 0.025635, -0.818848, 1.708984, 31.066890, 0.366211,Pick and Place
2395759, -0.698486, -0.010254, -0.783814, 3.845214, 49.133290, 0.305176,Pick and Place
2395779, -0.540405, -0.034302, -0.824219, -0.732422, 59.448240, 6.103514,Pick and Place
2395799, -0.447144, -0.025024, -0.884644, -2.441407, 39.062500, 8.666994,Pick and Place
2395819, -0.475342, -0.033691, -0.883545, -3.845214, 18.066410, 7.812498,Pick and Place
2395839, -0.609009, -0.027466, -0.883545, -4.699708, 18.920900, 1.831054,Pick and Place
2395859, -0.542847, -0.010986, -0.885010, -13.000484, 33.325200, 2.807617,Pick and Place
2395879, -0.530762, 0.004028, -0.928955, -16.113284, 32.653820, 4.394532,Pick and Place
2395899, -0.547486, 0.020386, -0.960571, -21.362300, 34.545900, 4.943848,Pick and Place
2395919, -0.436646, 0.059448, -0.946655, -27.587884, 31.066890, 3.112792,Pick and Place
2395939, -0.387329, 0.107666, -0.947388, -27.770990, 9.948730, 2.075196,Pick and Place
2395959, -0.441040, 0.120850, -0.956909, -28.259270, -7.690428, 1.770019,Pick and Place
2395979, -0.482178, 0.160278, -0.910522, -28.015130, -15.686032, -1.708984,Pick and Place
2395999, -0.496826, 0.188477, -0.851562, -26.733390, -19.226080, 1.281738,Pick and Place
2396019, -0.536743, 0.231567, -0.824341, -25.085448, -14.587400, -2.197266,Pick and Place
2396039, -0.537110, 0.245117, -0.820190, -23.376460, -10.009768, 3.173828,Pick and Place
2396059, -0.570435, 0.249023, -0.815552, -20.385740, -3.051757, 1.892090,Pick and Place
2396079, -0.571167, 0.234985, -0.802856, -18.371584, 7.934570, 1.953124,Pick and Place
2396099, -0.580200, 0.226440, -0.819824, -15.136716, 8.422854, 6.042480,Pick and Place
2396119, -0.583374, 0.217285, -0.848633, -14.831540, 7.812498, 8.422854,Pick and Place
2396139, -0.546387, 0.228760, -0.834351, -12.512204, 3.479003, 7.080076,Pick and Place
2396159, -0.531616, 0.254395, -0.791504, -10.498044, -4.882814, 5.432128,Pick and Place
2396179, -0.445557, 0.261108, -0.760742, -5.798338, -13.549804, 4.577638,Pick and Place
2396199, -0.569092, 0.241821, -0.739624, 0.122070, -15.624996, 2.014160,Pick and Place
2396219, -0.605591, 0.233032, -0.786987, 4.272462, -3.845214, 0.122070,Pick and Place
2396239, -0.451538, 0.198364, -0.787232, 8.300784, -0.244141, -2.502442,Pick and Place
2396259, -0.385498, 0.174561, -0.757202, 11.840818, -16.967780, -4.699708,Pick and Place
2396279, -0.387695, 0.153564, -0.721802, 14.770504, -39.062500, -8.605960,Pick and Place
2396299, -0.568237, 0.084839, -0.761230, 17.150880, -31.433100, -17.883300,Pick and Place
2396319, -0.541260, 0.021362, -0.775635, 17.883300, -16.052250, -18.798830,Pick and Place
2396339, -0.491455, 0.021851, -0.729248, 15.930172, -21.057124, -11.840818,Pick and Place
2396359, -0.567749, -0.009888, -0.765869, 16.296390, -33.752440, -9.338380,Pick and Place
2396379, -0.569336, -0.041748, -0.810547, 12.756344, -42.175280, -12.878416,Pick and Place
2396399, -0.588623, -0.038330, -0.869385, 9.704590, -40.283200, -15.380856,Pick and Place
2396419, -0.527222, -0.078613, -0.851929, 4.150392, -41.870110, -15.502928,Pick and Place
2396439, -0.639038, -0.116943, -0.851440, -2.075196, -50.476060, -12.634276,Pick and Place
2396459, -0.832886, -0.167725, -0.888794, -11.535644, -24.658200, -6.225584,Pick and Place
2396479, -0.703980, -0.125122, -0.937256, -15.991210, 15.563964, -2.197266,Pick and Place
2396499, -0.531250, -0.099976, -0.892090, -21.911620, 13.671872, 3.295898,Pick and Place
2396519, -0.593994, -0.070801, -0.896606, -22.644040, -7.385252, 4.516602,Pick and Place
2396539, -0.642944, -0.046631, -0.903564, -26.245110, -0.488281, 0.427246,Pick and Place
2396559, -0.581665, -0.021851, -0.910400, -31.494136, 10.131832, 0.122070,Pick and Place
2396579, -0.576050, -0.023804, -0.926270, -36.254890, 13.854978, 1.525878,Pick and Place
2396599, -0.546997, -0.006226, -0.917114, -40.832510, 9.094240, 1.281738,Pick and Place
2396619, -0.523804, 0.010376, -0.879639, -44.555660, 1.831054, -4.455568,Pick and Place
2396639, -0.540894, 0.062744, -0.845459, -46.508780, 0.793457, -10.498044,Pick and Place
2396659, -0.584961, 0.113159, -0.820312, -46.997060, 6.713866, -15.014646,Pick and Place
2396679, -0.536865, 0.137573, -0.824585, -46.752920, 13.244628, -18.798830,Pick and Place
2396699, -0.517944, 0.120239, -0.820923, -45.349110, 14.099120, -24.414060,Pick and Place
2396719, -0.562012, 0.142212, -0.776245, -45.043940, 18.005376, -29.418940,Pick and Place
2396739, -0.551514, 0.161011, -0.754395, -41.320790, 30.029290, -36.193860,Pick and Place
2396759, -0.492676, 0.131714, -0.703003, -43.212880, 32.104500, -38.757330,Pick and Place
2396779, -0.458862, 0.203369, -0.666016, -42.236320, 25.268550, -40.100100,Pick and Place
2396799, -0.577637, 0.223755, -0.673462, -38.757330, 21.301268, -44.677720,Pick and Place
2396819, -0.587402, 0.222778, -0.682617, -36.682140, 28.259270, -48.950180,Pick and Place
2396839, -0.551026, 0.230713, -0.686524, -35.156260, 24.230950, -50.415030,Pick and Place
2396859, -0.596924, 0.294556, -0.646973, -34.973150, 10.009768, -48.461900,Pick and Place
2396879, -0.621338, 0.332642, -0.627930, -30.761716, -6.530760, -48.217760,Pick and Place
2396899, -0.738404, 0.324585, -0.625732, -26.123040, -8.789064, -50.781240,Pick and Place
2396919, -0.769043, 0.319214, -0.615234, -23.132320, 1.892090, -48.889150,Pick and Place
2396939, -0.730835, 0.338379, -0.605469, -19.348150, 5.981444, -42.846670,Pick and Place
2396959, -0.734986, 0.328125, -0.602661, -11.535644, 6.347656, -34.179700,Pick and Place
2396979, -0.716797, 0.327637, -0.603516, -5.615234, 4.333496, -31.494136,Pick and Place
2396999, -0.730469, 0.328735, -0.577515, -1.831054, 8.239746, -29.907220,Pick and Place
2397019, -0.715454, 0.314331, -0.582886, 3.112792, 10.253904, -27.770990,Pick and Place
2397039, -0.672486, 0.275391, -0.620484, 6.347656, 4.760742, -24.291990,Pick and Place
2397059, -0.703736, 0.274780, -0.647461, 10.070800, 3.234863, -22.827140,Pick and Place
2397079, -0.716919, 0.224243, -0.650635, 13.671872, 6.042480, -20.629880,Pick and Place
2397099, -0.657104, 0.176025, -0.649902, 14.526364, 5.371092, -18.310550,Pick and Place
2397119, -0.639282, 0.170410, -0.806274, 5.554198, -8.728030, -5.065916,Pick and Place
2397139, -0.877442, 0.119507, -0.948364, 5.615234, 6.347656, -4.699708,Pick and Place
2397159, -0.637207, 0.153442, -0.923218, -6.652830, 9.094240, -1.098633,Pick and Place
2397179, -0.629639, 0.180908, -0.852661, -4.028321, -17.944340, -1.770019,Pick and Place
2397199, -0.621582, 0.217285, -0.822022, -1.403808, -22.949216, -3.845214,Pick and Place
2397219, -0.655640, 0.187988, -0.810181, -0.427246, -13.671872, -3.601074,Pick and Place
2397239, -0.644409, 0.180542, -0.804321, -0.244141, -0.427246, -0.976562,Pick and Place
2397259, -0.606201, 0.173096, -0.802612, -0.915527, 5.310058, 2.685546,Pick and Place
2397279, -0.579590, 0.170410, -0.810547, 0.244141, 2.136231, 3.234863,Pick and Place
2397299, -0.599121, 0.150147, -0.796753, 1.403808, -4.821778, 1.647949,Pick and Place
2397319, -0.623657, 0.139282, -0.775879, 1.281738, -3.234863, -0.122070,Pick and Place
2397339, -0.617920, 0.133179, -0.772705, 0.061035, 0.549316, 0.183105,Pick and Place
2397359, -0.631104, 0.132568, -0.768311, 0.732422, 0.122070, 2.380371,Pick and Place
2397379, -0.586426, 0.105957, -0.785889, 0.122070, -4.882814, 3.662109,Pick and Place
2397399, -0.630737, 0.096436, -0.784668, 2.380371, -15.319820, 2.746581,Pick and Place
2397419, -0.690064, 0.096924, -0.681030, 0.671386, -19.042970, 3.601074,Pick and Place
2397439, -0.721192, 0.106323, -0.721192, -1.892090, -17.944340, 6.591796,Pick and Place
2397459, -0.699097, 0.084839, -0.774902, -9.033204, -15.136716, 11.718748,Pick and Place
2397479, -0.726196, 0.130249, -0.735108, -13.427732, -12.817380, 15.808104,Pick and Place
2397499, -0.755982, 0.183105, -0.666870, -12.817380, -5.737304, 17.517090,Pick and Place
2397519, -0.717285, 0.199219, -0.595337, -11.291500, -0.549316, 21.301268,Pick and Place
2397539, -0.768433, 0.168213, -0.643677, -12.390136, 2.746581, 27.343748,Pick and Place
2397559, -0.756226, 0.204346, -0.712524, -13.000484, 14.709470, 32.043460,Pick and Place
2397579, -0.711304, 0.261230, -0.661987, -6.774902, 20.202630, 36.987310,Pick and Place
2397599, -0.709229, 0.287720, -0.608032, 0.427246, 31.372068, 36.376960,Pick and Place
2397619, -0.665039, 0.279907, -0.592407, 4.821778, 40.527340, 38.818360,Pick and Place
2397639, -0.569092, 0.233032, -0.718506, 1.892090, 29.174800, 49.926750,Pick and Place
2397659, -0.613037, 0.282349, -0.816650, 3.234863, 37.109380, 53.344720,Pick and Place
2397679, -0.571167, 0.369385, -0.736572, 8.850100, 37.109380, 54.931630,Pick and Place
2397699, -0.525513, 0.385132, -0.748047, 19.775390, 27.770990, 54.016100,Pick and Place
2397719, -0.461304, 0.424438, -0.735474, 28.869624, 15.075680, 49.438460,Pick and Place
2397739, -0.391113, 0.423096, -0.729492, 33.752440, 10.131832, 39.794920,Pick and Place
2397759, -0.398071, 0.373413, -0.803101, 35.583500, 10.314940, 31.677240,Pick and Place
2397779, -0.399536, 0.326538, -0.861816, 33.630380, 6.835936, 30.273430,Pick and Place
2397799, -0.428467, 0.315796, -0.915161, 37.170420, -14.404296, 29.479976,Pick and Place
2397819, -0.437378, 0.291260, -0.942505, 42.663560, -40.344230, 27.893060,Pick and Place
2397839, -0.512573, 0.328980, -0.872070, 50.231920, -53.833000, 22.888180,Pick and Place
2397859, -0.598022, 0.333618, -0.685425, 59.265120, -45.288080, 27.709956,Pick and Place
2397879, -0.613648, 0.342163, -0.675293, 66.467300, -22.888180, 29.235832,Pick and Place
2397899, -0.609619, 0.280762, -0.739502, 68.969740, -0.549316, 35.400400,Pick and Place
2397919, -0.551270, 0.249390, -0.782471, 66.467300, 9.338380, 42.175280,Pick and Place
2397939, -0.521240, 0.269043, -0.791260, 69.091800, 7.934570, 41.015620,Pick and Place
2397959, -0.478394, 0.241577, -0.795654, 69.641120, 6.652830, 33.386240,Pick and Place
2397979, -0.382324, 0.212158, -0.786377, 65.551760, -0.488281, 25.390620,Pick and Place
2397999, -0.432617, 0.144653, -0.845215, 65.673840, -8.666994, 18.798830,Pick and Place
2398019, -0.492920, 0.035156, -0.895874, 60.119620, -5.310058, 13.366696,Pick and Place
2398039, -0.490845, 0.015869, -0.939087, 50.964340, 4.089356, 10.131832,Pick and Place
2398059, -0.475098, 0.007202, -0.948608, 45.593250, 6.835936, 9.460450,Pick and Place
2398079, -0.480713, -0.044067, -0.905884, 40.405260, 5.310058, 4.333496,Pick and Place
2398099, -0.478027, -0.046021, -0.899902, 36.132820, 5.615234, 1.647949,Pick and Place
2398119, -0.441895, -0.033447, -0.918457, 32.714850, 0.427246, 0.915527,Pick and Place
2398139, -0.453613, -0.046753, -0.927002, 34.606940, -3.723144, 0.427246,Pick and Place
2398159, -0.482422, -0.084229, -0.893677, 35.888680, -3.784179, -1.770019,Pick and Place
2398179, -0.473999, -0.084839, -0.832642, 34.118660, 0.671386, -5.249022,Pick and Place
2398199, -0.447632, -0.053345, -0.785645, 33.142100, 6.530760, -12.084960,Pick and Place
2398219, -0.509644, -0.114380, -0.808960, 34.484870, 25.085448, -14.892576,Pick and Place
2398239, -0.425049, -0.187256, -0.881104, 32.348640, 35.522460, -12.756344,Pick and Place
2398259, -0.386719, -0.209351, -0.884644, 23.071284, 32.348640, -11.596676,Pick and Place
2398279, -0.277588, -0.142944, -0.855469, 13.610836, 18.432620, -7.995604,Pick and Place
2398299, -0.364014, -0.270752, -1.053101, 8.544924, 0.610352, -15.197750,Pick and Place
2398319, -0.418457, -0.411499, -1.075806, -13.427732, -25.573724, 0.488281,Pick and Place
2398339, -0.579468, -0.094849, -0.966309, -18.981940, -37.170420, 7.080076,Pick and Place
2398359, -0.470337, -0.163086, -0.902710, -13.977050, -24.230950, -2.929687,Pick and Place
2398379, -0.494873, -0.166260, -0.935059, -15.624996, -10.864256, -3.234863,Pick and Place
2398399, -0.457031, -0.157471, -0.975220, -17.150880, -11.291500, -0.732422,Pick and Place
2398419, -0.399536, -0.125000, -0.930908, -17.639160, -20.019532, -1.831054,Pick and Place
2398439, -0.403687, -0.067749, -0.858643, -15.686032, -27.526850, -5.432128,Pick and Place
2398459, -0.412232, -0.058472, -0.832642, -14.160152, -28.442380, -10.375976,Pick and Place
2398479, -0.349243, -0.091431, -0.873047, -17.822270, -37.475590, -10.192870,Pick and Place
2398499, -0.500732, -0.125366, -0.895386, -19.592290, -54.260240, -11.108396,Pick and Place
2398519, -0.624024, -0.125610, -0.885742, -26.062010, -47.973620, -13.916012,Pick and Place
2398539, -0.634155, -0.095581, -0.941772, -30.578610, -45.532220, -14.404296,Pick and Place
2398559, -0.638306, -0.109375, -0.914429, -33.264160, -37.353520, -12.817380,Pick and Place
2398579, -0.533325, -0.141235, -0.933594, -40.832510, -54.870600, -6.591796,Pick and Place
2398599, -0.653076, -0.183838, -0.948853, -43.518060, -79.223640, -6.713866,Pick and Place
2398619, -0.823242, -0.188843, -0.911621, -47.546380, -52.856440, -7.019042,Pick and Place
2398639, -0.745728, -0.207520, -0.922852, -59.753410, -19.775390, -5.676268,Pick and Place
2398659, -0.467896, -0.101318, -0.868652, -63.659660, -20.202630, 0.244141,Pick and Place
2398679, -0.540894, -0.054810, -0.788818, -64.270040, -34.912120, -1.892090,Pick and Place
2398699, -0.559692, -0.093384, -0.773071, -67.138680, -33.630380, -6.591796,Pick and Place
2398719, -0.639893, -0.063721, -0.714478, -73.120140, -22.216790, -11.596676,Pick and Place
2398739, -0.628296, 0.128784, -0.667480, -76.477060, 10.620116, -17.761230,Pick and Place
2398759, -0.585083, 0.187378, -0.677246, -74.218760, 19.592290, -27.282710,Pick and Place
2398779, -0.601929, 0.179932, -0.706909, -68.115240, 18.493652, -35.400400,Pick and Place
2398799, -0.566040, 0.240479, -0.624024, -64.758300, 9.460450, -43.884270,Pick and Place
2398819, -0.647705, 0.356323, -0.536621, -55.847160, 5.310058, -48.889150,Pick and Place
2398839, -0.768188, 0.325195, -0.528931, -47.668440, 18.554690, -51.513660,Pick and Place
2398859, -0.804566, 0.282959, -0.556152, -44.128410, 39.733900, -51.513660,Pick and Place
2398879, -0.738892, 0.296143, -0.587402, -40.161120, 46.569820, -47.851560,Pick and Place
2398899, -0.680786, 0.340332, -0.569824, -33.203130, 36.743170, -44.067380,Pick and Place
2398919, -0.784180, 0.397095, -0.533570, -19.287110, 29.479976, -45.837400,Pick and Place
2398939, -0.845215, 0.343506, -0.494019, -8.666994, 43.701160, -50.659170,Pick and Place
2398959, -0.593140, 0.292847, -0.533325, -9.216310, 44.067380, -40.039070,Pick and Place
2398979, -0.663086, 0.259399, -0.673706, -6.774902, 25.817870, -28.747552,Pick and Place
2398999, -0.773682, 0.221558, -0.785889, -2.319336, 13.732908, -21.240230,Pick and Place
2399019, -0.834839, 0.196777, -0.792847, -0.732422, 15.686032, -21.179192,Pick and Place
2399039, -0.754517, 0.151611, -0.704468, -3.540038, 31.494136, -20.263670,Pick and Place
2399059, -0.642822, 0.187012, -0.714234, -10.498044, 25.939940, -15.686032,Pick and Place
2399079, -0.632324, 0.239380, -0.760010, -9.338380, 8.666994, -12.207030,Pick and Place
2399099, -0.698730, 0.268555, -0.752197, -3.051757, 5.187988, -10.009768,Pick and Place
2399119, -0.794800, 0.243042, -0.745850, 3.784179, 22.460930, -10.620116,Pick and Place
2399139, -0.660522, 0.186768, -0.748047, 4.211426, 38.696300, -11.657712,Pick and Place
2399159, -0.475464, 0.179077, -0.661011, 5.065916, 31.249992, -10.131832,Pick and Place
2399179, -0.564453, 0.118774, -0.677368, 13.671872, 15.686032, -6.408690,Pick and Place
2399199, -0.610230, 0.074341, -0.759644, 14.953610, 23.132320, -5.065916,Pick and Place
2399219, -0.637451, 0.034790, -0.834717, 13.183590, 31.616208, -4.943848,Pick and Place
2399239, -0.521118, 0.061279, -0.808350, 9.399414, 36.193860, -6.469726,Pick and Place
2399259, -0.372314, 0.113525, -0.814575, 7.385252, 26.550290, -9.399414,Pick and Place
2399279, -0.518677, 0.004517, -0.890137, 7.019042, 6.530760, -4.760742,Pick and Place
2399299, -0.601196, 0.078369, -0.941895, 3.845214, 11.047360, -5.493162,Pick and Place
2399319, -0.546265, 0.004761, -0.928223, -4.272462, 20.324700, -3.234863,Pick and Place
2399339, -0.519043, 0.093018, -0.925904, -5.249022, 13.366696, 0.732422,Pick and Place
2399359, -0.534668, 0.102051, -0.910156, -2.868652, 9.033204, 2.075196,Pick and Place
2399379, -0.492432, 0.083618, -0.879639, -3.417968, 16.601568, 1.098633,Pick and Place
2399399, -0.454590, 0.084839, -0.867798, -1.464844, 18.249516, 0.183105,Pick and Place
2399419, -0.476807, 0.094238, -0.868408, -1.098633, 16.784670, -2.624511,Pick and Place
2399439, -0.506958, 0.089844, -0.855591, -0.610352, 25.512690, 1.037598,Pick and Place
2399459, -0.452271, 0.088013, -0.887329, -3.540038, 35.827640, -0.427246,Pick and Place
2399479, -0.299805, 0.073730, -0.932862, -9.826660, 26.367180, 1.525878,Pick and Place
2399499, -0.411987, 0.118774, -0.961792, -8.666994, 6.286620, 1.098633,Pick and Place
2399519, -0.430054, 0.097656, -0.972168, -10.253904, 0.854492, -1.281738,Pick and Place
2399539, -0.462280, 0.114868, -0.964966, -10.498044, -4.211426, -2.746581,Pick and Place
2399559, -0.497070, 0.113403, -0.952881, -12.695310, -0.793457, 0.244141,Pick and Place
2399579, -0.446289, 0.145874, -0.943360, -18.554690, 1.525878, 1.953124,Pick and Place
2399599, -0.421143, 0.200562, -0.941284, -17.700200, -7.324218, 2.990722,Pick and Place
2399619, -0.448364, 0.194092, -0.916626, -16.357424, -14.282224, -0.122070,Pick and Place
2399639, -0.500854, 0.203613, -0.900269, -17.700200, -5.981444, -1.220704,Pick and Place
2399659, -0.433716, 0.211670, -0.898926, -22.766110, -0.183105, 1.098633,Pick and Place
2399679, -0.384033, 0.252808, -0.900879, -25.695796, -9.582520, 4.272462,Pick and Place
2399699, -0.437012, 0.282105, -0.886475, -24.169920, -22.888180, 4.272462,Pick and Place
2399719, -0.518677, 0.292847, -0.844849, -18.981940, -18.493652, -0.610352,Pick and Place
2399739, -0.500488, 0.286621, -0.802734, -18.981940, -7.385252, -1.220704,Pick and Place
2399759, -0.484863, 0.291504, -0.807007, -17.395020, -7.202148, 4.943848,Pick and Place
2399779, -0.476807, 0.253906, -0.824219, -14.953610, -16.784670, 11.535644,Pick and Place
2399799, -0.480225, 0.260010, -0.818604, -13.122556, -28.930660, 13.366696,Pick and Place
2399819, -0.483765, 0.262451, -0.767456, -10.864256, -33.752440, 12.817380,Pick and Place
2399839, -0.511230, 0.279419, -0.712891, -7.446288, -28.381340, 9.460450,Pick and Place
2399859, -0.430420, 0.267700, -0.683960, -5.493162, -23.071284, 7.446288,Pick and Place
2399879, -0.380737, 0.260132, -0.702515, -2.685546, -29.602044, 6.835936,Pick and Place
2399899, -0.501221, 0.241211, -0.762940, 3.601074, -38.574220, 6.530760,Pick and Place
2399919, -0.594727, 0.139282, -0.816406, 7.080076, -29.785150, 3.723144,Pick and Place
2399939, -0.550293, 0.144653, -0.769898, 4.882814, -27.893060, 1.708984,Pick and Place
2399959, -0.537476, 0.203613, -0.774292, 5.737304, -30.090330, 3.112792,Pick and Place
2399979, -0.522583, 0.222900, -0.782593, 8.239746, -37.475590, 4.150392,Pick and Place
2399999, -0.630005, 0.214966, -0.783203, 13.122556, -36.376960, -0.366211,Pick and Place
2400019, -0.671997, 0.140259, -0.810425, 13.977050, -26.000970, -4.699708,Pick and Place
2400039, -0.599365, 0.131592, -0.777222, 11.962890, -23.742670, -4.638672,Pick and Place
2400059, -0.593018, 0.167603, -0.765747, 13.549804, -38.940440, 0.366211,Pick and Place
2400079, -0.684814, 0.131226, -0.775879, 13.366696, -43.945300, -1.953124,Pick and Place
2400099, -0.838013, 0.107056, -0.785278, 9.887696, -15.686032, -8.728030,Pick and Place
2400119, -0.667847, 0.047119, -0.882324, -4.333496, 6.469726, -3.051757,Pick and Place
2400139, -0.741333, 0.225952, -0.839112, -7.690428, -1.220704, 11.047360,Pick and Place
2400159, -0.656982, 0.204224, -0.735108, -2.258301, -18.127448, 16.845708,Pick and Place
2400179, -0.865479, 0.286011, -0.686890, 2.136231, -21.057124, 17.517090,Pick and Place
2400199, -0.901001, 0.255127, -0.659424, 0.305176, 4.211426, 19.775390,Pick and Place
2400219, -0.762695, 0.312866, -0.670044, -3.417968, 4.699708, 27.343748,Pick and Place
2400239, -0.793945, 0.317627, -0.688477, -1.586914, -3.356933, 35.278320,Pick and Place
2400259, -0.769776, 0.338135, -0.671753, 1.037598, -9.399414, 38.635260,Pick and Place
2400279, -0.796021, 0.319824, -0.656982, 6.896972, -13.244628, 42.236320,Pick and Place
2400299, -0.754150, 0.295288, -0.643921, 10.620116, -18.432620, 46.142570,Pick and Place
2400319, -0.690186, 0.327148, -0.596924, 13.916012, -26.306150, 49.926750,Pick and Place
2400339, -0.691284, 0.358276, -0.567993, 19.653320, -28.442380, 51.818840,Pick and Place
2400359, -0.688110, 0.359741, -0.561524, 23.376460, -18.127448, 52.124020,Pick and Place
2400379, -0.608032, 0.370850, -0.559692, 26.000970, -12.634276, 52.673330,Pick and Place
2400399, -0.555908, 0.378906, -0.577393, 29.663080, -17.150880, 51.635740,Pick and Place
2400419, -0.539429, 0.364136, -0.609253, 34.545900, -26.611320, 48.522940,Pick and Place
2400439, -0.557373, 0.364990, -0.616577, 38.330080, -34.240730, 42.358390,Pick and Place
2400459, -0.588501, 0.338135, -0.610230, 42.297360, -30.090330, 36.071780,Pick and Place
2400479, -0.571167, 0.299194, -0.616089, 44.128410, -22.888180, 31.433100,Pick and Place
2400499, -0.539551, 0.271606, -0.685791, 46.081540, -12.878416, 26.855464,Pick and Place
2400519, -0.495239, 0.277344, -0.703369, 47.912590, -11.352536, 21.850580,Pick and Place
2400539, -0.490356, 0.244385, -0.716187, 49.987780, -11.779784, 13.854978,Pick and Place
2400559, -0.518188, 0.174805, -0.756226, 50.537100, -7.995604, 5.432128,Pick and Place
2400579, -0.521484, 0.139038, -0.776001, 47.973620, -8.483890, 0.610352,Pick and Place
2400599, -0.521729, 0.122192, -0.781982, 46.020500, -13.061520, -1.403808,Pick and Place
2400619, -0.579102, 0.093018, -0.811402, 43.762200, -9.033204, -4.272462,Pick and Place
2400639, -0.625000, 0.042236, -0.832398, 39.306640, 1.831054, -6.347656,Pick and Place
2400659, -0.589478, 0.042114, -0.840210, 33.447270, -2.014160, -6.164550,Pick and Place
2400679, -0.589722, 0.034180, -0.839966, 28.808590, -14.648436, -5.310058,Pick and Place
2400699, -0.619995, 0.041748, -0.850342, 25.207516, -22.399900, -5.310058,Pick and Place
2400719, -0.690430, 0.032349, -0.827393, 18.981940, -1.525878, -5.615234,Pick and Place
2400739, -0.632568, 0.067627, -0.814453, 16.906740, 2.258301, -3.173828,Pick and Place
2400759, -0.609131, 0.054810, -0.818604, 14.953610, 5.249022, -3.051757,Pick and Place
2400779, -0.563232, 0.067383, -0.807495, 12.268064, 5.798338, -6.835936,Pick and Place
2400799, -0.620972, 0.066040, -0.806763, 12.084960, 6.103514, -9.582520,Pick and Place
2400819, -0.582520, 0.075928, -0.790161, 11.657712, 5.798338, -9.765626,Pick and Place
2400839, -0.635986, 0.075928, -0.839966, 4.760742, -3.723144, -2.868652,Pick and Place
2400859, -0.846924, 0.053223, -0.905396, 0.610352, 20.263670, -3.906249,Pick and Place
2400879, -0.572022, 0.133179, -0.865112, -6.591796, 13.854978, -0.915527,Pick and Place
2400899, -0.653442, 0.168823, -0.823853, -2.319336, -6.713866, -1.770019,Pick and Place
2400919, -0.671875, 0.152832, -0.793579, -0.366211, -9.155274, -5.187988,Pick and Place
2400939, -0.674927, 0.128540, -0.733398, 1.037598, -1.953124, -3.662109,Pick and Place
2400959, -0.654907, 0.143066, -0.705566, 1.159668, 6.225584, -2.075196,Pick and Place
2400979, -0.625732, 0.114502, -0.723389, 2.441407, 7.324218, -0.183105,Pick and Place
2400999, -0.643555, 0.113159, -0.756104, 2.380371, 3.662109, 0.915527,Pick and Place
2401019, -0.640991, 0.139282, -0.753174, 2.807617, 3.356933, -0.915527,Pick and Place
2401039, -0.656006, 0.145142, -0.742310, 3.417968, 6.530760, -1.342773,Pick and Place
2401059, -0.603760, 0.119995, -0.747803, 3.967285, 3.173828, 0.122070,Pick and Place
2401079, -0.685669, 0.124634, -0.787964, 5.249022, 2.136231, -0.366211,Pick and Place
2401099, -0.584717, 0.100586, -0.784790, 3.601074, -7.934570, 0.305176,Pick and Place
2401119, -0.700562, 0.110352, -0.798340, 10.070800, -19.409180, -2.014160,Pick and Place
2401139, -0.701294, 0.033081, -0.796631, 4.455568, 4.028321, -3.234863,Pick and Place
2401159, -0.676514, 0.022827, -0.835571, -3.234863, -5.859374, 6.530760,Pick and Place
2401179, -0.659424, 0.040649, -0.852173, -8.544924, -1.892090, 7.751464,Pick and Place
2401199, -0.687134, -0.007080, -0.897095, -10.498044, 3.356933, 6.591796,Pick and Place
2401219, -0.640381, -0.022705, -0.895874, -15.502928, 7.873534, 7.080076,Pick and Place
2401239, -0.588623, 0.017212, -0.861450, -18.249516, 5.798338, 6.347656,Pick and Place
2401259, -0.560059, 0.025391, -0.833374, -21.362300, 2.014160, 4.882814,Pick and Place
2401279, -0.533447, 0.015137, -0.839722, -23.376460, -2.624511, 1.770019,Pick and Place
2401299, -0.560303, -0.007935, -0.863281, -25.573724, -2.441407, -2.563476,Pick and Place
2401319, -0.567261, -0.032471, -0.858398, -27.526850, 6.530760, -7.141112,Pick and Place
2401339, -0.500488, 0.024902, -0.815430, -32.714850, 15.502928, -10.681150,Pick and Place
2401359, -0.474854, 0.087280, -0.803223, -31.616208, 19.104010, -14.160152,Pick and Place
2401379, -0.512451, 0.030518, -0.837891, -29.052730, 25.512690, -23.193352,Pick and Place
2401399, -0.494019, 0.004028, -0.809814, -30.029290, 32.714850, -29.418940,Pick and Place
2401419, -0.497437, 0.037598, -0.736694, -34.667980, 34.973150, -35.156260,Pick and Place
2401439, -0.555176, 0.148193, -0.758179, -35.217290, 38.208020, -40.649400,Pick and Place
2401459, -0.511841, 0.133179, -0.773682, -34.484870, 40.161120, -46.447740,Pick and Place
2401479, -0.584229, 0.154907, -0.753906, -34.851080, 40.649400, -52.001940,Pick and Place
2401499, -0.692505, 0.136841, -0.725464, -31.188960, 54.443350, -53.833000,Pick and Place
2401519, -0.617432, 0.216919, -0.715088, -36.499030, 59.143060, -49.865720,Pick and Place
2401539, -0.649902, 0.298950, -0.792114, -28.503410, 58.715810, -46.325680,Pick and Place
2401559, -0.713501, 0.253296, -0.854736, -22.766110, 66.223160, -44.616690,Pick and Place
2401579, -0.739990, 0.235962, -0.837524, -20.446770, 79.223640, -45.532220,Pick and Place
2401599, -0.596314, 0.351074, -0.679321, -17.333990, 77.392600, -45.593250,Pick and Place
2401619, -0.642090, 0.443726, -0.646606, -6.103514, 78.125000, -42.602530,Pick and Place
2401639, -0.677246, 0.395996, -0.666504, 2.502442, 96.801740, -37.475590,Pick and Place
2401659, -0.495728, 0.411133, -0.694214, 3.234863, 95.764140, -32.531740,Pick and Place
2401679, -0.422485, 0.416260, -0.699463, 12.451170, 75.561540, -25.695796,Pick and Place
2401699, -0.537842, 0.355469, -0.727905, 22.277830, 66.711440, -21.789548,Pick and Place
2401719, -0.484985, 0.295898, -0.798218, 19.714360, 69.213880, -18.005376,Pick and Place
2401739, -0.420166, 0.268799, -0.886719, 22.460930, 67.504900, -12.390136,Pick and Place
2401759, -0.360718, 0.176270, -0.940674, 16.662600, 63.842760, -8.789064,Pick and Place
2401779, -0.311401, 0.200684, -0.945435, 12.084960, 53.894040, -7.141112,Pick and Place
2401799, -0.278564, 0.177612, -0.921997, 12.207030, 45.471180, -9.521484,Pick and Place
2401819, -0.209961, 0.163940, -0.923584, 12.084960, 29.541010, -10.375976,Pick and Place
2401839, -0.232422, 0.130127, -0.982300, 9.460450, 28.198240, -7.873534,Pick and Place
2401859, -0.151978, 0.154907, -1.003540, 8.361816, 20.568840, -7.873534,Pick and Place
2401879, -0.174927, 0.147583, -0.993164, 12.084960, 6.774902, -8.972170,Pick and Place
2401899, -0.206055, 0.100464, -0.979370, 16.723632, -1.708984, -10.803220,Pick and Place
2401919, -0.130737, 0.041748, -1.001465, 7.141112, -10.620116, -8.911134,Pick and Place
2401939, -0.219116, 0.050537, -1.054444, 8.117676, -15.258788, -3.479003,Pick and Place
2401959, -0.204102, 0.049683, -1.118286, -0.061035, -14.404296, -1.770019,Pick and Place
2401979, -0.247681, 0.111694, -1.064576, 0.122070, -9.826660, -2.929687,Pick and Place
2401999, -0.184082, 0.121216, -0.996704, -0.793457, -5.065916, -3.967285,Pick and Place
2402019, -0.033813, 0.145142, -0.977905, -0.610352, -17.211920, -1.342773,Pick and Place
2402039, -0.249512, 0.087402, -0.990723, 3.662109, -29.968260, -5.371092,Pick and Place
2402059, -0.164307, 0.133911, -0.983276, -0.793457, -33.081060, -8.239746,Pick and Place
2402079, -0.258179, 0.099731, -0.893188, 3.845214, -41.442860, -3.784179,Pick and Place
2402099, -0.400879, 0.093872, -0.920776, 1.281738, -37.902840, 1.281738,Pick and Place
2402119, -0.529053, 0.053711, -0.945068, -0.549316, -13.854978, 4.455568,Pick and Place
2402139, -0.449219, 0.096558, -0.971192, -6.713866, 8.911134, 7.995604,Pick and Place
2402159, -0.347778, 0.091309, -1.027588, -7.690428, 10.375976, 14.038084,Pick and Place
2402179, -0.308106, 0.136597, -1.029175, -11.291500, 1.342773, 16.235352,Pick and Place
2402199, -0.392944, 0.185059, -1.000122, -7.080076, -0.732422, 13.122556,Pick and Place
2402219, -0.275024, 0.197510, -0.933594, -4.577638, -4.516602, 12.939450,Pick and Place
2402239, -0.338867, 0.113159, -0.919922, -0.671386, -7.263182, 15.014646,Pick and Place
2402259, -0.367920, 0.108154, -0.951660, -5.004884, -27.221676, 22.155760,Pick and Place
2402279, -0.411987, 0.144287, -0.935913, -8.728030, -39.184580, 27.709956,Pick and Place
2402299, -0.518433, 0.143188, -0.953003, -5.737304, -41.564930, 34.301760,Pick and Place
2402319, -0.495117, 0.147705, -0.931519, -11.535644, -42.114250, 40.100100,Pick and Place
2402339, -0.490601, 0.193359, -0.898194, -10.925290, -39.489750, 48.400870,Pick and Place
2402359, -0.477905, 0.214233, -0.860840, -12.207030, -39.123540, 55.541980,Pick and Place
2402379, -0.453247, 0.260864, -0.833374, -10.864256, -43.457020, 60.791000,Pick and Place
2402399, -0.498291, 0.296021, -0.814209, -4.516602, -47.058100, 61.523430,Pick and Place
2402419, -0.442749, 0.264038, -0.802246, -2.441407, -42.907700, 60.424800,Pick and Place
2402439, -0.362915, 0.273193, -0.818115, 0.000000, -44.250480, 61.767570,Pick and Place
2402459, -0.342896, 0.250366, -0.823975, 4.028321, -55.908200, 64.941420,Pick and Place
2402479, -0.376465, 0.278931, -0.784912, 13.305660, -82.336400, 62.255850,Pick and Place
2402499, -0.437256, 0.254395, -0.760864, 25.085448, -90.209940, 54.748520,Pick and Place
2402519, -0.470947, 0.189575, -0.738526, 30.456540, -79.162600, 49.499500,Pick and Place
2402539, -0.403564, 0.192505, -0.740967, 30.273430, -71.655300, 47.302240,Pick and Place
2402559, -0.371216, 0.209961, -0.738892, 32.775880, -77.758800, 47.241200,Pick and Place
2402579, -0.464600, 0.231445, -0.755249, 39.611820, -81.237760, 42.358390,Pick and Place
2402599, -0.525146, 0.175781, -0.755860, 45.959460, -67.565940, 29.479976,Pick and Place
2402619, -0.605225, 0.122925, -0.764771, 48.156730, -40.832510, 18.615724,Pick and Place
2402639, -0.555054, 0.081665, -0.780762, 43.945300, -15.869140, 16.113284,Pick and Place
2402659, -0.479858, 0.067505, -0.836304, 39.917000, -4.699708, 16.601568,Pick and Place
2402679, -0.396118, 0.084961, -0.878662, 34.851080, -9.399414, 13.549804,Pick and Place
2402699, -0.464966, 0.072388, -0.892700, 36.254890, -28.320310, 0.610352,Pick and Place
2402719, -0.546997, 0.034668, -0.878540, 36.193860, -23.193352, -11.474608,Pick and Place
2402739, -0.520630, 0.006592, -0.853638, 32.897960, -11.352536, -18.066410,Pick and Place
2402759, -0.533692, -0.030273, -0.840088, 26.550290, -0.793457, -14.099120,Pick and Place
2402779, -0.549438, 0.003540, -0.843018, 23.437492, 4.699708, -12.390136,Pick and Place
2402799, -0.569458, -0.021240, -0.851440, 22.949216, 21.667476, -14.526364,Pick and Place
2402819, -0.507812, -0.054565, -0.880493, 17.761230, 25.695796, -16.357424,Pick and Place
2402839, -0.539307, -0.049438, -0.886475, 14.160152, 21.118160, -15.197750,Pick and Place
2402859, -0.568360, -0.012329, -0.846558, 13.488768, 21.972650, -17.578130,Pick and Place
2402879, -0.546387, -0.009888, -0.846070, 13.061520, 30.761716, -18.615724,Pick and Place
2402899, -0.551148, -0.002808, -0.892822, 4.638672, 22.460930, -16.906740,Pick and Place
2402919, -0.746948, 0.044800, -0.954468, 7.019042, 39.306640, -8.911134,Pick and Place
2402939, -0.571411, 0.004028, -0.876099, 4.760742, 56.945790, -8.850100,Pick and Place
2402959, -0.550659, 0.047729, -0.892334, 2.990722, 53.039540, -8.483890,Pick and Place
2402979, -0.469238, 0.024902, -0.905884, 1.586914, 51.940910, -3.845214,Pick and Place
2402999, -0.418823, 0.075562, -0.901489, 1.464844, 31.494136, -1.037598,Pick and Place
2403019, -0.558960, 0.035034, -0.936646, 6.408690, 30.151360, -4.150392,Pick and Place
2403039, -0.492310, -0.031494, -0.925171, 2.136231, 41.992180, -3.723144,Pick and Place
2403059, -0.374512, 0.005737, -0.884033, -0.854492, 38.024910, 0.976562,Pick and Place
2403079, -0.362671, 0.042725, -0.921875, -0.854492, 16.845708, 5.981444,Pick and Place
2403099, -0.513062, 0.023438, -0.901123, 5.249022, 21.606440, -0.549316,Pick and Place
2403119, -0.386108, 0.004272, -0.911743, 2.319336, 33.325200, -1.220704,Pick and Place
2403139, -0.345703, 0.029785, -0.920288, 0.366211, 18.310550, -0.183105,Pick and Place
2403159, -0.274170, 0.075195, -0.915894, 1.220704, 0.061035, -0.732422,Pick and Place
2403179, -0.347412, 0.057739, -0.921143, 6.835936, -18.920900, -4.638672,Pick and Place
2403199, -0.488403, -0.010620, -0.920044, 5.249022, -17.395020, -6.225584,Pick and Place
2403219, -0.496948, -0.022095, -0.912232, 1.220704, -5.126952, -5.554198,Pick and Place
2403239, -0.447754, -0.019043, -0.963989, -4.577638, 4.516602, 1.281738,Pick and Place
2403259, -0.415405, -0.013306, -1.017334, -10.314940, 4.577638, 4.943848,Pick and Place
2403279, -0.386353, 0.020264, -1.029908, -13.000484, -4.089356, 4.150392,Pick and Place
2403299, -0.380982, 0.013550, -1.015015, -15.197750, -9.155274, -0.244141,Pick and Place
2403319, -0.349976, 0.023315, -0.963257, -20.385740, -12.268064, -1.098633,Pick and Place
2403339, -0.365723, 0.055542, -0.972656, -24.536130, -12.939450, 3.784179,Pick and Place
2403359, -0.379517, 0.127930, -0.992066, -29.724120, -14.892576, 9.399414,Pick and Place
2403379, -0.317383, 0.194824, -0.944580, -31.555170, -26.428220, 8.117676,Pick and Place
2403399, -0.350586, 0.224121, -0.894531, -31.616208, -40.649400, 5.676268,Pick and Place
2403419, -0.470703, 0.247192, -0.909058, -31.738280, -43.640120, 1.708984,Pick and Place
2403439, -0.530518, 0.256592, -0.937622, -31.677240, -31.066890, 1.770019,Pick and Place
2403459, -0.484863, 0.274536, -0.913330, -31.249992, -21.728510, 0.671386,Pick and Place
2403479, -0.491821, 0.285522, -0.864136, -25.817870, -24.230950, 3.173828,Pick and Place
2403499, -0.509522, 0.282105, -0.796021, -21.362300, -26.489250, -0.305176,Pick and Place
2403519, -0.555542, 0.257813, -0.773804, -16.540530, -23.681636, -2.868652,Pick and Place
2403539, -0.579590, 0.241455, -0.802734, -15.502928, -23.986810, 0.793457,Pick and Place
2403559, -0.576904, 0.244629, -0.833252, -14.099120, -24.780270, 4.882814,Pick and Place
2403579, -0.526123, 0.282471, -0.801758, -8.239746, -27.465816, 3.906249,Pick and Place
2403599, -0.511963, 0.294067, -0.759888, -4.455568, -36.193860, 3.112792,Pick and Place
2403619, -0.556763, 0.274414, -0.741944, -0.244141, -39.978040, -0.122070,Pick and Place
2403639, -0.611450, 0.224854, -0.726685, 3.173828, -28.381340, -4.394532,Pick and Place
2403659, -0.519776, 0.196045, -0.718018, 2.990722, -16.601568, -6.530760,Pick and Place
2403679, -0.481201, 0.168457, -0.725586, 4.760742, -23.254390, -5.310058,Pick and Place
2403699, -0.506958, 0.112183, -0.746094, 4.943848, -40.771480, -4.272462,Pick and Place
2403719, -0.591431, 0.115845, -0.741577, 5.615234, -49.377430, -7.812498,Pick and Place
2403739, -0.643188, 0.118408, -0.715454, 7.202148, -36.132820, -8.666994,Pick and Place
2403759, -0.572144, 0.103027, -0.688965, 10.192870, -30.883784, -8.361816,Pick and Place
2403779, -0.597290, 0.089478, -0.674805, 11.474608, -32.897960, -6.347656,Pick and Place
2403799, -0.663330, 0.051880, -0.688232, 8.605960, -31.127924, -5.859374,Pick and Place
2403819, -0.638916, 0.064575, -0.724365, 4.821778, -18.066410, -8.666994,Pick and Place
2403839, -0.558350, 0.058228, -0.753540, 0.305176, -11.779784, -9.765626,Pick and Place
2403859, -0.587646, 0.026978, -0.756958, -2.380371, -14.953610, -9.399414,Pick and Place
2403879, -0.679688, -0.053589, -0.787964, -6.042480, -14.282224, -7.446288,Pick and Place
2403899, -0.767944, 0.009277, -0.788574, -8.117676, -9.338380, -1.586914,Pick and Place
2403919, -0.779297, -0.002441, -0.871582, -10.681150, 13.610836, 4.394532,Pick and Place
2403939, -0.643677, 0.000366, -0.877808, -14.831540, 1.220704, 8.850100,Pick and Place
2403959, -0.668701, 0.005249, -0.889282, -13.244628, -7.080076, 8.117676,Pick and Place
2403979, -0.669678, 0.015381, -0.894898, -17.456060, -7.019042, 5.126952,Pick and Place
2403999, -0.687378, 0.017090, -0.921509, -23.620600, 1.098633, 6.835936,Pick and Place
2404019, -0.608276, 0.057373, -0.925904, -33.264160, -1.037598, 7.385252,Pick and Place
2404039, -0.622070, 0.058716, -0.914185, -37.597660, -0.732422, 6.042480,Pick and Place
2404059, -0.581177, 0.069946, -0.886597, -42.114250, 0.610352, 2.929687,Pick and Place
2404079, -0.571045, 0.066284, -0.870606, -46.508780, 5.187988, -0.549316,Pick and Place
2404099, -0.549805, 0.104004, -0.834717, -51.086420, 11.230468, -3.051757,Pick and Place
2404119, -0.541626, 0.153442, -0.820190, -53.405750, 15.441892, -7.507323,Pick and Place
2404139, -0.513916, 0.180664, -0.808960, -54.199210, 15.808104, -12.023924,Pick and Place
2404159, -0.541260, 0.184082, -0.775391, -52.978500, 20.202630, -19.348150,Pick and Place
2404179, -0.535645, 0.229126, -0.726074, -51.879880, 29.785150, -25.512690,Pick and Place
2404199, -0.496948, 0.317749, -0.697022, -49.011220, 32.775880, -28.991692,Pick and Place
2404219, -0.531738, 0.341919, -0.703247, -42.541500, 29.663080, -33.081060,Pick and Place
2404239, -0.609863, 0.293335, -0.679321, -35.156260, 35.522460, -44.433580,Pick and Place
2404259, -0.554077, 0.336304, -0.591919, -35.095220, 36.804200, -48.156730,Pick and Place
2404279, -0.533692, 0.381348, -0.556763, -31.005852, 25.451652, -45.593250,Pick and Place
2404299, -0.590820, 0.365112, -0.572632, -28.503410, 16.601568, -44.311520,Pick and Place
2404319, -0.651856, 0.361450, -0.584106, -26.611320, 13.671872, -46.508780,Pick and Place
2404339, -0.686035, 0.357422, -0.571167, -23.925780, 12.817380, -49.133290,Pick and Place
2404359, -0.668091, 0.361572, -0.567505, -20.812980, 8.544924, -48.583980,Pick and Place
2404379, -0.703736, 0.351074, -0.563721, -16.784670, 2.563476, -45.471180,Pick and Place
2404399, -0.768555, 0.328858, -0.565430, -13.732908, 4.150392, -43.518060,Pick and Place
2404419, -0.805420, 0.313965, -0.558960, -12.023924, 14.587400, -38.940440,Pick and Place
2404439, -0.767822, 0.333984, -0.584106, -9.765626, 23.559568, -36.071780,Pick and Place
2404459, -0.705688, 0.328491, -0.616821, -5.310058, 18.798830, -26.306150,Pick and Place
2404479, -0.712280, 0.351440, -0.612305, -2.075196, 16.296390, -25.024410,Pick and Place
2404499, -0.671631, 0.357910, -0.607788, 1.220704, 17.639160, -26.733390,Pick and Place
2404519, -0.613037, 0.346924, -0.623169, 4.516602, 13.244628, -26.672360,Pick and Place
2404539, -0.599121, 0.295166, -0.652832, 9.399414, 0.000000, -25.939940,Pick and Place
2404559, -0.593506, 0.232788, -0.646729, 7.263182, -8.728030, -25.695796,Pick and Place
2404579, -0.920410, 0.266968, -0.876831, 2.563476, -12.145992, -15.136716,Pick and Place
2404599, -0.789917, 0.158081, -0.891236, -6.774902, 18.920900, -12.756344,Pick and Place
2404619, -0.620239, 0.278564, -0.849243, -9.765626, -4.943848, -8.117676,Pick and Place
2404639, -0.731201, 0.228760, -0.774048, -4.150392, -16.784670, -4.943848,Pick and Place
2404659, -0.783570, 0.254517, -0.707154, -0.549316, -12.084960, -6.530760,Pick and Place
2404679, -0.675293, 0.232788, -0.689453, 2.502442, 0.366211, -2.197266,Pick and Place
2404699, -0.687134, 0.228149, -0.701050, 6.225584, 6.225584, 3.784179,Pick and Place
2404719, -0.617920, 0.217896, -0.775513, 4.211426, 12.207030, 3.784179,Pick and Place
2404739, -0.575928, 0.244019, -0.814453, 2.990722, 8.483890, 2.624511,Pick and Place
2404759, -0.543335, 0.237183, -0.804199, 1.159668, 0.488281, 1.159668,Pick and Place
2404779, -0.588501, 0.223022, -0.797608, 0.000000, -7.507323, -3.051757,Pick and Place
2404799, -0.630737, 0.187134, -0.790528, -1.403808, -2.502442, -4.638672,Pick and Place
2404819, -0.627320, 0.198608, -0.777954, -2.258301, 1.464844, -2.990722,Pick and Place
2404839, -0.623291, 0.179077, -0.758301, 1.525878, 0.244141, -0.305176,Pick and Place
2404859, -0.609497, 0.145630, -0.724976, 1.403808, -1.892090, 0.366211,Pick and Place
2404879, -0.645264, 0.142090, -0.739136, 1.647949, -10.681150, 1.159668,Pick and Place
2404899, -0.656860, 0.100342, -0.776978, -7.263182, -17.150880, 8.911134,Pick and Place
2404919, -0.708740, 0.143311, -0.829346, -13.732908, -23.925780, 12.878416,Pick and Place
2404939, -0.761597, 0.206421, -0.796387, -17.028810, -13.122556, 14.404296,Pick and Place
2404959, -0.719849, 0.237793, -0.784668, -19.226080, -2.990722, 16.113284,Pick and Place
2404979, -0.723999, 0.251465, -0.796387, -21.240230, 2.990722, 20.202630,Pick and Place
2404999, -0.716675, 0.277466, -0.707276, -20.629880, 4.028321, 23.864740,Pick and Place
2405019, -0.711792, 0.309082, -0.637329, -18.310550, 2.563476, 27.343748,Pick and Place
2405039, -0.747070, 0.315064, -0.617798, -17.089850, 12.512204, 32.226570,Pick and Place
2405059, -0.745850, 0.311768, -0.563721, -17.211920, 23.864740, 38.757330,Pick and Place
2405079, -0.687744, 0.325440, -0.516846, -14.648436, 26.977532, 48.706040,Pick and Place
2405099, -0.735718, 0.368408, -0.609497, -9.338380, 32.287600, 57.800280,Pick and Place
2405119, -0.600830, 0.393311, -0.621460, -5.310058, 43.334950, 66.345240,Pick and Place
2405139, -0.616333, 0.430298, -0.545532, 1.098633, 33.691410, 70.312500,Pick and Place
2405159, -0.585694, 0.463501, -0.533203, 7.141112, 28.686520, 72.326660,Pick and Place
2405179, -0.611450, 0.464966, -0.632690, 12.451170, 34.606940, 73.120140,Pick and Place
2405199, -0.522339, 0.465820, -0.653442, 18.981940, 38.085940, 76.599140,Pick and Place
2405219, -0.371094, 0.519043, -0.609986, 26.000970, 22.705070, 80.139160,Pick and Place
2405239, -0.400635, 0.536865, -0.651856, 36.254890, 10.253904, 78.247080,Pick and Place
2405259, -0.384155, 0.539673, -0.683838, 46.508780, 9.460450, 75.500500,Pick and Place
2405279, -0.296875, 0.542114, -0.716553, 56.518540, -2.258301, 72.082540,Pick and Place
2405299, -0.305176, 0.536255, -0.807251, 69.030760, -14.587400, 64.941420,Pick and Place
2405319, -0.316895, 0.499268, -0.901367, 81.237760, -15.930172, 52.734360,Pick and Place
2405339, -0.318726, 0.494019, -0.866455, 101.440400, -7.202148, 31.921380,Pick and Place
2405359, -0.345947, 0.415894, -0.861328, 110.961900, 1.831054, 21.118160,Pick and Place
2405379, -0.129883, 0.330688, -0.823730, 103.088360, -10.314940, 14.465330,Pick and Place
2405399, 0.035889, 0.320435, -0.768188, 94.116200, -40.283200, 6.652830,Pick and Place
2405419, -0.343994, 0.203125, -0.823364, 96.862760, -36.926280, -8.605960,Pick and Place
2405439, -0.691406, 0.013916, -0.929688, 94.604460, 3.417968, -10.192870,Pick and Place
2405459, -0.593018, -0.065918, -1.042480, 79.223640, 48.217760, -3.723144,Pick and Place
2405479, -0.284058, -0.041626, -1.089722, 63.720700, 54.992660, 0.305176,Pick and Place
2405499, -0.094971, 0.018188, -0.976807, 55.114740, 26.306150, 0.976562,Pick and Place
2405519, -0.225220, 0.031006, -0.940674, 55.725090, 3.479003, -5.310058,Pick and Place
2405539, -0.517822, -0.081909, -0.988159, 56.640620, 10.986324, -12.817380,Pick and Place
2405559, -0.569092, -0.202026, -0.981690, 41.503900, 58.044420, -15.869140,Pick and Place
2405579, -0.195679, -0.180420, -0.910767, 28.930660, 63.842760, -6.774902,Pick and Place
2405599, -0.080444, -0.104004, -0.930664, 25.390620, 46.264640, 2.990722,Pick and Place
2405619, -0.172974, -0.119995, -1.008179, 26.672360, 25.024410, 5.554198,Pick and Place
2405639, -0.276367, -0.123047, -1.009156, 24.658200, 13.427732, -8.239746,Pick and Place
2405659, -0.329590, -0.138916, -0.967407, 24.536130, 20.263670, -9.521484,Pick and Place
2405679, -0.207397, -0.202271, -0.950073, 23.437492, 22.705070, -7.141112,Pick and Place
2405699, -0.109863, -0.216553, -0.986450, 6.469726, 18.737796, 2.563476,Pick and Place
2405719, -0.188599, -0.079834, -1.020386, -3.417968, 2.746581, 8.911134,Pick and Place
2405739, -0.359497, -0.026489, -1.015503, 2.868652, 9.765626, 0.000000,Pick and Place
2405759, -0.296021, -0.087280, -0.990601, -0.244141, 18.859868, -8.850100,Pick and Place
2405779, -0.055542, -0.039185, -0.952881, -5.371092, 5.065916, -3.906249,Pick and Place
2405799, -0.104370, -0.068604, -0.992432, -2.807617, -20.263670, 2.014160,Pick and Place
2405819, -0.192139, -0.042603, -0.972534, -1.281738, -34.667980, -1.098633,Pick and Place
2405839, -0.331543, -0.073364, -0.982300, 0.305176, -29.113768, -6.835936,Pick and Place
2405859, -0.278931, -0.123413, -0.999878, -5.432128, -14.892576, -7.812498,Pick and Place
2405879, -0.219605, -0.086670, -1.022583, -6.713866, -18.493652, -2.929687,Pick and Place
2405899, -0.223755, -0.134277, -1.032227, -8.789064, -27.954100, -4.028321,Pick and Place
2405919, -0.246460, -0.149170, -1.011841, -12.390136, -34.057620, -8.972170,Pick and Place
2405939, -0.289917, -0.168823, -1.015625, -14.343260, -36.193860, -11.413570,Pick and Place
2405959, -0.302368, -0.214844, -1.023072, -22.766110, -33.569340, -12.329100,Pick and Place
2405979, -0.299561, -0.191650, -1.031372, -29.357908, -33.935560, -12.390136,Pick and Place
2405999, -0.285278, -0.203857, -1.037964, -37.231450, -40.893540, -12.329100,Pick and Place
2406019, -0.262085, -0.178101, -0.976807, -41.503900, -49.255360, -13.244628,Pick and Place
2406039, -0.332153, -0.082642, -0.934448, -45.654280, -49.560540, -18.493652,Pick and Place
2406059, -0.369995, -0.050537, -0.981445, -45.043940, -39.001470, -25.573724,Pick and Place
2406079, -0.392212, -0.055176, -0.980713, -49.194320, -24.658200, -30.761716,Pick and Place
2406099, -0.343262, -0.042969, -0.934326, -51.879880, -17.761230, -34.667980,Pick and Place
2406119, -0.284302, -0.015259, -0.860352, -52.734360, -23.620600, -36.987310,Pick and Place
2406139, -0.322144, 0.001831, -0.850464, -51.269520, -28.259270, -38.208020,Pick and Place
2406159, -0.385498, 0.022461, -0.867432, -50.048820, -28.747552, -40.954580,Pick and Place
2406179, -0.417480, 0.063232, -0.858032, -47.363270, -17.517090, -45.837400,Pick and Place
2406199, -0.361816, 0.076416, -0.824219, -44.189440, -7.446288, -50.720200,Pick and Place
2406219, -0.378052, 0.110107, -0.819580, -41.564930, -7.751464, -55.725090,Pick and Place
2406239, -0.469971, 0.156494, -0.812622, -36.010750, -10.131832, -60.058580,Pick and Place
2406259, -0.507690, 0.159302, -0.784302, -31.555170, -9.887696, -64.209000,Pick and Place
2406279, -0.545776, 0.148438, -0.755860, -29.357908, -6.835936, -64.880380,Pick and Place
2406299, -0.604736, 0.192627, -0.749756, -29.541010, 0.244141, -61.035140,Pick and Place
2406319, -0.604492, 0.271729, -0.778320, -26.428220, 10.070800, -56.152340,Pick and Place
2406339, -0.615967, 0.278564, -0.816040, -20.690910, 18.859868, -53.222640,Pick and Place
2406359, -0.608398, 0.260986, -0.808716, -18.615724, 26.733390, -52.062980,Pick and Place
2406379, -0.605469, 0.247559, -0.794434, -16.540530, 34.179700, -49.804680,Pick and Place
2406399, -0.583008, 0.290649, -0.798462, -17.883300, 37.475590, -46.874990,Pick and Place
2406419, -0.533203, 0.306274, -0.819336, -12.878416, 30.700680, -41.015620,Pick and Place
2406439, -0.568115, 0.278809, -0.841797, -9.887696, 22.766110, -32.775880,Pick and Place
2406459, -0.611572, 0.224243, -0.860108, -6.103514, 22.033690, -27.770990,Pick and Place
2406479, -0.616577, 0.203003, -0.847168, -3.906249, 26.000970, -21.789548,Pick and Place
2406499, -0.630127, 0.176025, -0.860230, -3.295898, 35.095220, -14.343260,Pick and Place
2406519, -0.549561, 0.156982, -0.878052, -4.577638, 40.344230, -10.498044,Pick and Place
2406539, -0.487671, 0.170044, -0.895630, -3.845214, 41.259760, -7.751464,Pick and Place
2406559, -0.503784, 0.169312, -0.871948, -1.525878, 46.020500, -8.361816,Pick and Place
2406579, -0.453613, 0.168091, -0.855957, -0.793457, 49.926750, -8.239746,Pick and Place
2406599, -0.364868, 0.149780, -0.892822, 1.525878, 46.020500, -6.835936,Pick and Place
2406619, -0.241943, 0.110840, -0.931763, -0.122070, 32.104500, -5.920409,Pick and Place
2406639, -0.218628, 0.122681, -0.898071, 0.610352, 13.610836, -7.995604,Pick and Place
2406659, -0.307617, 0.119385, -0.875122, 3.112792, 4.577638, -9.765626,Pick and Place
2406679, -0.380615, 0.086914, -0.885010, 0.549316, 10.925290, -8.911134,Pick and Place
2406699, -0.356201, 0.088623, -0.937256, 0.671386, 19.714360, -5.737304,Pick and Place
2406719, -0.300049, 0.086548, -0.957276, 0.427246, 19.958500, -2.746581,Pick and Place
2406739, -0.265991, 0.094238, -0.946289, 1.770019, 8.056642, -2.075196,Pick and Place
2406759, -0.294678, 0.066162, -0.957886, 2.685546, -2.380371, -1.525878,Pick and Place
2406779, -0.310547, 0.069824, -1.030152, -3.723144, -9.155274, 0.305176,Pick and Place
2406799, -0.316772, 0.070313, -1.017578, -6.713866, -11.596676, 4.516602,Pick and Place
2406819, -0.312378, 0.106934, -0.995362, -8.666994, -17.028810, 7.263182,Pick and Place
2406839, -0.408936, 0.115112, -1.024292, -8.178714, -9.704590, 5.737304,Pick and Place
2406860, -0.330688, 0.110718, -1.036499, -15.869140, 4.821778, 2.685546,Pick and Place
2406880, -0.180542, 0.139526, -1.032349, -20.141600, -8.422854, 2.563476,Pick and Place
2406900, -0.225708, 0.141724, -1.046387, -21.057124, -24.963376, 2.014160,Pick and Place
2406920, -0.251831, 0.138916, -1.026001, -24.902340, -37.841800, 0.854492,Pick and Place
2406940, -0.344238, 0.157837, -0.976440, -27.282710, -41.442860, 0.610352,Pick and Place
2406960, -0.409546, 0.172607, -0.961670, -32.165540, -33.813480, 3.234863,Pick and Place
2406980, -0.390259, 0.233643, -0.958374, -34.667980, -31.127924, 8.239746,Pick and Place
2407000, -0.352295, 0.248657, -0.924194, -33.386240, -37.536620, 8.666994,Pick and Place
2407020, -0.387817, 0.276123, -0.893799, -31.799310, -44.067380, 7.751464,Pick and Place
2407040, -0.375366, 0.293701, -0.826172, -30.334470, -50.720200, 7.812498,Pick and Place
2407060, -0.445190, 0.320679, -0.802002, -27.099608, -49.438460, 8.789064,Pick and Place
2407080, -0.468384, 0.322510, -0.803345, -24.291990, -29.296870, 9.277344,Pick and Place
2407100, -0.411499, 0.356812, -0.798096, -21.240230, -24.719230, 13.671872,Pick and Place
2407120, -0.376221, 0.347534, -0.780640, -16.174320, -33.203130, 14.160152,Pick and Place
2407140, -0.417114, 0.330811, -0.778931, -12.573240, -42.053220, 9.460450,Pick and Place
2407160, -0.487793, 0.331665, -0.794800, -9.399414, -41.137680, 5.004884,Pick and Place
2407180, -0.507568, 0.307739, -0.806152, -8.422854, -32.226570, 3.845214,Pick and Place
2407200, -0.434692, 0.306641, -0.781006, -7.568358, -30.700680, 4.699708,Pick and Place
2407220, -0.419556, 0.345581, -0.734741, -4.882814, -40.283200, 5.065916,Pick and Place
2407240, -0.458618, 0.369019, -0.721436, 0.854492, -47.180160, 0.793457,Pick and Place
2407260, -0.483154, 0.330322, -0.754517, 6.408690, -49.377430, -3.479003,Pick and Place
2407280, -0.516358, 0.291504, -0.774658, 9.704590, -51.025380, -6.958006,Pick and Place
2407300, -0.518799, 0.255005, -0.723999, 12.207030, -51.757800, -8.850100,Pick and Place
2407320, -0.537354, 0.259033, -0.679077, 15.502928, -54.870600, -8.117676,Pick and Place
2407340, -0.671753, 0.201294, -0.715820, 18.005376, -45.837400, -9.399414,Pick and Place
2407360, -0.732178, 0.169434, -0.732788, 16.418460, -26.428220, -9.948730,Pick and Place
2407380, -0.648316, 0.181152, -0.710694, 13.732908, -18.310550, -6.713866,Pick and Place
2407400, -0.589600, 0.180542, -0.723267, 11.596676, -28.564450, -4.699708,Pick and Place
2407420, -0.640625, 0.185181, -0.763550, 9.094240, -35.095220, -5.126952,Pick and Place
2407440, -0.789551, 0.181152, -0.787720, 7.263182, -17.395020, -7.080076,Pick and Place
2407460, -0.752686, 0.170288, -0.776245, 4.943848, 5.310058, -6.896972,Pick and Place
2407480, -0.587158, 0.179932, -0.732788, 0.244141, 3.906249, -2.380371,Pick and Place
2407500, -0.562866, 0.206909, -0.703369, -4.089356, -10.742184, -0.854492,Pick and Place
2407520, -0.674316, 0.218384, -0.730103, -4.882814, -3.784179, -8.911134,Pick and Place
2407540, -0.645996, 0.169678, -0.818604, -7.629394, -7.751464, -10.925290,Pick and Place
2407560, -0.616577, 0.181152, -0.794312, -9.582520, -25.512690, -3.784179,Pick and Place
2407580, -0.769654, 0.209473, -0.726685, -3.051757, -29.602044, 0.366211,Pick and Place
2407600, -0.852661, 0.227051, -0.687866, -3.723144, -17.089850, 4.760742,Pick and Place
2407620, -0.849243, 0.242676, -0.677368, -3.051757, 6.164550, 9.094240,Pick and Place
2407640, -0.759766, 0.265259, -0.680786, -6.408690, 3.356933, 15.624996,Pick and Place
2407660, -0.829712, 0.310669, -0.693360, -5.432128, -10.009768, 22.705070,Pick and Place
2407680, -0.819092, 0.354858, -0.671753, -5.310058, -24.414060, 27.954100,Pick and Place
2407700, -0.854126, 0.386353, -0.642700, -1.220704, -33.874520, 30.090330,Pick and Place
2407720, -0.874390, 0.393433, -0.607056, 3.601074, -30.822750, 34.057620,Pick and Place
2407740, -0.848267, 0.390015, -0.551270, 7.690428, -23.132320, 42.114250,Pick and Place
2407760, -0.799927, 0.396240, -0.507935, 16.662600, -18.432620, 46.997060,Pick and Place
2407780, -0.768555, 0.389282, -0.509766, 21.728510, -13.916012, 49.621580,Pick and Place
2407800, -0.697632, 0.389404, -0.504028, 26.977532, -12.939450, 50.842280,Pick and Place
2407820, -0.683106, 0.385010, -0.510742, 31.188960, -16.235352, 51.330560,Pick and Place
2407840, -0.669800, 0.356812, -0.515869, 35.278320, -17.883300, 50.048820,Pick and Place
2407860, -0.690552, 0.340698, -0.533325, 39.672860, -11.413570, 46.630850,Pick and Place
2407880, -0.659546, 0.318237, -0.550781, 40.954580, -6.225584, 45.532220,Pick and Place
2407900, -0.616211, 0.309570, -0.571900, 41.870110, -8.178714, 43.518060,Pick and Place
2407920, -0.595581, 0.300903, -0.596802, 43.518060, -10.559080, 40.710440,Pick and Place
2407940, -0.579224, 0.272339, -0.627320, 44.006340, -13.000484, 37.414560,Pick and Place
2407960, -0.554688, 0.260010, -0.636230, 43.334950, -17.028810, 34.301760,Pick and Place
2407980, -0.522583, 0.268799, -0.634888, 43.640120, -25.756830, 26.184080,Pick and Place
2408000, -0.545166, 0.250855, -0.673828, 44.067380, -25.451652, 18.737796,Pick and Place
2408020, -0.605957, 0.221680, -0.698120, 42.419420, -19.653320, 13.305660,Pick and Place
2408040, -0.581909, 0.218750, -0.699951, 40.710440, -14.648436, 10.070800,Pick and Place
2408060, -0.566162, 0.201050, -0.735352, 40.039070, -14.099120, 6.591796,Pick and Place
2408080, -0.571289, 0.187378, -0.746338, 37.109380, -12.329100, 3.540038,Pick and Place
2408100, -0.564575, 0.197632, -0.732544, 33.935560, -15.258788, -1.281738,Pick and Place
2408120, -0.595459, 0.213379, -0.750732, 31.433100, -22.094720, -2.319336,Pick and Place
2408140, -0.665039, 0.176025, -0.783936, 29.785150, -18.432620, -5.126952,Pick and Place
2408160, -0.633545, 0.188843, -0.774170, 24.414060, -15.258788, -6.164550,Pick and Place
2408180, -0.624512, 0.202759, -0.758667, 23.132320, -20.324700, -5.065916,Pick and Place
2408200, -0.647949, 0.186401, -0.755127, 20.629880, -24.475090, -5.310058,Pick and Place
2408220, -0.677368, 0.176025, -0.740723, 16.540530, -17.028810, -7.629394,Pick and Place
2408240, -0.640625, 0.187744, -0.709961, 11.352536, -18.737796, -7.934570,Pick and Place
2408260, -0.691284, 0.182617, -0.699097, 10.742184, -26.855464, -9.948730,Pick and Place
2408280, -0.757080, 0.141968, -0.682862, 11.047360, -23.742670, -14.587400,Pick and Place
2408300, -0.768188, 0.147949, -0.668091, 11.657712, -11.047360, -16.662600,Pick and Place
2408320, -0.756592, 0.148438, -0.674194, 13.549804, 0.366211, -14.343260,Pick and Place
2408340, -0.750366, 0.147339, -0.711670, 15.075680, 7.446288, -10.498044,Pick and Place
2408360, -0.764404, 0.146362, -0.694092, 14.099120, 15.502928, -9.399414,Pick and Place
2408380, -0.667969, 0.120361, -0.677124, 9.582520, 19.653320, -8.850100,Pick and Place
2408400, -0.892944, 0.151367, -0.781128, 7.385252, 12.512204, -4.150392,Pick and Place
2408420, -0.705078, 0.169922, -0.771484, 1.586914, 27.526850, 1.892090,Pick and Place
2408440, -0.765137, 0.179565, -0.755737, 4.272462, 15.075680, 0.061035,Pick and Place
2408460, -0.765625, 0.151245, -0.753174, 4.638672, 19.287110, -2.197266,Pick and Place
2408480, -0.712158, 0.139160, -0.734619, 4.882814, 20.874020, -2.136231,Pick and Place
2408500, -0.668457, 0.156738, -0.706299, 3.845214, 16.540530, 0.427246,Pick and Place
2408520, -0.621582, 0.173706, -0.695679, 3.784179, 9.887696, 0.122070,Pick and Place
2408540, -0.652954, 0.164063, -0.736206, 5.187988, 6.958006, -2.014160,Pick and Place
2408560, -0.659546, 0.161377, -0.743164, 4.455568, 5.065916, -1.892090,Pick and Place
2408580, -0.681519, 0.192505, -0.731690, 4.821778, 0.610352, -1.708984,Pick and Place
2408600, -0.711548, 0.157715, -0.735840, 4.821778, 0.427246, -2.197266,Pick and Place
2408620, -0.719971, 0.128784, -0.759033, 2.868652, -0.183105, -2.136231,Pick and Place
2408640, -0.679932, 0.152100, -0.736694, -0.671386, -1.831054, -0.305176,Pick and Place
2408660, -0.678955, 0.160400, -0.705322, 0.549316, -2.685546, -1.037598,Pick and Place
2408680, -0.676636, 0.159668, -0.714356, 1.953124, 0.732422, -3.112792,Pick and Place
2408700, -0.668213, 0.146729, -0.737915, 3.601074, 4.333496, -3.051757,Pick and Place
2408720, -0.692261, 0.151489, -0.716431, 5.371092, 7.629394, -0.122070,Pick and Place
2408740, -0.694702, 0.181885, -0.681519, 7.019042, 6.408690, 2.502442,Pick and Place
2408760, -0.706299, 0.221802, -0.735962, 7.934570, 7.263182, 4.455568,Pick and Place
2408780, -0.662232, 0.198608, -0.754761, 9.277344, 6.652830, 4.882814,Pick and Place
2408800, -0.664429, 0.160522, -0.706177, 7.324218, 5.920409, -0.732422,Pick and Place
2408820, -0.703125, 0.157471, -0.691284, 4.821778, 6.469726, -2.929687,Pick and Place
2408840, -0.685425, 0.147827, -0.716431, 4.516602, 7.568358, -0.732422,Pick and Place
2408860, -0.637695, 0.104858, -0.767334, 3.723144, 5.371092, 1.342773,Pick and Place
2408880, -0.638306, 0.088501, -0.738770, 0.732422, 1.220704, 1.708984,Pick and Place
2408900, -0.634155, 0.155640, -0.704346, -0.793457, -3.784179, 2.624511,Pick and Place
2408920, -0.674194, 0.146240, -0.717652, 0.915527, -3.356933, 1.953124,Pick and Place
2408940, -0.672241, 0.121704, -0.733032, -0.793457, 0.305176, 0.488281,Pick and Place
2408960, -0.643921, 0.109375, -0.741699, -1.953124, 0.305176, -1.220704,Pick and Place
2408980, -0.655518, 0.084595, -0.752075, -2.868652, -0.854492, -2.136231,Pick and Place
2409000, -0.667358, 0.062744, -0.779541, -2.746581, 0.854492, -2.441407,Pick and Place
2409020, -0.649170, 0.043091, -0.787964, -5.249022, 2.380371, -2.075196,Pick and Place
2409040, -0.625244, 0.056396, -0.766846, -7.507323, -1.220704, -0.976562,Pick and Place
2409060, -0.625244, 0.083862, -0.760254, -9.704590, -7.324218, 0.976562,Pick and Place
2409080, -0.768433, 0.207520, -0.728516, -12.207030, -3.967285, 4.394532,Pick and Place
2409100, -0.767212, 0.315186, -0.748657, -8.361816, 4.089356, 9.582520,Pick and Place
2409120, -0.746704, 0.336304, -0.764526, -3.417968, 5.920409, 10.925290,Pick and Place
2409140, -0.759278, 0.317627, -0.762573, 0.305176, 5.249022, 10.009768,Pick and Place
2409160, -0.732178, 0.292847, -0.725952, 0.427246, 6.835936, 7.507323,Pick and Place
2409180, -0.679688, 0.337158, -0.658936, -0.732422, 5.981444, 6.042480,Pick and Place
2409200, -0.605713, 0.371216, -0.658325, 1.220704, 5.798338, 6.164550,Pick and Place
2409220, -0.635254, 0.311157, -0.657227, 4.089356, 8.911134, -0.122070,Pick and Place
2409240, -0.624756, 0.275879, -0.659302, 3.845214, 17.089850, -4.638672,Pick and Place
2409260, -0.536865, 0.221558, -0.685303, 5.737304, 12.329100, -4.577638,Pick and Place
2409280, -0.567993, 0.115356, -0.736572, 6.469726, -1.220704, -5.249022,Pick and Place
2409300, -0.599365, 0.002441, -0.786255, 3.417968, -13.488768, -6.286620,Pick and Place
2409320, -0.674072, -0.086792, -0.808838, 0.183105, -18.859868, -3.112792,Pick and Place
2409340, -0.679688, -0.150635, -0.838379, -7.324218, -15.624996, 0.122070,Pick and Place
2409360, -0.634766, -0.145996, -0.875488, -16.296390, -11.352536, 4.150392,Pick and Place
2409380, -0.604492, -0.145386, -0.883179, -23.864740, -11.413570, 7.324218,Pick and Place
2409400, -0.561279, -0.099609, -0.876709, -31.127924, -13.244628, 6.225584,Pick and Place
2409420, -0.560425, -0.048340, -0.886597, -34.667980, -10.314940, 2.502442,Pick and Place
2409440, -0.580078, -0.035522, -0.867066, -38.635260, 6.286620, -4.211426,Pick and Place
2409460, -0.526856, 0.044800, -0.850098, -44.799800, 24.719230, -10.803220,Pick and Place
2409480, -0.456055, 0.117676, -0.852661, -46.508780, 30.395500, -17.578130,Pick and Place
2409500, -0.430420, 0.149780, -0.877075, -45.166000, 30.761716, -25.695796,Pick and Place
2409520, -0.507568, 0.133423, -0.801026, -44.555660, 40.039070, -40.832510,Pick and Place
2409540, -0.549194, 0.204224, -0.733887, -42.236320, 51.147450, -51.696770,Pick and Place
2409560, -0.622192, 0.201294, -0.684326, -36.010750, 68.969740, -62.866200,Pick and Place
2409580, -0.628296, 0.258057, -0.664062, -35.217290, 90.515120, -69.885260,Pick and Place
2409600, -0.660034, 0.368164, -0.690552, -26.062010, 111.267080, -72.570800,Pick and Place
2409620, -0.767578, 0.345825, -0.709351, -10.253904, 137.878440, -73.669440,Pick and Place
2409640, -0.756104, 0.245728, -0.679932, -4.150392, 168.884240, -76.477060,Pick and Place
2409660, -0.418823, 0.298218, -0.572388, -7.202148, 171.936000, -76.538100,Pick and Place
2409680, -0.286987, 0.360108, -0.641724, 5.920409, 146.301300, -67.443860,Pick and Place
2409700, -0.498169, 0.184448, -0.884278, 6.286620, 123.107900, -57.800280,Pick and Place
2409720, -0.623047, 0.203369, -0.985108, -6.164550, 115.966780, -48.767080,Pick and Place
2409740, -0.382202, 0.323242, -0.998902, -4.516602, 103.698700, -47.668440,Pick and Place
2409760, -0.296143, 0.311035, -1.036133, -3.173828, 65.612800, -38.208020,Pick and Place
2409780, -0.386963, 0.306519, -1.019043, 2.624511, 25.634760, -33.630380,Pick and Place
2409800, -0.480591, 0.270630, -0.922852, 4.943848, 11.169430, -28.869624,Pick and Place
2409820, -0.505737, 0.230713, -0.901245, 2.075196, 18.188480, -19.958500,Pick and Place
2409840, -0.460571, 0.240234, -0.930420, -3.662109, 28.503410, -7.019042,Pick and Place
2409860, -0.321533, 0.278320, -0.935059, -1.831054, 27.099608, 0.671386,Pick and Place
2409880, -0.266968, 0.277832, -0.898438, 4.455568, 13.732908, 1.525878,Pick and Place
2409900, -0.321899, 0.255493, -0.885132, 10.009768, 9.460450, 0.488281,Pick and Place
2409920, -0.328613, 0.219482, -0.854248, 12.145992, 21.484370, -0.915527,Pick and Place
2409940, -0.160767, 0.176270, -0.847900, 13.122556, 26.245110, -0.793457,Pick and Place
2409960, -0.098511, 0.147339, -0.852295, 12.817380, 0.122070, 4.516602,Pick and Place
2409980, -0.225464, 0.134033, -0.930420, 15.136716, -3.845214, 1.464844,Pick and Place
2410000, -0.159180, 0.069946, -0.995728, 8.666994, -9.033204, -3.112792,Pick and Place
2410020, -0.192383, 0.124023, -1.040528, 8.178714, -13.366696, -1.770019,Pick and Place
2410040, -0.212402, 0.054810, -1.033692, 3.906249, -22.094720, 2.075196,Pick and Place
2410060, -0.274170, 0.133789, -0.994263, 3.479003, -17.272950, 5.859374,Pick and Place
2410080, -0.246582, 0.135864, -1.021851, 1.342773, -12.390136, 10.070800,Pick and Place
2410100, -0.189575, 0.120728, -1.070679, 1.403808, -16.906740, 13.549804,Pick and Place
2410120, -0.195557, 0.121704, -1.090576, -2.014160, -37.536620, 16.540530,Pick and Place
2410140, -0.291138, 0.128296, -1.050782, -2.136231, -52.307120, 17.272950,Pick and Place
2410160, -0.352295, 0.191528, -1.008789, -5.310058, -67.626960, 24.230950,Pick and Place
2410180, -0.485230, 0.198853, -0.938354, -6.347656, -66.528340, 36.743170,Pick and Place
2410200, -0.546265, 0.201904, -0.894165, -5.249022, -59.753410, 42.663560,Pick and Place
2410220, -0.604248, 0.195679, -0.864258, -2.990722, -45.593250, 48.461900,Pick and Place
2410240, -0.517700, 0.214600, -0.852295, -2.441407, -33.203130, 54.199210,Pick and Place
2410260, -0.392578, 0.241821, -0.858643, -1.831054, -32.836920, 59.509270,Pick and Place
2410280, -0.309204, 0.263672, -0.851196, 0.854492, -47.729480, 62.316880,Pick and Place
2410300, -0.312256, 0.279907, -0.825318, 6.225584, -68.176280, 61.462400,Pick and Place
2410320, -0.360962, 0.289307, -0.793213, 12.939450, -84.350560, 60.302720,Pick and Place
2410340, -0.430054, 0.300781, -0.761475, 18.310550, -90.576160, 58.166500,Pick and Place
2410360, -0.519531, 0.289063, -0.733032, 26.123040, -84.228500, 56.030260,Pick and Place
2410380, -0.581665, 0.217407, -0.722900, 32.531740, -66.894540, 55.419910,Pick and Place
2410400, -0.551026, 0.171875, -0.745972, 33.691410, -38.513190, 54.748520,Pick and Place
2410420, -0.453247, 0.202759, -0.762573, 35.400400, -28.503410, 52.551260,Pick and Place
2410440, -0.378662, 0.201294, -0.777832, 39.733900, -27.160640, 46.386710,Pick and Place
2410460, -0.367310, 0.190186, -0.822388, 43.701160, -26.184080, 35.888680,Pick and Place
2410480, -0.419556, 0.151123, -0.834473, 47.973620, -16.662600, 24.963376,Pick and Place
2410500, -0.443848, 0.100952, -0.824829, 50.659170, -1.281738, 18.371584,Pick and Place
2410520, -0.458252, 0.009277, -0.859986, 51.513660, 16.113284, 14.770504,Pick and Place
2410540, -0.438232, -0.046997, -0.873657, 45.532220, 33.996590, 13.732908,Pick and Place
2410560, -0.373169, -0.002441, -0.880005, 41.320790, 43.029780, 13.793944,Pick and Place
2410580, -0.303101, -0.012817, -0.934937, 41.015620, 41.320790, 13.366696,Pick and Place
2410600, -0.258057, -0.037720, -0.972046, 36.499030, 30.761716, 10.253904,Pick and Place
2410620, -0.355713, -0.032227, -0.981323, 34.667980, 18.859868, 2.746581,Pick and Place
2410640, -0.402466, -0.077026, -0.975098, 30.090330, 20.690910, 0.427246,Pick and Place
2410660, -0.347412, -0.078369, -0.988281, 23.864740, 25.024410, 2.014160,Pick and Place
2410680, -0.310425, -0.080811, -1.022950, 18.859868, 20.324700, 4.577638,Pick and Place
2410700, -0.320313, -0.064941, -1.032227, 12.756344, 11.169430, 4.272462,Pick and Place
2410720, -0.348145, -0.021851, -1.035278, 12.512204, 2.990722, -2.563476,Pick and Place
2410740, -0.384033, -0.062622, -0.997681, 12.268064, 8.728030, -3.906249,Pick and Place
2410760, -0.328369, -0.083252, -1.012818, 7.446288, 5.859374, -1.037598,Pick and Place
2410780, -0.377686, -0.057739, -0.978638, 3.845214, 2.197266, 2.014160,Pick and Place
2410800, -0.363403, -0.018433, -0.931763, 1.159668, 1.098633, 0.732422,Pick and Place
2410820, -0.388306, 0.017212, -0.926392, 1.647949, 1.831054, -0.976562,Pick and Place
2410840, -0.372192, 0.044800, -0.928711, 1.159668, 3.051757, 1.037598,Pick and Place
2410860, -0.368286, 0.054932, -0.910767, 3.601074, 0.976562, 2.136231,Pick and Place
2410880, -0.382080, 0.008179, -0.907959, 6.286620, 2.563476, 0.549316,Pick and Place
2410900, -0.386230, -0.005371, -0.902100, 3.662109, 3.295898, -0.122070,Pick and Place
2410920, -0.390137, 0.040894, -0.917725, 1.892090, 3.967285, -0.244141,Pick and Place
2410940, -0.360230, 0.025513, -0.949829, 3.173828, 4.455568, -0.244141,Pick and Place
2410960, -0.360108, -0.009399, -0.961792, 1.037598, -3.540038, -1.159668,Pick and Place
2410980, -0.388550, -0.021606, -0.944702, -0.854492, -3.845214, -4.638672,Pick and Place
2411000, -0.385742, 0.020752, -0.896606, -3.784179, -3.967285, -5.249022,Pick and Place
2411020, -0.395508, 0.081665, -0.902710, -1.037598, -2.990722, -2.319336,Pick and Place
2411040, -0.406860, 0.044678, -0.941284, 2.319336, -2.441407, -1.403808,Pick and Place
2411060, -0.431519, -0.041382, -0.974487, 1.342773, 3.601074, -1.525878,Pick and Place
2411080, -0.418457, -0.064819, -0.946167, -2.014160, 6.408690, 0.427246,Pick and Place
2411100, -0.387207, -0.068726, -0.920532, -4.516602, 9.582520, 1.281738,Pick and Place
2411120, -0.354980, -0.077271, -0.959351, -9.094240, 12.145992, 1.281738,Pick and Place
2411140, -0.379028, -0.093750, -1.017578, -13.244628, 13.061520, 1.586914,Pick and Place
2411160, -0.327515, -0.103516, -1.028320, -21.179192, 14.709470, 1.037598,Pick and Place
2411180, -0.272827, -0.057617, -1.011230, -26.184080, 7.568358, 2.929687,Pick and Place
2411200, -0.258667, -0.015991, -0.987061, -30.090330, -4.760742, 1.586914,Pick and Place
2411220, -0.229248, 0.033447, -0.963989, -34.240730, -20.690910, 1.037598,Pick and Place
2411240, -0.309082, 0.101318, -0.994263, -35.095220, -29.724120, -1.342773,Pick and Place
2411260, -0.365845, 0.126953, -1.003296, -35.400400, -26.733390, -3.051757,Pick and Place
2411280, -0.287109, 0.192383, -0.955811, -38.330080, -31.799310, -3.723144,Pick and Place
2411300, -0.337280, 0.246704, -0.939087, -37.536620, -43.823240, -1.403808,Pick and Place
2411320, -0.410400, 0.273682, -0.937866, -36.193860, -50.537100, 0.183105,Pick and Place
2411340, -0.466431, 0.308960, -0.930908, -35.949720, -49.194320, -1.037598,Pick and Place
2411360, -0.518066, 0.342285, -0.886108, -33.203130, -42.175280, -2.441407,Pick and Place
2411380, -0.519531, 0.341919, -0.852905, -29.357908, -31.494136, -0.549316,Pick and Place
2411400, -0.540283, 0.315918, -0.845459, -28.015130, -25.573724, 2.258301,Pick and Place
2411420, -0.557984, 0.307129, -0.838135, -26.672360, -27.526850, 5.920409,Pick and Place
2411440, -0.549927, 0.313965, -0.845093, -24.108880, -31.005852, 6.530760,Pick and Place
2411460, -0.529053, 0.314209, -0.807617, -21.301268, -37.292480, 4.089356,Pick and Place
2411480, -0.592041, 0.320679, -0.765991, -14.038084, -38.024910, 0.732422,Pick and Place
2411500, -0.568482, 0.312012, -0.720703, -6.286620, -19.653320, -3.356933,Pick and Place
2411520, -0.492066, 0.342041, -0.666504, 0.305176, -16.235352, -2.624511,Pick and Place
2411540, -0.417480, 0.318237, -0.675904, 8.422854, -20.751950, -5.065916,Pick and Place
2411560, -0.396851, 0.287720, -0.680664, 15.014646, -32.104500, -12.329100,Pick and Place
2411580, -0.472778, 0.271729, -0.671387, 20.935052, -33.874520, -24.597160,Pick and Place
2411600, -0.512940, 0.211670, -0.665039, 27.954100, -33.691410, -31.066890,Pick and Place
2411620, -0.461182, 0.101440, -0.665772, 27.404780, -39.489750, -32.409680,Pick and Place
2411640, -0.512818, 0.083984, -0.681885, 22.583000, -50.903310, -32.348640,Pick and Place
2411660, -0.673828, 0.061279, -0.740601, 22.399900, -46.508780, -31.738280,Pick and Place
2411680, -0.706177, -0.013672, -0.771729, 20.324700, -37.780760, -30.029290,Pick and Place
2411700, -0.682617, -0.021729, -0.746460, 13.061520, -30.395500, -25.512690,Pick and Place
2411720, -0.684692, 0.010986, -0.779175, 8.911134, -27.832030, -15.930172,Pick and Place
2411740, -0.721924, -0.011841, -0.798706, 7.507323, -21.362300, -11.413570,Pick and Place
2411760, -0.728882, -0.026367, -0.808106, 4.699708, -11.657712, -9.277344,Pick and Place
2411780, -0.671387, -0.052124, -0.825318, -5.615234, -0.305176, -8.361816,Pick and Place
2411800, -0.696655, -0.018188, -0.873902, -12.939450, -7.019042, -3.112792,Pick and Place
2411820, -0.726318, -0.074951, -0.935059, -13.183590, -7.873534, 3.356933,Pick and Place
2411840, -0.628174, -0.054199, -0.908936, -17.028810, -10.864256, 2.563476,Pick and Place
2411860, -0.668579, -0.033936, -0.872803, -20.202630, -12.084960, 8.789064,Pick and Place
2411880, -0.698853, -0.013794, -0.869629, -27.221676, -6.347656, 12.512204,Pick and Place
2411900, -0.657593, 0.006836, -0.912720, -32.775880, -0.244141, 14.404296,Pick and Place
2411920, -0.642944, 0.014648, -0.920410, -37.475590, 4.821778, 12.573240,Pick and Place
2411940, -0.598022, 0.069214, -0.880615, -42.480460, 8.789064, 5.798338,Pick and Place
2411960, -0.567383, 0.082397, -0.857544, -46.142570, 10.742184, 1.342773,Pick and Place
2411980, -0.572144, 0.054321, -0.848145, -48.522940, 18.493652, -3.601074,Pick and Place
2412000, -0.541382, 0.041626, -0.816528, -52.795400, 28.625480, -7.995604,Pick and Place
2412020, -0.511353, 0.182739, -0.786987, -56.030260, 31.921380, -11.535644,Pick and Place
2412040, -0.536865, 0.213013, -0.803101, -50.659170, 31.249992, -18.859868,Pick and Place
2412060, -0.533081, 0.189941, -0.799438, -48.278800, 25.512690, -28.320310,Pick and Place
2412080, -0.526856, 0.155151, -0.731568, -46.569820, 15.991210, -38.269050,Pick and Place
2412100, -0.536133, 0.165039, -0.628662, -48.095700, 10.864256, -43.640120,Pick and Place
2412120, -0.572876, 0.231934, -0.616944, -44.860830, 19.104010, -40.771480,Pick and Place
2412140, -0.630493, 0.201172, -0.674561, -40.710440, 38.696300, -37.597660,Pick and Place
2412160, -0.535645, 0.191650, -0.674683, -39.184580, 61.645500, -41.198720,Pick and Place
2412180, -0.486450, 0.331787, -0.595093, -39.550780, 50.903310, -44.921860,Pick and Place
2412200, -0.543213, 0.383301, -0.596680, -28.991692, 34.912120, -50.048820,Pick and Place
2412220, -0.608154, 0.351196, -0.626343, -26.123040, 30.944820, -56.030260,Pick and Place
2412240, -0.643433, 0.370972, -0.641236, -22.521970, 29.846190, -57.861320,Pick and Place
2412260, -0.648194, 0.367066, -0.627197, -19.775390, 25.573724, -53.771960,Pick and Place
2412280, -0.669922, 0.383545, -0.626709, -15.380856, 22.094720, -49.194320,Pick and Place
2412300, -0.695557, 0.348999, -0.671997, -10.131832, 18.554690, -46.081540,Pick and Place
2412320, -0.765991, 0.289429, -0.695801, -6.042480, 17.883300, -44.006340,Pick and Place
2412340, -0.738770, 0.254883, -0.663452, -7.690428, 16.723632, -38.696300,Pick and Place
2412360, -0.699341, 0.300293, -0.667847, -3.967285, 10.742184, -34.118660,Pick and Place
2412380, -0.717407, 0.261719, -0.683838, 0.366211, 7.934570, -25.024410,Pick and Place
2412400, -0.721680, 0.256714, -0.698486, 3.967285, 6.774902, -21.484370,Pick and Place
2412420, -0.667725, 0.247559, -0.696533, 6.652830, 1.525878, -17.272950,Pick and Place
2412440, -0.659180, 0.256348, -0.714722, 10.742184, -1.831054, -14.038084,Pick and Place
2412460, -0.656860, 0.221436, -0.733032, 11.901852, 0.854492, -13.366696,Pick and Place
2412480, -0.644776, 0.161255, -0.744263, 10.803220, 4.638672, -12.878416,Pick and Place
2412500, -0.694214, 0.161987, -0.902100, 0.610352, -6.652830, -3.112792,Pick and Place
2412520, -0.697144, 0.133545, -0.924805, -1.770019, 4.760742, -0.305176,Pick and Place
2412540, -0.561035, 0.224365, -0.865967, -5.676268, -5.554198, 0.854492,Pick and Place
2412560, -0.599243, 0.208374, -0.811890, -1.159668, -12.268064, -0.427246,Pick and Place
2412580, -0.573975, 0.212769, -0.787354, -1.708984, -10.131832, -0.061035,Pick and Place
2412600, -0.569824, 0.206299, -0.822022, -0.488281, -5.126952, 0.244141,Pick and Place
2412620, -0.555298, 0.182129, -0.827026, -1.525878, -4.943848, 0.793457,Pick and Place
2412640, -0.576660, 0.192993, -0.819214, -2.136231, -7.385252, -1.953124,Pick and Place
2412660, -0.568482, 0.191284, -0.807373, -2.319336, -10.375976, -4.821778,Pick and Place
2412680, -0.549438, 0.191162, -0.765503, -2.014160, -16.784670, -5.859374,Pick and Place
2412700, -0.607300, 0.178345, -0.755127, 0.366211, -16.784670, -4.821778,Pick and Place
2412720, -0.601562, 0.157837, -0.740845, -0.183105, -10.803220, -2.502442,Pick and Place
2412740, -0.631592, 0.187744, -0.736694, 1.525878, -0.549316, -2.319336,Pick and Place
2412760, -0.608521, 0.182373, -0.763306, 0.244141, 10.498044, -1.220704,Pick and Place
2412780, -0.536499, 0.199585, -0.790283, -0.122070, 5.126952, -0.488281,Pick and Place
2412800, -0.552979, 0.211914, -0.796631, 0.610352, -8.239746, -0.610352,Pick and Place
2412820, -0.616821, 0.195068, -0.796631, 0.061035, -11.474608, -4.333496,Pick and Place
2412840, -0.645874, 0.197022, -0.793579, 0.976562, -5.187988, -3.540038,Pick and Place
2412860, -0.621338, 0.160889, -0.811890, -0.610352, 0.976562, -1.220704,Pick and Place
2412880, -0.586914, 0.175659, -0.791016, -1.464844, 0.366211, 0.915527,Pick and Place
2412900, -0.618896, 0.189819, -0.759033, 1.159668, -5.004884, 0.549316,Pick and Place
2412920, -0.642944, 0.152588, -0.802368, 1.159668, -3.173828, -0.854492,Pick and Place
2412940, -0.678345, 0.132202, -0.842529, 0.427246, 1.586914, 0.671386,Pick and Place
2412960, -0.653564, 0.117676, -0.844360, -1.892090, 1.464844, 4.760742,Pick and Place
2412980, -0.699219, 0.111816, -0.794922, -5.920409, -6.652830, 7.995604,Pick and Place
2413000, -0.739258, 0.149414, -0.752808, -11.657712, -10.437010, 12.756344,Pick and Place
2413020, -0.789795, 0.189575, -0.761597, -13.854978, -2.441407, 14.404296,Pick and Place
2413040, -0.716675, 0.200928, -0.797363, -20.629880, 12.512204, 22.644040,Pick and Place
2413060, -0.711548, 0.255859, -0.725220, -23.376460, 7.141112, 30.395500,Pick and Place
2413080, -0.801026, 0.295776, -0.627686, -18.554690, 5.493162, 35.705570,Pick and Place
2413100, -0.842652, 0.277100, -0.535156, -14.892576, 23.986810, 41.320790,Pick and Place
2413120, -0.784546, 0.278198, -0.591309, -16.174320, 47.729480, 52.368160,Pick and Place
2413140, -0.686768, 0.313477, -0.623535, -19.348150, 61.462400, 67.749040,Pick and Place
2413160, -0.691406, 0.339722, -0.638794, -19.897460, 72.082540, 77.880860,Pick and Place
2413180, -0.583984, 0.328247, -0.658814, -21.789548, 78.735360, 83.557100,Pick and Place
2413200, -0.453369, 0.359619, -0.708496, -20.141600, 65.917980, 93.749980,Pick and Place
2413220, -0.398682, 0.433594, -0.711792, -12.207030, 36.621100, 103.942840,Pick and Place
2413240, -0.511475, 0.451660, -0.697144, 2.136231, 17.578130, 104.919400,Pick and Place
2413260, -0.366943, 0.508423, -0.634888, 26.428220, -3.112792, 98.266580,Pick and Place
2413280, -0.242676, 0.530640, -0.643066, 41.381820, -15.258788, 91.857900,Pick and Place
2413300, -0.175415, 0.517822, -0.699829, 55.175770, -25.329584, 82.885720,Pick and Place
2413320, -0.155151, 0.524658, -0.767212, 72.021500, -29.052730, 71.044940,Pick and Place
2413340, -0.151001, 0.488770, -0.826294, 86.242660, -26.916500, 57.495110,Pick and Place
2413360, -0.192627, 0.501221, -0.796021, 107.910140, -17.639160, 45.166000,Pick and Place
2413380, -0.335205, 0.359253, -0.862671, 124.816880, -6.164550, 33.325200,Pick and Place
2413400, -0.314331, 0.246704, -0.944824, 118.286100, 2.685546, 17.150880,Pick and Place
2413420, -0.216919, 0.224976, -0.955444, 109.741200, -0.183105, 7.507323,Pick and Place
2413440, -0.056885, 0.163452, -0.841187, 99.121060, -15.014646, -3.967285,Pick and Place
2413460, -0.128052, 0.094604, -0.773316, 95.642060, -30.883784, -10.375976,Pick and Place
2413480, -0.503784, -0.121094, -0.914673, 84.228500, -10.620116, -0.427246,Pick and Place
2413500, -0.465088, -0.176636, -1.084473, 65.307640, 20.751950, 3.906249,Pick and Place
2413520, -0.312012, -0.132935, -1.198364, 46.874990, 32.958990, 7.141112,Pick and Place
2413540, -0.215088, -0.079590, -1.148560, 40.161120, 21.484370, 2.136231,Pick and Place
2413560, -0.204834, -0.042603, -1.055176, 39.672860, 7.446288, -5.432128,Pick and Place
2413580, -0.277832, -0.074585, -0.995117, 39.062500, 2.807617, -11.779784,Pick and Place
2413600, -0.311035, -0.136597, -0.971192, 35.156260, 5.004884, -10.681150,Pick and Place
2413620, -0.282227, -0.155762, -0.949585, 27.526850, 6.958006, -5.737304,Pick and Place
2413640, -0.256226, -0.135132, -0.943482, 24.719230, 12.145992, -6.225584,Pick and Place
2413660, -0.278564, -0.198730, -0.932495, 24.230950, 12.207030, 1.037598,Pick and Place
2413680, -0.379517, -0.232910, -1.013916, 3.906249, 31.372068, 1.831054,Pick and Place
2413700, -0.053955, -0.041748, -1.028442, -5.615234, 0.732422, 5.310058,Pick and Place
2413720, -0.291626, -0.028564, -0.955811, 2.746581, -19.714360, 0.549316,Pick and Place
2413740, -0.261963, -0.092163, -0.971070, 2.319336, -11.535644, -6.652830,Pick and Place
2413760, -0.325317, -0.103760, -0.989990, -3.356933, -13.061520, 1.281738,Pick and Place
2413780, -0.360230, -0.101440, -1.042480, -2.624511, -6.530760, 4.577638,Pick and Place
2413800, -0.168335, -0.116577, -1.021728, -8.056642, -16.296390, -0.610352,Pick and Place
2413820, -0.272827, -0.055176, -0.994995, -8.850100, -28.686520, -5.676268,Pick and Place
2413840, -0.274048, -0.067993, -1.010376, -6.652830, -35.522460, -7.873534,Pick and Place
2413860, -0.345459, -0.123901, -0.998902, -7.995604, -36.743170, -8.850100,Pick and Place
2413880, -0.405396, -0.151978, -0.975098, -13.366696, -29.724120, -7.141112,Pick and Place
2413900, -0.393311, -0.148315, -0.985718, -19.470220, -22.583000, -5.371092,Pick and Place
2413920, -0.327515, -0.135986, -1.015503, -29.907220, -22.277830, -5.187988,Pick and Place
2413940, -0.301758, -0.089355, -1.019532, -33.752440, -32.958990, -8.850100,Pick and Place
2413960, -0.364624, -0.114014, -1.007080, -35.217290, -39.062500, -14.587400,Pick and Place
2413980, -0.371460, -0.125122, -0.973267, -40.832510, -35.644540, -17.639160,Pick and Place
2414000, -0.365356, -0.099243, -0.936279, -44.799800, -30.639640, -18.676760,Pick and Place
2414020, -0.333008, -0.050171, -0.927246, -47.851560, -27.465816, -17.944340,Pick and Place
2414040, -0.370483, 0.007446, -0.923462, -47.607410, -26.123040, -20.935052,Pick and Place
2414060, -0.433960, 0.020752, -0.917480, -44.372550, -14.343260, -28.991692,Pick and Place
2414080, -0.438110, -0.004028, -0.897339, -44.006340, 1.586914, -35.888680,Pick and Place
2414100, -0.380982, 0.034668, -0.890991, -47.119130, 12.451170, -37.231450,Pick and Place
2414120, -0.335693, 0.101563, -0.878906, -43.212880, 16.540530, -38.940440,Pick and Place
2414140, -0.337036, 0.053955, -0.864380, -36.499030, 10.375976, -44.311520,Pick and Place
2414160, -0.385254, 0.066772, -0.833374, -37.536620, 9.582520, -47.912590,Pick and Place
2414180, -0.450073, 0.169067, -0.833130, -34.057620, 13.305660, -49.194320,Pick and Place
2414200, -0.518433, 0.164063, -0.852051, -26.367180, 23.803708, -51.452620,Pick and Place
2414220, -0.506958, 0.125732, -0.849732, -25.634760, 33.081060, -53.466780,Pick and Place
2414240, -0.447144, 0.138550, -0.816162, -26.367180, 32.714850, -53.588860,Pick and Place
2414260, -0.464233, 0.186279, -0.784302, -25.512690, 21.728510, -53.894040,Pick and Place
2414280, -0.512085, 0.217285, -0.775269, -20.202630, 8.850100, -52.551260,Pick and Place
2414300, -0.570312, 0.182617, -0.770752, -17.883300, 5.798338, -52.429190,Pick and Place
2414320, -0.553223, 0.194336, -0.792358, -20.874020, 11.352536, -50.964340,Pick and Place
2414340, -0.507935, 0.263916, -0.829102, -21.911620, 14.343260, -45.898430,Pick and Place
2414360, -0.486328, 0.257690, -0.872437, -17.883300, 13.671872, -38.574220,Pick and Place
2414380, -0.517212, 0.293457, -0.837402, -13.916012, 10.864256, -36.682140,Pick and Place
2414400, -0.589722, 0.301270, -0.817139, -8.422854, 15.563964, -35.217290,Pick and Place
2414420, -0.563599, 0.275757, -0.817749, -6.286620, 24.902340, -32.287600,Pick and Place
2414440, -0.434692, 0.267090, -0.858398, -6.469726, 23.498530, -27.770990,Pick and Place
2414460, -0.412109, 0.258057, -0.881470, -2.807617, 13.366696, -22.705070,Pick and Place
2414480, -0.512695, 0.200317, -0.871094, 2.136231, 12.695310, -19.897460,Pick and Place
2414500, -0.558106, 0.151001, -0.873535, 0.976562, 24.536130, -19.104010,Pick and Place
2414520, -0.442871, 0.116333, -0.870606, -1.831054, 36.804200, -18.188480,Pick and Place
2414540, -0.309692, 0.119995, -0.889282, -6.042480, 32.226570, -15.319820,Pick and Place
2414560, -0.360108, 0.144653, -0.894043, -2.502442, 22.766110, -12.756344,Pick and Place
2414580, -0.457398, 0.105713, -0.904785, 0.610352, 33.325200, -13.122556,Pick and Place
2414600, -0.348022, 0.110352, -0.910278, -2.380371, 38.024910, -10.131832,Pick and Place
2414620, -0.209473, 0.149780, -0.925171, -4.272462, 17.150880, -1.037598,Pick and Place
2414640, -0.398438, 0.157837, -0.965210, 2.685546, -0.549316, 3.784179,Pick and Place
2414660, -0.394531, 0.162354, -0.962769, 1.098633, 2.563476, 3.906249,Pick and Place
2414680, -0.368286, 0.157349, -0.999878, 1.647949, 13.427732, 0.427246,Pick and Place
2414700, -0.273560, 0.130371, -0.978272, -4.394532, 14.587400, 0.793457,Pick and Place
2414720, -0.247192, 0.153320, -0.969482, -7.141112, 11.718748, 2.014160,Pick and Place
2414740, -0.185547, 0.160278, -1.007690, -10.192870, 2.380371, 0.671386,Pick and Place
2414760, -0.231201, 0.145508, -1.036866, -11.047360, -9.948730, 0.976562,Pick and Place
2414780, -0.276489, 0.137451, -1.042847, -14.160152, -14.831540, -0.061035,Pick and Place
2414800, -0.231934, 0.163208, -1.014893, -19.836430, -20.141600, 1.831054,Pick and Place
2414820, -0.263550, 0.188110, -0.999146, -22.155760, -25.695796, 1.892090,Pick and Place
2414840, -0.319824, 0.203980, -0.987915, -23.193352, -26.672360, -1.403808,Pick and Place
2414860, -0.354614, 0.198975, -0.965454, -26.916500, -21.728510, -5.737304,Pick and Place
2414880, -0.293457, 0.236328, -0.944702, -32.775880, -20.080560, -5.126952,Pick and Place
2414900, -0.283325, 0.300537, -0.912842, -33.752440, -25.390620, -2.136231,Pick and Place
2414920, -0.278687, 0.328735, -0.886841, -31.433100, -36.438000, -0.915527,Pick and Place
2414940, -0.336670, 0.346436, -0.894165, -28.320310, -39.794920, -3.234863,Pick and Place
2414960, -0.399902, 0.324463, -0.885498, -25.634760, -37.231450, -4.577638,Pick and Place
2414980, -0.415772, 0.302368, -0.868896, -24.475090, -33.691410, -2.929687,Pick and Place
2415000, -0.369873, 0.329712, -0.811402, -23.071284, -36.132820, 1.281738,Pick and Place
2415020, -0.374390, 0.365479, -0.755982, -11.535644, -56.945790, 0.915527,Pick and Place
2415040, -0.492920, 0.345703, -0.787964, -4.028321, -47.180160, -1.281738,Pick and Place
2415060, -0.465454, 0.279541, -0.784058, 1.770019, -38.940440, -2.868652,Pick and Place
2415080, -0.401611, 0.259399, -0.761353, 4.760742, -46.997060, -0.488281,Pick and Place
2415100, -0.371948, 0.276856, -0.727539, 10.314940, -69.458020, 0.671386,Pick and Place
2415120, -0.505249, 0.266846, -0.704224, 17.211920, -81.604000, -2.990722,Pick and Place
2415140, -0.758423, 0.187012, -0.720337, 23.864740, -51.208480, -10.742184,Pick and Place
2415160, -0.660034, 0.093140, -0.772339, 20.446770, -12.390136, -12.817380,Pick and Place
2415180, -0.439819, 0.107178, -0.767456, 14.221190, -9.155274, -4.211426,Pick and Place
2415200, -0.361938, 0.166748, -0.758423, 12.573240, -38.818360, 8.178714,Pick and Place
2415220, -0.561768, 0.191895, -0.767822, 16.235352, -66.162120, 7.446288,Pick and Place
2415240, -0.905396, 0.168701, -0.799194, 24.902340, -23.071284, -7.873534,Pick and Place
2415260, -0.690186, 0.044434, -0.797486, 19.409180, 21.362300, -11.108396,Pick and Place
2415280, -0.581299, 0.092041, -0.825318, 8.422854, 22.949216, 6.713866,Pick and Place
2415300, -0.708496, 0.044434, -0.935181, 4.638672, -7.019042, 34.179700,Pick and Place
2415320, -0.928711, 0.220093, -0.826660, 5.737304, 5.371092, 31.616208,Pick and Place
2415340, -0.579102, 0.237183, -0.727905, 7.507323, 2.197266, 34.667980,Pick and Place
2415360, -0.706177, 0.315186, -0.694336, 6.225584, -22.949216, 36.743170,Pick and Place
2415380, -0.767822, 0.310059, -0.686890, 10.559080, -26.489250, 41.442860,Pick and Place
2415400, -0.882690, 0.315186, -0.684326, 12.207030, -14.892576, 44.616690,Pick and Place
2415420, -0.820923, 0.330933, -0.688354, 13.854978, -0.305176, 52.551260,Pick and Place
2415440, -0.705078, 0.346924, -0.698730, 15.502928, 0.610352, 61.035140,Pick and Place
2415460, -0.633545, 0.338745, -0.683106, 19.531250, -17.578130, 63.293440,Pick and Place
2415480, -0.608032, 0.355957, -0.674561, 24.047850, -29.907220, 62.194820,Pick and Place
2415500, -0.582520, 0.339600, -0.703858, 28.808590, -36.438000, 60.485830,Pick and Place
2415520, -0.548340, 0.327637, -0.706177, 30.578610, -40.771480, 58.776840,Pick and Place
2415540, -0.576904, 0.323364, -0.693360, 32.653820, -41.625960, 54.992660,Pick and Place
2415560, -0.625977, 0.288818, -0.693604, 35.339360, -31.555170, 49.743640,Pick and Place
2415580, -0.547119, 0.256470, -0.703736, 34.729010, -21.423332, 43.579090,Pick and Place
2415600, -0.469605, 0.243530, -0.725220, 34.179700, -22.766110, 38.513190,Pick and Place
2415620, -0.462402, 0.235230, -0.750366, 34.057620, -26.245110, 34.301760,Pick and Place
2415640, -0.429810, 0.237305, -0.748535, 34.301760, -29.663080, 28.198240,Pick and Place
2415660, -0.456421, 0.237305, -0.738281, 36.682140, -32.897960, 20.385740,Pick and Place
2415680, -0.566528, 0.171265, -0.806152, 41.015620, -19.897460, 9.033204,Pick and Place
2415700, -0.547608, 0.082031, -0.787476, 35.705570, -6.286620, 6.286620,Pick and Place
2415720, -0.513306, 0.106567, -0.760010, 31.555170, -6.347656, 7.629394,Pick and Place
2415740, -0.597168, 0.095703, -0.782349, 30.395500, -3.784179, 9.277344,Pick and Place
2415760, -0.561279, 0.082275, -0.838257, 28.076170, 2.746581, 8.422854,Pick and Place
2415780, -0.546997, 0.088379, -0.861938, 26.916500, 6.530760, 5.981444,Pick and Place
2415800, -0.507202, 0.116455, -0.814453, 23.132320, 4.821778, 3.784179,Pick and Place
2415820, -0.491943, 0.154907, -0.806030, 22.644040, -2.624511, 1.220704,Pick and Place
2415840, -0.549072, 0.143311, -0.836548, 22.460930, -2.929687, -1.647949,Pick and Place
2415860, -0.573975, 0.123901, -0.854980, 19.958500, -1.159668, -3.723144,Pick and Place
2415880, -0.550171, 0.138672, -0.822388, 17.028810, -2.807617, -4.394532,Pick and Place
2415900, -0.580322, 0.131592, -0.842163, 14.648436, -1.647949, -4.333496,Pick and Place
2415920, -0.580200, 0.145020, -0.838501, 11.779784, -1.892090, -4.760742,Pick and Place
2415940, -0.579224, 0.160889, -0.830933, 11.230468, -3.967285, -4.943848,Pick and Place
2415960, -0.595093, 0.140015, -0.822266, 11.169430, -5.432128, -5.432128,Pick and Place
2415980, -0.605835, 0.119385, -0.807739, 10.620116, -5.126952, -5.126952,Pick and Place
2416000, -0.598389, 0.146362, -0.783692, 9.521484, -4.211426, -4.394532,Pick and Place
2416020, -0.596558, 0.158814, -0.768921, 10.803220, -2.502442, -5.493162,Pick and Place
2416040, -0.671997, 0.123901, -0.877686, 6.774902, -0.366211, -1.159668,Pick and Place
2416060, -0.777466, 0.097534, -0.913940, -0.671386, 18.371584, 0.122070,Pick and Place
2416080, -0.544800, 0.167969, -0.846192, -4.882814, 6.042480, 1.098633,Pick and Place
2416100, -0.630493, 0.199829, -0.800781, 0.549316, -3.601074, -3.173828,Pick and Place
2416120, -0.608887, 0.168335, -0.779053, 1.892090, 0.915527, -3.112792,Pick and Place
2416140, -0.633545, 0.167480, -0.785767, 1.892090, 5.371092, -1.586914,Pick and Place
2416160, -0.599732, 0.162109, -0.781616, 2.197266, 6.652830, -1.342773,Pick and Place
2416180, -0.576172, 0.162720, -0.780640, 2.075196, 2.441407, -2.868652,Pick and Place
2416200, -0.591309, 0.134888, -0.776612, 2.624511, -3.601074, -5.615234,Pick and Place
2416220, -0.606812, 0.155762, -0.748169, 2.563476, -9.094240, -5.798338,Pick and Place
2416240, -0.608887, 0.157349, -0.737183, 4.943848, -8.850100, -5.493162,Pick and Place
2416260, -0.589478, 0.145630, -0.755005, 7.202148, -8.666994, -4.943848,Pick and Place
2416280, -0.595703, 0.140869, -0.731690, 7.690428, -4.699708, -6.835936,Pick and Place
2416300, -0.599732, 0.136475, -0.727173, 6.530760, -4.394532, -5.615234,Pick and Place
2416320, -0.630005, 0.130493, -0.742798, 7.324218, -4.577638, -5.065916,Pick and Place
2416340, -0.619141, 0.107910, -0.775513, 6.652830, -2.868652, -4.638672,Pick and Place
2416360, -0.607056, 0.120483, -0.774902, 4.272462, -6.896972, -5.004884,Pick and Place
2416380, -0.638550, 0.134766, -0.765625, 5.126952, -9.399414, -5.981444,Pick and Place
2416400, -0.643555, 0.117920, -0.780396, 5.310058, -6.652830, -7.324218,Pick and Place
2416420, -0.643433, 0.101563, -0.783570, 3.723144, -2.929687, -5.615234,Pick and Place
2416440, -0.647827, 0.124756, -0.775513, 1.037598, -2.075196, -1.708984,Pick and Place
2416460, -0.648194, 0.171997, -0.777710, 1.342773, -6.408690, 0.366211,Pick and Place
2416480, -0.665772, 0.170044, -0.789307, 4.455568, -4.821778, -2.380371,Pick and Place
2416500, -0.654663, 0.140869, -0.802002, 3.479003, 0.305176, -2.197266,Pick and Place
2416520, -0.631226, 0.116211, -0.804199, 1.281738, 0.061035, 0.488281,Pick and Place
2416540, -0.627686, 0.103272, -0.790283, 0.061035, -0.976562, 0.183105,Pick and Place
2416560, -0.623657, 0.108887, -0.765991, 0.183105, -0.732422, -2.807617,Pick and Place
2416580, -0.603638, 0.094360, -0.747803, -0.549316, 2.014160, -3.051757,Pick and Place
2416600, -0.602905, 0.120483, -0.755737, -0.549316, 0.488281, -2.258301,Pick and Place
2416620, -0.614380, 0.081787, -0.773316, -0.732422, 1.037598, -3.173828,Pick and Place
2416640, -0.615479, 0.079468, -0.769654, -3.417968, -0.488281, -5.187988,Pick and Place
2416660, -0.625000, 0.098389, -0.749268, -4.333496, -4.394532, -4.211426,Pick and Place
2416680, -0.626587, 0.118408, -0.746460, -3.601074, -4.394532, -4.943848,Pick and Place
2416700, -0.639038, 0.129272, -0.766358, -0.671386, -2.441407, -2.990722,Pick and Place
2416720, -0.664795, 0.096558, -0.763062, -0.793457, 1.464844, -1.586914,Pick and Place
2416740, -0.660645, 0.135376, -0.749390, -1.281738, 2.990722, -0.488281,Pick and Place
2416760, -0.645996, 0.156616, -0.754517, -0.122070, 2.746581, -0.061035,Pick and Place
2416780, -0.634278, 0.143188, -0.780884, 1.770019, 3.784179, 0.549316,Pick and Place
2416800, -0.670776, 0.134033, -0.757446, 1.098633, 3.540038, 1.770019,Pick and Place
2416820, -0.629272, 0.130249, -0.754761, 0.427246, 6.713866, 1.464844,Pick and Place
2416840, -0.614502, 0.136475, -0.770996, 0.976562, 4.577638, 0.366211,Pick and Place
2416860, -0.599121, 0.130249, -0.770142, 1.525878, 0.549316, 0.061035,Pick and Place
2416880, -0.624512, 0.131836, -0.768921, 0.976562, -0.488281, -1.953124,Pick and Place
2416900, -0.630982, 0.134277, -0.781982, 0.976562, 3.417968, -1.708984,Pick and Place
2416920, -0.640625, 0.125244, -0.802856, 1.464844, 6.896972, -0.122070,Pick and Place
2416940, -0.609741, 0.094116, -0.831055, 1.586914, 5.004884, 1.831054,Pick and Place
2416960, -0.611816, 0.057983, -0.847168, 1.098633, 2.746581, 1.098633,Pick and Place
2416980, -0.605347, 0.045776, -0.879883, -1.770019, -3.662109, 2.258301,Pick and Place
2417000, -0.679932, 0.026367, -0.901856, -3.112792, -2.624511, 0.976562,Pick and Place
2417020, -0.608765, 0.006958, -0.917480, -10.437010, -2.563476, 2.197266,Pick and Place
2417040, -0.656982, -0.042236, -0.952148, -14.953610, -0.427246, 3.051757,Pick and Place
2417060, -0.622314, -0.072632, -0.962402, -22.705070, 4.821778, 2.563476,Pick and Place
2417080, -0.578369, -0.088623, -0.929566, -29.296870, 7.202148, 0.915527,Pick and Place
2417100, -0.520752, -0.062988, -0.922119, -35.522460, 7.812498, -0.366211,Pick and Place
2417120, -0.461304, -0.035889, -0.956665, -37.780760, 8.972170, -2.319336,Pick and Place
2417140, -0.458496, -0.043701, -0.991455, -38.757330, 17.272950, -7.324218,Pick and Place
2417160, -0.444336, -0.060669, -1.000122, -40.954580, 34.118660, -15.747068,Pick and Place
2417180, -0.457764, -0.052856, -0.950440, -48.522940, 49.743640, -29.052730,Pick and Place
2417200, -0.453125, 0.097046, -0.849365, -60.974110, 64.514160, -45.959460,Pick and Place
2417220, -0.376953, 0.243530, -0.688477, -60.729970, 66.833500, -66.711440,Pick and Place
2417240, -0.526856, 0.182617, -0.742066, -43.334950, 52.307120, -85.754380,Pick and Place
2417260, -0.672852, 0.096191, -0.759522, -44.494620, 64.209000, -86.120600,Pick and Place
2417280, -0.631104, 0.163818, -0.679077, -48.278800, 79.406740, -83.679180,Pick and Place
2417300, -0.560059, 0.257080, -0.610596, -44.494620, 78.063980, -80.871560,Pick and Place
2417320, -0.623169, 0.272461, -0.627564, -28.442380, 72.937020, -78.002940,Pick and Place
2417340, -0.687622, 0.177368, -0.683472, -18.615724, 78.918460, -72.204600,Pick and Place
2417360, -0.600586, 0.162109, -0.761230, -24.230950, 86.181620, -59.448240,Pick and Place
2417380, -0.455322, 0.241333, -0.830933, -26.916500, 77.270520, -47.363270,Pick and Place
2417400, -0.429199, 0.259033, -0.826660, -20.690910, 58.654780, -42.663560,Pick and Place
2417420, -0.533814, 0.269165, -0.824463, -14.953610, 49.804680, -40.649400,Pick and Place
2417440, -0.594849, 0.269409, -0.817505, -13.549804, 59.265120, -40.100100,Pick and Place
2417460, -0.425537, 0.364136, -0.819336, -13.244628, 75.927740, -30.822750,Pick and Place
2417480, -0.239502, 0.400391, -0.802856, -4.943848, 61.401360, -28.198240,Pick and Place
2417500, -0.229248, 0.376831, -0.812866, 7.141112, 34.912120, -27.038570,Pick and Place
2417520, -0.343018, 0.291504, -0.845825, 11.596676, 23.193352, -23.681636,Pick and Place
2417540, -0.378418, 0.292358, -0.854004, 12.756344, 25.512690, -19.897460,Pick and Place
2417560, -0.331177, 0.273682, -0.867310, 15.441892, 24.780270, -15.808104,Pick and Place
2417580, -0.355347, 0.220093, -0.920166, 19.592290, 22.399900, -11.962890,Pick and Place
2417600, -0.296997, 0.178955, -0.949097, 19.287110, 17.578130, -12.451170,Pick and Place
2417620, -0.278931, 0.162964, -0.933960, 16.113284, 1.464844, -8.056642,Pick and Place
2417640, -0.344727, 0.178345, -0.919800, 12.817380, -8.972170, -4.821778,Pick and Place
2417660, -0.399536, 0.188965, -0.908203, 9.521484, -3.112792, -2.624511,Pick and Place
2417680, -0.273438, 0.171997, -0.996094, 5.859374, 15.808104, -1.586914,Pick and Place
2417700, -0.241821, 0.146484, -1.040162, 5.554198, 5.615234, 4.211426,Pick and Place
2417720, -0.157227, 0.168579, -1.012574, 8.056642, -2.014160, 3.356933,Pick and Place
2417740, -0.251221, 0.085327, -1.034668, 8.972170, -19.775390, 5.371092,Pick and Place
2417760, -0.304077, 0.101196, -0.986328, 3.601074, -17.700200, 4.638672,Pick and Place
2417780, -0.293945, 0.129883, -0.995117, 2.929687, -16.174320, 7.446288,Pick and Place
2417800, -0.250122, 0.137695, -1.013306, 5.004884, -19.104010, 10.803220,Pick and Place
2417820, -0.311524, 0.090088, -1.005371, 5.798338, -27.282710, 12.695310,Pick and Place
2417840, -0.412476, 0.106934, -0.953003, 2.868652, -28.015130, 12.695310,Pick and Place
2417860, -0.400635, 0.132080, -0.927246, -1.464844, -23.681636, 15.869140,Pick and Place
2417880, -0.355835, 0.132690, -0.958374, -4.638672, -24.902340, 21.484370,Pick and Place
2417900, -0.329468, 0.196899, -0.986572, -8.728030, -46.569820, 28.564450,Pick and Place
2417920, -0.416138, 0.202271, -0.966553, -3.906249, -57.739250, 31.799310,Pick and Place
2417940, -0.521484, 0.183716, -0.923706, -1.525878, -62.683100, 36.865240,Pick and Place
2417960, -0.583252, 0.171875, -0.859986, -2.075196, -57.861320, 43.457020,Pick and Place
2417980, -0.523316, 0.199219, -0.843872, -1.953124, -53.649900, 51.879880,Pick and Place
2418000, -0.405029, 0.228638, -0.848755, -0.610352, -59.814440, 58.715810,Pick and Place
2418020, -0.370972, 0.259399, -0.822022, 4.333496, -76.171900, 62.133780,Pick and Place
2418040, -0.460571, 0.280274, -0.764404, 12.512204, -92.163060, 63.537590,Pick and Place
2418060, -0.526489, 0.256958, -0.702881, 22.338860, -104.736300, 61.340320,Pick and Place
2418080, -0.529419, 0.234253, -0.684082, 28.259270, -107.604960, 60.729970,Pick and Place
2418100, -0.523316, 0.239258, -0.682373, 31.738280, -109.741200, 59.692380,Pick and Place
2418120, -0.617432, 0.239624, -0.677979, 42.175280, -103.210440, 57.189930,Pick and Place
2418140, -0.665283, 0.203125, -0.681763, 46.142570, -88.012680, 54.260240,Pick and Place
2418160, -0.646851, 0.196655, -0.712524, 46.264640, -70.922860, 47.668440,Pick and Place
2418180, -0.614990, 0.187134, -0.718506, 46.630850, -58.105460, 39.733900,Pick and Place
2418200, -0.623291, 0.164185, -0.716553, 46.203600, -46.386710, 33.813480,Pick and Place
2418220, -0.632935, 0.162598, -0.733032, 45.959460, -34.179700, 28.808590,Pick and Place
2418240, -0.633423, 0.163086, -0.742920, 47.668440, -20.446770, 22.827140,Pick and Place
2418260, -0.691528, 0.141724, -0.765137, 49.621580, -1.037598, 17.395020,Pick and Place
2418280, -0.657349, 0.097534, -0.776978, 49.926750, 20.385740, 12.878416,Pick and Place
2418300, -0.557251, 0.055664, -0.794312, 45.959460, 35.705570, 8.789064,Pick and Place
2418320, -0.476318, 0.050293, -0.804199, 41.442860, 35.522460, 6.958006,Pick and Place
2418340, -0.482666, 0.071167, -0.823120, 38.391120, 20.385740, 4.943848,Pick and Place
2418360, -0.514648, 0.031494, -0.866211, 37.658700, 20.324700, 2.685546,Pick and Place
2418380, -0.566162, -0.006470, -0.898926, 32.104500, 23.315424, 1.953124,Pick and Place
2418400, -0.525146, -0.001465, -0.882324, 25.939940, 23.864740, 1.892090,Pick and Place
2418420, -0.488648, 0.002075, -0.839234, 21.545408, 13.244628, 0.549316,Pick and Place
2418440, -0.527588, 0.026855, -0.839356, 21.301268, 1.892090, -0.671386,Pick and Place
2418460, -0.564697, -0.000244, -0.839112, 19.958500, -0.732422, -1.953124,Pick and Place
2418480, -0.586792, -0.016602, -0.853638, 16.662600, -1.342773, -1.281738,Pick and Place
2418500, -0.605225, -0.018677, -0.834229, 12.512204, 1.342773, 0.000000,Pick and Place
2418520, -0.578980, 0.021118, -0.838013, 10.620116, 4.150392, -1.220704,Pick and Place
2418540, -0.591064, 0.010254, -0.829346, 11.840818, 6.164550, -1.403808,Pick and Place
2418560, -0.554566, -0.014526, -0.819092, 8.728030, 8.544924, -2.685546,Pick and Place
2418580, -0.567383, 0.018799, -0.833618, 6.103514, 7.751464, -2.075196,Pick and Place
2418600, -0.575195, 0.003418, -0.870484, 6.774902, 12.023924, -0.671386,Pick and Place
2418620, -0.629150, 0.018555, -0.858398, 3.845214, 21.179192, -2.502442,Pick and Place
2418640, -0.582031, 0.016968, -0.857788, 3.601074, 28.991692, -1.708984,Pick and Place
2418660, -0.605347, -0.004272, -0.913330, 2.197266, 30.639640, 1.647949,Pick and Place
2418680, -0.632812, -0.018311, -0.976196, -1.647949, 45.837400, 4.028321,Pick and Place
2418700, -0.545776, 0.000977, -0.992798, -7.263182, 51.696770, 5.798338,Pick and Place
2418720, -0.474609, 0.031128, -0.942505, -9.155274, 47.546380, 5.676268,Pick and Place
2418740, -0.373657, 0.054565, -0.938721, -11.901852, 36.987310, 4.455568,Pick and Place
2418760, -0.405029, 0.043823, -0.976074, -12.512204, 25.695796, 2.075196,Pick and Place
2418780, -0.379272, 0.025635, -0.997803, -21.484370, 18.676760, 0.061035,Pick and Place
2418800, -0.368042, 0.062256, -0.992310, -27.221676, 6.408690, 1.281738,Pick and Place
2418820, -0.421143, 0.092773, -0.980103, -29.785150, 0.000000, 0.610352,Pick and Place
2418840, -0.507568, 0.127441, -0.982788, -31.616208, 7.934570, -0.793457,Pick and Place
2418860, -0.445679, 0.153931, -0.965820, -33.813480, 16.540530, -0.183105,Pick and Place
2418880, -0.357178, 0.192505, -0.929566, -36.804200, 9.033204, 1.464844,Pick and Place
2418900, -0.392212, 0.221802, -0.852051, -38.208020, -3.967285, 2.075196,Pick and Place
2418920, -0.498047, 0.276001, -0.836670, -37.231450, -2.380371, -0.854492,Pick and Place
2418940, -0.503906, 0.294556, -0.896362, -35.583500, 14.892576, -2.746581,Pick and Place
2418960, -0.394898, 0.307007, -0.898316, -38.574220, 12.695310, 2.746581,Pick and Place
2418980, -0.347778, 0.343750, -0.856812, -34.423840, -16.113284, 8.789064,Pick and Place
2419000, -0.451050, 0.340088, -0.816406, -22.399900, -54.443350, 0.366211,Pick and Place
2419020, -0.589844, 0.301025, -0.780029, -18.066410, -47.973620, -7.995604,Pick and Place
2419040, -0.521484, 0.300903, -0.788574, -16.296390, -34.606940, -6.164550,Pick and Place
2419060, -0.493408, 0.313477, -0.781006, -8.422854, -32.531740, -1.220704,Pick and Place
2419080, -0.510254, 0.285889, -0.745972, -1.525878, -35.339360, 3.112792,Pick and Place
2419100, -0.530029, 0.277344, -0.698975, 5.676268, -36.071780, -3.356933,Pick and Place
2419120, -0.559082, 0.255982, -0.724854, 13.366696, -25.451652, -11.108396,Pick and Place
2419140, -0.510376, 0.170410, -0.745728, 18.249516, -23.376460, -9.948730,Pick and Place
2419160, -0.513428, 0.129639, -0.711060, 18.615724, -29.907220, -7.324218,Pick and Place
2419180, -0.593750, 0.134888, -0.676514, 18.066410, -31.127924, -8.361816,Pick and Place
2419200, -0.629028, 0.138916, -0.698242, 19.104010, -22.583000, -10.498044,Pick and Place
2419220, -0.547730, 0.067261, -0.718872, 16.662600, -15.869140, -8.911134,Pick and Place
2419240, -0.606812, 0.089355, -0.736084, 13.916012, -18.432620, -5.371092,Pick and Place
2419260, -0.666260, 0.099121, -0.760132, 13.793944, -10.925290, -4.028321,Pick and Place
2419280, -0.606323, 0.074951, -0.773194, 11.779784, -3.540038, -7.080076,Pick and Place
2419300, -0.578613, 0.063843, -0.789429, 10.559080, -0.244141, -8.422854,Pick and Place
2419320, -0.596680, 0.051270, -0.800781, 8.300784, 1.342773, -6.774902,Pick and Place
2419340, -0.545044, 0.070557, -0.808106, 6.896972, -4.394532, -3.234863,Pick and Place
2419360, -0.566162, 0.053711, -0.783325, 6.591796, -11.535644, -1.586914,Pick and Place
2419380, -0.674561, 0.073975, -0.785156, 6.591796, 2.075196, -6.286620,Pick and Place
2419400, -0.553955, 0.019287, -0.880982, -1.892090, 14.221190, -3.540038,Pick and Place
2419420, -0.609741, 0.033325, -0.981079, -7.690428, -1.892090, 2.624511,Pick and Place
2419440, -0.603882, 0.008057, -0.959961, -7.690428, -7.629394, 1.220704,Pick and Place
2419460, -0.602539, 0.021484, -0.919800, -10.131832, -9.460450, 3.234863,Pick and Place
2419480, -0.600708, 0.021118, -0.942383, -14.892576, -3.723144, 8.361816,Pick and Place
2419500, -0.577759, 0.007935, -0.982300, -21.118160, 1.770019, 11.779784,Pick and Place
2419520, -0.524536, 0.011353, -0.992554, -27.893060, -1.098633, 12.390136,Pick and Place
2419540, -0.544434, 0.046265, -0.953247, -30.700680, -0.244141, 6.530760,Pick and Place
2419560, -0.539429, 0.089233, -0.921021, -31.372068, 8.728030, 3.295898,Pick and Place
2419580, -0.497559, 0.108398, -0.899170, -31.677240, 13.549804, -0.305176,Pick and Place
2419600, -0.429810, 0.135742, -0.853394, -32.653820, 10.620116, -4.150392,Pick and Place
2419620, -0.435547, 0.110718, -0.857178, -32.958990, 4.516602, -8.605960,Pick and Place
2419640, -0.473145, 0.093872, -0.861450, -36.865240, 4.638672, -12.695310,Pick and Place
2419660, -0.504395, 0.182739, -0.847900, -42.724600, 12.023924, -17.700200,Pick and Place
2419680, -0.489014, 0.201050, -0.828980, -43.457020, 14.160152, -21.972650,Pick and Place
2419700, -0.461548, 0.196655, -0.779663, -45.654280, 7.324218, -27.526850,Pick and Place
2419720, -0.516968, 0.198730, -0.750854, -45.349110, 1.220704, -33.386240,Pick and Place
2419740, -0.551514, 0.194702, -0.749268, -44.433580, 6.225584, -36.376960,Pick and Place
2419760, -0.555176, 0.217529, -0.747314, -44.982900, 21.301268, -35.766600,Pick and Place
2419780, -0.515137, 0.222412, -0.743652, -43.029780, 33.203130, -36.071780,Pick and Place
2419800, -0.455444, 0.262085, -0.722412, -42.846670, 31.005852, -38.879400,Pick and Place
2419820, -0.476685, 0.335327, -0.699341, -36.865240, 22.888180, -43.457020,Pick and Place
2419840, -0.510254, 0.335816, -0.687744, -31.249992, 20.996090, -48.278800,Pick and Place
2419860, -0.516968, 0.311401, -0.683716, -26.855464, 22.216790, -51.452620,Pick and Place
2419880, -0.535522, 0.360230, -0.640259, -24.414060, 19.470220, -50.415030,Pick and Place
2419900, -0.575684, 0.390625, -0.618408, -17.028810, 14.526364, -50.354000,Pick and Place
2419920, -0.634522, 0.359131, -0.624146, -11.413570, 16.357424, -52.246080,Pick and Place
2419940, -0.668579, 0.323975, -0.625977, -8.544924, 18.371584, -50.842280,Pick and Place
2419960, -0.697388, 0.345215, -0.611938, -5.676268, 13.488768, -49.072260,Pick and Place
2419980, -0.731812, 0.322388, -0.635864, 0.000000, 8.666994, -41.625960,Pick and Place
2420000, -0.713867, 0.308594, -0.641968, -0.305176, 7.141112, -36.193860,Pick and Place
2420020, -0.730957, 0.337158, -0.624390, 3.601074, 4.211426, -33.081060,Pick and Place
2420040, -0.754028, 0.313843, -0.643921, 8.239746, 1.647949, -28.869624,Pick and Place
2420060, -0.765503, 0.280274, -0.691284, 11.657712, 0.793457, -24.108880,Pick and Place
2420080, -0.738037, 0.269531, -0.680054, 10.925290, 5.004884, -19.348150,Pick and Place
2420100, -0.806030, 0.273682, -0.856568, 0.549316, -5.981444, -2.380371,Pick and Place
2420120, -0.739258, 0.206543, -0.875122, -2.929687, 10.131832, -1.953124,Pick and Place
2420140, -0.601074, 0.291748, -0.839478, -3.356933, 0.061035, -0.122070,Pick and Place
2420160, -0.635498, 0.254272, -0.812866, 0.366211, -8.361816, -0.976562,Pick and Place
2420180, -0.621460, 0.222534, -0.782471, -0.244141, -4.882814, -2.502442,Pick and Place
2420200, -0.597778, 0.209839, -0.782471, 0.549316, -1.342773, -2.136231,Pick and Place
2420220, -0.595947, 0.196411, -0.805908, 0.061035, 3.295898, 0.732422,Pick and Place
2420240, -0.569336, 0.210571, -0.809326, -0.915527, 6.896972, 3.601074,Pick and Place
2420260, -0.530518, 0.214844, -0.844971, -0.854492, 5.554198, 2.502442,Pick and Place
2420280, -0.540528, 0.191284, -0.859741, -1.953124, -1.708984, 1.037598,Pick and Place
2420300, -0.564697, 0.209229, -0.839844, -4.028321, -5.065916, -0.915527,Pick and Place
2420320, -0.534180, 0.221436, -0.805054, -3.662109, -8.300784, -2.136231,Pick and Place
2420340, -0.532471, 0.203491, -0.817017, -1.525878, -7.263182, 0.122070,Pick and Place
2420360, -0.579468, 0.165405, -0.811279, -2.258301, -3.540038, 1.647949,Pick and Place
2420380, -0.593994, 0.189209, -0.772949, -5.126952, -4.699708, 3.051757,Pick and Place
2420400, -0.604370, 0.203369, -0.782104, -2.563476, -10.681150, 0.610352,Pick and Place
2420420, -0.626587, 0.168457, -0.839478, -4.516602, -10.131832, -1.586914,Pick and Place
2420440, -0.647339, 0.154419, -0.874024, -10.314940, -8.300784, 0.305176,Pick and Place
2420460, -0.655274, 0.172363, -0.837646, -16.296390, -10.925290, 5.371092,Pick and Place
2420480, -0.686279, 0.209595, -0.757935, -19.226080, -18.066410, 11.047360,Pick and Place
2420500, -0.745362, 0.218628, -0.714966, -20.874020, -18.249516, 14.770504,Pick and Place
2420520, -0.794678, 0.238647, -0.739380, -24.536130, -2.319336, 18.188480,Pick and Place
2420540, -0.697754, 0.278931, -0.661377, -29.113768, 14.648436, 29.296870,Pick and Place
2420560, -0.730347, 0.359375, -0.560425, -26.184080, 7.812498, 35.705570,Pick and Place
2420580, -0.879395, 0.340088, -0.567871, -21.972650, 41.870110, 34.362800,Pick and Place
2420600, -0.760010, 0.330688, -0.615112, -23.620600, 90.270980, 41.320790,Pick and Place
2420620, -0.492188, 0.396240, -0.628296, -22.338860, 102.539040, 54.443350,Pick and Place
2420640, -0.519654, 0.475586, -0.704834, -19.958500, 98.266580, 63.476560,Pick and Place
2420660, -0.600830, 0.367554, -0.780396, -18.859868, 109.191880, 59.814440,Pick and Place
2420680, -0.458984, 0.389526, -0.830566, -18.615724, 104.248040, 61.645500,Pick and Place
2420700, -0.308228, 0.455322, -0.753174, -14.587400, 68.481460, 67.871100,Pick and Place
2420720, -0.353760, 0.482544, -0.724732, -5.615234, 28.564450, 69.824240,Pick and Place
2420740, -0.340454, 0.457886, -0.718872, 4.211426, 5.187988, 72.692880,Pick and Place
2420760, -0.252808, 0.512940, -0.640991, 25.756830, -14.465330, 70.068360,Pick and Place
2420780, -0.259888, 0.480713, -0.648804, 39.550780, -22.277830, 72.876000,Pick and Place
2420800, -0.223511, 0.449097, -0.730713, 54.687490, -35.644540, 70.678720,Pick and Place
2420820, -0.301270, 0.404175, -0.835816, 70.678720, -41.687000, 64.086940,Pick and Place
2420840, -0.268066, 0.405396, -0.839478, 84.289540, -37.902840, 57.189930,Pick and Place
2420860, -0.246460, 0.368286, -0.824463, 92.956520, -37.536620, 49.499500,Pick and Place
2420880, -0.065552, 0.311157, -0.704712, 88.439920, -53.894040, 46.081540,Pick and Place
2420900, -0.130249, 0.340698, -0.661865, 92.651360, -77.087400, 39.062500,Pick and Place
2420920, -0.417236, 0.258789, -0.788208, 102.294900, -58.959950, 29.663080,Pick and Place
2420940, -0.377564, 0.117676, -0.940186, 97.961400, -17.578130, 22.705070,Pick and Place
2420960, -0.201050, 0.063477, -1.041382, 83.862300, 0.427246, 21.301268,Pick and Place
2420980, -0.091675, 0.092529, -0.966919, 70.556640, -33.142100, 17.395020,Pick and Place
2421000, -0.239868, 0.064941, -0.912476, 72.265640, -53.833000, 5.432128,Pick and Place
2421020, -0.428955, -0.009155, -1.008789, 67.443860, -40.588370, -4.638672,Pick and Place
2421040, -0.515503, -0.096191, -1.103028, 54.687490, -2.014160, -3.173828,Pick and Place
2421060, -0.358276, -0.103516, -1.059814, 38.330080, 21.789548, 0.854492,Pick and Place
2421080, -0.239746, -0.020630, -1.023316, 33.447270, 18.737796, 0.915527,Pick and Place
2421100, -0.239380, -0.022339, -1.028198, 32.897960, 8.911134, -4.638672,Pick and Place
2421120, -0.250488, -0.000610, -1.032349, 32.043460, -8.361816, -14.465330,Pick and Place
2421140, -0.305664, -0.034424, -0.987793, 30.456540, -8.850100, -13.488768,Pick and Place
2421160, -0.319946, -0.052734, -0.978760, 39.917000, -10.009768, -10.803220,Pick and Place
2421180, -0.389771, -0.229614, -1.062866, 23.071284, 15.624996, -4.455568,Pick and Place
2421200, -0.098389, -0.133301, -1.170532, -9.643556, -16.723632, 8.666994,Pick and Place
2421220, -0.359619, 0.029907, -1.068726, -0.183105, -52.001940, -1.525878,Pick and Place
2421240, -0.425537, -0.084717, -0.968872, 6.103514, -40.832510, -11.535644,Pick and Place
2421260, -0.371338, -0.115112, -0.936279, -4.211426, -35.400400, -9.765626,Pick and Place
2421280, -0.361694, -0.099609, -0.950928, -9.765626, -39.001470, -2.075196,Pick and Place
2421300, -0.416992, -0.085938, -0.972534, -11.901852, -43.823240, -0.854492,Pick and Place
2421320, -0.510254, -0.112671, -0.992798, -14.038084, -30.700680, -10.803220,Pick and Place
2421340, -0.468140, -0.149170, -1.000000, -19.836430, -22.277830, -12.878416,Pick and Place
2421360, -0.438599, -0.197022, -1.004761, -27.404780, -25.329584, -7.507323,Pick and Place
2421380, -0.428467, -0.167114, -0.963135, -36.743170, -34.667980, -3.723144,Pick and Place
2421400, -0.506714, -0.074829, -0.975952, -40.771480, -34.667980, -3.723144,Pick and Place
2421420, -0.478149, -0.057373, -0.968628, -47.668440, -18.798830, -9.277344,Pick and Place
2421440, -0.408447, -0.033325, -0.940186, -50.842280, -18.981940, -10.314940,Pick and Place
2421460, -0.406616, -0.032837, -0.906372, -52.246080, -27.648920, -9.643556,Pick and Place
2421480, -0.454468, -0.007080, -0.880982, -53.344720, -29.296870, -10.192870,Pick and Place
2421500, -0.526612, 0.032837, -0.867554, -52.429190, -17.700200, -12.268064,Pick and Place
2421520, -0.525513, 0.038574, -0.836914, -51.330560, -0.610352, -16.601568,Pick and Place
2421540, -0.429932, 0.091187, -0.797608, -50.231920, 7.995604, -22.277830,Pick and Place
2421560, -0.391358, 0.144531, -0.808838, -44.555660, 2.929687, -25.573724,Pick and Place
2421580, -0.394165, 0.173096, -0.811157, -36.132820, -3.723144, -27.893060,Pick and Place
2421600, -0.531372, 0.181641, -0.809204, -25.268550, 8.544924, -32.226570,Pick and Place
2421620, -0.554444, 0.152832, -0.796387, -20.751950, 36.010750, -33.691410,Pick and Place
2421640, -0.418823, 0.318359, -0.816650, -17.089850, 48.583980, -32.775880,Pick and Place
2421660, -0.422608, 0.374634, -0.797363, -9.033204, 42.236320, -35.705570,Pick and Place
2421680, -0.485352, 0.360352, -0.748169, -1.770019, 38.635260, -42.846670,Pick and Place
2421700, -0.585816, 0.318237, -0.743652, 2.014160, 42.419420, -47.241200,Pick and Place
2421720, -0.591675, 0.290772, -0.739136, 0.671386, 45.043940, -44.677720,Pick and Place
2421740, -0.531860, 0.308228, -0.741089, -0.244141, 42.053220, -38.818360,Pick and Place
2421760, -0.545898, 0.290283, -0.786255, 3.784179, 34.667980, -36.804200,Pick and Place
2421780, -0.640625, 0.224487, -0.819336, 5.249022, 32.470710, -35.156260,Pick and Place
2421800, -0.695679, 0.175659, -0.832398, 4.516602, 43.334950, -34.301760,Pick and Place
2421820, -0.609497, 0.144043, -0.829346, 1.586914, 51.696770, -29.785150,Pick and Place
2421840, -0.445923, 0.145386, -0.805298, -0.305176, 47.119130, -24.353020,Pick and Place
2421860, -0.449707, 0.134522, -0.784546, 2.746581, 24.414060, -19.958500,Pick and Place
2421880, -0.536499, 0.096191, -0.806274, 3.967285, 25.878900, -18.859868,Pick and Place
2421900, -0.478272, 0.072754, -0.829590, 2.014160, 34.118660, -16.723632,Pick and Place
2421920, -0.393433, 0.122559, -0.881714, -1.098633, 35.522460, -14.038084,Pick and Place
2421940, -0.386475, 0.179077, -0.884400, 1.037598, 33.630380, -13.000484,Pick and Place
2421960, -0.382202, 0.170288, -0.891724, 3.479003, 30.944820, -14.587400,Pick and Place
2421980, -0.395020, 0.164185, -0.922241, 4.211426, 29.357908, -17.395020,Pick and Place
2422000, -0.316162, 0.105347, -0.976074, 1.770019, 22.521970, -17.822270,Pick and Place
2422020, -0.313232, 0.100464, -1.031372, -8.666994, 5.859374, -13.244628,Pick and Place
2422040, -0.388916, 0.109253, -1.021118, -5.798338, 9.277344, -10.681150,Pick and Place
2422060, -0.373413, 0.111206, -1.033814, -10.986324, 16.967780, -7.873534,Pick and Place
2422080, -0.302734, 0.110230, -1.028931, -11.413570, 8.178714, -4.394532,Pick and Place
2422100, -0.267700, 0.101685, -1.017090, -10.803220, 4.089356, -6.774902,Pick and Place
2422120, -0.154663, 0.094727, -1.041992, -17.822270, -7.629394, -3.967285,Pick and Place
2422140, -0.186768, 0.076904, -1.085694, -22.033690, -20.629880, -2.746581,Pick and Place
2422160, -0.309814, 0.097778, -1.054810, -29.602044, -26.428220, -2.746581,Pick and Place
2422180, -0.268066, 0.173218, -0.984375, -33.630380, -25.024410, -6.408690,Pick and Place
2422200, -0.233154, 0.210693, -0.979248, -35.400400, -23.315424, -10.803220,Pick and Place
2422220, -0.237305, 0.209106, -0.995239, -39.855960, -25.512690, -9.948730,Pick and Place
2422240, -0.198120, 0.236694, -0.950073, -46.081540, -39.062500, -7.995604,Pick and Place
2422260, -0.296509, 0.319702, -0.909668, -47.058100, -49.072260, -12.634276,Pick and Place
2422280, -0.370850, 0.341187, -0.897705, -46.447740, -41.564930, -16.479492,Pick and Place
2422300, -0.320190, 0.380493, -0.923584, -49.194320, -32.287600, -14.282224,Pick and Place
2422320, -0.397583, 0.361572, -0.887818, -43.762200, -39.672860, -7.995604,Pick and Place
2422340, -0.443115, 0.351563, -0.822388, -37.902840, -48.217760, -8.544924,Pick and Place
2422360, -0.451416, 0.371704, -0.801270, -32.043460, -45.410140, -12.023924,Pick and Place
2422380, -0.432129, 0.360718, -0.764282, -26.550290, -45.776360, -11.108396,Pick and Place
2422400, -0.488648, 0.364868, -0.779053, -17.211920, -46.936020, -6.530760,Pick and Place
2422420, -0.529663, 0.301025, -0.763672, -8.361816, -46.447740, -4.028321,Pick and Place
2422440, -0.520142, 0.297608, -0.705078, -3.234863, -39.489750, -4.943848,Pick and Place
2422460, -0.475220, 0.312134, -0.678467, 4.760742, -35.034180, -6.103514,Pick and Place
2422480, -0.388916, 0.308106, -0.680298, 11.535644, -44.799800, -6.408690,Pick and Place
2422500, -0.543823, 0.246338, -0.724976, 20.202630, -45.043940, -12.084960,Pick and Place
2422520, -0.515381, 0.168579, -0.696533, 19.775390, -28.259270, -12.573240,Pick and Place
2422540, -0.463013, 0.200806, -0.657471, 21.362300, -37.475590, -7.446288,Pick and Place
2422560, -0.410767, 0.222168, -0.642090, 23.742670, -59.448240, -4.089356,Pick and Place
2422580, -0.770142, 0.175415, -0.710571, 30.822750, -46.020500, -12.512204,Pick and Place
2422600, -0.842774, 0.069336, -0.754761, 30.334470, 12.512204, -17.150880,Pick and Place
2422620, -0.565918, 0.064331, -0.764771, 20.568840, 36.315920, -11.535644,Pick and Place
2422640, -0.539917, 0.094727, -0.823730, 13.061520, 22.155760, 3.295898,Pick and Place
2422660, -0.563110, 0.090820, -0.884278, 9.887696, -6.530760, 8.178714,Pick and Place
2422680, -0.690674, 0.043945, -0.919068, 8.300784, -23.986810, 4.821778,Pick and Place
2422700, -0.796875, 0.168335, -0.916504, -0.549316, -0.610352, -2.868652,Pick and Place
2422720, -0.584473, 0.132446, -0.890747, -7.934570, 9.948730, 2.685546,Pick and Place
2422740, -0.732544, 0.227905, -0.804688, -7.873534, -6.835936, 10.864256,Pick and Place
2422760, -0.859131, 0.263916, -0.776612, -5.554198, 25.756830, 10.437010,Pick and Place
2422780, -0.742676, 0.286011, -0.790161, -7.934570, 54.504380, 19.897460,Pick and Place
2422800, -0.591553, 0.345093, -0.788818, -9.948730, 36.010750, 35.705570,Pick and Place
2422820, -0.637207, 0.393921, -0.776612, -5.737304, 7.385252, 39.062500,Pick and Place
2422840, -0.699463, 0.433106, -0.759522, -2.746581, -6.713866, 36.254890,Pick and Place
2422860, -0.704712, 0.406982, -0.722046, 1.464844, -8.972170, 34.606940,Pick and Place
2422880, -0.681396, 0.397949, -0.675904, 3.295898, -11.352536, 38.208020,Pick and Place
2422900, -0.668213, 0.382324, -0.663086, 8.117676, -13.732908, 44.738760,Pick and Place
2422920, -0.638550, 0.377319, -0.681763, 11.962890, -14.709470, 50.048820,Pick and Place
2422940, -0.627442, 0.370606, -0.683838, 17.211920, -14.526364, 51.757800,Pick and Place
2422960, -0.568237, 0.334839, -0.682862, 22.705070, -15.014646, 51.025380,Pick and Place
2422980, -0.508789, 0.330444, -0.695679, 25.024410, -24.902340, 50.598140,Pick and Place
2423000, -0.510010, 0.336060, -0.687988, 27.282710, -35.217290, 49.316400,Pick and Place
2423020, -0.555664, 0.298462, -0.699097, 31.311030, -35.217290, 45.837400,Pick and Place
2423040, -0.521118, 0.267090, -0.720581, 32.775880, -27.282710, 42.663560,Pick and Place
2423060, -0.484619, 0.269531, -0.728516, 34.484870, -25.817870, 42.724600,Pick and Place
2423080, -0.458984, 0.252808, -0.717285, 35.949720, -26.977532, 40.832510,Pick and Place
2423100, -0.414551, 0.238037, -0.721436, 37.902840, -29.479976, 34.606940,Pick and Place
2423120, -0.411133, 0.237305, -0.748291, 38.574220, -32.897960, 26.306150,Pick and Place
2423140, -0.418213, 0.226563, -0.761963, 39.611820, -37.536620, 20.874020,Pick and Place
2423160, -0.501587, 0.182739, -0.790405, 40.405260, -31.433100, 13.671872,Pick and Place
2423180, -0.459595, 0.148560, -0.814453, 36.865240, -16.662600, 7.141112,Pick and Place
2423200, -0.462646, 0.138672, -0.814575, 35.034180, -22.644040, 6.347656,Pick and Place
2423220, -0.486328, 0.120972, -0.822510, 33.264160, -31.066890, 5.432128,Pick and Place
2423240, -0.558350, 0.115601, -0.848633, 31.188960, -30.761716, 1.281738,Pick and Place
2423260, -0.632080, 0.084961, -0.861572, 28.259270, -17.578130, -1.159668,Pick and Place
2423280, -0.570801, 0.086060, -0.848145, 24.658200, -9.216310, -0.366211,Pick and Place
2423300, -0.555664, 0.119629, -0.830566, 22.399900, -13.488768, 1.831054,Pick and Place
2423320, -0.581177, 0.126953, -0.824585, 22.949216, -15.930172, 2.746581,Pick and Place
2423340, -0.642212, 0.092896, -0.833252, 22.277830, -5.981444, 0.183105,Pick and Place
2423360, -0.649170, 0.108398, -0.819458, 19.165040, 10.437010, -1.525878,Pick and Place
2423380, -0.568237, 0.158447, -0.824097, 17.944340, 19.958500, 1.831054,Pick and Place
2423400, -0.508667, 0.134399, -0.850342, 20.080560, 13.366696, 0.793457,Pick and Place
2423420, -0.521851, 0.120850, -0.833008, 18.859868, 5.920409, -2.746581,Pick and Place
2423440, -0.529053, 0.128662, -0.784790, 17.456060, -0.915527, -4.821778,Pick and Place
2423460, -0.545654, 0.137207, -0.791382, 16.296390, -3.784179, -5.249022,Pick and Place
2423480, -0.571900, 0.120483, -0.818482, 14.953610, -1.098633, -5.004884,Pick and Place
2423500, -0.564942, 0.134644, -0.813232, 11.657712, -5.065916, -5.554198,Pick and Place
2423520, -0.588989, 0.150635, -0.777954, 11.718748, -9.582520, -8.728030,Pick and Place
2423540, -0.612305, 0.102295, -0.852783, 6.286620, -15.441892, -6.103514,Pick and Place
2423560, -0.849487, 0.114258, -0.913696, 1.892090, -3.845214, -3.723144,Pick and Place
2423580, -0.616211, 0.104492, -0.864868, -2.624511, 2.746581, 3.173828,Pick and Place
2423600, -0.647949, 0.156982, -0.816040, -1.586914, -3.479003, 1.770019,Pick and Place
2423620, -0.588623, 0.143433, -0.794922, 1.647949, 4.455568, -0.793457,Pick and Place
2423640, -0.594116, 0.131104, -0.810791, 2.807617, 2.319336, -0.122070,Pick and Place
2423660, -0.636475, 0.140625, -0.804077, 2.746581, 7.141112, 0.976562,Pick and Place
2423680, -0.624390, 0.148438, -0.783447, 3.234863, 10.742184, 1.892090,Pick and Place
2423700, -0.589844, 0.146729, -0.805054, 2.807617, 8.300784, 2.197266,Pick and Place
2423720, -0.567139, 0.154297, -0.807617, 2.014160, 0.244141, 1.831054,Pick and Place
2423740, -0.606690, 0.159668, -0.792236, 2.014160, -3.723144, -0.793457,Pick and Place
2423760, -0.575684, 0.150391, -0.774048, 3.112792, -4.211426, -2.502442,Pick and Place
2423780, -0.599487, 0.117920, -0.781616, 4.760742, -3.173828, -3.295898,Pick and Place
2423800, -0.607666, 0.097900, -0.781128, 4.272462, -1.037598, -0.305176,Pick and Place
2423820, -0.643677, 0.113281, -0.767456, 5.493162, 0.915527, 1.220704,Pick and Place
2423840, -0.531860, 0.125244, -0.766113, 5.310058, 7.202148, 0.183105,Pick and Place
2423860, -0.596314, 0.111328, -0.797852, 5.554198, 2.685546, -1.647949,Pick and Place
2423880, -0.583496, 0.110962, -0.810547, 5.737304, 4.638672, -0.488281,Pick and Place
2423900, -0.600708, 0.096924, -0.806030, 6.774902, 5.249022, -1.403808,Pick and Place
2423920, -0.609619, 0.086182, -0.819824, 7.751464, 11.108396, -2.807617,Pick and Place
2423940, -0.540283, 0.043091, -0.861328, 6.103514, 13.671872, -3.295898,Pick and Place
2423960, -0.542969, 0.006226, -0.892456, 2.624511, 10.803220, -3.295898,Pick and Place
2423980, -0.545776, -0.021973, -0.914062, -2.075196, 7.019042, -3.234863,Pick and Place
2424000, -0.553223, -0.031982, -0.961060, -7.019042, 5.065916, -4.394532,Pick and Place
2424020, -0.589112, -0.111816, -1.025757, -10.742184, 7.324218, -6.958006,Pick and Place
2424040, -0.549561, -0.152832, -1.049072, -20.874020, 12.084960, -9.338380,Pick and Place
2424060, -0.472778, -0.139404, -0.992310, -33.630380, 10.925290, -13.305660,Pick and Place
2424080, -0.479858, -0.073975, -0.971802, -39.367680, 13.061520, -18.737796,Pick and Place
2424100, -0.445679, -0.020996, -0.988648, -40.588370, 22.888180, -24.353020,Pick and Place
2424120, -0.460693, 0.033203, -1.001587, -41.198720, 36.193860, -30.029290,Pick and Place
2424140, -0.403809, 0.099487, -0.938721, -39.550780, 50.170890, -36.132820,Pick and Place
2424160, -0.390015, 0.163818, -0.858154, -34.606940, 59.082020, -42.236320,Pick and Place
2424180, -0.467407, 0.178955, -0.820312, -25.451652, 73.791520, -50.964340,Pick and Place
2424200, -0.432007, 0.195679, -0.807129, -23.254390, 90.087860, -57.312000,Pick and Place
2424220, -0.413574, 0.209961, -0.817261, -19.836430, 95.092760, -63.720700,Pick and Place
2424240, -0.328003, 0.187378, -0.795044, -18.249516, 86.425760, -69.641120,Pick and Place
2424260, -0.378540, 0.183228, -0.780518, -14.221190, 74.951180, -73.791520,Pick and Place
2424280, -0.566895, 0.217041, -0.790894, -13.061520, 82.092260, -70.190440,Pick and Place
2424300, -0.580200, 0.167847, -0.836914, -16.845708, 95.336900, -65.734860,Pick and Place
2424320, -0.504517, 0.151367, -0.892456, -23.254390, 99.060040, -59.814440,Pick and Place
2424340, -0.429566, 0.188843, -0.901734, -25.207516, 89.416500, -51.330560,Pick and Place
2424360, -0.393066, 0.244873, -0.892212, -21.728510, 67.138680, -42.785640,Pick and Place
2424380, -0.427734, 0.270142, -0.856568, -9.277344, 48.950180, -37.170420,Pick and Place
2424400, -0.356323, 0.215820, -0.837280, -1.708984, 34.362800, -35.583500,Pick and Place
2424420, -0.344360, 0.195068, -0.812134, -1.525878, 22.766110, -26.550290,Pick and Place
2424440, -0.380859, 0.256958, -0.775146, 1.281738, 18.188480, -17.333990,Pick and Place
2424460, -0.416626, 0.280274, -0.761963, 11.047360, 23.132320, -14.160152,Pick and Place
2424480, -0.316772, 0.233765, -0.769531, 15.808104, 25.024410, -11.474608,Pick and Place
2424500, -0.234375, 0.210205, -0.852661, 17.089850, 7.080076, -0.427246,Pick and Place
2424520, -0.170044, 0.209473, -0.926392, 16.967780, -9.338380, 3.540038,Pick and Place
2424540, -0.279907, 0.214355, -0.941895, 19.714360, -27.465816, 2.563476,Pick and Place
2424560, -0.391235, 0.170532, -0.984619, 19.348150, -22.094720, 0.427246,Pick and Place
2424580, -0.306152, 0.091553, -1.108520, 7.080076, -16.845708, 1.831054,Pick and Place
2424600, -0.301758, 0.097046, -1.094116, -3.356933, -8.544924, 5.798338,Pick and Place
2424620, -0.252319, 0.218018, -1.052124, -4.028321, -12.390136, 9.704590,Pick and Place
2424640, -0.369141, 0.138428, -1.028442, -0.671386, -17.028810, 11.718748,Pick and Place
2424660, -0.282837, 0.119019, -1.013062, -5.187988, -10.498044, 12.084960,Pick and Place
2424680, -0.274658, 0.130615, -1.007935, -5.249022, -17.272950, 17.700200,Pick and Place
2424700, -0.266113, 0.163574, -1.020752, -10.314940, -23.437492, 20.874020,Pick and Place
2424720, -0.313721, 0.171143, -0.984619, -5.920409, -37.658700, 26.245110,Pick and Place
2424740, -0.451904, 0.127075, -0.969971, -7.324218, -35.949720, 29.357908,Pick and Place
2424760, -0.444336, 0.145386, -0.947266, -11.169430, -30.700680, 34.057620,Pick and Place
2424780, -0.408569, 0.182129, -0.907349, -9.948730, -28.442380, 39.550780,Pick and Place
2424800, -0.356690, 0.199585, -0.886108, -9.643556, -31.555170, 46.081540,Pick and Place
2424820, -0.341797, 0.211670, -0.901978, -8.911134, -39.550780, 53.955070,Pick and Place
2424840, -0.341919, 0.242065, -0.915405, -4.272462, -52.307120, 57.373040,Pick and Place
2424860, -0.345947, 0.246094, -0.890503, 0.610352, -65.429700, 56.884760,Pick and Place
2424880, -0.377930, 0.259399, -0.832642, 5.981444, -76.843260, 57.128900,Pick and Place
2424900, -0.410400, 0.260376, -0.787232, 10.437010, -82.031240, 56.274400,Pick and Place
2424920, -0.439453, 0.249390, -0.783447, 15.380856, -83.435040, 56.335440,Pick and Place
2424940, -0.433228, 0.264526, -0.806641, 19.897460, -80.322260, 55.297840,Pick and Place
2424960, -0.411865, 0.273926, -0.789551, 22.583000, -79.162600, 51.513660,Pick and Place
2424980, -0.485108, 0.243652, -0.780518, 26.611320, -74.584960, 46.203600,Pick and Place
2425000, -0.530884, 0.228394, -0.782715, 27.893060, -63.659660, 40.466300,Pick and Place
2425020, -0.530518, 0.247803, -0.790283, 29.663080, -50.842280, 35.339360,Pick and Place
2425040, -0.485108, 0.221558, -0.781372, 32.958990, -37.841800, 31.799310,Pick and Place
2425060, -0.441528, 0.195679, -0.791626, 33.081060, -27.893060, 28.381340,Pick and Place
2425080, -0.457764, 0.187622, -0.816650, 34.423840, -22.644040, 24.230950,Pick and Place
2425100, -0.479736, 0.157837, -0.820679, 34.973150, -17.639160, 18.737796,Pick and Place
2425120, -0.491455, 0.145020, -0.801514, 37.414560, -12.207030, 13.244628,Pick and Place
2425140, -0.483032, 0.118164, -0.820801, 37.658700, -4.455568, 7.934570,Pick and Place
2425160, -0.455566, 0.100708, -0.847900, 36.010750, 2.197266, 5.249022,Pick and Place
2425181, -0.460816, 0.035278, -0.861084, 34.606940, 5.371092, 2.502442,Pick and Place
2425201, -0.446655, 0.025757, -0.880005, 30.639640, 5.249022, -0.488281,Pick and Place
2425221, -0.487183, 0.000244, -0.894043, 29.296870, 7.446288, -3.173828,Pick and Place
2425241, -0.537842, -0.049683, -0.892944, 25.695796, 16.357424, -5.065916,Pick and Place
2425261, -0.501953, -0.067139, -0.873779, 19.226080, 26.000970, -4.943848,Pick and Place
2425281, -0.428345, 0.000854, -0.853882, 14.465330, 26.245110, -5.126952,Pick and Place
2425301, -0.369385, 0.067017, -0.859741, 15.075680, 16.662600, -6.835936,Pick and Place
2425321, -0.416870, 0.054077, -0.858887, 19.958500, 7.202148, -9.277344,Pick and Place
2425341, -0.504150, -0.023193, -0.869507, 21.362300, 9.277344, -9.460450,Pick and Place
2425361, -0.582520, -0.005371, -0.895142, 15.136716, 36.376960, -5.004884,Pick and Place
2425381, -0.463501, 0.038818, -0.902344, 12.268064, 44.799800, -1.892090,Pick and Place
2425401, -0.383667, 0.031128, -0.921631, 15.014646, 38.696300, -1.403808,Pick and Place
2425421, -0.414185, -0.034302, -0.947144, 11.962890, 29.663080, -4.394532,Pick and Place
2425441, -0.476318, -0.027344, -0.959717, 6.896972, 30.029290, -7.873534,Pick and Place
2425461, -0.483887, -0.014038, -0.941284, 3.723144, 43.945300, -6.774902,Pick and Place
2425481, -0.401245, -0.005737, -0.969116, 0.549316, 47.241200, -0.427246,Pick and Place
2425501, -0.358276, 0.036743, -1.014038, -2.685546, 29.602044, 1.586914,Pick and Place
2425521, -0.392090, 0.006104, -1.020020, 3.173828, 24.230950, 1.647949,Pick and Place
2425541, -0.325195, 0.004517, -1.005738, -1.342773, 16.174320, 0.366211,Pick and Place
2425561, -0.282471, 0.029175, -0.944092, -2.746581, 5.981444, 0.793457,Pick and Place
2425581, -0.370483, 0.039185, -0.995728, -2.136231, -8.361816, 0.854492,Pick and Place
2425601, -0.425171, -0.061646, -1.092163, -8.422854, 3.662109, -1.037598,Pick and Place
2425621, -0.388916, -0.069946, -1.067505, -18.066410, 16.540530, -0.366211,Pick and Place
2425641, -0.303955, 0.014160, -1.029541, -23.498530, 16.052250, 2.075196,Pick and Place
2425661, -0.277954, 0.046875, -1.046753, -24.536130, 9.216310, 3.112792,Pick and Place
2425681, -0.289185, 0.017212, -1.077515, -27.954100, 3.173828, 1.770019,Pick and Place
2425701, -0.241211, 0.070313, -1.017944, -36.865240, -6.835936, 0.427246,Pick and Place
2425721, -0.230713, 0.193604, -0.967896, -38.452160, -20.874020, -0.305176,Pick and Place
2425741, -0.256226, 0.238159, -0.955688, -35.461430, -32.714850, -1.770019,Pick and Place
2425761, -0.352417, 0.236572, -0.925171, -33.203130, -35.705570, -6.042480,Pick and Place
2425781, -0.395630, 0.272705, -0.900269, -35.095220, -33.630380, -6.958006,Pick and Place
2425801, -0.421021, 0.307861, -0.890747, -31.982420, -27.160640, -6.042480,Pick and Place
2425821, -0.445557, 0.293945, -0.854492, -30.578610, -27.282710, -7.507323,Pick and Place
2425841, -0.483643, 0.289307, -0.839600, -26.428220, -27.954100, -10.253904,Pick and Place
2425861, -0.531128, 0.254150, -0.866455, -23.254390, -27.832030, -10.437010,Pick and Place
2425881, -0.521118, 0.242798, -0.846680, -21.118160, -29.846190, -7.568358,Pick and Place
2425901, -0.502320, 0.256226, -0.764893, -17.883300, -36.743170, -5.493162,Pick and Place
2425921, -0.464111, 0.284302, -0.726562, -12.878416, -47.790520, -5.065916,Pick and Place
2425941, -0.528320, 0.297485, -0.757324, -5.554198, -49.804680, -6.530760,Pick and Place
2425961, -0.574097, 0.290649, -0.789307, 2.319336, -38.391120, -6.896972,Pick and Place
2425981, -0.564820, 0.234497, -0.719971, 9.887696, -27.465816, -10.742184,Pick and Place
2426001, -0.413452, 0.240356, -0.648926, 12.084960, -34.973150, -8.728030,Pick and Place
2426021, -0.501465, 0.199341, -0.706543, 18.981940, -38.085940, -13.305660,Pick and Place
2426041, -0.597290, 0.068848, -0.776245, 17.578130, -24.047850, -14.831540,Pick and Place
2426061, -0.579102, 0.062988, -0.752075, 14.282224, -19.653320, -11.596676,Pick and Place
2426081, -0.529175, 0.072998, -0.736572, 12.634276, -30.456540, -6.591796,Pick and Place
2426101, -0.560303, 0.071289, -0.772827, 13.183590, -41.381820, -6.286620,Pick and Place
2426121, -0.637573, 0.024292, -0.795044, 12.756344, -36.315920, -9.704590,Pick and Place
2426141, -0.714844, -0.043701, -0.815552, 9.948730, -15.686032, -13.305660,Pick and Place
2426161, -0.611328, -0.079590, -0.781372, 0.244141, -5.065916, -7.080076,Pick and Place
2426181, -0.633423, -0.103638, -0.842285, -4.577638, -8.911134, 0.915527,Pick and Place
2426201, -0.712402, -0.096191, -0.882568, -10.498044, -3.906249, 9.887696,Pick and Place
2426221, -0.577759, -0.050293, -0.917114, -10.803220, 10.314940, 8.300784,Pick and Place
2426241, -0.541504, -0.017334, -0.911133, -18.066410, -3.356933, 6.225584,Pick and Place
2426261, -0.542236, 0.007935, -0.943604, -21.362300, -4.943848, 4.211426,Pick and Place
2426281, -0.573975, -0.003296, -0.968506, -25.756830, 0.793457, 2.319336,Pick and Place
2426301, -0.535156, 0.010254, -0.952271, -30.700680, 9.704590, 0.061035,Pick and Place
2426321, -0.461914, 0.053467, -0.925171, -34.912120, 9.887696, -2.197266,Pick and Place
2426341, -0.444580, 0.075317, -0.923950, -37.048340, 3.295898, -6.958006,Pick and Place
2426361, -0.472168, 0.052246, -0.921875, -40.527340, -3.967285, -14.709470,Pick and Place
2426381, -0.480835, 0.030518, -0.902588, -46.264640, -8.972170, -24.108880,Pick and Place
2426401, -0.431396, 0.108887, -0.796021, -55.908200, -25.634760, -30.700680,Pick and Place
2426421, -0.567139, 0.187012, -0.775269, -55.358880, -36.743170, -35.217290,Pick and Place
2426441, -0.646484, 0.178589, -0.767212, -57.250960, -26.062010, -38.696300,Pick and Place
2426461, -0.645752, 0.206543, -0.758301, -57.678220, 1.647949, -39.672860,Pick and Place
2426481, -0.629150, 0.276245, -0.685547, -56.457510, 14.709470, -38.452160,Pick and Place
2426501, -0.598145, 0.383301, -0.648926, -52.795400, 20.507810, -38.696300,Pick and Place
2426521, -0.645752, 0.396484, -0.684082, -43.212880, 22.583000, -38.879400,Pick and Place
2426541, -0.696533, 0.356445, -0.710327, -38.757330, 30.517570, -39.001470,Pick and Place
2426561, -0.670288, 0.329956, -0.700928, -36.071780, 39.245610, -39.367680,Pick and Place
2426581, -0.635986, 0.329834, -0.654297, -33.813480, 38.696300, -37.170420,Pick and Place
2426601, -0.621826, 0.356812, -0.614258, -30.822750, 34.362800, -35.339360,Pick and Place
2426621, -0.639771, 0.357178, -0.633423, -27.160640, 36.132820, -36.499030,Pick and Place
2426641, -0.646118, 0.335571, -0.645020, -26.000970, 42.053220, -37.353520,Pick and Place
2426661, -0.600098, 0.371582, -0.620117, -25.451652, 36.193860, -36.193860,Pick and Place
2426681, -0.575684, 0.412720, -0.585694, -21.057124, 0.793457, -31.799310,Pick and Place
2426701, -0.664307, 0.430298, -0.605835, -13.427732, -1.220704, -35.827640,Pick and Place
2426721, -0.708496, 0.375244, -0.577026, -8.789064, 5.493162, -35.156260,Pick and Place
2426741, -0.699951, 0.335327, -0.564575, -6.469726, 13.000484, -32.653820,Pick and Place
2426761, -0.688354, 0.295044, -0.598877, -1.586914, 17.395020, -28.137200,Pick and Place
2426781, -0.655762, 0.265137, -0.654053, 2.014160, 17.333990, -24.169920,Pick and Place
2426801, -0.641846, 0.210449, -0.686157, 7.019042, 4.577638, -21.240230,Pick and Place
2426821, -0.690552, 0.174927, -0.640869, 8.789064, -13.916012, -21.911620,Pick and Place
2426841, -0.865356, 0.193726, -0.635498, 13.610836, -6.042480, -24.719230,Pick and Place
2426861, -0.806274, 0.148926, -0.695923, 10.864256, 28.198240, -22.583000,Pick and Place
2426881, -0.555908, 0.165283, -0.722046, 4.150392, 26.855464, -12.023924,Pick and Place
2426901, -0.552734, 0.192017, -0.823730, -3.662109, -11.596676, 4.394532,Pick and Place
2426921, -0.600586, 0.204468, -0.867798, -4.882814, -13.610836, 1.525878,Pick and Place
2426941, -0.592163, 0.311157, -0.832154, -2.746581, -28.381340, -3.295898,Pick and Place
2426961, -0.651856, 0.227783, -0.813721, -2.624511, -29.235832, -5.371092,Pick and Place
2426981, -0.629517, 0.263672, -0.803589, -3.967285, -20.141600, -5.981444,Pick and Place
2427001, -0.644531, 0.258179, -0.789551, -2.258301, -7.385252, -4.028321,Pick and Place
2427021, -0.633057, 0.226440, -0.802124, -2.868652, -0.183105, 0.732422,Pick and Place
2427041, -0.634766, 0.228394, -0.804566, -2.929687, -1.525878, 1.525878,Pick and Place
2427061, -0.619995, 0.224243, -0.781494, -3.173828, -6.408690, 0.366211,Pick and Place
2427081, -0.631958, 0.209961, -0.747681, -2.075196, -9.521484, -0.366211,Pick and Place
2427101, -0.616821, 0.180786, -0.739502, -1.831054, -10.437010, 0.793457,Pick and Place
2427121, -0.688232, 0.152466, -0.776734, -2.685546, -6.286620, 2.441407,Pick and Place
2427141, -0.644165, 0.180908, -0.754883, -7.202148, -5.737304, 6.042480,Pick and Place
2427161, -0.689453, 0.163452, -0.761353, -5.554198, -11.413570, 7.141112,Pick and Place
2427181, -0.727051, 0.131470, -0.772095, -8.666994, -16.662600, 10.314940,Pick and Place
2427201, -0.808106, 0.134888, -0.725952, -12.695310, -18.249516, 13.854978,Pick and Place
2427221, -0.831543, 0.152222, -0.686035, -17.761230, -11.962890, 20.812980,Pick and Place
2427241, -0.796753, 0.223389, -0.664429, -23.742670, -5.249022, 28.198240,Pick and Place
2427261, -0.874512, 0.290039, -0.544434, -22.033690, 6.042480, 36.315920,Pick and Place
2427281, -0.859986, 0.289429, -0.434448, -20.019532, 17.395020, 42.480460,Pick and Place
2427301, -0.828247, 0.303711, -0.614868, -18.981940, 48.400870, 48.095700,Pick and Place
2427321, -0.565308, 0.348389, -0.552856, -25.207516, 47.546380, 60.729970,Pick and Place
2427341, -0.546631, 0.463501, -0.401611, -20.019532, 18.798830, 78.613300,Pick and Place
2427361, -0.672608, 0.408936, -0.711182, -20.874020, 26.794430, 81.787100,Pick and Place
2427381, -0.563721, 0.510254, -0.744507, -10.253904, 34.484870, 85.327140,Pick and Place
2427401, -0.396118, 0.548706, -0.656006, 8.483890, 22.766110, 86.791960,Pick and Place
2427421, -0.287354, 0.599487, -0.564575, 23.803708, -8.850100, 78.552260,Pick and Place
2427441, -0.388428, 0.600586, -0.535767, 41.992180, -35.095220, 64.392100,Pick and Place
2427461, -0.304321, 0.569580, -0.628540, 58.898920, -52.673330, 52.490220,Pick and Place
2427481, -0.369263, 0.545654, -0.679688, 77.697760, -60.607900, 42.236320,Pick and Place
2427501, -0.442505, 0.512573, -0.662964, 91.796860, -49.926750, 27.343748,Pick and Place
2427521, -0.508789, 0.462524, -0.625488, 106.262200, -33.325200, 21.606440,Pick and Place
2427541, -0.612549, 0.366089, -0.746216, 109.191880, -3.479003, 19.958500,Pick and Place
2427561, -0.530396, 0.323853, -0.867920, 105.468720, 16.967780, 21.118160,Pick and Place
2427581, -0.396240, 0.301636, -0.997803, 99.792460, -2.380371, 20.629880,Pick and Place
2427601, -0.426514, 0.256714, -0.967285, 94.482400, -17.333990, 7.263182,Pick and Place
2427621, -0.514771, 0.226318, -0.807129, 90.087860, -26.855464, -6.591796,Pick and Place
2427641, -0.491211, 0.204346, -0.720947, 87.402320, -27.832030, -8.972170,Pick and Place
2427661, -0.401489, 0.095825, -0.729736, 85.205060, -22.094720, -8.117676,Pick and Place
2427681, -0.560913, -0.035767, -0.862061, 79.895040, -12.878416, 1.220704,Pick and Place
2427701, -0.705933, -0.097168, -0.944458, 65.429700, 9.704590, 9.704590,Pick and Place
2427721, -0.637451, -0.045044, -0.990845, 52.001940, 32.958990, 8.239746,Pick and Place
2427741, -0.473389, -0.021851, -0.955444, 46.569820, 41.992180, 1.342773,Pick and Place
2427761, -0.348999, -0.046509, -0.917236, 42.114250, 33.142100, -3.723144,Pick and Place
2427781, -0.432251, -0.067749, -0.939820, 37.414560, 18.615724, -5.615234,Pick and Place
2427801, -0.425903, -0.108398, -0.959351, 28.442380, 19.042970, -4.760742,Pick and Place
2427821, -0.429443, -0.098267, -0.977783, 22.338860, 19.104010, -3.295898,Pick and Place
2427841, -0.452759, -0.088013, -0.918701, 19.958500, 24.169920, -3.845214,Pick and Place
2427861, -0.379395, -0.081787, -0.866211, 18.859868, 20.690910, -3.601074,Pick and Place
2427881, -0.410034, -0.094971, -0.855469, 17.395020, 11.840818, -4.821778,Pick and Place
2427901, -0.447388, -0.066040, -0.854370, 14.770504, 11.047360, -4.211426,Pick and Place
2427921, -0.416748, -0.026367, -0.871216, 15.136716, 16.479492, -4.272462,Pick and Place
2427941, -0.402100, -0.051636, -0.868896, 18.737796, 20.812980, -1.708984,Pick and Place
2427961, -0.492554, -0.087158, -0.927368, 12.451170, 32.653820, 6.896972,Pick and Place
2427981, -0.300781, -0.148560, -1.010498, 0.305176, 31.982420, 3.051757,Pick and Place
2428001, -0.295532, 0.025757, -0.953125, -3.967285, -2.197266, 0.061035,Pick and Place
2428021, -0.323853, -0.057617, -0.911255, 6.225584, -5.065916, -8.544924,Pick and Place
2428041, -0.336426, -0.120117, -0.961304, 4.211426, -17.333990, -3.234863,Pick and Place
2428061, -0.483398, -0.107544, -0.945923, -4.882814, -22.583000, 2.441407,Pick and Place
2428081, -0.474609, -0.010132, -0.965576, -2.380371, -15.441892, -0.671386,Pick and Place
2428101, -0.441772, -0.065308, -0.970825, -1.831054, -14.465330, -3.051757,Pick and Place
2428121, -0.449341, -0.099976, -1.008912, -4.211426, -15.136716, -2.746581,Pick and Place
2428141, -0.509155, -0.159424, -1.004394, -8.728030, -16.052250, -1.586914,Pick and Place
2428161, -0.487793, -0.175171, -0.985352, -17.822270, -11.047360, -0.732422,Pick and Place
2428181, -0.419067, -0.168335, -0.998657, -23.925780, -11.596676, 0.732422,Pick and Place
2428201, -0.367066, -0.219238, -1.006958, -31.555170, -14.831540, -0.183105,Pick and Place
2428221, -0.329346, -0.169189, -1.003052, -40.466300, -26.306150, -1.953124,Pick and Place
2428241, -0.417603, -0.124634, -0.953980, -42.785640, -24.108880, -11.474608,Pick and Place
2428261, -0.408203, -0.111328, -0.940430, -46.264640, -14.404296, -16.906740,Pick and Place
2428281, -0.369995, -0.094482, -0.924438, -49.621580, -3.906249, -20.996090,Pick and Place
2428301, -0.330078, -0.053101, -0.909912, -52.001940, 0.122070, -25.939940,Pick and Place
2428321, -0.360230, -0.000610, -0.898194, -50.292960, 3.356933, -32.226570,Pick and Place
2428341, -0.387207, 0.011230, -0.870850, -47.546380, 11.352536, -40.588370,Pick and Place
2428361, -0.360962, 0.015747, -0.813599, -45.471180, 16.845708, -46.752920,Pick and Place
2428381, -0.385986, 0.082397, -0.783570, -43.457020, 20.019532, -49.987780,Pick and Place
2428401, -0.445435, 0.154785, -0.794678, -37.170420, 24.780270, -51.635740,Pick and Place
2428421, -0.464478, 0.148438, -0.827026, -31.127924, 29.907220, -54.382320,Pick and Place
2428441, -0.474121, 0.111572, -0.826904, -27.221676, 29.968260, -56.945790,Pick and Place
2428461, -0.472534, 0.164795, -0.766480, -23.315424, 21.606440, -54.687490,Pick and Place
2428481, -0.503418, 0.185669, -0.793945, -18.676760, 18.066410, -49.804680,Pick and Place
2428501, -0.518433, 0.180908, -0.831055, -17.395020, 15.991210, -46.630850,Pick and Place
2428521, -0.546509, 0.182129, -0.827393, -15.014646, 14.526364, -45.532220,Pick and Place
2428541, -0.543945, 0.208130, -0.801392, -14.038084, 15.136716, -44.982900,Pick and Place
2428561, -0.528442, 0.255249, -0.806274, -12.268064, 16.906740, -42.297360,Pick and Place
2428581, -0.552002, 0.233276, -0.827637, -9.704590, 20.812980, -40.039070,Pick and Place
2428601, -0.576294, 0.192749, -0.847778, -9.826660, 27.648920, -38.146980,Pick and Place
2428621, -0.524414, 0.184570, -0.849487, -11.230468, 33.447270, -36.193860,Pick and Place
2428641, -0.463257, 0.206055, -0.853150, -11.657712, 32.043460, -32.775880,Pick and Place
2428661, -0.479004, 0.201904, -0.881104, -7.690428, 30.517570, -30.761716,Pick and Place
2428681, -0.475464, 0.147217, -0.916748, -6.896972, 29.296870, -27.954100,Pick and Place
2428701, -0.451050, 0.149658, -0.898071, -7.080076, 24.475090, -25.390620,Pick and Place
2428721, -0.470093, 0.182861, -0.888428, -4.638672, 17.578130, -23.071284,Pick and Place
2428741, -0.497925, 0.181885, -0.904175, 2.441407, 16.235352, -23.498530,Pick and Place
2428761, -0.498657, 0.122681, -0.902222, 4.089356, 25.268550, -19.531250,Pick and Place
2428781, -0.433838, 0.109009, -0.893677, 3.051757, 33.630380, -17.761230,Pick and Place
2428801, -0.394898, 0.108887, -0.903809, 3.356933, 33.874520, -14.953610,Pick and Place
2428821, -0.314819, 0.106689, -0.901001, 4.089356, 25.634760, -11.718748,Pick and Place
2428841, -0.314331, 0.080566, -0.897095, 6.774902, 11.474608, -9.582520,Pick and Place
2428861, -0.283691, 0.030273, -0.956299, -0.610352, -3.967285, -6.164550,Pick and Place
2428881, -0.349854, 0.043457, -1.015381, -2.990722, -12.451170, -2.563476,Pick and Place
2428901, -0.353394, 0.047852, -1.021973, -10.375976, -3.051757, -1.037598,Pick and Place
2428921, -0.309692, 0.050415, -1.016724, -15.441892, -2.319336, -1.770019,Pick and Place
2428941, -0.233398, 0.053223, -1.044556, -21.850580, -5.920409, -3.295898,Pick and Place
2428961, -0.238037, 0.085938, -1.043457, -26.611320, -14.892576, -4.089356,Pick and Place
2428981, -0.276367, 0.116211, -1.040406, -28.320310, -21.484370, -6.225584,Pick and Place
2429001, -0.293823, 0.139282, -1.018799, -30.212400, -22.277830, -7.995604,Pick and Place
2429021, -0.271484, 0.163208, -0.974365, -33.447270, -21.728510, -8.911134,Pick and Place
2429041, -0.253174, 0.189941, -0.969971, -36.926280, -29.907220, -7.995604,Pick and Place
2429061, -0.306641, 0.227295, -0.934570, -38.635260, -37.963880, -7.934570,Pick and Place
2429081, -0.336182, 0.283203, -0.872437, -40.100100, -44.494620, -9.521484,Pick and Place
2429101, -0.388916, 0.337891, -0.870484, -35.827640, -51.513660, -8.422854,Pick and Place
2429121, -0.479736, 0.318359, -0.888916, -36.315920, -47.912590, -3.051757,Pick and Place
2429141, -0.551880, 0.355957, -0.853638, -32.592780, -41.320790, 0.305176,Pick and Place
2429161, -0.515137, 0.359741, -0.828613, -26.306150, -37.414560, 1.831054,Pick and Place
2429181, -0.477295, 0.349854, -0.804810, -20.812980, -39.733900, 4.455568,Pick and Place
2429201, -0.456665, 0.333496, -0.755493, -13.549804, -50.476060, 7.080076,Pick and Place
2429221, -0.493042, 0.334229, -0.730591, -6.164550, -56.457510, 5.920409,Pick and Place
2429241, -0.491943, 0.346680, -0.701660, 1.403808, -53.710930, 2.075196,Pick and Place
2429261, -0.464478, 0.316650, -0.705566, 10.864256, -48.522940, -2.929687,Pick and Place
2429281, -0.555176, 0.207275, -0.743530, 17.517090, -34.851080, -7.202148,Pick and Place
2429301, -0.479614, 0.124878, -0.695923, 17.333990, -33.203130, -6.958006,Pick and Place
2429321, -0.495850, 0.126465, -0.698364, 17.761230, -42.602530, -4.821778,Pick and Place
2429341, -0.597290, 0.104004, -0.773560, 19.714360, -47.058100, -1.892090,Pick and Place
2429361, -0.677734, 0.058472, -0.791992, 18.493652, -34.423840, -1.037598,Pick and Place
2429381, -0.683716, 0.069580, -0.753296, 14.892576, -20.751950, -0.122070,Pick and Place
2429401, -0.621338, 0.119995, -0.709839, 11.779784, -17.822270, 2.685546,Pick and Place
2429421, -0.671387, 0.125122, -0.755005, 10.803220, -18.005376, 2.441407,Pick and Place
2429441, -0.813232, 0.055542, -0.834961, 10.498044, 2.990722, -2.807617,Pick and Place
2429461, -0.714966, 0.005859, -0.844604, 2.502442, 25.817870, -1.708984,Pick and Place
2429481, -0.615601, 0.019287, -0.891724, -7.324218, 24.963376, 12.573240,Pick and Place
2429501, -0.735596, 0.165039, -0.769043, -8.666994, 17.395020, 20.019532,Pick and Place
2429521, -0.616821, 0.191895, -0.718872, -4.760742, 13.183590, 21.728510,Pick and Place
2429541, -0.743652, 0.231079, -0.763062, -3.479003, 13.977050, 21.118160,Pick and Place
2429561, -0.609009, 0.270996, -0.795288, -6.774902, 15.808104, 27.221676,Pick and Place
2429581, -0.612915, 0.314819, -0.785522, -6.408690, -1.525878, 31.982420,Pick and Place
2429601, -0.628418, 0.356445, -0.769043, -4.272462, -17.578130, 33.874520,Pick and Place
2429621, -0.648071, 0.380249, -0.736572, -1.464844, -26.794430, 33.447270,Pick and Place
2429641, -0.667603, 0.387329, -0.705200, 1.647949, -30.700680, 34.912120,Pick and Place
2429661, -0.656250, 0.391235, -0.677856, 6.958006, -31.921380, 38.269050,Pick and Place
2429681, -0.634644, 0.381104, -0.660278, 11.840818, -31.005852, 42.358390,Pick and Place
2429701, -0.600586, 0.375122, -0.636475, 16.540530, -29.174800, 45.166000,Pick and Place
2429721, -0.576294, 0.367310, -0.631348, 21.911620, -33.386240, 46.569820,Pick and Place
2429741, -0.575806, 0.343872, -0.645874, 25.634760, -39.123540, 45.898430,Pick and Place
2429761, -0.596802, 0.331299, -0.665772, 28.259270, -43.395980, 43.395980,Pick and Place
2429781, -0.612549, 0.332642, -0.671875, 30.700680, -42.846670, 39.123540,Pick and Place
2429801, -0.579712, 0.331177, -0.649780, 32.653820, -43.701160, 35.827640,Pick and Place
2429821, -0.584229, 0.316406, -0.651734, 34.667980, -43.640120, 32.531740,Pick and Place
2429841, -0.661133, 0.289307, -0.669190, 37.414560, -34.484870, 29.663080,Pick and Place
2429861, -0.648071, 0.266358, -0.679810, 37.719730, -19.592290, 26.489250,Pick and Place
2429881, -0.569702, 0.259644, -0.686524, 37.841800, -14.709470, 25.146480,Pick and Place
2429901, -0.566284, 0.246582, -0.713867, 39.672860, -17.456060, 22.766110,Pick and Place
2429921, -0.593140, 0.211792, -0.729248, 41.687000, -21.789548, 19.836430,Pick and Place
2429941, -0.637573, 0.178833, -0.746582, 43.090810, -21.179192, 15.014646,Pick and Place
2429961, -0.580566, 0.153320, -0.713623, 41.076650, -18.432620, 11.291500,Pick and Place
2429981, -0.570190, 0.150635, -0.714600, 38.879400, -21.545408, 9.643556,Pick and Place
2430001, -0.621948, 0.140381, -0.742554, 36.804200, -18.554690, 7.629394,Pick and Place
2430021, -0.635742, 0.131592, -0.774780, 36.987310, -6.408690, 3.540038,Pick and Place
2430041, -0.635742, 0.105103, -0.796875, 35.705570, 5.920409, 1.403808,Pick and Place
2430061, -0.593506, 0.095581, -0.784302, 32.470710, 8.300784, 0.305176,Pick and Place
2430081, -0.559082, 0.098267, -0.769043, 30.944820, 3.051757, -1.159668,Pick and Place
2430101, -0.580566, 0.097900, -0.788696, 29.602044, -1.831054, -3.540038,Pick and Place
2430121, -0.675171, 0.067139, -0.807251, 28.198240, 3.173828, -5.737304,Pick and Place
2430141, -0.658692, 0.056885, -0.803711, 24.719230, 13.793944, -5.920409,Pick and Place
2430161, -0.624756, 0.090576, -0.789551, 21.728510, 17.089850, -4.699708,Pick and Place
2430181, -0.576538, 0.107544, -0.795654, 21.667476, 13.793944, -2.929687,Pick and Place
2430201, -0.574097, 0.093384, -0.810547, 21.240230, 6.774902, -4.028321,Pick and Place
2430221, -0.599121, 0.091553, -0.777466, 18.432620, -0.610352, -8.178714,Pick and Place
2430241, -0.581543, 0.090942, -0.832642, 11.596676, -10.437010, -4.272462,Pick and Place
2430261, -0.860108, 0.097900, -0.910522, 9.277344, -6.347656, -1.220704,Pick and Place
2430281, -0.726929, 0.061768, -0.875854, 3.540038, 10.314940, 1.708984,Pick and Place
2430301, -0.666260, 0.111328, -0.832276, 0.061035, 2.197266, 1.403808,Pick and Place
2430321, -0.693482, 0.126953, -0.801636, 1.342773, 1.220704, 1.037598,Pick and Place
2430341, -0.646362, 0.116699, -0.768921, 2.624511, 4.394532, -1.159668,Pick and Place
2430361, -0.624634, 0.097900, -0.770630, 3.112792, 8.605960, -3.662109,Pick and Place
2430381, -0.584839, 0.103027, -0.740479, 0.549316, 6.713866, -0.488281,Pick and Place
2430401, -0.609131, 0.108032, -0.743774, 1.892090, 1.525878, 0.244141,Pick and Place
2430421, -0.641968, 0.080566, -0.770142, 0.854492, 3.784179, -2.014160,Pick and Place
2430441, -0.629761, 0.110474, -0.753540, -0.915527, -2.014160, -2.990722,Pick and Place
2430461, -0.631958, 0.150879, -0.743286, 1.953124, -2.624511, -3.540038,Pick and Place
2430481, -0.627808, 0.141846, -0.745728, 4.760742, -1.037598, -5.310058,Pick and Place
2430501, -0.655884, 0.106689, -0.756348, 7.202148, 0.854492, -7.751464,Pick and Place
2430521, -0.658936, 0.094238, -0.732910, 7.751464, 1.586914, -10.070800,Pick and Place
2430541, -0.657593, 0.121704, -0.730347, 10.620116, -2.502442, -10.009768,Pick and Place
2430561, -0.679321, 0.121460, -0.763306, 12.939450, -4.089356, -10.498044,Pick and Place
2430581, -0.599243, 0.124756, -0.773804, 11.657712, -2.990722, -9.704590,Pick and Place
2430601, -0.582642, 0.111084, -0.803711, 11.413570, -5.798338, -7.690428,Pick and Place
2430621, -0.645874, 0.073608, -0.807862, 8.239746, -4.516602, -5.615234,Pick and Place
2430641, -0.666016, 0.075928, -0.791504, 4.211426, 1.831054, -3.723144,Pick and Place
2430661, -0.693482, 0.072144, -0.828613, 2.502442, 11.413570, -2.197266,Pick and Place
2430681, -0.633667, 0.041138, -0.815430, -1.220704, 12.390136, -1.647949,Pick and Place
2430701, -0.612305, 0.087891, -0.755127, -3.967285, 6.652830, -1.098633,Pick and Place
2430721, -0.678589, 0.190430, -0.723877, -1.281738, 2.502442, 1.953124,Pick and Place
2430741, -0.698120, 0.203980, -0.762940, 5.981444, 7.019042, 2.868652,Pick and Place
2430761, -0.723145, 0.186035, -0.784180, 8.178714, 14.343260, 3.662109,Pick and Place
2430781, -0.635254, 0.125610, -0.765625, 10.192870, 20.751950, 0.915527,Pick and Place
2430801, -0.520264, 0.077515, -0.764526, 5.615234, 11.352536, -1.525878,Pick and Place
2430821, -0.548218, 0.058105, -0.772949, 4.394532, 4.150392, -3.356933,Pick and Place
2430841, -0.594360, 0.019653, -0.775391, 1.525878, 2.380371, -1.770019,Pick and Place
2430861, -0.640991, 0.050415, -0.750977, 0.610352, 8.422854, -2.441407,Pick and Place
2430881, -0.521606, 0.011353, -0.768921, 0.793457, 2.319336, -2.868652,Pick and Place
2430901, -0.578491, 0.035278, -0.781250, -1.220704, -2.929687, -3.295898,Pick and Place
2430921, -0.593994, 0.070190, -0.781006, -1.647949, -1.831054, -3.540038,Pick and Place
2430941, -0.624634, 0.089111, -0.787842, -1.647949, 0.671386, -4.089356,Pick and Place
2430961, -0.629395, 0.092163, -0.797363, -1.159668, 2.319336, -5.249022,Pick and Place
2430981, -0.593262, 0.074097, -0.817139, -1.159668, -1.220704, -5.249022,Pick and Place
2431001, -0.594971, 0.039551, -0.822144, -1.159668, -7.507323, -3.112792,Pick and Place
2431021, -0.637940, -0.007080, -0.854980, -1.586914, -6.896972, 0.732422,Pick and Place
2431041, -0.726807, -0.030640, -0.870728, -4.455568, 0.183105, 5.126952,Pick and Place
2431061, -0.724976, -0.069336, -0.897461, -6.164550, 7.751464, 7.995604,Pick and Place
2431081, -0.648071, -0.141968, -0.955688, -12.268064, 8.361816, 8.422854,Pick and Place
2431101, -0.567383, -0.147705, -0.953247, -22.583000, -0.854492, 9.399414,Pick and Place
2431121, -0.545532, -0.184937, -0.958862, -26.916500, -1.403808, 7.690428,Pick and Place
2431141, -0.508423, -0.237671, -0.969116, -34.057620, 3.356933, 5.371092,Pick and Place
2431161, -0.442993, -0.242920, -0.963013, -43.579090, 7.995604, 1.403808,Pick and Place
2431181, -0.378662, -0.194092, -0.946533, -52.246080, 14.587400, -4.516602,Pick and Place
2431201, -0.388794, -0.114868, -0.916870, -57.495110, 27.404780, -14.343260,Pick and Place
2431221, -0.429199, 0.016357, -0.866211, -60.058580, 51.635740, -25.878900,Pick and Place
2431241, -0.501831, 0.110230, -0.854248, -54.992660, 86.059560, -37.170420,Pick and Place
2431261, -0.422119, 0.128052, -0.836060, -52.856440, 116.760240, -51.452620,Pick and Place
2431281, -0.323486, 0.255371, -0.817627, -54.077140, 121.032700, -63.476560,Pick and Place
2431301, -0.399292, 0.376343, -0.844482, -39.306640, 115.905740, -74.035660,Pick and Place
2431321, -0.491211, 0.248657, -0.775513, -20.996090, 118.103000, -92.895500,Pick and Place
2431341, -0.356690, 0.289307, -0.588867, -16.723632, 112.304680, -95.458960,Pick and Place
2431361, -0.433106, 0.309937, -0.577637, -0.061035, 106.079080, -78.796400,Pick and Place
2431381, -0.658203, 0.208130, -0.787476, 4.150392, 117.065400, -56.335440,Pick and Place
2431401, -0.630615, 0.219605, -0.929077, 0.610352, 135.376000, -34.301760,Pick and Place
2431421, -0.382690, 0.297852, -0.962524, 4.394532, 125.793440, -23.010250,Pick and Place
2431441, -0.274414, 0.344971, -0.932373, 12.329100, 83.068840, -14.099120,Pick and Place
2431461, -0.391968, 0.375977, -0.880249, 23.193352, 36.193860, -14.160152,Pick and Place
2431481, -0.499512, 0.317749, -0.864746, 29.724120, 27.404780, -18.554690,Pick and Place
2431501, -0.408081, 0.256836, -0.876221, 23.254390, 44.555660, -18.066410,Pick and Place
2431521, -0.263550, 0.253296, -0.887573, 18.310550, 48.217760, -9.094240,Pick and Place
2431541, 0.004639, 0.227295, -0.933594, 10.131832, 8.117676, -5.065916,Pick and Place
2431561, -0.168335, 0.249878, -0.950562, 21.911620, -32.653820, 0.732422,Pick and Place
2431581, -0.404907, 0.161255, -0.921631, 19.897460, -31.433100, 3.906249,Pick and Place
2431601, -0.455811, 0.096069, -0.974610, 13.244628, -11.047360, 5.615234,Pick and Place
2431621, -0.294922, 0.121582, -1.057251, 5.249022, 4.333496, 8.972170,Pick and Place
2431641, -0.237671, 0.150879, -1.023316, -2.685546, 9.887696, 10.864256,Pick and Place
2431661, -0.077393, 0.162598, -1.080444, 0.122070, 3.601074, 12.756344,Pick and Place
2431681, -0.241333, 0.158814, -0.933838, 7.141112, -12.084960, 14.526364,Pick and Place
2431701, -0.310669, 0.005005, -1.082886, -1.525878, -17.089850, 16.723632,Pick and Place
2431721, -0.244263, 0.134277, -1.024536, -10.498044, -14.465330, 19.897460,Pick and Place
2431741, -0.207764, 0.154663, -1.030884, -4.272462, -28.930660, 23.254390,Pick and Place
2431761, -0.287109, 0.121338, -1.056274, -10.070800, -38.696300, 29.907220,Pick and Place
2431781, -0.340332, 0.132568, -1.070312, -17.761230, -40.161120, 34.484870,Pick and Place
2431801, -0.375732, 0.217163, -1.027344, -18.615724, -43.395980, 41.076650,Pick and Place
2431821, -0.407105, 0.208862, -0.966187, -15.502928, -37.536620, 42.724600,Pick and Place
2431841, -0.319702, 0.214355, -0.900269, -14.648436, -36.315920, 46.142570,Pick and Place
2431861, -0.342651, 0.233154, -0.900879, -13.427732, -35.644540, 51.513660,Pick and Place
2431881, -0.335083, 0.244019, -0.887940, -11.230468, -35.644540, 54.687490,Pick and Place
2431901, -0.358887, 0.253052, -0.872070, -5.798338, -34.179700, 58.288560,Pick and Place
2431921, -0.331299, 0.230957, -0.872070, -0.854492, -28.015130, 59.082020,Pick and Place
2431941, -0.349487, 0.218628, -0.854736, 4.516602, -19.836430, 60.241690,Pick and Place
2431961, -0.345703, 0.208740, -0.828247, 7.446288, -8.789064, 60.485830,Pick and Place
2431981, -0.254639, 0.187744, -0.863404, 11.840818, 5.249022, 59.570300,Pick and Place
2432001, -0.167725, 0.186279, -0.899292, 13.061520, 6.408690, 57.373040,Pick and Place
2432021, -0.135864, 0.199585, -0.903320, 15.258788, 2.380371, 53.710930,Pick and Place
2432041, -0.127075, 0.211060, -0.900635, 20.751950, -0.427246, 48.400870,Pick and Place
2432061, -0.118408, 0.182617, -0.881470, 25.634760, -2.014160, 42.175280,Pick and Place
2432081, -0.113525, 0.168213, -0.883301, 30.273430, -2.258301, 36.926280,Pick and Place
2432101, -0.155273, 0.111938, -0.902954, 35.705570, 1.342773, 32.836920,Pick and Place
2432121, -0.127441, 0.072754, -0.913574, 35.522460, 7.629394, 29.724120,Pick and Place
2432141, -0.107666, 0.061157, -0.911621, 38.085940, 11.352536, 25.756830,Pick and Place
2432161, -0.107056, 0.022583, -0.932617, 39.001470, 12.634276, 20.202630,Pick and Place
2432181, -0.166870, -0.032837, -0.988648, 39.794920, 16.357424, 15.991210,Pick and Place
2432201, -0.124634, -0.071289, -0.994385, 31.738280, 24.047850, 14.221190,Pick and Place
2432221, -0.076416, -0.051758, -0.973389, 29.541010, 20.080560, 12.023924,Pick and Place
2432241, -0.046265, -0.055054, -0.970215, 26.855464, 12.634276, 9.216310,Pick and Place
2432261, -0.074341, -0.038940, -1.016602, 26.733390, 6.774902, 5.310058,Pick and Place
2432281, -0.153198, -0.074463, -1.062988, 26.794430, 6.958006, 1.586914,Pick and Place
2432301, -0.174438, -0.121094, -1.058350, 23.681636, 15.502928, -2.868652,Pick and Place
2432321, -0.086304, -0.132813, -1.026246, 18.005376, 19.409180, -5.615234,Pick and Place
2432341, -0.020996, -0.072998, -0.981690, 12.756344, 10.559080, -4.455568,Pick and Place
2432361, -0.011108, -0.025024, -0.968872, 14.831540, -4.272462, -2.685546,Pick and Place
2432381, -0.107788, -0.044556, -1.024292, 17.333990, -16.113284, -2.624511,Pick and Place
2432401, -0.144897, -0.119263, -1.083984, 12.145992, -17.395020, -2.746581,Pick and Place
2432421, -0.218506, -0.033569, -1.039795, 4.272462, -7.690428, -1.403808,Pick and Place
2432441, -0.142212, -0.031738, -1.074097, 1.953124, -4.028321, -1.647949,Pick and Place
2432461, -0.145264, -0.038818, -1.036255, -2.868652, -9.582520, -2.929687,Pick and Place
2432481, -0.151978, -0.020142, -1.007080, -2.746581, -11.779784, -4.272462,Pick and Place
2432501, -0.174561, -0.004395, -1.002686, -5.371092, -12.817380, -2.563476,Pick and Place
2432521, -0.197510, 0.014526, -1.036621, -3.356933, -9.765626, -0.366211,Pick and Place
2432541, -0.193848, -0.049438, -1.047120, -3.356933, -5.493162, -2.685546,Pick and Place
2432561, -0.183105, -0.104248, -1.065918, -8.117676, -4.760742, -4.028321,Pick and Place
2432581, -0.185425, -0.106323, -1.092530, -17.761230, -6.591796, -1.831054,Pick and Place
2432601, -0.252930, -0.114014, -1.140259, -24.108880, -5.920409, 0.793457,Pick and Place
2432621, -0.327515, -0.132080, -1.145752, -36.132820, -1.037598, -0.610352,Pick and Place
2432641, -0.151367, -0.002441, -1.096680, -53.100580, -6.652830, -4.516602,Pick and Place
2432661, -0.094360, 0.158081, -1.089112, -60.180660, -17.089850, -3.662109,Pick and Place
2432681, -0.130615, 0.268921, -1.041138, -58.776840, -25.695796, 0.671386,Pick and Place
2432701, -0.150635, 0.327637, -0.964600, -55.908200, -31.921380, 0.122070,Pick and Place
2432721, -0.189331, 0.374512, -0.943115, -51.147450, -31.555170, -3.295898,Pick and Place
2432741, -0.190674, 0.349976, -0.925659, -45.471180, -22.644040, -6.713866,Pick and Place
2432761, -0.150391, 0.344605, -0.858276, -45.471180, -21.911620, -8.972170,Pick and Place
2432781, -0.151123, 0.407593, -0.819458, -35.949720, -32.043460, -8.239746,Pick and Place
2432801, -0.194336, 0.385620, -0.789307, -23.620600, -40.527340, -14.343260,Pick and Place
2432821, -0.298462, 0.329346, -0.759400, -14.465330, -37.048340, -23.559568,Pick and Place
2432841, -0.354858, 0.283203, -0.739868, -4.821778, -27.282710, -29.052730,Pick and Place
2432861, -0.259033, 0.209473, -0.840820, 3.540038, -24.047850, -25.573724,Pick and Place
2432881, -0.298584, 0.228394, -0.789551, 6.164550, -38.513190, -22.216790,Pick and Place
2432901, -0.372559, 0.238647, -0.799194, 15.319820, -50.048820, -23.559568,Pick and Place
2432921, -0.393066, 0.168091, -0.854370, 20.202630, -55.358880, -27.404780,Pick and Place
2432941, -0.406494, 0.108032, -0.891968, 19.653320, -56.396480, -27.465816,Pick and Place
2432961, -0.432495, 0.101440, -0.894898, 17.822270, -63.232410, -21.789548,Pick and Place
2432981, -0.470337, 0.101074, -0.859986, 16.845708, -74.035660, -16.662600,Pick and Place
2433001, -0.512573, 0.126221, -0.829224, 17.211920, -77.087400, -13.916012,Pick and Place
2433021, -0.549316, 0.128540, -0.776489, 17.700200, -71.838400, -14.038084,Pick and Place
2433041, -0.628540, 0.114136, -0.774902, 20.690910, -46.325680, -14.587400,Pick and Place
2433061, -0.617066, 0.059570, -0.804444, 19.042970, -16.174320, -13.366696,Pick and Place
2433081, -0.467529, 0.043945, -0.851074, 12.573240, -5.004884, -3.356933,Pick and Place
2433101, -0.512451, 0.044434, -0.930908, 9.704590, -16.113284, -2.990722,Pick and Place
2433121, -0.559326, 0.031982, -0.955322, 5.981444, -16.235352, -7.446288,Pick and Place
2433141, -0.507202, 0.050903, -0.901978, 3.906249, -13.427732, -8.972170,Pick and Place
2433161, -0.505493, 0.032471, -0.864502, 2.441407, -16.723632, -4.577638,Pick and Place
2433181, -0.589112, -0.005737, -0.910889, -3.173828, -12.084960, 2.868652,Pick and Place
2433201, -0.661377, 0.034424, -0.950318, -5.249022, 9.765626, 4.272462,Pick and Place
2433221, -0.467774, 0.019043, -0.944946, -10.192870, 13.793944, 3.662109,Pick and Place
2433241, -0.511963, 0.020264, -0.973267, -11.352536, 0.427246, 4.211426,Pick and Place
2433261, -0.522583, 0.009888, -0.963989, -16.662600, -2.136231, 3.479003,Pick and Place
2433281, -0.494751, 0.036987, -0.955322, -19.775390, -8.361816, 5.493162,Pick and Place
2433301, -0.527466, 0.032593, -0.976929, -23.803708, -5.004884, 5.920409,Pick and Place
2433321, -0.482544, 0.017700, -0.959839, -26.000970, -2.502442, 4.394532,Pick and Place
2433341, -0.431519, 0.029175, -0.937378, -29.052730, -3.479003, 2.563476,Pick and Place
2433361, -0.455322, 0.039063, -0.899170, -31.188960, 1.647949, -1.037598,Pick and Place
2433381, -0.430420, 0.096558, -0.872192, -33.325200, 10.803220, -5.004884,Pick and Place
2433401, -0.427002, 0.117798, -0.880860, -32.226570, 14.770504, -10.925290,Pick and Place
2433421, -0.412476, 0.104248, -0.883667, -31.311030, 15.075680, -16.967780,Pick and Place
2433441, -0.387329, 0.088257, -0.854736, -31.555170, 14.587400, -22.521970,Pick and Place
2433461, -0.394165, 0.127564, -0.819458, -33.813480, 16.174320, -25.390620,Pick and Place
2433481, -0.438599, 0.142090, -0.836060, -31.311030, 22.033690, -27.343748,Pick and Place
2433501, -0.457398, 0.097046, -0.867920, -30.456540, 31.799310, -30.761716,Pick and Place
2433521, -0.415039, 0.109131, -0.807373, -30.944820, 37.841800, -37.658700,Pick and Place
2433541, -0.369995, 0.167725, -0.740845, -29.418940, 27.893060, -40.649400,Pick and Place
2433561, -0.392822, 0.134766, -0.743408, -23.193352, 16.418460, -42.907700,Pick and Place
2433581, -0.475952, 0.106201, -0.768921, -22.399900, 14.282224, -44.189440,Pick and Place
2433601, -0.481079, 0.197388, -0.785767, -22.033690, 18.615724, -43.151840,Pick and Place
2433621, -0.457153, 0.251099, -0.792969, -18.981940, 20.324700, -41.198720,Pick and Place
2433641, -0.461426, 0.279541, -0.800049, -16.723632, 20.568840, -42.724600,Pick and Place
2433661, -0.474976, 0.291016, -0.801026, -14.343260, 20.324700, -47.851560,Pick and Place
2433681, -0.509400, 0.298706, -0.809570, -12.939450, 17.700200, -52.490220,Pick and Place
2433701, -0.523438, 0.286499, -0.820923, -12.023924, 14.343260, -53.405750,Pick and Place
2433721, -0.531494, 0.272949, -0.827515, -12.939450, 7.141112, -51.269520,Pick and Place
2433741, -0.602539, 0.259033, -0.781250, -13.000484, 0.183105, -46.203600,Pick and Place
2433761, -0.610840, 0.286255, -0.772827, -10.986324, 3.112792, -43.579090,Pick and Place
2433781, -0.608887, 0.260376, -0.790894, -7.690428, 7.202148, -37.048340,Pick and Place
2433801, -0.572876, 0.258545, -0.775391, -8.056642, 8.911134, -32.165540,Pick and Place
2433841, -0.593750, 0.255249, -0.786377, -4.455568, 7.568358, -27.709956,Pick and Place
2433881, -0.557373, 0.221069, -0.819214, -3.784179, 7.324218, -23.010250,Pick and Place
2433901, -0.547852, 0.211548, -0.805908, -4.333496, -0.427246, -19.592290,Pick and Place
2433921, -0.556885, 0.247314, -0.779297, -2.075196, -6.652830, -17.211920,Pick and Place
2433961, -0.560303, 0.229004, -0.872070, -0.366211, -0.122070, -7.263182,Pick and Place
2433981, -0.493408, 0.258789, -0.883789, -0.732422, -7.446288, -3.601074,Pick and Place
2434001, -0.526612, 0.201416, -0.894776, 0.183105, -17.639160, -3.540038,Pick and Place
2434021, -0.538452, 0.196655, -0.884766, -0.366211, -19.775390, -6.164550,Pick and Place
2434041, -0.540650, 0.171387, -0.870728, -0.122070, -16.540530, -6.103514,Pick and Place
2434061, -0.553223, 0.171387, -0.853394, -1.708984, -11.535644, -3.234863,Pick and Place
2434081, -0.520020, 0.178833, -0.833130, -2.075196, -9.948730, 2.075196,Pick and Place
2434101, -0.496704, 0.182007, -0.813354, -2.075196, -13.610836, 3.295898,Pick and Place
2434121, -0.525757, 0.189941, -0.803589, 1.098633, -14.648436, 1.159668,Pick and Place
2434141, -0.516113, 0.171997, -0.800904, 2.624511, -14.343260, -2.502442,Pick and Place
2434161, -0.514893, 0.156128, -0.818482, 2.441407, -13.732908, -2.807617,Pick and Place
2434181, -0.583374, 0.157837, -0.833252, 0.122070, -9.155274, -0.061035,Pick and Place
2434201, -0.587769, 0.152100, -0.807129, 1.586914, 2.807617, -0.305176,Pick and Place
2434221, -0.529907, 0.150879, -0.820312, 1.525878, 7.446288, 0.000000,Pick and Place
2434241, -0.495239, 0.153687, -0.847534, 2.319336, 7.080076, 1.708984,Pick and Place
2434261, -0.481934, 0.153076, -0.864014, 1.892090, 1.892090, 2.075196,Pick and Place
2434281, -0.500122, 0.151978, -0.871216, 1.525878, -1.770019, 1.342773,Pick and Place
2434301, -0.485596, 0.164551, -0.881104, 0.305176, -4.150392, 1.892090,Pick and Place
2434321, -0.488037, 0.149536, -0.888672, -0.671386, -6.347656, -0.183105,Pick and Place
2434341, -0.506348, 0.161255, -0.877197, -2.136231, -8.544924, -0.122070,Pick and Place
2434361, -0.540039, 0.157105, -0.853028, -1.220704, -6.530760, 0.000000,Pick and Place
2434381, -0.579102, 0.146973, -0.849732, 0.000000, -1.831054, 0.366211,Pick and Place
2434401, -0.505982, 0.120361, -0.834106, -0.183105, -4.455568, 3.295898,Pick and Place
2434421, -0.507324, 0.151367, -0.814209, 0.732422, -18.798830, 2.746581,Pick and Place
2434441, -0.622314, 0.140625, -0.798950, -0.488281, -14.099120, 2.929687,Pick and Place
2434461, -0.652344, 0.116577, -0.876343, -4.272462, -11.779784, 2.563476,Pick and Place
2434481, -0.687134, 0.112427, -0.971680, -12.329100, -0.305176, 3.173828,Pick and Place
2434501, -0.599487, 0.126221, -0.939820, -18.676760, -1.281738, 5.493162,Pick and Place
2434521, -0.601807, 0.155640, -0.875244, -24.658200, -17.395020, 9.460450,Pick and Place
2434541, -0.679810, 0.202881, -0.833496, -28.564450, -15.930172, 11.718748,Pick and Place
2434561, -0.668945, 0.225586, -0.782104, -31.799310, -11.108396, 18.737796,Pick and Place
2434581, -0.701904, 0.232544, -0.805786, -34.240730, -3.051757, 25.756830,Pick and Place
2434601, -0.705078, 0.264404, -0.781128, -37.414560, 11.901852, 32.226570,Pick and Place
2434621, -0.616577, 0.362183, -0.603150, -35.034180, 25.756830, 40.283200,Pick and Place
2434641, -0.686035, 0.345947, -0.630982, -31.066890, 46.936020, 42.907700,Pick and Place
2434661, -0.598267, 0.318848, -0.683228, -33.386240, 67.138680, 49.743640,Pick and Place
2434681, -0.408569, 0.363159, -0.579468, -32.409680, 50.476060, 63.476560,Pick and Place
2434701, -0.520752, 0.410156, -0.505982, -30.639640, 30.822750, 72.814940,Pick and Place
2434721, -0.616577, 0.381226, -0.690552, -28.930660, 45.837400, 78.063980,Pick and Place
2434741, -0.501099, 0.372437, -0.832886, -21.301268, 55.114740, 83.251940,Pick and Place
2434761, -0.393677, 0.449707, -0.798340, -1.892090, 41.381820, 84.899880,Pick and Place
2434781, -0.247681, 0.474365, -0.689453, 13.061520, 4.516602, 80.993640,Pick and Place
2434801, -0.216309, 0.537354, -0.619507, 29.235832, -35.827640, 74.157740,Pick and Place
2434821, -0.291992, 0.523438, -0.635620, 44.738760, -48.217760, 62.011710,Pick and Place
2434841, -0.289185, 0.507812, -0.687622, 64.025900, -41.809080, 55.236800,Pick and Place
2434861, -0.412598, 0.439453, -0.723633, 73.852540, -34.851080, 54.138180,Pick and Place
2434881, -0.334473, 0.425049, -0.780396, 80.200200, -29.296870, 52.307120,Pick and Place
2434901, -0.406128, 0.417236, -0.916748, 92.651360, -20.019532, 46.081540,Pick and Place
2434921, -0.428345, 0.359375, -0.995850, 99.548320, 2.014160, 36.132820,Pick and Place
2434941, -0.297852, 0.345337, -0.946167, 93.811020, 6.286620, 26.855464,Pick and Place
2434961, -0.133179, 0.378784, -0.824585, 89.782700, -18.981940, 19.348150,Pick and Place
2434981, -0.102173, 0.364990, -0.735840, 95.581040, -39.428720, 4.028321,Pick and Place
2435001, -0.250244, 0.239258, -0.735840, 101.989720, -39.123540, -7.812498,Pick and Place
2435021, -0.348022, 0.084473, -0.791626, 98.205560, -17.578130, -8.666994,Pick and Place
2435041, -0.385376, -0.013428, -0.843140, 87.707500, 1.037598, -3.112792,Pick and Place
2435061, -0.413452, -0.067627, -0.945801, 76.599140, 25.207516, 2.990722,Pick and Place
2435081, -0.338989, -0.176880, -1.006714, 64.331060, 37.719730, 1.037598,Pick and Place
2435101, -0.218750, -0.169189, -1.046509, 49.194320, 31.188960, 2.441407,Pick and Place
2435121, -0.208618, -0.125244, -1.088623, 40.710440, 12.390136, 0.000000,Pick and Place
2435141, -0.267456, -0.126099, -1.102539, 35.827640, 0.061035, -4.150392,Pick and Place
2435161, -0.401733, -0.166016, -1.078980, 30.883784, 6.713866, -10.925290,Pick and Place
2435181, -0.306519, -0.186768, -0.994995, 23.376460, 21.118160, -16.601568,Pick and Place
2435201, -0.182129, -0.153442, -0.953980, 17.761230, 18.249516, -12.695310,Pick and Place
2435221, -0.200928, -0.125366, -0.972046, 15.808104, 3.723144, -10.070800,Pick and Place
2435241, -0.227173, -0.126221, -0.964600, 14.038084, -8.972170, -5.554198,Pick and Place
2435261, -0.248413, -0.108154, -1.035767, 12.817380, -16.784670, -2.014160,Pick and Place
2435281, -0.297974, -0.153076, -1.034058, 3.540038, -4.211426, -1.953124,Pick and Place
2435301, -0.169189, -0.113403, -1.055542, -5.371092, -13.366696, 0.061035,Pick and Place
2435321, -0.279053, -0.035278, -1.023316, -0.427246, -35.644540, -3.295898,Pick and Place
2435341, -0.404419, -0.184326, -0.998902, 3.112792, -31.555170, -6.042480,Pick and Place
2435361, -0.406006, -0.130005, -1.001709, -5.859374, -16.784670, -5.371092,Pick and Place
2435381, -0.400513, -0.153442, -1.046143, -7.202148, -3.112792, -3.234863,Pick and Place
2435401, -0.336792, -0.153564, -1.052978, -16.418460, 0.854492, -4.821778,Pick and Place
2435421, -0.279663, -0.117676, -1.037842, -19.104010, -5.920409, -9.643556,Pick and Place
2435441, -0.287964, -0.184082, -1.051514, -22.277830, -18.188480, -12.573240,Pick and Place
2435461, -0.287842, -0.255249, -1.065796, -31.799310, -25.146480, -12.695310,Pick and Place
2435481, -0.253418, -0.247681, -1.053101, -44.311520, -30.639640, -12.207030,Pick and Place
2435501, -0.273926, -0.177490, -1.024170, -55.725090, -37.048340, -16.418460,Pick and Place
2435521, -0.313355, -0.066284, -0.972046, -55.236800, -38.513190, -24.169920,Pick and Place
2435541, -0.389282, -0.065186, -0.956421, -51.757800, -30.517570, -31.066890,Pick and Place
2435561, -0.399536, -0.100586, -0.945068, -51.696770, -13.732908, -32.775880,Pick and Place
2435581, -0.337646, -0.101318, -0.922608, -53.955070, -0.732422, -31.921380,Pick and Place
2435601, -0.261353, -0.043213, -0.849976, -56.030260, -1.281738, -34.179700,Pick and Place
2435621, -0.293701, 0.056519, -0.804688, -51.208480, -10.620116, -39.978040,Pick and Place
2435641, -0.412354, 0.060303, -0.796509, -42.663560, -8.972170, -47.485340,Pick and Place
2435661, -0.479614, 0.041016, -0.824219, -38.635260, 10.803220, -51.086420,Pick and Place
2435681, -0.421997, 0.078003, -0.817627, -41.503900, 26.611320, -51.757800,Pick and Place
2435701, -0.393188, 0.206299, -0.788452, -37.170420, 27.587884, -53.161610,Pick and Place
2435721, -0.465454, 0.216187, -0.766968, -25.146480, 26.489250, -57.617180,Pick and Place
2435741, -0.523194, 0.173584, -0.827148, -16.479492, 32.348640, -56.335440,Pick and Place
2435761, -0.509888, 0.172730, -0.819702, -15.930172, 33.386240, -51.269520,Pick and Place
2435781, -0.503784, 0.229492, -0.801270, -13.916012, 27.893060, -47.180160,Pick and Place
2435801, -0.490723, 0.265259, -0.806763, -7.385252, 23.193352, -44.616690,Pick and Place
2435821, -0.503662, 0.238892, -0.853028, -2.502442, 18.920900, -41.687000,Pick and Place
2435841, -0.505005, 0.206055, -0.857422, -1.525878, 16.723632, -37.048340,Pick and Place
2435861, -0.489380, 0.216431, -0.850830, 0.427246, 15.686032, -34.301760,Pick and Place
2435881, -0.468140, 0.196655, -0.847046, 3.173828, 16.357424, -28.869624,Pick and Place
2435901, -0.471924, 0.163818, -0.859619, 2.807617, 20.263670, -25.817870,Pick and Place
2435921, -0.487915, 0.145020, -0.876709, 0.122070, 23.742670, -23.986810,Pick and Place
2435941, -0.491577, 0.171021, -0.888550, -2.075196, 24.780270, -23.925780,Pick and Place
2435961, -0.494263, 0.145020, -0.920776, 0.305176, 21.179192, -21.423332,Pick and Place
2435981, -0.504395, 0.126587, -0.942627, -0.488281, 22.521970, -16.845708,Pick and Place
2436001, -0.440064, 0.124756, -0.928223, -2.014160, 19.470220, -11.779784,Pick and Place
2436021, -0.356079, 0.129150, -0.918823, -0.366211, 9.704590, -8.422854,Pick and Place
2436041, -0.292725, 0.132568, -0.930176, -0.915527, -7.263182, -3.479003,Pick and Place
2436061, -0.414795, 0.138428, -0.926026, 4.028321, -8.361816, -4.089356,Pick and Place
2436081, -0.474487, 0.083374, -0.898804, 1.831054, 13.977050, -7.812498,Pick and Place
2436101, -0.362793, 0.063965, -0.921631, -2.258301, 32.958990, -7.507323,Pick and Place
2436121, -0.211548, 0.052368, -0.953369, -5.432128, 28.808590, -5.554198,Pick and Place
2436141, -0.124512, 0.062622, -0.984375, -3.967285, 5.004884, -4.394532,Pick and Place
2436161, -0.174683, 0.110596, -1.004761, -3.234863, -26.123040, -5.798338,Pick and Place
2436181, -0.442627, 0.039795, -0.971192, 1.525878, -25.695796, -7.873534,Pick and Place
2436201, -0.427612, 0.068848, -0.939820, -1.464844, -6.408690, -4.455568,Pick and Place
2436221, -0.346069, 0.058716, -0.939697, -4.272462, 0.793457, 0.915527,Pick and Place
2436241, -0.315186, 0.085571, -0.948853, -5.859374, -2.136231, 2.807617,Pick and Place
2436261, -0.345947, 0.081177, -0.980591, -5.065916, -3.112792, 0.915527,Pick and Place
2436281, -0.321045, 0.042847, -1.030152, -10.070800, 0.671386, -0.122070,Pick and Place
2436301, -0.293823, 0.051514, -1.027344, -16.296390, -0.427246, 1.342773,Pick and Place
2436321, -0.286621, 0.073364, -1.019654, -20.874020, -5.004884, -0.366211,Pick and Place
2436341, -0.295410, 0.076904, -1.006104, -25.024410, -10.375976, -3.234863,Pick and Place
2436361, -0.314819, 0.127930, -0.976440, -28.991692, -11.230468, -5.493162,Pick and Place
2436381, -0.339356, 0.171387, -0.942993, -29.663080, -5.493162, -8.117676,Pick and Place
2436401, -0.249756, 0.211914, -0.924927, -30.883784, -1.098633, -8.239746,Pick and Place
2436421, -0.237061, 0.238647, -0.931519, -28.381340, -12.878416, -6.103514,Pick and Place
2436441, -0.296631, 0.234131, -0.920532, -24.291990, -22.155760, -7.141112,Pick and Place
2436461, -0.383789, 0.244507, -0.897095, -22.644040, -23.315424, -10.375976,Pick and Place
2436481, -0.415649, 0.232178, -0.879150, -22.949216, -16.357424, -10.253904,Pick and Place
2436501, -0.353272, 0.234131, -0.865845, -24.780270, -17.395020, -5.798338,Pick and Place
2436521, -0.327393, 0.255249, -0.873902, -26.306150, -34.912120, -0.488281,Pick and Place
2436541, -0.370728, 0.285278, -0.878052, -25.024410, -58.410640, 3.356933,Pick and Place
2436561, -0.493408, 0.307373, -0.845459, -23.437492, -64.453140, 3.112792,Pick and Place
2436581, -0.588623, 0.318848, -0.800049, -20.446770, -45.166000, 0.671386,Pick and Place
2436601, -0.468750, 0.318115, -0.776978, -17.944340, -24.963376, -0.305176,Pick and Place
2436621, -0.331787, 0.377319, -0.781494, -13.305660, -39.306640, 6.835936,Pick and Place
2436641, -0.501099, 0.335693, -0.884766, -1.647949, -44.677720, 4.394532,Pick and Place
2436661, -0.643555, 0.196777, -0.905518, 3.112792, -25.329584, -2.685546,Pick and Place
2436681, -0.506470, 0.204224, -0.817627, 1.403808, -15.441892, -3.601074,Pick and Place
2436701, -0.370728, 0.239258, -0.752808, 5.554198, -30.090330, 2.136231,Pick and Place
2436721, -0.381226, 0.232178, -0.794434, 8.728030, -57.556140, 5.981444,Pick and Place
2436741, -0.665650, 0.170898, -0.883789, 13.854978, -57.006820, 2.746581,Pick and Place
2436761, -0.708496, 0.119629, -0.874512, 11.047360, -26.123040, -2.624511,Pick and Place
2436781, -0.572510, 0.171265, -0.794678, 7.507323, -10.925290, -1.220704,Pick and Place
2436801, -0.519898, 0.184448, -0.780884, 7.019042, -16.967780, 7.141112,Pick and Place
2436821, -0.681030, 0.177490, -0.830078, 5.676268, -13.000484, 9.338380,Pick and Place
2436841, -0.793335, 0.164185, -0.839478, 5.249022, 39.489750, 6.042480,Pick and Place
2436861, -0.609131, 0.144897, -0.911255, -2.563476, 60.729970, 17.333990,Pick and Place
2436881, -0.599365, 0.242676, -0.841431, -7.934570, 47.668440, 30.944820,Pick and Place
2436901, -0.478272, 0.308350, -0.783692, -2.990722, 22.399900, 38.757330,Pick and Place
2436921, -0.663452, 0.298096, -0.776489, 0.427246, 3.112792, 39.672860,Pick and Place
2436941, -0.666626, 0.306641, -0.749268, -2.197266, 3.051757, 41.931140,Pick and Place
2436961, -0.633423, 0.339600, -0.738159, -1.708984, -0.122070, 47.973620,Pick and Place
2436981, -0.612671, 0.356201, -0.730347, 1.037598, -7.812498, 58.715810,Pick and Place
2437001, -0.587280, 0.374634, -0.717407, 5.187988, -17.883300, 65.246600,Pick and Place
2437021, -0.592774, 0.387085, -0.711304, 11.108396, -25.634760, 66.650400,Pick and Place
2437041, -0.567261, 0.371216, -0.697022, 16.540530, -32.897960, 65.795900,Pick and Place
2437061, -0.493774, 0.357910, -0.706177, 25.268550, -47.058100, 63.049300,Pick and Place
2437081, -0.424561, 0.355591, -0.702881, 27.893060, -61.706540, 60.424800,Pick and Place
2437101, -0.449341, 0.349732, -0.687500, 32.897960, -72.082540, 56.823720,Pick and Place
2437121, -0.489258, 0.323853, -0.677856, 37.658700, -65.917980, 51.147450,Pick and Place
2437141, -0.426880, 0.317139, -0.671875, 39.855960, -58.349600, 45.837400,Pick and Place
2437161, -0.390991, 0.332520, -0.677490, 43.273920, -56.884760, 39.978040,Pick and Place
2437181, -0.387940, 0.325684, -0.681152, 48.339840, -54.077140, 32.836920,Pick and Place
2437201, -0.452881, 0.261475, -0.693360, 53.466780, -43.579090, 20.812980,Pick and Place
2437221, -0.527344, 0.180786, -0.744629, 54.016100, -21.057124, 9.887696,Pick and Place
2437241, -0.451660, 0.159180, -0.773560, 49.926750, -8.300784, 4.638672,Pick and Place
2437261, -0.419434, 0.157593, -0.807984, 49.499500, -16.662600, 3.723144,Pick and Place
2437281, -0.491211, 0.051147, -0.847534, 46.447740, -27.038570, -2.807617,Pick and Place
2437301, -0.569946, 0.058594, -0.843018, 41.809080, -20.019532, -7.568358,Pick and Place
2437321, -0.584106, 0.050049, -0.837646, 38.024910, -11.718748, -7.141112,Pick and Place
2437341, -0.546753, 0.041016, -0.860596, 33.630380, -11.108396, -5.126952,Pick and Place
2437361, -0.571900, 0.028564, -0.883667, 30.090330, -11.291500, -4.577638,Pick and Place
2437381, -0.603516, 0.039673, -0.878662, 23.864740, -10.498044, -4.943848,Pick and Place
2437401, -0.608887, 0.068359, -0.871094, 20.324700, -5.920409, -7.385252,Pick and Place
2437421, -0.571167, 0.076660, -0.908936, 18.066410, -2.807617, -7.385252,Pick and Place
2437441, -0.597290, 0.047729, -0.902710, 15.563964, -2.380371, -6.652830,Pick and Place
2437461, -0.570068, 0.042358, -0.909790, 6.286620, -8.911134, -1.403808,Pick and Place
2437481, -0.856812, 0.095581, -0.933594, 5.493162, 5.676268, -1.770019,Pick and Place
2437501, -0.573120, 0.086792, -0.924194, 3.173828, 34.118660, 3.479003,Pick and Place
2437521, -0.582642, 0.099243, -0.914185, 2.807617, 27.648920, 8.544924,Pick and Place
2437541, -0.515503, 0.126343, -0.855835, 1.525878, 15.258788, 6.042480,Pick and Place
2437561, -0.525391, 0.143188, -0.796509, 2.380371, 5.676268, 1.953124,Pick and Place
2437581, -0.575195, 0.109131, -0.771362, 4.089356, 9.948730, -0.183105,Pick and Place
2437601, -0.544678, 0.087646, -0.770264, 3.051757, 15.441892, 1.464844,Pick and Place
2437621, -0.510864, 0.101807, -0.762329, 2.563476, 13.122556, 4.699708,Pick and Place
2437641, -0.517578, 0.122803, -0.774414, 4.089356, 8.300784, 4.821778,Pick and Place
2437661, -0.534180, 0.108398, -0.803223, 4.699708, 5.493162, 1.342773,Pick and Place
2437681, -0.563232, 0.127197, -0.818604, 2.563476, 5.187988, 1.647949,Pick and Place
2437701, -0.557129, 0.156860, -0.823242, 0.854492, 3.662109, 0.671386,Pick and Place
2437721, -0.566528, 0.192261, -0.837280, 3.173828, 1.464844, -3.662109,Pick and Place
2437741, -0.560425, 0.156494, -0.816284, 4.760742, 0.976562, -6.225584,Pick and Place
2437761, -0.572632, 0.156372, -0.791260, 4.455568, 3.723144, -6.713866,Pick and Place
2437781, -0.547486, 0.193359, -0.780640, 4.333496, 0.427246, -2.380371,Pick and Place
2437801, -0.608398, 0.203491, -0.813599, 7.446288, 1.159668, -1.831054,Pick and Place
2437821, -0.656982, 0.138428, -0.865479, 8.239746, 13.061520, -2.319336,Pick and Place
2437841, -0.560059, 0.105713, -0.910034, 3.479003, 23.132320, 2.136231,Pick and Place
2437861, -0.484619, 0.103272, -0.871094, -0.427246, 14.343260, 4.333496,Pick and Place
2437881, -0.491455, 0.157105, -0.813477, -0.061035, -0.183105, 3.723144,Pick and Place
2437901, -0.550781, 0.140503, -0.796997, 2.929687, -2.441407, -2.807617,Pick and Place
2437921, -0.540283, 0.117065, -0.816650, 3.234863, 7.812498, -6.408690,Pick and Place
2437941, -0.485718, 0.114502, -0.826050, 1.403808, 10.437010, 0.061035,Pick and Place
2437961, -0.512695, 0.143066, -0.829712, 2.746581, 7.202148, 1.342773,Pick and Place
2437981, -0.493896, 0.115601, -0.863648, 3.295898, 4.577638, -2.075196,Pick and Place
2438001, -0.490967, 0.116089, -0.875366, 2.441407, 0.976562, -3.417968,Pick and Place
2438021, -0.536865, 0.110230, -0.878052, 2.014160, 1.037598, -2.990722,Pick and Place
2438041, -0.514526, 0.118042, -0.874512, 1.281738, -0.061035, -1.647949,Pick and Place
2438061, -0.530518, 0.119385, -0.864380, 2.929687, -0.854492, -1.708984,Pick and Place
2438081, -0.538086, 0.090332, -0.880371, 3.601074, 1.770019, -2.807617,Pick and Place
2438101, -0.504272, 0.096680, -0.886353, 1.464844, 1.831054, -0.915527,Pick and Place
2438121, -0.493164, 0.093994, -0.871216, 2.075196, 2.807617, -1.770019,Pick and Place
2438141, -0.406372, 0.091187, -0.872681, -1.892090, -13.732908, -0.854492,Pick and Place
2438161, -0.576660, 0.034912, -0.883545, -0.976562, -15.197750, -6.835936,Pick and Place
2438181, -0.549561, -0.019409, -0.915405, -6.164550, -3.601074, -4.333496,Pick and Place
2438201, -0.534424, -0.037476, -0.949463, -12.023924, 1.892090, 3.112792,Pick and Place
2438221, -0.503662, -0.036133, -0.953003, -16.845708, 4.211426, 6.530760,Pick and Place
2438241, -0.470947, -0.022705, -0.947876, -19.531250, 4.821778, 3.967285,Pick and Place
2438261, -0.455078, -0.025146, -0.966064, -20.080560, 7.568358, 0.488281,Pick and Place
2438281, -0.408936, -0.039673, -0.988526, -21.789548, 13.244628, -1.342773,Pick and Place
2438301, -0.370972, -0.027466, -1.000610, -23.071284, 19.409180, -5.187988,Pick and Place
2438321, -0.354492, 0.010132, -0.991577, -24.169920, 26.000970, -12.451170,Pick and Place
2438341, -0.313843, 0.044434, -0.961792, -23.864740, 29.541010, -22.644040,Pick and Place
2438361, -0.263672, 0.067139, -0.880860, -24.291990, 24.597160, -32.653820,Pick and Place
2438381, -0.437866, 0.043335, -0.803833, -19.836430, 18.737796, -43.762200,Pick and Place
2438401, -0.536621, 0.037109, -0.768311, -19.470220, 34.606940, -49.255360,Pick and Place
2438421, -0.519287, 0.036255, -0.748657, -22.460930, 53.771960, -51.879880,Pick and Place
2438441, -0.484497, 0.091431, -0.775146, -26.367180, 58.471670, -51.391590,Pick and Place
2438461, -0.485352, 0.165405, -0.817139, -24.719230, 49.499500, -49.438460,Pick and Place
2438481, -0.508179, 0.167969, -0.848511, -20.263670, 39.184580, -51.452620,Pick and Place
2438501, -0.515259, 0.160400, -0.853150, -18.981940, 35.461430, -56.823720,Pick and Place
2438521, -0.544800, 0.165283, -0.822876, -17.028810, 37.963880, -60.363760,Pick and Place
2438541, -0.501099, 0.191162, -0.806885, -18.737796, 41.076650, -58.044420,Pick and Place
2438561, -0.448730, 0.260986, -0.849732, -16.418460, 39.184580, -51.391590,Pick and Place
2438581, -0.462891, 0.235230, -0.864624, -8.972170, 32.348640, -48.522940,Pick and Place
2438601, -0.499756, 0.228394, -0.838257, -4.211426, 32.958990, -51.818840,Pick and Place
2438621, -0.481201, 0.214966, -0.834961, -3.295898, 40.100100, -49.865720,Pick and Place
2438641, -0.411133, 0.261841, -0.839722, -5.187988, 44.433580, -43.273920,Pick and Place
2438661, -0.378174, 0.270874, -0.865112, -0.488281, 42.358390, -37.719730,Pick and Place
2438681, -0.398682, 0.238281, -0.874756, 2.380371, 39.917000, -34.606940,Pick and Place
2438701, -0.380982, 0.231689, -0.864136, 2.441407, 39.611820, -33.935560,Pick and Place
2438721, -0.358398, 0.256104, -0.866211, 7.080076, 31.921380, -30.334470,Pick and Place
2438741, -0.341797, 0.252319, -0.864746, 10.070800, 26.977532, -25.024410,Pick and Place
2438761, -0.306519, 0.254395, -0.891602, 15.991210, 22.521970, -22.338860,Pick and Place
2438781, -0.336182, 0.199219, -0.886597, 19.714360, 18.981940, -19.592290,Pick and Place
2438901, -0.342163, 0.117554, -1.080200, 0.000000, 13.916012, 1.098633,Pick and Place
2438921, -0.317261, 0.084106, -1.025513, -2.380371, 2.868652, 9.338380,Pick and Place
2438941, -0.357422, 0.128784, -1.052612, -1.464844, -4.699708, 14.099120,Pick and Place
2438961, -0.299072, 0.145386, -1.044312, -5.798338, -18.676760, 15.930172,Pick and Place
2438981, -0.400635, 0.166016, -0.979736, 2.563476, -35.644540, 23.010250,Pick and Place
2439001, -0.489136, 0.137573, -0.952148, -1.464844, -33.569340, 29.052730,Pick and Place
2439021, -0.536255, 0.150757, -0.942505, -2.197266, -25.146480, 34.912120,Pick and Place
2439041, -0.520142, 0.157959, -0.944458, -7.873534, -10.253904, 46.936020,Pick and Place
2439061, -0.456665, 0.178955, -0.933716, -8.789064, -9.216310, 52.429190,Pick and Place
2439081, -0.397217, 0.207642, -0.919190, -8.850100, -15.014646, 57.373040,Pick and Place
2439101, -0.376465, 0.245972, -0.893433, -5.737304, -25.451652, 61.340320,Pick and Place
2439121, -0.425293, 0.244263, -0.869141, 0.854492, -28.808590, 64.453140,Pick and Place
2439141, -0.418945, 0.210083, -0.862183, 2.807617, -23.620600, 67.016600,Pick and Place
2439161, -0.389038, 0.225220, -0.864624, 5.493162, -18.066410, 70.617700,Pick and Place
2439181, -0.386353, 0.211914, -0.852783, 9.643556, -17.150880, 73.181160,Pick and Place
2439201, -0.368164, 0.202026, -0.848389, 14.648436, -18.798830, 70.983900,Pick and Place
2439221, -0.350098, 0.187622, -0.824097, 19.836430, -20.507810, 65.979020,Pick and Place
2439241, -0.321655, 0.183105, -0.813843, 23.803708, -19.042970, 59.997550,Pick and Place
2439261, -0.266358, 0.189331, -0.805420, 29.113768, -13.000484, 55.358880,Pick and Place
2439281, -0.253906, 0.179321, -0.811768, 34.240730, -7.141112, 49.682610,Pick and Place
2439301, -0.257690, 0.138062, -0.863526, 38.452160, -5.004884, 44.433580,Pick and Place
2439321, -0.287354, 0.075073, -0.894654, 41.625960, 2.136231, 35.705570,Pick and Place
2439341, -0.197876, 0.053589, -0.900513, 40.222160, 9.887696, 28.503410,Pick and Place
2439361, -0.140869, 0.037720, -0.915039, 42.358390, 3.356933, 21.972650,Pick and Place
2439381, -0.170898, -0.029297, -0.940918, 43.518060, -5.493162, 17.150880,Pick and Place
2439401, -0.253174, -0.083984, -0.949097, 41.992180, -7.446288, 12.268064,Pick and Place
2439421, -0.299927, -0.090088, -0.957031, 38.818360, 1.159668, 9.643556,Pick and Place
2439441, -0.249023, -0.121338, -0.980713, 35.156260, 8.178714, 9.521484,Pick and Place
2439461, -0.194336, -0.137207, -1.007568, 30.090330, 4.455568, 8.911134,Pick and Place
2439481, -0.238525, -0.108154, -1.013306, 27.709956, -7.934570, 3.295898,Pick and Place
2439501, -0.308716, -0.151855, -1.004883, 23.742670, -5.676268, 5.371092,Pick and Place
2439521, -0.287476, -0.161133, -1.012574, 18.127448, -1.159668, 7.995604,Pick and Place
2439541, -0.266113, -0.134644, -1.015747, 12.329100, -0.305176, 9.521484,Pick and Place
2439561, -0.279907, -0.070313, -0.998902, 8.361816, -0.732422, 6.958006,Pick and Place
2439581, -0.291016, -0.057495, -0.986694, 8.178714, 1.525878, 2.197266,Pick and Place
2439601, -0.289429, -0.077271, -0.996460, 7.080076, 4.150392, 0.427246,Pick and Place
2439621, -0.281738, -0.087891, -0.980591, 3.784179, 7.934570, 0.854492,Pick and Place
2439641, -0.260742, -0.048828, -0.955200, 1.098633, 6.469726, 1.403808,Pick and Place
2439661, -0.274414, -0.014282, -0.953491, 2.197266, 6.103514, 0.366211,Pick and Place
2439681, -0.273071, -0.029907, -0.966187, 4.882814, 6.530760, -2.075196,Pick and Place
2439701, -0.270264, -0.062500, -0.970825, 0.793457, 6.042480, -3.356933,Pick and Place
2439721, -0.300537, -0.028076, -0.993286, 0.427246, 3.601074, -0.732422,Pick and Place
2439741, -0.357544, -0.058350, -1.035522, -1.220704, 8.544924, -1.953124,Pick and Place
2439761, -0.297730, -0.037964, -1.037232, -5.981444, 10.864256, -2.624511,Pick and Place
2439781, -0.296753, -0.057007, -1.040162, -6.408690, 13.183590, -2.136231,Pick and Place
2439801, -0.232422, -0.061523, -1.019898, -12.512204, 7.751464, -0.183105,Pick and Place
2439821, -0.257446, -0.054077, -1.040772, -16.723632, -0.671386, 1.403808,Pick and Place
2439841, -0.314331, -0.043335, -1.070068, -21.301268, -1.708984, 0.915527,Pick and Place
2439861, -0.302734, -0.024414, -1.047364, -25.512690, 4.638672, -1.525878,Pick and Place
2439881, -0.210693, -0.010132, -1.022095, -30.151360, 5.249022, -2.319336,Pick and Place
2439901, -0.170532, 0.008179, -1.022950, -35.156260, -4.577638, -1.708984,Pick and Place
2439921, -0.172607, 0.095459, -0.968628, -39.306640, -26.794430, -4.821778,Pick and Place
2439941, -0.093018, 0.123291, -0.904663, -38.757330, -51.940910, -4.943848,Pick and Place
2439961, -0.182739, 0.144165, -0.842163, -43.945300, -86.669900, 0.732422,Pick and Place
2439981, -0.485840, 0.272949, -0.847534, -44.067380, -83.068840, 3.723144,Pick and Place
2440001, -0.621826, 0.311524, -0.912598, -35.766600, -47.851560, -0.671386,Pick and Place
2440021, -0.471680, 0.256592, -0.878418, -36.682140, -21.484370, 1.281738,Pick and Place
2440041, -0.343384, 0.324097, -0.831299, -36.499030, -29.418940, 6.774902,Pick and Place
2440061, -0.399780, 0.353027, -0.766236, -27.648920, -42.968740, 4.394532,Pick and Place
2440081, -0.539307, 0.326782, -0.781494, -18.554690, -29.479976, -5.493162,Pick and Place
2440101, -0.498291, 0.279297, -0.816650, -16.601568, -8.911134, -9.155274,Pick and Place
2440121, -0.408691, 0.292480, -0.826660, -13.732908, -7.324218, -5.615234,Pick and Place
2440141, -0.425293, 0.294678, -0.813232, -1.525878, -24.719230, -9.460450,Pick and Place
2440161, -0.514038, 0.234131, -0.842407, 6.103514, -19.775390, -19.592290,Pick and Place
2440181, -0.551880, 0.189209, -0.851685, 9.399414, -12.268064, -20.690910,Pick and Place
2440201, -0.496094, 0.184204, -0.834839, 12.145992, -15.930172, -15.930172,Pick and Place
2440221, -0.437134, 0.171509, -0.839356, 12.878416, -28.076170, -12.573240,Pick and Place
2440241, -0.472656, 0.155151, -0.811768, 13.732908, -33.020020, -15.258788,Pick and Place
2440261, -0.474365, 0.160400, -0.784058, 16.052250, -34.606940, -16.235352,Pick and Place
2440281, -0.518311, 0.123779, -0.806030, 18.127448, -31.555170, -17.272950,Pick and Place
2440301, -0.477051, 0.108398, -0.844971, 18.188480, -29.785150, -16.479492,Pick and Place
2440321, -0.457642, 0.091675, -0.841064, 18.859868, -38.146980, -14.892576,Pick and Place
2440341, -0.531982, 0.052490, -0.764648, 18.981940, -42.724600, -16.967780,Pick and Place
2440361, -0.650513, -0.035278, -0.794678, 17.700200, -17.944340, -17.578130,Pick and Place
2440401, -0.515137, -0.070435, -0.939820, 2.502442, -10.070800, 0.427246,Pick and Place
2440421, -0.493652, -0.066040, -0.937744, -3.112792, -37.536620, 3.723144,Pick and Place
2440441, -0.623779, -0.052368, -0.898804, -9.033204, -57.373040, 2.258301,Pick and Place
2440461, -0.701538, -0.063965, -0.893555, -13.671872, -34.118660, 0.183105,Pick and Place
2440481, -0.657227, -0.018555, -0.897217, -18.310550, -6.286620, 1.464844,Pick and Place
2440501, -0.543213, -0.019043, -0.918945, -22.216790, 2.563476, 10.192870,Pick and Place
2440521, -0.555542, 0.011353, -0.937622, -23.620600, -4.333496, 13.366696,Pick and Place
2440541, -0.574951, 0.012085, -0.923462, -24.475090, -6.469726, 10.742184,Pick and Place
2440561, -0.555420, 0.011475, -0.923706, -27.404780, -7.080076, 6.042480,Pick and Place
2440581, -0.521362, 0.055298, -0.913208, -35.644540, -6.286620, 4.150392,Pick and Place
2440601, -0.511597, 0.077393, -0.899414, -39.062500, -7.446288, -0.488281,Pick and Place
2440621, -0.495483, 0.102905, -0.890625, -40.039070, -9.643556, -6.408690,Pick and Place
2440641, -0.499756, 0.097046, -0.881958, -39.550780, -6.713866, -11.352536,Pick and Place
2440661, -0.465942, 0.083252, -0.864014, -40.161120, 0.427246, -13.366696,Pick and Place
2440681, -0.438843, 0.117554, -0.835816, -42.114250, 4.638672, -15.624996,Pick and Place
2440701, -0.473877, 0.136353, -0.836304, -39.428720, 8.117676, -19.531250,Pick and Place
2440721, -0.509400, 0.136475, -0.816772, -39.184580, 12.817380, -24.841304,Pick and Place
2440741, -0.535889, 0.177856, -0.792358, -37.414560, 18.554690, -30.212400,Pick and Place
2440761, -0.530152, 0.229004, -0.764160, -35.827640, 19.958500, -33.996590,Pick and Place
2440781, -0.495850, 0.258667, -0.722656, -32.104500, 15.747068, -37.475590,Pick and Place
2440801, -0.561890, 0.280640, -0.672852, -26.794430, 8.056642, -43.334950,Pick and Place
2440821, -0.643677, 0.288818, -0.660889, -23.864740, 10.375976, -45.959460,Pick and Place
2440841, -0.629028, 0.271606, -0.654419, -21.118160, 14.343260, -49.255360,Pick and Place
2440861, -0.636597, 0.242310, -0.654419, -19.104010, 15.197750, -51.086420,Pick and Place
2440881, -0.654419, 0.218384, -0.623657, -17.089850, 15.441892, -49.560540,Pick and Place
2440901, -0.667480, 0.202515, -0.611328, -15.380856, 14.343260, -45.410140,Pick and Place
2440921, -0.683228, 0.197266, -0.645996, -13.549804, 16.662600, -42.297360,Pick and Place
2440941, -0.678589, 0.217407, -0.652344, -11.596676, 18.066410, -38.208020,Pick and Place
2440961, -0.685669, 0.228394, -0.630371, -7.080076, 12.939450, -33.752440,Pick and Place
2440981, -0.650146, 0.247925, -0.641968, -4.699708, 5.065916, -34.606940,Pick and Place
2441001, -0.679077, 0.265381, -0.650024, -0.976562, -0.366211, -33.081060,Pick and Place
2441021, -0.748657, 0.225342, -0.683106, 0.854492, 2.624511, -31.555170,Pick and Place
2441041, -0.709595, 0.221314, -0.703003, -0.305176, 8.178714, -29.541010,Pick and Place
2441061, -0.679199, 0.220581, -0.709595, -0.061035, 9.338380, -26.611320,Pick and Place
2441081, -0.667236, 0.228272, -0.679077, -1.831054, 5.249022, -23.010250,Pick and Place
2441101, -0.672486, 0.244019, -0.697998, 0.061035, -1.892090, -20.996090,Pick and Place
2441121, -0.693482, 0.213257, -0.750610, 0.976562, -4.028321, -21.057124,Pick and Place
2441141, -0.648438, 0.184448, -0.791504, -2.563476, -7.385252, -15.808104,Pick and Place
2441161, -0.782715, 0.190674, -0.821045, -3.051757, -16.052250, -13.732908,Pick and Place
2441181, -0.717407, 0.177368, -0.788208, -5.126952, -13.549804, -9.643556,Pick and Place
2441201, -0.744385, 0.209351, -0.787354, -3.234863, -17.150880, -4.882814,Pick and Place
2441221, -0.789185, 0.173584, -0.791382, -0.183105, -6.774902, -1.770019,Pick and Place
2441241, -0.676148, 0.178223, -0.764038, -0.671386, -2.319336, 1.831054,Pick and Place
2441261, -0.678955, 0.164429, -0.737549, 0.976562, 0.244141, 1.342773,Pick and Place
2441281, -0.612915, 0.153564, -0.732422, 0.793457, 1.281738, 0.549316,Pick and Place
2441301, -0.613281, 0.160767, -0.755860, 1.586914, 1.586914, 0.061035,Pick and Place
2441321, -0.631592, 0.146851, -0.761108, 1.220704, 5.615234, -0.061035,Pick and Place
2441341, -0.593262, 0.130371, -0.786987, -0.793457, 5.798338, -0.549316,Pick and Place
2441361, -0.569824, 0.140015, -0.793579, -1.770019, -0.854492, -0.427246,Pick and Place
2441381, -0.625244, 0.145752, -0.799316, 0.305176, -1.342773, -0.366211,Pick and Place
2441401, -0.613404, 0.111572, -0.803711, -0.488281, 0.427246, 0.671386,Pick and Place
2441421, -0.638062, 0.105469, -0.809082, -0.915527, 1.708984, 1.525878,Pick and Place
2441441, -0.687866, 0.089844, -0.774170, -0.183105, 9.765626, 1.098633,Pick and Place
2441461, -0.698730, 0.083862, -0.741699, -0.244141, 7.385252, 3.906249,Pick and Place
2441481, -0.724610, 0.048584, -0.763794, -3.479003, 5.798338, 8.911134,Pick and Place
2441501, -0.674438, 0.071411, -0.878174, -15.197750, 7.141112, 14.526364,Pick and Place
2441521, -0.737061, 0.120972, -0.845093, -22.399900, 10.559080, 19.042970,Pick and Place
2441541, -0.754150, 0.165039, -0.817261, -28.442380, 19.897460, 23.620600,Pick and Place
2441561, -0.755493, 0.193970, -0.820190, -32.592780, 35.949720, 25.085448,Pick and Place
2441581, -0.683228, 0.214478, -0.799438, -36.071780, 44.311520, 32.592780,Pick and Place
2441601, -0.667114, 0.289429, -0.772583, -37.841800, 39.550780, 43.579090,Pick and Place
2441621, -0.668701, 0.292358, -0.783081, -35.644540, 39.550780, 49.255360,Pick and Place
2441641, -0.650269, 0.343628, -0.754883, -33.386240, 38.513190, 55.297840,Pick and Place
2441661, -0.627564, 0.356445, -0.721436, -30.334470, 40.832510, 60.607900,Pick and Place
2441681, -0.509888, 0.397949, -0.744629, -32.287600, 46.386710, 69.519040,Pick and Place
2441701, -0.513184, 0.427612, -0.727539, -29.113768, 47.607410, 71.594240,Pick and Place
2441721, -0.422852, 0.444092, -0.718750, -24.658200, 44.250480, 73.425300,Pick and Place
2441741, -0.384033, 0.463501, -0.704468, -16.479492, 35.034180, 74.096700,Pick and Place
2441761, -0.348267, 0.463989, -0.626953, -8.605960, 17.639160, 73.791520,Pick and Place
2441781, -0.386963, 0.457886, -0.601318, -1.220704, 9.521484, 72.998060,Pick and Place
2441801, -0.382568, 0.451416, -0.671143, 7.446288, 13.000484, 70.861840,Pick and Place
2441821, -0.303467, 0.461426, -0.714112, 18.432620, 17.700200, 67.871100,Pick and Place
2441841, -0.223511, 0.484985, -0.676148, 30.822750, 11.047360, 64.331060,Pick and Place
2441861, -0.223755, 0.469727, -0.698242, 42.480460, -6.286620, 58.044420,Pick and Place
2441881, -0.251343, 0.452393, -0.709961, 53.466780, -21.484370, 49.560540,Pick and Place
2441901, -0.211182, 0.404907, -0.757935, 63.903800, -35.766600, 36.499030,Pick and Place
2441921, -0.237427, 0.361816, -0.835083, 70.739760, -37.048340, 29.418940,Pick and Place
2441941, -0.247314, 0.349732, -0.857056, 76.599140, -36.987310, 25.451652,Pick and Place
2441961, -0.254272, 0.343262, -0.799683, 84.411600, -37.292480, 18.554690,Pick and Place
2441981, -0.364380, 0.296997, -0.803833, 88.073700, -37.536620, 9.826660,Pick and Place
2442001, -0.385132, 0.225708, -0.873413, 88.378900, -27.160640, 1.098633,Pick and Place
2442021, -0.283569, 0.200806, -0.917114, 81.848140, -15.747068, -5.981444,Pick and Place
2442041, -0.200073, 0.173096, -0.891358, 77.697760, -16.662600, -9.460450,Pick and Place
2442061, -0.270142, 0.144287, -0.779297, 77.758800, -29.663080, -10.192870,Pick and Place
2442081, -0.455688, 0.065063, -0.831665, 82.092260, -31.188960, -12.573240,Pick and Place
2442101, -0.480347, -0.019775, -0.922852, 74.157740, -4.089356, -13.854978,Pick and Place
2442121, -0.366577, -0.066650, -1.017822, 59.143060, 30.029290, -7.446288,Pick and Place
2442141, -0.242676, -0.074585, -1.024902, 48.706040, 25.573724, -1.220704,Pick and Place
2442161, -0.226074, -0.058472, -0.998779, 44.799800, 2.014160, -0.366211,Pick and Place
2442181, -0.416992, -0.065186, -1.008789, 45.104970, -7.385252, -6.591796,Pick and Place
2442201, -0.416748, -0.093994, -1.010376, 42.724600, 10.559080, -14.953610,Pick and Place
2442221, -0.290894, -0.119385, -1.024170, 36.132820, 25.634760, -14.526364,Pick and Place
2442241, -0.242798, -0.112671, -1.013916, 28.747552, 24.475090, -8.483890,Pick and Place
2442261, -0.247192, -0.092407, -0.996826, 29.479976, 13.061520, -10.620116,Pick and Place
2442281, -0.365967, -0.176880, -0.995606, 29.418940, 14.831540, -9.826660,Pick and Place
2442301, -0.291138, -0.209351, -0.982056, 21.301268, 22.338860, -7.446288,Pick and Place
2442321, -0.238892, -0.166016, -0.987427, 13.244628, 23.254390, -3.540038,Pick and Place
2442341, -0.159912, -0.205322, -1.148194, -1.892090, 10.620116, 3.234863,Pick and Place
2442361, -0.187378, -0.133301, -1.090088, -7.263182, -22.399900, 3.784179,Pick and Place
2442381, -0.402954, -0.100708, -1.023438, -0.854492, -18.432620, -3.051757,Pick and Place
2442401, -0.238892, -0.139893, -1.023682, -6.103514, -6.774902, -7.080076,Pick and Place
2442421, -0.329468, -0.188355, -1.015503, -6.896972, -14.465330, -1.220704,Pick and Place
2442441, -0.369873, -0.179565, -1.063843, -11.779784, -2.807617, 0.244141,Pick and Place
2442461, -0.265137, -0.228882, -1.072998, -17.822270, -0.610352, -3.417968,Pick and Place
2442481, -0.172852, -0.224365, -1.065552, -25.146480, -17.761230, -2.563476,Pick and Place
2442501, -0.282227, -0.281860, -1.070923, -30.456540, -27.709956, -5.065916,Pick and Place
2442521, -0.240967, -0.282227, -1.044068, -42.602530, -27.770990, -7.263182,Pick and Place
2442541, -0.234131, -0.243652, -0.984986, -51.940910, -34.057620, -11.840818,Pick and Place
2442561, -0.283325, -0.147827, -0.967529, -54.382320, -29.296870, -17.639160,Pick and Place
2442581, -0.277222, -0.127441, -0.950318, -56.335440, -22.766110, -21.301268,Pick and Place
2442601, -0.314331, -0.087524, -0.912476, -54.992660, -12.207030, -25.207516,Pick and Place
2442621, -0.321533, -0.021973, -0.893555, -54.199210, -1.403808, -28.564450,Pick and Place
2442641, -0.300537, 0.066284, -0.908203, -49.438460, 6.713866, -31.555170,Pick and Place
2442661, -0.283691, 0.072876, -0.921997, -42.114250, 12.512204, -37.170420,Pick and Place
2442681, -0.288696, 0.052979, -0.892700, -37.658700, 14.709470, -42.480460,Pick and Place
2442701, -0.296021, 0.083252, -0.833496, -35.766600, 14.465330, -47.241200,Pick and Place
2442721, -0.330566, 0.144165, -0.804566, -31.494136, 10.620116, -51.025380,Pick and Place
2442741, -0.411133, 0.149170, -0.808106, -24.658200, 14.770504, -55.419910,Pick and Place
2442761, -0.441528, 0.127686, -0.808472, -22.155760, 27.282710, -57.373040,Pick and Place
2442781, -0.373047, 0.160034, -0.821778, -21.728510, 32.470710, -55.664060,Pick and Place
2442801, -0.270996, 0.203247, -0.822876, -20.629880, 13.427732, -54.931630,Pick and Place
2442821, -0.359253, 0.252319, -0.846680, -14.892576, -7.202148, -55.603020,Pick and Place
2442841, -0.500122, 0.219238, -0.858887, -9.704590, -9.765626, -58.227530,Pick and Place
2442861, -0.546265, 0.196777, -0.850098, -8.728030, -1.098633, -53.955070,Pick and Place
2442881, -0.534912, 0.232544, -0.856445, -9.277344, 9.460450, -47.119130,Pick and Place
2442901, -0.498169, 0.239746, -0.868896, -6.713866, 8.850100, -40.222160,Pick and Place
2442921, -0.522461, 0.234497, -0.873047, -4.516602, 3.051757, -36.376960,Pick and Place
2442941, -0.579956, 0.214722, -0.873657, -1.098633, 3.295898, -33.325200,Pick and Place
2442961, -0.589234, 0.188477, -0.883789, -0.549316, 9.094240, -27.587884,Pick and Place
2442981, -0.549316, 0.178589, -0.893555, -0.183105, 15.686032, -20.385740,Pick and Place
2443001, -0.422852, 0.172974, -0.895386, -2.258301, 13.671872, -13.610836,Pick and Place
2443021, -0.417725, 0.191040, -0.862915, -0.366211, 7.568358, -12.573240,Pick and Place
2443041, -0.470215, 0.176636, -0.867798, 3.356933, 5.798338, -12.756344,Pick and Place
2443061, -0.491699, 0.131592, -0.905518, 4.577638, 14.404296, -12.084960,Pick and Place
2443081, -0.439575, 0.106934, -0.936524, 3.356933, 20.141600, -9.094240,Pick and Place
2443101, -0.356445, 0.098389, -0.936890, 2.197266, 15.686032, -7.690428,Pick and Place
2443121, -0.318848, 0.090332, -0.909302, 3.662109, 3.417968, -3.051757,Pick and Place
2443141, -0.355469, 0.098145, -0.917603, 3.784179, -3.906249, -3.417968,Pick and Place
2443161, -0.403931, 0.051392, -0.927490, 0.854492, 0.366211, -3.723144,Pick and Place
2443181, -0.363281, 0.057129, -0.957154, -2.075196, 8.178714, -0.244141,Pick and Place
2443201, -0.325684, 0.050293, -0.966187, -7.202148, 9.521484, -0.366211,Pick and Place
2443221, -0.243408, 0.124146, -0.974732, -5.004884, 4.211426, 0.305176,Pick and Place
2443241, -0.313477, 0.087280, -0.981445, -2.380371, 4.577638, -2.990722,Pick and Place
2443261, -0.303833, 0.056396, -0.981568, -5.249022, 8.605960, -5.065916,Pick and Place
2443281, -0.244141, 0.073486, -0.968750, -6.530760, 2.380371, -3.601074,Pick and Place
2443301, -0.243530, 0.085815, -0.961304, -7.324218, -11.413570, 0.061035,Pick and Place
2443321, -0.357300, 0.126831, -0.972900, -4.211426, -15.258788, 1.281738,Pick and Place
2443341, -0.410522, 0.095703, -0.983887, -1.037598, -5.615234, 0.183105,Pick and Place
2443361, -0.345337, 0.059082, -0.968872, -4.638672, 4.943848, -0.122070,Pick and Place
2443381, -0.295654, 0.108643, -0.958374, -6.469726, 3.784179, 2.685546,Pick and Place
2443401, -0.300049, 0.109497, -0.934448, -2.502442, -1.586914, 1.220704,Pick and Place
2443421, -0.316528, 0.085571, -0.929566, -1.098633, -2.136231, -2.746581,Pick and Place
2443441, -0.281128, 0.057251, -0.935791, -6.835936, -1.953124, -3.417968,Pick and Place
2443461, -0.258911, 0.067993, -0.963379, -9.887696, -8.666994, -1.770019,Pick and Place
2443481, -0.299805, 0.088013, -0.983398, -13.366696, -19.897460, -2.197266,Pick and Place
2443502, -0.397949, 0.109009, -0.991333, -12.145992, -20.874020, -5.126952,Pick and Place
2443522, -0.404419, 0.093994, -0.962769, -15.197750, -11.230468, -6.652830,Pick and Place
2443542, -0.331421, 0.134033, -0.953613, -20.324700, -5.737304, -3.112792,Pick and Place
2443562, -0.287109, 0.173950, -0.970337, -23.986810, -13.671872, 0.244141,Pick and Place
2443582, -0.293579, 0.216431, -0.968628, -26.550290, -30.639640, -0.305176,Pick and Place
2443602, -0.388428, 0.253906, -0.937378, -25.512690, -37.963880, -2.868652,Pick and Place
2443622, -0.444824, 0.249268, -0.883057, -25.817870, -30.151360, -5.554198,Pick and Place
2443642, -0.400146, 0.289063, -0.908447, -29.113768, -17.272950, 1.586914,Pick and Place
2443662, -0.371216, 0.304077, -0.932007, -29.846190, -25.695796, 9.094240,Pick and Place
2443682, -0.442139, 0.312134, -0.927246, -25.817870, -35.156260, 7.141112,Pick and Place
2443702, -0.515381, 0.281860, -0.885620, -21.606440, -28.808590, 1.281738,Pick and Place
2443722, -0.495483, 0.281738, -0.840088, -21.667476, -15.563964, -0.854492,Pick and Place
2443742, -0.425049, 0.292847, -0.829224, -21.606440, -11.352536, 4.272462,Pick and Place
2443762, -0.392822, 0.289551, -0.828003, -21.118160, -17.578130, 8.666994,Pick and Place
2443782, -0.386963, 0.326172, -0.840332, -15.686032, -27.160640, 6.591796,Pick and Place
2443802, -0.444946, 0.288086, -0.868652, -8.728030, -27.038570, 0.061035,Pick and Place
2443822, -0.564942, 0.246704, -0.802856, -4.577638, -8.361816, -6.835936,Pick and Place
2443842, -0.404907, 0.254028, -0.769287, -1.647949, -2.807617, -2.136231,Pick and Place
2443862, -0.382568, 0.222778, -0.815186, 5.798338, -24.841304, 3.173828,Pick and Place
2443882, -0.396240, 0.229614, -0.794922, 8.178714, -42.175280, 1.770019,Pick and Place
2443902, -0.488281, 0.227051, -0.782959, 13.671872, -50.720200, -3.784179,Pick and Place
2443922, -0.572144, 0.200562, -0.777954, 16.845708, -38.085940, -7.751464,Pick and Place
2443942, -0.448486, 0.177856, -0.762695, 18.188480, -32.592780, -4.150392,Pick and Place
2443962, -0.434204, 0.181397, -0.742676, 16.906740, -41.442860, 3.234863,Pick and Place
2443982, -0.604736, 0.186157, -0.779053, 16.357424, -34.057620, 2.441407,Pick and Place
2444002, -0.640137, 0.197144, -0.850464, 15.014646, -10.498044, -0.610352,Pick and Place
2444022, -0.570923, 0.151001, -0.875488, 12.817380, 2.807617, -2.563476,Pick and Place
2444042, -0.565186, 0.122314, -0.849610, 9.704590, -0.061035, -0.915527,Pick and Place
2444062, -0.629150, 0.100708, -0.848511, 4.699708, -0.793457, -1.098633,Pick and Place
2444082, -0.660645, 0.092896, -0.938843, -2.990722, 3.051757, 17.211920,Pick and Place
2444102, -0.700928, 0.213379, -0.823608, -8.483890, 9.704590, 18.127448,Pick and Place
2444122, -0.561646, 0.233276, -0.823608, -5.126952, -1.037598, 23.315424,Pick and Place
2444142, -0.689209, 0.235962, -0.816650, -8.239746, -9.277344, 25.329584,Pick and Place
2444162, -0.664429, 0.292114, -0.795898, -8.728030, -10.498044, 29.174800,Pick and Place
2444182, -0.667969, 0.309082, -0.780152, -7.019042, -13.122556, 32.714850,Pick and Place
2444202, -0.646606, 0.322266, -0.749390, -4.333496, -15.197750, 37.536620,Pick and Place
2444222, -0.627564, 0.330078, -0.716431, -0.183105, -17.456060, 39.978040,Pick and Place
2444242, -0.652344, 0.337402, -0.694214, 4.638672, -17.333990, 41.015620,Pick and Place
2444262, -0.640137, 0.335571, -0.690552, 9.399414, -12.390136, 40.893540,Pick and Place
2444282, -0.553955, 0.322510, -0.685791, 13.488768, -13.366696, 41.748040,Pick and Place
2444302, -0.517944, 0.317505, -0.671265, 20.874020, -19.714360, 42.236320,Pick and Place
2444322, -0.486328, 0.310669, -0.660034, 24.108880, -26.428220, 42.541500,Pick and Place
2444342, -0.512818, 0.307739, -0.662842, 27.526850, -31.860350, 42.358390,Pick and Place
2444362, -0.548340, 0.291260, -0.674194, 31.311030, -30.273430, 41.442860,Pick and Place
2444382, -0.555298, 0.264893, -0.703858, 33.630380, -26.000970, 40.466300,Pick and Place
2444402, -0.533081, 0.247070, -0.728638, 33.813480, -23.315424, 38.024910,Pick and Place
2444422, -0.511719, 0.249878, -0.720459, 33.325200, -23.681636, 34.484870,Pick and Place
2444442, -0.504883, 0.255982, -0.730225, 33.325200, -25.817870, 31.188960,Pick and Place
2444462, -0.520752, 0.244507, -0.767456, 33.203130, -26.000970, 27.465816,Pick and Place
2444482, -0.489014, 0.228272, -0.806885, 31.982420, -25.146480, 24.108880,Pick and Place
2444502, -0.480957, 0.223267, -0.789795, 30.578610, -26.916500, 20.935052,Pick and Place
2444522, -0.544434, 0.207520, -0.777710, 30.151360, -24.230950, 14.709470,Pick and Place
2444542, -0.541992, 0.194824, -0.810425, 28.808590, -19.348150, 11.840818,Pick and Place
2444562, -0.525757, 0.182861, -0.827881, 28.198240, -18.737796, 10.620116,Pick and Place
2444582, -0.532471, 0.186768, -0.811768, 27.832030, -20.568840, 9.277344,Pick and Place
2444602, -0.546997, 0.184814, -0.795044, 28.686520, -20.874020, 6.225584,Pick and Place
2444622, -0.569580, 0.164063, -0.795288, 28.808590, -15.502928, 4.089356,Pick and Place
2444642, -0.559937, 0.151001, -0.802856, 26.916500, -11.596676, 4.455568,Pick and Place
2444662, -0.571167, 0.144043, -0.833862, 25.390620, -12.756344, 6.408690,Pick and Place
2444682, -0.632202, 0.136230, -0.833252, 24.291990, -9.094240, 5.126952,Pick and Place
2444702, -0.672363, 0.125732, -0.834839, 21.972650, 9.216310, -1.098633,Pick and Place
2444722, -0.527710, 0.148071, -0.842896, 19.409180, 23.742670, -2.624511,Pick and Place
2444742, -0.480103, 0.140503, -0.877808, 19.897460, 9.948730, -0.427246,Pick and Place
2444762, -0.489624, 0.105713, -0.864258, 18.798830, -0.183105, -3.662109,Pick and Place
2444782, -0.526489, 0.096069, -0.832642, 17.883300, -5.187988, -7.385252,Pick and Place
2444802, -0.584961, 0.099731, -0.808106, 15.991210, 0.793457, -9.460450,Pick and Place
2444822, -0.509400, 0.106079, -0.778198, 13.305660, 4.882814, -10.314940,Pick and Place
2444842, -0.611816, 0.090698, -0.913940, 6.896972, -2.197266, -2.990722,Pick and Place
2444862, -0.748291, 0.096802, -0.941650, 2.929687, 15.930172, -0.366211,Pick and Place
2444882, -0.542114, 0.119873, -0.887573, -0.488281, 11.230468, -0.854492,Pick and Place
2444902, -0.600708, 0.176514, -0.865234, 1.342773, 1.098633, -1.831054,Pick and Place
2444922, -0.590210, 0.151001, -0.842285, 2.441407, 1.770019, -4.577638,Pick and Place
2444942, -0.567627, 0.172730, -0.822388, 2.319336, 2.624511, -6.408690,Pick and Place
2444962, -0.590332, 0.153931, -0.790894, 5.615234, 7.324218, -6.774902,Pick and Place
2444982, -0.552612, 0.116577, -0.766113, 5.859374, 4.821778, -7.385252,Pick and Place
2445002, -0.553345, 0.114136, -0.757812, 5.798338, 0.610352, -8.483890,Pick and Place
2445022, -0.587158, 0.119995, -0.782104, 5.981444, 1.892090, -7.202148,Pick and Place
2445042, -0.582154, 0.127075, -0.789185, 6.286620, 5.187988, -5.798338,Pick and Place
2445062, -0.564575, 0.109497, -0.798340, 6.835936, 2.868652, -5.615234,Pick and Place
2445082, -0.563721, 0.095093, -0.791382, 4.821778, -0.366211, -6.652830,Pick and Place
2445102, -0.555664, 0.117920, -0.789429, 2.929687, -7.812498, -6.225584,Pick and Place
2445122, -0.637329, 0.126465, -0.820435, 2.685546, -4.577638, -6.591796,Pick and Place
2445142, -0.614868, 0.144775, -0.827515, 2.502442, 2.929687, -5.187988,Pick and Place
2445162, -0.603516, 0.140137, -0.834473, 3.356933, 2.380371, -5.187988,Pick and Place
2445182, -0.578980, 0.093018, -0.845825, 0.793457, -2.807617, -3.967285,Pick and Place
2445202, -0.613526, 0.073608, -0.833862, 1.586914, -2.807617, -3.662109,Pick and Place
2445222, -0.594238, 0.060547, -0.857666, -1.403808, -2.929687, -0.488281,Pick and Place
2445242, -0.614258, 0.052490, -0.885254, -2.380371, -0.671386, 3.112792,Pick and Place
2445262, -0.619019, 0.020142, -0.906738, -4.028321, 1.037598, 3.601074,Pick and Place
2445282, -0.601440, -0.014404, -0.917114, -6.408690, 3.417968, 3.356933,Pick and Place
2445302, -0.551392, -0.044678, -0.917725, -11.840818, 4.943848, 4.516602,Pick and Place
2445322, -0.522949, -0.028931, -0.916870, -17.333990, 4.028321, 6.591796,Pick and Place
2445342, -0.493652, -0.043823, -0.925659, -20.935052, 2.136231, 6.225584,Pick and Place
2445362, -0.496460, -0.061401, -0.934326, -24.963376, 1.831054, 2.929687,Pick and Place
2445382, -0.465454, -0.010986, -0.917480, -30.761716, 4.028321, -0.732422,Pick and Place
2445402, -0.467774, 0.035767, -0.880371, -31.433100, 13.000484, -8.911134,Pick and Place
2445422, -0.458008, 0.053955, -0.868530, -33.325200, 21.423332, -13.916012,Pick and Place
2445442, -0.381836, 0.078613, -0.867432, -34.057620, 24.658200, -17.395020,Pick and Place
2445462, -0.419190, 0.075439, -0.876221, -33.264160, 23.925780, -22.399900,Pick and Place
2445482, -0.468506, 0.080322, -0.857788, -33.874520, 29.724120, -30.273430,Pick and Place
2445502, -0.480957, 0.139893, -0.824829, -33.386240, 41.320790, -40.039070,Pick and Place
2445522, -0.470093, 0.166748, -0.810181, -29.357908, 51.696770, -46.264640,Pick and Place
2445542, -0.435669, 0.170166, -0.766602, -26.245110, 54.077140, -50.781240,Pick and Place
2445562, -0.437378, 0.195068, -0.745850, -21.667476, 51.635740, -54.443350,Pick and Place
2445582, -0.471680, 0.231323, -0.738648, -17.822270, 50.231920, -59.570300,Pick and Place
2445602, -0.502686, 0.255249, -0.742188, -12.084960, 53.405750, -62.744130,Pick and Place
2445622, -0.528320, 0.205811, -0.788452, -2.441407, 56.762680, -63.537590,Pick and Place
2445642, -0.509888, 0.191772, -0.765869, -2.807617, 53.222640, -61.523430,Pick and Place
2445662, -0.550049, 0.240967, -0.750854, -0.732422, 51.513660, -58.654780,Pick and Place
2445682, -0.559570, 0.239624, -0.775757, 1.403808, 53.222640, -55.236800,Pick and Place
2445702, -0.525391, 0.224121, -0.823608, 2.075196, 51.940910, -51.025380,Pick and Place
2445722, -0.522339, 0.202759, -0.860352, 3.723144, 46.386710, -45.776360,Pick and Place
2445742, -0.522583, 0.202881, -0.865967, 4.882814, 44.555660, -43.212880,Pick and Place
2445762, -0.470947, 0.212402, -0.875366, 7.446288, 46.142570, -39.123540,Pick and Place
2445782, -0.446899, 0.212280, -0.894654, 9.338380, 43.395980, -33.752440,Pick and Place
2445802, -0.417725, 0.197388, -0.887573, 11.474608, 35.217290, -29.479976,Pick and Place
2445822, -0.423096, 0.192993, -0.877320, 16.845708, 25.329584, -27.221676,Pick and Place
2445842, -0.414063, 0.161499, -0.889648, 16.357424, 22.033690, -16.601568,Pick and Place
2445862, -0.299194, 0.103272, -0.937134, 4.760742, 5.065916, -5.065916,Pick and Place
2445882, -0.504761, 0.204346, -0.994995, 15.930172, -13.793944, 0.122070,Pick and Place
2445902, -0.552490, 0.066284, -0.984375, 0.183105, 1.464844, 0.976562,Pick and Place
2445922, -0.440674, 0.202515, -1.027222, -3.295898, 15.075680, 0.549316,Pick and Place
2445942, -0.341431, 0.186157, -0.953369, -0.732422, 23.071284, 1.037598,Pick and Place
2445962, -0.247070, 0.209106, -0.936035, -0.793457, 16.357424, 2.868652,Pick and Place
2445982, -0.282837, 0.158936, -0.950806, 6.896972, 7.568358, 3.356933,Pick and Place
2446002, -0.255737, 0.090454, -0.926392, 0.915527, -6.835936, 3.479003,Pick and Place
2446022, -0.416260, 0.179443, -0.958984, 8.422854, -14.404296, 8.483890,Pick and Place
2446042, -0.484619, 0.071899, -1.005127, 5.737304, 0.000000, 8.483890,Pick and Place
2446062, -0.312988, 0.077026, -1.005127, -0.427246, -6.164550, 11.352536,Pick and Place
2446082, -0.353882, 0.089600, -0.959961, -3.784179, -19.348150, 16.113284,Pick and Place
2446102, -0.400146, 0.137085, -0.950684, -6.042480, -34.973150, 21.118160,Pick and Place
2446122, -0.528564, 0.134888, -0.964844, -5.859374, -35.278320, 27.832030,Pick and Place
2446142, -0.565186, 0.176147, -0.946533, -10.009768, -24.475090, 33.874520,Pick and Place
2446162, -0.541626, 0.201294, -0.933228, -8.666994, -14.343260, 39.611820,Pick and Place
2446182, -0.485352, 0.216797, -0.913696, -7.995604, -9.216310, 45.043940,Pick and Place
2446202, -0.456787, 0.220215, -0.906006, -5.554198, -11.169430, 49.804680,Pick and Place
2446222, -0.463623, 0.215820, -0.907227, -2.502442, -15.563964, 55.480940,Pick and Place
2446242, -0.463501, 0.192627, -0.884522, 0.366211, -17.639160, 60.852040,Pick and Place
2446262, -0.479980, 0.192261, -0.875366, 2.014160, -15.258788, 65.307640,Pick and Place
2446282, -0.464722, 0.192139, -0.873779, 4.638672, -8.178714, 70.800800,Pick and Place
2446302, -0.407837, 0.192017, -0.840576, 8.178714, -6.835936, 72.631840,Pick and Place
2446322, -0.396606, 0.178711, -0.838135, 12.145992, -3.662109, 73.181160,Pick and Place
2446342, -0.360840, 0.170532, -0.847778, 13.366696, -1.342773, 72.814940,Pick and Place
2446362, -0.346558, 0.191162, -0.836426, 16.784670, -0.366211, 70.800800,Pick and Place
2446382, -0.271973, 0.194214, -0.822510, 21.118160, 2.685546, 66.040040,Pick and Place
2446402, -0.200439, 0.203247, -0.810059, 24.291990, 3.845214, 59.936520,Pick and Place
2446422, -0.162842, 0.217407, -0.812744, 30.273430, 3.845214, 54.016100,Pick and Place
2446442, -0.199219, 0.145630, -0.868408, 38.330080, 8.972170, 46.325680,Pick and Place
2446462, -0.232910, 0.061890, -0.903442, 38.208020, 19.531250, 37.963880,Pick and Place
2446482, -0.184814, 0.075684, -0.905396, 37.780760, 31.799310, 30.822750,Pick and Place
2446502, -0.104980, 0.039673, -0.907959, 40.527340, 31.799310, 23.559568,Pick and Place
2446522, -0.095459, -0.068115, -1.002076, 37.719730, 22.888180, 22.094720,Pick and Place
2446542, -0.176758, -0.084106, -1.022339, 34.973150, 21.606440, 19.042970,Pick and Place
2446562, -0.201538, -0.093140, -1.006348, 31.738280, 30.029290, 15.808104,Pick and Place
2446582, -0.158936, -0.076416, -0.990356, 28.198240, 36.132820, 12.878416,Pick and Place
2446602, -0.093750, -0.034302, -0.995239, 26.184080, 38.208020, 8.972170,Pick and Place
2446622, -0.066650, -0.050293, -1.015992, 28.991692, 31.433100, 4.821778,Pick and Place
2446642, -0.073242, -0.116089, -1.017334, 26.000970, 25.634760, 4.150392,Pick and Place
2446662, -0.073730, -0.094360, -1.005494, 22.644040, 18.249516, 3.295898,Pick and Place
2446682, -0.069458, -0.061035, -1.007812, 19.653320, 10.437010, 4.211426,Pick and Place
2446702, -0.088745, -0.034302, -1.010864, 19.531250, 3.723144, 2.014160,Pick and Place
2446722, -0.102295, -0.059814, -1.007568, 19.897460, -3.906249, -3.173828,Pick and Place
2446742, -0.100586, -0.097778, -0.963135, 14.282224, -8.789064, -4.028321,Pick and Place
2446762, -0.157471, -0.041260, -0.951782, 12.695310, -12.084960, -1.770019,Pick and Place
2446782, -0.203613, -0.036865, -0.990601, 13.610836, -7.080076, -0.915527,Pick and Place
2446802, -0.211060, -0.061035, -1.067139, 8.850100, -1.159668, -1.159668,Pick and Place
2446822, -0.140381, -0.053101, -1.059326, 3.356933, 1.159668, -0.915527,Pick and Place
2446842, -0.159180, 0.006714, -1.018921, 2.380371, -3.540038, -1.159668,Pick and Place
2446862, -0.192261, -0.007446, -1.010010, 3.295898, -3.967285, -1.281738,Pick and Place
2446882, -0.206299, -0.012329, -1.041260, -0.549316, 1.464844, -2.441407,Pick and Place
2446902, -0.213989, -0.026367, -1.047974, -0.366211, 6.896972, -0.122070,Pick and Place
2446922, -0.197632, -0.029541, -1.008912, -2.380371, 7.873534, 0.671386,Pick and Place
2446942, -0.155884, 0.004272, -1.000732, -0.854492, 3.845214, -1.220704,Pick and Place
2446962, -0.203125, -0.051025, -1.003784, -0.305176, 6.530760, -1.892090,Pick and Place
2446982, -0.198242, -0.100464, -1.031372, -2.685546, 11.474608, -2.319336,Pick and Place
2447002, -0.206787, -0.161865, -1.081299, -10.375976, 13.549804, -0.305176,Pick and Place
2447022, -0.205566, -0.132813, -1.105469, -20.629880, 18.066410, 0.244141,Pick and Place
2447042, -0.126099, -0.136108, -1.114990, -29.296870, 16.784670, -0.061035,Pick and Place
2447062, -0.052246, -0.079956, -1.116578, -39.611820, 0.122070, 3.234863,Pick and Place
2447082, -0.116211, -0.013916, -1.107178, -44.860830, -9.826660, 2.929687,Pick and Place
2447102, -0.078247, 0.051514, -1.050660, -47.485340, -11.108396, 0.000000,Pick and Place
2447122, 0.015869, 0.140015, -0.971802, -50.048820, -11.901852, 0.549316,Pick and Place
2447142, -0.042603, 0.191650, -1.019898, -47.424300, -14.282224, 2.502442,Pick and Place
2447162, -0.092651, 0.165649, -1.056274, -49.499500, -17.395020, -1.464844,Pick and Place
2447182, -0.059204, 0.277832, -0.970215, -50.231920, -27.343748, -7.324218,Pick and Place
2447202, -0.084595, 0.332031, -0.915039, -45.898430, -32.165540, -10.437010,Pick and Place
2447222, -0.150635, 0.317627, -0.895508, -42.968740, -31.799310, -12.695310,Pick and Place
2447242, -0.175781, 0.319702, -0.901734, -39.855960, -31.188960, -14.160152,Pick and Place
2447262, -0.203980, 0.322510, -0.865723, -34.912120, -32.653820, -16.662600,Pick and Place
2447282, -0.250122, 0.333984, -0.845581, -30.090330, -32.775880, -19.104010,Pick and Place
2447302, -0.305054, 0.294922, -0.851807, -24.536130, -24.291990, -24.719230,Pick and Place
2447322, -0.241821, 0.243652, -0.829224, -24.047850, -22.277830, -24.597160,Pick and Place
2447342, -0.237061, 0.275513, -0.866577, -20.812980, -43.884270, -20.324700,Pick and Place
2447362, -0.268066, 0.286987, -0.905762, -15.136716, -64.209000, -20.996090,Pick and Place
2447382, -0.416504, 0.279053, -0.932617, -4.760742, -59.143060, -28.564450,Pick and Place
2447402, -0.394043, 0.288818, -0.805542, 10.498044, -35.095220, -32.714850,Pick and Place
2447422, -0.298096, 0.255493, -0.784668, 16.601568, -45.593250, -27.587884,Pick and Place
2447442, -0.327393, 0.237427, -0.853638, 22.705070, -62.255850, -24.536130,Pick and Place
2447462, -0.448853, 0.173706, -0.881104, 28.869624, -67.382820, -26.428220,Pick and Place
2447482, -0.522095, 0.130127, -0.824707, 32.165540, -53.955070, -27.954100,Pick and Place
2447502, -0.430542, 0.109497, -0.721070, 27.160640, -44.128410, -23.376460,Pick and Place
2447522, -0.476318, 0.103272, -0.732178, 23.742670, -45.593250, -12.329100,Pick and Place
2447542, -0.528809, 0.027710, -0.848389, 20.690910, -46.020500, -2.136231,Pick and Place
2447562, -0.494141, 0.067627, -0.853516, 11.840818, -55.969230, -0.366211,Pick and Place
2447582, -0.543823, 0.144287, -0.786011, 11.474608, -59.082020, -6.835936,Pick and Place
2447602, -0.586670, 0.125244, -0.787964, 11.596676, -44.189440, -12.390136,Pick and Place
2447622, -0.572876, 0.087402, -0.856445, 7.995604, -10.070800, -10.314940,Pick and Place
2447642, -0.513550, 0.038452, -0.893555, 2.380371, -0.549316, -1.831054,Pick and Place
2447662, -0.586060, 0.093506, -0.900879, 0.915527, -8.544924, 2.990722,Pick and Place
2447682, -0.545654, 0.066284, -0.887695, 0.366211, -3.967285, -0.610352,Pick and Place
2447702, -0.453369, 0.059814, -0.873902, -2.685546, -12.817380, -1.525878,Pick and Place
2447722, -0.515869, 0.103027, -0.930420, -4.028321, -20.935052, 3.723144,Pick and Place
2447742, -0.590332, 0.070557, -0.940186, -5.676268, -8.361816, 2.990722,Pick and Place
2447762, -0.531860, 0.081055, -0.898071, -7.141112, -3.845214, 1.770019,Pick and Place
2447782, -0.555786, 0.057983, -0.907837, -7.995604, -2.258301, 1.220704,Pick and Place
2447802, -0.513550, 0.037476, -0.967529, -12.268064, 1.647949, 3.417968,Pick and Place
2447822, -0.527832, 0.040161, -1.001831, -17.395020, 2.441407, 6.103514,Pick and Place
2447842, -0.484741, 0.041992, -0.995972, -23.071284, -3.112792, 3.051757,Pick and Place
2447862, -0.460449, 0.027100, -0.948486, -26.794430, -5.371092, 0.061035,Pick and Place
2447882, -0.436279, 0.086426, -0.896851, -29.541010, -3.417968, -1.220704,Pick and Place
2447902, -0.428589, 0.114502, -0.919312, -29.113768, 3.723144, -0.671386,Pick and Place
2447922, -0.416260, 0.109131, -0.939331, -28.808590, 12.329100, -2.624511,Pick and Place
2447942, -0.398926, 0.077881, -0.923340, -29.479976, 19.531250, -6.896972,Pick and Place
2447962, -0.387695, 0.074097, -0.902222, -31.494136, 22.705070, -12.207030,Pick and Place
2447982, -0.406616, 0.126343, -0.878052, -33.142100, 22.644040, -18.432620,Pick and Place
2448002, -0.405029, 0.150513, -0.872314, -31.738280, 16.296390, -24.230950,Pick and Place
2448022, -0.459473, 0.160767, -0.844360, -31.494136, 11.596676, -30.212400,Pick and Place
2448042, -0.479248, 0.135742, -0.822632, -29.174800, 14.404296, -36.865240,Pick and Place
2448062, -0.448364, 0.168701, -0.753296, -29.541010, 16.174320, -39.550780,Pick and Place
2448082, -0.485718, 0.172241, -0.739746, -26.306150, 17.944340, -40.100100,Pick and Place
2448102, -0.537598, 0.124146, -0.739746, -23.864740, 27.465816, -42.175280,Pick and Place
2448122, -0.558594, 0.111450, -0.706543, -24.108880, 43.151840, -42.724600,Pick and Place
2448142, -0.510254, 0.204346, -0.687988, -24.230950, 46.508780, -37.963880,Pick and Place
2448162, -0.535889, 0.263062, -0.749268, -19.348150, 43.701160, -35.522460,Pick and Place
2448182, -0.540283, 0.252075, -0.800171, -17.578130, 43.579090, -37.048340,Pick and Place
2448202, -0.492798, 0.259766, -0.777344, -17.456060, 34.790040, -39.672860,Pick and Place
2448222, -0.496338, 0.321289, -0.762085, -16.662600, 16.906740, -41.137680,Pick and Place
2448242, -0.533936, 0.336426, -0.777710, -14.099120, 4.638672, -41.748040,Pick and Place
2448262, -0.556030, 0.335449, -0.779785, -12.939450, 3.906249, -42.175280,Pick and Place
2448282, -0.579956, 0.345337, -0.752686, -12.329100, 1.159668, -40.527340,Pick and Place
2448302, -0.590576, 0.356079, -0.737305, -8.850100, -4.943848, -38.330080,Pick and Place
2448322, -0.611694, 0.343994, -0.741455, -4.577638, -9.277344, -34.729010,Pick and Place
2448342, -0.648682, 0.319702, -0.745972, -1.770019, -5.371092, -34.118660,Pick and Place
2448362, -0.634644, 0.282959, -0.738159, -1.220704, -0.671386, -31.433100,Pick and Place
2448402, -0.607666, 0.275757, -0.761963, 2.624511, 10.681150, -22.399900,Pick and Place
2448442, -0.602905, 0.203003, -0.931641, -5.798338, 28.076170, -12.145992,Pick and Place
2448462, -0.452393, 0.259888, -0.896362, -7.568358, 7.568358, -8.911134,Pick and Place
2448482, -0.505005, 0.248779, -0.835083, -2.807617, -14.831540, -7.385252,Pick and Place
2448502, -0.636597, 0.251953, -0.822876, 5.004884, -11.108396, -7.080076,Pick and Place
2448522, -0.571778, 0.211670, -0.848511, 3.295898, 12.023924, -3.356933,Pick and Place
2448582, -0.429932, 0.223022, -0.879395, 5.310058, 0.305176, 4.760742,Pick and Place
2448622, -0.427002, 0.181519, -0.898194, 0.122070, -7.324218, -4.577638,Pick and Place
2448642, -0.459106, 0.186768, -0.860230, 0.061035, -7.446288, -1.159668,Pick and Place
2448702, -0.496826, 0.137451, -0.871948, 2.075196, -7.995604, 2.441407,Pick and Place
2448722, -0.541504, 0.135498, -0.894409, -3.112792, -13.000484, 2.746581,Pick and Place
2448742, -0.592652, 0.134277, -0.861694, -7.446288, -11.840818, 3.723144,Pick and Place
2448762, -0.572266, 0.177612, -0.871216, -13.916012, -6.042480, 8.300784,Pick and Place
2448802, -0.631348, 0.228149, -0.894287, -26.672360, 8.117676, 19.958500,Pick and Place
2448862, -0.615601, 0.321533, -0.819702, -29.296870, 19.958500, 36.193860,Pick and Place
2448902, -0.607788, 0.356690, -0.716309, -18.432620, 24.414060, 49.987780,Pick and Place
2448922, -0.532837, 0.351807, -0.719604, -14.221190, 37.536620, 55.969230,Pick and Place
2448942, -0.450317, 0.367188, -0.726318, -7.141112, 28.259270, 67.504900,Pick and Place
2448962, -0.456421, 0.401733, -0.715820, 0.488281, 13.488768, 69.091800,Pick and Place
2448982, -0.406616, 0.397827, -0.653687, 5.737304, 7.629394, 64.880380,Pick and Place
2449002, -0.341064, 0.409546, -0.678345, 10.437010, 7.934570, 61.706540,Pick and Place
2449022, -0.360840, 0.389282, -0.736206, 15.808104, 9.826660, 61.950680,Pick and Place
2449042, -0.307373, 0.395630, -0.752197, 21.728510, 2.502442, 63.293440,Pick and Place
2449062, -0.246216, 0.412964, -0.766724, 30.273430, -14.221190, 61.462400,Pick and Place
2449082, -0.271362, 0.420654, -0.793335, 39.001470, -25.756830, 56.091300,Pick and Place
2449102, -0.289551, 0.406128, -0.818726, 48.095700, -25.268550, 49.072260,Pick and Place
2449122, -0.255127, 0.370972, -0.822022, 55.053700, -27.526850, 44.006340,Pick and Place
2449142, -0.224609, 0.374268, -0.823975, 61.767570, -32.287600, 40.039070,Pick and Place
2449162, -0.228394, 0.315796, -0.827637, 75.134300, -34.179700, 31.433100,Pick and Place
2449182, -0.229004, 0.300049, -0.800537, 79.406740, -42.846670, 28.259270,Pick and Place
2449202, -0.343140, 0.280151, -0.877930, 84.899880, -39.428720, 17.578130,Pick and Place
2449222, -0.378540, 0.166260, -0.963135, 83.679180, -14.587400, 4.943848,Pick and Place
2449242, -0.224731, 0.101440, -0.941772, 74.707040, -6.530760, -0.488281,Pick and Place
2449262, -0.243652, 0.101685, -0.881958, 72.631840, -24.353020, 1.098633,Pick and Place
2449282, -0.292603, 0.059937, -0.849732, 72.876000, -46.203600, 2.685546,Pick and Place
2449302, -0.431519, 0.006714, -0.907593, 71.289060, -43.701160, -3.967285,Pick and Place
2449322, -0.574219, -0.085815, -1.011719, 63.598620, -6.530760, -10.803220,Pick and Place
2449342, -0.407349, -0.120239, -1.023926, 48.461900, 16.723632, -6.042480,Pick and Place
2449362, -0.278076, -0.085815, -1.009522, 39.794920, 9.155274, 2.685546,Pick and Place
2449382, -0.380982, -0.126465, -0.997803, 34.118660, -9.399414, 4.638672,Pick and Place
2449402, -0.436035, -0.107788, -0.990723, 26.611320, -7.324218, 2.380371,Pick and Place
2449422, -0.396606, -0.053589, -1.001465, 23.925780, -4.028321, -4.882814,Pick and Place
2449442, -0.381470, -0.095337, -1.005249, 19.897460, 8.728030, -2.136231,Pick and Place
2449462, -0.285400, -0.056152, -0.963745, 19.104010, 0.427246, 2.746581,Pick and Place
2449482, -0.407227, -0.071289, -0.917969, 18.737796, -0.915527, 5.249022,Pick and Place
2449502, -0.397095, -0.105957, -0.929321, 13.916012, 14.587400, -0.732422,Pick and Place
2449522, -0.361084, -0.141968, -0.990112, 2.380371, 26.062010, -5.065916,Pick and Place
2449542, -0.325195, -0.072144, -1.004761, -7.934570, 17.822270, -3.601074,Pick and Place
2449562, -0.202881, -0.050903, -0.997559, -6.774902, -7.385252, -3.723144,Pick and Place
2449582, -0.315674, -0.008423, -0.945679, -6.225584, -37.170420, -7.507323,Pick and Place
2449602, -0.480957, -0.105225, -0.963745, -0.305176, -11.901852, -9.460450,Pick and Place
2449622, -0.445557, -0.126831, -1.014648, -6.591796, 2.258301, -3.784179,Pick and Place
2449642, -0.368774, -0.100952, -0.996948, -10.803220, -3.784179, 5.432128,Pick and Place
2449662, -0.389038, -0.016235, -0.960938, -7.263182, -4.089356, 2.868652,Pick and Place
2449682, -0.306519, -0.095825, -0.973267, -6.958006, -7.019042, -1.525878,Pick and Place
2449702, -0.405396, -0.143433, -1.043091, -10.192870, -12.207030, -1.220704,Pick and Place
2449722, -0.423828, -0.193359, -1.048706, -17.883300, -10.803220, 2.014160,Pick and Place
2449742, -0.396362, -0.127564, -1.020020, -25.146480, -10.620116, 1.647949,Pick and Place
2449762, -0.369385, -0.132324, -1.015625, -29.418940, -11.962890, -1.037598,Pick and Place
2449782, -0.376831, -0.141968, -1.012329, -33.325200, -13.488768, -4.333496,Pick and Place
2449802, -0.332642, -0.122437, -0.991455, -37.902840, -10.253904, -8.056642,Pick and Place
2449822, -0.293213, -0.078613, -0.963867, -39.917000, -1.281738, -10.986324,Pick and Place
2449842, -0.280151, -0.028687, -0.931519, -41.687000, 5.798338, -16.662600,Pick and Place
2449862, -0.286621, 0.016357, -0.916016, -40.100100, 11.047360, -26.611320,Pick and Place
2449882, -0.316162, 0.038696, -0.908447, -39.184580, 15.930172, -36.560060,Pick and Place
2449902, -0.316284, 0.053589, -0.903931, -38.208020, 18.676760, -44.616690,Pick and Place
2449922, -0.352417, 0.030396, -0.901489, -38.330080, 18.188480, -51.391590,Pick and Place
2449942, -0.363037, 0.013672, -0.865479, -41.503900, 12.023924, -57.373040,Pick and Place
2449962, -0.402344, 0.036011, -0.793823, -44.128410, -0.671386, -64.086940,Pick and Place
2449982, -0.458496, 0.081909, -0.744995, -42.114250, -10.681150, -67.749040,Pick and Place
2450002, -0.527710, 0.102905, -0.775391, -39.123540, -6.347656, -65.002440,Pick and Place
2450022, -0.528198, 0.096191, -0.815918, -38.696300, 6.896972, -57.617180,Pick and Place
2450042, -0.489746, 0.194336, -0.827515, -36.560060, 15.258788, -49.560540,Pick and Place
2450062, -0.477661, 0.179688, -0.812256, -29.724120, 14.160152, -51.818840,Pick and Place
2450082, -0.464233, 0.181030, -0.801148, -27.587884, 10.742184, -53.710930,Pick and Place
2450102, -0.455322, 0.206787, -0.801026, -25.390620, 7.568358, -53.344720,Pick and Place
2450122, -0.422485, 0.274536, -0.799927, -22.277830, 5.126952, -50.170890,Pick and Place
2450142, -0.435669, 0.265503, -0.808594, -15.563964, 5.187988, -47.241200,Pick and Place
2450162, -0.448730, 0.249512, -0.832642, -12.634276, 7.446288, -44.067380,Pick and Place
2450182, -0.453613, 0.263550, -0.848999, -9.155274, 5.126952, -40.832510,Pick and Place
2450202, -0.477539, 0.265381, -0.861938, -4.211426, 1.342773, -39.611820,Pick and Place
2450222, -0.502930, 0.222168, -0.867798, -0.366211, -0.305176, -38.330080,Pick and Place
2450242, -0.544434, 0.166016, -0.886230, 0.610352, 2.685546, -36.254890,Pick and Place
2450262, -0.538330, 0.162720, -0.879883, -0.488281, 1.892090, -27.648920,Pick and Place
2450282, -0.514282, 0.206909, -0.889404, 0.488281, 0.732422, -24.780270,Pick and Place
2450302, -0.516724, 0.205444, -0.889282, 3.234863, -0.793457, -21.850580,Pick and Place
2450322, -0.541748, 0.192139, -0.885010, 5.004884, 1.708984, -19.836430,Pick and Place
2450342, -0.522827, 0.154053, -0.845581, 6.652830, 6.286620, -17.639160,Pick and Place
2450362, -0.469605, 0.156860, -0.804444, 5.737304, 5.126952, -12.878416,Pick and Place
2450382, -0.477417, 0.126831, -0.842896, 8.728030, 5.615234, -8.483890,Pick and Place
2450402, -0.466553, 0.080444, -0.953247, 1.098633, 0.732422, -4.394532,Pick and Place
2450422, -0.596436, 0.067749, -0.971192, 3.479003, 8.239746, -3.051757,Pick and Place
2450442, -0.494263, 0.063110, -0.913574, -1.892090, 14.953610, -5.493162,Pick and Place
2450462, -0.433106, 0.077515, -0.920654, -0.488281, 12.084960, -4.394532,Pick and Place
2450482, -0.365234, 0.049561, -0.922974, -5.432128, 2.197266, -0.549316,Pick and Place
2450502, -0.369995, 0.102661, -0.911499, -4.577638, -5.798338, 0.244141,Pick and Place
2450522, -0.449707, 0.087402, -0.914429, -2.380371, -2.197266, -0.427246,Pick and Place
2450542, -0.424805, 0.049927, -0.955811, -4.821778, 4.577638, 0.732422,Pick and Place
2450562, -0.344238, 0.049683, -0.938599, -8.544924, 2.685546, 1.831054,Pick and Place
2450582, -0.355469, 0.072388, -0.911743, -8.789064, -7.934570, 2.746581,Pick and Place
2450602, -0.454956, 0.054443, -0.926880, -8.972170, -8.544924, 1.098633,Pick and Place
2450622, -0.437134, 0.038696, -0.969604, -14.953610, 5.004884, 0.000000,Pick and Place
2450642, -0.338867, 0.066895, -0.974976, -22.766110, 8.605960, 1.586914,Pick and Place
2450662, -0.298096, 0.115723, -0.959351, -25.817870, -7.263182, 4.089356,Pick and Place
2450682, -0.389404, 0.168579, -0.920166, -24.902340, -23.193352, 2.380371,Pick and Place
2450702, -0.512573, 0.175049, -0.946778, -27.160640, -7.385252, -3.112792,Pick and Place
2450722, -0.391358, 0.190064, -0.947876, -32.958990, 4.943848, -0.854492,Pick and Place
2450742, -0.293945, 0.265381, -0.900391, -33.020020, -5.493162, 3.906249,Pick and Place
2450762, -0.367310, 0.286255, -0.869995, -30.090330, -25.390620, 4.272462,Pick and Place
2450782, -0.441650, 0.303955, -0.856201, -28.198240, -34.729010, 2.990722,Pick and Place
2450802, -0.499878, 0.323975, -0.830444, -26.855464, -30.334470, 0.793457,Pick and Place
2450822, -0.503296, 0.305054, -0.784424, -25.573724, -19.958500, 0.732422,Pick and Place
2450842, -0.430786, 0.359375, -0.794434, -26.550290, -17.272950, 6.774902,Pick and Place
2450862, -0.454712, 0.359253, -0.932984, -19.470220, -19.531250, 13.000484,Pick and Place
2450882, -0.519287, 0.257202, -0.951660, -20.263670, -22.460930, 13.793944,Pick and Place
2450902, -0.521729, 0.321655, -0.882812, -23.376460, -30.578610, 10.559080,Pick and Place
2450922, -0.529907, 0.323486, -0.855713, -19.104010, -36.621100, 5.432128,Pick and Place
2450942, -0.534790, 0.345947, -0.840454, -19.714360, -31.921380, 4.638672,Pick and Place
2450962, -0.496216, 0.351929, -0.815430, -13.366696, -27.648920, 4.943848,Pick and Place
2450982, -0.485474, 0.372559, -0.750977, -6.713866, -25.756830, 3.540038,Pick and Place
2451002, -0.438355, 0.374024, -0.707154, 2.990722, -23.498530, -0.549316,Pick and Place
2451022, -0.364258, 0.322510, -0.737793, 15.075680, -37.780760, -5.615234,Pick and Place
2451042, -0.293579, 0.210938, -0.792236, 22.644040, -78.857440, -10.375976,Pick and Place
2451062, -0.333374, 0.198975, -0.655518, 20.141600, -127.319320, -17.578130,Pick and Place
2451082, -0.723022, 0.190186, -0.565064, 26.855464, -114.257800, -27.954100,Pick and Place
2451102, -0.705811, 0.043213, -0.571289, 24.169920, -68.969740, -31.494136,Pick and Place
2451122, -0.691528, 0.030273, -0.645142, 14.587400, -43.457020, -21.545408,Pick and Place
2451142, -0.856323, 0.044922, -0.757812, 6.530760, -20.080560, -0.183105,Pick and Place
2451162, -0.884155, 0.126099, -0.722656, 1.708984, 8.605960, -1.403808,Pick and Place
2451182, -0.724365, 0.175415, -0.650635, 1.220704, 20.080560, 0.549316,Pick and Place
2451202, -0.710571, 0.200073, -0.688232, -2.685546, 12.390136, 5.981444,Pick and Place
2451222, -0.862671, 0.148926, -0.770508, -1.647949, 5.737304, 18.249516,Pick and Place
2451242, -0.808350, 0.283081, -0.686157, -1.464844, 26.367180, 17.028810,Pick and Place
2451262, -0.667114, 0.235230, -0.691895, 0.854492, 19.531250, 20.812980,Pick and Place
2451282, -0.789795, 0.217285, -0.697876, 2.258301, 17.028810, 28.015130,Pick and Place
2451302, -0.789307, 0.233398, -0.681885, 1.647949, 18.371584, 33.081060,Pick and Place
2451322, -0.809326, 0.273071, -0.633301, 4.699708, 20.019532, 39.550780,Pick and Place
2451342, -0.803589, 0.318726, -0.589234, 10.192870, 20.141600, 48.645010,Pick and Place
2451362, -0.696655, 0.371338, -0.630005, 18.920900, 11.535644, 57.983390,Pick and Place
2451382, -0.608887, 0.398682, -0.634888, 22.888180, 1.159668, 61.645500,Pick and Place
2451402, -0.596436, 0.412598, -0.632202, 27.832030, -8.117676, 61.340320,Pick and Place
2451422, -0.611572, 0.413208, -0.646118, 31.860350, -12.145992, 60.363760,Pick and Place
2451442, -0.595459, 0.400879, -0.666016, 34.423840, -15.747068, 56.945790,Pick and Place
2451462, -0.586670, 0.386963, -0.679321, 37.536620, -22.521970, 52.978500,Pick and Place
2451482, -0.597656, 0.340210, -0.691650, 39.794920, -25.817870, 46.936020,Pick and Place
2451502, -0.550781, 0.316895, -0.693970, 39.978040, -28.320310, 41.748040,Pick and Place
2451522, -0.532349, 0.293335, -0.697388, 40.649400, -31.799310, 39.794920,Pick and Place
2451542, -0.536987, 0.271851, -0.711304, 42.053220, -36.804200, 39.062500,Pick and Place
2451562, -0.549438, 0.268799, -0.712524, 43.762200, -35.522460, 36.010750,Pick and Place
2451582, -0.580444, 0.247803, -0.717896, 46.508780, -10.131832, 25.573724,Pick and Place
2451602, -0.519898, 0.208740, -0.736450, 45.654280, -0.549316, 20.935052,Pick and Place
2451622, -0.477173, 0.169922, -0.775879, 45.288080, -7.446288, 17.883300,Pick and Place
2451642, -0.482178, 0.142212, -0.804688, 41.992180, -18.920900, 14.465330,Pick and Place
2451662, -0.505005, 0.150269, -0.812012, 39.978040, -26.977532, 9.704590,Pick and Place
2451682, -0.597290, 0.103272, -0.811402, 38.879400, -24.658200, 3.601074,Pick and Place
2451702, -0.655762, 0.058960, -0.843994, 35.461430, -8.850100, -0.427246,Pick and Place
2451722, -0.554566, 0.064941, -0.851074, 28.320310, -0.122070, 1.281738,Pick and Place
2451742, -0.539917, 0.083618, -0.852539, 25.756830, -7.385252, 3.295898,Pick and Place
2451762, -0.568604, 0.060913, -0.856079, 21.972650, -10.803220, 1.892090,Pick and Place
2451782, -0.562500, 0.085327, -0.837158, 18.249516, -10.131832, -1.464844,Pick and Place
2451802, -0.615356, 0.134644, -0.816895, 16.540530, -1.708984, -6.103514,Pick and Place
2451822, -0.596436, 0.099976, -0.843140, 16.784670, 4.394532, -7.568358,Pick and Place
2451842, -0.565796, 0.081665, -0.823730, 13.305660, 7.934570, -8.056642,Pick and Place
2451862, -0.546997, 0.093872, -0.794434, 12.084960, 7.141112, -5.310058,Pick and Place
2451882, -0.623535, 0.110718, -0.780518, 12.817380, 9.399414, -4.394532,Pick and Place
2451902, -0.613281, 0.094360, -0.805664, 10.375976, 18.676760, -4.943848,Pick and Place
2451922, -0.720337, 0.086914, -0.928833, 6.408690, 23.620600, -3.723144,Pick and Place
2451942, -0.602783, 0.107056, -0.920776, -2.197266, 33.264160, 0.549316,Pick and Place
2451962, -0.517090, 0.164551, -0.875000, -2.075196, 9.765626, 0.732422,Pick and Place
2451982, -0.586426, 0.185425, -0.852905, 1.098633, -2.014160, -1.464844,Pick and Place
2452002, -0.585571, 0.183594, -0.821533, 2.990722, 0.305176, -3.845214,Pick and Place
2452022, -0.553467, 0.158081, -0.784424, 3.112792, 4.760742, -3.967285,Pick and Place
2452042, -0.517822, 0.167725, -0.785645, 2.441407, -0.976562, -3.356933,Pick and Place
2452062, -0.586548, 0.139526, -0.788574, 3.906249, -4.638672, -4.577638,Pick and Place
2452082, -0.578003, 0.129517, -0.775513, 4.028321, -5.615234, -5.981444,Pick and Place
2452102, -0.627075, 0.107300, -0.776978, 4.760742, -2.685546, -7.263182,Pick and Place
2452122, -0.615723, 0.109619, -0.765991, 3.356933, 1.403808, -5.432128,Pick and Place
2452142, -0.571778, 0.117798, -0.764526, 3.356933, -0.793457, -3.723144,Pick and Place
2452162, -0.549072, 0.115601, -0.771240, 2.563476, -7.202148, -3.417968,Pick and Place
2452182, -0.582398, 0.125610, -0.770630, 1.647949, -13.488768, -4.577638,Pick and Place
2452202, -0.629639, 0.167969, -0.774170, 1.586914, -12.756344, -4.333496,Pick and Place
2452222, -0.657227, 0.148804, -0.789673, 2.502442, -6.774902, -5.493162,Pick and Place
2452242, -0.599243, 0.136353, -0.794800, -0.122070, -7.141112, -4.028321,Pick and Place
2452262, -0.627320, 0.144043, -0.783447, 0.244141, -10.559080, -2.258301,Pick and Place
2452282, -0.658814, 0.146851, -0.799438, 0.732422, -5.615234, -1.342773,Pick and Place
2452302, -0.644898, 0.135376, -0.797119, 0.610352, 1.831054, 0.305176,Pick and Place
2452322, -0.620239, 0.119385, -0.808228, 0.061035, 2.136231, 0.854492,Pick and Place
2452342, -0.590088, 0.104736, -0.812622, -0.366211, -2.563476, 1.098633,Pick and Place
2452362, -0.619873, 0.099731, -0.799805, 0.427246, -2.990722, -1.525878,Pick and Place
2452382, -0.601807, 0.075195, -0.803833, 0.122070, -0.671386, -2.990722,Pick and Place
2452402, -0.605469, 0.044434, -0.830200, -1.953124, 0.244141, -1.892090,Pick and Place
2452422, -0.589112, 0.030396, -0.846436, -4.943848, 1.464844, 0.976562,Pick and Place
2452442, -0.619385, 0.008667, -0.868408, -8.056642, 0.000000, 2.319336,Pick and Place
2452462, -0.602051, -0.050049, -0.895264, -13.671872, 3.051757, 1.464844,Pick and Place
2452482, -0.556396, -0.075317, -0.895264, -18.859868, 2.197266, 0.488281,Pick and Place
2452502, -0.514771, -0.059204, -0.871826, -25.085448, -0.976562, -0.976562,Pick and Place
2452522, -0.480225, 0.012451, -0.867066, -27.526850, -2.502442, -2.380371,Pick and Place
2452542, -0.468872, 0.018311, -0.858276, -25.817870, 0.122070, -5.187988,Pick and Place
2452562, -0.484863, 0.020020, -0.841431, -26.794430, 8.605960, -10.437010,Pick and Place
2452582, -0.511597, 0.048462, -0.823608, -28.259270, 25.756830, -18.005376,Pick and Place
2452602, -0.474365, 0.075562, -0.818970, -28.869624, 39.733900, -26.184080,Pick and Place
2452622, -0.426514, 0.094482, -0.808716, -29.174800, 40.405260, -33.386240,Pick and Place
2452642, -0.412598, 0.110718, -0.799561, -27.343748, 25.329584, -40.466300,Pick and Place
2452662, -0.423706, 0.076660, -0.765869, -27.221676, -1.403808, -46.874990,Pick and Place
2452682, -0.679566, 0.140381, -0.622314, -26.306150, -4.272462, -59.143060,Pick and Place
2452702, -0.744019, 0.162598, -0.657593, -22.644040, 23.681636, -56.579580,Pick and Place
2452722, -0.659424, 0.161255, -0.751587, -24.841304, 42.785640, -47.607410,Pick and Place
2452742, -0.580688, 0.203613, -0.803589, -25.085448, 38.940440, -41.076650,Pick and Place
2452762, -0.658325, 0.242554, -0.775757, -21.667476, 32.653820, -41.931140,Pick and Place
2452782, -0.702026, 0.276978, -0.723267, -17.639160, 40.649400, -47.485340,Pick and Place
2452802, -0.694824, 0.266724, -0.763672, -12.634276, 56.335440, -46.997060,Pick and Place
2452822, -0.596314, 0.204102, -0.838867, -12.878416, 63.842760, -40.100100,Pick and Place
2452842, -0.538086, 0.216553, -0.866944, -13.488768, 56.152340, -35.095220,Pick and Place
2452862, -0.563354, 0.238770, -0.832031, -9.582520, 51.330560, -35.949720,Pick and Place
2452882, -0.578125, 0.227539, -0.803223, -4.638672, 57.739250, -40.832510,Pick and Place
2452902, -0.460571, 0.244751, -0.809814, -5.371092, 60.668940, -38.146980,Pick and Place
2452922, -0.434937, 0.293213, -0.845337, -0.732422, 48.889150, -34.301760,Pick and Place
2452942, -0.534546, 0.250000, -0.857056, 6.286620, 45.776360, -33.569340,Pick and Place
2452962, -0.466797, 0.233765, -0.809448, 5.920409, 42.968740, -33.325200,Pick and Place
2452982, -0.436279, 0.242920, -0.782104, 9.704590, 35.949720, -26.062010,Pick and Place
2453002, -0.434082, 0.230591, -0.822266, 11.779784, 25.451652, -17.028810,Pick and Place
2453022, -0.495483, 0.220337, -0.889404, 14.709470, 21.423332, -9.216310,Pick and Place
2453042, -0.490845, 0.192383, -0.892212, 16.174320, 23.132320, -8.422854,Pick and Place
2453062, -0.432739, 0.180664, -0.872803, 18.737796, 18.005376, -5.798338,Pick and Place
2453082, -0.373901, 0.150879, -0.874024, 18.493652, 7.568358, -4.577638,Pick and Place
2453102, -0.383057, 0.153076, -0.868286, 15.991210, -1.037598, -2.563476,Pick and Place
2453122, -0.443115, 0.036133, -0.966919, 12.390136, 11.474608, -1.220704,Pick and Place
2453142, -0.460449, 0.093140, -1.003418, 1.464844, 5.859374, 1.220704,Pick and Place
2453162, -0.423706, 0.097046, -1.013062, 2.685546, 10.314940, 3.051757,Pick and Place
2453182, -0.355591, 0.104614, -1.000488, 1.159668, 8.605960, 2.380371,Pick and Place
2453202, -0.381714, 0.081055, -0.973022, 3.234863, 1.892090, 3.051757,Pick and Place
2453222, -0.382446, 0.078613, -0.975830, -0.183105, 0.122070, 4.577638,Pick and Place
2453242, -0.374146, 0.056030, -1.009888, -1.953124, -3.112792, 7.751464,Pick and Place
2453262, -0.408569, 0.058472, -0.986694, -1.892090, -9.338380, 11.352536,Pick and Place
2453282, -0.458008, 0.073608, -0.964966, -3.845214, -14.404296, 14.953610,Pick and Place
2453302, -0.523071, 0.105713, -0.933960, -5.187988, -12.023924, 20.812980,Pick and Place
2453322, -0.519409, 0.122070, -0.959961, -7.385252, -8.728030, 26.489250,Pick and Place
2453342, -0.490112, 0.167236, -0.967774, -12.329100, -14.587400, 36.865240,Pick and Place
2453362, -0.495117, 0.215454, -0.928467, -11.840818, -23.864740, 42.358390,Pick and Place
2453382, -0.575195, 0.237671, -0.889771, -8.789064, -23.620600, 48.339840,Pick and Place
2453402, -0.624756, 0.240479, -0.857544, -5.371092, -12.817380, 57.128900,Pick and Place
2453422, -0.600586, 0.251099, -0.828247, -2.807617, -1.342773, 65.856940,Pick and Place
2453442, -0.517700, 0.256958, -0.828125, 1.220704, 3.479003, 72.204600,Pick and Place
2453462, -0.452637, 0.252686, -0.835083, 5.493162, 0.732422, 75.256360,Pick and Place
2453482, -0.416992, 0.255982, -0.837646, 10.437010, -7.080076, 76.782240,Pick and Place
2453502, -0.466675, 0.266113, -0.833374, 15.991210, -9.155274, 75.317400,Pick and Place
2453522, -0.495239, 0.229858, -0.820190, 20.935052, 6.347656, 70.617700,Pick and Place
2453542, -0.394775, 0.192505, -0.821411, 19.958500, 21.545408, 69.763200,Pick and Place
2453562, -0.240601, 0.207397, -0.844604, 21.423332, 17.883300, 70.678720,Pick and Place
2453582, -0.220581, 0.202515, -0.849365, 24.047850, 4.211426, 67.077640,Pick and Place
2453602, -0.220825, 0.214600, -0.830444, 29.296870, -2.868652, 57.434080,Pick and Place
2453622, -0.238159, 0.199585, -0.827393, 35.156260, 2.868652, 46.386710,Pick and Place
2453642, -0.198364, 0.131714, -0.849487, 39.672860, 9.460450, 39.672860,Pick and Place
2453662, -0.128906, 0.063599, -0.867676, 41.809080, 8.850100, 34.362800,Pick and Place
2453682, -0.128662, 0.025269, -0.891113, 43.701160, 3.234863, 28.930660,Pick and Place
2453702, -0.216187, -0.002686, -0.911499, 46.447740, 3.723144, 23.071284,Pick and Place
2453722, -0.271729, -0.090210, -0.928711, 47.058100, 14.099120, 16.479492,Pick and Place
2453742, -0.215576, -0.152466, -0.963257, 42.358390, 25.634760, 13.549804,Pick and Place
2453762, -0.144165, -0.159424, -0.986328, 35.888680, 23.132320, 13.793944,Pick and Place
2453782, -0.171021, -0.143799, -0.977783, 32.043460, 18.310550, 10.559080,Pick and Place
2453802, -0.157593, -0.184448, -0.998047, 25.573724, 20.446770, 12.268064,Pick and Place
2453822, -0.132446, -0.142822, -1.038696, 18.188480, 16.906740, 10.009768,Pick and Place
2453842, -0.114990, -0.106445, -1.045898, 14.343260, 8.605960, 6.286620,Pick and Place
2453862, -0.127686, -0.070923, -1.036377, 12.817380, -3.356933, 3.051757,Pick and Place
2453882, -0.184204, -0.067749, -1.012940, 13.732908, -6.835936, 0.671386,Pick and Place
2453902, -0.202393, -0.052246, -0.979126, 11.657712, -4.882814, 2.624511,Pick and Place
2453922, -0.225464, -0.056030, -0.989380, 12.023924, 1.403808, 2.746581,Pick and Place
2453942, -0.217285, -0.077393, -1.012940, 6.103514, 8.789064, -1.647949,Pick and Place
2453962, -0.179565, -0.022583, -1.083130, 3.723144, 11.230468, -2.075196,Pick and Place
2453982, -0.166992, -0.045166, -1.075806, 2.258301, 2.624511, -2.868652,Pick and Place
2454002, -0.247559, -0.026733, -1.043946, 2.014160, 0.732422, -3.601074,Pick and Place
2454022, -0.214355, -0.024536, -1.041138, -3.051757, 7.995604, -2.075196,Pick and Place
2454042, -0.187988, -0.013306, -1.040406, -4.211426, 8.422854, -0.793457,Pick and Place
2454062, -0.197144, -0.023438, -1.027588, -7.202148, 4.577638, -3.051757,Pick and Place
2454082, -0.208618, -0.002808, -0.988648, -8.361816, 0.915527, -4.089356,Pick and Place
2454102, -0.205933, 0.020020, -0.957520, -6.896972, -3.601074, -2.868652,Pick and Place
2454122, -0.255615, 0.005493, -0.977295, -5.554198, -2.075196, -0.854492,Pick and Place
2454142, -0.255127, 0.013672, -0.978150, -7.019042, 1.342773, -1.464844,Pick and Place
2454162, -0.264282, 0.050415, -0.953613, -3.845214, 6.164550, -2.624511,Pick and Place
2454182, -0.227783, 0.071167, -0.927979, -1.953124, 10.925290, -1.953124,Pick and Place
2454202, -0.160645, 0.090942, -0.913086, 0.183105, 4.760742, 0.061035,Pick and Place
2454222, -0.262451, 0.025757, -0.977539, 6.042480, 2.319336, -2.197266,Pick and Place
2454242, -0.253784, -0.019043, -0.978516, 2.014160, 8.300784, -2.807617,Pick and Place
2454262, -0.234985, 0.021484, -0.990356, -0.915527, 12.268064, -1.342773,Pick and Place
2454282, -0.194580, -0.003540, -1.013428, -2.990722, 10.864256, -0.244141,Pick and Place
2454302, -0.149048, -0.034790, -1.042114, -8.117676, 3.723144, 0.061035,Pick and Place
2454322, -0.206421, -0.032715, -1.094604, -14.038084, -3.723144, 0.305176,Pick and Place
2454342, -0.230713, -0.017212, -1.077026, -19.897460, -1.708984, -1.281738,Pick and Place
2454362, -0.179565, 0.007690, -1.065186, -25.634760, -1.281738, -1.770019,Pick and Place
2454382, -0.147095, 0.030762, -1.066772, -31.188960, -8.056642, -0.183105,Pick and Place
2454402, -0.099731, 0.074341, -1.008179, -34.179700, -15.991210, -0.488281,Pick and Place
2454422, -0.112793, 0.108032, -0.989136, -36.804200, -28.747552, 0.061035,Pick and Place
2454442, -0.273804, 0.189575, -0.995117, -36.376960, -28.381340, 1.708984,Pick and Place
2454462, -0.240967, 0.192871, -1.001587, -33.874520, -16.418460, -0.732422,Pick and Place
2454482, -0.177490, 0.191284, -0.951538, -35.217290, -13.305660, 0.793457,Pick and Place
2454502, -0.156738, 0.260986, -0.873047, -37.780760, -21.728510, 3.540038,Pick and Place
2454522, -0.214722, 0.312500, -0.904541, -32.775880, -27.893060, 6.469726,Pick and Place
2454542, -0.338379, 0.273560, -0.956299, -30.639640, -16.296390, 2.014160,Pick and Place
2454562, -0.281372, 0.274536, -0.947510, -30.334470, -1.525878, -3.295898,Pick and Place
2454582, -0.179565, 0.315064, -0.895874, -27.160640, -14.160152, -3.051757,Pick and Place
2454602, -0.177490, 0.319580, -0.818482, -22.094720, -45.593250, -4.089356,Pick and Place
2454622, -0.237061, 0.320190, -0.853394, -19.470220, -69.580100, -8.178714,Pick and Place
2454642, -0.385742, 0.267090, -0.895996, -18.127448, -63.171380, -16.052250,Pick and Place
2454662, -0.377686, 0.306885, -0.859375, -9.765626, -46.325680, -19.226080,Pick and Place
2454682, -0.315064, 0.287476, -0.854248, -2.258301, -54.199210, -16.418460,Pick and Place
2454702, -0.319946, 0.269653, -0.855225, 5.554198, -73.120140, -16.540530,Pick and Place
2454722, -0.473755, 0.225342, -0.854370, 16.113284, -73.242200, -23.803708,Pick and Place
2454742, -0.519898, 0.176636, -0.853638, 23.132320, -54.809560, -27.404780,Pick and Place
2454762, -0.491699, 0.154541, -0.791504, 26.977532, -40.893540, -26.062010,Pick and Place
2454782, -0.422608, 0.147461, -0.785645, 27.526850, -37.780760, -20.202630,Pick and Place
2454802, -0.392334, 0.090942, -0.805298, 24.902340, -48.400870, -15.991210,Pick and Place
2454822, -0.417969, 0.047241, -0.812744, 16.235352, -67.443860, -17.395020,Pick and Place
2454842, -0.462524, 0.070801, -0.787720, 10.864256, -89.294400, -18.676760,Pick and Place
2454862, -0.585449, 0.074707, -0.757812, 8.056642, -93.566880, -19.287110,Pick and Place
2454882, -0.777466, 0.048096, -0.765137, 10.803220, -45.349110, -19.226080,Pick and Place
2454902, -0.766602, 0.021484, -0.769287, 10.864256, -1.892090, -14.831540,Pick and Place
2454922, -0.565674, 0.012573, -0.787110, 3.540038, 10.375976, -4.516602,Pick and Place
2454942, -0.532715, 0.040405, -0.854858, -0.915527, -1.098633, -1.220704,Pick and Place
2454962, -0.580078, -0.023804, -0.966064, -4.089356, -9.765626, -4.211426,Pick and Place
2454982, -0.639771, -0.079590, -0.927856, -8.300784, -29.052730, 0.305176,Pick and Place
2455002, -0.676026, 0.002930, -0.890625, -11.352536, -20.812980, -0.122070,Pick and Place
2455022, -0.611694, 0.011108, -0.864868, -14.709470, -8.178714, -1.647949,Pick and Place
2455042, -0.579468, 0.003174, -0.924194, -19.042970, 2.685546, 3.112792,Pick and Place
2455062, -0.602661, -0.025146, -0.986206, -22.583000, 14.526364, 2.807617,Pick and Place
2455082, -0.543701, -0.042969, -0.984986, -27.526850, 23.498530, 1.892090,Pick and Place
2455102, -0.434204, -0.033325, -0.935059, -37.536620, 18.554690, -1.098633,Pick and Place
2455122, -0.403564, 0.002441, -0.934448, -41.564930, 7.019042, -6.042480,Pick and Place
2455142, -0.403687, 0.019287, -0.936035, -45.776360, 0.000000, -13.244628,Pick and Place
2455162, -0.458618, 0.027954, -0.920776, -48.278800, 2.258301, -21.057124,Pick and Place
2455182, -0.430786, 0.039185, -0.883545, -52.368160, 7.019042, -25.512690,Pick and Place
2455202, -0.451172, 0.126221, -0.830688, -54.626460, 3.845214, -28.686520,Pick and Place
2455222, -0.487915, 0.181030, -0.791626, -52.917470, 0.976562, -34.118660,Pick and Place
2455242, -0.523682, 0.180054, -0.765625, -50.598140, 0.122070, -40.710440,Pick and Place
2455262, -0.582520, 0.174561, -0.750977, -46.874990, 5.004884, -44.738760,Pick and Place
2455282, -0.578247, 0.206421, -0.697144, -45.959460, 9.338380, -44.372550,Pick and Place
2455302, -0.577148, 0.261108, -0.642456, -42.358390, 8.850100, -42.541500,Pick and Place
2455322, -0.677612, 0.241577, -0.646973, -37.170420, 10.864256, -43.945300,Pick and Place
2455342, -0.691895, 0.237183, -0.646118, -35.095220, 16.113284, -46.691880,Pick and Place
2455362, -0.656616, 0.273071, -0.615479, -32.043460, 13.854978, -44.982900,Pick and Place
2455382, -0.648926, 0.340332, -0.610962, -28.015130, 9.155274, -41.076650,Pick and Place
2455402, -0.655274, 0.357422, -0.631348, -23.132320, 6.530760, -38.574220,Pick and Place
2455422, -0.700562, 0.322632, -0.645142, -19.592290, 4.089356, -39.123540,Pick and Place
2455442, -0.729126, 0.255371, -0.625977, -17.333990, 3.051757, -40.039070,Pick and Place
2455462, -0.725586, 0.251221, -0.613526, -18.005376, 5.615234, -36.743170,Pick and Place
2455482, -0.713379, 0.303223, -0.635376, -17.395020, 7.019042, -29.663080,Pick and Place
2455502, -0.709961, 0.315064, -0.659668, -14.892576, 9.643556, -24.536130,Pick and Place
2455522, -0.697144, 0.337402, -0.651856, -13.000484, 12.084960, -23.437492,Pick and Place
2455542, -0.663818, 0.363037, -0.619629, -6.469726, 10.131832, -24.353020,Pick and Place
2455562, -0.655274, 0.329102, -0.634766, -0.183105, 3.417968, -22.766110,Pick and Place
2455582, -0.661621, 0.314575, -0.653687, 2.868652, 1.525878, -21.301268,Pick and Place
2455602, -0.662720, 0.311157, -0.643433, 7.080076, 2.258301, -21.423332,Pick and Place
2455622, -0.666504, 0.284424, -0.630127, 10.864256, 4.089356, -21.972650,Pick and Place
2455642, -0.671143, 0.243286, -0.658325, 14.953610, 3.295898, -21.728510,Pick and Place
2455662, -0.617066, 0.165161, -0.712158, 13.427732, -2.136231, -17.517090,Pick and Place
2455682, -0.817139, 0.189697, -0.842652, 7.873534, -11.535644, -12.329100,Pick and Place
2455702, -0.708130, 0.148560, -0.824097, 4.882814, -2.441407, -9.155274,Pick and Place
2455722, -0.626465, 0.192383, -0.776489, 1.342773, -20.568840, -6.896972,Pick and Place
2455742, -0.704224, 0.207886, -0.747925, 6.713866, -32.226570, -5.371092,Pick and Place
2455762, -0.719604, 0.204834, -0.728516, 6.835936, -9.216310, -7.812498,Pick and Place
2455782, -0.678101, 0.185303, -0.754028, 4.394532, 5.859374, -5.065916,Pick and Place
2455802, -0.666260, 0.173584, -0.787110, 4.089356, 12.573240, -0.610352,Pick and Place
2455822, -0.585205, 0.173462, -0.789062, 1.770019, 3.601074, 1.403808,Pick and Place
2455842, -0.625732, 0.203857, -0.776123, 4.455568, -8.911134, -0.488281,Pick and Place
2455862, -0.687012, 0.152954, -0.784058, 6.164550, -8.361816, -4.882814,Pick and Place
2455882, -0.666992, 0.110718, -0.817017, 2.502442, -2.868652, -5.249022,Pick and Place
2455902, -0.634644, 0.106079, -0.786865, -1.953124, -3.234863, -1.892090,Pick and Place
2455922, -0.605347, 0.122681, -0.754272, -3.601074, -11.230468, -0.183105,Pick and Place
2455942, -0.680908, 0.073486, -0.785522, -4.028321, -19.714360, -0.488281,Pick and Place
2455962, -0.771362, 0.030762, -0.815674, -10.498044, -14.404296, 0.366211,Pick and Place
2455982, -0.691406, 0.073120, -0.797486, -19.409180, -19.165040, 8.666994,Pick and Place
2456002, -0.712036, 0.117676, -0.788208, -24.353020, -30.822750, 14.221190,Pick and Place
2456022, -0.818726, 0.141724, -0.816040, -27.038570, -28.320310, 15.563964,Pick and Place
2456042, -0.823242, 0.127686, -0.789795, -33.935560, -11.474608, 15.991210,Pick and Place
2456062, -0.734009, 0.177490, -0.731690, -39.917000, -9.155274, 21.545408,Pick and Place
2456082, -0.826294, 0.212280, -0.687866, -44.006340, -11.901852, 28.686520,Pick and Place
2456102, -0.842896, 0.288940, -0.641724, -46.569820, -6.286620, 35.949720,Pick and Place
2456122, -0.797730, 0.350830, -0.640381, -45.471180, 2.807617, 43.090810,Pick and Place
2456142, -0.723389, 0.356201, -0.600586, -43.212880, -2.136231, 54.260240,Pick and Place
2456162, -0.878784, 0.413330, -0.548828, -36.987310, -4.760742, 60.974110,Pick and Place
2456182, -0.899170, 0.391968, -0.496460, -27.832030, 15.502928, 62.988270,Pick and Place
2456202, -0.661743, 0.430298, -0.487061, -14.343260, 9.033204, 74.340840,Pick and Place
2456222, -0.682984, 0.479614, -0.457642, -2.807617, 3.356933, 78.063980,Pick and Place
2456242, -0.624024, 0.516236, -0.419800, 4.333496, 17.761230, 73.669440,Pick and Place
2456262, -0.487061, 0.505615, -0.481201, 11.169430, 32.287600, 69.458020,Pick and Place
2456282, -0.432617, 0.518799, -0.481812, 18.371584, 33.142100, 67.932140,Pick and Place
2456302, -0.473022, 0.527954, -0.448975, 28.503410, 30.212400, 64.086940,Pick and Place
2456322, -0.431274, 0.515137, -0.497192, 39.794920, 31.921380, 57.983390,Pick and Place
2456342, -0.343628, 0.521240, -0.538818, 50.170890, 27.526850, 52.062980,Pick and Place
2456362, -0.304443, 0.507080, -0.593750, 59.509270, 15.808104, 46.447740,Pick and Place
2456382, -0.300903, 0.484863, -0.676148, 69.519040, 0.549316, 39.306640,Pick and Place
2456402, -0.318237, 0.459229, -0.733765, 79.772960, -19.958500, 31.127924,Pick and Place
2456422, -0.418945, 0.444702, -0.738648, 96.069320, -25.817870, 16.357424,Pick and Place
2456442, -0.540161, 0.391480, -0.732544, 105.712880, -19.409180, 10.681150,Pick and Place
2456462, -0.496338, 0.323608, -0.743530, 106.079080, -17.150880, 10.620116,Pick and Place
2456482, -0.409912, 0.325195, -0.796631, 103.332500, -20.446770, 6.958006,Pick and Place
2456502, -0.467651, 0.278442, -0.832154, 101.989720, -20.446770, -1.342773,Pick and Place
2456522, -0.559326, 0.198730, -0.787598, 99.609360, -4.211426, -11.169430,Pick and Place
2456542, -0.528687, 0.143433, -0.712524, 95.031720, 11.352536, -13.061520,Pick and Place
2456562, -0.518677, 0.071289, -0.765015, 88.928200, 23.193352, -9.582520,Pick and Place
2456582, -0.430054, 0.025269, -0.880371, 79.467800, 38.085940, -6.408690,Pick and Place
2456602, -0.450684, -0.030640, -0.997437, 71.655300, 51.025380, -5.981444,Pick and Place
2456622, -0.448242, -0.078491, -1.063599, 61.828600, 59.265120, -5.859374,Pick and Place
2456642, -0.236206, -0.065796, -0.973877, 51.879880, 35.156260, -9.216310,Pick and Place
2456662, -0.286011, -0.063232, -0.978638, 52.124020, 14.953610, -10.864256,Pick and Place
2456682, -0.515869, -0.168579, -1.055908, 44.799800, 26.428220, -14.526364,Pick and Place
2456702, -0.400757, -0.204346, -1.031616, 31.372068, 40.039070, -15.991210,Pick and Place
2456722, -0.265381, -0.168335, -0.984131, 22.583000, 31.311030, -12.329100,Pick and Place
2456742, -0.310913, -0.147705, -0.996216, 16.479492, 23.742670, -7.141112,Pick and Place
2456762, -0.297363, -0.124512, -1.096558, 12.084960, 25.268550, -14.892576,Pick and Place
2456782, -0.268311, -0.162720, -1.093628, 3.784179, 4.699708, 5.981444,Pick and Place
2456802, -0.402954, -0.105713, -1.096192, 2.502442, 9.582520, 2.258301,Pick and Place
2456822, -0.195557, -0.201416, -1.074829, -6.652830, 10.253904, -2.502442,Pick and Place
2456842, -0.200195, -0.128662, -1.080444, -12.023924, -23.254390, -2.319336,Pick and Place
2456862, -0.322144, -0.165161, -1.062744, -7.385252, -32.348640, -7.995604,Pick and Place
2456882, -0.279297, -0.168823, -0.978150, -13.427732, -36.254890, -9.826660,Pick and Place
2456902, -0.338623, -0.180176, -0.995362, -13.793944, -39.428720, -7.324218,Pick and Place
2456922, -0.349487, -0.258667, -1.015503, -20.568840, -40.527340, -7.995604,Pick and Place
2456942, -0.377686, -0.298584, -1.046509, -28.625480, -41.625960, -9.338380,Pick and Place
2456962, -0.388184, -0.306763, -1.010864, -38.757330, -34.362800, -9.887696,Pick and Place
2456982, -0.319092, -0.193481, -0.947998, -48.767080, -32.348640, -10.681150,Pick and Place
2457002, -0.367066, -0.060181, -0.942505, -49.621580, -31.372068, -13.793944,Pick and Place
2457022, -0.433838, -0.045410, -0.934814, -48.034660, -20.629880, -23.010250,Pick and Place
2457042, -0.422363, -0.022583, -0.902954, -49.743640, -3.479003, -32.165540,Pick and Place
2457062, -0.382446, 0.065674, -0.877197, -48.034660, 8.789064, -36.926280,Pick and Place
2457082, -0.381958, 0.128662, -0.864746, -43.273920, 18.737796, -44.250480,Pick and Place
2457102, -0.369263, 0.112061, -0.858521, -34.912120, 31.738280, -49.194320,Pick and Place
2457122, -0.396729, 0.095215, -0.857910, -34.362800, 33.691410, -54.504380,Pick and Place
2457142, -0.447754, 0.163208, -0.844971, -32.470710, 31.249992, -59.753410,Pick and Place
2457162, -0.476685, 0.195068, -0.832520, -25.939940, 32.653820, -63.354480,Pick and Place
2457182, -0.474487, 0.132324, -0.827637, -20.874020, 35.461430, -63.293440,Pick and Place
2457202, -0.483887, 0.084839, -0.833252, -21.667476, 32.165540, -59.082020,Pick and Place
2457222, -0.518066, 0.157105, -0.818970, -23.803708, 24.719230, -52.246080,Pick and Place
2457242, -0.580322, 0.224609, -0.809814, -16.906740, 24.108880, -48.522940,Pick and Place
2457262, -0.577393, 0.190308, -0.773682, -13.244628, 36.010750, -45.898430,Pick and Place
2457282, -0.526001, 0.185303, -0.778442, -14.831540, 43.518060, -37.353520,Pick and Place
2457302, -0.496094, 0.207520, -0.816406, -11.169430, 38.757330, -28.686520,Pick and Place
2457322, -0.571533, 0.237305, -0.855957, -6.958006, 39.733900, -22.094720,Pick and Place
2457342, -0.479248, 0.244629, -0.887940, -4.211426, 43.579090, -22.583000,Pick and Place
2457362, -0.371094, 0.230469, -0.900513, -1.892090, 32.714850, -21.667476,Pick and Place
2457382, -0.363159, 0.206299, -0.891602, 1.037598, 16.052250, -21.179192,Pick and Place
2457402, -0.389160, 0.170288, -0.876099, 3.540038, 6.652830, -19.653320,Pick and Place
2457422, -0.420044, 0.148438, -0.899658, 4.882814, 5.126952, -16.174320,Pick and Place
2457442, -0.360352, 0.097900, -0.915650, 4.150392, 3.601074, -10.742184,Pick and Place
2457462, -0.327026, 0.129028, -0.934570, -0.122070, -8.789064, -7.141112,Pick and Place
2457482, -0.359863, 0.104736, -0.923950, 4.028321, -14.587400, -4.821778,Pick and Place
2457502, -0.390869, 0.066650, -0.954712, 3.662109, -21.667476, -3.173828,Pick and Place
2457522, -0.469482, 0.073120, -0.976074, 0.549316, -18.920900, -1.220704,Pick and Place
2457542, -0.377197, 0.094727, -0.969238, -5.310058, 3.967285, -0.244141,Pick and Place
2457562, -0.265015, 0.128662, -0.967896, -3.662109, 1.037598, 2.258301,Pick and Place
2457582, -0.271240, 0.140015, -0.972046, -1.220704, -11.291500, 0.793457,Pick and Place
2457602, -0.351074, 0.104736, -0.953125, 0.610352, -12.573240, -1.770019,Pick and Place
2457622, -0.357910, 0.110107, -0.938599, -0.061035, -6.164550, -3.479003,Pick and Place
2457642, -0.305786, 0.091675, -0.941406, -1.342773, -2.990722, -1.953124,Pick and Place
2457662, -0.250855, 0.086060, -0.956177, -1.953124, -7.141112, 0.671386,Pick and Place
2457682, -0.262940, 0.085938, -0.961182, -2.380371, -19.165040, 2.075196,Pick and Place
2457702, -0.409302, 0.080566, -0.946411, -0.549316, -21.057124, 0.549316,Pick and Place
2457722, -0.480225, 0.045044, -0.945190, 0.488281, -5.187988, -1.098633,Pick and Place
2457742, -0.362793, 0.028809, -0.933472, -6.652830, 5.187988, 0.183105,Pick and Place
2457762, -0.333740, 0.088745, -0.911377, -4.821778, -3.112792, 2.197266,Pick and Place
2457782, -0.365967, 0.082520, -0.912842, -5.371092, -1.037598, 0.732422,Pick and Place
2457802, -0.335693, 0.102661, -0.922241, -5.249022, 4.150392, 0.061035,Pick and Place
2457822, -0.295532, 0.106812, -0.914185, -4.394532, 0.061035, -0.061035,Pick and Place
2457842, -0.340210, 0.129761, -0.909058, -0.305176, -3.906249, -0.793457,Pick and Place
2457862, -0.382446, 0.078125, -0.907471, 2.563476, -0.061035, -2.563476,Pick and Place
2457882, -0.377808, 0.053833, -0.924805, 0.915527, 6.164550, -1.708984,Pick and Place
2457902, -0.332764, 0.056030, -0.935547, -2.380371, 5.737304, 0.976562,Pick and Place
2457922, -0.319214, 0.078125, -0.944702, -3.234863, 0.427246, 2.563476,Pick and Place
2457942, -0.350708, 0.090698, -0.945679, -3.112792, -2.563476, 1.586914,Pick and Place
2457962, -0.339233, 0.103149, -0.950440, -4.577638, -2.929687, -0.488281,Pick and Place
2457982, -0.332642, 0.104980, -0.933716, -5.187988, 3.906249, -2.502442,Pick and Place
2458002, -0.286011, 0.123169, -0.942017, -6.591796, 2.075196, -1.220704,Pick and Place
2458022, -0.312134, 0.106689, -0.987549, -5.493162, -2.441407, -0.183105,Pick and Place
2458042, -0.364990, 0.096924, -0.968750, -5.737304, -4.699708, -1.281738,Pick and Place
2458062, -0.400513, 0.119873, -0.939087, -6.042480, 1.708984, -4.089356,Pick and Place
2458082, -0.326416, 0.113281, -0.946411, -8.422854, 6.347656, -2.685546,Pick and Place
2458102, -0.310303, 0.092529, -1.009156, -11.718748, 0.915527, 1.220704,Pick and Place
2458122, -0.322998, 0.116333, -1.032471, -17.761230, -7.690428, 4.577638,Pick and Place
2458142, -0.356201, 0.161499, -0.994019, -19.287110, -12.329100, 2.807617,Pick and Place
2458162, -0.331787, 0.168213, -0.924316, -26.062010, -10.620116, 3.479003,Pick and Place
2458182, -0.317017, 0.227173, -0.929932, -32.653820, -13.305660, 5.737304,Pick and Place
2458202, -0.345215, 0.256226, -0.948730, -41.503900, -21.240230, 8.544924,Pick and Place
2458222, -0.347900, 0.352539, -0.855713, -42.724600, -25.512690, 8.605960,Pick and Place
2458242, -0.369629, 0.382568, -0.814331, -36.376960, -20.874020, 5.065916,Pick and Place
2458262, -0.369995, 0.340210, -0.843384, -36.010750, -15.930172, 2.929687,Pick and Place
2458282, -0.381958, 0.318604, -0.933228, -35.400400, -17.639160, 4.760742,Pick and Place
2458302, -0.368042, 0.330688, -0.908936, -35.400400, -23.986810, 3.540038,Pick and Place
2458322, -0.400879, 0.394165, -0.913452, -31.066890, -26.062010, 1.220704,Pick and Place
2458342, -0.419312, 0.364868, -0.892700, -26.611320, -23.010250, -2.380371,Pick and Place
2458362, -0.387329, 0.343506, -0.882080, -26.062010, -26.062010, -4.394532,Pick and Place
2458382, -0.442505, 0.344727, -0.891113, -20.080560, -34.362800, -4.882814,Pick and Place
2458402, -0.453003, 0.311890, -0.886353, -14.038084, -38.940440, -6.591796,Pick and Place
2458422, -0.452393, 0.293457, -0.843140, -3.540038, -44.006340, -9.277344,Pick and Place
2458442, -0.437378, 0.298340, -0.800781, 2.807617, -42.968740, -11.474608,Pick and Place
2458462, -0.451538, 0.289551, -0.807495, 12.817380, -40.039070, -12.451170,Pick and Place
2458482, -0.435791, 0.225708, -0.726929, 18.432620, -45.776360, -11.779784,Pick and Place
2458502, -0.387451, 0.194214, -0.608398, 17.883300, -60.729970, -9.887696,Pick and Place
2458522, -0.577026, 0.165283, -0.650269, 21.240230, -56.762680, -10.375976,Pick and Place
2458542, -0.731201, 0.121948, -0.768311, 19.165040, -31.494136, -8.178714,Pick and Place
2458562, -0.725220, 0.151978, -0.856934, 13.549804, -2.441407, -1.464844,Pick and Place
2458582, -0.652588, 0.146729, -0.769043, 10.009768, 7.568358, 4.577638,Pick and Place
2458602, -0.671753, 0.177246, -0.677979, 3.173828, -2.807617, 8.605960,Pick and Place
2458622, -0.781372, 0.155518, -0.855469, -1.098633, -6.408690, 16.052250,Pick and Place
2458642, -0.646240, 0.312988, -0.798706, -11.169430, 13.793944, 23.254390,Pick and Place
2458662, -0.618286, 0.321777, -0.815064, -11.291500, -1.159668, 29.479976,Pick and Place
2458682, -0.651245, 0.396484, -0.733887, -10.253904, -9.399414, 36.804200,Pick and Place
2458702, -0.647827, 0.413940, -0.706177, -4.943848, -18.798830, 37.048340,Pick and Place
2458722, -0.663574, 0.397583, -0.711182, -0.549316, -22.705070, 37.963880,Pick and Place
2458742, -0.651978, 0.400757, -0.690064, 5.004884, -22.033690, 41.870110,Pick and Place
2458762, -0.619507, 0.407593, -0.670898, 11.840818, -20.385740, 44.067380,Pick and Place
2458782, -0.581543, 0.384033, -0.667969, 18.310550, -22.460930, 45.715320,Pick and Place
2458802, -0.550537, 0.374512, -0.652954, 23.071284, -26.123040, 45.471180,Pick and Place
2458822, -0.576782, 0.356812, -0.656372, 27.893060, -30.456540, 43.884270,Pick and Place
2458842, -0.617432, 0.343872, -0.652832, 31.127924, -27.709956, 41.381820,Pick and Place
2458862, -0.532471, 0.309937, -0.677490, 34.667980, -13.793944, 39.123540,Pick and Place
2458882, -0.482544, 0.303467, -0.689453, 35.278320, -13.183590, 39.794920,Pick and Place
2458902, -0.438477, 0.298950, -0.690308, 36.987310, -21.789548, 39.917000,Pick and Place
2458922, -0.435913, 0.316406, -0.698486, 39.123540, -35.278320, 36.621100,Pick and Place
2458942, -0.538818, 0.295166, -0.716187, 44.860830, -34.851080, 28.808590,Pick and Place
2458962, -0.564942, 0.221314, -0.740112, 46.569820, -20.080560, 19.714360,Pick and Place
2458982, -0.492554, 0.186768, -0.736938, 44.860830, -16.540530, 16.967780,Pick and Place
2459002, -0.462158, 0.173584, -0.745606, 43.823240, -27.160640, 18.127448,Pick and Place
2459022, -0.500732, 0.169067, -0.771362, 42.480460, -36.560060, 16.418460,Pick and Place
2459042, -0.652222, 0.160889, -0.796143, 42.297360, -26.855464, 10.375976,Pick and Place
2459062, -0.677002, 0.097046, -0.811646, 39.794920, -2.197266, 6.347656,Pick and Place
2459082, -0.516602, 0.104980, -0.833618, 30.456540, 7.629394, 10.314940,Pick and Place
2459102, -0.516846, 0.119507, -0.845459, 27.587884, 5.004884, 13.366696,Pick and Place
2459122, -0.509400, 0.125488, -0.847778, 25.024410, 0.488281, 12.634276,Pick and Place
2459142, -0.500122, 0.136108, -0.846558, 24.291990, -5.004884, 8.911134,Pick and Place
2459162, -0.506714, 0.143188, -0.859009, 23.376460, -5.981444, 4.760742,Pick and Place
2459182, -0.522461, 0.141846, -0.860352, 21.911620, -5.920409, 3.479003,Pick and Place
2459202, -0.521118, 0.140015, -0.850464, 19.104010, -3.723144, 2.685546,Pick and Place
2459222, -0.536987, 0.164307, -0.837158, 16.845708, -0.366211, 1.647949,Pick and Place
2459242, -0.534302, 0.203857, -0.842896, 16.540530, 3.234863, 1.037598,Pick and Place
2459262, -0.559082, 0.175537, -0.872070, 16.845708, 4.638672, 0.549316,Pick and Place
2459282, -0.531616, 0.148804, -0.870606, 14.160152, 3.112792, 0.244141,Pick and Place
2459302, -0.554077, 0.174683, -0.818604, 11.230468, -3.234863, -2.075196,Pick and Place
2459322, -0.604492, 0.162964, -0.832398, 11.230468, 0.671386, -2.868652,Pick and Place
2459342, -0.577881, 0.140137, -0.834839, 9.399414, 1.892090, -1.770019,Pick and Place
2459362, -0.632324, 0.123657, -0.900635, 3.051757, -2.685546, 2.197266,Pick and Place
2459382, -0.652954, 0.154663, -0.879028, 0.427246, 4.333496, 3.479003,Pick and Place
2459402, -0.562744, 0.177246, -0.837036, 0.549316, 0.427246, -0.061035,Pick and Place
2459422, -0.592896, 0.178345, -0.813477, 3.112792, 1.220704, -1.464844,Pick and Place
2459442, -0.566040, 0.153320, -0.803589, 2.868652, 4.089356, -1.159668,Pick and Place
2459462, -0.548584, 0.172485, -0.777710, 1.037598, 0.854492, 0.183105,Pick and Place
2459482, -0.568482, 0.196777, -0.760132, 2.685546, 0.000000, 1.770019,Pick and Place
2459502, -0.555054, 0.172852, -0.756592, 2.746581, 0.305176, -1.159668,Pick and Place
2459522, -0.568237, 0.187988, -0.771118, 1.281738, -0.915527, -5.065916,Pick and Place
2459542, -0.600220, 0.187622, -0.798584, 3.112792, -1.831054, -2.807617,Pick and Place
2459562, -0.595703, 0.150391, -0.814453, 2.807617, -3.112792, -4.089356,Pick and Place
2459582, -0.606812, 0.149536, -0.804321, 2.990722, -3.295898, -5.310058,Pick and Place
2459602, -0.612061, 0.147827, -0.783936, 3.723144, -2.563476, -2.868652,Pick and Place
2459622, -0.584717, 0.144165, -0.782593, 4.333496, -0.244141, -0.488281,Pick and Place
2459642, -0.562500, 0.129150, -0.806274, 5.371092, -1.525878, 0.610352,Pick and Place
2459662, -0.563477, 0.130005, -0.824097, 5.249022, -3.479003, 0.366211,Pick and Place
2459682, -0.585083, 0.153198, -0.796265, 6.408690, -2.197266, -2.624511,Pick and Place
2459702, -0.611572, 0.154297, -0.791992, 8.300784, 10.009768, -6.835936,Pick and Place
2459722, -0.546875, 0.136597, -0.816162, 6.225584, 14.831540, -5.126952,Pick and Place
2459742, -0.531006, 0.154541, -0.836304, 5.004884, -0.610352, 0.000000,Pick and Place
2459762, -0.570190, 0.167847, -0.815918, 6.286620, -5.310058, -2.075196,Pick and Place
2459782, -0.566528, 0.160767, -0.786133, 8.117676, -0.732422, -6.652830,Pick and Place
2459802, -0.538452, 0.135986, -0.766113, 7.873534, 0.976562, -8.605960,Pick and Place
2459822, -0.554566, 0.155762, -0.778320, 5.737304, -1.037598, -8.178714,Pick and Place
2459842, -0.562744, 0.178589, -0.814820, 5.859374, -3.601074, -7.080076,Pick and Place
2459862, -0.613037, 0.133545, -0.842407, 7.507323, -3.479003, -9.460450,Pick and Place
2459882, -0.614380, 0.086914, -0.860718, 5.371092, -0.732422, -10.498044,Pick and Place
2459902, -0.565064, 0.086060, -0.859009, 1.586914, -3.051757, -7.080076,Pick and Place
2459922, -0.570923, 0.097290, -0.855835, -0.366211, -6.408690, -4.821778,Pick and Place
2459942, -0.605469, 0.080078, -0.869751, -1.892090, -5.615234, -5.187988,Pick and Place
2459962, -0.653320, 0.039063, -0.912720, -3.845214, 5.920409, -2.868652,Pick and Place
2459982, -0.558594, 0.025024, -0.895264, -9.155274, 6.713866, 0.610352,Pick and Place
2460002, -0.534302, 0.037231, -0.898438, -10.070800, 0.488281, 1.403808,Pick and Place
2460022, -0.540405, -0.000854, -0.922119, -11.962890, -1.647949, -0.732422,Pick and Place
2460042, -0.530029, -0.038086, -0.912842, -15.686032, -1.342773, -2.746581,Pick and Place
2460062, -0.524292, -0.049194, -0.878540, -20.141600, -2.380371, -3.601074,Pick and Place
2460082, -0.494019, -0.026367, -0.865601, -23.803708, -1.098633, -4.516602,Pick and Place
2460102, -0.491821, -0.028564, -0.864624, -25.573724, 0.854492, -7.263182,Pick and Place
2460122, -0.459717, -0.035522, -0.846314, -27.404780, 3.112792, -10.986324,Pick and Place
2460142, -0.422363, -0.030884, -0.794922, -29.357908, -1.708984, -15.991210,Pick and Place
2460162, -0.445435, 0.017090, -0.704346, -29.968260, -14.953610, -22.766110,Pick and Place
2460182, -0.644776, 0.087769, -0.672241, -23.498530, 9.399414, -36.254890,Pick and Place
2460202, -0.554444, 0.057739, -0.737061, -20.324700, 37.353520, -40.161120,Pick and Place
2460222, -0.459717, 0.043457, -0.796631, -21.667476, 39.672860, -37.597660,Pick and Place
2460262, -0.692749, 0.119751, -0.844971, -16.967780, 39.855960, -41.503900,Pick and Place
2460282, -0.604370, 0.134522, -0.847656, -19.897460, 59.204090, -48.767080,Pick and Place
2460302, -0.534302, 0.160645, -0.858643, -21.301268, 64.636240, -50.964340,Pick and Place
2460322, -0.508545, 0.149536, -0.862793, -23.132320, 60.791000, -50.720200,Pick and Place
2460342, -0.475586, 0.187012, -0.834839, -25.085448, 50.231920, -50.903310,Pick and Place
2460362, -0.539429, 0.241089, -0.809570, -21.179192, 48.339840, -53.833000,Pick and Place
2460382, -0.552490, 0.218506, -0.784424, -16.662600, 61.645500, -57.678220,Pick and Place
2460402, -0.315918, 0.239624, -0.728028, -18.859868, 58.837880, -57.800280,Pick and Place
2460422, -0.379272, 0.307739, -0.748535, -10.070800, 40.161120, -54.931630,Pick and Place
2460442, -0.500610, 0.284180, -0.802368, -1.953124, 37.414560, -52.001940,Pick and Place
2460462, -0.543457, 0.243042, -0.839722, 3.173828, 45.837400, -51.208480,Pick and Place
2460482, -0.489136, 0.228394, -0.853882, 4.333496, 46.874990, -48.278800,Pick and Place
2460502, -0.446899, 0.254517, -0.879150, 6.530760, 36.987310, -42.541500,Pick and Place
2460522, -0.535278, 0.223755, -0.923950, 13.305660, 28.442380, -37.536620,Pick and Place
2460542, -0.579346, 0.146118, -0.947144, 12.145992, 34.423840, -34.423840,Pick and Place
2460562, -0.491699, 0.158325, -0.954956, 6.652830, 38.024910, -30.883784,Pick and Place
2460582, -0.413330, 0.165039, -0.956055, 5.187988, 28.076170, -23.559568,Pick and Place
2460602, -0.329102, 0.171997, -0.946655, -4.943848, -3.295898, -11.413570,Pick and Place
2460622, -0.636230, 0.174805, -0.904541, 11.962890, -1.220704, -6.591796,Pick and Place
2460642, -0.465698, 0.172363, -0.915772, 3.417968, 12.268064, -3.356933,Pick and Place
2460662, -0.348389, 0.172485, -0.979736, -1.525878, 5.371092, 4.150392,Pick and Place
2460682, -0.374634, 0.199097, -0.982422, -3.845214, -6.042480, 7.080076,Pick and Place
2460702, -0.464111, 0.260254, -0.956421, 5.310058, -15.930172, 4.089356,Pick and Place
2460722, -0.595825, 0.102051, -0.913818, 13.366696, 1.525878, 1.403808,Pick and Place
2460742, -0.309204, 0.049927, -0.927612, -3.723144, 10.986324, 5.737304,Pick and Place
2460762, -0.457031, 0.160889, -0.951538, 1.464844, 3.051757, 16.174320,Pick and Place
2460782, -0.374756, 0.082764, -0.965088, -0.793457, -4.028321, 22.216790,Pick and Place
2460802, -0.484497, 0.137817, -0.963867, 1.647949, -16.906740, 24.597160,Pick and Place
2460822, -0.577393, 0.109863, -0.930176, -0.427246, -9.155274, 26.062010,Pick and Place
2460842, -0.487671, 0.163696, -0.927002, -5.737304, -7.629394, 35.156260,Pick and Place
2460862, -0.502686, 0.186157, -0.943604, -9.033204, -12.451170, 43.823240,Pick and Place
2460882, -0.468628, 0.241577, -0.935059, -7.995604, -20.324700, 49.560540,Pick and Place
2460902, -0.503174, 0.235474, -0.908447, -3.417968, -24.230950, 54.687490,Pick and Place
2460922, -0.539307, 0.221680, -0.863770, -0.305176, -17.761230, 60.607900,Pick and Place
2460942, -0.564575, 0.235107, -0.832154, 2.746581, -5.493162, 67.504900,Pick and Place
2460962, -0.500977, 0.225952, -0.850708, 5.737304, 2.197266, 72.814940,Pick and Place
2460982, -0.390381, 0.208374, -0.858154, 8.056642, -4.333496, 73.791520,Pick and Place
2461002, -0.337036, 0.188843, -0.867676, 12.084960, -18.615724, 71.716320,Pick and Place
2461022, -0.396729, 0.189331, -0.869751, 15.380856, -22.888180, 67.626960,Pick and Place
2461042, -0.441162, 0.191650, -0.850342, 18.066410, -10.192870, 64.697280,Pick and Place
2461062, -0.287232, 0.170288, -0.842529, 20.202630, 6.286620, 61.950680,Pick and Place
2461082, -0.189209, 0.182251, -0.852295, 23.071284, -2.685546, 57.128900,Pick and Place
2461102, -0.194580, 0.197632, -0.846314, 28.381340, -17.639160, 48.828120,Pick and Place
2461122, -0.317139, 0.153809, -0.817139, 37.414560, -12.512204, 36.499030,Pick and Place
2461142, -0.298706, 0.068726, -0.829590, 39.794920, 7.019042, 31.188960,Pick and Place
2461162, -0.222046, 0.014893, -0.885010, 39.794920, 16.174320, 30.761716,Pick and Place
2461182, -0.143433, -0.001709, -0.920898, 38.391120, 11.291500, 29.418940,Pick and Place
2461202, -0.157959, 0.004639, -0.917480, 41.687000, 1.403808, 22.583000,Pick and Place
2461222, -0.240479, -0.048828, -0.924316, 43.518060, 4.577638, 15.014646,Pick and Place
2461242, -0.247681, -0.079712, -0.941895, 39.428720, 13.854978, 9.887696,Pick and Place
2461262, -0.195679, -0.083252, -0.958984, 35.583500, 18.249516, 8.850100,Pick and Place
2461282, -0.160645, -0.151245, -1.019776, 28.869624, 10.070800, 8.972170,Pick and Place
2461302, -0.203125, -0.147827, -1.015747, 22.705070, 1.647949, 7.141112,Pick and Place
2461322, -0.283203, -0.101929, -0.991455, 17.883300, 1.831054, 5.065916,Pick and Place
2461342, -0.277344, -0.059204, -0.992188, 15.808104, 4.577638, 4.028321,Pick and Place
2461362, -0.248169, -0.081543, -1.026246, 15.014646, 5.859374, 4.211426,Pick and Place
2461382, -0.229370, -0.088013, -1.023804, 11.291500, -0.244141, 4.150392,Pick and Place
2461402, -0.251953, -0.057495, -0.981079, 9.643556, -5.737304, 0.976562,Pick and Place
2461422, -0.307373, -0.063721, -0.964600, 10.498044, -1.647949, -3.173828,Pick and Place
2461442, -0.286499, -0.128784, -1.015870, 6.896972, 3.784179, -2.319336,Pick and Place
2461462, -0.272705, -0.113647, -1.075074, -3.417968, 2.258301, -1.831054,Pick and Place
2461482, -0.218994, -0.024658, -1.031128, -7.873534, 4.150392, -1.525878,Pick and Place
2461502, -0.286499, -0.025269, -1.029175, -2.258301, 0.244141, -2.990722,Pick and Place
2461522, -0.266724, -0.071411, -1.031006, -8.178714, -0.183105, -1.953124,Pick and Place
2461542, -0.296631, -0.083862, -1.071289, -13.366696, -0.793457, 0.244141,Pick and Place
2461562, -0.319214, -0.139771, -1.105469, -24.169920, 5.432128, 0.183105,Pick and Place
2461582, -0.239746, -0.084839, -1.071656, -36.682140, 3.417968, -0.122070,Pick and Place
2461602, -0.244751, -0.029297, -1.053345, -40.588370, -7.446288, -1.159668,Pick and Place
2461622, -0.215698, -0.015381, -0.997314, -45.715320, -18.859868, -1.770019,Pick and Place
2461642, -0.194214, 0.055054, -0.959717, -50.109860, -29.235832, -1.220704,Pick and Place
2461662, -0.295166, 0.123535, -0.954956, -52.795400, -27.526850, -1.403808,Pick and Place
2461682, -0.244629, 0.260742, -0.947144, -54.931630, -20.874020, 0.488281,Pick and Place
2461702, -0.189697, 0.355591, -0.925537, -51.757800, -29.663080, 0.366211,Pick and Place
2461722, -0.343140, 0.340576, -0.952881, -44.921860, -48.156730, -8.056642,Pick and Place
2461742, -0.375244, 0.409302, -0.911743, -42.114250, -50.903310, -10.925290,Pick and Place
2461762, -0.375000, 0.432007, -0.842285, -34.912120, -53.222640, -10.742184,Pick and Place
2461782, -0.431763, 0.388794, -0.851196, -27.832030, -51.330560, -11.230468,Pick and Place
2461802, -0.466919, 0.361450, -0.805420, -22.399900, -49.682610, -13.000484,Pick and Place
2461822, -0.551880, 0.344238, -0.820801, -13.549804, -41.625960, -14.587400,Pick and Place
2461843, -0.561768, 0.293945, -0.806274, -6.225584, -28.686520, -16.418460,Pick and Place
2461863, -0.512207, 0.311768, -0.779419, 1.770019, -22.521970, -11.657712,Pick and Place
2461883, -0.444580, 0.296997, -0.730957, 10.131832, -29.541010, -6.652830,Pick and Place
2461903, -0.408447, 0.302490, -0.718506, 16.540530, -48.461900, -3.967285,Pick and Place
2461923, -0.489258, 0.210327, -0.713867, 25.756830, -66.955580, -11.291500,Pick and Place
2461943, -0.621582, 0.156494, -0.686402, 27.526850, -49.682610, -15.991210,Pick and Place
2461963, -0.579346, 0.122925, -0.666138, 26.611320, -27.893060, -12.023924,Pick and Place
2461983, -0.534058, 0.088257, -0.712402, 25.329584, -22.460930, -5.371092,Pick and Place
2462003, -0.544556, 0.059937, -0.787598, 21.850580, -26.611320, 0.671386,Pick and Place
2462023, -0.597046, 0.082520, -0.801758, 17.395020, -31.555170, -4.028321,Pick and Place
2462043, -0.623413, 0.087280, -0.792236, 17.761230, -28.259270, -12.145992,Pick and Place
2462063, -0.598267, 0.012817, -0.780884, 15.075680, -25.085448, -10.986324,Pick and Place
2462083, -0.728882, -0.035278, -0.872437, 10.253904, -13.366696, -5.493162,Pick and Place
2462103, -0.655518, -0.074707, -0.944458, -3.967285, 4.150392, 2.441407,Pick and Place
2462123, -0.588257, -0.094116, -1.024536, -13.122556, -6.225584, 12.939450,Pick and Place
2462143, -0.460571, 0.036499, -0.869385, -15.075680, -11.230468, 5.615234,Pick and Place
2462163, -0.539185, 0.014526, -0.904541, -17.700200, -25.329584, 1.342773,Pick and Place
2462183, -0.639282, -0.020386, -0.962280, -22.644040, -5.798338, 2.990722,Pick and Place
2462223, -0.525879, -0.024658, -0.963257, -33.813480, 8.300784, 4.272462,Pick and Place
2462243, -0.483887, -0.000977, -0.920410, -39.367680, 5.065916, -1.037598,Pick and Place
2462263, -0.423096, 0.033447, -0.889404, -44.128410, -4.760742, -6.652830,Pick and Place
2462283, -0.458130, 0.061279, -0.879761, -45.471180, -7.751464, -10.253904,Pick and Place
2462303, -0.493652, 0.059937, -0.861694, -46.386710, 3.479003, -14.404296,Pick and Place
2462323, -0.470581, 0.081177, -0.817871, -48.156730, 16.418460, -19.104010,Pick and Place
2462343, -0.434937, 0.156616, -0.785400, -49.560540, 17.089850, -24.536130,Pick and Place
2462363, -0.471558, 0.252564, -0.774414, -46.081540, 9.704590, -36.376960,Pick and Place
2462383, -0.582520, 0.232056, -0.744141, -42.358390, 20.751950, -47.180160,Pick and Place
2462403, -0.582031, 0.217285, -0.708374, -40.588370, 42.358390, -51.147450,Pick and Place
2462423, -0.499512, 0.222656, -0.723999, -40.832510, 48.706040, -45.471180,Pick and Place
2462443, -0.519654, 0.283814, -0.734986, -38.696300, 41.442860, -43.701160,Pick and Place
2462463, -0.580444, 0.313599, -0.742920, -32.897960, 38.024910, -48.400870,Pick and Place
2462483, -0.610718, 0.250855, -0.747070, -27.893060, 41.870110, -56.762680,Pick and Place
2462503, -0.508301, 0.268433, -0.694336, -30.578610, 31.249992, -57.250960,Pick and Place
2462523, -0.560425, 0.352051, -0.679321, -28.625480, 9.765626, -50.170890,Pick and Place
2462543, -0.695557, 0.359863, -0.692139, -25.756830, 1.098633, -45.959460,Pick and Place
2462563, -0.794190, 0.368530, -0.677124, -21.850580, 13.854978, -48.095700,Pick and Place
2462583, -0.705200, 0.385620, -0.670044, -19.042970, 31.616208, -41.137680,Pick and Place
2462603, -0.655029, 0.403687, -0.663086, -15.686032, 28.320310, -33.996590,Pick and Place
2462623, -0.619019, 0.388306, -0.666992, -10.498044, 18.005376, -30.639640,Pick and Place
2462643, -0.659912, 0.377197, -0.668091, -6.713866, 13.854978, -31.555170,Pick and Place
2462663, -0.651489, 0.354858, -0.648194, -2.624511, 21.606440, -31.982420,Pick and Place
2462683, -0.611328, 0.327759, -0.650757, 1.220704, 23.925780, -28.381340,Pick and Place
2462703, -0.598022, 0.267578, -0.671631, 7.751464, 14.709470, -23.864740,Pick and Place
2462723, -0.587158, 0.241577, -0.713501, 10.070800, 3.601074, -19.958500,Pick and Place
2462743, -0.599976, 0.266602, -0.711182, 13.488768, 1.037598, -18.737796,Pick and Place
2462763, -0.553345, 0.244873, -0.721192, 17.150880, -2.258301, -17.333990,Pick and Place
2462783, -0.564697, 0.177368, -0.760742, 18.310550, -6.896972, -17.211920,Pick and Place
2462803, -0.660278, 0.210205, -0.937500, 6.958006, -35.095220, -11.474608,Pick and Place
2462823, -0.638428, 0.164673, -0.917725, -0.732422, -25.390620, -9.948730,Pick and Place
2462843, -0.643311, 0.211670, -0.891602, -2.624511, -20.996090, -14.343260,Pick and Place
2462863, -0.572998, 0.152100, -0.892700, -4.638672, -20.996090, -9.704590,Pick and Place
2462883, -0.618408, 0.206421, -0.843384, -4.089356, -26.184080, -4.882814,Pick and Place
2462903, -0.690674, 0.235840, -0.770996, 1.220704, -25.878900, -1.037598,Pick and Place
2462923, -0.699951, 0.181397, -0.781494, 2.868652, -4.028321, -0.183105,Pick and Place
2462943, -0.643555, 0.175781, -0.805298, 0.061035, 7.995604, 5.126952,Pick and Place
2462963, -0.555420, 0.188477, -0.808472, -1.770019, 6.530760, 4.821778,Pick and Place
2462983, -0.517944, 0.216187, -0.780762, -0.549316, -1.525878, 2.136231,Pick and Place
2463003, -0.522339, 0.197144, -0.734375, 1.098633, -7.812498, -1.708984,Pick and Place
2463023, -0.600708, 0.141846, -0.785645, 1.037598, 1.892090, -5.004884,Pick and Place
2463043, -0.574707, 0.171509, -0.792847, -0.488281, 4.028321, -0.854492,Pick and Place
2463063, -0.557129, 0.188965, -0.786743, 1.464844, 0.732422, 1.159668,Pick and Place
2463083, -0.557739, 0.182373, -0.794434, 2.258301, -1.464844, -0.305176,Pick and Place
2463103, -0.586792, 0.182373, -0.818482, 1.037598, -0.244141, -2.746581,Pick and Place
2463123, -0.565308, 0.191650, -0.825440, -1.647949, -0.244141, -2.380371,Pick and Place
2463143, -0.584717, 0.183960, -0.794800, -1.647949, -2.990722, -1.525878,Pick and Place
2463163, -0.587891, 0.166504, -0.811402, -2.136231, -1.220704, -0.671386,Pick and Place
2463183, -0.594482, 0.150757, -0.825195, -3.295898, 0.976562, -0.610352,Pick and Place
2463203, -0.605835, 0.135742, -0.814575, -2.868652, -0.793457, -0.061035,Pick and Place
2463223, -0.639282, 0.108032, -0.837158, -4.516602, -8.544924, 1.342773,Pick and Place
2463243, -0.617798, 0.102905, -0.836914, -14.038084, -13.122556, 6.774902,Pick and Place
2463263, -0.670166, 0.147217, -0.791138, -18.432620, -25.573724, 11.047360,Pick and Place
2463283, -0.739258, 0.149536, -0.806396, -23.010250, -19.470220, 13.488768,Pick and Place
2463303, -0.766113, 0.129272, -0.818970, -30.395500, -11.474608, 20.446770,Pick and Place
2463323, -0.811035, 0.175537, -0.757446, -37.292480, -3.356933, 30.029290,Pick and Place
2463343, -0.835083, 0.257080, -0.688965, -39.794920, 16.784670, 36.499030,Pick and Place
2463363, -0.737549, 0.298828, -0.644776, -44.006340, 26.733390, 45.410140,Pick and Place
2463383, -0.770386, 0.346191, -0.629395, -44.616690, 29.663080, 55.297840,Pick and Place
2463403, -0.780274, 0.338745, -0.649658, -41.625960, 47.363270, 61.767570,Pick and Place
2463423, -0.652222, 0.437988, -0.649292, -37.414560, 63.720700, 72.265640,Pick and Place
2463443, -0.574585, 0.483521, -0.623902, -25.878900, 59.631340, 84.350560,Pick and Place
2463463, -0.462891, 0.519165, -0.644409, -4.333496, 36.499030, 92.529280,Pick and Place
2463483, -0.437134, 0.543701, -0.611938, 12.939450, 23.498530, 88.256820,Pick and Place
2463503, -0.394898, 0.547363, -0.539185, 28.259270, 5.432128, 82.641580,Pick and Place
2463523, -0.320068, 0.523438, -0.562378, 40.161120, -10.925290, 77.148440,Pick and Place
2463543, -0.261597, 0.506958, -0.640015, 52.978500, -26.184080, 70.373540,Pick and Place
2463563, -0.281738, 0.487061, -0.712769, 66.833500, -38.269050, 61.279280,Pick and Place
2463583, -0.296875, 0.481201, -0.724732, 79.040540, -42.968740, 51.208480,Pick and Place
2463603, -0.362671, 0.458740, -0.697998, 93.383760, -40.893540, 39.489750,Pick and Place
2463623, -0.413086, 0.383911, -0.727539, 97.045880, -38.146980, 29.846190,Pick and Place
2463643, -0.295044, 0.335083, -0.724854, 92.407200, -41.320790, 24.719230,Pick and Place
2463663, -0.239380, 0.318237, -0.706055, 88.867160, -55.847160, 19.287110,Pick and Place
2463683, -0.405762, 0.278931, -0.746460, 89.599600, -38.452160, 9.094240,Pick and Place
2463703, -0.535400, 0.210449, -0.830566, 87.951640, -13.488768, 6.958006,Pick and Place
2463723, -0.559204, 0.129395, -0.952637, 84.533660, 10.925290, 6.896972,Pick and Place
2463743, -0.514526, 0.065308, -1.046753, 78.247080, 30.273430, 1.037598,Pick and Place
2463763, -0.331665, 0.044678, -0.934937, 69.030760, 33.996590, -3.967285,Pick and Place
2463783, -0.237427, 0.067627, -0.842774, 64.209000, 19.470220, -3.723144,Pick and Place
2463803, -0.322144, 0.027710, -0.887573, 62.988270, 12.573240, -0.915527,Pick and Place
2463823, -0.462524, -0.043823, -1.009156, 56.701650, 27.038570, 0.915527,Pick and Place
2463843, -0.492188, -0.119141, -1.074829, 47.851560, 48.828120, 0.183105,Pick and Place
2463863, -0.251587, -0.127808, -1.051270, 35.217290, 50.048820, -0.366211,Pick and Place
2463883, -0.164551, -0.085327, -1.036011, 30.029290, 24.719230, 1.403808,Pick and Place
2463903, -0.335571, -0.037598, -0.984497, 24.780270, 12.023924, -6.835936,Pick and Place
2463923, -0.290527, -0.013428, -0.980347, 26.367180, 22.277830, -12.329100,Pick and Place
2463943, -0.174072, -0.091919, -0.965088, 24.719230, 24.536130, -13.244628,Pick and Place
2463963, -0.096802, -0.104736, -0.987549, 20.935052, 8.789064, -13.366696,Pick and Place
2463983, -0.208374, -0.189819, -1.035156, 16.662600, -5.859374, -9.765626,Pick and Place
2464003, -0.233276, -0.255249, -1.087891, 2.258301, -32.043460, 0.549316,Pick and Place
2464023, -0.511963, -0.176880, -1.171020, 0.061035, -30.456540, -0.793457,Pick and Place
2464043, -0.365356, -0.241333, -1.116333, -10.131832, -11.413570, -2.075196,Pick and Place
2464063, -0.292725, -0.136353, -1.019776, -14.953610, -11.291500, -3.967285,Pick and Place
2464083, -0.226685, -0.151855, -1.013184, -16.479492, -15.686032, -5.981444,Pick and Place
2464103, -0.283569, -0.165649, -1.046020, -20.324700, -29.968260, -8.361816,Pick and Place
2464123, -0.303101, -0.197754, -0.986694, -27.709956, -30.090330, -21.057124,Pick and Place
2464143, -0.298096, -0.209595, -0.928955, -34.912120, -26.000970, -24.841304,Pick and Place
2464163, -0.274536, -0.174316, -0.885864, -41.320790, -29.418940, -23.681636,Pick and Place
2464183, -0.334106, -0.114380, -0.901856, -44.067380, -33.203130, -23.376460,Pick and Place
2464203, -0.377564, -0.068726, -0.937012, -44.311520, -30.822750, -25.939940,Pick and Place
2464223, -0.391724, -0.050049, -0.960816, -45.349110, -21.423332, -30.944820,Pick and Place
2464243, -0.419800, -0.028442, -0.939942, -47.241200, -12.573240, -34.423840,Pick and Place
2464263, -0.435425, 0.049438, -0.898682, -48.461900, -4.211426, -36.193860,Pick and Place
2464283, -0.414185, 0.142456, -0.901245, -46.264640, -0.671386, -38.330080,Pick and Place
2464303, -0.415649, 0.141357, -0.923218, -40.954580, 1.037598, -43.029780,Pick and Place
2464323, -0.432251, 0.125855, -0.909424, -40.039070, 2.319336, -48.095700,Pick and Place
2464343, -0.545288, 0.138306, -0.819580, -36.315920, 19.714360, -50.476060,Pick and Place
2464363, -0.500488, 0.219849, -0.776001, -30.395500, 28.442380, -46.264640,Pick and Place
2464383, -0.539795, 0.166016, -0.815796, -22.460930, 36.804200, -45.776360,Pick and Place
2464403, -0.531128, 0.116699, -0.844360, -24.414060, 44.067380, -46.264640,Pick and Place
2464423, -0.450806, 0.163452, -0.820557, -24.047850, 40.283200, -44.738760,Pick and Place
2464443, -0.445435, 0.224243, -0.805786, -22.094720, 27.343748, -40.710440,Pick and Place
2464463, -0.475708, 0.278320, -0.830444, -17.028810, 16.906740, -37.658700,Pick and Place
2464483, -0.520874, 0.266602, -0.847290, -13.061520, 11.413570, -37.353520,Pick and Place
2464503, -0.542358, 0.227905, -0.839112, -11.108396, 12.878416, -37.780760,Pick and Place
2464523, -0.495239, 0.234253, -0.806396, -12.756344, 12.084960, -32.714850,Pick and Place
2464543, -0.469849, 0.298340, -0.820190, -7.446288, 6.347656, -32.348640,Pick and Place
2464563, -0.537476, 0.216553, -0.863281, -0.915527, 4.699708, -27.404780,Pick and Place
2464583, -0.593018, 0.182007, -0.888184, 1.159668, 16.601568, -25.939940,Pick and Place
2464603, -0.548950, 0.144653, -0.875122, 1.281738, 26.733390, -23.986810,Pick and Place
2464623, -0.433106, 0.165527, -0.856812, 2.197266, 23.010250, -20.751950,Pick and Place
2464643, -0.391113, 0.151855, -0.839234, 6.103514, 13.977050, -17.211920,Pick and Place
2464663, -0.432251, 0.127319, -0.863404, 5.554198, 3.906249, -14.526364,Pick and Place
2464683, -0.420166, 0.074585, -0.850952, 2.075196, -2.319336, -10.192870,Pick and Place
2464703, -0.480347, 0.162720, -0.919434, 2.563476, -9.765626, -6.164550,Pick and Place
2464723, -0.563354, 0.099731, -0.966919, 2.685546, 4.394532, -3.540038,Pick and Place
2464743, -0.487793, 0.092651, -0.963257, -2.929687, 22.033690, -3.662109,Pick and Place
2464763, -0.342285, 0.123291, -0.960694, -6.286620, 21.179192, -2.990722,Pick and Place
2464783, -0.303711, 0.079224, -0.984497, -7.385252, 5.371092, -2.807617,Pick and Place
2464803, -0.283691, 0.103394, -0.976807, -10.375976, -3.051757, -2.136231,Pick and Place
2464823, -0.323730, 0.088745, -0.991821, -11.047360, -6.469726, -1.892090,Pick and Place
2464843, -0.328858, 0.047729, -0.965820, -17.822270, -9.826660, -0.061035,Pick and Place
2464863, -0.364258, 0.080444, -0.982300, -23.559568, -10.559080, 1.464844,Pick and Place
2464883, -0.377564, 0.102295, -1.015870, -30.456540, -5.432128, 1.220704,Pick and Place
2464903, -0.295532, 0.171997, -1.000122, -36.987310, -8.850100, 1.770019,Pick and Place
2464923, -0.245361, 0.256836, -0.935425, -40.344230, -20.568840, 1.647949,Pick and Place
2464943, -0.310425, 0.308228, -0.930908, -38.818360, -36.315920, 1.098633,Pick and Place
2464963, -0.433838, 0.317871, -0.914429, -40.588370, -38.330080, -2.380371,Pick and Place
2464983, -0.437134, 0.364868, -0.886353, -39.489750, -30.578610, -4.394532,Pick and Place
2465003, -0.436157, 0.353027, -0.917603, -35.766600, -14.099120, -2.807617,Pick and Place
2465023, -0.396973, 0.336304, -0.911987, -33.630380, -15.747068, -0.122070,Pick and Place
2465043, -0.401489, 0.338257, -0.850220, -28.442380, -30.517570, 1.220704,Pick and Place
2465063, -0.449097, 0.343628, -0.779663, -21.606440, -40.649400, -1.953124,Pick and Place
2465083, -0.501953, 0.343262, -0.775146, -15.014646, -33.447270, -5.249022,Pick and Place
2465103, -0.461670, 0.315186, -0.826538, -10.498044, -23.315424, -4.638672,Pick and Place
2465123, -0.494751, 0.279175, -0.827393, -4.394532, -20.629880, -1.037598,Pick and Place
2465143, -0.449097, 0.281494, -0.808350, 0.244141, -24.658200, -1.464844,Pick and Place
2465163, -0.465454, 0.300293, -0.750854, 5.554198, -30.944820, -5.798338,Pick and Place
2465183, -0.458374, 0.304199, -0.727417, 10.681150, -28.259270, -8.361816,Pick and Place
2465203, -0.396118, 0.276001, -0.739624, 14.099120, -34.545900, -7.812498,Pick and Place
2465223, -0.529419, 0.147217, -0.782349, 18.371584, -49.438460, -10.314940,Pick and Place
2465243, -0.629639, 0.161011, -0.690552, 18.554690, -49.621580, -12.390136,Pick and Place
2465263, -0.617798, 0.177002, -0.673828, 23.193352, -37.414560, -12.756344,Pick and Place
2465283, -0.609619, 0.120605, -0.760620, 23.925780, -23.620600, -7.568358,Pick and Place
2465303, -0.672608, 0.078125, -0.815674, 21.789548, -15.258788, 1.647949,Pick and Place
2465323, -0.779541, 0.088623, -0.833374, 12.817380, 0.183105, 5.126952,Pick and Place
2465343, -0.722656, 0.151123, -0.829590, 5.187988, 20.568840, 6.164550,Pick and Place
2465363, -0.549805, 0.177368, -0.809204, 0.732422, 14.038084, 10.864256,Pick and Place
2465383, -0.590454, 0.150147, -0.926758, -2.136231, 1.647949, 19.897460,Pick and Place
2465403, -0.764282, 0.192993, -0.800904, -4.577638, 6.713866, 19.653320,Pick and Place
2465423, -0.620239, 0.229858, -0.767212, -5.798338, -1.953124, 25.146480,Pick and Place
2465443, -0.774048, 0.209717, -0.758911, -4.882814, -2.868652, 35.644540,Pick and Place
2465463, -0.705200, 0.261597, -0.743896, -5.126952, -5.126952, 42.602530,Pick and Place
2465483, -0.676148, 0.296143, -0.730957, -1.281738, -12.084960, 49.316400,Pick and Place
2465503, -0.631592, 0.329346, -0.685425, 4.272462, -20.202630, 52.551260,Pick and Place
2465523, -0.574951, 0.329346, -0.642456, 10.009768, -32.958990, 54.382320,Pick and Place
2465543, -0.571900, 0.350220, -0.629028, 15.930172, -44.372550, 55.725090,Pick and Place
2465563, -0.577148, 0.354858, -0.621704, 22.338860, -47.363270, 55.236800,Pick and Place
2465583, -0.552734, 0.356934, -0.627686, 27.832030, -44.311520, 53.039540,Pick and Place
2465603, -0.524780, 0.339844, -0.624634, 32.043460, -43.090810, 50.048820,Pick and Place
2465623, -0.534912, 0.340210, -0.631348, 36.071780, -41.870110, 45.471180,Pick and Place
2465643, -0.562988, 0.296143, -0.653931, 39.611820, -39.733900, 40.405260,Pick and Place
2465663, -0.538208, 0.254761, -0.665528, 40.893540, -30.517570, 35.278320,Pick and Place
2465683, -0.547730, 0.241699, -0.683838, 42.297360, -27.526850, 34.912120,Pick and Place
2465703, -0.538696, 0.227417, -0.734863, 41.442860, -27.221676, 33.691410,Pick and Place
2465723, -0.497559, 0.250855, -0.751099, 40.588370, -36.621100, 31.799310,Pick and Place
2465743, -0.560425, 0.234741, -0.748169, 42.724600, -43.334950, 25.024410,Pick and Place
2465763, -0.632324, 0.196045, -0.769531, 42.358390, -33.020020, 16.296390,Pick and Place
2465783, -0.588379, 0.199707, -0.784302, 39.550780, -22.155760, 11.779784,Pick and Place
2465803, -0.574341, 0.200684, -0.814331, 38.513190, -20.446770, 12.023924,Pick and Place
2465823, -0.626831, 0.169189, -0.812378, 37.719730, -13.732908, 9.887696,Pick and Place
2465843, -0.646729, 0.139893, -0.830688, 34.729010, 0.488281, 5.249022,Pick and Place
2465863, -0.684570, 0.125244, -0.874146, 30.700680, 18.554690, 3.784179,Pick and Place
2465883, -0.533325, 0.105347, -0.887207, 24.536130, 20.324700, 8.056642,Pick and Place
2465903, -0.519043, 0.103760, -0.879272, 22.888180, 10.314940, 7.873534,Pick and Place
2465923, -0.551270, 0.122070, -0.856445, 19.958500, 5.126952, 4.699708,Pick and Place
2465943, -0.558472, 0.152344, -0.819214, 19.165040, 6.225584, -0.427246,Pick and Place
2465963, -0.560791, 0.140015, -0.824219, 19.409180, 15.686032, -6.103514,Pick and Place
2465983, -0.520752, 0.094604, -0.837280, 18.188480, 21.728510, -6.896972,Pick and Place
2466003, -0.487549, 0.098999, -0.827271, 15.686032, 13.183590, -4.333496,Pick and Place
2466023, -0.547241, 0.106079, -0.814209, 16.235352, 5.615234, -4.760742,Pick and Place
2466043, -0.555786, 0.094971, -0.785767, 15.747068, 9.338380, -7.324218,Pick and Place
2466063, -0.510254, 0.084839, -0.861938, 6.225584, 4.516602, -3.051757,Pick and Place
2466083, -0.727417, 0.118530, -0.920166, 3.906249, 15.869140, -1.647949,Pick and Place
2466103, -0.570557, 0.166016, -0.878906, -2.868652, 5.615234, -3.234863,Pick and Place
2466123, -0.584473, 0.144409, -0.847412, 0.549316, -1.281738, -3.845214,Pick and Place
2466143, -0.593140, 0.163940, -0.821167, 0.793457, -3.173828, -2.380371,Pick and Place
2466163, -0.599854, 0.164795, -0.790405, 2.258301, 0.122070, -0.854492,Pick and Place
2466183, -0.599121, 0.147705, -0.789795, 2.258301, 5.004884, -0.244141,Pick and Place
2466203, -0.588379, 0.143066, -0.796753, 1.892090, 6.835936, -1.037598,Pick and Place
2466223, -0.565796, 0.158936, -0.793701, 0.366211, 1.525878, -0.549316,Pick and Place
2466243, -0.587646, 0.160278, -0.797974, 2.014160, -1.892090, -0.793457,Pick and Place
2466263, -0.596924, 0.145142, -0.797608, 1.342773, -0.061035, -1.159668,Pick and Place
2466283, -0.580322, 0.140381, -0.792358, 0.000000, 2.136231, -0.427246,Pick and Place
2466303, -0.570801, 0.173828, -0.794922, -0.122070, -0.122070, 1.098633,Pick and Place
2466323, -0.587891, 0.140259, -0.825195, 2.197266, -2.990722, 0.610352,Pick and Place
2466343, -0.579224, 0.127930, -0.815796, 1.953124, -3.479003, -1.403808,Pick and Place
2466363, -0.510986, 0.141235, -0.778320, 2.075196, -10.192870, -2.441407,Pick and Place
2466383, -0.573608, 0.179199, -0.764526, 2.197266, -12.329100, -2.197266,Pick and Place
2466403, -0.604736, 0.153564, -0.787110, 2.990722, -7.446288, -0.549316,Pick and Place
2466423, -0.628906, 0.136108, -0.807862, 2.624511, -0.122070, -1.037598,Pick and Place
2466443, -0.599976, 0.114136, -0.818482, 1.770019, 3.845214, -1.831054,Pick and Place
2466463, -0.591064, 0.129395, -0.804444, -0.122070, 6.896972, -1.647949,Pick and Place
2466483, -0.562866, 0.186768, -0.798218, -0.427246, 2.807617, -0.244141,Pick and Place
2466503, -0.580933, 0.192017, -0.816650, 3.051757, 0.183105, -0.549316,Pick and Place
2466523, -0.577515, 0.177856, -0.796021, 4.699708, 0.549316, -1.159668,Pick and Place
2466543, -0.567871, 0.204956, -0.751587, 5.187988, 4.150392, -1.831054,Pick and Place
2466563, -0.565796, 0.164795, -0.801880, 5.615234, 5.126952, -2.319336,Pick and Place
2466583, -0.564575, 0.131714, -0.870484, 2.929687, 3.479003, -3.417968,Pick and Place
2466603, -0.574097, 0.097900, -0.869751, 1.342773, -2.441407, -3.906249,Pick and Place
2466623, -0.599487, 0.062134, -0.849732, -1.098633, -4.821778, -2.502442,Pick and Place
2466643, -0.620606, 0.052612, -0.879272, -3.173828, -1.403808, -0.061035,Pick and Place
2466663, -0.628418, -0.000610, -0.931274, -5.859374, 4.577638, 3.417968,Pick and Place
2466683, -0.596436, -0.051270, -0.966675, -12.390136, 4.943848, 5.126952,Pick and Place
2466703, -0.532715, -0.059448, -0.960571, -20.263670, 1.159668, 5.310058,Pick and Place
2466723, -0.503662, -0.061768, -0.939453, -27.221676, -3.417968, 4.699708,Pick and Place
2466743, -0.474365, -0.063599, -0.929199, -31.249992, 0.122070, 2.197266,Pick and Place
2466763, -0.374756, -0.030518, -0.916504, -37.902840, 14.526364, -5.615234,Pick and Place
2466783, -0.341187, 0.053223, -0.895020, -41.381820, 24.536130, -14.587400,Pick and Place
2466803, -0.318359, 0.141602, -0.878540, -41.137680, 29.479976, -26.733390,Pick and Place
2466823, -0.352783, 0.162842, -0.867310, -38.269050, 32.836920, -42.236320,Pick and Place
2466843, -0.386841, 0.163452, -0.807617, -36.621100, 40.161120, -58.532700,Pick and Place
2466863, -0.308472, 0.144409, -0.654419, -34.912120, 35.461430, -68.603540,Pick and Place
2466883, -0.351440, 0.147583, -0.582886, -33.203130, 16.784670, -72.082540,Pick and Place
2466903, -0.596558, 0.181030, -0.691528, -31.982420, 11.901852, -70.983900,Pick and Place
2466923, -0.685669, 0.187744, -0.791382, -30.029290, 28.320310, -70.068360,Pick and Place
2466943, -0.650513, 0.183838, -0.842529, -25.268550, 43.334950, -69.091800,Pick and Place
2466963, -0.656006, 0.164551, -0.817749, -21.362300, 49.438460, -65.429700,Pick and Place
2466983, -0.676270, 0.209473, -0.787232, -17.028810, 54.809560, -60.607900,Pick and Place
2467003, -0.698120, 0.246216, -0.839600, -12.512204, 65.612800, -57.922360,Pick and Place
2467023, -0.650513, 0.244019, -0.884644, -8.972170, 75.744640, -52.001940,Pick and Place
2467043, -0.622314, 0.228516, -0.887695, -4.943848, 78.796400, -46.569820,Pick and Place
2467063, -0.589234, 0.258423, -0.842041, -3.173828, 76.782240, -44.982900,Pick and Place
2467083, -0.510376, 0.304810, -0.807617, 1.770019, 64.453140, -44.128410,Pick and Place
2467103, -0.539185, 0.325073, -0.798218, 9.338380, 52.307120, -43.273920,Pick and Place
2467123, -0.540650, 0.283569, -0.789673, 15.319820, 48.706040, -39.855960,Pick and Place
2467143, -0.467651, 0.244385, -0.772583, 17.517090, 44.006340, -32.287600,Pick and Place
2467163, -0.447632, 0.224609, -0.788208, 19.409180, 37.170420, -22.949216,Pick and Place
2467183, -0.458740, 0.237061, -0.794678, 21.301268, 33.386240, -15.197750,Pick and Place
2467203, -0.419922, 0.177368, -0.825073, 28.503410, 31.494136, -13.061520,Pick and Place
2467223, -0.336060, 0.105225, -0.825073, 24.719230, 25.146480, -9.521484,Pick and Place
2467243, -0.236328, 0.074707, -0.873657, 18.920900, 8.300784, -1.770019,Pick and Place
2467263, -0.300537, 0.147827, -0.953247, 7.507323, -28.198240, 3.723144,Pick and Place
2467283, -0.652710, 0.092651, -0.983276, 18.981940, -18.066410, 3.601074,Pick and Place
2467303, -0.476929, 0.071899, -1.067749, 1.647949, 13.305660, -1.281738,Pick and Place
2467323, -0.312500, 0.098999, -1.071656, 0.671386, 14.038084, 0.488281,Pick and Place
2467343, -0.295776, 0.092285, -1.021973, -0.549316, 7.324218, 5.065916,Pick and Place
2467363, -0.230347, 0.160889, -0.982300, 1.892090, -10.681150, 6.896972,Pick and Place
2467383, -0.383911, 0.078003, -0.943726, 11.718748, -15.441892, 8.666994,Pick and Place
2467403, -0.429443, 0.014404, -0.934448, 7.812498, 3.845214, 10.009768,Pick and Place
2467423, -0.315308, 0.082642, -1.003052, 1.403808, 5.310058, 18.005376,Pick and Place
2467443, -0.339111, 0.029907, -1.031616, 2.258301, 0.183105, 18.981940,Pick and Place
2467463, -0.384399, 0.079834, -1.001709, -1.464844, -9.399414, 20.507810,Pick and Place
2467483, -0.422119, 0.105469, -0.974365, -1.098633, -15.258788, 23.376460,Pick and Place
2467503, -0.486816, 0.105591, -0.971070, -4.943848, -14.709470, 28.625480,Pick and Place
2467523, -0.539673, 0.120361, -0.974365, -7.202148, -9.216310, 36.682140,Pick and Place
2467543, -0.527710, 0.134522, -0.974732, -8.056642, -2.868652, 45.104970,Pick and Place
2467563, -0.461914, 0.138550, -0.968140, -7.629394, -2.868652, 53.649900,Pick and Place
2467583, -0.407837, 0.157471, -0.943604, -7.446288, -10.498044, 61.157220,Pick and Place
2467603, -0.366699, 0.197388, -0.914551, -5.187988, -26.000970, 64.025900,Pick and Place
2467623, -0.363770, 0.229248, -0.881592, -1.159668, -38.818360, 62.316880,Pick and Place
2467643, -0.409180, 0.231934, -0.836548, 6.652830, -33.325200, 61.035140,Pick and Place
2467663, -0.412476, 0.207275, -0.828125, 10.375976, -19.775390, 61.218250,Pick and Place
2467683, -0.372681, 0.181519, -0.822876, 12.084960, -6.408690, 61.950680,Pick and Place
2467703, -0.308106, 0.181519, -0.816650, 13.977050, -1.342773, 60.729970,Pick and Place
2467723, -0.271118, 0.191772, -0.825928, 19.165040, -4.699708, 57.434080,Pick and Place
2467743, -0.284058, 0.177490, -0.834229, 25.024410, -7.080076, 54.016100,Pick and Place
2467763, -0.328491, 0.129272, -0.841431, 30.883784, -0.793457, 52.185050,Pick and Place
2467783, -0.307129, 0.061768, -0.853516, 30.700680, 10.437010, 51.025380,Pick and Place
2467803, -0.234741, 0.059082, -0.869019, 28.686520, 12.756344, 49.560540,Pick and Place
2467823, -0.189331, 0.088867, -0.890747, 28.686520, 5.187988, 44.372550,Pick and Place
2467843, -0.176270, 0.089111, -0.918823, 31.127924, -5.187988, 37.536620,Pick and Place
2467863, -0.241211, 0.044189, -0.942139, 34.301760, -6.286620, 28.686520,Pick and Place
2467883, -0.296753, -0.012085, -0.932129, 32.531740, 2.807617, 26.550290,Pick and Place
2467903, -0.232056, -0.004395, -0.908203, 30.639640, 7.629394, 25.573724,Pick and Place
2467923, -0.160034, -0.003784, -0.934814, 29.663080, 2.746581, 23.559568,Pick and Place
2467943, -0.184937, -0.001709, -0.972290, 28.808590, -4.760742, 18.493652,Pick and Place
2467963, -0.285645, -0.044189, -0.995117, 29.724120, -2.075196, 11.962890,Pick and Place
2467983, -0.304443, -0.081909, -0.984986, 25.146480, 8.239746, 8.361816,Pick and Place
2468003, -0.229736, -0.055908, -0.977295, 19.531250, 13.916012, 8.239746,Pick and Place
2468023, -0.143555, -0.020142, -0.980347, 17.578130, 7.019042, 8.972170,Pick and Place
2468043, -0.170532, -0.035156, -1.001099, 18.554690, -6.164550, 6.469726,Pick and Place
2468063, -0.254517, -0.065552, -0.999878, 16.113284, -10.192870, 1.525878,Pick and Place
2468083, -0.311279, -0.062622, -0.999268, 12.329100, -1.647949, -1.770019,Pick and Place
2468103, -0.268311, -0.074585, -0.976685, 9.643556, 0.366211, -1.159668,Pick and Place
2468123, -0.253906, -0.085693, -0.981568, 7.934570, -4.943848, -0.366211,Pick and Place
2468143, -0.309692, -0.114014, -0.978394, 6.530760, -7.324218, 0.000000,Pick and Place
2468163, -0.338379, -0.136230, -1.018677, 0.366211, -5.859374, 2.319336,Pick and Place
2468183, -0.366821, -0.082520, -1.042358, -5.187988, 2.868652, 3.234863,Pick and Place
2468203, -0.378418, -0.130981, -1.076660, -7.385252, 11.901852, 3.417968,Pick and Place
2468223, -0.338257, -0.106689, -1.049561, -16.113284, 24.108880, 1.281738,Pick and Place
2468243, -0.235230, -0.059082, -1.041870, -21.667476, 24.963376, 2.075196,Pick and Place
2468263, -0.190186, -0.021362, -1.023438, -26.123040, 14.892576, 3.234863,Pick and Place
2468283, -0.190918, -0.007202, -1.008912, -28.686520, 3.601074, 2.502442,Pick and Place
2468303, -0.305054, -0.007446, -1.038086, -33.142100, 12.329100, -1.647949,Pick and Place
2468323, -0.172485, 0.019043, -1.025513, -39.978040, 11.047360, -0.061035,Pick and Place
2468343, -0.146484, 0.093018, -0.971802, -42.114250, -6.713866, 0.488281,Pick and Place
2468363, -0.223389, 0.153198, -0.956177, -40.893540, -14.160152, -1.220704,Pick and Place
2468383, -0.276611, 0.196777, -0.998413, -42.175280, -7.568358, -2.258301,Pick and Place
2468403, -0.255493, 0.228394, -1.011230, -43.823240, -4.150392, 0.671386,Pick and Place
2468423, -0.170532, 0.304443, -0.929566, -45.471180, -17.822270, 1.525878,Pick and Place
2468443, -0.228394, 0.386597, -0.905396, -40.344230, -35.583500, 0.915527,Pick and Place
2468463, -0.336182, 0.355713, -0.903931, -35.461430, -36.010750, -2.868652,Pick and Place
2468483, -0.368652, 0.370972, -0.927246, -34.057620, -23.010250, -5.554198,Pick and Place
2468503, -0.324097, 0.377808, -0.901612, -28.808590, -14.465330, -4.882814,Pick and Place
2468523, -0.249390, 0.383057, -0.815674, -20.446770, -38.696300, -5.798338,Pick and Place
2468543, -0.380493, 0.346069, -0.797730, -11.352536, -45.898430, -11.962890,Pick and Place
2468563, -0.440430, 0.303223, -0.791870, -7.141112, -32.958990, -17.639160,Pick and Place
2468583, -0.440308, 0.300659, -0.816162, -0.976562, -20.324700, -15.869140,Pick and Place
2468603, -0.414063, 0.276733, -0.813721, 7.141112, -22.399900, -13.061520,Pick and Place
2468623, -0.336792, 0.257080, -0.842041, 12.634276, -43.395980, -12.634276,Pick and Place
2468643, -0.433228, 0.225220, -0.800293, 16.601568, -60.424800, -19.958500,Pick and Place
2468663, -0.477905, 0.195313, -0.774414, 18.432620, -58.410640, -21.240230,Pick and Place
2468683, -0.508179, 0.158936, -0.807862, 18.249516, -50.659170, -20.019532,Pick and Place
2468703, -0.527832, 0.145508, -0.839600, 18.981940, -41.931140, -14.587400,Pick and Place
2468723, -0.432373, 0.156616, -0.801636, 16.296390, -53.100580, -8.605960,Pick and Place
2468743, -0.477905, 0.164063, -0.780029, 17.456060, -77.697760, -12.878416,Pick and Place
2468763, -0.570557, 0.167847, -0.744629, 15.441892, -71.289060, -19.287110,Pick and Place
2468783, -0.727783, 0.140991, -0.778687, 19.104010, -34.790040, -22.888180,Pick and Place
2468803, -0.666016, 0.057373, -0.805908, 17.150880, 0.305176, -17.578130,Pick and Place
2468823, -0.534302, 0.029663, -0.843262, 12.512204, 7.629394, -6.652830,Pick and Place
2468843, -0.538574, 0.014893, -0.892334, 7.019042, -2.380371, -0.366211,Pick and Place
2468863, -0.548950, -0.027710, -0.940186, 0.549316, -14.770504, -1.220704,Pick and Place
2468883, -0.662476, -0.043335, -0.934570, -0.915527, -28.930660, -4.882814,Pick and Place
2468903, -0.594727, -0.052612, -0.927490, -9.704590, -16.906740, -2.990722,Pick and Place
2468923, -0.575684, -0.070557, -0.960816, -12.329100, 2.441407, -2.441407,Pick and Place
2468943, -0.472900, -0.073608, -0.966064, -22.216790, 2.990722, 6.347656,Pick and Place
2468963, -0.567505, -0.023071, -1.011963, -25.390620, 1.647949, 6.042480,Pick and Place
2468983, -0.479248, 0.053955, -1.016846, -27.648920, 11.413570, 1.403808,Pick and Place
2469003, -0.468628, 0.039185, -1.009766, -28.137200, 18.432620, -3.112792,Pick and Place
2469023, -0.385132, 0.020020, -0.957764, -31.738280, 17.700200, -6.652830,Pick and Place
2469043, -0.392212, 0.011719, -0.920532, -33.752440, 10.681150, -10.314940,Pick and Place
2469063, -0.439697, 0.026611, -0.895508, -36.315920, 10.986324, -15.502928,Pick and Place
2469083, -0.427734, 0.082764, -0.887940, -38.085940, 15.014646, -19.958500,Pick and Place
2469103, -0.442871, 0.123169, -0.882568, -36.743170, 16.967780, -24.780270,Pick and Place
2469123, -0.465576, 0.135620, -0.879028, -35.217290, 21.240230, -30.395500,Pick and Place
2469143, -0.457398, 0.138306, -0.828736, -35.034180, 25.024410, -36.193860,Pick and Place
2469163, -0.455566, 0.187622, -0.750488, -37.292480, 24.230950, -40.100100,Pick and Place
2469183, -0.492554, 0.226563, -0.745484, -35.400400, 22.644040, -43.640120,Pick and Place
2469203, -0.519409, 0.198853, -0.782593, -35.461430, 22.155760, -45.532220,Pick and Place
2469223, -0.534546, 0.222900, -0.774414, -33.752440, 18.920900, -47.912590,Pick and Place
2469243, -0.549316, 0.253540, -0.738648, -32.592780, 18.920900, -49.926750,Pick and Place
2469263, -0.520630, 0.301758, -0.715210, -30.029290, 14.831540, -50.354000,Pick and Place
2469283, -0.560303, 0.289551, -0.707642, -26.245110, 12.695310, -51.086420,Pick and Place
2469303, -0.576782, 0.299561, -0.700318, -25.207516, 14.648436, -51.147450,Pick and Place
2469323, -0.590210, 0.316650, -0.679566, -21.362300, 13.244628, -50.415030,Pick and Place
2469343, -0.640137, 0.310425, -0.681396, -16.479492, 15.502928, -49.743640,Pick and Place
2469363, -0.623291, 0.287842, -0.673828, -13.793944, 16.174320, -47.790520,Pick and Place
2469383, -0.643921, 0.290772, -0.659912, -10.620116, 10.131832, -43.701160,Pick and Place
2469403, -0.666748, 0.295044, -0.635864, -6.225584, 2.563476, -38.696300,Pick and Place
2469423, -0.694336, 0.287232, -0.657471, 1.403808, 2.868652, -31.372068,Pick and Place
2469443, -0.672119, 0.270630, -0.677979, 3.234863, 3.906249, -26.123040,Pick and Place
2469463, -0.636475, 0.274292, -0.678345, 5.554198, 0.854492, -22.094720,Pick and Place
2469483, -0.622070, 0.263306, -0.696045, 8.483890, -4.089356, -20.324700,Pick and Place
2469503, -0.627686, 0.230103, -0.740479, 10.498044, -5.371092, -19.836430,Pick and Place
2469523, -0.566162, 0.184082, -0.786377, 2.014160, -14.709470, -13.000484,Pick and Place
2469543, -0.842774, 0.198975, -0.963623, -0.732422, -20.446770, -8.728030,Pick and Place
2469563, -0.702271, 0.165039, -0.917603, -10.681150, 0.671386, -3.356933,Pick and Place
2469583, -0.594849, 0.275024, -0.887818, -8.300784, -8.666994, -3.906249,Pick and Place
2469603, -0.600708, 0.235107, -0.824463, -4.211426, -12.390136, -0.915527,Pick and Place
2469623, -0.583740, 0.231323, -0.774536, -1.770019, -12.451170, -1.586914,Pick and Place
2469643, -0.591675, 0.164551, -0.803833, 1.342773, 1.647949, -0.732422,Pick and Place
2469663, -0.567017, 0.141113, -0.847900, -2.197266, 9.643556, 4.089356,Pick and Place
2469683, -0.562378, 0.124512, -0.875244, -3.356933, 4.394532, 8.605960,Pick and Place
2469703, -0.595825, 0.099976, -0.843994, -3.967285, -5.676268, 9.887696,Pick and Place
2469723, -0.578980, 0.109131, -0.824341, -10.559080, -12.268064, 7.873534,Pick and Place
2469743, -0.663940, 0.125977, -0.840210, -14.343260, -21.057124, 8.850100,Pick and Place
2469763, -0.680786, 0.134766, -0.841919, -21.240230, -15.014646, 15.319820,Pick and Place
2469783, -0.697876, 0.156860, -0.786011, -26.855464, -16.357424, 22.216790,Pick and Place
2469803, -0.843628, 0.232788, -0.723389, -29.174800, -0.122070, 27.038570,Pick and Place
2469823, -0.807007, 0.265991, -0.660645, -29.907220, 28.076170, 32.226570,Pick and Place
2469843, -0.679199, 0.278809, -0.710816, -31.616208, 38.330080, 43.212880,Pick and Place
2469863, -0.664429, 0.343140, -0.792969, -32.470710, 27.282710, 60.363760,Pick and Place
2469883, -0.660400, 0.374756, -0.704224, -28.686520, 31.677240, 63.415520,Pick and Place
2469903, -0.557862, 0.423706, -0.627808, -25.512690, 35.278320, 62.988270,Pick and Place
2469923, -0.590088, 0.392334, -0.624512, -19.958500, 36.193860, 66.345240,Pick and Place
2469943, -0.559326, 0.364380, -0.750732, -14.587400, 47.729480, 74.768080,Pick and Place
2469963, -0.451294, 0.421509, -0.735596, -5.493162, 45.959460, 84.350560,Pick and Place
2469983, -0.385742, 0.467774, -0.686768, 7.324218, 32.714850, 88.562000,Pick and Place
2470003, -0.309082, 0.503784, -0.637451, 19.531250, 9.277344, 86.425760,Pick and Place
2470023, -0.340820, 0.538330, -0.563599, 32.104500, -4.577638, 76.904300,Pick and Place
2470043, -0.263916, 0.513306, -0.588379, 42.297360, -10.803220, 68.969740,Pick and Place
2470063, -0.215942, 0.471436, -0.674561, 52.124020, -19.897460, 62.927240,Pick and Place
2470083, -0.225830, 0.420532, -0.830933, 70.251480, -22.583000, 53.222640,Pick and Place
2470103, -0.195557, 0.423950, -0.828736, 80.322260, -22.338860, 42.846670,Pick and Place
2470123, -0.270386, 0.410034, -0.803833, 90.637200, -25.146480, 32.226570,Pick and Place
2470143, -0.261475, 0.320068, -0.795898, 94.970680, -23.986810, 20.446770,Pick and Place
2470163, -0.138428, 0.291016, -0.821655, 93.872060, -28.625480, 11.657712,Pick and Place
2470183, -0.227295, 0.241699, -0.899414, 92.773420, -38.146980, 7.324218,Pick and Place
2470223, -0.400635, 0.097412, -0.899414, 89.050260, -37.780760, -4.089356,Pick and Place
2470243, -0.470703, 0.042358, -0.929321, 84.167460, -12.695310, -16.113284,Pick and Place
2470263, -0.286377, -0.005371, -0.923340, 73.852540, 8.544924, -17.883300,Pick and Place
2470283, -0.132202, -0.060791, -0.924805, 65.673840, -1.098633, -11.413570,Pick and Place
2470303, -0.438599, -0.080688, -1.009400, 55.114740, -12.817380, -4.028321,Pick and Place
2470323, -0.586670, -0.159302, -1.057862, 48.583980, 13.061520, -7.751464,Pick and Place
2470343, -0.405762, -0.167603, -1.045532, 35.705570, 34.729010, -8.850100,Pick and Place
2470363, -0.218628, -0.125000, -1.037354, 26.916500, 28.686520, -6.103514,Pick and Place
2470383, -0.173340, -0.076660, -1.018677, 21.362300, 4.333496, -3.112792,Pick and Place
2470403, -0.275146, -0.031128, -0.995606, 21.606440, -7.446288, -8.483890,Pick and Place
2470423, -0.341919, -0.078735, -1.012940, 21.667476, -1.281738, -15.502928,Pick and Place
2470443, -0.335449, -0.160278, -1.042480, 15.319820, 5.126952, -15.808104,Pick and Place
2470463, -0.273071, -0.229370, -1.158936, -0.610352, 5.310058, -5.432128,Pick and Place
2470483, -0.330322, -0.126587, -1.146973, -9.399414, -17.150880, 0.671386,Pick and Place
2470503, -0.333862, -0.117310, -1.137329, -4.394532, -18.981940, -0.732422,Pick and Place
2470523, -0.461792, -0.197632, -1.029541, -8.850100, -18.920900, -5.187988,Pick and Place
2470543, -0.409302, -0.162109, -1.037232, -11.840818, 5.615234, -6.469726,Pick and Place
2470563, -0.267334, -0.209229, -1.020142, -19.714360, -3.845214, -3.417968,Pick and Place
2470583, -0.304566, -0.186646, -0.965088, -24.658200, -8.056642, -6.835936,Pick and Place
2470603, -0.336426, -0.168213, -0.940796, -28.320310, -10.192870, -11.047360,Pick and Place
2470623, -0.345947, -0.129639, -0.941406, -33.935560, -5.737304, -11.840818,Pick and Place
2470643, -0.306274, -0.112427, -0.970825, -36.376960, -1.647949, -15.197750,Pick and Place
2470663, -0.263550, -0.112915, -0.950073, -40.039070, -4.943848, -19.287110,Pick and Place
2470683, -0.267090, -0.049072, -0.916138, -44.494620, -13.916012, -24.230950,Pick and Place
2470703, -0.338623, 0.012573, -0.899902, -44.189440, -17.822270, -30.029290,Pick and Place
2470723, -0.367066, 0.024536, -0.896240, -43.029780, -15.747068, -35.949720,Pick and Place
2470743, -0.416382, -0.041260, -0.905884, -44.067380, -4.699708, -40.893540,Pick and Place
2470763, -0.378906, 0.010376, -0.843506, -46.752920, -0.244141, -39.672860,Pick and Place
2470783, -0.422852, 0.117188, -0.844482, -44.677720, -2.380371, -38.696300,Pick and Place
2470803, -0.456909, 0.109131, -0.876343, -39.184580, -3.173828, -42.358390,Pick and Place
2470823, -0.484131, 0.094849, -0.867676, -38.940440, -3.845214, -46.325680,Pick and Place
2470843, -0.507324, 0.137207, -0.826904, -35.156260, 0.732422, -48.278800,Pick and Place
2470863, -0.481812, 0.172607, -0.777588, -32.348640, 8.239746, -44.555660,Pick and Place
2470883, -0.475464, 0.261108, -0.784302, -27.038570, 9.521484, -39.611820,Pick and Place
2470903, -0.506836, 0.227661, -0.820801, -18.371584, 11.779784, -40.954580,Pick and Place
2470923, -0.552368, 0.207031, -0.829468, -15.563964, 17.089850, -42.846670,Pick and Place
2470943, -0.526123, 0.216797, -0.760742, -13.671872, 22.949216, -41.687000,Pick and Place
2470963, -0.481812, 0.262940, -0.800781, -9.887696, 19.409180, -32.226570,Pick and Place
2470983, -0.452881, 0.237915, -0.866821, -8.056642, 14.709470, -30.517570,Pick and Place
2471003, -0.502930, 0.217407, -0.885986, -6.347656, 11.352536, -32.348640,Pick and Place
2471023, -0.539673, 0.228516, -0.869385, -6.042480, 13.183590, -32.226570,Pick and Place
2471043, -0.501343, 0.260864, -0.863770, -5.554198, 17.028810, -32.287600,Pick and Place
2471063, -0.473389, 0.255371, -0.896973, -0.183105, 13.366696, -28.625480,Pick and Place
2471083, -0.513062, 0.192261, -0.923096, 1.403808, 11.718748, -26.123040,Pick and Place
2471103, -0.522217, 0.170288, -0.866089, 1.159668, 16.662600, -27.221676,Pick and Place
2471123, -0.453247, 0.176270, -0.781616, 4.150392, 21.484370, -26.306150,Pick and Place
2471143, -0.435425, 0.126343, -0.819336, 5.798338, 21.484370, -22.155760,Pick and Place
2471163, -0.394653, 0.082397, -0.937744, 0.061035, 10.559080, -17.395020,Pick and Place
2471183, -0.422119, 0.057373, -0.981079, -2.807617, 6.225584, -18.127448,Pick and Place
2471203, -0.438355, 0.094482, -0.943115, -3.601074, 12.451170, -19.592290,Pick and Place
2471223, -0.390625, 0.121216, -0.931519, -3.967285, 16.357424, -17.395020,Pick and Place
2471243, -0.311768, 0.142578, -0.915405, -1.892090, 8.117676, -13.793944,Pick and Place
2471263, -0.269775, 0.130371, -0.890869, -2.136231, -10.742184, -12.207030,Pick and Place
2471283, -0.422241, 0.130127, -0.911621, 1.403808, -15.441892, -12.145992,Pick and Place
2471303, -0.482544, 0.073853, -0.920410, -2.014160, 0.122070, -9.338380,Pick and Place
2471323, -0.424561, 0.099243, -0.948120, -6.469726, 7.629394, -3.601074,Pick and Place
2471343, -0.434814, 0.093750, -0.939453, -4.760742, 7.934570, -0.976562,Pick and Place
2471363, -0.442627, 0.081787, -0.933228, -5.859374, 11.413570, -0.854492,Pick and Place
2471383, -0.399536, 0.089111, -0.927490, -7.385252, 12.634276, -1.098633,Pick and Place
2471403, -0.298462, 0.105835, -0.949097, -8.789064, 5.371092, 1.220704,Pick and Place
2471423, -0.251099, 0.111084, -0.928833, -10.498044, -11.657712, 4.028321,Pick and Place
2471443, -0.369751, 0.125855, -0.932617, -9.338380, -20.446770, 5.554198,Pick and Place
2471463, -0.424316, 0.112061, -0.958740, -11.779784, -12.634276, 2.807617,Pick and Place
2471483, -0.370483, 0.124878, -0.968140, -16.174320, -1.892090, 1.098633,Pick and Place
2471503, -0.264282, 0.149292, -0.952271, -18.981940, -5.126952, 1.403808,Pick and Place
2471523, -0.283569, 0.188477, -0.945190, -20.141600, -17.395020, 0.122070,Pick and Place
2471543, -0.331909, 0.192261, -0.924316, -19.836430, -21.240230, -3.173828,Pick and Place
2471563, -0.294800, 0.214478, -0.877930, -23.742670, -25.573724, -4.455568,Pick and Place
2471583, -0.385620, 0.212158, -0.899170, -22.949216, -28.198240, -3.601074,Pick and Place
2471603, -0.464600, 0.168823, -0.952271, -28.503410, -17.456060, -3.540038,Pick and Place
2471623, -0.341553, 0.258179, -0.879517, -32.531740, -21.911620, -0.183105,Pick and Place
2471643, -0.390015, 0.236938, -0.881348, -26.977532, -38.269050, 1.342773,Pick and Place
2471663, -0.442871, 0.241577, -0.865356, -32.226570, -48.034660, 1.220704,Pick and Place
2471683, -0.473999, 0.326294, -0.817627, -28.259270, -49.011220, -1.892090,Pick and Place
2471703, -0.451782, 0.336548, -0.854126, -22.216790, -33.691410, -7.324218,Pick and Place
2471723, -0.411011, 0.270508, -0.886841, -18.127448, -30.212400, -7.019042,Pick and Place
2471743, -0.459717, 0.272217, -0.855469, -12.878416, -45.043940, -5.249022,Pick and Place
2471763, -0.480957, 0.281616, -0.813599, -4.089356, -54.077140, -8.056642,Pick and Place
2471783, -0.521362, 0.265869, -0.807129, 3.723144, -50.170890, -13.122556,Pick and Place
2471803, -0.576660, 0.225220, -0.805054, 10.742184, -31.311030, -17.395020,Pick and Place
2471823, -0.489868, 0.197266, -0.769165, 13.977050, -24.963376, -14.038084,Pick and Place
2471843, -0.465332, 0.188965, -0.688477, 16.662600, -49.804680, -6.530760,Pick and Place
2471863, -0.466431, 0.194336, -0.680176, 19.531250, -75.805680, -7.629394,Pick and Place
2471883, -0.760620, 0.134766, -0.726074, 21.667476, -64.697280, -12.329100,Pick and Place
2471903, -0.834961, 0.052490, -0.735230, 17.150880, -18.188480, -14.404296,Pick and Place
2471923, -0.619385, 0.096313, -0.745728, 7.080076, 6.164550, -7.873534,Pick and Place
2471943, -0.569336, 0.160400, -0.744507, 5.493162, 4.150392, 4.333496,Pick and Place
2471963, -0.640015, 0.162598, -0.820068, 7.141112, -4.272462, 10.864256,Pick and Place
2471983, -0.703247, 0.119751, -0.850342, 5.798338, -0.793457, 7.873534,Pick and Place
2472003, -0.687622, 0.130371, -0.867066, 1.586914, 5.004884, 3.540038,Pick and Place
2472023, -0.617676, 0.111206, -0.845581, -2.807617, -4.211426, 6.713866,Pick and Place
2472043, -0.688599, 0.193848, -0.752686, -1.525878, -14.404296, 9.033204,Pick and Place
2472063, -0.765381, 0.186646, -0.704956, -0.610352, -10.131832, 10.864256,Pick and Place
2472083, -0.759278, 0.186523, -0.745728, -3.723144, 1.770019, 17.517090,Pick and Place
2472103, -0.749268, 0.222046, -0.751465, -6.042480, -0.183105, 24.841304,Pick and Place
2472123, -0.744019, 0.272705, -0.727295, -4.150392, -6.713866, 28.808590,Pick and Place
2472143, -0.719116, 0.294922, -0.688965, -0.183105, -13.488768, 31.188960,Pick and Place
2472163, -0.726318, 0.329834, -0.658692, 4.028321, -20.324700, 34.179700,Pick and Place
2472183, -0.735230, 0.327759, -0.646118, 8.666994, -21.057124, 37.475590,Pick and Place
2472203, -0.716553, 0.329346, -0.609863, 11.413570, -18.981940, 40.771480,Pick and Place
2472223, -0.707764, 0.335327, -0.618774, 15.869140, -16.723632, 42.541500,Pick and Place
2472243, -0.702393, 0.310913, -0.645508, 21.118160, -10.314940, 43.945300,Pick and Place
2472263, -0.618774, 0.309937, -0.642944, 21.606440, -12.145992, 45.715320,Pick and Place
2472283, -0.657959, 0.312988, -0.641968, 26.550290, -23.071284, 43.395980,Pick and Place
2472303, -0.694336, 0.279053, -0.646362, 30.090330, -18.127448, 39.794920,Pick and Place
2472323, -0.660278, 0.249146, -0.660522, 32.104500, -11.291500, 36.865240,Pick and Place
2472343, -0.586182, 0.239990, -0.660889, 34.362800, -8.361816, 35.766600,Pick and Place
2472363, -0.544312, 0.237427, -0.653442, 36.193860, -6.652830, 35.156260,Pick and Place
2472383, -0.528931, 0.233154, -0.656616, 38.513190, -6.652830, 33.203130,Pick and Place
2472403, -0.562134, 0.219849, -0.688965, 40.222160, -3.112792, 28.564450,Pick and Place
2472423, -0.578736, 0.161499, -0.745972, 42.541500, 2.441407, 23.193352,Pick and Place
2472443, -0.526734, 0.120483, -0.759155, 39.428720, 0.671386, 20.690910,Pick and Place
2472463, -0.507446, 0.124878, -0.761230, 37.231450, -8.789064, 19.348150,Pick and Place
2472483, -0.553467, 0.117432, -0.774536, 34.790040, -12.512204, 17.456060,Pick and Place
2472503, -0.593994, 0.147217, -0.793579, 31.616208, -14.709470, 14.831540,Pick and Place
2472523, -0.579956, 0.116455, -0.800537, 29.602044, -12.023924, 13.671872,Pick and Place
2472543, -0.539062, 0.135620, -0.802856, 26.855464, -13.183590, 11.779784,Pick and Place
2472563, -0.555542, 0.156006, -0.798218, 25.207516, -15.380856, 9.948730,Pick and Place
2472583, -0.571167, 0.156494, -0.805420, 24.475090, -15.991210, 8.178714,Pick and Place
2472603, -0.603272, 0.132080, -0.822632, 23.498530, -11.474608, 5.798338,Pick and Place
2472623, -0.592041, 0.125855, -0.818726, 20.996090, -4.821778, 3.967285,Pick and Place
2472643, -0.580566, 0.143799, -0.805908, 18.371584, -7.141112, 3.845214,Pick and Place
2472663, -0.599732, 0.145874, -0.804199, 17.150880, -12.084960, 4.333496,Pick and Place
2472683, -0.615112, 0.128662, -0.819092, 16.784670, -11.596676, 3.967285,Pick and Place
2472703, -0.601929, 0.139404, -0.795288, 14.343260, -10.375976, 4.882814,Pick and Place
2472723, -0.661743, 0.134033, -0.788696, 13.916012, -9.582520, 6.347656,Pick and Place
2472743, -0.646240, 0.119019, -0.813721, 13.488768, -0.549316, 3.051757,Pick and Place
2472763, -0.587524, 0.128784, -0.832398, 14.648436, 2.502442, -1.098633,Pick and Place
2472783, -0.578736, 0.126221, -0.817749, 15.991210, 0.305176, -4.943848,Pick and Place
2472803, -0.600952, 0.109131, -0.773071, 16.479492, 0.854492, -9.399414,Pick and Place
2472823, -0.663574, 0.085327, -0.733154, 15.380856, 14.038084, -13.061520,Pick and Place
2472843, -0.661621, 0.078735, -0.757812, 13.977050, 35.156260, -12.451170,Pick and Place
2472863, -0.562622, 0.088623, -0.819336, 12.634276, 39.489750, -7.873534,Pick and Place
2472883, -0.446777, 0.056885, -0.826416, 9.094240, 22.277830, -5.798338,Pick and Place
2472903, -0.713013, 0.112305, -0.904785, 6.652830, -5.798338, -4.089356,Pick and Place
2472923, -0.763550, 0.106445, -0.896484, 1.892090, 14.160152, -2.441407,Pick and Place
2472943, -0.629272, 0.145386, -0.867676, 0.061035, 12.268064, 0.122070,Pick and Place
2472963, -0.595825, 0.144897, -0.828980, 0.122070, 7.080076, -0.915527,Pick and Place
2472983, -0.556519, 0.165283, -0.784302, 1.037598, -3.601074, -3.601074,Pick and Place
2473003, -0.610718, 0.159180, -0.766358, 4.211426, -3.173828, -5.615234,Pick and Place
2473023, -0.655396, 0.108154, -0.783814, 5.920409, 8.117676, -4.760742,Pick and Place
2473043, -0.597168, 0.065430, -0.819092, 2.807617, 15.686032, -2.258301,Pick and Place
2473063, -0.547974, 0.086060, -0.789429, 0.244141, 3.784179, 0.732422,Pick and Place
2473083, -0.559570, 0.105591, -0.774170, 0.671386, -3.540038, 0.061035,Pick and Place
2473103, -0.593628, 0.098755, -0.778320, 2.746581, -3.601074, -2.746581,Pick and Place
2473123, -0.583740, 0.075195, -0.794434, 1.770019, -0.183105, -1.342773,Pick and Place
2473143, -0.584717, 0.095337, -0.792358, 1.037598, 1.220704, -0.122070,Pick and Place
2473163, -0.560547, 0.134033, -0.791748, 0.183105, -7.202148, -1.464844,Pick and Place
2473183, -0.613892, 0.127319, -0.819336, 1.770019, -2.197266, -3.295898,Pick and Place
2473203, -0.581909, 0.125366, -0.809814, 0.732422, 4.333496, -1.647949,Pick and Place
2473223, -0.610596, 0.148682, -0.814820, 0.610352, 0.549316, 0.122070,Pick and Place
2473243, -0.632690, 0.128662, -0.815186, 0.854492, 1.770019, 1.464844,Pick and Place
2473263, -0.626343, 0.104736, -0.818482, 0.610352, -1.464844, 1.220704,Pick and Place
2473283, -0.612183, 0.073608, -0.807373, -0.732422, -1.403808, 1.037598,Pick and Place
2473303, -0.590088, 0.091919, -0.798218, -1.647949, -3.540038, 1.892090,Pick and Place
2473323, -0.621338, 0.079590, -0.803223, -0.671386, -1.159668, 1.464844,Pick and Place
2473343, -0.558350, 0.040527, -0.849121, -2.075196, -1.892090, 1.953124,Pick and Place
2473363, -0.613770, -0.011963, -0.893433, -4.577638, -5.615234, 1.281738,Pick and Place
2473403, -0.591675, -0.055054, -0.902832, -13.610836, -1.403808, 2.929687,Pick and Place
2473423, -0.539307, -0.048218, -0.909302, -17.578130, 1.831054, 2.258301,Pick and Place
2473443, -0.520874, -0.058228, -0.921387, -21.667476, 8.117676, -0.183105,Pick and Place
2473463, -0.493652, -0.017700, -0.927490, -25.817870, 17.578130, -3.845214,Pick and Place
2473483, -0.488770, -0.011475, -0.935181, -26.916500, 28.991692, -9.887696,Pick and Place
2473503, -0.422119, 0.000977, -0.922363, -28.930660, 37.109380, -15.686032,Pick and Place
2473523, -0.360474, 0.006836, -0.867432, -29.418940, 36.865240, -23.498530,Pick and Place
2473543, -0.370361, 0.000977, -0.821900, -29.235832, 34.240730, -32.287600,Pick and Place
2473563, -0.384399, 0.000244, -0.799927, -29.418940, 31.372068, -40.283200,Pick and Place
2473583, -0.423462, 0.030640, -0.796875, -31.249992, 28.625480, -45.715320,Pick and Place
2473603, -0.515259, 0.050659, -0.823120, -26.916500, 41.137680, -48.767080,Pick and Place
2473623, -0.565308, 0.069946, -0.805420, -27.526850, 51.696770, -50.598140,Pick and Place
2473643, -0.556763, 0.113892, -0.800659, -28.381340, 59.265120, -52.490220,Pick and Place
2473663, -0.506714, 0.138428, -0.814575, -28.198240, 56.091300, -56.579580,Pick and Place
2473683, -0.528931, 0.191772, -0.815186, -26.062010, 48.156730, -58.959950,Pick and Place
2473703, -0.593140, 0.216919, -0.818848, -19.348150, 51.757800, -58.227530,Pick and Place
2473723, -0.590942, 0.212647, -0.826294, -17.089850, 64.880380, -54.565420,Pick and Place
2473743, -0.505005, 0.239502, -0.824829, -16.967780, 68.664560, -51.513660,Pick and Place
2473763, -0.494141, 0.258179, -0.841553, -13.610836, 62.866200, -52.001940,Pick and Place
2473783, -0.532471, 0.265259, -0.863159, -9.460450, 61.157220, -52.368160,Pick and Place
2473803, -0.473022, 0.264893, -0.873779, -7.080076, 57.739250, -50.964340,Pick and Place
2473823, -0.445068, 0.269653, -0.822266, -6.286620, 43.334950, -43.518060,Pick and Place
2473843, -0.453735, 0.298096, -0.787720, -1.220704, 39.062500, -41.687000,Pick and Place
2473863, -0.431274, 0.290283, -0.797486, 1.708984, 35.461430, -39.428720,Pick and Place
2473883, -0.414673, 0.280274, -0.795776, 4.882814, 29.846190, -33.996590,Pick and Place
2473903, -0.411011, 0.262085, -0.811890, 7.263182, 24.963376, -25.512690,Pick and Place
2473923, -0.364136, 0.277954, -0.850708, 9.826660, 11.291500, -18.615724,Pick and Place
2473943, -0.429321, 0.267822, -0.890137, 15.319820, -1.831054, -14.465330,Pick and Place
2473963, -0.482056, 0.184204, -0.947876, 16.845708, 0.549316, -12.268064,Pick and Place
2473983, -0.427368, 0.182983, -0.995972, 9.277344, -13.732908, -6.530760,Pick and Place
2474003, -0.484619, 0.118286, -0.994385, 11.413570, -17.272950, 3.540038,Pick and Place
2474023, -0.523682, 0.090820, -1.030762, 0.732422, -5.981444, 7.751464,Pick and Place
2474043, -0.397095, 0.181152, -0.971314, -2.319336, 3.845214, 11.169430,Pick and Place
2474063, -0.348633, 0.183228, -0.960816, 0.244141, -3.234863, 14.770504,Pick and Place
2474083, -0.360840, 0.182251, -0.911743, 4.211426, -6.591796, 16.052250,Pick and Place
2474103, -0.381348, 0.162598, -0.927002, 4.455568, -7.995604, 15.624996,Pick and Place
2474123, -0.410522, 0.097656, -0.937744, 1.770019, -1.892090, 17.150880,Pick and Place
2474143, -0.367188, 0.106201, -0.973755, 0.549316, -7.995604, 22.949216,Pick and Place
2474163, -0.416260, 0.112183, -0.950684, -2.807617, -19.775390, 29.785150,Pick and Place
2474183, -0.404907, 0.140015, -0.956909, -2.868652, -29.052730, 34.057620,Pick and Place
2474203, -0.454346, 0.160645, -0.926392, -4.455568, -32.470710, 38.146980,Pick and Place
2474223, -0.520874, 0.192627, -0.918457, -3.723144, -27.282710, 43.090810,Pick and Place
2474243, -0.518311, 0.205444, -0.906250, -3.906249, -23.864740, 48.217760,Pick and Place
2474263, -0.487305, 0.229004, -0.857300, 0.915527, -26.428220, 57.495110,Pick and Place
2474283, -0.475830, 0.231445, -0.841309, 4.150392, -28.930660, 63.232410,Pick and Place
2474303, -0.482666, 0.241943, -0.842041, 7.507323, -28.198240, 67.810060,Pick and Place
2474323, -0.490112, 0.256592, -0.828736, 12.145992, -24.475090, 70.068360,Pick and Place
2474343, -0.473999, 0.244141, -0.819946, 17.883300, -18.920900, 69.274900,Pick and Place
2474363, -0.417236, 0.225342, -0.821778, 21.606440, -13.671872, 67.016600,Pick and Place
2474383, -0.389648, 0.195679, -0.829712, 24.475090, -10.314940, 66.528340,Pick and Place
2474403, -0.348999, 0.182983, -0.833618, 25.451652, -7.629394, 65.185560,Pick and Place
2474423, -0.309082, 0.178833, -0.855225, 27.648920, -7.934570, 62.133780,Pick and Place
2474443, -0.257568, 0.177124, -0.863281, 29.113768, -9.643556, 55.480940,Pick and Place
2474463, -0.211426, 0.187134, -0.846802, 32.531740, -12.817380, 47.241200,Pick and Place
2474483, -0.264038, 0.116333, -0.850098, 41.381820, -9.155274, 35.339360,Pick and Place
2474503, -0.316406, 0.039429, -0.874512, 42.114250, 4.333496, 30.456540,Pick and Place
2474523, -0.267578, 0.026611, -0.890991, 39.672860, 12.695310, 27.709956,Pick and Place
2474543, -0.231445, 0.000122, -0.916138, 40.588370, 10.681150, 23.620600,Pick and Place
2474563, -0.250000, -0.067261, -0.950318, 39.184580, 5.187988, 19.287110,Pick and Place
2474583, -0.288696, -0.075195, -0.973999, 34.729010, 3.051757, 15.319820,Pick and Place
2474603, -0.279663, -0.044189, -0.967774, 30.761716, 4.028321, 13.061520,Pick and Place
2474623, -0.261841, -0.063477, -0.976562, 27.648920, 4.028321, 10.986324,Pick and Place
2474643, -0.265625, -0.080322, -1.003540, 23.071284, 0.366211, 9.826660,Pick and Place
2474663, -0.263794, -0.062256, -0.985718, 16.845708, -5.737304, 7.568358,Pick and Place
2474683, -0.293945, 0.010376, -0.961792, 14.831540, -12.817380, 5.310058,Pick and Place
2474703, -0.405884, -0.001831, -0.958618, 18.249516, -6.164550, 1.098633,Pick and Place
2474723, -0.396118, -0.067749, -0.975586, 15.930172, 6.469726, 1.281738,Pick and Place
2474743, -0.328735, -0.097900, -0.968994, 11.352536, 12.878416, 3.601074,Pick and Place
2474763, -0.289673, -0.082275, -0.961426, 6.347656, 7.934570, 5.432128,Pick and Place
2474783, -0.383667, -0.078247, -0.981445, 3.356933, 12.207030, 0.915527,Pick and Place
2474803, -0.338745, -0.050903, -1.020264, -4.211426, 18.737796, -1.403808,Pick and Place
2474823, -0.291016, -0.068970, -1.051270, -5.737304, 20.874020, -0.671386,Pick and Place
2474843, -0.275146, -0.095093, -1.067994, -16.723632, 17.761230, 1.708984,Pick and Place
2474863, -0.265137, -0.005249, -1.086792, -26.123040, 16.662600, 2.319336,Pick and Place
2474883, -0.274658, 0.081055, -1.096924, -29.846190, 20.141600, 0.488281,Pick and Place
2474903, -0.226440, 0.134033, -1.075928, -27.954100, 19.409180, -2.319336,Pick and Place
2474923, -0.107422, 0.099731, -0.981690, -25.390620, -13.061520, -1.770019,Pick and Place
2474943, -0.200439, 0.079102, -0.952881, -28.320310, -40.283200, -1.220704,Pick and Place
2474963, -0.409912, 0.091675, -0.988892, -31.738280, -35.095220, -2.868652,Pick and Place
2474983, -0.366821, 0.170166, -1.000854, -37.536620, -14.648436, -3.662109,Pick and Place
2475003, -0.250855, 0.252686, -0.935303, -38.757330, -14.282224, -0.549316,Pick and Place
2475023, -0.228272, 0.339478, -0.883301, -36.560060, -35.888680, -0.366211,Pick and Place
2475043, -0.351685, 0.375977, -0.886230, -29.541010, -50.476060, -4.455568,Pick and Place
2475063, -0.459961, 0.348999, -0.906006, -24.597160, -40.527340, -10.009768,Pick and Place
2475083, -0.467407, 0.319824, -0.879639, -19.226080, -19.104010, -12.329100,Pick and Place
2475103, -0.388672, 0.312622, -0.855591, -15.930172, -19.287110, -7.690428,Pick and Place
2475123, -0.379517, 0.308594, -0.852417, -9.094240, -37.048340, -6.347656,Pick and Place
2475143, -0.443726, 0.304932, -0.767212, 1.525878, -47.180160, -14.343260,Pick and Place
2475163, -0.438232, 0.280396, -0.751343, 8.728030, -41.748040, -17.333990,Pick and Place
2475183, -0.455078, 0.229126, -0.781616, 15.075680, -38.085940, -15.991210,Pick and Place
2475203, -0.404175, 0.168335, -0.803467, 17.333990, -51.086420, -9.582520,Pick and Place
2475223, -0.432007, 0.153564, -0.765015, 17.822270, -71.228040, -9.765626,Pick and Place
2475243, -0.562378, 0.146606, -0.726807, 20.019532, -72.570800, -15.930172,Pick and Place
2475263, -0.641236, 0.121338, -0.732666, 20.996090, -46.997060, -22.460930,Pick and Place
2475283, -0.529785, 0.080933, -0.772949, 21.850580, -28.930660, -21.789548,Pick and Place
2475303, -0.563232, -0.001343, -0.843262, 19.836430, -29.846190, -13.732908,Pick and Place
2475323, -0.517578, -0.043701, -0.858521, 12.817380, -44.677720, -8.239746,Pick and Place
2475343, -0.592285, -0.019165, -0.816040, 8.483890, -57.373040, -13.244628,Pick and Place
2475363, -0.745362, -0.097900, -0.797119, 4.272462, -28.442380, -17.272950,Pick and Place
2475383, -0.773804, -0.236938, -0.959717, -6.530760, -12.939450, -3.356933,Pick and Place
2475403, -0.748779, -0.096680, -0.984253, -14.404296, 12.023924, 6.896972,Pick and Place
2475423, -0.515869, -0.127441, -0.927734, -20.874020, 13.183590, 11.474608,Pick and Place
2475443, -0.489990, -0.030518, -0.896240, -26.123040, -7.080076, 12.695310,Pick and Place
2475463, -0.608276, -0.027954, -0.940430, -26.306150, -7.019042, 7.202148,Pick and Place
2475483, -0.565064, -0.033691, -0.958618, -31.738280, 8.728030, 4.028321,Pick and Place
2475503, -0.492066, -0.031860, -0.929566, -35.888680, 19.958500, 2.929687,Pick and Place
2475523, -0.406616, 0.002930, -0.902222, -40.344230, 15.502928, -1.525878,Pick and Place
2475543, -0.353882, -0.000244, -0.887329, -43.884270, -3.356933, -8.178714,Pick and Place
2475563, -0.394287, 0.004883, -0.861938, -47.302240, -19.958500, -18.432620,Pick and Place
2475583, -0.540894, -0.000244, -0.813354, -53.710930, -13.305660, -30.456540,Pick and Place
2475603, -0.468140, 0.118408, -0.790283, -55.969230, -8.972170, -31.127924,Pick and Place
2475623, -0.475220, 0.180054, -0.821900, -50.781240, -7.141112, -31.921380,Pick and Place
2475643, -0.499756, 0.191284, -0.825806, -46.020500, -2.319336, -35.095220,Pick and Place
2475663, -0.507446, 0.231567, -0.748657, -44.921860, 2.258301, -39.733900,Pick and Place
2475683, -0.599976, 0.309692, -0.681641, -43.579090, 11.779784, -46.752920,Pick and Place
2475703, -0.607910, 0.333374, -0.691040, -43.273920, 21.423332, -51.452620,Pick and Place
2475723, -0.594971, 0.341187, -0.725342, -40.771480, 14.282224, -52.307120,Pick and Place
2475743, -0.659912, 0.306030, -0.705566, -37.475590, 1.586914, -53.405750,Pick and Place
2475763, -0.719482, 0.319580, -0.624512, -34.973150, 2.319336, -55.175770,Pick and Place
2475783, -0.769165, 0.338989, -0.577271, -31.555170, 18.127448, -53.466780,Pick and Place
2475803, -0.721314, 0.312744, -0.635132, -27.282710, 28.686520, -43.029780,Pick and Place
2475823, -0.703369, 0.314209, -0.630371, -23.254390, 19.409180, -40.161120,Pick and Place
2475843, -0.758301, 0.320679, -0.593994, -18.798830, 11.230468, -41.259760,Pick and Place
2475863, -0.789185, 0.305908, -0.569092, -14.160152, 14.038084, -42.053220,Pick and Place
2475883, -0.791260, 0.290527, -0.562012, -10.375976, 26.306150, -39.733900,Pick and Place
2475903, -0.728882, 0.296143, -0.581055, -6.774902, 27.587884, -32.897960,Pick and Place
2475923, -0.694458, 0.290039, -0.601929, 0.183105, 14.465330, -27.648920,Pick and Place
2475943, -0.712280, 0.277710, -0.617432, 9.338380, 4.821778, -27.160640,Pick and Place
2475963, -0.674927, 0.249023, -0.604858, 15.319820, 3.173828, -27.404780,Pick and Place
2475983, -0.608154, 0.240234, -0.581299, 19.775390, -0.061035, -23.742670,Pick and Place
2476003, -0.663330, 0.124756, -0.620606, 17.944340, -2.380371, -14.892576,Pick and Place
2476023, -0.883423, 0.097290, -0.907837, 9.094240, 15.624996, -6.164550,Pick and Place
2476043, -0.590698, 0.139038, -0.896973, -3.479003, 9.155274, 2.258301,Pick and Place
2476063, -0.789429, 0.200684, -0.818237, 3.417968, -7.019042, -1.342773,Pick and Place
2476083, -0.619385, 0.129883, -0.807862, -2.990722, -1.464844, -1.953124,Pick and Place
2476103, -0.648804, 0.188232, -0.816162, 0.122070, -10.620116, -3.845214,Pick and Place
2476123, -0.605225, 0.147949, -0.809814, -1.464844, -3.417968, -1.342773,Pick and Place
2476143, -0.572388, 0.151367, -0.816772, -2.014160, -3.356933, 0.488281,Pick and Place
2476163, -0.625732, 0.126587, -0.787232, -2.746581, -3.784179, 0.854492,Pick and Place
2476183, -0.620972, 0.123169, -0.795288, -2.868652, -1.220704, 0.183105,Pick and Place
2476203, -0.643188, 0.104126, -0.806152, -2.624511, 0.000000, -0.610352,Pick and Place
2476223, -0.632202, 0.080811, -0.789673, -4.089356, -3.479003, 1.464844,Pick and Place
2476243, -0.651001, 0.054565, -0.724610, -4.211426, -1.586914, 4.577638,Pick and Place
2476263, -0.722534, 0.085815, -0.756470, -8.361816, -9.704590, 7.629394,Pick and Place
2476283, -0.755982, 0.085815, -0.807495, -14.526364, -4.943848, 13.977050,Pick and Place
2476303, -0.727295, 0.139893, -0.776612, -22.460930, -2.929687, 17.089850,Pick and Place
2476323, -0.810425, 0.186157, -0.695068, -27.221676, 2.441407, 21.667476,Pick and Place
2476343, -0.839478, 0.213501, -0.722534, -31.616208, 22.705070, 27.954100,Pick and Place
2476363, -0.714478, 0.237549, -0.737915, -37.048340, 27.587884, 39.428720,Pick and Place
2476383, -0.733643, 0.284546, -0.682984, -35.034180, 20.690910, 51.635740,Pick and Place
2476403, -0.754272, 0.324585, -0.682007, -32.653820, 28.198240, 56.396480,Pick and Place
2476423, -0.650635, 0.334351, -0.703858, -31.982420, 38.452160, 61.279280,Pick and Place
2476443, -0.537232, 0.368774, -0.699707, -29.602044, 29.602044, 69.152840,Pick and Place
2476463, -0.566406, 0.392090, -0.652466, -17.883300, 18.981940, 74.829100,Pick and Place
2476483, -0.674194, 0.422852, -0.544312, -7.019042, 24.658200, 72.998060,Pick and Place
2476503, -0.681152, 0.407715, -0.608765, -0.244141, 51.757800, 74.890140,Pick and Place
2476523, -0.430054, 0.426392, -0.711426, 5.126952, 51.025380, 77.819840,Pick and Place
2476543, -0.366211, 0.477173, -0.707642, 14.709470, 23.254390, 76.721200,Pick and Place
2476563, -0.319824, 0.499878, -0.671143, 24.475090, -9.094240, 68.847660,Pick and Place
2476583, -0.286987, 0.495483, -0.705933, 37.231450, -33.325200, 57.006820,Pick and Place
2476603, -0.260010, 0.460083, -0.736938, 48.828120, -48.706040, 48.217760,Pick and Place
2476623, -0.251221, 0.471802, -0.689087, 61.035140, -55.175770, 41.381820,Pick and Place
2476643, -0.346802, 0.466675, -0.681885, 80.932600, -44.616690, 33.386240,Pick and Place
2476663, -0.435669, 0.375122, -0.628540, 98.815900, -26.855464, 26.672360,Pick and Place
2476683, -0.415039, 0.282593, -0.689087, 106.750480, -1.892090, 19.897460,Pick and Place
2476703, -0.275391, 0.253540, -0.802246, 103.210440, 3.845214, 15.197750,Pick and Place
2476723, -0.286377, 0.202881, -0.904785, 101.196280, 0.061035, 6.958006,Pick and Place
2476743, -0.473022, 0.127441, -0.975830, 98.693840, 3.479003, -5.126952,Pick and Place
2476763, -0.501831, 0.047363, -0.947632, 90.087860, 14.221190, -15.563964,Pick and Place
2476783, -0.133057, 0.079834, -0.752197, 78.857440, 7.080076, -16.540530,Pick and Place
2476803, -0.145386, 0.035278, -0.815674, 75.317400, -18.005376, -6.896972,Pick and Place
2476823, -0.450073, -0.074341, -0.984863, 67.871100, -20.812980, 3.479003,Pick and Place
2476843, -0.599610, -0.089355, -1.088868, 55.847160, 0.305176, 4.455568,Pick and Place
2476863, -0.492310, -0.067261, -1.052978, 49.621580, 22.033690, -4.150392,Pick and Place
2476883, -0.288940, -0.078491, -0.989502, 43.090810, 22.460930, -8.239746,Pick and Place
2476903, -0.307129, -0.098022, -0.998413, 32.226570, 0.122070, -8.972170,Pick and Place
2476923, -0.490479, -0.115356, -1.016358, 27.282710, 5.065916, -11.962890,Pick and Place
2476943, -0.514648, -0.213501, -1.142090, 13.977050, 31.127924, -9.643556,Pick and Place
2476963, -0.202148, -0.225586, -1.247925, -8.056642, 36.499030, -4.211426,Pick and Place
2476983, -0.167725, -0.084839, -1.123169, -14.038084, -19.104010, 6.164550,Pick and Place
2477003, -0.390503, -0.007935, -1.001831, -7.507323, -35.949720, 1.159668,Pick and Place
2477023, -0.477539, -0.053711, -0.950073, -4.394532, -26.245110, -12.634276,Pick and Place
2477043, -0.542358, -0.152222, -0.997070, -5.554198, 7.507323, -9.826660,Pick and Place
2477063, -0.295898, -0.135010, -1.046265, -13.549804, 13.916012, 1.403808,Pick and Place
2477083, -0.341675, -0.146729, -1.077759, -13.916012, 8.117676, 1.464844,Pick and Place
2477103, -0.312378, -0.183105, -1.049072, -20.446770, -1.037598, -5.065916,Pick and Place
2477123, -0.323486, -0.167725, -0.999756, -30.639640, -13.061520, -12.023924,Pick and Place
2477143, -0.363281, -0.164185, -0.997681, -36.682140, -9.033204, -10.864256,Pick and Place
2477163, -0.297730, -0.120728, -0.962036, -41.625960, -6.225584, -12.756344,Pick and Place
2477183, -0.282227, -0.092041, -0.921631, -42.358390, -8.300784, -20.874020,Pick and Place
2477203, -0.284546, -0.054077, -0.890991, -43.518060, -12.695310, -28.015130,Pick and Place
2477223, -0.313721, 0.010498, -0.908325, -42.297360, -14.770504, -33.813480,Pick and Place
2477243, -0.370117, 0.011719, -0.919190, -38.269050, -10.681150, -41.259760,Pick and Place
2477263, -0.376953, 0.013062, -0.826660, -37.292480, -2.807617, -47.180160,Pick and Place
2477283, -0.364258, 0.047119, -0.721802, -32.958990, 4.150392, -48.583980,Pick and Place
2477303, -0.462769, 0.040894, -0.721192, -29.052730, 11.535644, -43.395980,Pick and Place
2477323, -0.471069, 0.079712, -0.824951, -27.648920, 13.977050, -38.330080,Pick and Place
2477343, -0.478638, 0.090210, -0.922119, -20.690910, 14.282224, -40.283200,Pick and Place
2477363, -0.508789, 0.095825, -0.892212, -20.202630, 16.113284, -42.541500,Pick and Place
2477383, -0.504150, 0.170166, -0.844360, -20.080560, 16.723632, -39.611820,Pick and Place
2477403, -0.467896, 0.240967, -0.841187, -15.686032, 12.451170, -35.278320,Pick and Place
2477423, -0.462769, 0.234253, -0.869873, -11.047360, 10.864256, -35.339360,Pick and Place
2477443, -0.487183, 0.221069, -0.864014, -11.047360, 11.474608, -36.438000,Pick and Place
2477463, -0.495239, 0.250244, -0.828491, -11.047360, 5.859374, -37.414560,Pick and Place
2477483, -0.489014, 0.273926, -0.789673, -7.507323, -3.601074, -39.855960,Pick and Place
2477503, -0.540405, 0.241821, -0.807373, -3.173828, -5.920409, -41.259760,Pick and Place
2477523, -0.595703, 0.170898, -0.861816, -1.770019, 2.807617, -39.489750,Pick and Place
2477543, -0.567383, 0.123413, -0.886475, -4.516602, 10.681150, -34.973150,Pick and Place
2477563, -0.567261, 0.130371, -0.904663, -3.845214, 8.850100, -27.526850,Pick and Place
2477583, -0.502930, 0.140991, -0.899536, -0.793457, 3.601074, -28.259270,Pick and Place
2477603, -0.506958, 0.116577, -0.831543, 1.708984, -6.408690, -24.169920,Pick and Place
2477623, -0.677979, 0.065552, -0.819580, -1.647949, 0.122070, -16.906740,Pick and Place
2477643, -0.601440, 0.108276, -0.811646, -10.070800, 14.709470, -14.648436,Pick and Place
2477663, -0.493530, 0.203735, -0.867798, -6.469726, 17.883300, -11.291500,Pick and Place
2477683, -0.518799, 0.172730, -0.923462, -3.723144, 24.597160, -10.742184,Pick and Place
2477703, -0.495972, 0.162842, -0.962158, -6.042480, 28.625480, -10.742184,Pick and Place
2477723, -0.438355, 0.163208, -0.961182, -5.554198, 27.954100, -13.427732,Pick and Place
2477743, -0.317749, 0.163818, -0.886597, -2.502442, 24.108880, -15.930172,Pick and Place
2477763, -0.317017, 0.100708, -0.862671, 0.671386, 20.935052, -11.413570,Pick and Place
2477783, -0.406616, 0.049194, -0.923706, -10.192870, 14.953610, 0.915527,Pick and Place
2477803, -0.360230, 0.055420, -0.962402, -14.892576, 10.314940, 2.990722,Pick and Place
2477823, -0.309814, 0.098511, -0.955811, -14.343260, -0.061035, 1.770019,Pick and Place
2477843, -0.291504, 0.116455, -0.924438, -11.657712, -12.023924, -1.708984,Pick and Place
2477863, -0.337280, 0.094238, -0.899414, -10.437010, -18.798830, -3.234863,Pick and Place
2477883, -0.402954, 0.085327, -0.902100, -10.498044, -16.296390, -1.342773,Pick and Place
2477903, -0.386841, 0.084717, -0.904541, -12.023924, -8.056642, -0.915527,Pick and Place
2477923, -0.348511, 0.104614, -0.920288, -13.671872, -4.882814, -2.014160,Pick and Place
2477943, -0.302002, 0.125977, -0.909912, -15.686032, -6.652830, -3.967285,Pick and Place
2477963, -0.289307, 0.141357, -0.882202, -16.784670, -18.615724, -4.882814,Pick and Place
2477983, -0.358521, 0.151245, -0.890137, -18.188480, -34.179700, -5.065916,Pick and Place
2478003, -0.484497, 0.166626, -0.919556, -23.742670, -36.010750, -8.117676,Pick and Place
2478023, -0.442749, 0.207275, -0.905396, -26.733390, -29.968260, -7.141112,Pick and Place
2478043, -0.376221, 0.227905, -0.854370, -29.418940, -33.264160, -2.258301,Pick and Place
2478063, -0.461548, 0.275513, -0.898560, -28.015130, -39.978040, 3.356933,Pick and Place
2478083, -0.543579, 0.261719, -0.927490, -26.794430, -35.461430, 4.760742,Pick and Place
2478103, -0.497070, 0.283814, -0.873902, -27.282710, -31.433100, 3.356933,Pick and Place
2478123, -0.452271, 0.329224, -0.847534, -22.949216, -31.005852, 2.197266,Pick and Place
2478143, -0.448120, 0.334351, -0.828003, -16.174320, -34.973150, 0.488281,Pick and Place
2478163, -0.455444, 0.313477, -0.866944, -12.268064, -36.376960, -2.502442,Pick and Place
2478183, -0.552246, 0.274780, -0.900879, -6.835936, -30.700680, -4.394532,Pick and Place
2478203, -0.522949, 0.221680, -0.875854, -2.075196, -25.939940, -3.906249,Pick and Place
2478223, -0.422852, 0.234619, -0.729736, 2.807617, -48.156730, -0.183105,Pick and Place
2478243, -0.485962, 0.245850, -0.694092, 7.446288, -64.086940, -0.976562,Pick and Place
2478263, -0.689820, 0.212891, -0.740234, 13.244628, -46.325680, -5.981444,Pick and Place
2478283, -0.631226, 0.145142, -0.764893, 14.282224, -18.249516, -8.605960,Pick and Place
2478303, -0.513916, 0.145996, -0.720947, 12.268064, -12.756344, -4.882814,Pick and Place
2478323, -0.444580, 0.169922, -0.709717, 14.221190, -32.592780, 0.000000,Pick and Place
2478343, -0.485108, 0.153687, -0.733643, 18.493652, -59.387200, -2.624511,Pick and Place
2478363, -0.626587, 0.139526, -0.695068, 20.629880, -68.664560, -7.202148,Pick and Place
2478383, -0.800171, 0.112427, -0.657471, 21.667476, -42.358390, -10.864256,Pick and Place
2478403, -0.787476, 0.075806, -0.680786, 18.432620, -1.159668, -12.573240,Pick and Place
2478423, -0.671387, 0.073120, -0.730957, 13.183590, 20.935052, -5.859374,Pick and Place
2478443, -0.625854, 0.060181, -0.836548, 7.995604, 12.268064, 4.272462,Pick and Place
2478463, -0.732422, 0.053467, -0.848389, 3.295898, -1.098633, 3.601074,Pick and Place
2478483, -0.720459, 0.077148, -0.791626, -0.488281, -2.868652, 0.427246,Pick and Place
2478503, -0.762329, 0.065674, -0.817383, -1.770019, -3.112792, 8.300784,Pick and Place
2478523, -0.756104, 0.183960, -0.738037, -2.990722, 7.934570, 12.817380,Pick and Place
2478543, -0.629150, 0.190918, -0.718262, -2.075196, -4.272462, 19.775390,Pick and Place
2478563, -0.746948, 0.213013, -0.750977, 1.098633, -10.803220, 22.766110,Pick and Place
2478583, -0.765015, 0.209961, -0.734497, 1.647949, -6.103514, 23.559568,Pick and Place
2478603, -0.753784, 0.225220, -0.713501, 2.136231, -3.784179, 24.230950,Pick and Place
2478623, -0.714722, 0.227661, -0.697632, 3.417968, -4.821778, 27.893060,Pick and Place
2478643, -0.685059, 0.248779, -0.673462, 5.432128, -8.666994, 32.165540,Pick and Place
2478663, -0.699097, 0.247803, -0.681641, 9.338380, -10.498044, 36.987310,Pick and Place
2478683, -0.673218, 0.275757, -0.675049, 11.840818, -15.441892, 37.597660,Pick and Place
2478703, -0.663940, 0.259399, -0.688477, 16.174320, -17.517090, 35.522460,Pick and Place
2478723, -0.621948, 0.255859, -0.680908, 18.127448, -20.874020, 33.813480,Pick and Place
2478743, -0.620239, 0.275146, -0.672241, 20.507810, -27.099608, 33.081060,Pick and Place
2478763, -0.659546, 0.250610, -0.663696, 23.803708, -26.367180, 31.372068,Pick and Place
2478783, -0.666016, 0.218750, -0.664795, 25.451652, -19.592290, 29.602044,Pick and Place
2478803, -0.635986, 0.217773, -0.665405, 26.367180, -16.967780, 29.846190,Pick and Place
2478823, -0.641846, 0.212036, -0.685425, 28.930660, -15.502928, 29.846190,Pick and Place
2478843, -0.618042, 0.197876, -0.708862, 29.357908, -12.939450, 29.174800,Pick and Place
2478863, -0.584961, 0.193726, -0.718262, 28.869624, -13.671872, 27.709956,Pick and Place
2478883, -0.585083, 0.188232, -0.732666, 26.489250, -18.676760, 26.000970,Pick and Place
2478903, -0.626221, 0.196167, -0.733765, 26.184080, -16.479492, 23.742670,Pick and Place
2478923, -0.641113, 0.169189, -0.741577, 24.230950, -9.277344, 20.324700,Pick and Place
2478943, -0.612427, 0.167358, -0.736816, 22.155760, -9.338380, 18.493652,Pick and Place
2478963, -0.599976, 0.171143, -0.744873, 21.545408, -16.235352, 16.662600,Pick and Place
2478983, -0.621338, 0.156372, -0.764282, 21.667476, -20.996090, 14.648436,Pick and Place
2479003, -0.634400, 0.157227, -0.766968, 22.216790, -20.812980, 12.329100,Pick and Place
2479023, -0.668579, 0.144287, -0.747803, 23.803708, -15.686032, 10.925290,Pick and Place
2479043, -0.675171, 0.133301, -0.731201, 22.521970, -12.634276, 11.108396,Pick and Place
2479063, -0.654419, 0.132813, -0.731323, 22.644040, -11.291500, 10.559080,Pick and Place
2479083, -0.637329, 0.120605, -0.737183, 22.216790, -11.047360, 9.155274,Pick and Place
2479103, -0.643555, 0.144775, -0.742798, 23.315424, -9.704590, 8.789064,Pick and Place
2479123, -0.672241, 0.139893, -0.727051, 23.925780, -4.638672, 7.629394,Pick and Place
2479143, -0.654419, 0.133911, -0.723999, 22.338860, 3.417968, 5.554198,Pick and Place
2479163, -0.622803, 0.144775, -0.720947, 20.874020, 6.347656, 4.394532,Pick and Place
2479183, -0.643921, 0.165161, -0.721192, 20.568840, 3.906249, 4.699708,Pick and Place
2479203, -0.635376, 0.119751, -0.734619, 22.216790, 1.525878, 2.380371,Pick and Place
2479223, -0.651978, 0.106201, -0.730835, 21.789548, 1.098633, -0.915527,Pick and Place
2479243, -0.647217, 0.117065, -0.711060, 20.874020, 4.028321, -2.258301,Pick and Place
2479263, -0.600830, 0.125855, -0.711670, 20.141600, 4.638672, -3.173828,Pick and Place
2479283, -0.655029, 0.100708, -0.728760, 20.080560, 4.821778, -4.333496,Pick and Place
2479303, -0.670654, 0.109497, -0.735352, 18.249516, 9.460450, -6.835936,Pick and Place
2479323, -0.650513, 0.085083, -0.753906, 17.883300, 11.840818, -10.253904,Pick and Place
2479343, -0.588623, 0.042480, -0.761841, 15.014646, 8.361816, -10.498044,Pick and Place
2479363, -0.596436, 0.041016, -0.814820, 6.225584, -5.249022, -3.234863,Pick and Place
2479383, -0.849243, 0.086670, -0.836914, 4.516602, 0.976562, 0.183105,Pick and Place
2479403, -0.731445, 0.084717, -0.827881, 0.122070, 11.779784, 0.244141,Pick and Place
2479423, -0.692505, 0.115112, -0.828858, -0.122070, 9.460450, -0.549316,Pick and Place
2479443, -0.677734, 0.125732, -0.814453, -0.549316, 8.666994, -1.403808,Pick and Place
2479463, -0.604492, 0.120605, -0.813843, -1.586914, 8.544924, -2.075196,Pick and Place
2479483, -0.575073, 0.100708, -0.795898, -2.319336, -2.075196, -1.953124,Pick and Place
2479503, -0.628662, 0.126709, -0.760254, -1.586914, -7.446288, -3.784179,Pick and Place
2479523, -0.653320, 0.123535, -0.749634, 0.122070, -5.798338, -3.417968,Pick and Place
2479543, -0.667236, 0.088745, -0.759888, 1.647949, 0.976562, -2.502442,Pick and Place
2479563, -0.673706, 0.101196, -0.748535, 1.525878, 4.333496, -1.159668,Pick and Place
2479583, -0.659424, 0.113647, -0.747070, 1.953124, 1.770019, -1.708984,Pick and Place
2479603, -0.675537, 0.112671, -0.750122, 2.868652, -0.122070, -3.234863,Pick and Place
2479623, -0.667358, 0.086670, -0.754028, 1.831054, -0.122070, -3.845214,Pick and Place
2479643, -0.688721, 0.118286, -0.745728, 0.366211, 1.892090, 0.183105,Pick and Place
2479663, -0.647827, 0.123413, -0.733643, 0.244141, 0.183105, 1.159668,Pick and Place
2479683, -0.642334, 0.130371, -0.729370, 2.136231, -2.441407, -2.502442,Pick and Place
2479703, -0.597168, 0.098999, -0.733154, 2.868652, -8.789064, -5.310058,Pick and Place
2479723, -0.670288, 0.093750, -0.727295, 2.502442, -8.422854, -4.638672,Pick and Place
2479743, -0.692139, 0.098145, -0.714844, 4.638672, -1.220704, -5.187988,Pick and Place
2479763, -0.619629, 0.074585, -0.716187, 3.967285, 1.708984, -2.380371,Pick and Place
2479783, -0.657104, 0.087891, -0.757324, 3.967285, -0.427246, 0.183105,Pick and Place
2479803, -0.666870, 0.098755, -0.743652, 4.028321, -1.647949, 0.915527,Pick and Place
2479823, -0.680542, 0.111572, -0.745606, 4.455568, -0.061035, -1.281738,Pick and Place
2479843, -0.664795, 0.085083, -0.774536, 3.479003, 1.220704, -3.417968,Pick and Place
2479863, -0.652100, 0.058228, -0.789673, 1.892090, -1.403808, -4.211426,Pick and Place
2479883, -0.692017, 0.040771, -0.801270, 0.976562, -1.953124, -2.685546,Pick and Place
2479903, -0.703247, 0.034424, -0.826294, -1.525878, 3.234863, -0.915527,Pick and Place
2479923, -0.697388, 0.005127, -0.882446, -3.356933, 5.798338, 0.427246,Pick and Place
2479943, -0.665405, -0.037720, -0.906128, -9.216310, 3.784179, 0.183105,Pick and Place
2479963, -0.613526, -0.042480, -0.889771, -15.563964, -0.854492, -0.549316,Pick and Place
2479983, -0.613159, -0.063477, -0.864990, -19.775390, -4.699708, -1.953124,Pick and Place
2480003, -0.620728, -0.058960, -0.859619, -25.634760, 0.122070, -2.197266,Pick and Place
2480023, -0.612061, -0.035156, -0.866333, -27.221676, 10.925290, -3.845214,Pick and Place
2480043, -0.534058, -0.030273, -0.862427, -28.076170, 20.568840, -5.981444,Pick and Place
2480063, -0.442993, -0.036987, -0.864624, -29.418940, 18.066410, -8.117676,Pick and Place
2480083, -0.338257, -0.032593, -0.820679, -30.883784, 1.342773, -12.268064,Pick and Place
2480103, -0.353882, 0.012451, -0.755371, -30.822750, -11.779784, -21.301268,Pick and Place
2480123, -0.399048, 0.033081, -0.740723, -25.085448, -7.995604, -29.479976,Pick and Place
2480143, -0.379883, 0.011108, -0.790283, -22.338860, 0.000000, -33.874520,Pick and Place
2480164, -0.449829, 0.022339, -0.806274, -22.888180, -3.540038, -36.315920,Pick and Place
2480184, -0.677734, 0.068970, -0.758545, -19.104010, 0.305176, -42.541500,Pick and Place
2480204, -0.820801, 0.090210, -0.743286, -16.601568, 30.090330, -49.682610,Pick and Place
2480224, -0.853272, 0.030151, -0.786255, -17.700200, 60.119620, -50.903310,Pick and Place
2480244, -0.778076, 0.041382, -0.815430, -28.137200, 68.176280, -46.325680,Pick and Place
2480264, -0.737915, 0.141602, -0.818970, -32.592780, 61.645500, -38.940440,Pick and Place
2480284, -0.803101, 0.181030, -0.812256, -30.029290, 60.119620, -37.231450,Pick and Place
2480304, -0.849854, 0.171997, -0.797363, -28.320310, 72.998060, -40.588370,Pick and Place
2480324, -0.844849, 0.186646, -0.767090, -28.381340, 90.393060, -39.672860,Pick and Place
2480344, -0.659912, 0.215942, -0.728394, -30.334470, 93.811020, -34.790040,Pick and Place
2480364, -0.606934, 0.288086, -0.710938, -23.864740, 81.665020, -31.188960,Pick and Place
2480384, -0.711304, 0.272827, -0.718994, -11.413570, 82.580560, -31.127924,Pick and Place
2480404, -0.667114, 0.241089, -0.720581, -6.835936, 96.191400, -30.761716,Pick and Place
2480424, -0.449341, 0.312134, -0.691528, -1.281738, 85.144020, -25.817870,Pick and Place
2480444, -0.388916, 0.315674, -0.648438, 11.291500, 63.598620, -23.071284,Pick and Place
2480464, -0.415894, 0.221558, -0.622192, 21.057124, 42.968740, -22.521970,Pick and Place
2480484, -0.475464, 0.166992, -0.652832, 19.165040, 39.917000, -19.836430,Pick and Place
2480504, -0.482300, 0.188110, -0.813110, 14.404296, 57.006820, -10.925290,Pick and Place
2480524, -0.375366, 0.153198, -0.902832, 10.803220, 66.955580, -5.126952,Pick and Place
2480544, -0.200317, 0.164917, -0.897339, 7.080076, 49.621580, -5.981444,Pick and Place
2480564, -0.161377, 0.172363, -0.921143, 10.314940, 17.517090, -8.789064,Pick and Place
2480584, -0.209229, 0.123291, -0.991333, 13.305660, -15.502928, -9.277344,Pick and Place
2480604, -0.273926, 0.143799, -1.026368, 7.507323, -58.532700, -1.159668,Pick and Place
2480624, -0.550659, 0.112305, -1.018188, 10.559080, -46.020500, 7.629394,Pick and Place
2480644, -0.618164, 0.109131, -1.015137, -1.831054, -12.084960, 9.887696,Pick and Place
2480664, -0.426392, 0.189575, -1.019898, -4.089356, 2.197266, 14.587400,Pick and Place
2480684, -0.397461, 0.209473, -0.985596, -1.342773, -3.723144, 18.676760,Pick and Place
2480704, -0.392700, 0.151611, -0.970093, 0.488281, -4.699708, 19.226080,Pick and Place
2480724, -0.406494, 0.122070, -0.969238, -1.647949, -10.070800, 18.371584,Pick and Place
2480744, -0.434692, 0.116333, -0.986572, -5.004884, -12.634276, 24.047850,Pick and Place
2480764, -0.453369, 0.138794, -1.005249, -6.225584, -16.845708, 30.761716,Pick and Place
2480784, -0.449585, 0.156982, -0.968750, -5.676268, -19.897460, 35.400400,Pick and Place
2480804, -0.483887, 0.158325, -0.922608, -4.028321, -23.376460, 39.978040,Pick and Place
2480824, -0.483887, 0.187622, -0.877686, -3.173828, -26.184080, 45.959460,Pick and Place
2480844, -0.456299, 0.199585, -0.856079, -3.112792, -29.724120, 54.199210,Pick and Place
2480864, -0.494385, 0.218506, -0.836670, 0.122070, -31.738280, 57.800280,Pick and Place
2480884, -0.515015, 0.209595, -0.823242, 3.845214, -29.968260, 58.715810,Pick and Place
2480904, -0.521118, 0.204102, -0.821533, 7.141112, -22.216790, 58.654780,Pick and Place
2480924, -0.462280, 0.219360, -0.824707, 10.131832, -13.427732, 59.509270,Pick and Place
2480944, -0.407715, 0.200928, -0.815430, 14.038084, -10.253904, 59.082020,Pick and Place
2480964, -0.359985, 0.159912, -0.804444, 17.944340, -12.695310, 57.189930,Pick and Place
2480984, -0.355591, 0.143677, -0.832031, 21.850580, -17.028810, 55.053700,Pick and Place
2481004, -0.358521, 0.140503, -0.853882, 25.268550, -15.991210, 53.100580,Pick and Place
2481024, -0.347534, 0.145996, -0.872314, 29.968260, -11.169430, 51.635740,Pick and Place
2481044, -0.305908, 0.118286, -0.865723, 33.874520, -6.835936, 47.180160,Pick and Place
2481064, -0.237549, 0.107300, -0.820801, 36.438000, -5.249022, 37.841800,Pick and Place
2481084, -0.316284, 0.104980, -0.852905, 40.954580, -1.586914, 30.273430,Pick and Place
2481104, -0.348022, 0.038452, -0.922363, 42.053220, 8.972170, 24.230950,Pick and Place
2481124, -0.315552, -0.037598, -0.951538, 39.550780, 21.606440, 20.385740,Pick and Place
2481144, -0.250732, -0.059570, -0.959595, 32.043460, 22.644040, 18.676760,Pick and Place
2481164, -0.207031, -0.003174, -0.955200, 26.916500, 10.192870, 16.540530,Pick and Place
2481184, -0.176758, 0.037231, -0.937378, 27.893060, -7.995604, 13.000484,Pick and Place
2481204, -0.234375, 0.043091, -0.957886, 31.799310, -20.446770, 7.690428,Pick and Place
2481224, -0.454346, -0.059937, -0.982910, 36.926280, -11.291500, 1.281738,Pick and Place
2481244, -0.504395, -0.162964, -0.959839, 28.381340, 16.723632, 0.366211,Pick and Place
2481264, -0.342041, -0.097778, -0.928711, 20.141600, 38.208020, 5.859374,Pick and Place
2481284, -0.179443, -0.043091, -0.927002, 19.897460, 26.123040, 8.239746,Pick and Place
2481304, -0.124023, -0.023315, -0.941406, 19.653320, 5.676268, 2.258301,Pick and Place
2481324, -0.332886, -0.031738, -0.980103, 24.963376, 0.854492, -4.882814,Pick and Place
2481344, -0.456543, -0.178711, -1.014526, 21.972650, 21.972650, -7.080076,Pick and Place
2481364, -0.346314, -0.192383, -1.019532, 9.948730, 37.048340, -4.150392,Pick and Place
2481384, -0.217407, -0.237915, -1.098755, 2.685546, 33.325200, 4.028321,Pick and Place
2481404, -0.165039, -0.271484, -1.089600, -8.056642, 8.056642, 2.990722,Pick and Place
2481424, -0.166992, -0.171265, -1.091064, -18.493652, -17.028810, 1.525878,Pick and Place
2481444, -0.273682, -0.148071, -1.043091, -22.888180, -29.846190, 1.037598,Pick and Place
2481464, -0.318848, -0.119873, -1.027832, -30.822750, -25.756830, 2.014160,Pick and Place
2481484, -0.327881, -0.070923, -1.058350, -38.269050, -15.930172, 5.371092,Pick and Place
2481504, -0.270630, 0.005981, -1.028564, -45.349110, -19.409180, 8.666994,Pick and Place
2481524, -0.224854, 0.223633, -0.924805, -49.621580, -27.832030, 4.150392,Pick and Place
2481544, -0.239868, 0.296631, -0.901856, -47.058100, -35.217290, 1.342773,Pick and Place
2481564, -0.367188, 0.293091, -0.970581, -46.630850, -33.813480, 1.770019,Pick and Place
2481584, -0.424438, 0.324341, -0.998779, -48.706040, -23.803708, 0.305176,Pick and Place
2481604, -0.344971, 0.415527, -0.968384, -42.419420, -21.789548, -2.502442,Pick and Place
2481624, -0.354370, 0.398804, -0.945190, -30.761716, -29.846190, -11.108396,Pick and Place
2481644, -0.382080, 0.338501, -0.886841, -21.118160, -42.053220, -18.798830,Pick and Place
2481664, -0.480591, 0.309326, -0.796997, -11.352536, -52.185050, -23.315424,Pick and Place
2481684, -0.562866, 0.275513, -0.770752, -2.624511, -47.912590, -23.071284,Pick and Place
2481704, -0.522827, 0.204590, -0.816406, 1.953124, -37.231450, -19.104010,Pick and Place
2481724, -0.545410, 0.154785, -0.811279, 3.784179, -28.625480, -12.390136,Pick and Place
2481744, -0.440430, 0.169189, -0.702271, 4.272462, -48.828120, -6.774902,Pick and Place
2481764, -0.522339, 0.181274, -0.719604, 7.446288, -66.467300, -8.911134,Pick and Place
2481784, -0.600220, 0.170654, -0.748169, 10.131832, -58.837880, -12.634276,Pick and Place
2481804, -0.569824, 0.157227, -0.775635, 12.329100, -40.649400, -15.747068,Pick and Place
2481824, -0.534668, 0.129639, -0.751465, 14.221190, -29.174800, -15.014646,Pick and Place
2481844, -0.501709, 0.098755, -0.717163, 16.296390, -33.569340, -10.803220,Pick and Place
2481864, -0.574829, 0.063721, -0.747681, 17.639160, -40.954580, -8.850100,Pick and Place
2481884, -0.652710, 0.034790, -0.780762, 15.869140, -34.484870, -10.314940,Pick and Place
2481904, -0.679688, 0.030396, -0.798462, 12.939450, -19.287110, -12.390136,Pick and Place
2481924, -0.674438, 0.022705, -0.816284, 11.108396, -8.605960, -11.047360,Pick and Place
2481944, -0.619385, 0.017578, -0.805664, 8.117676, -9.338380, -7.385252,Pick and Place
2481964, -0.559204, 0.117188, -0.756226, 6.591796, -26.550290, -5.065916,Pick and Place
2481984, -0.641602, 0.119385, -0.798462, 9.582520, -20.690910, -6.042480,Pick and Place
2482004, -0.594604, 0.106079, -0.814575, 7.202148, -9.765626, -8.178714,Pick and Place
2482024, -0.604370, 0.115967, -0.801880, 8.605960, 0.244141, -10.681150,Pick and Place
2482044, -0.572632, 0.105957, -0.785278, 8.239746, 6.774902, -10.559080,Pick and Place
2482064, -0.518921, 0.095703, -0.775146, 10.314940, 3.295898, -9.277344,Pick and Place
2482084, -0.639526, 0.035278, -0.833984, 9.094240, 1.464844, -8.544924,Pick and Place
2482104, -0.720825, -0.079224, -0.911255, 4.272462, 13.977050, -7.751464,Pick and Place
2482124, -0.647705, 0.027710, -0.869629, -7.385252, 9.094240, -1.403808,Pick and Place
2482144, -0.608032, -0.025146, -0.867310, -2.136231, 12.939450, -2.380371,Pick and Place
2482164, -0.517822, -0.044678, -0.880737, -7.812498, 2.075196, -0.488281,Pick and Place
2482184, -0.643066, -0.105469, -0.869019, -10.742184, -3.540038, 1.953124,Pick and Place
2482204, -0.659058, -0.076172, -0.877930, -14.465330, -2.380371, 3.173828,Pick and Place
2482224, -0.594238, -0.046265, -0.884278, -17.089850, -2.319336, 3.417968,Pick and Place
2482244, -0.568237, -0.031006, -0.883179, -20.080560, -5.187988, 3.417968,Pick and Place
2482264, -0.579468, -0.058228, -0.887085, -23.071284, -5.432128, 3.967285,Pick and Place
2482284, -0.573242, -0.071167, -0.868774, -29.357908, -0.366211, 3.295898,Pick and Place
2482304, -0.541870, -0.035278, -0.845947, -34.301760, 2.563476, 2.075196,Pick and Place
2482324, -0.520264, -0.000732, -0.843994, -36.987310, 4.272462, -0.732422,Pick and Place
2482344, -0.498413, 0.006104, -0.852905, -38.574220, 4.516602, -5.859374,Pick and Place
2482364, -0.489136, 0.018677, -0.861694, -39.978040, 2.746581, -11.596676,Pick and Place
2482384, -0.453125, 0.067627, -0.842774, -41.748040, -3.295898, -16.845708,Pick and Place
2482404, -0.481812, 0.102173, -0.834351, -40.344230, -11.169430, -25.024410,Pick and Place
2482424, -0.518311, 0.103882, -0.835327, -41.015620, -8.239746, -30.395500,Pick and Place
2482444, -0.561157, 0.140991, -0.809448, -40.954580, 1.281738, -33.752440,Pick and Place
2482464, -0.585327, 0.169189, -0.784058, -38.391120, 15.380856, -36.499030,Pick and Place
2482484, -0.536255, 0.199097, -0.751221, -36.804200, 23.864740, -37.475590,Pick and Place
2482504, -0.544190, 0.192993, -0.743042, -33.386240, 28.503410, -37.170420,Pick and Place
2482524, -0.648926, 0.168701, -0.750977, -32.470710, 41.320790, -37.902840,Pick and Place
2482544, -0.660889, 0.167236, -0.733521, -33.447270, 58.898920, -40.344230,Pick and Place
2482564, -0.600830, 0.217896, -0.724487, -32.470710, 67.871100, -42.541500,Pick and Place
2482584, -0.552490, 0.221680, -0.743530, -28.869624, 61.950680, -43.334950,Pick and Place
2482604, -0.498779, 0.204102, -0.738159, -27.404780, 45.104970, -43.823240,Pick and Place
2482624, -0.553955, 0.303467, -0.697632, -22.521970, 16.113284, -46.386710,Pick and Place
2482644, -0.618042, 0.314453, -0.681030, -15.930172, 8.972170, -48.461900,Pick and Place
2482664, -0.628174, 0.304443, -0.669068, -12.145992, 9.399414, -48.095700,Pick and Place
2482684, -0.644043, 0.302002, -0.668579, -7.446288, 7.751464, -44.311520,Pick and Place
2482704, -0.625366, 0.307617, -0.670410, -3.173828, 0.610352, -37.963880,Pick and Place
2482724, -0.632324, 0.289673, -0.687256, 2.563476, -5.615234, -33.935560,Pick and Place
2482744, -0.689087, 0.242920, -0.695435, 5.737304, -3.112792, -30.578610,Pick and Place
2482764, -0.686402, 0.225098, -0.678589, 5.187988, -0.671386, -27.954100,Pick and Place
2482784, -0.684082, 0.237549, -0.677612, 6.774902, -2.624511, -25.207516,Pick and Place
2482804, -0.682129, 0.194946, -0.714478, 9.094240, -4.455568, -22.399900,Pick and Place
2482824, -0.606323, 0.142456, -0.805664, 1.464844, -21.362300, -8.789064,Pick and Place
2482844, -0.732422, 0.123291, -0.868408, -1.220704, -11.596676, -7.995604,Pick and Place
2482864, -0.567017, 0.186035, -0.803467, -5.432128, -22.033690, -4.394532,Pick and Place
2482884, -0.706909, 0.201660, -0.765381, 1.098633, -27.709956, -0.244141,Pick and Place
2482904, -0.694702, 0.139160, -0.782837, 1.525878, -7.019042, -3.906249,Pick and Place
2482924, -0.581421, 0.149048, -0.791260, 0.549316, -1.037598, -2.990722,Pick and Place
2482944, -0.629272, 0.141602, -0.825440, 4.089356, 3.601074, 0.061035,Pick and Place
2482964, -0.598145, 0.108032, -0.873657, 2.197266, 8.605960, 0.915527,Pick and Place
2482984, -0.542847, 0.109497, -0.878296, -1.342773, 4.638672, 0.244141,Pick and Place
2483004, -0.532227, 0.129761, -0.847778, -2.380371, -4.882814, -1.586914,Pick and Place
2483024, -0.563599, 0.150269, -0.822022, -0.976562, -8.850100, -5.126952,Pick and Place
2483044, -0.615356, 0.125366, -0.833252, 0.732422, -4.638672, -5.371092,Pick and Place
2483064, -0.610718, 0.064453, -0.834473, -2.746581, 2.563476, -2.075196,Pick and Place
2483084, -0.572998, 0.085205, -0.811768, -3.479003, -1.953124, 0.244141,Pick and Place
2483104, -0.606812, 0.051758, -0.729614, 0.549316, -5.981444, -1.770019,Pick and Place
2483124, -0.571533, 0.048584, -0.747925, -10.681150, -6.774902, 1.281738,Pick and Place
2483144, -0.740234, 0.085815, -0.677856, -12.573240, 14.465330, 2.136231,Pick and Place
2483164, -0.667480, 0.068481, -0.634522, -20.324700, 39.672860, 10.803220,Pick and Place
2483184, -0.747314, 0.069458, -0.762451, -31.066890, 67.871100, 17.822270,Pick and Place
2483204, -0.709961, 0.081055, -0.839722, -47.180160, 99.243160, 30.273430,Pick and Place
2483224, -0.555054, 0.109375, -0.886963, -61.767570, 97.717260, 45.349110,Pick and Place
2483244, -0.570435, 0.181519, -1.005494, -68.054200, 75.805680, 59.814440,Pick and Place
2483264, -0.648194, 0.306763, -0.978516, -60.546860, 56.884760, 68.359400,Pick and Place
2483284, -0.522217, 0.409424, -0.841187, -42.297360, 32.653820, 69.396980,Pick and Place
2483304, -0.535034, 0.442139, -0.852417, -30.334470, 30.212400, 68.237320,Pick and Place
2483324, -0.441772, 0.444458, -0.827393, -16.174320, 33.203130, 70.068360,Pick and Place
2483344, -0.410645, 0.471680, -0.708618, -3.601074, 28.198240, 68.664560,Pick and Place
2483364, -0.354858, 0.473267, -0.615601, 6.591796, 15.258788, 69.030760,Pick and Place
2483384, -0.334961, 0.450440, -0.615723, 15.014646, 10.559080, 69.091800,Pick and Place
2483404, -0.327271, 0.424561, -0.672608, 23.620600, 14.343260, 69.213880,Pick and Place
2483424, -0.228882, 0.420288, -0.685303, 28.320310, 8.483890, 70.861840,Pick and Place
2483444, -0.160034, 0.453247, -0.684326, 34.912120, -14.160152, 68.908700,Pick and Place
2483464, -0.208374, 0.443482, -0.725464, 42.663560, -36.743170, 61.279280,Pick and Place
2483484, -0.244629, 0.416748, -0.823120, 52.795400, -41.198720, 51.635740,Pick and Place
2483504, -0.195190, 0.391235, -0.909180, 61.889640, -34.606940, 40.466300,Pick and Place
2483524, -0.156128, 0.398682, -0.827637, 69.152840, -36.315920, 36.804200,Pick and Place
2483544, -0.219605, 0.337158, -0.725708, 73.303240, -46.630850, 31.799310,Pick and Place
2483564, -0.409424, 0.236084, -0.821655, 76.355000, -34.973150, 23.437492,Pick and Place
2483584, -0.385498, 0.178101, -0.965576, 76.171900, -9.155274, 18.005376,Pick and Place
2483604, -0.308960, 0.145874, -1.120606, 80.383280, 2.014160, 16.906740,Pick and Place
2483624, -0.253662, 0.066650, -1.115356, 81.542960, -8.361816, 11.474608,Pick and Place
2483644, -0.194580, 0.077637, -0.914917, 77.819840, -29.052730, -0.183105,Pick and Place
2483664, -0.352905, 0.062866, -0.852173, 75.012220, -30.212400, -17.883300,Pick and Place
2483684, -0.357788, 0.004395, -0.964234, 67.016600, -9.887696, -18.676760,Pick and Place
2483704, -0.194092, -0.050781, -1.048340, 59.326160, 0.183105, -9.338380,Pick and Place
2483724, -0.190796, -0.045654, -0.916626, 46.569820, -19.226080, -1.708984,Pick and Place
2483744, -0.307495, -0.016846, -0.825440, 48.217760, -24.169920, -5.859374,Pick and Place
2483764, -0.410767, -0.105225, -0.900269, 47.790520, -11.901852, -8.056642,Pick and Place
2483784, -0.424927, -0.189331, -1.029663, 36.315920, 6.164550, -2.868652,Pick and Place
2483804, -0.321289, -0.156250, -1.065064, 23.742670, 11.169430, 4.760742,Pick and Place
2483824, -0.221802, -0.101196, -1.007935, 18.920900, -6.469726, 4.943848,Pick and Place
2483844, -0.301880, -0.095215, -0.965942, 18.493652, -21.484370, -2.502442,Pick and Place
2483864, -0.380371, -0.108765, -0.953247, 17.700200, -16.479492, -15.380856,Pick and Place
2483884, -0.368408, -0.163818, -0.953736, 11.047360, 4.699708, -10.314940,Pick and Place
2483904, -0.256226, -0.152710, -1.043579, 3.662109, 7.629394, 1.220704,Pick and Place
2483924, -0.222656, -0.215576, -1.111450, -3.417968, -4.394532, 6.896972,Pick and Place
2483944, -0.385620, -0.186401, -1.017212, -12.084960, -37.780760, 5.310058,Pick and Place
2483964, -0.472778, -0.214233, -1.028198, -7.995604, -19.531250, 0.610352,Pick and Place
2483984, -0.432373, -0.255249, -1.013062, -14.221190, 10.192870, -0.976562,Pick and Place
2484004, -0.295532, -0.251953, -1.062134, -18.188480, 24.902340, 2.563476,Pick and Place
2484024, -0.171997, -0.277588, -1.060913, -24.780270, 15.624996, 0.976562,Pick and Place
2484044, -0.127686, -0.213867, -1.014038, -29.968260, -10.742184, -5.065916,Pick and Place
2484064, -0.221069, -0.184204, -0.965576, -32.897960, -27.648920, -13.366696,Pick and Place
2484084, -0.292847, -0.132568, -0.964356, -36.254890, -28.564450, -18.310550,Pick and Place
2484104, -0.357544, -0.076782, -0.977905, -37.048340, -14.465330, -22.277830,Pick and Place
2484124, -0.345581, -0.060791, -0.997925, -37.414560, 1.159668, -27.587884,Pick and Place
2484144, -0.302612, -0.055908, -0.988281, -37.536620, 9.582520, -34.973150,Pick and Place
2484164, -0.259766, 0.016602, -0.914307, -36.865240, 8.728030, -41.625960,Pick and Place
2484184, -0.327148, 0.038086, -0.912354, -34.057620, 8.300784, -45.349110,Pick and Place
2484204, -0.394409, 0.015015, -0.909424, -32.043460, 11.657712, -50.659170,Pick and Place
2484224, -0.424072, 0.028198, -0.882935, -30.761716, 15.014646, -54.748520,Pick and Place
2484244, -0.433350, 0.086182, -0.805908, -28.381340, 21.179192, -55.908200,Pick and Place
2484264, -0.440674, 0.165161, -0.791870, -20.690910, 29.724120, -50.781240,Pick and Place
2484284, -0.474732, 0.142090, -0.861816, -10.253904, 40.222160, -45.043940,Pick and Place
2484304, -0.448730, 0.089478, -0.920532, -5.615234, 46.447740, -40.466300,Pick and Place
2484324, -0.384033, 0.093994, -0.901856, -5.187988, 39.550780, -36.987310,Pick and Place
2484344, -0.374390, 0.145020, -0.877197, -2.807617, 23.742670, -34.240730,Pick and Place
2484364, -0.397949, 0.143311, -0.880615, 1.159668, 10.009768, -33.996590,Pick and Place
2484384, -0.442139, 0.117554, -0.884278, 0.976562, 4.638672, -32.409680,Pick and Place
2484404, -0.474487, 0.115845, -0.876343, -0.915527, 10.681150, -28.747552,Pick and Place
2484424, -0.449707, 0.120239, -0.885498, 0.549316, 16.601568, -25.573724,Pick and Place
2484444, -0.368408, 0.119995, -0.900879, 0.366211, 15.808104, -22.888180,Pick and Place
2484464, -0.322876, 0.130371, -0.902954, 1.098633, 4.455568, -19.470220,Pick and Place
2484484, -0.361938, 0.132202, -0.886719, 2.624511, -8.300784, -20.446770,Pick and Place
2484504, -0.471069, 0.125244, -0.907471, 4.577638, -8.361816, -20.507810,Pick and Place
2484524, -0.424683, 0.138184, -0.893188, 7.629394, 0.305176, -22.949216,Pick and Place
2484544, -0.328491, 0.111084, -0.870972, 8.117676, 7.446288, -17.761230,Pick and Place
2484564, -0.328980, 0.063843, -0.916992, 5.065916, 5.676268, -13.732908,Pick and Place
2484584, -0.334351, 0.060059, -0.990967, -3.356933, -15.380856, -10.131832,Pick and Place
2484604, -0.527710, 0.063843, -1.105225, -0.671386, -11.840818, -12.817380,Pick and Place
2484624, -0.460449, 0.024658, -1.108154, -6.469726, -2.197266, -17.395020,Pick and Place
2484644, -0.346802, 0.035767, -1.030396, -12.634276, 2.258301, -17.028810,Pick and Place
2484664, -0.280396, 0.044312, -0.973267, -13.671872, -0.183105, -13.916012,Pick and Place
2484684, -0.326172, 0.032104, -0.949585, -11.901852, -1.403808, -11.901852,Pick and Place
2484704, -0.353516, 0.000000, -0.947266, -10.803220, 1.831054, -10.314940,Pick and Place
2484724, -0.300537, -0.010742, -0.928711, -11.901852, 7.751464, -10.742184,Pick and Place
2484744, -0.220703, 0.004761, -0.910889, -11.230468, 7.507323, -10.375976,Pick and Place
2484764, -0.197754, 0.021362, -0.895264, -9.033204, -0.366211, -8.239746,Pick and Place
2484784, -0.218140, 0.033203, -0.882812, -5.737304, -6.347656, -6.042480,Pick and Place
2484804, -0.337036, 0.014282, -0.918823, -3.845214, -4.943848, -4.028321,Pick and Place
2484824, -0.355957, -0.021606, -0.956055, -11.352536, 6.591796, -3.784179,Pick and Place
2484844, -0.294434, 0.049561, -0.922119, -10.375976, 7.019042, -4.455568,Pick and Place
2484864, -0.247437, 0.046509, -0.924316, -8.728030, -0.976562, -4.577638,Pick and Place
2484884, -0.297852, 0.055054, -0.937866, -8.911134, -10.375976, -5.065916,Pick and Place
2484904, -0.335693, 0.047729, -0.939331, -5.920409, -8.666994, -6.530760,Pick and Place
2484924, -0.335571, 0.032959, -0.937500, -6.042480, -5.615234, -6.591796,Pick and Place
2484944, -0.340576, 0.048828, -0.932373, -6.286620, -1.159668, -3.112792,Pick and Place
2484964, -0.310181, 0.067871, -0.934082, -5.187988, -0.183105, -1.647949,Pick and Place
2484984, -0.324951, 0.075562, -0.937378, -2.990722, -2.136231, -1.464844,Pick and Place
2485004, -0.351807, 0.056885, -0.942017, -1.647949, -1.708984, -1.220704,Pick and Place
2485024, -0.382813, 0.043701, -0.941040, -3.356933, 2.197266, -1.403808,Pick and Place
2485044, -0.284180, 0.052490, -0.913940, -9.887696, 6.835936, 1.586914,Pick and Place
2485064, -0.332153, 0.054199, -0.972900, -13.916012, 7.690428, 5.615234,Pick and Place
2485084, -0.311401, 0.071777, -1.032715, -21.118160, 3.112792, 6.408690,Pick and Place
2485104, -0.268555, 0.132446, -0.987061, -25.085448, -5.249022, 2.380371,Pick and Place
2485124, -0.244995, 0.171875, -0.890381, -26.611320, -11.779784, -4.394532,Pick and Place
2485144, -0.314697, 0.166382, -0.928955, -28.930660, -12.939450, -4.516602,Pick and Place
2485164, -0.330566, 0.151978, -1.000854, -37.780760, -13.122556, -1.098633,Pick and Place
2485184, -0.287720, 0.224976, -1.039062, -39.611820, -17.883300, 4.333496,Pick and Place
2485204, -0.244629, 0.260742, -0.917969, -35.949720, -27.221676, 3.662109,Pick and Place
2485224, -0.229370, 0.308960, -0.852539, -29.541010, -43.212880, 2.319336,Pick and Place
2485244, -0.418335, 0.244385, -0.932617, -21.911620, -43.579090, -1.159668,Pick and Place
2485264, -0.414185, 0.188232, -0.877930, -23.620600, -21.789548, -3.112792,Pick and Place
2485284, -0.363770, 0.250855, -0.857910, -21.606440, -18.981940, -0.305176,Pick and Place
2485304, -0.297119, 0.259522, -0.896362, -20.385740, -26.428220, 1.647949,Pick and Place
2485324, -0.291260, 0.276245, -0.903198, -20.629880, -47.607410, 1.464844,Pick and Place
2485344, -0.492920, 0.271240, -0.926880, -14.038084, -52.307120, -6.652830,Pick and Place
2485364, -0.497437, 0.213135, -0.930176, -14.404296, -35.766600, -13.793944,Pick and Place
2485384, -0.456421, 0.243774, -0.889771, -13.000484, -28.259270, -11.291500,Pick and Place
2485404, -0.431030, 0.255737, -0.821289, -6.896972, -32.470710, -6.835936,Pick and Place
2485424, -0.423096, 0.252319, -0.793091, -0.732422, -40.954580, -5.310058,Pick and Place
2485444, -0.494141, 0.237305, -0.834717, 6.469726, -41.198720, -7.568358,Pick and Place
2485464, -0.493164, 0.201172, -0.831421, 10.498044, -35.766600, -7.751464,Pick and Place
2485484, -0.417725, 0.202637, -0.717407, 13.549804, -46.386710, -4.821778,Pick and Place
2485544, -0.672608, 0.089111, -0.844238, 15.258788, -27.465816, -7.507323,Pick and Place
2485564, -0.601562, 0.113647, -0.815918, 7.995604, -15.808104, -1.586914,Pick and Place
2485584, -0.651001, 0.151611, -0.756714, 5.371092, -9.399414, 2.441407,Pick and Place
2485604, -0.639282, 0.118652, -0.768677, 2.380371, -13.610836, 7.324218,Pick and Place
2485624, -0.752442, 0.060059, -0.873902, -0.061035, -20.385740, 8.972170,Pick and Place
2485684, -0.619995, 0.217163, -0.765015, -10.375976, -14.648436, 25.756830,Pick and Place
2485704, -0.721070, 0.263794, -0.778198, -9.033204, -16.662600, 28.625480,Pick and Place
2485724, -0.719971, 0.288940, -0.755371, -8.178714, -9.948730, 31.066890,Pick and Place
2485744, -0.670776, 0.318482, -0.731812, -5.737304, -13.183590, 35.644540,Pick and Place
2485764, -0.660889, 0.329346, -0.717774, -0.793457, -22.094720, 38.635260,Pick and Place
2485784, -0.661499, 0.338379, -0.685669, 4.577638, -29.296870, 40.405260,Pick and Place
2485804, -0.654175, 0.333008, -0.654053, 9.826660, -31.005852, 41.687000,Pick and Place
2485824, -0.666016, 0.319214, -0.645752, 14.892576, -26.123040, 42.602530,Pick and Place
2485844, -0.643311, 0.305420, -0.647583, 19.165040, -19.836430, 44.555660,Pick and Place
2485864, -0.612183, 0.308106, -0.649170, 23.071284, -20.080560, 46.264640,Pick and Place
2485884, -0.589356, 0.300415, -0.652466, 27.404780, -24.230950, 44.799800,Pick and Place
2485904, -0.593872, 0.291138, -0.665772, 31.127924, -27.221676, 41.503900,Pick and Place
2485924, -0.584717, 0.257935, -0.662232, 33.935560, -27.526850, 37.536620,Pick and Place
2485944, -0.615845, 0.273560, -0.660400, 35.949720, -25.939940, 36.132820,Pick and Place
2485964, -0.606568, 0.258057, -0.667969, 39.062500, -20.263670, 34.545900,Pick and Place
2485984, -0.559082, 0.248291, -0.703736, 40.100100, -14.648436, 32.348640,Pick and Place
2486004, -0.525024, 0.252564, -0.717896, 39.672860, -9.582520, 30.151360,Pick and Place
2486024, -0.517334, 0.276001, -0.708496, 39.855960, -6.347656, 27.099608,Pick and Place
2486044, -0.530518, 0.265503, -0.727661, 41.687000, -5.187988, 22.460930,Pick and Place
2486064, -0.550049, 0.229370, -0.783203, 41.748040, -3.356933, 17.456060,Pick and Place
2486084, -0.536621, 0.200317, -0.804566, 39.672860, -5.249022, 13.366696,Pick and Place
2486104, -0.556396, 0.173584, -0.794556, 37.719730, -6.713866, 10.437010,Pick and Place
2486124, -0.536621, 0.161865, -0.790650, 34.790040, -7.385252, 9.704590,Pick and Place
2486144, -0.568970, 0.189087, -0.819336, 32.897960, -9.033204, 10.131832,Pick and Place
2486164, -0.591431, 0.162476, -0.841797, 32.287600, -5.920409, 8.666994,Pick and Place
2486184, -0.556519, 0.131592, -0.854492, 30.334470, -6.347656, 5.310058,Pick and Place
2486204, -0.538330, 0.135010, -0.829590, 26.916500, -7.202148, 1.281738,Pick and Place
2486224, -0.494263, 0.156372, -0.798462, 23.498530, -12.207030, -0.793457,Pick and Place
2486244, -0.534790, 0.136597, -0.802124, 23.376460, -14.648436, -2.685546,Pick and Place
2486264, -0.635376, 0.083740, -0.844849, 21.667476, -3.967285, -5.798338,Pick and Place
2486284, -0.606934, 0.047241, -0.848145, 18.066410, 7.080076, -6.042480,Pick and Place
2486304, -0.581543, 0.061646, -0.833984, 16.845708, 9.582520, -5.126952,Pick and Place
2486324, -0.554077, 0.069580, -0.811646, 16.113284, 6.652830, -3.662109,Pick and Place
2486344, -0.550537, 0.086060, -0.796509, 16.357424, 3.356933, -5.859374,Pick and Place
2486364, -0.574585, 0.034668, -0.851807, 9.582520, 6.774902, -4.821778,Pick and Place
2486384, -0.767944, 0.045044, -0.922608, 5.737304, 10.864256, -0.732422,Pick and Place
2486404, -0.683716, 0.057983, -0.909546, -0.244141, 21.606440, 2.197266,Pick and Place
2486424, -0.640137, 0.116821, -0.886475, -1.892090, 15.441892, 4.028321,Pick and Place
2486444, -0.584839, 0.106323, -0.874756, -3.601074, 15.441892, 0.244141,Pick and Place
2486464, -0.488770, 0.124512, -0.838623, -3.601074, 13.305660, -3.112792,Pick and Place
2486484, -0.501343, 0.134888, -0.809448, -2.380371, 10.192870, -3.356933,Pick and Place
2486504, -0.521362, 0.122192, -0.805054, -1.403808, 10.803220, -2.685546,Pick and Place
2486524, -0.543457, 0.086304, -0.820679, -0.915527, 13.122556, -3.784179,Pick and Place
2486544, -0.538452, 0.082031, -0.830078, -2.014160, 12.451170, -3.540038,Pick and Place
2486564, -0.573853, 0.124878, -0.800904, -0.732422, 7.873534, -2.319336,Pick and Place
2486584, -0.599121, 0.130371, -0.810059, 1.647949, 2.746581, -1.770019,Pick and Place
2486604, -0.599243, 0.128174, -0.824097, 1.403808, 8.239746, -2.136231,Pick and Place
2486624, -0.582276, 0.131470, -0.824829, 1.159668, 10.986324, -0.122070,Pick and Place
2486644, -0.549316, 0.161987, -0.810547, 0.793457, 6.896972, 1.770019,Pick and Place
2486664, -0.540772, 0.168823, -0.817871, 2.258301, 0.549316, 1.098633,Pick and Place
2486684, -0.553711, 0.165405, -0.811646, 4.455568, -2.441407, -0.122070,Pick and Place
2486704, -0.609009, 0.119263, -0.840332, 8.850100, -0.122070, -1.464844,Pick and Place
2486724, -0.532471, 0.041748, -0.838867, 7.446288, 9.582520, -0.488281,Pick and Place
2486744, -0.412232, 0.038330, -0.858521, 2.563476, -12.451170, 4.272462,Pick and Place
2486764, -0.591675, 0.032471, -0.904663, 2.990722, -21.179192, 2.075196,Pick and Place
2486784, -0.589844, -0.035767, -0.929077, -1.525878, -12.878416, -1.342773,Pick and Place
2486804, -0.588013, -0.096069, -0.938843, -10.009768, 3.234863, -0.183105,Pick and Place
2486824, -0.518433, -0.129517, -0.953491, -16.357424, 8.483890, 0.244141,Pick and Place
2486844, -0.491943, -0.157715, -0.954102, -22.888180, 10.803220, -2.197266,Pick and Place
2486864, -0.420898, -0.111328, -0.914673, -29.785150, 12.023924, -5.737304,Pick and Place
2486884, -0.415161, -0.056885, -0.903809, -28.686520, 17.456060, -12.145992,Pick and Place
2486904, -0.447510, -0.079224, -0.896362, -26.855464, 33.752440, -20.751950,Pick and Place
2486924, -0.317261, -0.083496, -0.863404, -28.808590, 43.395980, -29.602044,Pick and Place
2486944, -0.265015, -0.010010, -0.851074, -32.043460, 33.325200, -38.879400,Pick and Place
2486964, -0.301636, 0.134766, -0.803345, -32.470710, 25.451652, -45.410140,Pick and Place
2486984, -0.385498, 0.218018, -0.788208, -23.254390, 33.081060, -52.734360,Pick and Place
2487004, -0.449097, 0.194458, -0.827515, -18.005376, 51.818840, -61.035140,Pick and Place
2487024, -0.552246, 0.210449, -0.865479, -18.798830, 76.599140, -70.373540,Pick and Place
2487044, -0.546143, 0.230103, -0.882080, -18.920900, 90.881340, -75.866700,Pick and Place
2487064, -0.456421, 0.256714, -0.863892, -18.127448, 93.566880, -79.467800,Pick and Place
2487084, -0.448486, 0.210083, -0.866577, -10.864256, 84.045400, -78.308120,Pick and Place
2487104, -0.464233, 0.176758, -0.879395, -11.657712, 71.228040, -73.425300,Pick and Place
2487124, -0.518311, 0.196899, -0.870728, -7.934570, 61.096180, -67.932140,Pick and Place
2487144, -0.570557, 0.194458, -0.871094, -4.150392, 59.936520, -62.927240,Pick and Place
2487164, -0.555908, 0.196289, -0.893311, -0.122070, 63.476560, -56.396480,Pick and Place
2487184, -0.450440, 0.175049, -0.886108, 1.892090, 56.518540, -49.011220,Pick and Place
2487204, -0.341553, 0.221436, -0.830444, 2.502442, 30.822750, -37.536620,Pick and Place
2487224, -0.389648, 0.288208, -0.815796, 9.582520, 2.624511, -29.296870,Pick and Place
2487244, -0.526367, 0.225220, -0.834106, 15.441892, -10.437010, -21.240230,Pick and Place
2487264, -0.516236, 0.191650, -0.847412, 13.549804, -8.605960, -12.878416,Pick and Place
2487284, -0.365967, 0.149292, -0.841431, 3.295898, -20.996090, -2.136231,Pick and Place
2487304, -0.535767, 0.234375, -0.853516, 12.084960, -36.376960, 8.666994,Pick and Place
2487324, -0.733276, 0.117920, -0.939697, 5.065916, -12.390136, 13.366696,Pick and Place
2487344, -0.529297, 0.151489, -1.020630, -6.286620, 13.793944, 10.559080,Pick and Place
2487364, -0.383545, 0.229370, -0.984863, -5.187988, 8.666994, 12.207030,Pick and Place
2487384, -0.379150, 0.187744, -0.967652, -0.122070, -2.136231, 18.615724,Pick and Place
2487404, -0.352905, 0.161621, -0.958374, -2.502442, -14.587400, 20.874020,Pick and Place
2487424, -0.399780, 0.194336, -0.947022, 0.061035, -34.423840, 25.146480,Pick and Place
2487444, -0.513062, 0.169434, -0.932984, 2.685546, -38.635260, 31.066890,Pick and Place
2487464, -0.516113, 0.180298, -0.946411, 0.915527, -29.235832, 38.818360,Pick and Place
2487504, -0.484009, 0.197266, -0.909058, 1.281738, -27.404780, 47.363270,Pick and Place
2487524, -0.474854, 0.212402, -0.882324, 3.051757, -29.602044, 49.194320,Pick and Place
2487544, -0.511475, 0.217285, -0.872803, 5.737304, -29.663080, 52.062980,Pick and Place
2487564, -0.526489, 0.213989, -0.882812, 7.263182, -22.644040, 54.931630,Pick and Place
2487584, -0.494263, 0.210083, -0.898438, 8.789064, -16.662600, 57.006820,Pick and Place
2487624, -0.417480, 0.227295, -0.900146, 11.535644, -17.578130, 58.776840,Pick and Place
2487644, -0.422974, 0.223022, -0.870484, 15.624996, -16.662600, 56.945790,Pick and Place
2487664, -0.409302, 0.202271, -0.837280, 17.211920, -14.831540, 55.541980,Pick and Place
2487684, -0.406128, 0.182983, -0.829224, 23.437492, -10.009768, 54.016100,Pick and Place
2487704, -0.391480, 0.159180, -0.839356, 25.634760, -7.751464, 52.185050,Pick and Place
2487724, -0.353149, 0.155884, -0.840332, 28.564450, -8.544924, 50.292960,Pick and Place
2487744, -0.332275, 0.148926, -0.823486, 34.240730, -11.291500, 46.691880,Pick and Place
2487764, -0.306030, 0.113403, -0.811890, 37.963880, -13.244628, 41.442860,Pick and Place
2487784, -0.319580, 0.075073, -0.825318, 40.405260, -11.535644, 35.156260,Pick and Place
2487804, -0.336304, 0.049683, -0.847656, 42.297360, -5.493162, 29.541010,Pick and Place
2487824, -0.340820, -0.003418, -0.852661, 44.006340, 4.760742, 23.986810,Pick and Place
2487844, -0.294312, -0.052734, -0.857422, 42.053220, 10.437010, 20.996090,Pick and Place
2487864, -0.277832, -0.060059, -0.872803, 39.306640, 7.568358, 16.967780,Pick and Place
2487884, -0.312012, -0.086914, -0.910522, 37.597660, 9.399414, 12.084960,Pick and Place
2487904, -0.337402, -0.105713, -0.970337, 32.226570, 23.193352, 6.408690,Pick and Place
2487924, -0.299316, -0.118652, -0.987305, 26.855464, 30.395500, 5.126952,Pick and Place
2487944, -0.215088, -0.099121, -0.984619, 21.911620, 23.559568, 4.333496,Pick and Place
2487964, -0.253662, -0.121948, -1.007446, 21.911620, 12.634276, 1.281738,Pick and Place
2487984, -0.266724, -0.190552, -1.010132, 16.479492, 7.690428, -1.525878,Pick and Place
2488004, -0.320923, -0.130859, -1.018555, 9.460450, 4.272462, 0.488281,Pick and Place
2488024, -0.302368, -0.117310, -1.027832, 5.615234, 11.840818, 0.000000,Pick and Place
2488044, -0.219971, -0.097778, -1.041138, 0.610352, 0.549316, 2.563476,Pick and Place
2488064, -0.294312, -0.100464, -1.028686, 2.014160, -8.544924, 1.464844,Pick and Place
2488084, -0.305908, -0.103516, -1.020874, -3.295898, -5.676268, -2.136231,Pick and Place
2488104, -0.282959, -0.037964, -1.010864, -6.835936, -3.112792, -2.441407,Pick and Place
2488124, -0.307495, -0.061401, -0.999024, -7.934570, 3.356933, -2.014160,Pick and Place
2488144, -0.257080, -0.032471, -1.002686, -12.145992, 1.525878, -2.380371,Pick and Place
2488164, -0.238159, -0.032959, -1.000000, -13.305660, -7.568358, -3.051757,Pick and Place
2488184, -0.285645, -0.047485, -0.990723, -16.540530, -15.441892, -4.455568,Pick and Place
2488204, -0.348633, -0.039185, -0.993774, -20.751950, -12.634276, -6.164550,Pick and Place
2488224, -0.334351, -0.003296, -0.989746, -26.062010, -7.568358, -5.249022,Pick and Place
2488244, -0.316162, 0.046875, -0.991821, -29.052730, -7.324218, -3.967285,Pick and Place
2488264, -0.336182, 0.082153, -1.004517, -30.944820, -13.854978, -2.929687,Pick and Place
2488284, -0.392090, 0.128906, -0.998535, -34.057620, -21.972650, -0.976562,Pick and Place
2488304, -0.375610, 0.204102, -0.925781, -36.315920, -25.573724, -1.586914,Pick and Place
2488324, -0.432495, 0.234497, -0.923462, -34.851080, -21.240230, -2.075196,Pick and Place
2488344, -0.494019, 0.198486, -0.969849, -44.616690, -10.925290, 4.455568,Pick and Place
2488364, -0.425293, 0.325806, -0.925904, -46.081540, -14.648436, 8.056642,Pick and Place
2488384, -0.391113, 0.368042, -0.894898, -38.818360, -28.686520, 7.690428,Pick and Place
2488404, -0.444946, 0.346802, -0.879761, -35.278320, -36.987310, 2.319336,Pick and Place
2488424, -0.479126, 0.329834, -0.819092, -31.372068, -35.156260, -1.586914,Pick and Place
2488444, -0.495728, 0.317505, -0.758911, -25.390620, -31.982420, -2.441407,Pick and Place
2488464, -0.472412, 0.316528, -0.779053, -20.996090, -28.747552, -1.281738,Pick and Place
2488484, -0.428345, 0.307373, -0.773926, -13.854978, -26.428220, -1.953124,Pick and Place
2488504, -0.489502, 0.301392, -0.781738, -4.394532, -22.827140, -6.958006,Pick and Place
2488524, -0.441284, 0.304566, -0.743774, 3.234863, -23.010250, -11.169430,Pick and Place
2488544, -0.375000, 0.305786, -0.738648, 10.620116, -37.414560, -14.526364,Pick and Place
2488564, -0.533081, 0.219482, -0.804932, 20.812980, -38.330080, -25.268550,Pick and Place
2488584, -0.496216, 0.167847, -0.771240, 24.291990, -29.052730, -27.648920,Pick and Place
2488604, -0.391480, 0.163330, -0.704346, 23.925780, -43.212880, -24.047850,Pick and Place
2488624, -0.479248, 0.130493, -0.713623, 26.611320, -62.377920, -22.094720,Pick and Place
2488644, -0.578369, 0.094849, -0.734009, 26.550290, -65.307640, -21.240230,Pick and Place
2488664, -0.627442, 0.102905, -0.697510, 26.367180, -53.283680, -23.803708,Pick and Place
2488684, -0.529053, 0.100952, -0.608154, 25.878900, -54.199210, -22.644040,Pick and Place
2488704, -0.470947, 0.060181, -0.593506, 24.108880, -75.073240, -20.629880,Pick and Place
2488724, -0.763428, 0.011230, -0.711182, 21.667476, -65.429700, -26.611320,Pick and Place
2488744, -0.878174, -0.090576, -0.815430, 15.930172, -22.399900, -27.526850,Pick and Place
2488764, -0.704468, -0.132690, -0.848999, 5.859374, -3.540038, -21.179192,Pick and Place
2488784, -0.615601, -0.146851, -0.808350, -5.981444, -38.818360, -1.770019,Pick and Place
2488804, -0.879883, -0.159912, -0.900635, -4.943848, -40.588370, -0.854492,Pick and Place
2488824, -0.872437, -0.170532, -0.947876, -15.930172, -7.690428, 2.624511,Pick and Place
2488844, -0.642212, -0.134033, -0.935303, -20.874020, 9.460450, 8.483890,Pick and Place
2488864, -0.599610, -0.066772, -0.921387, -27.893060, 3.173828, 16.540530,Pick and Place
2488884, -0.662476, -0.009521, -0.964722, -29.907220, -0.732422, 16.296390,Pick and Place
2488904, -0.656860, -0.026001, -0.982422, -32.409680, 9.887696, 10.742184,Pick and Place
2488924, -0.580444, -0.003418, -0.983887, -35.156260, 12.451170, 5.920409,Pick and Place
2488944, -0.541260, 0.012817, -0.943848, -39.062500, 9.094240, 2.075196,Pick and Place
2488964, -0.443604, 0.022705, -0.871582, -43.579090, -10.131832, -2.136231,Pick and Place
2488984, -0.512329, 0.043579, -0.808960, -45.349110, -24.658200, -11.230468,Pick and Place
2489004, -0.583252, 0.101807, -0.778076, -45.227040, -1.159668, -22.094720,Pick and Place
2489024, -0.552979, 0.167358, -0.784180, -41.809080, 10.620116, -25.512690,Pick and Place
2489044, -0.560913, 0.188232, -0.785645, -36.865240, 14.892576, -32.226570,Pick and Place
2489064, -0.602905, 0.172363, -0.767822, -33.386240, 17.517090, -40.954580,Pick and Place
2489084, -0.603028, 0.136108, -0.692017, -33.874520, 22.399900, -49.011220,Pick and Place
2489104, -0.590576, 0.161621, -0.637085, -33.691410, 29.968260, -51.879880,Pick and Place
2489124, -0.615356, 0.176880, -0.650391, -32.531740, 34.179700, -50.415030,Pick and Place
2489144, -0.639160, 0.179199, -0.679688, -30.151360, 31.860350, -50.720200,Pick and Place
2489164, -0.710571, 0.145874, -0.689697, -27.648920, 34.484870, -55.969230,Pick and Place
2489184, -0.696900, 0.115601, -0.642944, -28.076170, 36.682140, -61.401360,Pick and Place
2489204, -0.606201, 0.160156, -0.581299, -29.479976, 22.338860, -58.471670,Pick and Place
2489224, -0.765503, 0.194580, -0.615234, -25.390620, 9.704590, -51.574700,Pick and Place
2489244, -0.791870, 0.188110, -0.608643, -24.414060, 16.052250, -51.025380,Pick and Place
2489264, -0.763794, 0.203247, -0.584717, -21.179192, 18.188480, -49.621580,Pick and Place
2489284, -0.748902, 0.216064, -0.569824, -16.052250, 13.793944, -44.250480,Pick and Place
2489304, -0.729736, 0.231079, -0.610352, -9.460450, 9.216310, -36.804200,Pick and Place
2489324, -0.778320, 0.198364, -0.637940, -4.760742, 12.512204, -31.921380,Pick and Place
2489344, -0.813354, 0.168457, -0.616333, -3.173828, 25.146480, -29.113768,Pick and Place
2489364, -0.748779, 0.158691, -0.631470, -3.540038, 28.320310, -25.695796,Pick and Place
2489384, -0.649780, 0.137207, -0.700562, -7.202148, 13.427732, -17.822270,Pick and Place
2489404, -0.864380, 0.195313, -0.818604, -5.737304, -8.178714, -11.535644,Pick and Place
2489424, -0.801514, 0.154175, -0.785522, -7.507323, 0.793457, -13.183590,Pick and Place
2489444, -0.702271, 0.152222, -0.741455, -8.911134, 6.530760, -6.652830,Pick and Place
2489464, -0.675171, 0.178223, -0.713135, -5.126952, 2.868652, -1.708984,Pick and Place
2489484, -0.663574, 0.161865, -0.731568, -0.427246, 5.676268, 1.647949,Pick and Place
2489504, -0.618896, 0.149414, -0.753784, 1.342773, 7.202148, 3.906249,Pick and Place
2489524, -0.598511, 0.156250, -0.758545, 2.075196, 0.244141, 3.723144,Pick and Place
2489544, -0.631348, 0.164551, -0.787842, 2.136231, -0.732422, 0.671386,Pick and Place
2489564, -0.596192, 0.151123, -0.809326, 1.159668, -1.098633, -1.708984,Pick and Place
2489584, -0.619263, 0.136963, -0.809204, 1.586914, -4.333496, -2.075196,Pick and Place
2489604, -0.634522, 0.111938, -0.802856, 2.563476, -3.356933, -1.953124,Pick and Place
2489644, -0.628174, 0.090332, -0.798340, 3.540038, 2.868652, 0.793457,Pick and Place
2489684, -0.551880, 0.087280, -0.802002, -1.098633, -3.356933, 0.793457,Pick and Place
2489724, -0.658814, 0.083008, -0.781006, 1.342773, 0.610352, -3.845214,Pick and Place
2489744, -0.611816, 0.069336, -0.802979, -0.305176, 12.695310, -2.075196,Pick and Place
2489764, -0.619995, 0.081665, -0.763550, 2.258301, 24.414060, -2.136231,Pick and Place
2489784, -0.506104, 0.076050, -0.780884, -0.122070, 19.897460, 1.770019,Pick and Place
2489804, -0.524902, 0.083008, -0.815430, 1.342773, 1.770019, 0.549316,Pick and Place
2489824, -0.575562, 0.106812, -0.809937, 0.976562, -5.798338, -2.441407,Pick and Place
2489844, -0.610230, 0.129639, -0.806885, 2.319336, -2.807617, -8.422854,Pick and Place
2489864, -0.582520, 0.110840, -0.812622, 1.525878, 1.342773, -7.934570,Pick and Place
2489884, -0.565308, 0.108398, -0.807495, 0.610352, 1.525878, -3.906249,Pick and Place
2489904, -0.619507, 0.132935, -0.788574, 2.258301, -5.859374, -2.197266,Pick and Place
2489924, -0.608521, 0.100220, -0.797119, 3.479003, -7.812498, -3.784179,Pick and Place
2489944, -0.627808, 0.097290, -0.804199, 3.417968, -7.141112, -4.882814,Pick and Place
2489964, -0.620972, 0.106323, -0.786987, 1.037598, -1.586914, -2.807617,Pick and Place
2489984, -0.618652, 0.087158, -0.809204, -0.854492, -3.601074, 0.488281,Pick and Place
2490024, -0.640991, 0.077759, -0.844849, -2.929687, -1.159668, 2.319336,Pick and Place
2490044, -0.633911, 0.071655, -0.835694, -3.784179, -2.319336, 3.234863,Pick and Place
2490064, -0.643188, 0.060913, -0.835449, -4.882814, -4.943848, 5.065916,Pick and Place
2490084, -0.656738, 0.020996, -0.818970, -8.544924, -6.774902, 7.812498,Pick and Place
2490104, -0.677856, 0.051636, -0.852783, -14.526364, -5.676268, 13.183590,Pick and Place
2490124, -0.686157, 0.034058, -0.848145, -18.737796, -6.530760, 17.089850,Pick and Place
2490144, -0.657959, 0.072754, -0.792114, -24.047850, -12.695310, 21.423332,Pick and Place
2490164, -0.700806, 0.127564, -0.775635, -24.353020, -13.732908, 24.230950,Pick and Place
2490184, -0.715820, 0.113525, -0.798218, -26.916500, -4.638672, 25.817870,Pick and Place
2490204, -0.684937, 0.162720, -0.784058, -29.541010, 3.295898, 24.841304,Pick and Place
2490224, -0.731201, 0.221436, -0.778687, -31.494136, 15.624996, 27.709956,Pick and Place
2490244, -0.766968, 0.229004, -0.756958, -32.409680, 32.470710, 30.212400,Pick and Place
2490264, -0.672241, 0.240845, -0.713013, -32.043460, 38.574220, 37.536620,Pick and Place
2490284, -0.653809, 0.266846, -0.687134, -29.479976, 33.996590, 46.203600,Pick and Place
2490304, -0.698242, 0.276611, -0.660156, -26.367180, 40.832510, 54.138180,Pick and Place
2490324, -0.634033, 0.317139, -0.641236, -18.005376, 55.053700, 66.589360,Pick and Place
2490344, -0.505860, 0.348999, -0.613037, -14.099120, 53.771960, 74.707040,Pick and Place
2490364, -0.485962, 0.362427, -0.625122, -9.460450, 46.081540, 79.162600,Pick and Place
2490384, -0.494629, 0.368774, -0.653564, -2.807617, 42.114250, 79.956060,Pick and Place
2490404, -0.431152, 0.395630, -0.649170, 6.835936, 34.667980, 79.834000,Pick and Place
2490424, -0.390625, 0.422608, -0.634888, 18.615724, 22.766110, 77.819840,Pick and Place
2490444, -0.332764, 0.414673, -0.614380, 29.357908, 10.986324, 74.890140,Pick and Place
2490464, -0.271606, 0.438355, -0.618286, 39.062500, -1.525878, 70.007340,Pick and Place
2490484, -0.292236, 0.412354, -0.667969, 49.438460, -11.291500, 63.171380,Pick and Place
2490504, -0.296997, 0.380249, -0.739136, 58.471670, -15.197750, 54.443350,Pick and Place
2490524, -0.298706, 0.369995, -0.760254, 69.274900, -14.465330, 44.616690,Pick and Place
2490544, -0.291748, 0.334961, -0.714112, 79.406740, -27.465816, 36.132820,Pick and Place
2490564, -0.308350, 0.258057, -0.808716, 79.772960, -29.052730, 29.846190,Pick and Place
2490584, -0.249512, 0.240601, -0.919922, 76.110840, -25.451652, 25.329584,Pick and Place
2490604, -0.242188, 0.245361, -0.995239, 75.988780, -20.996090, 20.812980,Pick and Place
2490624, -0.271851, 0.240723, -0.979980, 75.805680, -15.441892, 13.732908,Pick and Place
2490644, -0.302368, 0.233521, -0.848267, 78.369140, -23.376460, 7.019042,Pick and Place
2490664, -0.386963, 0.183838, -0.892456, 82.458480, -33.996590, 1.220704,Pick and Place
2490684, -0.383667, 0.077393, -0.949951, 77.453620, -26.977532, -8.178714,Pick and Place
2490704, -0.301636, 0.046875, -0.978516, 70.129400, -16.662600, -11.169430,Pick and Place
2490724, -0.401611, -0.016235, -0.998902, 64.453140, -10.253904, -10.253904,Pick and Place
2490744, -0.452393, -0.067749, -0.968140, 57.189930, -8.361816, -6.835936,Pick and Place
2490764, -0.432861, -0.066772, -0.964478, 50.659170, -11.901852, -11.108396,Pick and Place
2490784, -0.472778, -0.096436, -0.979980, 45.349110, 0.366211, -16.235352,Pick and Place
2490804, -0.314087, -0.102417, -0.920654, 38.574220, 5.004884, -14.831540,Pick and Place
2490824, -0.384399, -0.113770, -0.948730, 36.010750, 2.258301, -10.681150,Pick and Place
2490844, -0.543823, -0.176147, -0.986206, 30.212400, 16.967780, -9.277344,Pick and Place
2490864, -0.440186, -0.169556, -0.964844, 21.545408, 33.325200, -11.108396,Pick and Place
2490884, -0.335083, -0.124878, -0.985596, 18.066410, 33.386240, -10.498044,Pick and Place
2490904, -0.293457, -0.220093, -1.054078, 14.221190, 25.207516, -9.460450,Pick and Place
2490924, -0.178589, -0.307617, -1.166382, -5.187988, 8.728030, -2.258301,Pick and Place
2490944, -0.331055, -0.149536, -1.085205, -14.526364, -24.658200, 0.000000,Pick and Place
2490964, -0.404053, -0.114502, -1.005005, -9.765626, -17.822270, -4.455568,Pick and Place
2490984, -0.331909, -0.199341, -1.049561, -10.925290, -9.094240, -1.525878,Pick and Place
2491004, -0.366211, -0.249268, -1.040162, -14.099120, -14.526364, 7.141112,Pick and Place
2491024, -0.374146, -0.090088, -0.967774, -18.432620, -10.192870, 3.784179,Pick and Place
2491044, -0.285645, -0.165772, -1.025269, -13.488768, -14.587400, -3.906249,Pick and Place
2491064, -0.318604, -0.194824, -1.006470, -21.972650, -28.015130, -6.530760,Pick and Place
2491084, -0.383423, -0.209961, -1.025146, -23.498530, -31.127924, -10.375976,Pick and Place
2491104, -0.415649, -0.264771, -1.015870, -32.104500, -19.836430, -9.216310,Pick and Place
2491124, -0.333862, -0.245361, -1.013184, -43.029780, -13.122556, -5.432128,Pick and Place
2491144, -0.298462, -0.192749, -1.001831, -50.476060, -16.113284, -6.896972,Pick and Place
2491164, -0.309814, -0.114380, -0.974243, -54.748520, -23.315424, -13.000484,Pick and Place
2491184, -0.364624, -0.041016, -0.965210, -55.236800, -23.132320, -21.240230,Pick and Place
2491204, -0.420288, -0.058350, -0.936768, -53.588860, -4.211426, -29.724120,Pick and Place
2491224, -0.394287, -0.020752, -0.920654, -54.016100, 8.666994, -32.531740,Pick and Place
2491244, -0.397705, 0.014038, -0.902344, -52.185050, 14.160152, -33.874520,Pick and Place
2491264, -0.420410, 0.055420, -0.865479, -48.583980, 19.042970, -36.254890,Pick and Place
2491284, -0.464478, 0.123657, -0.856568, -43.884270, 24.963376, -39.794920,Pick and Place
2491304, -0.509400, 0.171509, -0.859619, -37.109380, 34.118660, -44.311520,Pick and Place
2491324, -0.511230, 0.189453, -0.864502, -29.174800, 45.959460, -46.874990,Pick and Place
2491344, -0.434814, 0.179199, -0.817139, -22.338860, 53.894040, -45.776360,Pick and Place
2491364, -0.418823, 0.204834, -0.770752, -18.432620, 52.307120, -40.039070,Pick and Place
2491384, -0.445068, 0.256104, -0.761597, -12.084960, 43.151840, -35.888680,Pick and Place
2491404, -0.458008, 0.239746, -0.777466, -5.920409, 31.738280, -36.132820,Pick and Place
2491424, -0.495239, 0.216431, -0.763916, -1.098633, 18.188480, -38.024910,Pick and Place
2491444, -0.461792, 0.175415, -0.760132, -0.244141, 13.671872, -36.254890,Pick and Place
2491464, -0.434814, 0.203247, -0.774292, -2.136231, 8.300784, -30.029290,Pick and Place
2491484, -0.481812, 0.256470, -0.796509, 1.525878, 3.967285, -25.939940,Pick and Place
2491504, -0.519654, 0.224487, -0.821289, 5.371092, 6.408690, -26.794430,Pick and Place
2491524, -0.528320, 0.182251, -0.844849, 4.394532, 10.681150, -25.756830,Pick and Place
2491544, -0.501099, 0.176514, -0.852905, 6.103514, 9.460450, -25.085448,Pick and Place
2491564, -0.476074, 0.140381, -0.836304, 7.995604, 6.103514, -19.592290,Pick and Place
2491584, -0.468384, 0.116943, -0.859009, 8.728030, 8.972170, -16.174320,Pick and Place
2491604, -0.411255, 0.091797, -0.895020, 5.859374, 12.268064, -13.854978,Pick and Place
2491624, -0.342407, 0.109131, -0.894654, 4.150392, 9.277344, -13.305660,Pick and Place
2491644, -0.291992, 0.105591, -0.883423, 5.859374, -4.333496, -15.319820,Pick and Place
2491664, -0.395874, 0.087769, -0.964600, 7.080076, -10.437010, -15.563964,Pick and Place
2491684, -0.497070, 0.013916, -0.984741, 3.906249, 3.601074, -16.601568,Pick and Place
2491704, -0.375977, -0.020752, -1.003540, -4.272462, 12.939450, -16.357424,Pick and Place
2491724, -0.375366, 0.045532, -0.963623, -13.977050, -1.281738, -10.986324,Pick and Place
2491744, -0.477905, 0.113770, -0.982178, -5.371092, 7.873534, -9.521484,Pick and Place
2491764, -0.332764, 0.074219, -0.984497, -7.446288, 19.287110, -11.596676,Pick and Place
2491784, -0.243774, 0.098267, -1.008179, -6.042480, 13.305660, -6.896972,Pick and Place
2491804, -0.253662, 0.093506, -0.976807, -5.126952, -0.061035, -3.479003,Pick and Place
2491824, -0.331421, 0.087036, -0.951172, -1.770019, -7.751464, -3.967285,Pick and Place
2491844, -0.407837, 0.040771, -0.948975, -2.319336, -5.615234, -5.310058,Pick and Place
2491864, -0.405151, 0.035156, -0.994385, -9.887696, 10.131832, -6.042480,Pick and Place
2491884, -0.290772, 0.048218, -0.980957, -14.526364, 9.643556, -3.234863,Pick and Place
2491904, -0.261475, 0.076172, -0.995239, -17.639160, -0.793457, 0.244141,Pick and Place
2491924, -0.275269, 0.093994, -1.004761, -18.981940, -10.742184, 1.098633,Pick and Place
2491944, -0.307373, 0.105957, -0.981934, -19.653320, -20.324700, 0.000000,Pick and Place
2491964, -0.393555, 0.121338, -0.955688, -19.470220, -18.188480, -4.577638,Pick and Place
2491984, -0.401123, 0.117676, -0.961792, -21.789548, -5.676268, -6.713866,Pick and Place
2492004, -0.331421, 0.127686, -0.974243, -25.512690, 0.732422, -3.051757,Pick and Place
2492024, -0.284302, 0.159058, -0.964234, -26.489250, -5.432128, 0.488281,Pick and Place
2492044, -0.293457, 0.190064, -0.947754, -25.878900, -20.507810, -0.488281,Pick and Place
2492064, -0.328858, 0.204834, -0.923950, -25.146480, -31.372068, -4.760742,Pick and Place
2492084, -0.364258, 0.206421, -0.906616, -25.512690, -30.517570, -6.958006,Pick and Place
2492104, -0.333008, 0.219238, -0.855103, -28.625480, -31.738280, -3.784179,Pick and Place
2492124, -0.338135, 0.257080, -0.850464, -28.015130, -40.649400, -0.793457,Pick and Place
2492144, -0.401001, 0.250488, -0.875122, -26.916500, -46.142570, -1.464844,Pick and Place
2492164, -0.440552, 0.261841, -0.859741, -28.808590, -46.936020, -3.723144,Pick and Place
2492184, -0.480347, 0.281128, -0.846192, -25.329584, -44.494620, -4.333496,Pick and Place
2492204, -0.498169, 0.276245, -0.820923, -23.681636, -37.414560, -3.112792,Pick and Place
2492224, -0.439453, 0.315674, -0.806274, -21.545408, -34.057620, -0.305176,Pick and Place
2492244, -0.412720, 0.323242, -0.794922, -16.296390, -41.320790, 1.647949,Pick and Place
2492264, -0.443482, 0.318359, -0.786499, -11.108396, -49.072260, 0.183105,Pick and Place
2492284, -0.521240, 0.302979, -0.823730, -5.249022, -49.194320, -4.211426,Pick and Place
2492304, -0.568970, 0.252197, -0.838013, 1.403808, -33.569340, -9.521484,Pick and Place
2492324, -0.501831, 0.242432, -0.762451, 3.906249, -30.456540, -9.948730,Pick and Place
2492344, -0.475708, 0.227417, -0.754395, 8.422854, -37.170420, -8.117676,Pick and Place
2492364, -0.532959, 0.190674, -0.765137, 11.596676, -46.447740, -9.460450,Pick and Place
2492384, -0.605347, 0.160522, -0.773194, 13.183590, -43.884270, -11.474608,Pick and Place
2492404, -0.605591, 0.137451, -0.718994, 12.573240, -36.865240, -11.047360,Pick and Place
2492424, -0.629395, 0.146973, -0.709595, 13.000484, -28.198240, -10.437010,Pick and Place
2492444, -0.600586, 0.153564, -0.705444, 13.061520, -18.188480, -8.605960,Pick and Place
2492464, -0.540283, 0.189819, -0.674805, 13.854978, -19.287110, -5.737304,Pick and Place
2492484, -0.591675, 0.183105, -0.697022, 17.639160, -19.531250, -6.835936,Pick and Place
2492504, -0.669800, 0.117188, -0.775879, 18.737796, -10.253904, -10.986324,Pick and Place
2492524, -0.635986, 0.086792, -0.750610, 14.892576, -4.150392, -12.939450,Pick and Place
2492544, -0.644776, 0.135376, -0.762329, 12.329100, -2.319336, -10.803220,Pick and Place
2492564, -0.638550, 0.137329, -0.783692, 10.375976, 2.624511, -10.375976,Pick and Place
2492584, -0.632935, 0.105957, -0.806885, 7.812498, 1.953124, -10.009768,Pick and Place
2492604, -0.624756, 0.066895, -0.860596, 2.807617, -2.807617, -9.948730,Pick and Place
2492624, -0.641113, 0.067017, -0.886963, -3.051757, -12.878416, -3.601074,Pick and Place
2492644, -0.689575, 0.121338, -0.893311, -1.098633, -8.483890, -0.488281,Pick and Place
2492664, -0.594360, 0.068359, -0.844604, -4.943848, -11.291500, 4.394532,Pick and Place
2492684, -0.700806, 0.139771, -0.795044, -5.981444, -12.695310, 6.896972,Pick and Place
2492704, -0.844849, 0.126709, -0.717896, -5.249022, 0.610352, 7.812498,Pick and Place
2492724, -0.723145, 0.133667, -0.708252, -9.948730, -0.671386, 13.061520,Pick and Place
2492744, -0.798828, 0.160034, -0.754517, -8.544924, -3.845214, 21.911620,Pick and Place
2492764, -0.770752, 0.225098, -0.715454, -8.850100, -4.821778, 26.184080,Pick and Place
2492784, -0.761597, 0.262695, -0.679321, -6.408690, -8.728030, 31.066890,Pick and Place
2492804, -0.743286, 0.291260, -0.665650, -3.906249, -16.662600, 35.156260,Pick and Place
2492824, -0.728638, 0.307495, -0.649170, -0.366211, -24.841304, 37.780760,Pick and Place
2492844, -0.723877, 0.309814, -0.620484, 3.845214, -29.479976, 39.428720,Pick and Place
2492864, -0.734375, 0.308716, -0.614990, 8.422854, -28.015130, 40.039070,Pick and Place
2492884, -0.714478, 0.320801, -0.604126, 12.207030, -23.254390, 40.466300,Pick and Place
2492904, -0.695190, 0.328613, -0.596436, 18.005376, -20.446770, 39.794920,Pick and Place
2492924, -0.668823, 0.319458, -0.589722, 22.705070, -20.324700, 38.635260,Pick and Place
2492944, -0.671509, 0.308960, -0.575684, 27.526850, -20.446770, 36.132820,Pick and Place
2492964, -0.671997, 0.287232, -0.584961, 30.883784, -1.037598, 32.836920,Pick and Place
2492984, -0.677734, 0.263184, -0.622559, 34.973150, -3.906249, 32.775880,Pick and Place
2493004, -0.658081, 0.236572, -0.641236, 35.888680, -1.342773, 34.179700,Pick and Place
2493024, -0.618896, 0.233276, -0.654419, 37.109380, -3.540038, 33.508300,Pick and Place
2493044, -0.600464, 0.220581, -0.664917, 38.757330, -6.347656, 31.005852,Pick and Place
2493064, -0.606201, 0.209839, -0.693237, 38.757330, -6.591796, 29.052730,Pick and Place
2493084, -0.588379, 0.201416, -0.708740, 38.452160, -5.554198, 27.282710,Pick and Place
2493104, -0.577759, 0.193726, -0.734131, 38.024910, -8.666994, 25.329584,Pick and Place
2493124, -0.605469, 0.154907, -0.754517, 37.780760, -8.911134, 20.507810,Pick and Place
2493144, -0.584717, 0.137207, -0.760986, 35.461430, -7.751464, 16.479492,Pick and Place
2493164, -0.570923, 0.130737, -0.762695, 33.264160, -8.361816, 13.488768,Pick and Place
2493184, -0.574585, 0.119263, -0.777588, 31.188960, -9.277344, 11.657712,Pick and Place
2493204, -0.574097, 0.100220, -0.798828, 28.930660, -9.338380, 9.216310,Pick and Place
2493224, -0.632568, 0.083984, -0.797363, 25.390620, -5.920409, 7.995604,Pick and Place
2493244, -0.602661, 0.108154, -0.786621, 22.338860, -6.225584, 8.178714,Pick and Place
2493264, -0.596436, 0.116455, -0.808594, 21.484370, -8.728030, 8.300784,Pick and Place
2493284, -0.598755, 0.135498, -0.812988, 18.737796, -8.789064, 8.422854,Pick and Place
2493304, -0.635620, 0.167847, -0.802612, 17.089850, -7.690428, 8.605960,Pick and Place
2493324, -0.667480, 0.167969, -0.801514, 15.197750, -3.479003, 7.934570,Pick and Place
2493344, -0.640259, 0.165772, -0.807862, 14.221190, 0.000000, 6.713866,Pick and Place
2493364, -0.623291, 0.161499, -0.805054, 12.573240, -0.854492, 5.432128,Pick and Place
2493384, -0.616944, 0.167480, -0.756226, 10.925290, -3.784179, 4.394532,Pick and Place
2493404, -0.623413, 0.188843, -0.741211, 10.742184, -5.676268, 3.356933,Pick and Place
2493424, -0.621582, 0.166992, -0.753906, 10.375976, -3.479003, 2.136231,Pick and Place
2493444, -0.653320, 0.160645, -0.736450, 8.789064, -5.004884, 1.647949,Pick and Place
2493464, -0.660278, 0.174438, -0.724243, 7.995604, -7.873534, 0.427246,Pick and Place
2493484, -0.671387, 0.189697, -0.718750, 8.972170, -7.629394, -1.037598,Pick and Place
2493504, -0.690430, 0.200317, -0.736206, 10.986324, -1.770019, -1.586914,Pick and Place
2493524, -0.696411, 0.165161, -0.753052, 12.939450, 2.014160, -0.854492,Pick and Place
2493544, -0.694214, 0.153687, -0.764648, 13.183590, 6.530760, -0.366211,Pick and Place
2493564, -0.729492, 0.150269, -0.772705, 14.282224, 16.784670, -2.929687,Pick and Place
2493584, -0.688599, 0.127075, -0.771606, 14.038084, 29.907220, -5.798338,Pick and Place
2493604, -0.564453, 0.095337, -0.754028, 12.451170, 26.245110, -6.225584,Pick and Place
2493624, -0.589966, 0.098511, -0.768921, 11.901852, 15.136716, -5.798338,Pick and Place
2493644, -0.638550, 0.087769, -0.781738, 13.000484, 18.737796, -7.263182,Pick and Place
2493664, -0.625732, 0.061890, -0.784302, 13.671872, 23.193352, -10.009768,Pick and Place
2493684, -0.583496, 0.051270, -0.777100, 12.512204, 25.512690, -10.925290,Pick and Place
2493704, -0.496216, 0.081421, -0.757080, 11.901852, 20.690910, -10.620116,Pick and Place
2493724, -0.417236, 0.074463, -0.748657, 7.934570, 5.493162, -8.239746,Pick and Place
2493744, -0.718750, 0.081055, -0.900757, 5.798338, -6.835936, -7.873534,Pick and Place
2493764, -0.679444, 0.083496, -0.878296, -2.014160, 12.695310, -6.652830,Pick and Place
2493784, -0.612915, 0.129028, -0.854492, 0.061035, 7.812498, -8.605960,Pick and Place
2493804, -0.576294, 0.101440, -0.833374, 1.708984, 6.042480, -8.972170,Pick and Place
2493824, -0.510620, 0.092285, -0.829956, 1.037598, -6.225584, -6.164550,Pick and Place
2493844, -0.678833, 0.077393, -0.805908, 2.075196, -8.666994, -3.295898,Pick and Place
2493864, -0.617676, 0.103882, -0.784790, 0.915527, -0.183105, -0.915527,Pick and Place
2493884, -0.633423, 0.095947, -0.780884, 2.136231, 0.549316, -0.793457,Pick and Place
2493904, -0.583252, 0.089478, -0.778931, 2.258301, -0.244141, -1.159668,Pick and Place
2493924, -0.597290, 0.099243, -0.775269, 2.075196, -2.746581, -0.427246,Pick and Place
2493944, -0.622437, 0.093018, -0.789429, 2.197266, -0.366211, -1.037598,Pick and Place
2493964, -0.625610, 0.078980, -0.800781, 3.479003, 2.014160, -1.953124,Pick and Place
2493984, -0.606323, 0.052979, -0.800659, 3.234863, 2.929687, -2.868652,Pick and Place
2494004, -0.560791, 0.035034, -0.776734, 3.295898, -2.075196, -2.441407,Pick and Place
2494024, -0.546631, 0.025269, -0.774292, 3.295898, -9.948730, -3.601074,Pick and Place
2494044, -0.634033, -0.020752, -0.820312, 2.197266, -7.080076, -2.807617,Pick and Place
2494064, -0.635620, -0.035034, -0.854004, -2.441407, -1.403808, 0.549316,Pick and Place
2494084, -0.605591, -0.038086, -0.878784, -6.958006, -0.915527, 1.953124,Pick and Place
2494104, -0.572876, -0.046509, -0.863648, -11.291500, -3.601074, 0.366211,Pick and Place
2494124, -0.581177, -0.010132, -0.865356, -13.916012, -5.310058, -0.366211,Pick and Place
2494144, -0.563110, -0.017822, -0.859741, -16.052250, -2.380371, -0.671386,Pick and Place
2494164, -0.539185, 0.012817, -0.837769, -20.019532, -3.234863, -1.159668,Pick and Place
2494184, -0.560791, 0.067993, -0.851074, -20.507810, -2.929687, -2.441407,Pick and Place
2494204, -0.554321, 0.048706, -0.883789, -19.653320, 0.366211, -3.601074,Pick and Place
2494224, -0.545410, 0.033081, -0.852417, -22.949216, 3.356933, -5.554198,Pick and Place
2494244, -0.547119, 0.043213, -0.857056, -23.498530, 6.225584, -7.507323,Pick and Place
2494264, -0.524902, -0.031982, -0.853150, -27.526850, 4.821778, -9.094240,Pick and Place
2494284, -0.505615, -0.034668, -0.844482, -32.592780, -2.258301, -11.535644,Pick and Place
2494304, -0.584229, 0.005249, -0.791626, -40.649400, -4.211426, -19.104010,Pick and Place
2494324, -0.682739, 0.052856, -0.770508, -40.649400, 10.253904, -24.536130,Pick and Place
2494344, -0.635742, 0.027222, -0.736938, -42.480460, 25.451652, -28.137200,Pick and Place
2494364, -0.505005, 0.054077, -0.727173, -45.654280, 22.155760, -28.381340,Pick and Place
2494384, -0.559326, 0.103149, -0.740356, -43.518060, 15.014646, -27.099608,Pick and Place
2494404, -0.675171, 0.109009, -0.776001, -39.062500, 30.273430, -28.015130,Pick and Place
2494424, -0.706787, 0.107422, -0.783325, -37.963880, 62.194820, -32.409680,Pick and Place
2494444, -0.601562, 0.151489, -0.776123, -40.344230, 85.937480, -37.414560,Pick and Place
2494464, -0.427490, 0.237305, -0.753540, -41.931140, 79.956060, -41.625960,Pick and Place
2494484, -0.526489, 0.325684, -0.762573, -33.081060, 74.584960, -48.889150,Pick and Place
2494504, -0.705566, 0.323486, -0.766480, -24.047850, 98.266580, -59.753410,Pick and Place
2494524, -0.448730, 0.352905, -0.780274, -25.329584, 116.455060, -66.223160,Pick and Place
2494544, -0.300781, 0.376099, -0.804932, -25.085448, 87.097160, -66.467300,Pick and Place
2494564, -0.396729, 0.415894, -0.838257, -17.944340, 49.499500, -63.659660,Pick and Place
2494584, -0.578980, 0.427124, -0.841675, -6.286620, 33.508300, -61.279280,Pick and Place
2494604, -0.605835, 0.354980, -0.817261, 3.784179, 37.902840, -57.617180,Pick and Place
2494624, -0.532959, 0.283691, -0.788818, 6.225584, 41.320790, -48.095700,Pick and Place
2494644, -0.456177, 0.265869, -0.791626, 10.009768, 34.301760, -35.644540,Pick and Place
2494664, -0.403198, 0.241211, -0.777710, 13.183590, 20.263670, -25.085448,Pick and Place
2494684, -0.498413, 0.223999, -0.822632, 18.371584, 13.793944, -16.967780,Pick and Place
2494704, -0.541504, 0.166016, -0.870606, 20.996090, 18.493652, -11.596676,Pick and Place
2494724, -0.450317, 0.139160, -0.865601, 15.441892, 22.888180, -8.117676,Pick and Place
2494744, -0.288330, 0.201172, -0.843750, 15.991210, 9.277344, -4.760742,Pick and Place
2494764, -0.385010, 0.175049, -0.882690, 16.845708, 3.173828, -4.089356,Pick and Place
2494784, -0.401611, 0.072510, -0.973755, 13.244628, 6.652830, -3.540038,Pick and Place
2494804, -0.387695, 0.154419, -0.969971, 3.784179, -2.441407, -1.892090,Pick and Place
2494824, -0.354370, 0.111816, -0.985962, 7.263182, -3.479003, 0.122070,Pick and Place
2494844, -0.335938, 0.135010, -1.022461, 1.892090, -10.131832, 1.647949,Pick and Place
2494864, -0.431396, 0.110962, -1.043091, 4.760742, -6.164550, 1.586914,Pick and Place
2494884, -0.266602, 0.128784, -1.017822, -3.295898, -5.920409, -0.122070,Pick and Place
2494904, -0.297608, 0.155640, -0.966064, 2.441407, -18.127448, 2.563476,Pick and Place
2494924, -0.403442, 0.102783, -0.955322, 3.295898, -18.554690, 3.784179,Pick and Place
2494944, -0.483398, 0.097046, -0.960449, 0.244141, -11.169430, 5.981444,Pick and Place
2494964, -0.447998, 0.117798, -0.960816, -5.432128, -4.028321, 13.122556,Pick and Place
2494984, -0.430054, 0.113159, -0.974976, -5.920409, -7.202148, 18.371584,Pick and Place
2495004, -0.446411, 0.148926, -0.964600, -7.141112, -12.207030, 21.362300,Pick and Place
2495024, -0.496582, 0.167480, -0.935791, -6.103514, -12.084960, 23.315424,Pick and Place
2495044, -0.500122, 0.166260, -0.913574, -5.004884, -9.460450, 27.038570,Pick and Place
2495064, -0.479248, 0.156006, -0.910156, -4.760742, -10.375976, 33.752440,Pick and Place
2495084, -0.444580, 0.166382, -0.902222, -5.432128, -17.822270, 41.015620,Pick and Place
2495104, -0.472656, 0.207031, -0.878052, -2.197266, -29.357908, 46.874990,Pick and Place
2495124, -0.551514, 0.199585, -0.854614, 2.807617, -23.193352, 51.574700,Pick and Place
2495144, -0.523682, 0.193115, -0.856812, 2.563476, -7.507323, 56.274400,Pick and Place
2495164, -0.442261, 0.210083, -0.837036, 2.380371, 0.549316, 62.622060,Pick and Place
2495184, -0.347656, 0.279663, -0.817383, 6.591796, -8.666994, 64.392100,Pick and Place
2495204, -0.362915, 0.302612, -0.811768, 13.793944, -24.780270, 60.302720,Pick and Place
2495224, -0.425171, 0.261963, -0.827148, 19.775390, -30.212400, 53.710930,Pick and Place
2495244, -0.446167, 0.205444, -0.863037, 20.080560, -17.761230, 48.034660,Pick and Place
2495264, -0.369263, 0.173096, -0.872192, 16.967780, -5.737304, 44.433580,Pick and Place
2495284, -0.292236, 0.186646, -0.864014, 15.258788, -8.239746, 44.616690,Pick and Place
2495304, -0.239868, 0.209229, -0.859741, 17.028810, -25.878900, 43.212880,Pick and Place
2495324, -0.218750, 0.238403, -0.866821, 20.385740, -52.978500, 42.236320,Pick and Place
2495344, -0.241455, 0.211548, -0.843872, 26.855464, -71.533200, 31.799310,Pick and Place
2495364, -0.348267, 0.201050, -0.809204, 31.555170, -79.772960, 25.573724,Pick and Place
2495384, -0.479004, 0.157593, -0.774414, 38.391120, -69.030760, 20.751950,Pick and Place
2495404, -0.504761, 0.141235, -0.763794, 39.550780, -38.208020, 17.639160,Pick and Place
2495424, -0.517944, 0.118652, -0.784790, 41.625960, -17.150880, 16.784670,Pick and Place
2495444, -0.485596, 0.090088, -0.820679, 39.428720, -0.671386, 13.793944,Pick and Place
2495464, -0.479736, 0.100464, -0.876465, 37.963880, 6.591796, 10.070800,Pick and Place
2495484, -0.428467, 0.083618, -0.888794, 36.315920, 3.662109, 7.629394,Pick and Place
2495504, -0.415894, 0.063843, -0.903809, 36.499030, -5.798338, 6.408690,Pick and Place
2495524, -0.467774, 0.051392, -0.907715, 34.362800, -8.178714, 6.347656,Pick and Place
2495544, -0.523194, 0.051270, -0.914429, 32.470710, -3.295898, 9.338380,Pick and Place
2495564, -0.514038, 0.020264, -0.908203, 31.127924, 2.685546, 9.643556,Pick and Place
2495584, -0.464356, 0.014648, -0.900757, 27.587884, 7.446288, 7.812498,Pick and Place
2495604, -0.433716, 0.058716, -0.899414, 25.451652, 8.422854, 5.798338,Pick and Place
2495624, -0.492798, 0.020630, -0.900635, 24.963376, 12.695310, 3.784179,Pick and Place
2495644, -0.488281, 0.014648, -0.908081, 23.376460, 22.338860, 0.793457,Pick and Place
2495664, -0.406860, 0.012329, -0.889404, 21.301268, 30.944820, -0.915527,Pick and Place
2495684, -0.335205, 0.036377, -0.870728, 20.019532, 28.991692, -2.502442,Pick and Place
2495704, -0.380493, -0.014038, -0.942261, 23.498530, 24.719230, -4.577638,Pick and Place
2495724, -0.420288, -0.133301, -0.961792, 19.042970, 28.686520, -6.713866,Pick and Place
2495744, -0.366699, -0.200073, -1.026490, 8.850100, 23.010250, -6.042480,Pick and Place
2495764, -0.464722, -0.191528, -1.076782, 2.929687, 18.066410, -6.530760,Pick and Place
2495784, -0.464356, -0.255127, -1.008545, -5.249022, 28.747552, -3.356933,Pick and Place
2495804, -0.350830, -0.153198, -0.942139, -11.047360, 26.367180, -0.549316,Pick and Place
2495824, -0.302368, -0.126221, -0.913330, -8.483890, 21.118160, 2.990722,Pick and Place
2495844, -0.330078, -0.058716, -0.961914, -11.779784, 13.366696, 7.751464,Pick and Place
2495864, -0.328369, -0.067017, -1.009644, -9.887696, 16.601568, 5.920409,Pick and Place
2495884, -0.290894, -0.067139, -1.009278, -14.038084, 15.441892, 4.638672,Pick and Place
2495904, -0.275146, -0.034912, -0.991089, -17.211920, 4.638672, 4.211426,Pick and Place
2495924, -0.326294, -0.028564, -1.007324, -19.958500, -1.831054, 2.990722,Pick and Place
2495944, -0.323486, -0.001831, -1.018555, -23.132320, -4.455568, 1.953124,Pick and Place
2495964, -0.331299, 0.015137, -0.999512, -25.207516, -2.441407, -0.427246,Pick and Place
2495984, -0.308350, 0.034424, -0.986450, -27.587884, 0.854492, -0.854492,Pick and Place
2496004, -0.247925, 0.065308, -0.969971, -30.700680, -4.882814, -0.122070,Pick and Place
2496024, -0.263184, 0.177246, -0.964112, -31.799310, -14.831540, -0.793457,Pick and Place
2496044, -0.359497, 0.225830, -0.969238, -25.939940, -15.930172, -4.699708,Pick and Place
2496064, -0.361938, 0.161255, -0.942139, -24.719230, -5.371092, -10.253904,Pick and Place
2496084, -0.376587, 0.148315, -0.937866, -28.076170, -4.455568, -7.019042,Pick and Place
2496104, -0.356445, 0.213867, -0.944092, -30.273430, -6.042480, -2.563476,Pick and Place
2496124, -0.358032, 0.259888, -0.934570, -26.306150, -11.535644, -2.136231,Pick and Place
2496144, -0.385864, 0.249023, -0.874756, -22.644040, -13.061520, -6.591796,Pick and Place
2496164, -0.421021, 0.247681, -0.834106, -20.202630, -12.634276, -8.666994,Pick and Place
2496184, -0.450440, 0.218994, -0.859009, -20.446770, -8.544924, -7.263182,Pick and Place
2496204, -0.426636, 0.242188, -0.885620, -21.606440, -7.324218, -2.563476,Pick and Place
2496224, -0.427246, 0.251465, -0.849976, -19.897460, -10.559080, -0.854492,Pick and Place
2496244, -0.427246, 0.261475, -0.815674, -17.211920, -15.563964, -1.647949,Pick and Place
2496264, -0.469727, 0.278809, -0.811157, -13.061520, -20.263670, -1.220704,Pick and Place
2496284, -0.487183, 0.256348, -0.816528, -8.422854, -22.949216, 2.868652,Pick and Place
2496304, -0.481934, 0.259522, -0.830444, -4.577638, -22.460930, 5.920409,Pick and Place
2496324, -0.473999, 0.286865, -0.808228, -0.366211, -25.085448, 7.141112,Pick and Place
2496344, -0.445679, 0.315674, -0.797119, 5.065916, -33.142100, 6.774902,Pick and Place
2496364, -0.488892, 0.311646, -0.803467, 12.451170, -37.597660, 2.258301,Pick and Place
2496384, -0.474976, 0.240845, -0.778564, 17.089850, -33.691410, -4.577638,Pick and Place
2496404, -0.458740, 0.229736, -0.750977, 18.249516, -40.283200, -4.882814,Pick and Place
2496424, -0.561768, 0.200439, -0.764282, 20.568840, -42.968740, -7.690428,Pick and Place
2496444, -0.558838, 0.202515, -0.791748, 21.545408, -30.212400, -9.887696,Pick and Place
2496464, -0.424438, 0.173096, -0.792114, 22.216790, -28.869624, -11.169430,Pick and Place
2496484, -0.371704, 0.172974, -0.749756, 22.094720, -44.921860, -10.314940,Pick and Place
2496504, -0.562988, 0.129761, -0.759766, 26.000970, -49.316400, -16.357424,Pick and Place
2496524, -0.658936, 0.077515, -0.775391, 26.794430, -27.221676, -22.277830,Pick and Place
2496544, -0.625000, -0.024414, -0.813354, 26.428220, -3.479003, -22.827140,Pick and Place
2496564, -0.503296, -0.096436, -0.841675, 17.211920, -7.202148, -12.634276,Pick and Place
2496584, -0.509522, -0.072022, -0.874756, 9.094240, -25.512690, -3.906249,Pick and Place
2496604, -0.696900, -0.098389, -0.900635, 6.713866, -20.629880, -5.554198,Pick and Place
2496624, -0.748657, -0.165527, -0.889404, 1.708984, 0.244141, -8.117676,Pick and Place
2496644, -0.646240, -0.178467, -0.904419, -7.385252, 9.826660, 2.441407,Pick and Place
2496664, -0.584351, -0.093262, -0.977905, -11.840818, 19.348150, 7.690428,Pick and Place
2496684, -0.489502, -0.114746, -0.936890, -20.446770, 12.329100, 11.718748,Pick and Place
2496704, -0.540894, -0.054077, -0.924316, -23.193352, 6.958006, 6.835936,Pick and Place
2496724, -0.587158, -0.068237, -0.986938, -31.372068, 13.610836, -0.305176,Pick and Place
2496744, -0.419678, -0.002319, -0.965820, -39.062500, 14.770504, 1.281738,Pick and Place
2496764, -0.389404, 0.057739, -0.954224, -41.198720, -0.366211, -0.610352,Pick and Place
2496784, -0.467041, 0.114502, -0.946778, -41.625960, -4.455568, -6.408690,Pick and Place
2496804, -0.463013, 0.124146, -0.925171, -41.442860, 2.380371, -14.099120,Pick and Place
2496824, -0.472290, 0.102539, -0.921875, -42.358390, 15.686032, -19.165040,Pick and Place
2496844, -0.409912, 0.133545, -0.885254, -48.217760, 21.667476, -21.911620,Pick and Place
2496864, -0.498657, 0.233765, -0.829590, -48.767080, 24.108880, -27.954100,Pick and Place
2496884, -0.546265, 0.252441, -0.807495, -46.569820, 34.606940, -34.667980,Pick and Place
2496904, -0.500488, 0.237549, -0.820312, -45.471180, 36.438000, -38.696300,Pick and Place
2496924, -0.475464, 0.233276, -0.820435, -44.311520, 26.062010, -38.391120,Pick and Place
2496944, -0.559448, 0.254883, -0.766236, -41.748040, 20.568840, -37.841800,Pick and Place
2496964, -0.587646, 0.240723, -0.754028, -38.391120, 32.409680, -38.818360,Pick and Place
2496984, -0.565186, 0.216797, -0.764893, -37.780760, 43.823240, -37.597660,Pick and Place
2497004, -0.506104, 0.222778, -0.755249, -36.560060, 44.921860, -36.376960,Pick and Place
2497024, -0.477051, 0.270020, -0.732666, -34.667980, 35.461430, -36.438000,Pick and Place
2497044, -0.515869, 0.290405, -0.712402, -28.503410, 27.099608, -39.367680,Pick and Place
2497064, -0.572388, 0.269043, -0.724365, -24.414060, 31.921380, -44.311520,Pick and Place
2497084, -0.501099, 0.237427, -0.739014, -23.498530, 36.132820, -44.250480,Pick and Place
2497104, -0.431641, 0.253784, -0.729614, -21.911620, 26.367180, -38.818360,Pick and Place
2497124, -0.510254, 0.270508, -0.745362, -15.930172, 17.639160, -34.851080,Pick and Place
2497144, -0.548096, 0.256226, -0.751221, -12.390136, 23.193352, -35.888680,Pick and Place
2497164, -0.448486, 0.276245, -0.732788, -10.803220, 26.123040, -34.790040,Pick and Place
2497184, -0.411011, 0.313965, -0.737183, -7.629394, 8.605960, -29.907220,Pick and Place
2497204, -0.480835, 0.354492, -0.763672, -2.075196, -8.361816, -26.123040,Pick and Place
2497224, -0.618042, 0.337402, -0.805542, 5.432128, 0.427246, -27.954100,Pick and Place
2497244, -0.605469, 0.285889, -0.811524, 4.882814, 20.935052, -28.320310,Pick and Place
2497264, -0.483154, 0.297852, -0.805908, 1.953124, 23.315424, -23.620600,Pick and Place
2497284, -0.471558, 0.321411, -0.827637, 4.333496, 11.474608, -18.615724,Pick and Place
2497304, -0.518677, 0.316040, -0.857910, 8.300784, 3.723144, -19.470220,Pick and Place
2497324, -0.592774, 0.294678, -0.853028, 10.986324, 16.540530, -23.925780,Pick and Place
2497344, -0.477539, 0.234009, -0.819824, 9.216310, 28.320310, -24.108880,Pick and Place
2497364, -0.338745, 0.229858, -0.780518, 6.225584, 17.517090, -19.592290,Pick and Place
2497384, -0.614136, 0.236084, -1.001954, 6.164550, -12.817380, -8.728030,Pick and Place
2497404, -0.500977, 0.156372, -0.994873, -1.831054, -2.319336, -10.498044,Pick and Place
2497424, -0.499878, 0.216064, -0.966431, -2.136231, -9.094240, -8.483890,Pick and Place
2497444, -0.462402, 0.208252, -0.923828, -4.272462, -16.845708, -4.882814,Pick and Place
2497464, -0.445190, 0.265503, -0.873535, -2.014160, -23.193352, -3.845214,Pick and Place
2497484, -0.540161, 0.243286, -0.859497, 2.258301, -13.916012, -4.211426,Pick and Place
2497504, -0.514648, 0.182983, -0.870239, 0.000000, 5.615234, -3.601074,Pick and Place
2497524, -0.426270, 0.197632, -0.870850, -3.662109, 8.117676, -0.915527,Pick and Place
2497544, -0.423584, 0.196899, -0.866455, -1.647949, -0.976562, 0.427246,Pick and Place
2497564, -0.425903, 0.192261, -0.876221, -1.220704, -8.728030, -2.258301,Pick and Place
2497584, -0.435669, 0.183838, -0.868042, -0.549316, -10.620116, -2.990722,Pick and Place
2497604, -0.492188, 0.171509, -0.841431, -1.342773, -3.295898, -4.455568,Pick and Place
2497624, -0.450562, 0.192871, -0.832886, -3.417968, 1.220704, -3.662109,Pick and Place
2497644, -0.418823, 0.201904, -0.846802, -1.159668, -2.929687, -3.234863,Pick and Place
2497664, -0.422852, 0.186035, -0.874634, 0.427246, -10.314940, -3.540038,Pick and Place
2497684, -0.489502, 0.190430, -0.877197, -0.122070, -12.145992, -3.234863,Pick and Place
2497704, -0.496460, 0.179199, -0.857788, 0.732422, -2.136231, -3.601074,Pick and Place
2497724, -0.414917, 0.178467, -0.862671, -0.854492, -1.159668, -1.342773,Pick and Place
2497744, -0.452393, 0.204590, -0.851807, 0.976562, -3.234863, -0.366211,Pick and Place
2497764, -0.458374, 0.212891, -0.882202, -0.122070, -6.286620, -1.953124,Pick and Place
2497784, -0.494385, 0.212524, -0.862549, 2.136231, -5.249022, -3.479003,Pick and Place
2497804, -0.540405, 0.183960, -0.882080, 2.929687, 2.441407, -2.380371,Pick and Place
2497824, -0.479004, 0.231445, -0.884888, 0.671386, 2.380371, 3.356933,Pick and Place
2497844, -0.450562, 0.220337, -0.877320, 0.183105, -0.549316, 1.281738,Pick and Place
2497864, -0.487183, 0.181519, -0.898682, 1.953124, -1.586914, -1.342773,Pick and Place
2497884, -0.481323, 0.176392, -0.893799, -0.122070, -4.760742, 0.671386,Pick and Place
2497904, -0.451660, 0.175903, -0.845825, 2.136231, -3.234863, 2.990722,Pick and Place
2497924, -0.469849, 0.166870, -0.878174, 0.183105, -20.385740, 5.493162,Pick and Place
2497944, -0.594116, 0.118164, -0.886963, -2.075196, -13.244628, 6.042480,Pick and Place
2497964, -0.546753, 0.144287, -0.886353, -8.605960, -4.455568, 6.103514,Pick and Place
2497984, -0.530396, 0.132935, -0.902710, -13.671872, -2.929687, 9.765626,Pick and Place
2498004, -0.521729, 0.165405, -0.900513, -20.690910, -9.460450, 14.526364,Pick and Place
2498024, -0.587646, 0.196533, -0.889648, -23.132320, -14.038084, 17.639160,Pick and Place
2498044, -0.651367, 0.226807, -0.869629, -26.245110, -3.234863, 21.972650,Pick and Place
2498064, -0.600830, 0.257324, -0.793823, -28.991692, 2.807617, 27.343748,Pick and Place
2498084, -0.538086, 0.291626, -0.701904, -30.334470, -5.920409, 35.766600,Pick and Place
2498104, -0.711914, 0.287720, -0.784546, -28.869624, 3.906249, 41.442860,Pick and Place
2498124, -0.652466, 0.278076, -0.838013, -34.362800, 28.076170, 47.729480,Pick and Place
2498144, -0.514526, 0.377564, -0.781250, -33.630380, 31.555170, 57.495110,Pick and Place
2498164, -0.458252, 0.433960, -0.727539, -27.343748, 20.751950, 63.232410,Pick and Place
2498184, -0.465454, 0.434326, -0.674072, -22.216790, 6.469726, 64.758300,Pick and Place
2498204, -0.479614, 0.449951, -0.685181, -11.230468, -9.582520, 68.664560,Pick and Place
2498224, -0.529785, 0.427002, -0.714112, 0.793457, -6.713866, 69.152840,Pick and Place
2498244, -0.442993, 0.460449, -0.675781, 11.474608, -2.685546, 70.983900,Pick and Place
2498264, -0.306885, 0.501343, -0.604370, 27.648920, -19.409180, 73.608400,Pick and Place
2498284, -0.265991, 0.506348, -0.582886, 39.794920, -41.564930, 70.190440,Pick and Place
2498304, -0.378052, 0.509278, -0.568360, 53.161610, -53.222640, 63.293440,Pick and Place
2498324, -0.410278, 0.465820, -0.652588, 64.636240, -36.376960, 53.710930,Pick and Place
2498344, -0.401123, 0.390015, -0.799805, 71.899440, -15.686032, 47.729480,Pick and Place
2498364, -0.325928, 0.372437, -0.846070, 73.974620, -10.742184, 48.339840,Pick and Place
2498384, -0.265015, 0.399048, -0.827515, 77.941900, -22.705070, 44.738760,Pick and Place
2498404, -0.293213, 0.404297, -0.690796, 79.040540, -45.104970, 36.254890,Pick and Place
2498424, -0.452637, 0.404541, -0.694702, 87.829560, -46.508780, 23.254390,Pick and Place
2498444, -0.408081, 0.278076, -0.816284, 89.233380, -21.667476, 12.329100,Pick and Place
2498464, -0.249023, 0.205566, -0.887940, 81.726060, -9.643556, 10.192870,Pick and Place
2498485, -0.246094, 0.193604, -0.924927, 74.157740, -26.855464, 11.779784,Pick and Place
2498505, -0.499024, 0.106445, -0.967163, 75.256360, -31.249992, 4.821778,Pick and Place
2498525, -0.542603, 0.006226, -0.971558, 70.617700, -15.441892, -8.789064,Pick and Place
2498545, -0.412232, 0.014282, -1.007324, 60.424800, 8.361816, -14.709470,Pick and Place
2498565, -0.248047, 0.005981, -0.976074, 51.330560, 9.399414, -9.826660,Pick and Place
2498585, -0.296143, -0.007568, -0.940064, 49.499500, -5.004884, -4.577638,Pick and Place
2498605, -0.399048, -0.041138, -0.906982, 45.898430, -4.028321, -9.643556,Pick and Place
2498625, -0.366577, -0.018921, -0.918579, 42.663560, 7.202148, -15.014646,Pick and Place
2498645, -0.418457, -0.109009, -1.029297, 42.602530, 17.272950, -13.793944,Pick and Place
2498665, -0.304688, -0.206909, -1.024414, 32.104500, 11.108396, -8.483890,Pick and Place
2498685, -0.330688, -0.092896, -0.961792, 31.188960, -22.705070, -0.122070,Pick and Place
2498705, -0.473145, -0.146729, -0.923218, 29.602044, -17.761230, -4.516602,Pick and Place
2498725, -0.532471, -0.160278, -0.959351, 22.705070, 6.591796, -5.432128,Pick and Place
2498745, -0.249023, -0.249146, -1.113404, -1.159668, 20.751950, 5.371092,Pick and Place
2498765, -0.090454, -0.059204, -1.064454, -12.390136, -40.771480, 11.657712,Pick and Place
2498785, -0.482422, -0.049316, -1.017456, 1.831054, -52.429190, -5.615234,Pick and Place
2498805, -0.495972, -0.157471, -1.028809, -6.408690, -35.278320, -11.596676,Pick and Place
2498825, -0.559326, -0.085938, -1.066772, -9.521484, -25.268550, -9.338380,Pick and Place
2498845, -0.447388, -0.150391, -0.995606, -12.878416, -12.878416, -4.699708,Pick and Place
2498865, -0.416138, -0.135498, -0.982178, -17.700200, -13.122556, -4.638672,Pick and Place
2498885, -0.451172, -0.163818, -1.020996, -24.047850, -16.784670, -4.821778,Pick and Place
2498905, -0.463867, -0.152832, -1.038208, -35.095220, -22.583000, -6.347656,Pick and Place
2498925, -0.444214, -0.145874, -0.986816, -41.198720, -21.789548, -5.310058,Pick and Place
2498945, -0.403076, -0.067749, -0.929810, -48.339840, -21.118160, -2.868652,Pick and Place
2498965, -0.425049, -0.001953, -0.919678, -46.447740, -18.981940, -4.089356,Pick and Place
2498985, -0.443848, 0.004028, -0.912964, -46.386710, -10.009768, -8.789064,Pick and Place
2499005, -0.450562, 0.011841, -0.908447, -46.203600, 0.305176, -13.488768,Pick and Place
2499025, -0.369019, 0.020996, -0.877442, -49.072260, 3.601074, -16.967780,Pick and Place
2499045, -0.403687, 0.011475, -0.857666, -47.851560, 2.258301, -20.935052,Pick and Place
2499065, -0.446655, 0.010132, -0.847656, -50.903310, 4.455568, -24.597160,Pick and Place
2499085, -0.490356, 0.119507, -0.825195, -49.804680, 7.751464, -28.320310,Pick and Place
2499105, -0.523316, 0.121216, -0.797241, -43.762200, 15.136716, -34.729010,Pick and Place
2499125, -0.445557, 0.106323, -0.759400, -40.344230, 23.437492, -40.100100,Pick and Place
2499145, -0.440064, 0.142578, -0.750488, -33.630380, 17.333990, -36.987310,Pick and Place
2499165, -0.505860, 0.155640, -0.758545, -26.245110, 13.977050, -35.583500,Pick and Place
2499185, -0.562744, 0.140137, -0.763550, -17.517090, 20.812980, -36.193860,Pick and Place
2499205, -0.581299, 0.137085, -0.738404, -15.197750, 29.235832, -36.682140,Pick and Place
2499225, -0.510742, 0.230469, -0.708008, -12.878416, 30.029290, -36.682140,Pick and Place
2499245, -0.491699, 0.278687, -0.720093, -6.774902, 23.498530, -37.902840,Pick and Place
2499265, -0.537598, 0.263062, -0.740845, -3.784179, 21.301268, -42.419420,Pick and Place
2499285, -0.604004, 0.244751, -0.761963, -1.708984, 28.320310, -45.349110,Pick and Place
2499305, -0.569336, 0.249023, -0.751953, -4.882814, 32.897960, -44.677720,Pick and Place
2499325, -0.491333, 0.307007, -0.756104, -3.601074, 25.146480, -42.419420,Pick and Place
2499345, -0.564087, 0.243042, -0.804077, 1.586914, 6.164550, -39.855960,Pick and Place
2499365, -0.686524, 0.196899, -0.795898, 2.563476, 9.643556, -37.475590,Pick and Place
2499385, -0.670166, 0.166748, -0.778320, 3.601074, 23.315424, -34.851080,Pick and Place
2499405, -0.585938, 0.144775, -0.800415, 3.967285, 28.991692, -23.498530,Pick and Place
2499425, -0.500366, 0.180664, -0.835816, 3.784179, 23.925780, -14.282224,Pick and Place
2499445, -0.563599, 0.179688, -0.872192, 10.009768, 22.338860, -11.779784,Pick and Place
2499465, -0.608643, 0.133423, -0.904419, 11.352536, 33.630380, -13.732908,Pick and Place
2499485, -0.478027, 0.153687, -0.910156, 7.812498, 38.146980, -15.014646,Pick and Place
2499505, -0.327026, 0.171753, -0.877564, 8.483890, 25.329584, -12.756344,Pick and Place
2499525, -0.497070, 0.148560, -0.929932, 10.620116, 19.226080, -5.432128,Pick and Place
2499545, -0.604980, 0.016235, -1.001587, -2.868652, 35.095220, 1.098633,Pick and Place
2499565, -0.418457, 0.145386, -1.042847, -10.681150, 39.245610, 3.540038,Pick and Place
2499585, -0.244141, 0.104614, -0.991944, -11.657712, 25.268550, 0.793457,Pick and Place
2499605, -0.238525, 0.134399, -0.961426, -12.023924, 9.094240, -2.197266,Pick and Place
2499625, -0.289917, 0.128784, -0.973145, -9.216310, 5.126952, -1.770019,Pick and Place
2499645, -0.287354, 0.065918, -0.991089, -12.634276, 2.258301, 0.549316,Pick and Place
2499665, -0.252441, 0.091064, -1.017334, -16.906740, -6.835936, 3.601074,Pick and Place
2499685, -0.240234, 0.106689, -1.022461, -18.737796, -18.066410, 5.432128,Pick and Place
2499705, -0.334839, 0.129639, -1.000977, -19.958500, -28.259270, 4.882814,Pick and Place
2499725, -0.398193, 0.173340, -0.943115, -22.827140, -20.935052, 1.464844,Pick and Place
2499745, -0.355469, 0.197632, -0.923706, -25.390620, -11.291500, 0.244141,Pick and Place
2499765, -0.306519, 0.205811, -0.950440, -29.296870, -9.765626, 2.319336,Pick and Place
2499785, -0.286987, 0.299561, -0.937500, -32.287600, -26.123040, 4.882814,Pick and Place
2499805, -0.370972, 0.295776, -0.913330, -28.747552, -34.484870, 0.366211,Pick and Place
2499825, -0.440552, 0.273193, -0.901001, -28.686520, -28.564450, -7.141112,Pick and Place
2499845, -0.398316, 0.252564, -0.916382, -29.907220, -15.686032, -9.155274,Pick and Place
2499865, -0.366943, 0.216919, -0.913818, -33.020020, -14.160152, -3.173828,Pick and Place
2499885, -0.358643, 0.260986, -0.835083, -33.996590, -27.526850, 2.136231,Pick and Place
2499905, -0.402588, 0.320801, -0.785278, -28.503410, -35.339360, -2.685546,Pick and Place
2499925, -0.344971, 0.280762, -0.846436, -25.146480, -29.785150, -11.047360,Pick and Place
2499945, -0.421875, 0.259155, -0.884155, -23.071284, -22.399900, -14.465330,Pick and Place
2499965, -0.424072, 0.234009, -0.890015, -17.089850, -25.512690, -10.375976,Pick and Place
2499985, -0.411865, 0.253906, -0.856201, -10.437010, -40.405260, -10.070800,Pick and Place
2500005, -0.426880, 0.259277, -0.769409, 2.990722, -44.311520, -15.563964,Pick and Place
2500025, -0.482788, 0.235962, -0.761475, 10.437010, -37.841800, -19.287110,Pick and Place
2500065, -0.465210, 0.193726, -0.724487, 18.554690, -39.062500, -12.634276,Pick and Place
2500085, -0.523926, 0.174072, -0.720459, 21.728510, -46.936020, -12.939450,Pick and Place
2500125, -0.559448, 0.112427, -0.753906, 18.737796, -25.573724, -15.441892,Pick and Place
2500145, -0.561890, 0.147583, -0.800781, 18.127448, -23.254390, -9.643556,Pick and Place
2500185, -0.409058, 0.104492, -0.777222, 18.859868, -50.476060, -1.525878,Pick and Place
2500205, -0.492676, 0.098511, -0.744263, 19.104010, -90.576160, 0.122070,Pick and Place
2500225, -0.859375, 0.047607, -0.718384, 14.343260, -59.326160, -8.178714,Pick and Place
2500245, -0.855835, 0.089478, -0.719849, 10.131832, -10.314940, -7.751464,Pick and Place
2500265, -0.761841, 0.121338, -0.735596, 4.455568, 24.291990, 1.037598,Pick and Place
2500285, -0.626221, 0.156860, -0.759278, -0.061035, 27.038570, 12.512204,Pick and Place
2500305, -0.538940, 0.176270, -0.805298, -2.258301, 0.000000, 13.488768,Pick and Place
2500325, -0.772461, 0.177368, -0.793457, -2.746581, -22.033690, 11.535644,Pick and Place
2500345, -0.847290, 0.229492, -0.795288, -2.258301, -4.272462, 4.943848,Pick and Place
2500365, -0.744873, 0.194336, -0.788818, -8.361816, -8.789064, 6.103514,Pick and Place
2500385, -0.766236, 0.236694, -0.759766, -8.056642, -18.920900, 14.404296,Pick and Place
2500405, -0.827148, 0.274902, -0.739380, -5.920409, -22.705070, 21.362300,Pick and Place
2500425, -0.868042, 0.303467, -0.731568, -2.990722, -13.549804, 27.038570,Pick and Place
2500445, -0.783936, 0.312988, -0.688721, 3.417968, 1.342773, 32.104500,Pick and Place
2500465, -0.730713, 0.321411, -0.667236, 6.469726, -2.746581, 34.790040,Pick and Place
2500485, -0.668335, 0.344727, -0.628052, 8.972170, -13.427732, 36.682140,Pick and Place
2500505, -0.706299, 0.329712, -0.639404, 13.732908, -15.869140, 35.949720,Pick and Place
2500525, -0.718384, 0.309570, -0.647583, 15.930172, -4.577638, 36.254890,Pick and Place
2500545, -0.669678, 0.306885, -0.641846, 16.906740, 2.319336, 37.353520,Pick and Place
2500565, -0.634766, 0.304443, -0.629028, 18.798830, -0.305176, 38.391120,Pick and Place
2500585, -0.625732, 0.312134, -0.623047, 20.935052, -6.347656, 36.499030,Pick and Place
2500605, -0.645020, 0.299561, -0.618530, 24.108880, -10.314940, 33.752440,Pick and Place
2500625, -0.692505, 0.254150, -0.625244, 27.832030, -7.568358, 31.738280,Pick and Place
2500645, -0.660156, 0.243042, -0.627075, 28.625480, -2.563476, 33.081060,Pick and Place
2500665, -0.636841, 0.239502, -0.658692, 31.555170, -1.770019, 36.438000,Pick and Place
2500685, -0.609619, 0.234375, -0.679077, 32.226570, -2.319336, 35.461430,Pick and Place
2500705, -0.613648, 0.234375, -0.676392, 33.508300, -3.234863, 31.799310,Pick and Place
2500725, -0.627197, 0.217896, -0.684937, 35.461430, -1.831054, 28.137200,Pick and Place
2500745, -0.565796, 0.194214, -0.687866, 36.010750, -4.638672, 26.855464,Pick and Place
2500765, -0.568482, 0.181519, -0.693237, 37.658700, -7.080076, 25.085448,Pick and Place
2500785, -0.557007, 0.178589, -0.701172, 38.269050, -6.286620, 23.559568,Pick and Place
2500805, -0.549927, 0.183228, -0.726807, 39.245610, -7.385252, 21.545408,Pick and Place
2500825, -0.605103, 0.134888, -0.761841, 40.344230, -5.554198, 18.310550,Pick and Place
2500845, -0.565186, 0.087646, -0.774902, 36.743170, -3.845214, 15.502928,Pick and Place
2500865, -0.565552, 0.080200, -0.798706, 33.874520, -6.042480, 13.244628,Pick and Place
2500885, -0.568115, 0.094360, -0.806885, 30.700680, -6.652830, 11.779784,Pick and Place
2500905, -0.561646, 0.096436, -0.794800, 30.456540, -6.835936, 10.070800,Pick and Place
2500925, -0.548584, 0.072388, -0.818604, 28.869624, -8.117676, 8.361816,Pick and Place
2500945, -0.581665, 0.075684, -0.842041, 26.367180, -8.911134, 6.469726,Pick and Place
2500965, -0.581909, 0.095337, -0.839844, 25.207516, -5.371092, 3.723144,Pick and Place
2500985, -0.555054, 0.089600, -0.829956, 24.169920, -1.281738, 1.159668,Pick and Place
2501005, -0.560791, 0.076172, -0.819214, 22.155760, -0.183105, 0.305176,Pick and Place
2501025, -0.579834, 0.081543, -0.812378, 18.188480, -1.586914, 0.000000,Pick and Place
2501045, -0.601318, 0.088379, -0.838867, 15.258788, -2.380371, -0.244141,Pick and Place
2501065, -0.607422, 0.084351, -0.852417, 13.183590, -4.150392, -1.037598,Pick and Place
2501085, -0.660889, 0.046753, -0.852905, 13.366696, -1.098633, -3.112792,Pick and Place
2501105, -0.611450, 0.080811, -0.823975, 9.277344, 0.854492, -0.976562,Pick and Place
2501125, -0.625854, 0.111816, -0.817871, 8.300784, 1.831054, 0.488281,Pick and Place
2501145, -0.633301, 0.114990, -0.828736, 8.422854, 5.249022, 1.770019,Pick and Place
2501165, -0.607422, 0.110107, -0.818237, 8.056642, 8.728030, 2.929687,Pick and Place
2501185, -0.592774, 0.113770, -0.801392, 9.155274, 8.789064, 3.051757,Pick and Place
2501205, -0.591187, 0.085693, -0.797608, 8.728030, 10.009768, 2.014160,Pick and Place
2501225, -0.543945, 0.104736, -0.790161, 6.164550, 5.065916, 1.220704,Pick and Place
2501245, -0.557739, 0.122070, -0.777832, 5.065916, -4.211426, -0.122070,Pick and Place
2501265, -0.562744, 0.144165, -0.781738, 4.821778, -12.878416, -0.915527,Pick and Place
2501285, -0.581787, 0.160156, -0.783081, 5.371092, -19.470220, -1.953124,Pick and Place
2501305, -0.672608, 0.155640, -0.791138, 6.835936, -11.413570, -4.760742,Pick and Place
2501325, -0.702515, 0.087280, -0.877930, 0.122070, 15.380856, -2.807617,Pick and Place
2501345, -0.576050, 0.081055, -0.862915, -7.080076, 10.009768, 0.549316,Pick and Place
2501365, -0.611938, 0.128662, -0.807007, -5.065916, -6.591796, -4.272462,Pick and Place
2501385, -0.625854, 0.115112, -0.823486, -4.638672, -6.042480, -8.544924,Pick and Place
2501405, -0.636963, 0.085571, -0.840454, -4.943848, 0.000000, -7.324218,Pick and Place
2501425, -0.605957, 0.096680, -0.797974, -7.141112, 8.850100, -0.488281,Pick and Place
2501445, -0.604980, 0.123413, -0.786377, -7.751464, 13.244628, 5.310058,Pick and Place
2501465, -0.609741, 0.157349, -0.754272, -7.385252, 13.854978, 6.042480,Pick and Place
2501485, -0.563232, 0.194824, -0.739014, -2.807617, 10.009768, 1.708984,Pick and Place
2501505, -0.514404, 0.182373, -0.740601, 2.624511, 3.417968, -2.868652,Pick and Place
2501525, -0.483521, 0.165161, -0.722412, 6.042480, -3.112792, -6.713866,Pick and Place
2501545, -0.561402, 0.086792, -0.729614, 11.291500, -3.601074, -12.573240,Pick and Place
2501565, -0.554199, 0.033081, -0.742432, 7.324218, -3.662109, -13.061520,Pick and Place
2501585, -0.703980, 0.053955, -0.819702, 4.760742, -12.145992, -8.972170,Pick and Place
2501605, -0.669312, 0.063843, -0.798584, -1.098633, -11.291500, -6.408690,Pick and Place
2501625, -0.699829, 0.098511, -0.782471, -1.098633, -8.361816, -5.126952,Pick and Place
2501645, -0.742310, 0.131226, -0.762451, -1.525878, -1.281738, -3.051757,Pick and Place
2501665, -0.635498, 0.157227, -0.771240, -1.464844, 2.258301, -1.159668,Pick and Place
2501685, -0.622437, 0.160400, -0.773804, 0.793457, -2.807617, -2.685546,Pick and Place
2501705, -0.633301, 0.163574, -0.779175, 3.295898, -5.065916, -4.089356,Pick and Place
2501725, -0.669922, 0.130737, -0.776367, 5.859374, -2.014160, -6.164550,Pick and Place
2501745, -0.616211, 0.111328, -0.720825, 8.056642, 1.647949, -8.239746,Pick and Place
2501765, -0.577026, 0.086304, -0.734619, 8.300784, 1.220704, -5.004884,Pick and Place
2501785, -0.609863, 0.071777, -0.800537, 8.972170, 2.990722, -3.662109,Pick and Place
2501805, -0.613159, 0.010254, -0.846680, 7.629394, 0.122070, -4.943848,Pick and Place
2501825, -0.641602, -0.027954, -0.845581, 6.774902, -1.159668, -6.713866,Pick and Place
2501845, -0.605469, -0.027954, -0.812500, 2.441407, -6.713866, -4.516602,Pick and Place
2501865, -0.598877, -0.012329, -0.790283, 0.000000, -10.559080, -1.220704,Pick and Place
2501885, -0.636963, -0.008301, -0.827026, -3.112792, -9.765626, -1.525878,Pick and Place
2501905, -0.661743, -0.013062, -0.843750, -6.103514, -0.305176, -3.479003,Pick and Place
2501925, -0.599732, 0.025635, -0.834961, -8.361816, 5.615234, -1.831054,Pick and Place
2501945, -0.598755, 0.025635, -0.866089, -7.568358, 5.798338, 0.915527,Pick and Place
2501965, -0.608154, -0.002197, -0.879028, -8.239746, 4.699708, 0.671386,Pick and Place
2501985, -0.563965, 0.054443, -0.826538, -11.413570, -2.563476, -0.793457,Pick and Place
2502005, -0.578858, 0.056885, -0.803589, -10.803220, -4.943848, -2.929687,Pick and Place
2502025, -0.579834, 0.028809, -0.796387, -11.901852, -3.051757, -5.371092,Pick and Place
2502045, -0.591064, -0.011719, -0.811890, -11.779784, -1.159668, -7.446288,Pick and Place
2502065, -0.586548, -0.049072, -0.799561, -14.648436, -3.723144, -8.239746,Pick and Place
2502085, -0.569824, -0.020874, -0.781860, -16.662600, -5.310058, -9.338380,Pick and Place
2502105, -0.573120, -0.009277, -0.776856, -18.676760, -3.234863, -10.803220,Pick and Place
2502125, -0.583740, 0.044434, -0.813477, -20.324700, 1.647949, -12.451170,Pick and Place
2502145, -0.596314, 0.048706, -0.866211, -19.592290, 7.995604, -15.869140,Pick and Place
2502165, -0.618408, 0.038818, -0.906616, -19.714360, 16.174320, -20.690910,Pick and Place
2502185, -0.575928, 0.013428, -0.898926, -21.850580, 24.230950, -25.329584,Pick and Place
2502205, -0.513184, 0.043213, -0.835571, -28.564450, 24.414060, -29.846190,Pick and Place
2502225, -0.591187, 0.089478, -0.818482, -31.311030, 27.526850, -33.386240,Pick and Place
2502245, -0.608276, 0.089600, -0.814209, -32.287600, 37.475590, -39.062500,Pick and Place
2502265, -0.593506, 0.089966, -0.806152, -35.217290, 47.790520, -45.166000,Pick and Place
2502285, -0.557862, 0.129517, -0.777710, -35.461430, 55.664060, -48.522940,Pick and Place
2502305, -0.512451, 0.160645, -0.775879, -31.982420, 56.396480, -48.034660,Pick and Place
2502325, -0.574463, 0.167114, -0.794800, -26.611320, 57.861320, -46.813960,Pick and Place
2502345, -0.576538, 0.137573, -0.809326, -22.949216, 68.054200, -48.217760,Pick and Place
2502365, -0.530884, 0.125122, -0.800904, -21.301268, 79.711940, -50.415030,Pick and Place
2502385, -0.502197, 0.167480, -0.785156, -21.606440, 80.078140, -51.635740,Pick and Place
2502405, -0.525024, 0.210938, -0.793091, -15.441892, 75.012220, -52.368160,Pick and Place
2502425, -0.532837, 0.172241, -0.817505, -6.408690, 69.702160, -51.940910,Pick and Place
2502445, -0.523682, 0.118652, -0.862427, -5.432128, 68.664560, -48.278800,Pick and Place
2502465, -0.461792, 0.076172, -0.864502, -8.972170, 62.133780, -43.151840,Pick and Place
2502485, -0.380371, 0.128174, -0.836304, -15.258788, 46.447740, -35.766600,Pick and Place
2502505, -0.448608, 0.204102, -0.828980, -11.291500, 37.658700, -29.418940,Pick and Place
2502525, -0.453735, 0.221314, -0.830322, -9.094240, 37.658700, -25.756830,Pick and Place
2502545, -0.417114, 0.252075, -0.861450, -6.591796, 37.841800, -22.521970,Pick and Place
2502565, -0.333252, 0.274536, -0.884155, -1.464844, 30.944820, -18.981940,Pick and Place
2502585, -0.350098, 0.270142, -0.886108, 7.690428, 16.540530, -16.601568,Pick and Place
2502605, -0.458130, 0.221314, -0.876099, 15.991210, 12.268064, -15.502928,Pick and Place
2502625, -0.410889, 0.190430, -0.867676, 17.883300, 17.883300, -9.643556,Pick and Place
2502645, -0.341187, 0.135498, -0.904541, 14.038084, 11.779784, -0.305176,Pick and Place
2502665, -0.453735, 0.124512, -0.917847, 7.202148, 7.934570, 2.685546,Pick and Place
2502685, -0.373047, 0.096924, -1.009766, 0.122070, 18.066410, 0.488281,Pick and Place
2502705, -0.350220, 0.169678, -0.993774, 2.746581, 19.775390, 1.770019,Pick and Place
2502725, -0.232666, 0.145264, -0.959106, 3.295898, 17.028810, 2.197266,Pick and Place
2502745, -0.209473, 0.036621, -1.002320, 6.225584, 7.995604, 2.075196,Pick and Place
2502765, -0.188232, 0.000732, -0.998657, -9.216310, -17.578130, 7.141112,Pick and Place
2502785, -0.336792, 0.132446, -1.033936, 2.563476, -30.456540, 13.793944,Pick and Place
2502805, -0.446533, 0.113525, -1.016846, 6.408690, -28.564450, 17.578130,Pick and Place
2502825, -0.436035, 0.057251, -0.992188, 7.080076, -19.470220, 17.333990,Pick and Place
2502845, -0.418213, 0.081421, -0.987305, 0.488281, -17.578130, 22.460930,Pick and Place
2502865, -0.414795, 0.153076, -0.999634, -5.737304, -26.977532, 34.057620,Pick and Place
2502885, -0.421387, 0.175903, -0.982666, -8.361816, -36.132820, 37.841800,Pick and Place
2502905, -0.475464, 0.209961, -0.941528, -8.483890, -41.137680, 41.687000,Pick and Place
2502925, -0.511963, 0.215454, -0.921143, -8.972170, -40.344230, 46.264640,Pick and Place
2502945, -0.515503, 0.221924, -0.926758, -6.591796, -35.461430, 51.818840,Pick and Place
2502965, -0.449829, 0.210693, -0.886353, -4.516602, -35.339360, 55.114740,Pick and Place
2502985, -0.418945, 0.221436, -0.833374, -1.525878, -42.541500, 60.607900,Pick and Place
2503005, -0.396851, 0.228882, -0.801880, 4.699708, -52.246080, 60.607900,Pick and Place
2503025, -0.425415, 0.202637, -0.791138, 11.413570, -62.805160, 60.485830,Pick and Place
2503045, -0.526734, 0.178833, -0.792358, 15.747068, -62.194820, 58.959950,Pick and Place
2503065, -0.534180, 0.191040, -0.763794, 20.019532, -48.522940, 56.762680,Pick and Place
2503085, -0.447022, 0.184692, -0.702515, 26.794430, -26.062010, 50.170890,Pick and Place
2503105, -0.366577, 0.213989, -0.707398, 29.968260, -21.972650, 47.302240,Pick and Place
2503125, -0.406250, 0.157349, -0.746826, 39.245610, -17.333990, 41.748040,Pick and Place
2503145, -0.379761, 0.090698, -0.796875, 39.184580, -8.361816, 34.118660,Pick and Place
2503165, -0.329224, 0.045898, -0.846192, 39.367680, -4.577638, 28.015130,Pick and Place
2503185, -0.334473, -0.031494, -0.886353, 38.757330, -7.263182, 22.888180,Pick and Place
2503205, -0.366699, -0.112549, -0.915283, 34.423840, -7.995604, 18.066410,Pick and Place
2503225, -0.399536, -0.112427, -0.897705, 27.465816, -7.751464, 13.488768,Pick and Place
2503245, -0.413086, -0.093262, -0.882690, 24.719230, 0.244141, 9.582520,Pick and Place
2503265, -0.393555, -0.055054, -0.870484, 21.362300, 9.094240, 9.460450,Pick and Place
2503285, -0.324829, -0.001465, -0.923340, 22.766110, 11.474608, 9.948730,Pick and Place
2503305, -0.360230, -0.085815, -0.984986, 28.015130, 10.864256, 6.774902,Pick and Place
2503325, -0.299805, -0.066650, -0.948486, 22.705070, 13.671872, 3.479003,Pick and Place
2503345, -0.241699, -0.001953, -0.911011, 21.850580, 5.981444, 2.014160,Pick and Place
2503365, -0.283936, -0.030396, -0.928833, 23.132320, -2.868652, 2.014160,Pick and Place
2503385, -0.291260, -0.041748, -0.949707, 20.019532, -7.995604, 0.488281,Pick and Place
2503405, -0.384033, 0.000244, -0.916870, 18.615724, -8.850100, 0.122070,Pick and Place
2503425, -0.441650, 0.033813, -0.930786, 17.333990, -0.854492, 0.000000,Pick and Place
2503445, -0.386841, 0.015625, -0.990112, 17.211920, 4.394532, 0.488281,Pick and Place
2503465, -0.457275, -0.072754, -1.088868, 10.314940, 9.765626, 1.525878,Pick and Place
2503485, -0.443359, -0.051636, -1.097168, -4.577638, 18.005376, 0.000000,Pick and Place
2503505, -0.360230, 0.029297, -1.058472, -10.253904, 7.141112, 0.183105,Pick and Place
2503525, -0.520508, 0.000244, -0.970581, -3.540038, 1.342773, -3.479003,Pick and Place
2503545, -0.514404, -0.016479, -0.963623, -3.234863, 11.779784, -1.525878,Pick and Place
2503565, -0.450195, 0.027954, -0.941406, -2.624511, 15.869140, 4.211426,Pick and Place
2503585, -0.347290, 0.032349, -0.912354, 0.122070, 6.347656, 8.300784,Pick and Place
2503605, -0.358643, 0.033203, -0.926758, 2.563476, -7.385252, 6.713866,Pick and Place
2503625, -0.473511, -0.011230, -0.937988, 5.493162, -5.493162, 3.906249,Pick and Place
2503645, -0.495239, -0.040405, -0.942383, 0.427246, 14.099120, 4.638672,Pick and Place
2503665, -0.367554, -0.019775, -0.948730, -5.187988, 22.521970, 7.385252,Pick and Place
2503685, -0.259644, 0.030518, -0.950684, -8.728030, 8.544924, 9.155274,Pick and Place
2503705, -0.291016, 0.034058, -0.976196, -8.544924, -10.803220, 7.019042,Pick and Place
2503725, -0.303589, 0.017578, -0.979736, -8.361816, -24.597160, 0.976562,Pick and Place
2503745, -0.380615, 0.019409, -0.916992, -8.117676, -38.085940, 0.244141,Pick and Place
2503765, -0.515625, 0.047363, -0.870117, -5.126952, -37.170420, -1.342773,Pick and Place
2503785, -0.525757, 0.017212, -0.892456, -6.103514, -17.517090, -6.225584,Pick and Place
2503805, -0.415283, 0.015625, -0.876099, -12.084960, -8.117676, -5.187988,Pick and Place
2503825, -0.442017, 0.050903, -0.907593, -13.610836, -10.803220, -1.098633,Pick and Place
2503845, -0.429199, 0.057373, -0.927002, -14.892576, -14.038084, -1.403808,Pick and Place
2503865, -0.412232, 0.077637, -0.929932, -15.747068, -15.197750, -5.676268,Pick and Place
2503885, -0.394165, 0.087036, -0.914185, -17.333990, -17.211920, -7.446288,Pick and Place
2503905, -0.385498, 0.123779, -0.913452, -20.324700, -19.348150, -6.225584,Pick and Place
2503925, -0.448730, 0.161133, -0.941772, -21.545408, -17.517090, -7.141112,Pick and Place
2503945, -0.424438, 0.182007, -0.941772, -22.644040, -18.737796, -8.300784,Pick and Place
2503965, -0.449097, 0.194336, -0.909668, -23.071284, -25.695796, -12.756344,Pick and Place
2503985, -0.531494, 0.216553, -0.833618, -24.536130, -26.123040, -11.535644,Pick and Place
2504005, -0.593750, 0.239502, -0.833740, -23.620600, -15.624996, -9.765626,Pick and Place
2504025, -0.610596, 0.217896, -0.854126, -23.376460, 0.915527, -6.652830,Pick and Place
2504045, -0.580688, 0.224121, -0.851929, -24.963376, 6.164550, -1.403808,Pick and Place
2504065, -0.531616, 0.271240, -0.842407, -21.545408, -1.098633, 1.770019,Pick and Place
2504085, -0.515991, 0.280274, -0.822876, -16.296390, -10.803220, 1.281738,Pick and Place
2504105, -0.557373, 0.277710, -0.784058, -11.535644, -13.061520, -1.220704,Pick and Place
2504125, -0.571167, 0.281494, -0.802124, -6.774902, -12.268064, -2.380371,Pick and Place
2504145, -0.524902, 0.251099, -0.846192, -1.892090, -10.559080, -2.441407,Pick and Place
2504165, -0.478394, 0.226563, -0.835938, 0.732422, -15.686032, -4.211426,Pick and Place
2504185, -0.532593, 0.204712, -0.768677, 6.713866, -28.442380, -6.347656,Pick and Place
2504205, -0.519287, 0.158569, -0.742310, 8.422854, -34.606940, -5.798338,Pick and Place
2504225, -0.548096, 0.122070, -0.783936, 11.230468, -36.193860, -5.493162,Pick and Place
2504245, -0.582154, 0.058228, -0.789307, 10.070800, -36.254890, -3.784179,Pick and Place
2504265, -0.587158, 0.064087, -0.745972, 8.666994, -39.917000, -3.479003,Pick and Place
2504285, -0.599487, 0.079834, -0.714966, 9.948730, -44.250480, -4.821778,Pick and Place
2504305, -0.519287, 0.092651, -0.676880, 10.070800, -53.466780, -4.516602,Pick and Place
2504325, -0.551026, 0.117920, -0.638916, 12.023924, -61.523430, -6.958006,Pick and Place
2504345, -0.751099, 0.096924, -0.673950, 14.465330, -40.832510, -13.122556,Pick and Place
2504365, -0.706543, 0.031250, -0.705444, 13.183590, -7.385252, -15.075680,Pick and Place
2504385, -0.607178, 0.007202, -0.721436, 11.352536, 2.441407, -11.413570,Pick and Place
2504405, -0.639160, 0.023560, -0.736084, 8.728030, -13.061520, -3.784179,Pick and Place
2504425, -0.673462, 0.047363, -0.716064, 11.108396, -22.827140, -7.446288,Pick and Place
2504445, -0.714478, 0.031982, -0.726929, 11.291500, -19.287110, -11.413570,Pick and Place
2504465, -0.688843, -0.015747, -0.769165, 7.995604, -3.845214, -10.437010,Pick and Place
2504485, -0.665772, -0.022095, -0.804077, 2.624511, 3.540038, -3.723144,Pick and Place
2504505, -0.653198, 0.004028, -0.839112, -0.122070, 0.854492, 2.380371,Pick and Place
2504525, -0.598511, 0.000366, -0.785767, -2.990722, -15.075680, 5.676268,Pick and Place
2504545, -0.690796, 0.087891, -0.758301, -0.183105, -17.395020, 2.258301,Pick and Place
2504565, -0.769409, 0.020996, -0.761353, -1.220704, 6.591796, 0.061035,Pick and Place
2504585, -0.698608, 0.073975, -0.811768, -4.882814, 27.587884, 4.333496,Pick and Place
2504605, -0.571533, 0.028076, -0.850220, -6.469726, 22.827140, 9.521484,Pick and Place
2504625, -0.610962, 0.012695, -0.850952, -8.239746, -1.831054, 5.798338,Pick and Place
2504645, -0.635010, 0.019897, -0.859863, -10.925290, -8.972170, 4.211426,Pick and Place
2504665, -0.633301, 0.000610, -0.875488, -15.808104, -9.826660, 5.004884,Pick and Place
2504685, -0.672608, -0.024414, -0.897949, -20.996090, -5.737304, 6.713866,Pick and Place
2504705, -0.665039, -0.064819, -0.916138, -27.832030, 5.249022, 7.690428,Pick and Place
2504725, -0.589112, -0.094727, -0.917969, -34.851080, 16.113284, 5.310058,Pick and Place
2504745, -0.625244, -0.119873, -0.885620, -40.222160, 36.987310, 0.854492,Pick and Place
2504765, -0.583862, -0.077393, -0.878296, -48.889150, 65.185560, -0.854492,Pick and Place
2504785, -0.473145, -0.050781, -0.895508, -54.748520, 81.054660, -6.774902,Pick and Place
2504805, -0.354614, -0.039185, -0.901367, -58.776840, 74.157740, -14.953610,Pick and Place
2504825, -0.281860, 0.029053, -0.862427, -58.593740, 47.851560, -24.780270,Pick and Place
2504845, -0.405762, 0.211792, -0.825562, -50.537100, 16.174320, -41.137680,Pick and Place
2504865, -0.398438, 0.245972, -0.765625, -46.752920, 19.958500, -49.621580,Pick and Place
2504885, -0.465820, 0.258545, -0.750610, -42.419420, 30.273430, -51.147450,Pick and Place
2504905, -0.517822, 0.331421, -0.758667, -40.649400, 37.536620, -50.659170,Pick and Place
2504925, -0.544312, 0.345825, -0.769776, -34.973150, 38.513190, -53.833000,Pick and Place
2504945, -0.530640, 0.320435, -0.760864, -32.897960, 29.174800, -57.006820,Pick and Place
2504965, -0.565552, 0.297852, -0.747314, -32.043460, 17.272950, -59.936520,Pick and Place
2504985, -0.634522, 0.316650, -0.736084, -32.531740, 8.972170, -58.715810,Pick and Place
2505005, -0.683960, 0.323975, -0.716064, -30.334470, 3.845214, -53.894040,Pick and Place
2505025, -0.674438, 0.318970, -0.684814, -27.465816, 0.061035, -50.842280,Pick and Place
2505045, -0.699829, 0.311401, -0.653442, -23.254390, 0.976562, -48.217760,Pick and Place
2505065, -0.700684, 0.309570, -0.645996, -14.221190, 9.338380, -40.466300,Pick and Place
2505085, -0.680908, 0.293335, -0.647705, -6.652830, 13.671872, -35.949720,Pick and Place
2505105, -0.610230, 0.288330, -0.613404, -1.342773, 13.366696, -33.203130,Pick and Place
2505125, -0.545410, 0.292847, -0.579834, 4.333496, 8.850100, -33.264160,Pick and Place
2505145, -0.612671, 0.241943, -0.642822, 9.582520, 4.577638, -30.334470,Pick and Place
2505165, -0.657349, 0.182983, -0.721680, 12.573240, 3.051757, -27.282710,Pick and Place
2505185, -0.650513, 0.151611, -0.749634, 13.366696, 1.037598, -23.925780,Pick and Place
2505205, -0.596558, 0.141968, -0.741821, 12.512204, -4.333496, -20.629880,Pick and Place
2505225, -0.585327, 0.134155, -0.706543, 10.437010, -12.634276, -18.371584,Pick and Place
2505245, -0.635376, 0.168213, -0.840698, 2.929687, -27.587884, -8.544924,Pick and Place
2505265, -0.834351, 0.152954, -0.933838, 3.051757, -14.221190, -9.704590,Pick and Place
2505285, -0.606568, 0.158936, -0.882080, -2.502442, -10.437010, -7.019042,Pick and Place
2505305, -0.684814, 0.170776, -0.834961, 0.061035, -16.601568, -3.051757,Pick and Place
2505325, -0.611694, 0.188477, -0.785645, -0.854492, -7.751464, -4.272462,Pick and Place
2505345, -0.560425, 0.182373, -0.809448, 0.366211, -5.310058, -4.150392,Pick and Place
2505365, -0.582154, 0.152344, -0.846436, 0.427246, -0.244141, -2.197266,Pick and Place
2505385, -0.552856, 0.140381, -0.861328, 0.732422, -2.502442, -2.990722,Pick and Place
2505405, -0.577637, 0.128174, -0.830811, 0.671386, -5.615234, -3.051757,Pick and Place
2505425, -0.599121, 0.152954, -0.799438, 0.610352, -2.380371, -3.173828,Pick and Place
2505445, -0.583740, 0.147583, -0.816772, 1.708984, 2.075196, -1.342773,Pick and Place
2505465, -0.561035, 0.143433, -0.838745, 0.488281, 3.295898, 1.525878,Pick and Place
2505485, -0.542725, 0.140869, -0.838379, -0.732422, 2.685546, 0.854492,Pick and Place
2505505, -0.573364, 0.141846, -0.823608, -1.220704, 3.295898, -1.647949,Pick and Place
2505525, -0.600952, 0.097534, -0.849365, -1.098633, -2.014160, -0.183105,Pick and Place
2505545, -0.643555, 0.084717, -0.815308, -2.502442, -2.014160, -0.732422,Pick and Place
2505565, -0.570679, 0.060181, -0.847778, -9.460450, -4.760742, 3.540038,Pick and Place
2505585, -0.672241, 0.077271, -0.871704, -15.136716, -6.774902, 7.934570,Pick and Place
2505605, -0.673340, 0.108887, -0.835449, -19.714360, -5.798338, 12.145992,Pick and Place
2505625, -0.664795, 0.136841, -0.812866, -22.521970, -8.239746, 15.014646,Pick and Place
2505645, -0.711304, 0.161987, -0.778442, -23.742670, -5.859374, 17.761230,Pick and Place
2505665, -0.712891, 0.184570, -0.761963, -25.512690, 4.272462, 20.263670,Pick and Place
2505685, -0.676148, 0.204346, -0.708740, -26.428220, 11.718748, 25.268550,Pick and Place
2505705, -0.680176, 0.272583, -0.594238, -25.146480, 12.145992, 29.602044,Pick and Place
2505725, -0.647705, 0.265747, -0.522339, -20.019532, -4.455568, 31.494136,Pick and Place
2505745, -0.836792, 0.086548, -0.787232, -26.855464, 14.038084, 34.667980,Pick and Place
2505765, -0.661987, 0.291870, -0.756836, -26.489250, 27.404780, 57.800280,Pick and Place
2505785, -0.649536, 0.375488, -0.665405, -4.150392, -0.061035, 72.021500,Pick and Place
2505805, -0.626587, 0.377441, -0.628296, 14.099120, -15.563964, 73.669440,Pick and Place
2505825, -0.575928, 0.430542, -0.522095, 32.958990, -28.442380, 66.223160,Pick and Place
2505845, -0.538452, 0.416016, -0.569092, 46.203600, -22.338860, 61.157220,Pick and Place
2505865, -0.503784, 0.401245, -0.655274, 53.649900, -10.070800, 58.898920,Pick and Place
2505885, -0.422363, 0.402588, -0.676148, 58.715810, -8.239746, 59.814440,Pick and Place
2505905, -0.391235, 0.430908, -0.676636, 66.406260, -22.827140, 57.556140,Pick and Place
2505925, -0.412842, 0.402954, -0.753418, 76.538100, -39.672860, 47.607410,Pick and Place
2505945, -0.538818, 0.369995, -0.800293, 85.815400, -38.879400, 29.907220,Pick and Place
2505965, -0.543335, 0.283691, -0.893921, 85.693340, -20.446770, 21.606440,Pick and Place
2505985, -0.442261, 0.247192, -0.809082, 78.857440, -12.329100, 21.179192,Pick and Place
2506005, -0.315796, 0.287476, -0.669312, 72.326660, -29.785150, 26.672360,Pick and Place
2506025, -0.359131, 0.298096, -0.699219, 72.937020, -56.152340, 27.893060,Pick and Place
2506045, -0.555298, 0.211304, -0.874512, 75.012220, -48.828120, 18.798830,Pick and Place
2506065, -0.741089, 0.058228, -1.043335, 73.181160, -1.831054, 5.798338,Pick and Place
2506085, -0.633789, 0.014160, -1.069702, 56.823720, 35.156260, 2.380371,Pick and Place
2506105, -0.457520, 0.071533, -0.974976, 49.316400, 31.066890, 2.563476,Pick and Place
2506125, -0.256714, 0.081299, -0.826660, 47.729480, -0.671386, 2.197266,Pick and Place
2506145, -0.479126, -0.000244, -0.824951, 53.039540, -16.967780, -1.525878,Pick and Place
2506165, -0.702148, -0.143555, -0.895386, 44.433580, 23.254390, 1.953124,Pick and Place
2506185, -0.483887, -0.114624, -0.914917, 21.606440, 34.240730, 4.699708,Pick and Place
2506205, -0.402344, -0.030273, -0.909424, 19.348150, 29.052730, 4.821778,Pick and Place
2506225, -0.412598, -0.030396, -0.909058, 21.240230, 20.080560, -2.746581,Pick and Place
2506245, -0.453369, -0.065063, -0.932862, 21.423332, 17.395020, -9.948730,Pick and Place
2506265, -0.437134, -0.119263, -0.897583, 19.775390, 12.390136, -11.108396,Pick and Place
2506285, -0.416260, -0.113281, -0.798462, 20.019532, -2.502442, -7.324218,Pick and Place
2506305, -0.540039, -0.123413, -0.764282, 17.333990, -3.417968, 1.220704,Pick and Place
2506325, -0.611206, -0.136353, -0.913208, 10.742184, 22.338860, 5.737304,Pick and Place
2506345, -0.397827, -0.118896, -0.982056, 1.220704, 29.541010, 13.305660,Pick and Place
2506365, -0.361572, -0.063721, -0.949463, -1.953124, -6.774902, 14.526364,Pick and Place
2506385, -0.456421, -0.001465, -0.872803, 1.403808, -26.123040, -1.953124,Pick and Place
2506405, -0.597046, -0.041260, -0.886475, 0.976562, -13.061520, -5.126952,Pick and Place
2506425, -0.514893, -0.056030, -0.919800, -2.258301, 5.615234, -2.197266,Pick and Place
2506445, -0.384033, -0.049194, -0.903564, -6.164550, -1.892090, 5.676268,Pick and Place
2506465, -0.515503, -0.042480, -0.932739, -3.234863, -11.840818, 5.432128,Pick and Place
2506485, -0.575195, -0.111450, -0.970581, -5.554198, -6.286620, -0.915527,Pick and Place
2506505, -0.504150, -0.097168, -0.969604, -12.756344, -0.976562, -3.479003,Pick and Place
2506525, -0.471680, -0.099365, -0.964112, -16.906740, -1.159668, -1.586914,Pick and Place
2506545, -0.464966, -0.102783, -0.971314, -21.545408, -9.643556, 0.366211,Pick and Place
2506565, -0.526734, -0.107788, -0.937622, -24.658200, -10.253904, -1.586914,Pick and Place
2506585, -0.470093, -0.107788, -0.929688, -27.587884, -6.774902, -2.380371,Pick and Place
2506605, -0.462280, -0.091309, -0.928223, -33.081060, -5.310058, -2.868652,Pick and Place
2506625, -0.431885, -0.056396, -0.904907, -35.339360, -3.906249, -7.324218,Pick and Place
2506645, -0.437256, -0.057983, -0.881592, -37.353520, -1.525878, -11.901852,Pick and Place
2506665, -0.426270, -0.047974, -0.864746, -41.381820, 5.126952, -13.977050,Pick and Place
2506685, -0.398804, 0.030518, -0.859009, -44.250480, 6.347656, -15.930172,Pick and Place
2506705, -0.417480, 0.045288, -0.871948, -42.602530, 4.394532, -20.996090,Pick and Place
2506725, -0.430542, 0.053955, -0.865601, -41.992180, 2.441407, -27.404780,Pick and Place
2506745, -0.470581, 0.057251, -0.848999, -41.076650, 8.605960, -33.264160,Pick and Place
2506765, -0.471802, 0.094482, -0.813110, -41.687000, 14.282224, -36.010750,Pick and Place
2506785, -0.506592, 0.162842, -0.793945, -39.672860, 21.423332, -39.550780,Pick and Place
2506805, -0.530396, 0.160767, -0.812744, -35.583500, 29.846190, -44.738760,Pick and Place
2506825, -0.504395, 0.132568, -0.819824, -34.362800, 32.043460, -49.499500,Pick and Place
2506845, -0.515991, 0.194824, -0.789673, -30.761716, 26.123040, -50.231920,Pick and Place
2506865, -0.515259, 0.214722, -0.777222, -25.634760, 23.132320, -47.424300,Pick and Place
2506885, -0.522461, 0.205200, -0.776489, -20.019532, 19.531250, -45.043940,Pick and Place
2506905, -0.542358, 0.193726, -0.760254, -16.845708, 18.737796, -43.701160,Pick and Place
2506925, -0.545654, 0.210938, -0.722778, -14.587400, 21.423332, -41.992180,Pick and Place
2506945, -0.499878, 0.273682, -0.732544, -12.145992, 19.287110, -37.963880,Pick and Place
2506965, -0.541016, 0.280518, -0.782349, -6.713866, 17.028810, -37.292480,Pick and Place
2506985, -0.614136, 0.223511, -0.806274, -4.272462, 23.010250, -38.513190,Pick and Place
2507005, -0.621826, 0.180542, -0.807617, -4.394532, 34.057620, -38.330080,Pick and Place
2507025, -0.525146, 0.152222, -0.794922, -7.690428, 37.597660, -33.325200,Pick and Place
2507045, -0.503174, 0.218018, -0.835083, -7.019042, 30.944820, -29.724120,Pick and Place
2507065, -0.583862, 0.165283, -0.893677, -2.014160, 31.433100, -26.123040,Pick and Place
2507085, -0.554566, 0.121216, -0.910522, -3.540038, 38.940440, -25.085448,Pick and Place
2507105, -0.407837, 0.119385, -0.905152, -6.835936, 31.555170, -21.240230,Pick and Place
2507125, -0.393677, 0.165039, -0.883911, -6.042480, 14.099120, -17.517090,Pick and Place
2507145, -0.477051, 0.172607, -0.895996, -0.793457, 10.009768, -15.014646,Pick and Place
2507165, -0.481567, 0.143555, -0.927246, -1.342773, 17.578130, -14.404296,Pick and Place
2507185, -0.414551, 0.131104, -0.937622, -3.784179, 22.216790, -14.221190,Pick and Place
2507205, -0.354126, 0.138428, -0.914795, -4.272462, 16.540530, -13.183590,Pick and Place
2507225, -0.414429, 0.124390, -0.913940, -1.647949, 17.822270, -11.901852,Pick and Place
2507245, -0.455444, 0.119385, -0.909546, -1.770019, 27.221676, -10.437010,Pick and Place
2507265, -0.372437, 0.114746, -0.933350, -1.586914, 35.217290, -8.483890,Pick and Place
2507285, -0.265625, 0.101074, -0.964478, -1.770019, 22.644040, -7.202148,Pick and Place
2507305, -0.329224, 0.104004, -0.944946, -1.831054, 14.648436, -8.728030,Pick and Place
2507325, -0.383057, 0.094238, -0.941528, -2.258301, 17.028810, -11.413570,Pick and Place
2507345, -0.378662, 0.086304, -0.963745, -3.417968, 23.986810, -11.169430,Pick and Place
2507365, -0.254761, 0.089478, -0.973389, -5.187988, 20.324700, -7.812498,Pick and Place
2507385, -0.267700, 0.107178, -0.986816, -5.249022, 3.601074, -3.112792,Pick and Place
2507405, -0.341064, 0.125977, -0.969971, -5.981444, -2.197266, 0.488281,Pick and Place
2507425, -0.304688, 0.138306, -0.943237, -5.432128, -2.868652, 0.671386,Pick and Place
2507445, -0.339722, 0.116333, -0.971436, -6.042480, 2.807617, 1.953124,Pick and Place
2507465, -0.250855, 0.129272, -0.980713, -8.728030, 1.770019, 3.906249,Pick and Place
2507485, -0.238892, 0.156250, -0.975464, -7.446288, -9.521484, 2.746581,Pick and Place
2507505, -0.303345, 0.153687, -0.950684, -5.554198, -7.507323, -3.723144,Pick and Place
2507525, -0.260864, 0.135864, -0.945435, -7.568358, -6.835936, -3.723144,Pick and Place
2507545, -0.256836, 0.148193, -0.969116, -9.155274, -13.549804, 0.122070,Pick and Place
2507565, -0.289063, 0.154419, -0.978882, -8.666994, -22.155760, 1.037598,Pick and Place
2507585, -0.322754, 0.164795, -0.958862, -9.948730, -24.230950, -0.732422,Pick and Place
2507605, -0.327881, 0.181641, -0.930054, -10.742184, -21.911620, -0.305176,Pick and Place
2507625, -0.344116, 0.189941, -0.925537, -12.817380, -17.089850, 2.136231,Pick and Place
2507645, -0.299438, 0.193115, -0.942383, -15.686032, -17.517090, 5.798338,Pick and Place
2507665, -0.274902, 0.212158, -0.954102, -17.944340, -29.357908, 8.300784,Pick and Place
2507685, -0.325562, 0.249268, -0.942627, -17.211920, -38.208020, 6.958006,Pick and Place
2507705, -0.430176, 0.250122, -0.932617, -15.747068, -25.878900, 1.708984,Pick and Place
2507725, -0.336304, 0.255005, -0.928833, -19.226080, -12.390136, 3.417968,Pick and Place
2507745, -0.280518, 0.301025, -0.922119, -16.845708, -23.986810, 7.812498,Pick and Place
2507765, -0.330811, 0.303345, -0.907471, -11.657712, -38.635260, 5.065916,Pick and Place
2507785, -0.433228, 0.264282, -0.895752, -7.202148, -35.278320, -0.732422,Pick and Place
2507805, -0.416138, 0.244385, -0.886230, -5.004884, -29.113768, -2.868652,Pick and Place
2507825, -0.374390, 0.250610, -0.845825, -1.770019, -33.813480, -1.098633,Pick and Place
2507845, -0.359741, 0.221924, -0.825562, 3.356933, -50.048820, 1.159668,Pick and Place
2507865, -0.482178, 0.196411, -0.804077, 6.347656, -57.617180, -1.708984,Pick and Place
2507885, -0.613526, 0.171631, -0.824097, 9.582520, -35.156260, -8.300784,Pick and Place
2507905, -0.547486, 0.146851, -0.815918, 9.887696, -14.160152, -7.934570,Pick and Place
2507925, -0.432861, 0.135864, -0.763794, 8.666994, -13.305660, -2.380371,Pick and Place
2507945, -0.546997, 0.180908, -0.800659, 11.535644, -35.766600, 0.488281,Pick and Place
2507965, -0.711060, 0.087402, -0.868774, 12.634276, -13.000484, -6.469726,Pick and Place
2507985, -0.574829, 0.069458, -0.853394, 8.422854, 11.840818, -10.009768,Pick and Place
2508005, -0.443604, 0.097168, -0.796753, 5.920409, 10.986324, -2.319336,Pick and Place
2508025, -0.390259, 0.134888, -0.765259, 5.554198, -11.962890, 6.164550,Pick and Place
2508045, -0.520386, 0.176392, -0.811402, 9.338380, -28.259270, 6.896972,Pick and Place
2508065, -0.633667, 0.125122, -0.869995, 14.526364, -12.207030, -1.831054,Pick and Place
2508085, -0.530396, 0.117920, -0.837036, 9.704590, 2.197266, -6.347656,Pick and Place
2508105, -0.412598, 0.143921, -0.800537, 8.911134, -1.892090, -5.004884,Pick and Place
2508125, -0.483154, 0.147949, -0.834473, 7.019042, -19.897460, -2.746581,Pick and Place
2508145, -0.646851, 0.082886, -0.870606, 6.164550, -24.841304, 8.239746,Pick and Place
2508165, -0.713501, 0.185547, -0.874268, 3.723144, 4.882814, 7.385252,Pick and Place
2508185, -0.605103, 0.188843, -0.842163, -3.845214, -0.061035, 10.437010,Pick and Place
2508205, -0.636475, 0.262085, -0.846924, -4.089356, -13.000484, 18.676760,Pick and Place
2508225, -0.706665, 0.263672, -0.860596, -3.112792, -20.446770, 21.423332,Pick and Place
2508245, -0.767090, 0.258911, -0.846192, -1.708984, -13.122556, 23.376460,Pick and Place
2508265, -0.727417, 0.251953, -0.805542, -1.831054, -0.854492, 29.785150,Pick and Place
2508285, -0.662720, 0.280274, -0.804199, -1.831054, 1.403808, 37.170420,Pick and Place
2508305, -0.649048, 0.294312, -0.815796, -0.427246, -1.892090, 43.518060,Pick and Place
2508325, -0.625000, 0.282715, -0.836548, 1.464844, -7.507323, 46.264640,Pick and Place
2508345, -0.608887, 0.261963, -0.857666, 1.770019, -12.329100, 47.241200,Pick and Place
2508365, -0.588257, 0.271973, -0.858154, 0.488281, -16.967780, 48.950180,Pick and Place
2508385, -0.587769, 0.259644, -0.829956, 1.525878, -22.399900, 48.400870,Pick and Place
2508405, -0.611206, 0.260010, -0.821045, 1.525878, -16.052250, 48.767080,Pick and Place
2508425, -0.598511, 0.241455, -0.831299, 1.403808, -5.798338, 49.499500,Pick and Place
2508445, -0.564453, 0.243530, -0.832886, 0.427246, 0.976562, 52.856440,Pick and Place
2508465, -0.522339, 0.254395, -0.804566, 0.244141, -0.427246, 55.114740,Pick and Place
2508485, -0.510376, 0.249756, -0.780762, 1.586914, -5.920409, 53.894040,Pick and Place
2508505, -0.491333, 0.256226, -0.772705, 1.892090, -12.207030, 51.452620,Pick and Place
2508525, -0.497681, 0.276856, -0.753418, 4.638672, -18.432620, 48.645010,Pick and Place
2508545, -0.481567, 0.270752, -0.736206, 8.178714, -22.094720, 47.180160,Pick and Place
2508565, -0.465454, 0.267334, -0.718994, 10.986324, -24.353020, 45.349110,Pick and Place
2508585, -0.457642, 0.267090, -0.684692, 13.183590, -24.536130, 43.518060,Pick and Place
2508605, -0.425415, 0.297730, -0.635010, 16.174320, -30.639640, 39.367680,Pick and Place
2508625, -0.472534, 0.294678, -0.635498, 20.751950, -29.174800, 33.752440,Pick and Place
2508645, -0.490112, 0.271973, -0.656128, 23.681636, -11.718748, 27.038570,Pick and Place
2508665, -0.417969, 0.266358, -0.647461, 23.010250, 0.488281, 22.460930,Pick and Place
2508685, -0.374268, 0.285400, -0.636963, 25.573724, -3.112792, 20.507810,Pick and Place
2508705, -0.357300, 0.259766, -0.653564, 29.785150, -12.695310, 15.563964,Pick and Place
2508725, -0.343506, 0.225586, -0.680420, 32.531740, -22.216790, 7.019042,Pick and Place
2508745, -0.401367, 0.214111, -0.692871, 36.193860, -25.024410, -1.098633,Pick and Place
2508765, -0.410889, 0.179688, -0.682862, 38.635260, -23.620600, -5.798338,Pick and Place
2508785, -0.402100, 0.158936, -0.696533, 39.917000, -22.949216, -10.253904,Pick and Place
2508805, -0.419800, 0.160156, -0.710694, 40.893540, -20.202630, -14.465330,Pick and Place
2508825, -0.504150, 0.106079, -0.740845, 42.114250, -8.666994, -22.277830,Pick and Place
2508845, -0.469971, 0.075317, -0.766968, 40.527340, -7.080076, -23.376460,Pick and Place
2508865, -0.497314, 0.101318, -0.814820, 38.085940, -6.713866, -22.338860,Pick and Place
2508885, -0.547852, 0.113525, -0.847656, 38.208020, -4.577638, -20.568840,Pick and Place
2508905, -0.652222, 0.079102, -0.859009, 38.391120, 5.187988, -21.789548,Pick and Place
2508925, -0.594971, 0.077026, -0.853882, 34.240730, 17.822270, -19.592290,Pick and Place
2508945, -0.549561, 0.099609, -0.898316, 31.066890, 18.615724, -15.197750,Pick and Place
2508965, -0.568726, 0.104614, -0.948730, 28.015130, 12.756344, -11.108396,Pick and Place
2508985, -0.556641, 0.097656, -0.961792, 25.878900, -1.159668, -11.047360,Pick and Place
2509005, -0.582031, 0.095337, -0.960205, 24.902340, -6.713866, -13.610836,Pick and Place
2509025, -0.585449, 0.121338, -0.926392, 21.484370, -4.760742, -13.671872,Pick and Place
2509045, -0.582520, 0.130981, -0.889160, 19.775390, 0.549316, -13.122556,Pick and Place
2509065, -0.622803, 0.065796, -0.903198, 19.042970, 6.347656, -15.747068,Pick and Place
2509085, -0.649902, 0.029175, -0.962524, 11.657712, 20.019532, -19.226080,Pick and Place
2509105, -0.480713, 0.067261, -0.875366, 13.916012, 21.484370, -12.878416,Pick and Place
2509125, -0.490723, 0.031372, -0.866699, 13.061520, 10.009768, -10.192870,Pick and Place
2509145, -0.591675, 0.009277, -1.060181, 2.075196, 0.793457, -4.089356,Pick and Place
2509165, -0.615845, 0.043945, -0.998535, -2.746581, 12.207030, -4.943848,Pick and Place
2509185, -0.523682, 0.092407, -0.917603, -3.967285, -4.272462, -7.690428,Pick and Place
2509205, -0.621704, 0.093018, -0.901612, 1.892090, -4.272462, -9.155274,Pick and Place
2509225, -0.562256, 0.064575, -0.881104, 1.098633, 2.746581, -5.798338,Pick and Place
2509245, -0.609619, 0.071289, -0.857178, 1.098633, 6.835936, -0.610352,Pick and Place
2509265, -0.508057, 0.081543, -0.833130, 1.770019, 0.427246, -1.281738,Pick and Place
2509285, -0.558228, 0.047363, -0.822754, 2.258301, 0.549316, -2.929687,Pick and Place
2509305, -0.521240, 0.066650, -0.814331, 1.586914, -0.976562, -2.502442,Pick and Place
2509325, -0.548340, 0.054565, -0.815308, 3.051757, -0.427246, -1.342773,Pick and Place
2509345, -0.558716, 0.051514, -0.814209, 3.662109, 2.990722, 1.159668,Pick and Place
2509365, -0.527100, 0.021118, -0.853638, 3.784179, 4.272462, 0.244141,Pick and Place
2509385, -0.481690, -0.009644, -0.867432, 0.671386, -6.042480, 0.549316,Pick and Place
2509405, -0.494751, -0.011597, -0.847778, -0.976562, -21.728510, 0.549316,Pick and Place
2509425, -0.555786, 0.017578, -0.844604, -0.549316, -27.587884, -0.732422,Pick and Place
2509445, -0.639648, 0.010986, -0.842041, 2.746581, -13.488768, -2.319336,Pick and Place
2509465, -0.565308, -0.018799, -0.850952, 1.464844, 2.136231, 0.976562,Pick and Place
2509485, -0.508667, -0.023926, -0.852905, -4.516602, 3.784179, 4.943848,Pick and Place
2509505, -0.501343, 0.014648, -0.880005, -6.652830, -0.976562, 2.502442,Pick and Place
2509525, -0.535767, -0.006836, -0.896362, -7.934570, 2.014160, -1.770019,Pick and Place
2509545, -0.510498, 0.009033, -0.911987, -10.681150, 5.432128, -3.417968,Pick and Place
2509565, -0.508911, 0.001587, -0.925415, -10.925290, 5.920409, -2.929687,Pick and Place
2509585, -0.496216, -0.026611, -0.936890, -12.573240, 1.708984, -2.258301,Pick and Place
2509605, -0.509155, -0.039063, -0.920044, -15.869140, -0.976562, -3.662109,Pick and Place
2509625, -0.522949, -0.015869, -0.910400, -20.019532, 2.685546, -5.004884,Pick and Place
2509645, -0.496338, -0.039429, -0.932251, -23.925780, 5.798338, -5.859374,Pick and Place
2509665, -0.459473, -0.045776, -0.937866, -30.700680, 1.098633, -7.385252,Pick and Place
2509685, -0.509522, -0.012939, -0.934692, -33.508300, -4.028321, -10.803220,Pick and Place
2509705, -0.544922, 0.020386, -0.943482, -33.264160, 10.192870, -15.563964,Pick and Place
2509725, -0.477783, 0.006348, -0.964722, -32.409680, 25.268550, -14.587400,Pick and Place
2509745, -0.438843, -0.016724, -0.946778, -33.935560, 31.494136, -14.953610,Pick and Place
2509765, -0.408325, 0.007813, -0.906860, -37.536620, 28.381340, -19.226080,Pick and Place
2509785, -0.430908, 0.023926, -0.851562, -37.048340, 22.216790, -29.602044,Pick and Place
2509805, -0.409668, 0.005005, -0.810425, -38.085940, 19.287110, -41.137680,Pick and Place
2509825, -0.409912, 0.007935, -0.783936, -39.855960, 19.897460, -49.499500,Pick and Place
2509845, -0.443115, 0.070190, -0.739868, -41.931140, 24.047850, -52.185050,Pick and Place
2509865, -0.449219, 0.152100, -0.709961, -39.062500, 29.907220, -52.734360,Pick and Place
2509885, -0.491577, 0.179199, -0.752197, -31.555170, 36.804200, -56.091300,Pick and Place
2509905, -0.532715, 0.114624, -0.790039, -25.878900, 47.790520, -60.424800,Pick and Place
2509925, -0.442871, 0.173462, -0.728028, -25.207516, 54.077140, -62.744130,Pick and Place
2509945, -0.452759, 0.223999, -0.709961, -14.892576, 50.598140, -60.424800,Pick and Place
2509965, -0.486572, 0.186157, -0.744751, -7.934570, 51.513660, -58.654780,Pick and Place
2509985, -0.448120, 0.160889, -0.763916, -7.080076, 49.255360, -58.227530,Pick and Place
2510005, -0.429688, 0.222534, -0.781982, -7.141112, 37.719730, -58.227530,Pick and Place
2510025, -0.484863, 0.246460, -0.759155, -0.732422, 22.460930, -55.969230,Pick and Place
2510045, -0.583374, 0.196899, -0.728760, 4.760742, 13.122556, -51.330560,Pick and Place
2510065, -0.688965, 0.140869, -0.799805, 4.150392, 17.150880, -42.236320,Pick and Place
2510085, -0.700562, 0.129761, -0.883423, -0.793457, 31.127924, -31.982420,Pick and Place
2510105, -0.586548, 0.169556, -0.923462, -3.051757, 35.949720, -21.850580,Pick and Place
2510125, -0.481201, 0.211182, -0.948608, -1.586914, 24.108880, -15.991210,Pick and Place
2510145, -0.544190, 0.244751, -0.928345, 6.103514, 15.502928, -13.671872,Pick and Place
2510165, -0.531982, 0.229858, -0.905640, 8.056642, 27.343748, -12.512204,Pick and Place
2510185, -0.387940, 0.197266, -0.903687, 7.080076, 33.020020, -6.713866,Pick and Place
2510205, -0.265869, 0.231567, -0.909912, 8.911134, 18.981940, -2.624511,Pick and Place
2510225, -0.348267, 0.210815, -0.906982, 15.197750, 7.934570, -1.220704,Pick and Place
2510245, -0.414673, 0.162231, -0.938965, 16.540530, 12.573240, -4.577638,Pick and Place
2510265, -0.335205, 0.085693, -0.961670, 17.028810, 16.967780, -4.760742,Pick and Place
2510285, -0.152588, 0.061646, -0.980713, 5.187988, -6.958006, 1.647949,Pick and Place
2510305, -0.419067, 0.068726, -0.964478, 16.235352, -22.460930, 6.042480,Pick and Place
2510325, -0.432251, -0.004761, -1.030762, 3.295898, -2.380371, 3.051757,Pick and Place
2510345, -0.349365, 0.090820, -1.061402, -0.793457, -5.859374, 7.568358,Pick and Place
2510365, -0.339111, 0.069824, -1.071534, -2.807617, -6.958006, 8.605960,Pick and Place
2510385, -0.326294, 0.116089, -1.005249, -0.915527, -11.779784, 7.019042,Pick and Place
2510405, -0.432739, 0.073364, -0.993042, -0.244141, -15.075680, 10.559080,Pick and Place
2510425, -0.483887, 0.048218, -1.013550, -5.310058, -5.554198, 16.784670,Pick and Place
2510445, -0.441406, 0.047729, -1.047242, -12.329100, -0.061035, 22.033690,Pick and Place
2510465, -0.403564, 0.070679, -1.060669, -18.493652, -7.019042, 26.855464,Pick and Place
2510485, -0.431396, 0.113037, -1.034302, -22.033690, -18.127448, 30.517570,Pick and Place
2510505, -0.464600, 0.145508, -0.989502, -23.742670, -27.893060, 34.057620,Pick and Place
2510525, -0.503296, 0.172974, -0.960571, -23.071284, -34.301760, 42.419420,Pick and Place
2510545, -0.538086, 0.168213, -0.939331, -23.071284, -33.447270, 49.560540,Pick and Place
2510565, -0.508057, 0.201904, -0.915161, -23.803708, -30.090330, 54.504380,Pick and Place
2510585, -0.469482, 0.234497, -0.855713, -19.409180, -32.409680, 62.988270,Pick and Place
2510605, -0.451416, 0.250366, -0.826172, -15.563964, -37.170420, 67.077640,Pick and Place
2510625, -0.423584, 0.263550, -0.817627, -12.145992, -42.114250, 66.833500,Pick and Place
2510645, -0.369263, 0.314331, -0.781860, -8.117676, -48.095700, 68.725600,Pick and Place
2510665, -0.371460, 0.336182, -0.724610, -0.305176, -53.588860, 66.833500,Pick and Place
2510685, -0.360474, 0.324097, -0.687744, 6.469726, -58.166500, 60.852040,Pick and Place
2510705, -0.385986, 0.313721, -0.680420, 9.704590, -62.561020, 59.387200,Pick and Place
2510725, -0.405274, 0.309448, -0.702026, 19.470220, -61.889640, 52.246080,Pick and Place
2510745, -0.382690, 0.252930, -0.722534, 23.498530, -62.622060, 46.264640,Pick and Place
2510765, -0.398071, 0.275391, -0.711304, 27.343748, -65.063500, 40.893540,Pick and Place
2510785, -0.392822, 0.277588, -0.679199, 33.203130, -65.124520, 34.790040,Pick and Place
2510805, -0.458374, 0.225952, -0.683228, 42.419420, -56.457510, 21.667476,Pick and Place
2510825, -0.484253, 0.161621, -0.714478, 42.968740, -41.015620, 15.624996,Pick and Place
2510845, -0.536621, 0.141113, -0.741089, 42.358390, -26.977532, 12.268064,Pick and Place
2510865, -0.522095, 0.110840, -0.771851, 41.809080, -17.272950, 10.437010,Pick and Place
2510885, -0.440796, 0.094482, -0.809692, 39.917000, -20.507810, 7.995604,Pick and Place
2510905, -0.464722, 0.112793, -0.834595, 38.513190, -30.151360, 3.906249,Pick and Place
2510925, -0.551514, 0.095215, -0.825684, 40.527340, -29.724120, -1.098633,Pick and Place
2510945, -0.587646, 0.062988, -0.812378, 38.879400, -16.845708, -1.892090,Pick and Place
2510965, -0.514282, 0.074219, -0.816162, 35.095220, -7.446288, -2.258301,Pick and Place
2510985, -0.445313, 0.110474, -0.812866, 33.630380, -14.831540, -3.051757,Pick and Place
2511005, -0.592163, 0.075806, -0.818237, 37.536620, -17.822270, -6.469726,Pick and Place
2511025, -0.631714, 0.000732, -0.837280, 33.020020, 13.427732, -8.178714,Pick and Place
2511045, -0.527832, 0.038818, -0.834351, 28.503410, 21.667476, -6.530760,Pick and Place
2511065, -0.428223, 0.041626, -0.832642, 27.160640, 11.230468, -5.981444,Pick and Place
2511085, -0.450562, 0.041504, -0.862671, 26.367180, -5.310058, -10.253904,Pick and Place
2511105, -0.573242, 0.012939, -0.872803, 26.489250, -6.469726, -16.906740,Pick and Place
2511125, -0.621582, -0.011841, -0.860352, 25.512690, 3.051757, -18.920900,Pick and Place
2511145, -0.591064, -0.047363, -0.834717, 24.108880, 11.474608, -15.930172,Pick and Place
2511165, -0.522583, -0.040283, -0.813232, 20.202630, 9.399414, -12.329100,Pick and Place
2511185, -0.517212, -0.003174, -0.817261, 18.493652, 0.610352, -11.840818,Pick and Place
2511205, -0.653931, -0.028198, -0.848877, 20.996090, 3.295898, -13.305660,Pick and Place
2511225, -0.788940, -0.085571, -0.841553, 19.531250, 32.165540, -13.854978,Pick and Place
2511245, -0.544434, -0.090820, -0.878906, 10.925290, 69.885260, -5.798338,Pick and Place
2511265, -0.465820, -0.079956, -1.006226, 0.061035, 61.462400, 1.953124,Pick and Place
2511285, -0.427734, -0.019531, -1.069458, -7.446288, 29.418940, 4.272462,Pick and Place
2511305, -0.620484, 0.008789, -1.066284, -2.441407, 27.770990, -3.662109,Pick and Place
2511325, -0.593384, -0.057129, -0.976074, -4.089356, 34.240730, -8.605960,Pick and Place
2511345, -0.574097, -0.036011, -0.935669, -3.967285, 52.185050, -5.920409,Pick and Place
2511365, -0.380493, -0.035034, -0.934692, -6.042480, 50.964340, 3.967285,Pick and Place
2511385, -0.278564, -0.034790, -0.953613, -7.690428, 23.498530, 8.239746,Pick and Place
2511405, -0.385376, -0.058594, -0.977783, -9.460450, 3.051757, 4.028321,Pick and Place
2511425, -0.411255, -0.085449, -1.000366, -13.549804, -6.591796, -0.305176,Pick and Place
2511445, -0.489990, -0.084351, -0.990845, -19.714360, -0.671386, -1.708984,Pick and Place
2511465, -0.409180, -0.045410, -0.981568, -29.052730, 13.671872, 4.516602,Pick and Place
2511485, -0.330444, -0.025635, -0.965942, -33.813480, 7.812498, 4.333496,Pick and Place
2511505, -0.290772, -0.005127, -0.959595, -35.339360, -6.774902, 0.854492,Pick and Place
2511525, -0.359619, 0.048584, -0.933716, -35.949720, -13.610836, -2.685546,Pick and Place
2511545, -0.405518, 0.142578, -0.905762, -33.508300, -7.812498, -2.563476,Pick and Place
2511565, -0.408691, 0.144531, -0.915283, -28.442380, 3.112792, -1.525878,Pick and Place
2511585, -0.366455, 0.121704, -0.921509, -28.259270, 5.981444, -1.525878,Pick and Place
2511605, -0.351685, 0.114502, -0.931763, -28.442380, 0.488281, -2.441407,Pick and Place
2511625, -0.382813, 0.115601, -0.880982, -30.090330, -6.835936, -4.882814,Pick and Place
2511645, -0.421997, 0.181152, -0.820801, -31.738280, -11.779784, -7.263182,Pick and Place
2511665, -0.447876, 0.216309, -0.841553, -30.456540, -11.108396, -7.263182,Pick and Place
2511685, -0.455200, 0.255859, -0.855469, -29.541010, -16.723632, -4.211426,Pick and Place
2511705, -0.474243, 0.312134, -0.813965, -24.536130, -32.226570, 0.549316,Pick and Place
2511725, -0.534180, 0.334351, -0.768799, -15.747068, -33.142100, 2.197266,Pick and Place
2511745, -0.579224, 0.311646, -0.770020, -9.338380, -18.249516, 5.249022,Pick and Place
2511765, -0.593872, 0.273682, -0.783936, -7.873534, -4.028321, 11.413570,Pick and Place
2511785, -0.565796, 0.303467, -0.802856, -7.995604, -1.159668, 17.395020,Pick and Place
2511805, -0.532715, 0.337891, -0.798584, -4.211426, -9.338380, 17.028810,Pick and Place
2511825, -0.485352, 0.356812, -0.750488, 0.610352, -23.376460, 14.343260,Pick and Place
2511845, -0.475830, 0.365356, -0.727173, 6.164550, -32.104500, 9.277344,Pick and Place
2511865, -0.561157, 0.342041, -0.748413, 10.131832, -24.841304, 5.371092,Pick and Place
2511885, -0.535278, 0.302246, -0.771484, 13.732908, -14.953610, 5.310058,Pick and Place
2511905, -0.412476, 0.293579, -0.767090, 16.052250, -31.921380, 5.249022,Pick and Place
2511925, -0.414917, 0.278320, -0.726074, 19.775390, -50.842280, -3.845214,Pick and Place
2511945, -0.561402, 0.208618, -0.723999, 24.719230, -45.166000, -17.272950,Pick and Place
2511965, -0.562134, 0.161377, -0.716797, 24.658200, -30.456540, -23.193352,Pick and Place
2511985, -0.530762, 0.140747, -0.693604, 27.160640, -24.597160, -21.789548,Pick and Place
2512005, -0.483276, 0.071167, -0.725342, 27.954100, -32.775880, -16.967780,Pick and Place
2512025, -0.553955, 0.044189, -0.742310, 26.428220, -41.015620, -17.333990,Pick and Place
2512045, -0.690796, 0.072632, -0.723267, 27.343748, -35.644540, -21.728510,Pick and Place
2512065, -0.703613, 0.010986, -0.746338, 28.015130, -27.465816, -21.789548,Pick and Place
2512085, -0.601929, -0.051758, -0.759155, 21.972650, -29.113768, -16.296390,Pick and Place
2512105, -0.610596, -0.048096, -0.781250, 17.395020, -36.376960, -9.399414,Pick and Place
2512125, -0.796021, -0.050903, -0.837402, 11.474608, -10.986324, -6.103514,Pick and Place
2512145, -0.686768, -0.041016, -0.832276, 7.690428, 3.051757, -4.394532,Pick and Place
2512165, -0.684204, -0.061401, -0.825073, 6.469726, 5.859374, -6.774902,Pick and Place
2512185, -0.618286, -0.095947, -0.866211, -0.427246, 8.239746, -6.835936,Pick and Place
2512205, -0.587402, -0.066528, -0.937500, -7.263182, 7.873534, -3.112792,Pick and Place
2512225, -0.687378, -0.112183, -0.972900, -10.559080, 2.197266, 5.676268,Pick and Place
2512245, -0.682984, -0.029175, -0.891724, -12.084960, 11.657712, 1.831054,Pick and Place
2512265, -0.555054, -0.039673, -0.912598, -15.197750, -0.183105, 1.647949,Pick and Place
2512285, -0.608521, -0.045288, -0.941528, -19.104010, -5.310058, 4.760742,Pick and Place
2512305, -0.613404, -0.035400, -0.942749, -24.047850, -1.464844, 9.887696,Pick and Place
2512325, -0.672486, -0.043335, -0.946289, -28.015130, 4.516602, 15.563964,Pick and Place
2512345, -0.655640, -0.007446, -0.917358, -34.362800, 17.700200, 15.686032,Pick and Place
2512365, -0.525879, -0.004639, -0.924927, -40.039070, 18.981940, 13.916012,Pick and Place
2512385, -0.486938, 0.026855, -0.945068, -44.555660, 13.549804, 14.038084,Pick and Place
2512405, -0.527832, 0.027222, -0.920410, -48.156730, 11.474608, 11.535644,Pick and Place
2512425, -0.522827, 0.061401, -0.882080, -50.842280, 15.563964, 6.835936,Pick and Place
2512445, -0.511108, 0.103516, -0.869507, -52.062980, 20.385740, 2.075196,Pick and Place
2512465, -0.454590, 0.148682, -0.866821, -52.124020, 24.902340, -2.441407,Pick and Place
2512485, -0.426514, 0.169434, -0.855835, -50.048820, 25.634760, -8.544924,Pick and Place
2512505, -0.446655, 0.180908, -0.815796, -47.607410, 28.137200, -15.380856,Pick and Place
2512525, -0.477295, 0.186401, -0.763916, -45.410140, 35.827640, -24.047850,Pick and Place
2512545, -0.450440, 0.242798, -0.738037, -44.433580, 39.611820, -29.724120,Pick and Place
2512565, -0.428101, 0.243897, -0.741333, -38.330080, 28.015130, -34.362800,Pick and Place
2512585, -0.477539, 0.233643, -0.704590, -36.621100, 27.709956, -38.757330,Pick and Place
2512605, -0.497314, 0.296143, -0.642090, -35.949720, 34.973150, -43.151840,Pick and Place
2512625, -0.499390, 0.336182, -0.635986, -30.517570, 34.667980, -42.480460,Pick and Place
2512645, -0.511597, 0.323242, -0.661011, -25.878900, 27.526850, -41.931140,Pick and Place
2512665, -0.516968, 0.306030, -0.674194, -22.460930, 19.042970, -43.334950,Pick and Place
2512685, -0.568360, 0.293457, -0.647583, -19.348150, 14.465330, -46.752920,Pick and Place
2512705, -0.560547, 0.309326, -0.617188, -16.967780, 11.718748, -47.851560,Pick and Place
2512725, -0.574341, 0.312012, -0.635254, -13.122556, 8.789064, -45.471180,Pick and Place
2512745, -0.618896, 0.307617, -0.661621, -8.789064, 10.192870, -42.846670,Pick and Place
2512765, -0.625244, 0.314575, -0.638062, -5.798338, 12.512204, -41.564930,Pick and Place
2512785, -0.639404, 0.314941, -0.613404, 1.159668, 18.493652, -42.175280,Pick and Place
2512805, -0.616089, 0.321899, -0.694702, 3.784179, 29.296870, -38.330080,Pick and Place
2512825, -0.591553, 0.320190, -0.761963, 5.798338, 27.282710, -30.517570,Pick and Place
2512845, -0.556396, 0.306030, -0.760986, 6.347656, 7.324218, -25.573724,Pick and Place
2512865, -0.600708, 0.345337, -0.747803, 10.375976, -9.521484, -28.015130,Pick and Place
2512885, -0.581543, 0.337769, -0.754883, 14.038084, -11.962890, -29.541010,Pick and Place
2512905, -0.556152, 0.323364, -0.738037, 14.648436, -11.108396, -29.479976,Pick and Place
2512925, -0.608276, 0.248291, -0.756470, 16.845708, -4.272462, -29.479976,Pick and Place
2512945, -0.630860, 0.175659, -0.762085, 16.174320, 5.065916, -27.954100,Pick and Place
2512965, -0.650146, 0.198242, -0.796143, 18.249516, 12.390136, -23.376460,Pick and Place
2512985, -0.582154, 0.158081, -0.833618, 19.958500, 16.296390, -18.920900,Pick and Place
2513005, -0.466797, 0.148315, -0.796265, 16.113284, -5.004884, -16.357424,Pick and Place
2513025, -0.554566, 0.136230, -0.924438, 4.150392, -33.935560, -7.873534,Pick and Place
2513045, -0.891602, 0.118530, -1.043457, 6.225584, -0.183105, -12.329100,Pick and Place
2513065, -0.532959, 0.126343, -1.018921, -8.666994, 12.023924, -6.164550,Pick and Place
2513085, -0.585816, 0.193604, -0.973633, -4.211426, -4.455568, -0.488281,Pick and Place
2513105, -0.530884, 0.155151, -0.908936, -3.662109, -13.366696, -2.990722,Pick and Place
2513125, -0.569580, 0.175537, -0.859375, -1.342773, -15.014646, -6.408690,Pick and Place
2513145, -0.584229, 0.133789, -0.842652, -0.305176, -2.197266, -4.760742,Pick and Place
2513165, -0.532593, 0.131104, -0.834351, -0.610352, 5.737304, -0.183105,Pick and Place
2513185, -0.503174, 0.117920, -0.803345, 0.305176, 3.051757, 1.525878,Pick and Place
2513205, -0.517090, 0.093140, -0.835571, 1.281738, -2.502442, 1.647949,Pick and Place
2513225, -0.607178, 0.110352, -0.839600, 0.549316, 2.014160, -0.488281,Pick and Place
2513245, -0.596070, 0.058960, -0.826416, 0.671386, 8.728030, 0.122070,Pick and Place
2513265, -0.562622, 0.031494, -0.875854, -2.258301, 2.685546, 4.455568,Pick and Place
2513285, -0.530640, 0.054688, -0.857666, -7.934570, -8.972170, 9.948730,Pick and Place
2513305, -0.533325, 0.126465, -0.843628, -12.084960, -19.042970, 10.498044,Pick and Place
2513325, -0.672241, 0.116699, -0.840698, -13.122556, -18.249516, 8.605960,Pick and Place
2513345, -0.651978, 0.118530, -0.838135, -17.150880, -12.939450, 10.498044,Pick and Place
2513365, -0.640503, 0.129272, -0.824463, -18.920900, -11.474608, 15.808104,Pick and Place
2513385, -0.666016, 0.149048, -0.841187, -20.874020, -10.314940, 22.949216,Pick and Place
2513405, -0.654419, 0.165283, -0.834229, -24.353020, 0.366211, 26.428220,Pick and Place
2513425, -0.614502, 0.208374, -0.770996, -24.047850, 1.098633, 30.334470,Pick and Place
2513445, -0.648560, 0.236938, -0.756104, -23.071284, 4.394532, 35.034180,Pick and Place
2513465, -0.638916, 0.250977, -0.794922, -23.620600, 18.127448, 38.024910,Pick and Place
2513485, -0.573608, 0.266602, -0.746826, -22.033690, 26.000970, 43.701160,Pick and Place
2513505, -0.480225, 0.338379, -0.647461, -20.019532, 12.878416, 48.400870,Pick and Place
2513525, -0.599976, 0.364624, -0.627930, -13.244628, 10.620116, 47.790520,Pick and Place
2513545, -0.688232, 0.331055, -0.721802, -13.183590, 27.404780, 49.499500,Pick and Place
2513565, -0.600464, 0.308350, -0.836304, -12.634276, 38.391120, 55.847160,Pick and Place
2513585, -0.515625, 0.395264, -0.793457, -6.591796, 23.254390, 65.734860,Pick and Place
2513605, -0.501953, 0.462891, -0.681274, 4.455568, 7.202148, 69.519040,Pick and Place
2513625, -0.501465, 0.455566, -0.672486, 13.061520, 3.662109, 67.932140,Pick and Place
2513645, -0.504395, 0.453613, -0.605591, 18.859868, 1.708984, 69.274900,Pick and Place
2513665, -0.366333, 0.446655, -0.727417, 27.465816, 1.770019, 70.495620,Pick and Place
2513685, -0.294678, 0.471680, -0.817017, 35.705570, -8.850100, 70.251480,Pick and Place
2513705, -0.296631, 0.480957, -0.850830, 46.813960, -23.315424, 65.429700,Pick and Place
2513725, -0.297485, 0.445557, -0.841797, 55.603020, -30.761716, 54.870600,Pick and Place
2513745, -0.328003, 0.494263, -0.780518, 60.852040, -39.001470, 47.546380,Pick and Place
2513765, -0.396484, 0.421509, -0.820435, 67.138680, -35.095220, 38.330080,Pick and Place
2513785, -0.352539, 0.347412, -0.830444, 66.040040, -37.292480, 32.958990,Pick and Place
2513805, -0.298828, 0.361572, -0.804932, 67.443860, -50.781240, 27.709956,Pick and Place
2513825, -0.337646, 0.369629, -0.778198, 74.340840, -54.199210, 18.371584,Pick and Place
2513845, -0.327148, 0.331787, -0.751709, 78.247080, -46.447740, 6.896972,Pick and Place
2513865, -0.436401, 0.225098, -0.808350, 85.388160, -39.611820, 0.732422,Pick and Place
2513885, -0.464600, -0.013306, -0.812134, 78.247080, -13.732908, -7.385252,Pick and Place
2513905, -0.444214, 0.012695, -0.815918, 69.213880, 3.295898, -7.202148,Pick and Place
2513925, -0.423340, -0.017700, -0.842896, 61.645500, 25.695796, -3.417968,Pick and Place
2513945, -0.372437, -0.021240, -0.877075, 51.757800, 39.001470, -4.272462,Pick and Place
2513965, -0.360840, -0.019531, -0.959961, 48.217760, 40.344230, -7.690428,Pick and Place
2513985, -0.319824, -0.085327, -1.004883, 43.945300, 32.409680, -14.221190,Pick and Place
2514005, -0.302612, -0.079224, -0.994141, 38.940440, 22.094720, -19.531250,Pick and Place
2514025, -0.387695, -0.104492, -0.952393, 38.330080, 19.226080, -23.864740,Pick and Place
2514045, -0.346191, -0.143799, -0.911377, 32.043460, 21.057124, -21.728510,Pick and Place
2514065, -0.312866, -0.137817, -0.909302, 27.282710, 17.822270, -13.977050,Pick and Place
2514085, -0.362549, -0.143677, -0.946778, 22.521970, 12.451170, -7.385252,Pick and Place
2514105, -0.402832, -0.126953, -0.973633, 14.160152, 11.169430, -3.295898,Pick and Place
2514125, -0.377808, -0.090576, -0.962524, 11.535644, 10.620116, -5.126952,Pick and Place
2514145, -0.343018, -0.055542, -0.974610, 9.155274, 11.657712, -3.540038,Pick and Place
2514165, -0.288574, -0.050049, -0.977051, 6.469726, 7.690428, -4.272462,Pick and Place
2514185, -0.332886, -0.004150, -0.985840, 7.995604, 5.249022, -8.056642,Pick and Place
2514205, -0.343384, -0.127686, -1.009278, 6.164550, 8.544924, -7.080076,Pick and Place
2514225, -0.351196, -0.054077, -1.040650, -1.831054, -6.591796, -3.051757,Pick and Place
2514245, -0.383911, -0.094482, -1.026490, 2.014160, -7.141112, -3.784179,Pick and Place
2514265, -0.424072, -0.108276, -1.038818, -1.647949, -4.760742, -1.647949,Pick and Place
2514285, -0.349243, -0.102661, -1.030518, -7.446288, -4.272462, -1.159668,Pick and Place
2514305, -0.330444, -0.062256, -0.985718, -8.117676, -12.329100, -3.540038,Pick and Place
2514325, -0.381470, -0.086426, -0.958740, -3.112792, -29.113768, -3.234863,Pick and Place
2514345, -0.536133, -0.168579, -1.007690, -6.042480, -20.019532, -2.502442,Pick and Place
2514365, -0.473511, -0.182373, -1.021728, -17.150880, -1.770019, 0.427246,Pick and Place
2514385, -0.379272, -0.144897, -1.035644, -27.465816, 0.854492, 3.967285,Pick and Place
2514405, -0.354004, -0.158814, -1.042725, -33.569340, -8.483890, 3.173828,Pick and Place
2514425, -0.368774, -0.181519, -1.058106, -39.306640, -22.460930, 0.183105,Pick and Place
2514445, -0.442749, -0.218384, -1.056763, -43.884270, -24.963376, -1.037598,Pick and Place
2514465, -0.399536, -0.194214, -1.047364, -51.696770, -18.310550, 2.136231,Pick and Place
2514485, -0.363892, -0.134888, -1.034912, -55.053700, -13.122556, 5.920409,Pick and Place
2514505, -0.354736, -0.059692, -1.030030, -57.495110, -6.835936, 6.164550,Pick and Place
2514525, -0.366333, -0.010010, -1.011719, -56.945790, 1.770019, 0.488281,Pick and Place
2514545, -0.299683, 0.018433, -0.946289, -60.302720, 14.038084, -10.437010,Pick and Place
2514565, -0.261230, 0.046631, -0.918213, -60.058580, 9.948730, -14.770504,Pick and Place
2514585, -0.291626, 0.071655, -0.860962, -59.692380, 3.051757, -19.470220,Pick and Place
2514605, -0.372192, 0.124512, -0.802979, -55.847160, 8.911134, -26.123040,Pick and Place
2514625, -0.362793, 0.175415, -0.761597, -51.391590, 21.850580, -33.264160,Pick and Place
2514645, -0.302612, 0.225952, -0.735596, -46.508780, 27.770990, -40.039070,Pick and Place
2514665, -0.318726, 0.265991, -0.724121, -39.672860, 27.526850, -46.325680,Pick and Place
2514685, -0.342896, 0.258057, -0.698975, -30.334470, 25.573724, -52.795400,Pick and Place
2514705, -0.384155, 0.261475, -0.692139, -25.756830, 28.625480, -56.640620,Pick and Place
2514725, -0.413086, 0.271240, -0.694336, -21.179192, 34.606940, -58.715810,Pick and Place
2514745, -0.397095, 0.292847, -0.696045, -19.409180, 35.034180, -60.424800,Pick and Place
2514765, -0.351440, 0.361206, -0.692139, -9.948730, 12.023924, -62.927240,Pick and Place
2514785, -0.450195, 0.338989, -0.703247, -1.159668, -1.220704, -63.049300,Pick and Place
2514805, -0.539673, 0.325928, -0.703003, 2.868652, -1.159668, -60.119620,Pick and Place
2514825, -0.575440, 0.340210, -0.705444, 8.483890, 7.263182, -55.297840,Pick and Place
2514845, -0.565064, 0.320435, -0.711426, 12.023924, 14.892576, -49.316400,Pick and Place
2514865, -0.544068, 0.306519, -0.738892, 15.441892, 20.507810, -44.616690,Pick and Place
2514885, -0.519898, 0.282837, -0.792358, 17.456060, 19.287110, -41.198720,Pick and Place
2514905, -0.518677, 0.256958, -0.832520, 19.470220, 8.483890, -37.963880,Pick and Place
2514925, -0.574707, 0.230469, -0.828369, 21.179192, 3.601074, -34.057620,Pick and Place
2514945, -0.584351, 0.208252, -0.845581, 20.996090, 6.896972, -27.893060,Pick and Place
2514965, -0.558228, 0.179932, -0.906372, 20.629880, 10.314940, -21.667476,Pick and Place
2514985, -0.510376, 0.144653, -0.967285, 17.395020, 8.117676, -11.962890,Pick and Place
2515005, -0.491943, 0.148071, -0.921753, 14.404296, 7.141112, -10.803220,Pick and Place
2515025, -0.479370, 0.159668, -0.904907, 16.540530, 10.131832, -9.460450,Pick and Place
2515045, -0.461792, 0.103516, -0.951416, 15.808104, 20.141600, -7.629394,Pick and Place
2515065, -0.347046, 0.072876, -0.981934, 9.826660, 17.883300, -5.859374,Pick and Place
2515085, -0.375244, 0.082153, -0.961060, 10.253904, 9.887696, -6.591796,Pick and Place
2515105, -0.380493, 0.073853, -0.926392, 10.375976, 10.437010, -7.934570,Pick and Place
2515125, -0.397705, 0.049927, -0.955566, 10.131832, 16.601568, -8.422854,Pick and Place
2515145, -0.356567, -0.022217, -1.064209, 3.173828, 18.249516, -3.540038,Pick and Place
2515165, -0.350952, 0.048584, -1.114014, -0.976562, 13.977050, -1.159668,Pick and Place
2515185, -0.307373, 0.058472, -1.052612, -3.295898, 4.943848, -2.075196,Pick and Place
2515205, -0.352905, 0.038452, -0.999512, -2.624511, 1.831054, -5.920409,Pick and Place
2515225, -0.350952, 0.025635, -1.006226, -5.310058, 6.469726, -3.723144,Pick and Place
2515245, -0.325562, 0.014893, -1.037720, -9.948730, 11.047360, 0.305176,Pick and Place
2515265, -0.324707, 0.036011, -1.089112, -16.540530, 19.287110, 2.563476,Pick and Place
2515285, -0.180664, 0.072876, -1.086426, -24.719230, 11.840818, 1.708984,Pick and Place
2515305, -0.222290, 0.117554, -1.065430, -28.564450, -5.126952, 0.244141,Pick and Place
2515325, -0.242554, 0.158936, -1.052368, -31.921380, -18.615724, -0.915527,Pick and Place
2515345, -0.292603, 0.177368, -1.047730, -32.043460, -28.320310, -1.281738,Pick and Place
2515365, -0.356201, 0.185425, -0.989258, -33.630380, -27.404780, 0.549316,Pick and Place
2515385, -0.360718, 0.220337, -0.948853, -34.057620, -19.104010, 2.685546,Pick and Place
2515405, -0.319824, 0.260132, -0.943726, -33.996590, -16.845708, 5.432128,Pick and Place
2515425, -0.306885, 0.235840, -0.953858, -31.372068, -29.357908, 5.493162,Pick and Place
2515445, -0.333618, 0.226318, -0.870850, -30.517570, -43.151840, 3.356933,Pick and Place
2515465, -0.453247, 0.236694, -0.820312, -27.160640, -35.400400, -0.183105,Pick and Place
2515485, -0.425415, 0.225342, -0.840698, -25.817870, -19.714360, 0.854492,Pick and Place
2515505, -0.381592, 0.216431, -0.854248, -22.949216, -19.409180, 6.408690,Pick and Place
2515525, -0.310059, 0.226929, -0.825562, -17.639160, -35.949720, 9.826660,Pick and Place
2515545, -0.353882, 0.263184, -0.750732, -9.643556, -53.833000, 5.615234,Pick and Place
2515565, -0.454712, 0.264160, -0.686646, -0.732422, -47.119130, -1.586914,Pick and Place
2515585, -0.395264, 0.280884, -0.677856, 4.516602, -33.203130, -5.249022,Pick and Place
2515605, -0.421875, 0.278564, -0.726929, 13.427732, -25.695796, -6.469726,Pick and Place
2515625, -0.354248, 0.204224, -0.737183, 17.150880, -27.465816, -7.202148,Pick and Place
2515645, -0.452759, 0.199951, -0.696655, 21.667476, -49.316400, -12.329100,Pick and Place
2515665, -0.587158, 0.182617, -0.752686, 24.169920, -36.010750, -15.991210,Pick and Place
2515685, -0.616699, 0.101563, -0.843994, 25.085448, -18.005376, -17.211920,Pick and Place
2515705, -0.555786, 0.021362, -0.851440, 18.371584, -13.732908, -12.634276,Pick and Place
2515725, -0.642700, 0.072632, -0.834961, 12.756344, -15.319820, -8.605960,Pick and Place
2515745, -0.746582, 0.046509, -0.850342, 11.474608, 6.591796, -7.324218,Pick and Place
2515765, -0.643433, 0.037598, -0.873413, 7.141112, 32.348640, -2.624511,Pick and Place
2515785, -0.561646, 0.083130, -0.908447, 2.563476, 38.818360, 5.859374,Pick and Place
2515805, -0.432373, 0.126831, -0.925293, -2.746581, 27.404780, 10.864256,Pick and Place
2515825, -0.494629, 0.114502, -1.000854, -1.403808, 3.967285, 13.916012,Pick and Place
2515845, -0.591309, 0.178223, -0.916016, -4.089356, 11.474608, 6.286620,Pick and Place
2515865, -0.555054, 0.181641, -0.947876, -10.681150, -2.502442, 10.253904,Pick and Place
2515885, -0.682739, 0.165039, -1.006958, -15.686032, -3.417968, 18.127448,Pick and Place
2515905, -0.645508, 0.235596, -0.971802, -20.080560, -8.605960, 22.460930,Pick and Place
2515925, -0.661743, 0.291504, -0.911743, -20.324700, -18.737796, 28.930660,Pick and Place
2515945, -0.708008, 0.324341, -0.833374, -19.165040, -22.949216, 34.240730,Pick and Place
2515965, -0.708984, 0.332275, -0.771851, -17.028810, -23.437492, 38.513190,Pick and Place
2515985, -0.698242, 0.333252, -0.736450, -13.122556, -22.766110, 44.738760,Pick and Place
2516005, -0.676026, 0.339356, -0.710449, -7.507323, -19.592290, 51.940910,Pick and Place
2516025, -0.611328, 0.354126, -0.686279, -1.464844, -19.042970, 58.288560,Pick and Place
2516045, -0.560669, 0.373047, -0.661377, 4.516602, -25.756830, 61.706540,Pick and Place
2516065, -0.546875, 0.367188, -0.639404, 11.230468, -32.897960, 60.302720,Pick and Place
2516085, -0.537964, 0.345703, -0.636353, 20.629880, -29.418940, 54.992660,Pick and Place
2516105, -0.544800, 0.328003, -0.638672, 26.550290, -23.010250, 53.100580,Pick and Place
2516125, -0.507324, 0.286011, -0.659424, 30.273430, -17.333990, 52.185050,Pick and Place
2516145, -0.476929, 0.267578, -0.680664, 33.386240, -16.906740, 50.537100,Pick and Place
2516165, -0.416504, 0.283814, -0.695312, 36.132820, -22.827140, 48.217760,Pick and Place
2516185, -0.393799, 0.265381, -0.726440, 40.222160, -30.151360, 42.541500,Pick and Place
2516205, -0.411743, 0.252686, -0.728150, 42.785640, -29.968260, 35.278320,Pick and Place
2516225, -0.423584, 0.258423, -0.709229, 45.288080, -19.592290, 27.404780,Pick and Place
2516245, -0.402588, 0.229248, -0.751099, 47.363270, -6.408690, 20.874020,Pick and Place
2516265, -0.335083, 0.158447, -0.820068, 46.752920, -6.042480, 16.784670,Pick and Place
2516285, -0.350220, 0.128906, -0.865723, 43.884270, -18.066410, 12.878416,Pick and Place
2516305, -0.475220, 0.106689, -0.864258, 39.794920, -29.052730, 1.342773,Pick and Place
2516325, -0.513062, 0.071899, -0.895386, 37.292480, -19.226080, -3.967285,Pick and Place
2516345, -0.496094, 0.046387, -0.910278, 31.127924, -8.483890, -2.258301,Pick and Place
2516365, -0.491455, 0.074585, -0.919800, 25.207516, -4.699708, 1.525878,Pick and Place
2516385, -0.504883, 0.082397, -0.934326, 21.789548, -5.310058, 1.708984,Pick and Place
2516405, -0.521729, 0.092529, -0.923706, 21.179192, -1.098633, -1.098633,Pick and Place
2516425, -0.511475, 0.089966, -0.887207, 18.615724, 8.361816, -3.479003,Pick and Place
2516445, -0.475098, 0.105469, -0.885986, 16.357424, 14.221190, -2.014160,Pick and Place
2516465, -0.452393, 0.105835, -0.899048, 14.831540, 11.596676, -0.854492,Pick and Place
2516485, -0.485596, 0.117798, -0.901734, 16.235352, 5.493162, -3.356933,Pick and Place
2516505, -0.517212, 0.094482, -0.878906, 16.540530, 7.690428, -6.469726,Pick and Place
2516525, -0.462280, 0.112427, -0.836182, 13.122556, 11.657712, -5.920409,Pick and Place
2516545, -0.473511, 0.108521, -0.865356, 11.962890, 9.521484, -5.981444,Pick and Place
2516565, -0.480225, 0.100098, -0.889404, 11.962890, 0.671386, -7.141112,Pick and Place
2516585, -0.535278, 0.087769, -0.867188, 12.878416, -6.652830, -10.375976,Pick and Place
2516605, -0.538086, 0.068481, -0.829956, 12.084960, -3.784179, -11.779784,Pick and Place
2516625, -0.510498, 0.087646, -0.814453, 11.596676, -1.770019, -10.681150,Pick and Place
2516645, -0.528198, 0.104980, -0.819214, 11.474608, 0.915527, -9.765626,Pick and Place
2516665, -0.505127, 0.073364, -0.870362, 7.202148, -3.784179, -6.591796,Pick and Place
2516685, -0.712158, 0.038452, -0.952148, 5.126952, 3.967285, -7.263182,Pick and Place
2516705, -0.587280, 0.073120, -0.942749, -0.488281, 13.854978, -3.662109,Pick and Place
2516725, -0.577637, 0.104858, -0.925049, -1.831054, 12.573240, -1.098633,Pick and Place
2516745, -0.467285, 0.135132, -0.899658, -2.624511, 5.920409, -1.403808,Pick and Place
2516765, -0.493774, 0.146729, -0.876465, -1.220704, -4.028321, -3.845214,Pick and Place
2516785, -0.531250, 0.126099, -0.868042, 0.000000, -3.723144, -4.882814,Pick and Place
2516805, -0.531250, 0.116333, -0.846680, 1.098633, 0.915527, -2.502442,Pick and Place
2516826, -0.509400, 0.121094, -0.830688, 2.624511, 3.906249, 0.854492,Pick and Place
2516846, -0.519287, 0.111694, -0.855347, 3.967285, 4.333496, 1.403808,Pick and Place
2516866, -0.526734, 0.074829, -0.878906, 4.211426, 1.831054, 2.197266,Pick and Place
2516886, -0.510742, 0.044678, -0.881958, 3.784179, -2.197266, 2.319336,Pick and Place
2516906, -0.535889, 0.009155, -0.905152, 3.479003, -5.737304, 3.845214,Pick and Place
2516926, -0.547974, -0.030151, -0.913940, 0.427246, -1.037598, 4.638672,Pick and Place
2516946, -0.521973, -0.041870, -0.946533, -5.981444, -0.305176, 7.629394,Pick and Place
2516966, -0.463501, -0.032593, -0.940308, -10.559080, 1.770019, 7.141112,Pick and Place
2516986, -0.414063, -0.048218, -0.959229, -13.305660, -1.342773, 5.981444,Pick and Place
2517006, -0.394165, -0.034546, -0.981201, -17.700200, -3.295898, 3.784179,Pick and Place
2517026, -0.385986, -0.002930, -0.983398, -19.714360, -2.624511, -0.671386,Pick and Place
2517046, -0.387817, 0.019287, -0.957154, -22.094720, 0.732422, -6.530760,Pick and Place
2517066, -0.362305, 0.050903, -0.896606, -23.986810, 1.586914, -11.779784,Pick and Place
2517086, -0.397095, 0.075073, -0.892578, -23.986810, 1.464844, -14.831540,Pick and Place
2517106, -0.421265, 0.037354, -0.911133, -24.230950, 4.333496, -17.761230,Pick and Place
2517126, -0.445557, 0.003174, -0.893555, -25.390620, 8.544924, -22.277830,Pick and Place
2517146, -0.459961, 0.037598, -0.840698, -29.479976, 11.962890, -27.893060,Pick and Place
2517166, -0.429810, 0.105835, -0.871704, -29.174800, 9.216310, -33.386240,Pick and Place
2517186, -0.479126, 0.058350, -0.886353, -29.113768, 6.591796, -38.085940,Pick and Place
2517206, -0.496826, 0.056885, -0.859253, -31.433100, 10.192870, -44.921860,Pick and Place
2517226, -0.524414, 0.058594, -0.804444, -30.639640, 24.230950, -50.964340,Pick and Place
2517246, -0.515381, 0.086182, -0.745484, -31.616208, 42.663560, -52.246080,Pick and Place
2517266, -0.443726, 0.116089, -0.722900, -28.442380, 51.330560, -50.109860,Pick and Place
2517286, -0.478516, 0.109741, -0.742920, -24.841304, 55.847160, -50.231920,Pick and Place
2517306, -0.516113, 0.119385, -0.760620, -23.864740, 64.086940, -53.405750,Pick and Place
2517326, -0.485596, 0.174683, -0.773804, -21.606440, 70.129400, -58.227530,Pick and Place
2517346, -0.449341, 0.187378, -0.744995, -16.601568, 67.626960, -60.363760,Pick and Place
2517366, -0.481934, 0.208618, -0.661865, -11.779784, 69.458020, -59.204090,Pick and Place
2517386, -0.605957, 0.257446, -0.711060, -7.873534, 92.224100, -53.222640,Pick and Place
2517406, -0.495361, 0.266846, -0.818604, -8.178714, 108.581520, -49.499500,Pick and Place
2517426, -0.294312, 0.327759, -0.897827, -6.652830, 92.956520, -45.715320,Pick and Place
2517446, -0.322632, 0.347290, -0.945557, 1.220704, 58.288560, -42.907700,Pick and Place
2517466, -0.401123, 0.356445, -0.932373, 7.202148, 30.883784, -41.870110,Pick and Place
2517486, -0.460571, 0.338257, -0.943360, 13.916012, 18.676760, -39.001470,Pick and Place
2517506, -0.538940, 0.272095, -0.997070, 11.291500, 25.939940, -26.672360,Pick and Place
2517526, -0.441772, 0.273804, -1.027222, 7.751464, 32.104500, -17.883300,Pick and Place
2517546, -0.374634, 0.255737, -1.027344, 8.911134, 25.329584, -6.225584,Pick and Place
2517566, -0.365356, 0.234131, -1.018677, 6.958006, 24.963376, -0.793457,Pick and Place
2517586, -0.288452, 0.229980, -1.017456, 4.211426, 27.587884, -0.610352,Pick and Place
2517606, -0.198486, 0.209351, -1.031372, 2.685546, 25.939940, -0.061035,Pick and Place
2517626, -0.201782, 0.205444, -1.011230, 2.807617, 26.428220, -0.305176,Pick and Place
2517646, -0.144531, 0.163696, -0.997314, 3.295898, 30.944820, -2.746581,Pick and Place
2517666, -0.077881, 0.146851, -1.006226, -2.136231, 20.446770, -2.380371,Pick and Place
2517686, -0.121338, 0.126709, -1.015870, -2.136231, 11.291500, -3.417968,Pick and Place
2517706, -0.192139, 0.135620, -1.009156, -1.708984, 1.281738, -3.417968,Pick and Place
2517726, -0.219971, 0.047974, -0.983398, 2.868652, 9.338380, -4.882814,Pick and Place
2517746, -0.088257, 0.068604, -0.937256, -2.380371, 6.713866, -0.793457,Pick and Place
2517766, -0.169556, 0.079224, -0.917969, 3.234863, 5.432128, -0.427246,Pick and Place
2517786, -0.114014, 0.089111, -0.924438, 1.098633, 14.038084, -0.366211,Pick and Place
2517806, -0.104248, 0.109985, -0.995484, 6.896972, 17.456060, -1.159668,Pick and Place
2517826, -0.082520, 0.071411, -1.005127, 6.774902, 8.850100, -3.234863,Pick and Place
2517846, -0.038208, 0.111816, -0.908081, 8.789064, -2.929687, -5.737304,Pick and Place
2517866, -0.070801, 0.118164, -0.893799, 12.268064, -12.207030, -5.310058,Pick and Place
2517886, -0.213623, 0.073242, -0.982910, 12.023924, -5.859374, -1.953124,Pick and Place
2517906, -0.154785, 0.063599, -1.049316, 4.699708, 4.455568, 1.037598,Pick and Place
2517926, -0.133057, 0.096558, -1.078125, 3.295898, 2.929687, 2.929687,Pick and Place
2517946, -0.089844, 0.121094, -1.066284, 0.854492, -4.760742, 4.943848,Pick and Place
2517966, -0.154663, 0.148438, -1.045532, 2.624511, -16.174320, 5.615234,Pick and Place
2517986, -0.178955, 0.107300, -1.028198, 3.845214, -11.230468, 6.286620,Pick and Place
2518006, -0.212769, 0.109863, -1.050660, 0.549316, -17.822270, 13.549804,Pick and Place
2518026, -0.231201, 0.088379, -1.030518, 0.427246, -14.892576, 16.967780,Pick and Place
2518046, -0.292236, 0.108398, -1.069946, -5.371092, -23.193352, 23.071284,Pick and Place
2518066, -0.283447, 0.133789, -1.066040, -13.610836, -21.362300, 27.343748,Pick and Place
2518086, -0.240845, 0.169434, -1.068726, -16.845708, -26.184080, 32.531740,Pick and Place
2518106, -0.319458, 0.186646, -1.049438, -20.080560, -32.104500, 36.499030,Pick and Place
2518126, -0.357788, 0.203735, -1.020874, -22.094720, -30.944820, 39.001470,Pick and Place
2518146, -0.324707, 0.200928, -0.992676, -22.827140, -28.564450, 43.151840,Pick and Place
2518166, -0.250000, 0.208862, -0.982056, -24.230950, -38.513190, 50.231920,Pick and Place
2518186, -0.269165, 0.233032, -0.954590, -22.399900, -54.321280, 57.312000,Pick and Place
2518206, -0.402710, 0.257690, -0.891724, -16.967780, -59.448240, 61.462400,Pick and Place
2518226, -0.471191, 0.260132, -0.839722, -11.108396, -42.175280, 62.622060,Pick and Place
2518246, -0.383179, 0.257935, -0.817627, -9.155274, -21.728510, 64.392100,Pick and Place
2518266, -0.178833, 0.274658, -0.831543, -4.516602, -27.404780, 70.983900,Pick and Place
2518286, -0.168213, 0.284424, -0.833862, 1.831054, -51.757800, 74.340840,Pick and Place
2518306, -0.269165, 0.277466, -0.822876, 8.666994, -68.847660, 68.725600,Pick and Place
2518326, -0.408447, 0.266358, -0.763672, 18.432620, -58.105460, 58.288560,Pick and Place
2518346, -0.379761, 0.237793, -0.732056, 22.094720, -31.982420, 53.955070,Pick and Place
2518366, -0.247925, 0.232178, -0.695557, 23.254390, -21.362300, 52.246080,Pick and Place
2518386, -0.224365, 0.259155, -0.736206, 29.296870, -27.648920, 51.940910,Pick and Place
2518406, -0.204834, 0.223267, -0.847168, 36.560060, -36.621100, 46.325680,Pick and Place
2518426, -0.327393, 0.176392, -0.902222, 43.945300, -34.057620, 32.287600,Pick and Place
2518446, -0.365845, 0.045288, -0.890259, 48.522940, -14.282224, 19.470220,Pick and Place
2518466, -0.226196, 0.006958, -0.833740, 40.466300, -11.230468, 19.897460,Pick and Place
2518486, -0.115723, 0.080322, -0.892456, 37.292480, -45.715320, 20.935052,Pick and Place
2518506, -0.244629, 0.090576, -0.908936, 40.771480, -62.011710, 11.901852,Pick and Place
2518526, -0.529785, 0.051880, -0.924072, 44.494620, -39.062500, -0.061035,Pick and Place
2518546, -0.506958, -0.072876, -0.946289, 39.489750, -0.305176, -4.150392,Pick and Place
2518566, -0.273438, -0.074829, -0.949219, 26.611320, 5.981444, 2.197266,Pick and Place
2518586, -0.195068, -0.001831, -0.957398, 22.644040, -18.798830, 8.239746,Pick and Place
2518606, -0.194946, 0.033691, -0.960694, 21.423332, -47.241200, 3.234863,Pick and Place
2518626, -0.293579, 0.086060, -0.944702, 22.399900, -62.194820, -8.361816,Pick and Place
2518646, -0.475830, 0.025391, -0.914185, 28.564450, -46.508780, -16.601568,Pick and Place
2518666, -0.490356, -0.063843, -0.914062, 24.475090, -15.380856, -14.892576,Pick and Place
2518686, -0.442383, -0.043457, -0.933472, 20.080560, -2.990722, -6.286620,Pick and Place
2518706, -0.465698, -0.042114, -0.954590, 18.615724, 0.244141, -4.272462,Pick and Place
2518726, -0.503418, -0.049561, -0.940308, 15.991210, 6.774902, -8.972170,Pick and Place
2518746, -0.547363, -0.065918, -0.937500, 12.207030, 26.306150, -11.657712,Pick and Place
2518766, -0.470947, -0.099365, -1.018677, 3.540038, 35.461430, -5.493162,Pick and Place
2518786, -0.425781, -0.084839, -1.025635, -2.258301, 28.442380, 0.183105,Pick and Place
2518806, -0.373047, -0.032471, -0.972534, -3.906249, 12.878416, 2.990722,Pick and Place
2518826, -0.491089, -0.026123, -0.942505, -2.380371, 11.108396, 0.549316,Pick and Place
2518846, -0.474609, -0.021240, -0.972900, -4.699708, 25.451652, 2.746581,Pick and Place
2518866, -0.329224, 0.003784, -0.998291, -7.812498, 26.733390, 8.605960,Pick and Place
2518886, -0.309204, 0.043945, -0.994263, -7.080076, 12.634276, 5.981444,Pick and Place
2518906, -0.359741, 0.037354, -0.968506, -4.394532, 8.850100, -1.403808,Pick and Place
2518926, -0.354004, 0.009033, -0.966675, -6.469726, 15.502928, -2.990722,Pick and Place
2518946, -0.331787, -0.007446, -0.978394, -9.643556, 14.465330, 1.831054,Pick and Place
2518966, -0.372559, 0.038330, -0.960694, -10.192870, 10.803220, 2.014160,Pick and Place
2518986, -0.362183, 0.072388, -0.971436, -9.033204, 15.197750, 0.610352,Pick and Place
2519006, -0.288086, 0.061890, -0.973389, -8.117676, 2.197266, 0.732422,Pick and Place
2519026, -0.290039, 0.051880, -0.947022, -6.713866, -19.165040, 1.098633,Pick and Place
2519046, -0.372437, 0.011963, -0.943848, -5.737304, -35.461430, -1.464844,Pick and Place
2519066, -0.456177, -0.026123, -0.924194, -9.338380, -21.240230, -6.530760,Pick and Place
2519086, -0.403076, -0.017090, -0.941528, -16.418460, 7.080076, -3.234863,Pick and Place
2519106, -0.264648, 0.006104, -0.992066, -22.338860, 8.972170, 2.563476,Pick and Place
2519126, -0.243774, 0.078735, -0.994751, -22.460930, -8.728030, 1.586914,Pick and Place
2519146, -0.303101, 0.110840, -0.939820, -22.644040, -20.935052, -9.521484,Pick and Place
2519166, -0.365234, 0.163574, -0.939820, -21.423332, -15.502928, -10.986324,Pick and Place
2519186, -0.406006, 0.168213, -0.958984, -23.010250, -3.356933, -8.666994,Pick and Place
2519206, -0.347778, 0.226196, -0.970337, -28.076170, 0.671386, -6.835936,Pick and Place
2519226, -0.346802, 0.277588, -0.952881, -25.695796, -7.141112, -10.437010,Pick and Place
2519246, -0.409790, 0.288208, -0.893066, -23.864740, -12.207030, -15.441892,Pick and Place
2519266, -0.461060, 0.289917, -0.879272, -21.728510, -9.887696, -14.709470,Pick and Place
2519286, -0.465210, 0.296753, -0.855957, -21.362300, -10.375976, -6.042480,Pick and Place
2519306, -0.514282, 0.322144, -0.810669, -17.211920, -13.183590, -0.061035,Pick and Place
2519326, -0.531128, 0.315552, -0.800659, -9.887696, -16.113284, 4.150392,Pick and Place
2519346, -0.546875, 0.314331, -0.769287, -1.098633, -11.047360, 6.042480,Pick and Place
2519366, -0.554077, 0.320190, -0.861938, 9.582520, 18.737796, 7.080076,Pick and Place
2519386, -0.481690, 0.254639, -0.871338, 15.869140, 21.484370, 7.690428,Pick and Place
2519406, -0.404663, 0.236816, -0.848022, 22.399900, 9.826660, 4.821778,Pick and Place
2519426, -0.273193, 0.211792, -0.809448, 26.489250, -22.888180, 0.305176,Pick and Place
2519446, -0.226807, 0.184082, -0.737305, 26.794430, -66.711440, -2.441407,Pick and Place
2519466, -0.565918, 0.111206, -0.796997, 25.878900, -68.115240, -8.544924,Pick and Place
2519486, -0.626831, 0.058350, -0.817261, 20.812980, -32.958990, -12.207030,Pick and Place
2519506, -0.512940, 0.074585, -0.794190, 17.578130, -7.141112, -9.277344,Pick and Place
2519526, -0.383667, 0.082153, -0.810059, 15.197750, -9.338380, -2.075196,Pick and Place
2519546, -0.418091, 0.040894, -0.882690, 15.563964, -26.916500, -5.004884,Pick and Place
2519566, -0.406006, 0.021606, -0.909058, 13.061520, -45.104970, -12.023924,Pick and Place
2519586, -0.413086, -0.024658, -0.827881, 10.803220, -66.467300, -14.831540,Pick and Place
2519606, -0.627930, -0.102417, -0.872437, 7.080076, -66.345240, -12.512204,Pick and Place
2519626, -0.676514, -0.164917, -0.904663, 0.122070, -57.006820, -6.286620,Pick and Place
2519646, -0.749634, -0.167603, -1.010620, -6.530760, -26.062010, -6.652830,Pick and Place
2519666, -0.611694, -0.179199, -1.009644, -15.686032, 4.089356, -1.464844,Pick and Place
2519686, -0.483154, -0.130005, -0.918091, -19.775390, 5.187988, 2.929687,Pick and Place
2519706, -0.570190, -0.106323, -0.932129, -22.644040, 1.098633, 6.835936,Pick and Place
2519726, -0.566040, -0.101807, -0.974243, -29.052730, 11.840818, 5.249022,Pick and Place
2519746, -0.489624, -0.063721, -0.978394, -33.325200, 21.545408, 3.967285,Pick and Place
2519766, -0.460693, -0.035767, -0.974365, -35.583500, 22.949216, 1.831054,Pick and Place
2519786, -0.439453, -0.029541, -0.956299, -38.024910, 21.728510, -2.990722,Pick and Place
2519806, -0.366089, -0.001587, -0.904175, -40.832510, 9.582520, -9.399414,Pick and Place
2519826, -0.417969, 0.040771, -0.860474, -42.358390, 4.394532, -13.854978,Pick and Place
2519846, -0.460449, 0.066650, -0.839356, -42.053220, 13.305660, -17.944340,Pick and Place
2519866, -0.482910, 0.081055, -0.815552, -42.053220, 24.902340, -22.155760,Pick and Place
2519886, -0.447144, 0.107788, -0.813232, -41.137680, 31.616208, -26.062010,Pick and Place
2519906, -0.416138, 0.154907, -0.833130, -39.245610, 27.343748, -29.541010,Pick and Place
2519926, -0.455811, 0.180176, -0.825806, -37.170420, 22.033690, -35.339360,Pick and Place
2519946, -0.453125, 0.171997, -0.768555, -38.391120, 14.953610, -42.541500,Pick and Place
2519966, -0.465698, 0.162842, -0.746460, -40.100100, 5.798338, -46.936020,Pick and Place
2519986, -0.518799, 0.182617, -0.738404, -41.137680, -2.014160, -46.569820,Pick and Place
2520006, -0.589844, 0.205688, -0.730835, -39.550780, -3.295898, -46.813960,Pick and Place
2520026, -0.617066, 0.227295, -0.730835, -34.362800, 12.451170, -49.499500,Pick and Place
2520046, -0.546021, 0.232178, -0.692383, -32.531740, 17.700200, -48.339840,Pick and Place
2520066, -0.522461, 0.258179, -0.638550, -29.296870, 13.061520, -47.058100,Pick and Place
2520086, -0.572998, 0.298706, -0.630737, -24.230950, 12.878416, -49.255360,Pick and Place
2520106, -0.620362, 0.294312, -0.685669, -18.432620, 24.963376, -51.452620,Pick and Place
2520126, -0.642090, 0.287842, -0.685669, -13.610836, 44.494620, -51.635740,Pick and Place
2520146, -0.537720, 0.308106, -0.681274, -9.826660, 48.583980, -46.569820,Pick and Place
2520166, -0.485840, 0.326538, -0.707764, -3.906249, 32.409680, -40.161120,Pick and Place
2520186, -0.525635, 0.329346, -0.757690, 3.234863, 13.610836, -36.987310,Pick and Place
2520206, -0.561890, 0.304199, -0.776734, 10.070800, 0.488281, -37.597660,Pick and Place
2520226, -0.589234, 0.296143, -0.771240, 13.793944, -4.577638, -35.888680,Pick and Place
2520246, -0.575318, 0.277100, -0.807129, 18.859868, -1.586914, -25.451652,Pick and Place
2520266, -0.596558, 0.187744, -0.832886, 17.944340, 4.028321, -19.714360,Pick and Place
2520286, -0.559692, 0.184082, -0.799683, 15.808104, 5.798338, -16.357424,Pick and Place
2520306, -0.619385, 0.153076, -0.910400, 5.493162, -8.422854, -7.873534,Pick and Place
2520326, -0.725342, 0.134033, -1.041260, 4.333496, 1.281738, -12.756344,Pick and Place
2520346, -0.512085, 0.078857, -1.014893, -4.638672, -5.676268, -11.901852,Pick and Place
2520366, -0.679321, 0.120850, -0.901123, -5.187988, -18.005376, -9.582520,Pick and Place
2520386, -0.647217, 0.146973, -0.819458, -6.713866, -11.901852, -4.638672,Pick and Place
2520406, -0.596436, 0.188843, -0.837036, -2.075196, -9.277344, -2.685546,Pick and Place
2520426, -0.603638, 0.138062, -0.863159, -2.563476, -1.892090, 1.708984,Pick and Place
2520446, -0.523926, 0.143066, -0.870239, -5.371092, 3.479003, 1.159668,Pick and Place
2520466, -0.436646, 0.135376, -0.823608, -5.187988, -7.568358, -3.173828,Pick and Place
2520486, -0.505615, 0.129150, -0.826538, -1.220704, -8.666994, -3.784179,Pick and Place
2520506, -0.509278, 0.106079, -0.838501, -3.662109, -5.676268, -2.563476,Pick and Place
2520526, -0.493896, 0.104614, -0.819580, -3.662109, -3.662109, -2.807617,Pick and Place
2520546, -0.496338, 0.118530, -0.784058, -2.990722, -4.638672, -4.089356,Pick and Place
2520566, -0.489868, 0.138916, -0.792480, 0.244141, -5.432128, -2.380371,Pick and Place
2520586, -0.526123, 0.145142, -0.821900, 2.807617, -6.469726, -0.671386,Pick and Place
2520606, -0.568360, 0.121582, -0.869385, 3.540038, 0.976562, -0.610352,Pick and Place
2520626, -0.514404, 0.114990, -0.894043, -0.122070, 1.831054, 0.915527,Pick and Place
2520646, -0.509644, 0.143188, -0.893433, -1.708984, -3.784179, 2.136231,Pick and Place
2520666, -0.499878, 0.158569, -0.879883, -1.342773, -12.207030, 1.892090,Pick and Place
2520686, -0.544922, 0.142944, -0.847412, -0.244141, -0.366211, -2.807617,Pick and Place
2520706, -0.580078, 0.095581, -0.839112, 0.305176, -1.098633, -0.793457,Pick and Place
2520726, -0.517700, 0.054565, -0.869995, -3.417968, -5.249022, 4.882814,Pick and Place
2520746, -0.556885, 0.031982, -0.910156, -7.263182, -14.343260, 8.483890,Pick and Place
2520766, -0.656250, 0.036865, -0.884033, -11.474608, -14.648436, 3.662109,Pick and Place
2520786, -0.590088, 0.091919, -0.881226, -20.996090, -16.052250, 4.638672,Pick and Place
2520806, -0.615112, 0.101318, -0.901612, -22.155760, -22.277830, 5.737304,Pick and Place
2520826, -0.703369, 0.075439, -0.826294, -27.526850, -21.423332, 8.666994,Pick and Place
2520846, -0.766113, 0.116821, -0.762207, -29.907220, -9.704590, 13.793944,Pick and Place
2520866, -0.822266, 0.131470, -0.697266, -29.174800, 14.282224, 21.423332,Pick and Place
2520886, -0.770264, 0.155884, -0.606690, -28.137200, 30.700680, 33.508300,Pick and Place
2520906, -0.679688, 0.210571, -0.600830, -25.390620, 29.296870, 49.255360,Pick and Place
2520926, -0.663452, 0.297608, -0.632568, -22.888180, 32.531740, 68.481460,Pick and Place
2520946, -0.666626, 0.362793, -0.622070, -21.667476, 41.931140, 75.500500,Pick and Place
2520966, -0.589234, 0.367798, -0.643311, -19.531250, 55.541980, 80.871560,Pick and Place
2520986, -0.529785, 0.435425, -0.696778, -13.122556, 49.987780, 88.623040,Pick and Place
2521006, -0.564942, 0.426025, -0.740967, -1.403808, 37.536620, 93.627900,Pick and Place
2521026, -0.486206, 0.465576, -0.753174, 13.244628, 17.639160, 97.045880,Pick and Place
2521046, -0.409546, 0.550415, -0.706299, 29.296870, 3.112792, 94.543440,Pick and Place
2521066, -0.308228, 0.557739, -0.681274, 41.564930, -8.483890, 88.500960,Pick and Place
2521086, -0.224976, 0.555542, -0.701294, 51.940910, -21.850580, 80.017100,Pick and Place
2521106, -0.196533, 0.519654, -0.757812, 62.744130, -40.100100, 70.678720,Pick and Place
2521126, -0.195679, 0.485962, -0.770752, 73.303240, -61.584460, 59.020980,Pick and Place
2521146, -0.371338, 0.397095, -0.787354, 93.566880, -63.354480, 34.118660,Pick and Place
2521166, -0.275391, 0.330444, -0.828125, 94.909660, -56.945790, 20.874020,Pick and Place
2521186, -0.199585, 0.270264, -0.833496, 92.834460, -55.053700, 11.474608,Pick and Place
2521206, -0.255127, 0.197022, -0.831299, 92.346160, -53.283680, 8.422854,Pick and Place
2521226, -0.561402, 0.064453, -0.860962, 89.599600, -33.325200, 9.338380,Pick and Place
2521246, -0.542358, -0.015137, -0.866577, 76.110840, -11.840818, 13.549804,Pick and Place
2521266, -0.342774, 0.034790, -0.945679, 65.368660, -5.432128, 12.451170,Pick and Place
2521286, -0.283081, 0.044434, -0.989868, 63.659660, -9.155274, 6.164550,Pick and Place
2521306, -0.398804, -0.048950, -1.013794, 58.898920, -9.704590, -1.464844,Pick and Place
2521326, -0.489746, -0.140015, -1.013428, 48.950180, 2.258301, -5.981444,Pick and Place
2521346, -0.410034, -0.177979, -1.000244, 34.484870, 13.244628, -5.737304,Pick and Place
2521366, -0.433594, -0.145264, -1.055298, 23.376460, 27.404780, -4.211426,Pick and Place
2521386, -0.358276, -0.175659, -1.079956, 10.925290, 38.146980, -9.704590,Pick and Place
2521406, -0.251465, -0.134033, -1.131836, 5.981444, 25.695796, -15.075680,Pick and Place
2521426, -0.355591, -0.174438, -1.063477, 5.187988, 17.089850, -12.817380,Pick and Place
2521446, -0.306274, -0.099243, -0.944702, 4.455568, 4.882814, -6.652830,Pick and Place
2521466, -0.310669, -0.013428, -0.822144, 10.192870, -12.451170, -3.173828,Pick and Place
2521486, -0.381226, -0.023682, -0.808838, 15.197750, -8.605960, 0.793457,Pick and Place
2521506, -0.384277, -0.031372, -0.845947, 12.695310, 3.234863, 5.615234,Pick and Place
2521526, -0.440674, -0.000854, -0.867798, 15.624996, 18.432620, 4.516602,Pick and Place
2521546, -0.356934, -0.047852, -0.912598, 11.352536, 27.221676, 2.746581,Pick and Place
2521566, -0.249023, -0.056763, -1.007324, -0.305176, -2.624511, 2.746581,Pick and Place
2521586, -0.390503, -0.059692, -1.006470, -4.211426, -20.629880, -6.164550,Pick and Place
2521606, -0.476440, -0.037842, -0.978028, -3.051757, -23.498530, -6.835936,Pick and Place
2521626, -0.535645, -0.094482, -1.016968, -8.483890, -5.126952, -8.544924,Pick and Place
2521646, -0.291992, -0.104004, -0.986694, -15.502928, -1.647949, -6.103514,Pick and Place
2521666, -0.374878, -0.075317, -0.973633, -16.235352, -19.165040, -3.723144,Pick and Place
2521686, -0.376221, -0.111328, -1.018677, -20.935052, -27.832030, -6.469726,Pick and Place
2521706, -0.467163, -0.124634, -1.035156, -26.123040, -28.686520, -10.498044,Pick and Place
2521726, -0.471314, -0.138794, -1.030640, -31.005852, -12.573240, -11.535644,Pick and Place
2521746, -0.363403, -0.160645, -1.007446, -38.146980, -4.699708, -11.169430,Pick and Place
2521766, -0.317627, -0.099976, -0.975098, -43.518060, -9.765626, -12.145992,Pick and Place
2521786, -0.318237, -0.071899, -0.940186, -44.677720, -17.517090, -17.517090,Pick and Place
2521806, -0.399658, -0.056519, -0.907593, -46.142570, -15.075680, -26.428220,Pick and Place
2521826, -0.426392, -0.049194, -0.886597, -47.058100, -1.525878, -28.991692,Pick and Place
2521846, -0.358154, 0.022827, -0.868042, -48.828120, 5.798338, -30.212400,Pick and Place
2521866, -0.321167, 0.069580, -0.865112, -44.982900, 3.662109, -33.386240,Pick and Place
2521886, -0.365601, 0.064209, -0.861328, -43.151840, -1.159668, -38.757330,Pick and Place
2521906, -0.439697, 0.100586, -0.844971, -42.602530, 0.732422, -46.508780,Pick and Place
2521926, -0.469238, 0.098389, -0.818726, -40.405260, 8.972170, -52.917470,Pick and Place
2521946, -0.465088, 0.113281, -0.787110, -40.771480, 14.282224, -54.931630,Pick and Place
2521966, -0.473267, 0.132935, -0.789429, -37.231450, 14.770504, -52.978500,Pick and Place
2521986, -0.517090, 0.178711, -0.778931, -34.851080, 12.451170, -50.964340,Pick and Place
2522006, -0.623902, 0.220093, -0.808960, -28.991692, 17.822270, -52.246080,Pick and Place
2522026, -0.597168, 0.174072, -0.820679, -26.062010, 23.437492, -53.833000,Pick and Place
2522046, -0.545898, 0.186401, -0.797974, -26.306150, 16.113284, -49.987780,Pick and Place
2522066, -0.568115, 0.230835, -0.763428, -24.780270, 9.399414, -44.982900,Pick and Place
2522086, -0.603028, 0.294067, -0.750244, -21.118160, 12.451170, -39.428720,Pick and Place
2522106, -0.606323, 0.300903, -0.772583, -15.136716, 22.949216, -35.583500,Pick and Place
2522126, -0.557251, 0.289429, -0.812622, -11.230468, 30.395500, -31.799310,Pick and Place
2522146, -0.535645, 0.269165, -0.834961, -7.568358, 31.738280, -30.883784,Pick and Place
2522166, -0.524536, 0.258667, -0.822388, -4.943848, 30.273430, -31.372068,Pick and Place
2522186, -0.505982, 0.227661, -0.816040, -2.380371, 26.672360, -29.418940,Pick and Place
2522206, -0.493408, 0.208008, -0.845337, -0.793457, 24.963376, -29.541010,Pick and Place
2522226, -0.494385, 0.168701, -0.840698, 0.183105, 22.155760, -23.803708,Pick and Place
2522246, -0.503784, 0.197754, -0.815430, -1.403808, 21.850580, -20.874020,Pick and Place
2522266, -0.462646, 0.217651, -0.829468, 0.671386, 21.850580, -17.395020,Pick and Place
2522286, -0.445313, 0.193237, -0.837769, 4.089356, 23.803708, -16.235352,Pick and Place
2522306, -0.437622, 0.162720, -0.862793, 4.821778, 23.254390, -14.648436,Pick and Place
2522326, -0.449585, 0.157471, -0.877197, 7.446288, 27.343748, -13.854978,Pick and Place
2522346, -0.398316, 0.131104, -0.909790, 8.422854, 33.081060, -13.000484,Pick and Place
2522366, -0.371582, 0.088745, -0.931519, 8.850100, 33.935560, -12.268064,Pick and Place
2522386, -0.278442, 0.016357, -0.931274, 2.197266, 27.404780, -9.582520,Pick and Place
2522406, -0.384155, 0.151245, -1.000977, -2.258301, 13.916012, -9.643556,Pick and Place
2522426, -0.372925, 0.064087, -0.983765, -3.479003, 25.207516, -7.324218,Pick and Place
2522446, -0.316895, 0.142456, -1.014038, -6.103514, 16.784670, -4.882814,Pick and Place
2522466, -0.286377, 0.088013, -0.973999, -4.394532, 5.859374, -1.708984,Pick and Place
2522486, -0.325928, 0.119995, -0.931885, -2.319336, 1.342773, -1.770019,Pick and Place
2522506, -0.317139, 0.103516, -0.938721, -2.502442, 7.202148, 0.061035,Pick and Place
2522526, -0.291260, 0.105103, -0.987183, -4.760742, 8.911134, 1.098633,Pick and Place
2522546, -0.250977, 0.107666, -1.022217, -8.300784, 4.516602, 0.427246,Pick and Place
2522566, -0.300293, 0.119507, -1.030274, -9.277344, -0.244141, -0.854492,Pick and Place
2522586, -0.349365, 0.128540, -1.012452, -12.817380, 4.028321, -3.601074,Pick and Place
2522606, -0.248413, 0.158936, -1.000122, -17.333990, 7.385252, -3.112792,Pick and Place
2522626, -0.237183, 0.188965, -1.036866, -20.202630, -0.488281, -0.488281,Pick and Place
2522646, -0.267090, 0.190186, -1.053345, -22.949216, -6.286620, 0.671386,Pick and Place
2522666, -0.302734, 0.205078, -1.018799, -24.658200, -6.774902, -1.525878,Pick and Place
2522686, -0.271484, 0.221802, -0.963135, -24.719230, -5.676268, -2.136231,Pick and Place
2522706, -0.249878, 0.217773, -0.940430, -25.634760, -12.268064, 1.953124,Pick and Place
2522726, -0.314697, 0.213989, -0.930176, -24.536130, -14.282224, 2.807617,Pick and Place
2522746, -0.330933, 0.213623, -0.915283, -25.573724, -5.371092, 2.014160,Pick and Place
2522766, -0.321899, 0.230957, -0.903320, -25.268550, 2.380371, 3.723144,Pick and Place
2522786, -0.281494, 0.238892, -0.857666, -23.803708, 2.990722, 6.774902,Pick and Place
2522806, -0.247192, 0.270874, -0.852173, -19.653320, -4.455568, 7.263182,Pick and Place
2522826, -0.299561, 0.247192, -0.876465, -14.038084, -9.277344, 6.652830,Pick and Place
2522846, -0.319336, 0.228882, -0.868164, -13.610836, -8.911134, 5.676268,Pick and Place
2522866, -0.325073, 0.265381, -0.832398, -10.742184, -7.385252, 4.150392,Pick and Place
2522886, -0.313477, 0.246948, -0.859253, -6.286620, -1.220704, 3.051757,Pick and Place
2522906, -0.298584, 0.224976, -0.920410, -7.690428, 3.906249, 3.662109,Pick and Place
2522926, -0.278687, 0.232422, -0.920288, -7.202148, -6.713866, 4.577638,Pick and Place
2522946, -0.260864, 0.246338, -0.890381, -6.774902, -22.460930, 3.723144,Pick and Place
2522966, -0.335327, 0.264893, -0.882690, -5.859374, -26.489250, 2.441407,Pick and Place
2522986, -0.352539, 0.271240, -0.884033, -6.408690, -22.033690, 3.906249,Pick and Place
2523006, -0.370483, 0.285645, -0.871704, -5.432128, -18.249516, 5.859374,Pick and Place
2523026, -0.338501, 0.307495, -0.871948, -3.662109, -17.761230, 5.432128,Pick and Place
2523046, -0.330444, 0.327515, -0.878052, -0.427246, -21.362300, 3.295898,Pick and Place
2523066, -0.356323, 0.302368, -0.876953, 2.929687, -25.512690, 0.610352,Pick and Place
2523086, -0.431519, 0.272827, -0.887207, 4.150392, -20.507810, -2.380371,Pick and Place
2523106, -0.408569, 0.273438, -0.871826, 3.845214, -11.962890, -2.075196,Pick and Place
2523146, -0.414795, 0.221680, -0.883667, 10.192870, -2.563476, 2.319336,Pick and Place
2523166, -0.443848, 0.184204, -0.928345, 10.925290, 0.793457, 2.563476,Pick and Place
2523186, -0.401733, 0.152710, -0.928955, 8.483890, 1.220704, 3.417968,Pick and Place
2523206, -0.367310, 0.187378, -0.915283, 6.042480, -3.723144, 6.958006,Pick and Place
2523226, -0.351685, 0.205566, -0.877686, 5.004884, -9.765626, 9.582520,Pick and Place
2523246, -0.392578, 0.228516, -0.868652, 5.310058, -9.338380, 8.972170,Pick and Place
2523266, -0.411133, 0.199951, -0.850342, 4.455568, 3.967285, 5.432128,Pick and Place
2523286, -0.348022, 0.203613, -0.875854, 3.479003, 11.840818, 5.371092,Pick and Place
2523306, -0.313599, 0.200684, -0.889404, 1.892090, 9.338380, 7.141112,Pick and Place
2523326, -0.289795, 0.243286, -0.880615, 1.953124, -1.464844, 7.995604,Pick and Place
2523346, -0.307495, 0.265015, -0.841553, 4.638672, -17.639160, 3.112792,Pick and Place
2523366, -0.358276, 0.257080, -0.845947, 6.713866, -18.554690, -1.770019,Pick and Place
2523386, -0.374390, 0.239868, -0.876465, 6.530760, -11.352536, -2.319336,Pick and Place
2523406, -0.375488, 0.244141, -0.891113, 5.676268, -7.263182, 0.122070,Pick and Place
2523426, -0.375122, 0.250366, -0.905152, 5.798338, -8.056642, 0.549316,Pick and Place
2523446, -0.385376, 0.241333, -0.920898, 6.652830, -10.681150, -1.892090,Pick and Place
2523466, -0.384277, 0.230591, -0.917969, 6.469726, -12.817380, -3.112792,Pick and Place
2523486, -0.394165, 0.223877, -0.918213, 5.859374, -14.953610, -2.319336,Pick and Place
2523506, -0.403320, 0.225708, -0.922119, 5.676268, -15.502928, -0.610352,Pick and Place
2523526, -0.422608, 0.219605, -0.932007, 5.126952, -12.878416, 0.854492,Pick and Place
2523546, -0.408569, 0.235840, -0.918945, 3.417968, -9.155274, 1.037598,Pick and Place
2523566, -0.375244, 0.262329, -0.892090, 3.356933, -3.173828, -0.244141,Pick and Place
2523586, -0.317139, 0.269287, -0.885986, 3.051757, -8.789064, 0.305176,Pick and Place
2523606, -0.350098, 0.259033, -0.892090, 3.967285, -17.578130, -0.976562,Pick and Place
2523626, -0.415283, 0.222290, -0.887451, 3.417968, -16.906740, -3.662109,Pick and Place
2523646, -0.403198, 0.232300, -0.871216, 1.098633, -15.319820, -3.845214,Pick and Place
2523666, -0.414795, 0.251953, -0.859375, 2.380371, -17.578130, -3.540038,Pick and Place
2523686, -0.411499, 0.240845, -0.859497, 4.760742, -19.348150, -5.310058,Pick and Place
2523706, -0.397705, 0.229248, -0.854004, 6.469726, -25.756830, -7.324218,Pick and Place
2523726, -0.487671, 0.192627, -0.856690, 7.873534, -25.634760, -10.070800,Pick and Place
2523746, -0.497070, 0.176514, -0.878662, 6.469726, -20.202630, -9.094240,Pick and Place
2523766, -0.466675, 0.171997, -0.891968, 5.676268, -19.104010, -5.798338,Pick and Place
2523786, -0.483032, 0.200684, -0.833984, 4.577638, -20.202630, -4.455568,Pick and Place
2523806, -0.481567, 0.237305, -0.796997, 3.417968, -23.376460, -5.493162,Pick and Place
2523826, -0.566284, 0.210693, -0.820068, 5.371092, -17.211920, -7.751464,Pick and Place
2523846, -0.616821, 0.147461, -0.866211, -0.610352, 5.065916, -8.850100,Pick and Place
2523866, -0.592529, 0.121948, -0.943848, -13.061520, -0.366211, 5.065916,Pick and Place
2523886, -0.691528, 0.242554, -0.914062, -12.084960, -8.728030, 9.765626,Pick and Place
2523906, -0.643677, 0.289429, -0.857178, -12.084960, -13.122556, 10.803220,Pick and Place
2523926, -0.725098, 0.317627, -0.848755, -10.498044, -15.319820, 19.775390,Pick and Place
2523946, -0.729858, 0.333374, -0.824707, -11.657712, -9.033204, 29.418940,Pick and Place
2523966, -0.697510, 0.364868, -0.790772, -10.009768, -7.446288, 39.428720,Pick and Place
2523986, -0.697754, 0.380737, -0.749634, -6.164550, -8.544924, 48.706040,Pick and Place
2524006, -0.651856, 0.390137, -0.659668, 3.845214, -15.930172, 56.579580,Pick and Place
2524026, -0.675781, 0.392822, -0.605957, 13.305660, -21.728510, 61.645500,Pick and Place
2524046, -0.627564, 0.367676, -0.635132, 22.888180, -21.179192, 64.575200,Pick and Place
2524066, -0.535400, 0.360962, -0.661499, 29.479976, -24.047850, 66.528340,Pick and Place
2524086, -0.498413, 0.346680, -0.665894, 35.949720, -29.846190, 66.284200,Pick and Place
2524106, -0.466064, 0.321045, -0.640869, 40.161120, -41.320790, 62.377920,Pick and Place
2524126, -0.457520, 0.316650, -0.650879, 44.128410, -54.992660, 55.480940,Pick and Place
2524146, -0.452026, 0.309326, -0.699585, 46.142570, -58.654780, 47.546380,Pick and Place
2524166, -0.400391, 0.287354, -0.706543, 46.264640, -60.607900, 40.161120,Pick and Place
2524186, -0.377075, 0.275146, -0.697266, 46.997060, -61.889640, 31.738280,Pick and Place
2524206, -0.442017, 0.260132, -0.727783, 48.400870, -57.006820, 21.423332,Pick and Place
2524226, -0.651734, 0.132202, -0.828369, 50.170890, -21.423332, 8.239746,Pick and Place
2524246, -0.507446, 0.063965, -0.842896, 43.701160, -5.981444, 6.835936,Pick and Place
2524266, -0.475220, 0.075684, -0.821900, 37.658700, -10.253904, 8.911134,Pick and Place
2524286, -0.511230, 0.112793, -0.836060, 33.691410, -13.732908, 9.582520,Pick and Place
2524306, -0.521851, 0.120728, -0.863648, 30.761716, -13.671872, 6.713866,Pick and Place
2524326, -0.555176, 0.098999, -0.874634, 30.456540, -12.329100, 2.258301,Pick and Place
2524346, -0.606690, 0.060181, -0.892456, 31.738280, -1.770019, -4.333496,Pick and Place
2524366, -0.522461, 0.046753, -0.829712, 27.954100, 2.685546, -4.211426,Pick and Place
2524386, -0.474854, 0.078125, -0.785278, 25.878900, -3.234863, -2.380371,Pick and Place
2524406, -0.561035, 0.050293, -0.855957, 24.963376, 2.929687, -1.831054,Pick and Place
2524426, -0.569458, 0.033203, -0.906128, 21.789548, 14.648436, -4.028321,Pick and Place
2524446, -0.530152, 0.024536, -0.886353, 16.540530, 21.606440, -6.225584,Pick and Place
2524466, -0.476563, 0.047119, -0.854248, 14.343260, 6.469726, -6.774902,Pick and Place
2524486, -0.497192, 0.040527, -0.843506, 14.465330, -6.408690, -6.286620,Pick and Place
2524506, -0.523804, 0.036743, -0.856445, 9.094240, -10.864256, -1.525878,Pick and Place
2524526, -0.803467, 0.110840, -0.942871, 6.347656, 10.925290, 1.159668,Pick and Place
2524546, -0.619507, 0.095459, -0.922608, 1.525878, 31.372068, 7.690428,Pick and Place
2524566, -0.564209, 0.113892, -0.913330, 0.915527, 24.475090, 4.455568,Pick and Place
2524586, -0.525269, 0.117188, -0.884522, 1.159668, 16.418460, 1.220704,Pick and Place
2524606, -0.516968, 0.151855, -0.846314, 1.831054, 11.230468, 1.037598,Pick and Place
2524626, -0.520142, 0.156128, -0.821289, 3.479003, 11.108396, 1.220704,Pick and Place
2524646, -0.520752, 0.130371, -0.818237, 4.760742, 14.465330, -0.305176,Pick and Place
2524666, -0.502075, 0.133545, -0.813354, 4.699708, 16.784670, -1.159668,Pick and Place
2524686, -0.482544, 0.143921, -0.844971, 4.577638, 10.192870, -1.831054,Pick and Place
2524706, -0.525024, 0.103394, -0.878174, 4.821778, 6.896972, -4.089356,Pick and Place
2524726, -0.555908, 0.082153, -0.873779, 3.112792, 4.821778, -3.173828,Pick and Place
2524746, -0.541748, 0.094849, -0.846070, 1.159668, 0.793457, -0.549316,Pick and Place
2524766, -0.509766, 0.118530, -0.850464, 1.586914, -2.502442, 0.610352,Pick and Place
2524786, -0.501587, 0.097168, -0.869019, 2.319336, -6.958006, -0.122070,Pick and Place
2524806, -0.515747, 0.077026, -0.842407, 2.868652, -10.253904, -1.892090,Pick and Place
2524826, -0.572998, 0.062622, -0.807373, 6.835936, -2.136231, -4.638672,Pick and Place
2524846, -0.438599, 0.061523, -0.786377, 2.319336, 0.244141, -1.647949,Pick and Place
2524866, -0.540650, 0.071289, -0.808838, 4.272462, -9.460450, -1.464844,Pick and Place
2524886, -0.561402, 0.020508, -0.843262, 4.211426, -8.789064, -4.699708,Pick and Place
2524906, -0.580811, -0.005493, -0.851685, 2.258301, -2.807617, -6.164550,Pick and Place
2524926, -0.553955, -0.004883, -0.844116, -1.342773, -0.732422, -2.258301,Pick and Place
2524946, -0.538330, 0.043579, -0.831299, -2.746581, -5.737304, 2.807617,Pick and Place
2524966, -0.585449, 0.068970, -0.839478, -2.746581, -7.080076, 4.516602,Pick and Place
2524986, -0.558228, 0.093628, -0.849487, -1.831054, -2.197266, 5.859374,Pick and Place
2525006, -0.518799, 0.078857, -0.863770, -1.953124, 0.610352, 6.958006,Pick and Place
2525026, -0.510376, 0.052002, -0.896484, -2.746581, 2.746581, 5.798338,Pick and Place
2525046, -0.480347, -0.002319, -0.908692, -5.859374, 1.770019, 1.953124,Pick and Place
2525066, -0.470459, 0.013062, -0.916870, -8.483890, 0.732422, -0.854492,Pick and Place
2525086, -0.460938, 0.006836, -0.934570, -7.629394, 0.488281, 0.915527,Pick and Place
2525106, -0.435669, -0.044434, -0.902832, -8.850100, 2.319336, -0.854492,Pick and Place
2525126, -0.413208, -0.038818, -0.879639, -11.962890, 6.835936, -4.394532,Pick and Place
2525146, -0.440064, -0.011597, -0.887207, -15.197750, 14.526364, -8.911134,Pick and Place
2525166, -0.410645, 0.030273, -0.898560, -19.653320, 17.578130, -14.282224,Pick and Place
2525186, -0.417725, 0.099487, -0.914429, -19.287110, 15.624996, -18.493652,Pick and Place
2525206, -0.445679, 0.099854, -0.905029, -17.272950, 16.479492, -22.338860,Pick and Place
2525226, -0.477905, 0.098511, -0.903931, -15.502928, 21.423332, -23.620600,Pick and Place
2525246, -0.469360, 0.136597, -0.862915, -18.432620, 26.855464, -25.085448,Pick and Place
2525266, -0.484375, 0.234619, -0.859863, -18.371584, 32.531740, -27.954100,Pick and Place
2525286, -0.482788, 0.199097, -0.861450, -18.615724, 34.240730, -32.592780,Pick and Place
2525306, -0.465088, 0.184814, -0.844604, -23.071284, 31.005852, -38.696300,Pick and Place
2525326, -0.454102, 0.218384, -0.817017, -23.498530, 16.967780, -44.372550,Pick and Place
2525346, -0.506348, 0.229858, -0.821900, -19.958500, 12.512204, -42.541500,Pick and Place
2525366, -0.549194, 0.241821, -0.835083, -15.747068, 18.310550, -40.466300,Pick and Place
2525386, -0.552002, 0.227417, -0.847046, -11.108396, 28.442380, -38.940440,Pick and Place
2525406, -0.515381, 0.183228, -0.860474, -8.728030, 32.714850, -38.146980,Pick and Place
2525426, -0.468384, 0.154785, -0.847290, -7.812498, 25.573724, -37.109380,Pick and Place
2525446, -0.478882, 0.176025, -0.833374, -7.080076, 15.930172, -35.827640,Pick and Place
2525466, -0.528931, 0.204834, -0.848511, -5.187988, 14.831540, -35.339360,Pick and Place
2525486, -0.541016, 0.194336, -0.845215, -4.211426, 19.653320, -35.034180,Pick and Place
2525506, -0.515137, 0.214844, -0.853150, -3.906249, 25.024410, -33.569340,Pick and Place
2525526, -0.485352, 0.227905, -0.857422, -2.075196, 27.404780, -31.921380,Pick and Place
2525546, -0.455933, 0.207031, -0.815796, 0.793457, 23.681636, -26.977532,Pick and Place
2525566, -0.508057, 0.218018, -0.802979, 3.417968, 28.503410, -24.902340,Pick and Place
2525586, -0.492676, 0.204224, -0.809814, 3.540038, 41.442860, -22.155760,Pick and Place
2525606, -0.373291, 0.220825, -0.834106, 2.380371, 47.058100, -18.554690,Pick and Place
2525626, -0.359619, 0.224976, -0.861938, 4.211426, 42.663560, -14.953610,Pick and Place
2525646, -0.382080, 0.212158, -0.873047, 6.591796, 35.522460, -16.662600,Pick and Place
2525666, -0.480103, 0.215942, -0.902466, 11.596676, 36.254890, -20.202630,Pick and Place
2525686, -0.582154, 0.140747, -0.989624, 16.418460, 50.964340, -22.094720,Pick and Place
2525706, -0.442871, 0.056030, -1.028686, 12.145992, 61.828600, -20.507810,Pick and Place
2525726, -0.139526, 0.026611, -0.918335, 6.591796, 41.809080, -15.747068,Pick and Place
2525746, -0.149292, 0.046265, -0.849365, 7.080076, 5.004884, -7.751464,Pick and Place
2525766, -0.396729, 0.056274, -0.881714, 6.347656, 4.699708, -2.624511,Pick and Place
2525786, -0.362671, 0.124634, -0.924194, 6.652830, 28.381340, -1.647949,Pick and Place
2525806, -0.285400, 0.114258, -0.964478, 11.779784, 54.931630, -4.516602,Pick and Place
2525826, -0.118652, 0.064453, -0.989380, 10.192870, 58.105460, -7.751464,Pick and Place
2525846, -0.017700, 0.075439, -0.958862, 11.962890, 36.743170, -8.972170,Pick and Place
2525866, -0.061279, 0.027100, -0.996948, 14.648436, 8.300784, -9.216310,Pick and Place
2525886, -0.145264, -0.000244, -1.074952, 8.666994, -15.869140, -7.751464,Pick and Place
2525906, -0.370483, 0.000488, -1.083618, 11.718748, -9.155274, -6.286620,Pick and Place
2525926, -0.329102, -0.026001, -1.047486, 2.502442, 15.258788, -2.929687,Pick and Place
2525946, -0.222168, 0.045166, -1.086426, 0.671386, 26.245110, 1.464844,Pick and Place
2525966, -0.147217, 0.030640, -1.027466, -4.089356, 8.361816, 2.990722,Pick and Place
2525986, -0.149536, 0.085205, -0.920044, 3.845214, -1.708984, -2.441407,Pick and Place
2526006, -0.197022, 0.040405, -0.973267, 6.713866, -4.394532, 0.000000,Pick and Place
2526026, -0.256348, -0.026489, -1.070190, 2.624511, -4.760742, 6.164550,Pick and Place
2526046, -0.250488, 0.043579, -1.038208, -2.075196, -7.568358, 7.385252,Pick and Place
2526066, -0.222168, 0.073730, -0.993530, 1.770019, -10.986324, 7.934570,Pick and Place
2526086, -0.243286, 0.019043, -0.960816, 1.892090, -19.348150, 9.643556,Pick and Place
2526106, -0.374390, -0.020508, -1.011597, -2.868652, -17.089850, 14.953610,Pick and Place
2526126, -0.404297, -0.008789, -1.046387, -12.573240, -10.131832, 19.104010,Pick and Place
2526146, -0.373169, 0.108521, -1.061646, -18.798830, -10.437010, 24.536130,Pick and Place
2526166, -0.385254, 0.176147, -1.067871, -18.493652, -16.418460, 31.311030,Pick and Place
2526186, -0.378906, 0.166504, -1.038330, -16.052250, -22.338860, 33.752440,Pick and Place
2526206, -0.422363, 0.202881, -0.947388, -14.831540, -29.052730, 41.625960,Pick and Place
2526226, -0.445923, 0.218750, -0.900757, -12.939450, -27.282710, 50.781240,Pick and Place
2526246, -0.451050, 0.240845, -0.899902, -8.178714, -16.357424, 57.800280,Pick and Place
2526266, -0.359985, 0.218140, -0.900024, -5.126952, -13.793944, 62.561020,Pick and Place
2526286, -0.290527, 0.243530, -0.883911, -2.136231, -21.057124, 65.490740,Pick and Place
2526306, -0.262329, 0.265747, -0.882812, 3.479003, -34.973150, 63.537590,Pick and Place
2526326, -0.243897, 0.246582, -0.885986, 9.338380, -49.499500, 58.654780,Pick and Place
2526346, -0.228027, 0.205322, -0.844849, 13.671872, -63.781730, 53.405750,Pick and Place
2526366, -0.191284, 0.203369, -0.805298, 17.272950, -79.589840, 48.583980,Pick and Place
2526386, -0.130981, 0.199585, -0.774170, 23.193352, -101.135240, 45.532220,Pick and Place
2526406, -0.100708, 0.180298, -0.757568, 29.541010, -129.577680, 39.001470,Pick and Place
2526426, -0.284912, 0.091309, -0.728760, 43.395980, -162.475520, 20.629880,Pick and Place
2526446, -0.594238, -0.012085, -0.721192, 49.621580, -137.268100, 7.019042,Pick and Place
2526466, -0.768188, -0.107300, -0.705811, 48.583980, -78.430200, -1.281738,Pick and Place
2526486, -0.635620, -0.153809, -0.723145, 37.109380, -23.132320, 0.305176,Pick and Place
2526506, -0.480347, -0.145508, -0.814820, 28.015130, -6.958006, 2.868652,Pick and Place
2526526, -0.530762, -0.114136, -0.898316, 24.291990, -8.789064, 3.601074,Pick and Place
2526546, -0.651123, -0.110230, -0.899658, 24.291990, -0.061035, -1.647949,Pick and Place
2526566, -0.673340, -0.118652, -0.869751, 22.277830, 23.559568, -6.408690,Pick and Place
2526586, -0.570801, -0.117065, -0.895386, 16.418460, 39.428720, 0.549316,Pick and Place
2526606, -0.491577, -0.065796, -0.912720, 11.596676, 43.212880, 7.690428,Pick and Place
2526626, -0.467774, -0.027100, -0.891846, 10.864256, 46.813960, 7.080076,Pick and Place
2526646, -0.397339, 0.007446, -0.938477, 9.216310, 41.442860, 3.295898,Pick and Place
2526666, -0.391968, -0.001465, -0.954468, 9.094240, 29.968260, 2.197266,Pick and Place
2526686, -0.495850, -0.022827, -0.953247, 9.460450, 27.221676, -0.854492,Pick and Place
2526706, -0.444824, -0.047241, -0.947510, 7.019042, 31.433100, -0.122070,Pick and Place
2526726, -0.414429, -0.025146, -0.942139, 4.577638, 24.902340, 3.601074,Pick and Place
2526746, -0.400391, -0.019775, -0.934937, 5.249022, 13.671872, 7.141112,Pick and Place
2526766, -0.477905, -0.036377, -0.896362, 7.080076, 13.671872, 3.173828,Pick and Place
2526786, -0.563721, -0.072388, -0.891358, 8.728030, 31.555170, 0.610352,Pick and Place
2526806, -0.457398, -0.114502, -0.898804, 3.173828, 46.386710, 5.249022,Pick and Place
2526826, -0.348511, -0.068115, -0.927246, 0.122070, 37.475590, 8.789064,Pick and Place
2526846, -0.321411, -0.052368, -0.934692, 1.098633, 19.653320, 6.958006,Pick and Place
2526866, -0.429443, -0.047485, -0.928833, 3.662109, 24.108880, 4.821778,Pick and Place
2526886, -0.379639, -0.059204, -0.943848, 1.281738, 33.142100, 7.812498,Pick and Place
2526906, -0.332398, -0.069580, -0.976440, -1.953124, 35.217290, 12.268064,Pick and Place
2526926, -0.347412, -0.098022, -1.031250, -4.394532, 33.691410, 13.061520,Pick and Place
2526946, -0.274536, -0.080811, -1.037598, -8.850100, 31.982420, 11.047360,Pick and Place
2526966, -0.294067, -0.068970, -1.024414, -11.657712, 28.381340, 7.934570,Pick and Place
2526986, -0.289063, -0.027466, -1.032349, -13.488768, 24.291990, 6.103514,Pick and Place
2527006, -0.308106, -0.058594, -1.027588, -13.549804, 26.794430, 3.112792,Pick and Place
2527026, -0.267212, -0.051758, -1.022950, -16.906740, 30.883784, 2.319336,Pick and Place
2527046, -0.182983, -0.047607, -1.025635, -19.836430, 24.963376, 3.112792,Pick and Place
2527066, -0.166138, -0.042603, -1.024536, -22.949216, 10.375976, 3.112792,Pick and Place
2527086, -0.210815, 0.020386, -1.006104, -23.986810, -6.835936, -1.098633,Pick and Place
2527106, -0.237305, 0.043457, -0.973267, -23.986810, -4.760742, -4.394532,Pick and Place
2527126, -0.225708, 0.061646, -0.967285, -26.123040, 0.183105, -4.089356,Pick and Place
2527146, -0.212891, 0.137329, -0.947632, -27.832030, -1.281738, -3.723144,Pick and Place
2527166, -0.224243, 0.190552, -0.936035, -25.634760, -3.723144, -5.615234,Pick and Place
2527186, -0.235107, 0.187866, -0.948486, -23.315424, -8.300784, -7.995604,Pick and Place
2527206, -0.242920, 0.190674, -0.953247, -21.362300, -16.174320, -8.850100,Pick and Place
2527226, -0.319702, 0.188110, -0.938232, -19.775390, -14.648436, -8.789064,Pick and Place
2527246, -0.308350, 0.229980, -0.927246, -19.714360, -13.061520, -6.713866,Pick and Place
2527266, -0.356323, 0.222412, -0.935303, -17.517090, -5.981444, -7.202148,Pick and Place
2527286, -0.312012, 0.213867, -0.913940, -18.737796, -2.929687, -8.178714,Pick and Place
2527306, -0.341187, 0.210571, -0.926026, -16.113284, -4.455568, -8.666994,Pick and Place
2527326, -0.338379, 0.198608, -0.928955, -17.822270, -0.122070, -7.873534,Pick and Place
2527346, -0.294556, 0.226318, -0.897949, -21.789548, -7.263182, -3.540038,Pick and Place
2527366, -0.389648, 0.244873, -0.905152, -18.188480, -12.634276, -3.967285,Pick and Place
2527386, -0.386719, 0.233887, -0.891113, -18.920900, -10.131832, -4.089356,Pick and Place
2527406, -0.386963, 0.247070, -0.882446, -18.188480, -12.634276, -2.624511,Pick and Place
2527426, -0.366455, 0.259644, -0.855957, -18.859868, -13.916012, 0.183105,Pick and Place
2527446, -0.356934, 0.297852, -0.839844, -16.906740, -21.240230, 2.685546,Pick and Place
2527466, -0.397827, 0.295776, -0.850952, -13.183590, -17.700200, 1.708984,Pick and Place
2527486, -0.372925, 0.283569, -0.818848, -11.352536, -13.549804, -1.647949,Pick and Place
2527506, -0.363403, 0.304443, -0.846802, -7.385252, -16.723632, -3.417968,Pick and Place
2527526, -0.374146, 0.280151, -0.894776, 1.159668, -21.179192, -6.591796,Pick and Place
2527546, -0.423096, 0.250488, -0.890869, 8.789064, -23.010250, -8.300784,Pick and Place
2527566, -0.410034, 0.218384, -0.851440, 11.962890, -24.230950, -8.544924,Pick and Place
2527586, -0.388062, 0.207153, -0.826050, 14.770504, -27.465816, -4.516602,Pick and Place
2527606, -0.385620, 0.198608, -0.810547, 15.930172, -35.949720, 1.708984,Pick and Place
2527626, -0.379883, 0.212769, -0.780274, 17.456060, -46.997060, 5.310058,Pick and Place
2527646, -0.417236, 0.211182, -0.790528, 20.812980, -51.025380, 3.356933,Pick and Place
2527666, -0.448730, 0.189941, -0.784790, 22.583000, -47.302240, 0.000000,Pick and Place
2527686, -0.469116, 0.149536, -0.793701, 24.108880, -34.790040, -3.784179,Pick and Place
2527706, -0.424805, 0.121216, -0.817993, 22.399900, -29.418940, -3.417968,Pick and Place
2527726, -0.451538, 0.079468, -0.848022, 22.338860, -35.766600, -0.183105,Pick and Place
2527746, -0.471314, 0.046875, -0.875000, 19.348150, -52.612300, -3.356933,Pick and Place
2527766, -0.509766, 0.042358, -0.832031, 15.563964, -59.631340, -6.408690,Pick and Place
2527786, -0.598145, 0.088135, -0.803833, 15.014646, -51.330560, -9.216310,Pick and Place
2527806, -0.607544, 0.056274, -0.841064, 15.563964, -35.095220, -9.521484,Pick and Place
2527826, -0.572388, 0.019531, -0.875366, 12.390136, -22.766110, -6.652830,Pick and Place
2527846, -0.536865, 0.013794, -0.884766, 8.666994, -19.409180, -2.258301,Pick and Place
2527866, -0.578491, 0.010864, -0.875000, 4.394532, -17.944340, -1.281738,Pick and Place
2527886, -0.688477, 0.016235, -0.867676, 2.868652, -5.920409, -1.525878,Pick and Place
2527906, -0.544068, 0.009644, -0.914551, -3.662109, 4.638672, 1.708984,Pick and Place
2527926, -0.577637, 0.032959, -0.881226, -8.361816, -1.342773, 8.117676,Pick and Place
2527946, -0.592774, 0.093384, -0.868164, -5.371092, 6.652830, 5.126952,Pick and Place
2527966, -0.551514, 0.064941, -0.914551, -8.361816, 4.211426, 1.037598,Pick and Place
2527986, -0.568115, 0.053467, -0.946778, -11.352536, 5.920409, 1.708984,Pick and Place
2528006, -0.556396, 0.033936, -0.961670, -15.197750, 3.295898, 2.441407,Pick and Place
2528026, -0.531006, 0.036621, -0.934448, -19.775390, -5.371092, 2.502442,Pick and Place
2528046, -0.546631, 0.046997, -0.914551, -22.338860, -10.986324, 1.342773,Pick and Place
2528066, -0.590454, 0.057373, -0.915405, -24.475090, -4.272462, 0.610352,Pick and Place
2528086, -0.577515, 0.047607, -0.932373, -27.832030, 4.821778, 0.915527,Pick and Place
2528106, -0.513306, 0.058716, -0.909668, -30.944820, 7.263182, -1.525878,Pick and Place
2528126, -0.473145, 0.080078, -0.885376, -31.677240, 3.967285, -4.699708,Pick and Place
2528146, -0.505005, 0.110718, -0.875610, -30.456540, 4.516602, -6.530760,Pick and Place
2528166, -0.510864, 0.124878, -0.875610, -29.785150, 13.061520, -8.605960,Pick and Place
2528186, -0.477539, 0.162842, -0.863159, -28.564450, 23.132320, -12.878416,Pick and Place
2528206, -0.446533, 0.151611, -0.850342, -28.747552, 24.597160, -17.822270,Pick and Place
2528226, -0.419800, 0.149780, -0.845703, -29.174800, 19.104010, -23.010250,Pick and Place
2528246, -0.457764, 0.120239, -0.854248, -29.663080, 15.991210, -27.343748,Pick and Place
2528266, -0.449097, 0.122925, -0.828369, -31.677240, 16.296390, -30.944820,Pick and Place
2528286, -0.470337, 0.132813, -0.791626, -32.104500, 16.906740, -33.691410,Pick and Place
2528306, -0.478760, 0.128418, -0.778320, -32.592780, 21.484370, -36.621100,Pick and Place
2528326, -0.441406, 0.146240, -0.759278, -32.531740, 23.498530, -40.283200,Pick and Place
2528346, -0.445068, 0.187744, -0.750366, -30.151360, 21.728510, -42.785640,Pick and Place
2528366, -0.432495, 0.217896, -0.715942, -27.465816, 18.920900, -45.104970,Pick and Place
2528386, -0.493774, 0.236938, -0.697754, -23.620600, 19.775390, -47.546380,Pick and Place
2528406, -0.501343, 0.289063, -0.693115, -18.493652, 23.681636, -48.522940,Pick and Place
2528426, -0.494263, 0.284546, -0.703858, -14.099120, 15.319820, -47.668440,Pick and Place
2528446, -0.550781, 0.306030, -0.705566, -10.803220, 8.056642, -47.546380,Pick and Place
2528466, -0.591553, 0.318970, -0.718384, -7.263182, 4.699708, -48.217760,Pick and Place
2528486, -0.643433, 0.291016, -0.736206, -5.432128, 5.981444, -47.058100,Pick and Place
2528506, -0.638916, 0.276123, -0.741699, -5.065916, 8.056642, -43.090810,Pick and Place
2528526, -0.637573, 0.285156, -0.742188, -4.760742, 8.422854, -38.940440,Pick and Place
2528546, -0.652466, 0.290894, -0.735718, -2.990722, 10.681150, -36.132820,Pick and Place
2528566, -0.649170, 0.269165, -0.747925, -0.610352, 15.258788, -35.339360,Pick and Place
2528586, -0.620606, 0.246094, -0.763428, 0.000000, 15.869140, -32.348640,Pick and Place
2528606, -0.577393, 0.248169, -0.767456, -0.183105, 5.432128, -26.916500,Pick and Place
2528626, -0.577881, 0.267212, -0.757080, 4.150392, -14.709470, -23.498530,Pick and Place
2528646, -0.584717, 0.240601, -0.746704, 5.737304, -18.493652, -23.681636,Pick and Place
2528666, -0.628052, 0.209351, -0.875366, -1.159668, -23.742670, -17.028810,Pick and Place
2528686, -0.778076, 0.176880, -0.947022, -2.075196, -11.169430, -14.892576,Pick and Place
2528706, -0.614746, 0.168945, -0.906494, -8.422854, -4.821778, -9.338380,Pick and Place
2528726, -0.672486, 0.181397, -0.886475, -6.469726, -10.070800, -7.446288,Pick and Place
2528746, -0.673828, 0.142456, -0.874024, -8.422854, 7.202148, -4.089356,Pick and Place
2528766, -0.545776, 0.193604, -0.839600, -8.728030, 12.084960, -3.417968,Pick and Place
2528786, -0.544922, 0.180176, -0.858887, -4.699708, 15.136716, -0.854492,Pick and Place
2528806, -0.498291, 0.146484, -0.856323, -5.371092, 14.404296, 0.610352,Pick and Place
2528826, -0.461548, 0.148315, -0.832031, -5.493162, 8.789064, -0.549316,Pick and Place
2528846, -0.469605, 0.158936, -0.795776, -2.075196, 0.488281, -3.173828,Pick and Place
2528866, -0.498779, 0.167236, -0.798706, 0.976562, 1.892090, -2.075196,Pick and Place
2528886, -0.514526, 0.166870, -0.831543, 3.417968, -0.671386, -0.366211,Pick and Place
2528906, -0.538086, 0.147705, -0.861938, 2.990722, 2.929687, -0.610352,Pick and Place
2528926, -0.516358, 0.155029, -0.859375, 0.793457, 7.995604, -1.281738,Pick and Place
2528946, -0.484985, 0.168945, -0.858032, 0.244141, 9.643556, -1.586914,Pick and Place
2528966, -0.447632, 0.177124, -0.859619, -1.159668, 2.380371, -1.586914,Pick and Place
2528986, -0.468262, 0.172119, -0.863037, -2.319336, -6.835936, -3.234863,Pick and Place
2529006, -0.522339, 0.170166, -0.848755, -2.319336, -5.920409, -5.981444,Pick and Place
2529026, -0.511841, 0.159302, -0.827026, -2.685546, -1.342773, -7.507323,Pick and Place
2529046, -0.531982, 0.158814, -0.825806, -2.014160, -1.220704, -4.150392,Pick and Place
2529066, -0.529053, 0.170898, -0.835938, -1.281738, -2.929687, -0.488281,Pick and Place
2529086, -0.527954, 0.185425, -0.850586, 0.122070, -5.859374, 0.488281,Pick and Place
2529106, -0.527710, 0.184082, -0.867432, 0.366211, -7.263182, -0.366211,Pick and Place
2529126, -0.509644, 0.197144, -0.860962, -0.976562, -7.324218, -0.976562,Pick and Place
2529146, -0.519898, 0.204834, -0.837402, -0.732422, -10.009768, -1.586914,Pick and Place
2529166, -0.561890, 0.184326, -0.824341, 1.098633, -5.310058, -2.258301,Pick and Place
2529186, -0.611206, 0.151123, -0.812378, 0.976562, 4.272462, -1.098633,Pick and Place
2529206, -0.538696, 0.148315, -0.830322, -0.183105, 10.559080, 2.075196,Pick and Place
2529226, -0.473877, 0.150757, -0.837646, -0.610352, 3.173828, 3.784179,Pick and Place
2529246, -0.495972, 0.178467, -0.843628, 1.586914, -4.760742, 2.807617,Pick and Place
2529266, -0.520996, 0.170654, -0.845459, 1.708984, -5.065916, 0.549316,Pick and Place
2529286, -0.545654, 0.140869, -0.860840, 1.586914, -1.098633, -1.098633,Pick and Place
2529306, -0.531372, 0.113403, -0.860840, -0.122070, 3.601074, -0.671386,Pick and Place
2529326, -0.475952, 0.127197, -0.861328, -1.464844, -4.272462, 1.098633,Pick and Place
2529346, -0.469727, 0.128662, -0.846070, -2.380371, -14.038084, 2.319336,Pick and Place
2529366, -0.518188, 0.148193, -0.846558, -3.479003, -17.578130, 2.502442,Pick and Place
2529386, -0.574219, 0.170532, -0.841187, -3.051757, -9.460450, 0.915527,Pick and Place
2529406, -0.521973, 0.185547, -0.837402, -3.601074, 1.037598, -0.244141,Pick and Place
2529426, -0.512573, 0.177734, -0.851074, -3.234863, 2.807617, 0.061035,Pick and Place
2529446, -0.545166, 0.146729, -0.871094, -4.211426, -2.929687, 0.671386,Pick and Place
2529466, -0.597046, 0.134277, -0.895142, -5.187988, -5.798338, 0.366211,Pick and Place
2529486, -0.615967, 0.125122, -0.886963, -8.178714, -1.770019, 2.441407,Pick and Place
2529506, -0.599854, 0.174316, -0.843994, -12.207030, -6.591796, 11.596676,Pick and Place
2529526, -0.627930, 0.171387, -0.848877, -13.793944, -9.826660, 14.953610,Pick and Place
2529546, -0.638428, 0.181519, -0.830566, -18.005376, -8.117676, 16.479492,Pick and Place
2529566, -0.659058, 0.227173, -0.819824, -21.484370, 3.662109, 18.310550,Pick and Place
2529586, -0.634888, 0.261841, -0.780152, -23.498530, 12.878416, 23.925780,Pick and Place
2529606, -0.597290, 0.308106, -0.763062, -23.681636, 11.352536, 29.968260,Pick and Place
2529626, -0.647461, 0.313721, -0.710938, -21.057124, 11.596676, 32.836920,Pick and Place
2529646, -0.708130, 0.315552, -0.669068, -18.981940, 26.855464, 33.081060,Pick and Place
2529666, -0.614014, 0.302856, -0.687012, -21.057124, 47.607410, 37.536620,Pick and Place
2529686, -0.545532, 0.328980, -0.740112, -20.935052, 54.321280, 45.959460,Pick and Place
2529706, -0.502808, 0.345581, -0.692993, -18.188480, 44.006340, 55.908200,Pick and Place
2529726, -0.523926, 0.379395, -0.690918, -8.544924, 27.099608, 61.157220,Pick and Place
2529746, -0.439697, 0.379028, -0.671021, -2.746581, 21.911620, 63.781730,Pick and Place
2529766, -0.437012, 0.418579, -0.615723, 5.737304, 12.023924, 69.274900,Pick and Place
2529786, -0.493408, 0.398560, -0.692627, 13.366696, 20.202630, 70.800800,Pick and Place
2529806, -0.386353, 0.396118, -0.723389, 19.531250, 22.399900, 73.608400,Pick and Place
2529826, -0.342529, 0.417725, -0.747437, 28.381340, 17.150880, 72.998060,Pick and Place
2529846, -0.284912, 0.418335, -0.739990, 37.048340, 7.202148, 68.725600,Pick and Place
2529866, -0.259888, 0.435181, -0.733276, 47.729480, -7.080076, 62.499990,Pick and Place
2529886, -0.244995, 0.409668, -0.753052, 57.373040, -23.437492, 56.030260,Pick and Place
2529906, -0.212280, 0.364258, -0.792969, 65.917980, -43.762200, 50.231920,Pick and Place
2529926, -0.271240, 0.341675, -0.880737, 74.584960, -47.058100, 41.503900,Pick and Place
2529946, -0.319580, 0.296021, -0.951294, 79.650900, -28.137200, 26.550290,Pick and Place
2529966, -0.285645, 0.304443, -0.883423, 82.946760, -30.212400, 20.385740,Pick and Place
2529986, -0.202271, 0.289307, -0.810425, 85.449200, -45.959460, 10.070800,Pick and Place
2530006, -0.170898, 0.250610, -0.748169, 87.341300, -64.941420, -3.601074,Pick and Place
2530026, -0.320313, 0.096558, -0.770508, 92.102040, -66.955580, -14.282224,Pick and Place
2530046, -0.403687, -0.066284, -0.765869, 83.679180, -58.044420, -11.352536,Pick and Place
2530066, -0.593384, -0.118164, -0.866821, 70.251480, -31.066890, -1.281738,Pick and Place
2530086, -0.676880, -0.141724, -0.982788, 56.030260, 10.559080, 9.277344,Pick and Place
2530106, -0.568482, -0.122803, -1.052856, 42.297360, 46.630850, 13.488768,Pick and Place
2530126, -0.351929, -0.071289, -1.101074, 34.057620, 59.387200, 12.512204,Pick and Place
2530146, -0.304199, -0.055908, -1.139893, 31.738280, 46.874990, 8.911134,Pick and Place
2530166, -0.295532, -0.094604, -1.057007, 26.062010, 18.066410, -0.061035,Pick and Place
2530186, -0.278931, -0.037476, -0.942383, 25.268550, 5.981444, -3.906249,Pick and Place
2530206, -0.259644, -0.036743, -0.892822, 27.465816, 10.131832, -4.089356,Pick and Place
2530226, -0.274780, -0.043335, -0.923340, 24.536130, 19.470220, 0.183105,Pick and Place
2530246, -0.261353, -0.044556, -0.964600, 22.460930, 23.681636, 2.197266,Pick and Place
2530266, -0.187744, -0.047607, -0.968384, 24.169920, 19.042970, -2.746581,Pick and Place
2530286, -0.225342, -0.086914, -0.877442, 25.573724, 12.512204, -7.995604,Pick and Place
2530306, -0.221191, -0.133301, -1.016846, 16.845708, 24.414060, -12.268064,Pick and Place
2530326, -0.085938, -0.183838, -1.172364, 5.737304, 16.052250, -8.972170,Pick and Place
2530346, -0.188965, -0.154297, -1.177124, -1.037598, -26.794430, 0.183105,Pick and Place
2530366, -0.325806, -0.152344, -1.155640, 0.488281, -30.395500, -6.042480,Pick and Place
2530386, -0.380127, -0.245117, -1.166016, -10.681150, -36.071780, -6.347656,Pick and Place
2530406, -0.395020, -0.218872, -1.091309, -18.432620, -26.550290, -5.676268,Pick and Place
2530426, -0.290894, -0.172607, -1.042114, -23.376460, -19.165040, -9.765626,Pick and Place
2530446, -0.306030, -0.165039, -1.009156, -29.174800, -21.545408, -9.887696,Pick and Place
2530466, -0.365479, -0.136963, -1.029786, -33.874520, -20.263670, -11.596676,Pick and Place
2530486, -0.370606, -0.140381, -1.054688, -37.353520, -16.174320, -14.160152,Pick and Place
2530506, -0.349487, -0.161255, -1.024414, -41.381820, -11.901852, -17.395020,Pick and Place
2530526, -0.333008, -0.157959, -0.961426, -46.203600, -5.310058, -21.911620,Pick and Place
2530546, -0.296875, -0.099976, -0.912598, -50.903310, -7.507323, -24.780270,Pick and Place
2530566, -0.324219, -0.045776, -0.879639, -50.170890, -10.742184, -30.517570,Pick and Place
2530586, -0.357910, -0.013428, -0.856201, -47.912590, -10.498044, -36.376960,Pick and Place
2530606, -0.468262, -0.020142, -0.868164, -42.175280, 5.798338, -38.879400,Pick and Place
2530626, -0.416260, -0.001709, -0.834106, -40.832510, 14.953610, -36.804200,Pick and Place
2530646, -0.348267, 0.044434, -0.806152, -37.963880, 14.282224, -39.001470,Pick and Place
2530666, -0.352173, 0.072754, -0.817139, -32.531740, 8.972170, -41.137680,Pick and Place
2530686, -0.412842, 0.054321, -0.829834, -28.076170, 8.605960, -46.325680,Pick and Place
2530706, -0.440552, 0.097534, -0.830322, -27.221676, 14.099120, -48.706040,Pick and Place
2530726, -0.482300, 0.136108, -0.825562, -20.935052, 26.245110, -50.170890,Pick and Place
2530746, -0.406250, 0.157837, -0.790161, -17.761230, 34.484870, -49.133290,Pick and Place
2530766, -0.393188, 0.174072, -0.813721, -11.230468, 31.433100, -45.471180,Pick and Place
2530786, -0.443115, 0.155151, -0.822632, -7.751464, 26.611320, -42.907700,Pick and Place
2530806, -0.463989, 0.212036, -0.828736, -5.615234, 22.155760, -41.564930,Pick and Place
2530826, -0.440674, 0.231934, -0.866699, 0.732422, 21.118160, -38.696300,Pick and Place
2530846, -0.394775, 0.233398, -0.883423, 3.051757, 15.991210, -36.499030,Pick and Place
2530866, -0.436279, 0.226318, -0.862061, 5.432128, 12.268064, -33.691410,Pick and Place
2530886, -0.514282, 0.248047, -0.855957, 7.934570, 18.737796, -29.357908,Pick and Place
2530906, -0.475708, 0.198853, -0.891113, 8.728030, 31.738280, -24.597160,Pick and Place
2530926, -0.446045, 0.159790, -0.937866, 6.896972, 37.109380, -19.348150,Pick and Place
2530946, -0.493286, 0.110962, -0.952515, 6.225584, 45.898430, -19.897460,Pick and Place
2530966, -0.422852, 0.087891, -0.937256, 1.098633, 55.053700, -20.751950,Pick and Place
2530986, -0.300415, 0.095215, -0.945557, 0.244141, 49.072260, -16.357424,Pick and Place
2531006, -0.240112, 0.092285, -0.971558, -0.122070, 31.860350, -12.207030,Pick and Place
2531026, -0.234985, 0.099121, -0.981079, -0.244141, 13.793944, -12.268064,Pick and Place
2531046, -0.287720, 0.103149, -0.937012, 4.211426, -6.591796, -12.878416,Pick and Place
2531066, -0.325317, 0.102173, -0.872559, 6.958006, -7.629394, -12.207030,Pick and Place
2531086, -0.324585, 0.085693, -0.882446, 9.338380, -3.540038, -9.094240,Pick and Place
2531106, -0.342651, 0.017822, -0.967774, 7.141112, -0.732422, -2.502442,Pick and Place
2531126, -0.383667, 0.001953, -1.069458, 2.014160, 8.666994, -0.854492,Pick and Place
2531146, -0.272949, 0.037598, -1.027954, -2.929687, 17.028810, -2.624511,Pick and Place
2531166, -0.191040, 0.093018, -0.993774, -2.441407, 9.948730, -1.953124,Pick and Place
2531186, -0.190186, 0.049072, -1.015381, -2.441407, -0.427246, -1.953124,Pick and Place
2531206, -0.180786, 0.054077, -1.005982, -5.676268, -7.934570, -2.136231,Pick and Place
2531226, -0.212891, 0.072022, -0.970093, -3.662109, -11.169430, -5.249022,Pick and Place
2531246, -0.300781, 0.050659, -0.969849, -4.150392, -5.920409, -6.347656,Pick and Place
2531266, -0.232910, 0.041992, -1.011475, -5.859374, 3.967285, -3.967285,Pick and Place
2531286, -0.221314, 0.030273, -0.999512, -6.164550, -0.854492, -2.563476,Pick and Place
2531306, -0.241333, 0.037720, -0.989868, -6.164550, -3.784179, -4.272462,Pick and Place
2531326, -0.281372, 0.010254, -1.043824, -8.300784, 1.525878, -5.371092,Pick and Place
2531346, -0.226440, 0.006714, -1.071045, -14.892576, 5.310058, -5.676268,Pick and Place
2531366, -0.180664, 0.053589, -1.047852, -19.592290, -0.732422, -5.859374,Pick and Place
2531386, -0.243408, 0.072876, -1.031372, -20.385740, -6.958006, -8.605960,Pick and Place
2531406, -0.255982, 0.070679, -1.034180, -24.719230, -1.647949, -12.817380,Pick and Place
2531426, -0.175537, 0.090942, -1.040039, -29.357908, 2.868652, -13.427732,Pick and Place
2531446, -0.111572, 0.118896, -1.019288, -33.813480, -4.394532, -10.498044,Pick and Place
2531466, -0.153076, 0.176758, -0.982178, -34.545900, -18.676760, -9.094240,Pick and Place
2531486, -0.198486, 0.204224, -0.892334, -33.874520, -34.301760, -12.023924,Pick and Place
2531506, -0.304199, 0.230225, -0.832154, -32.836920, -30.334470, -12.145992,Pick and Place
2531526, -0.358643, 0.199951, -0.846680, -36.254890, -16.113284, -9.094240,Pick and Place
2531546, -0.302124, 0.255249, -0.902710, -39.245610, -7.263182, -0.488281,Pick and Place
2531566, -0.204834, 0.314941, -0.959351, -34.912120, -17.639160, 7.263182,Pick and Place
2531586, -0.222900, 0.316528, -0.943360, -28.747552, -41.625960, 7.019042,Pick and Place
2531606, -0.397217, 0.285034, -0.855347, -23.437492, -50.476060, 1.342773,Pick and Place
2531626, -0.460205, 0.248901, -0.853272, -20.141600, -34.729010, -2.319336,Pick and Place
2531646, -0.354736, 0.248047, -0.896240, -21.484370, -25.207516, 2.258301,Pick and Place
2531666, -0.315552, 0.277954, -0.934204, -18.127448, -32.836920, 9.948730,Pick and Place
2531686, -0.305664, 0.288818, -0.906616, -11.047360, -56.701650, 10.375976,Pick and Place
2531706, -0.416504, 0.283814, -0.846558, 2.441407, -63.293440, -0.366211,Pick and Place
2531726, -0.401611, 0.251953, -0.796631, 7.812498, -57.434080, -2.929687,Pick and Place
2531746, -0.365601, 0.237305, -0.776001, 13.366696, -51.086420, -4.821778,Pick and Place
2531766, -0.372192, 0.210938, -0.789062, 18.249516, -49.865720, -5.920409,Pick and Place
2531786, -0.413574, 0.150391, -0.765625, 21.667476, -59.143060, -7.446288,Pick and Place
2531806, -0.501709, 0.092896, -0.768677, 22.399900, -62.683100, -9.887696,Pick and Place
2531826, -0.486816, 0.076294, -0.769409, 18.920900, -62.133780, -11.352536,Pick and Place
2531846, -0.552124, 0.093994, -0.814942, 17.150880, -54.626460, -11.901852,Pick and Place
2531866, -0.663696, 0.078857, -0.895874, 14.038084, -35.339360, -10.498044,Pick and Place
2531886, -0.680054, 0.055786, -0.899780, 6.530760, -12.878416, -8.666994,Pick and Place
2531906, -0.589600, 0.066772, -0.846314, -2.014160, -2.685546, -0.793457,Pick and Place
2531926, -0.738159, 0.107178, -0.791626, -1.586914, -21.179192, 7.690428,Pick and Place
2531946, -0.762695, 0.192627, -0.841431, 1.098633, 23.559568, 0.732422,Pick and Place
2531966, -0.543457, 0.149902, -0.840332, -9.521484, 33.081060, 9.582520,Pick and Place
2531986, -0.642212, 0.240845, -0.879395, -8.361816, 22.705070, 19.470220,Pick and Place
2532006, -0.599243, 0.252319, -0.859986, -7.446288, 14.770504, 22.033690,Pick and Place
2532026, -0.598755, 0.284790, -0.821900, -6.408690, 5.126952, 23.071284,Pick and Place
2532046, -0.560913, 0.299561, -0.784912, -5.615234, -1.708984, 23.742670,Pick and Place
2532066, -0.553589, 0.322510, -0.782959, -3.295898, -10.070800, 26.245110,Pick and Place
2532086, -0.581665, 0.328491, -0.799316, 0.610352, -18.005376, 30.273430,Pick and Place
2532106, -0.604858, 0.338989, -0.799927, 4.577638, -19.348150, 31.860350,Pick and Place
2532126, -0.603394, 0.353760, -0.751465, 7.202148, -15.563964, 31.494136,Pick and Place
2532146, -0.590210, 0.345947, -0.716064, 9.338380, -10.925290, 31.982420,Pick and Place
2532166, -0.593262, 0.313965, -0.732178, 10.498044, -7.019042, 33.447270,Pick and Place
2532186, -0.581543, 0.298462, -0.751099, 12.695310, -6.347656, 35.217290,Pick and Place
2532206, -0.588501, 0.287598, -0.768799, 14.892576, -7.324218, 36.926280,Pick and Place
2532226, -0.550537, 0.268311, -0.730713, 15.869140, -14.465330, 38.635260,Pick and Place
2532246, -0.554932, 0.280640, -0.704590, 16.357424, -24.902340, 40.405260,Pick and Place
2532266, -0.611328, 0.290649, -0.701660, 17.517090, -25.024410, 42.114250,Pick and Place
2532286, -0.585083, 0.301025, -0.722778, 19.165040, -21.057124, 42.358390,Pick and Place
2532306, -0.551392, 0.298706, -0.734131, 22.033690, -20.263670, 42.663560,Pick and Place
2532326, -0.526978, 0.299072, -0.710449, 24.780270, -21.118160, 42.419420,Pick and Place
2532346, -0.486328, 0.301514, -0.673584, 27.526850, -24.963376, 40.405260,Pick and Place
2532366, -0.499634, 0.297363, -0.663818, 31.494136, -20.202630, 34.240730,Pick and Place
2532386, -0.506836, 0.264038, -0.689331, 34.667980, -10.498044, 28.381340,Pick and Place
2532406, -0.475464, 0.236328, -0.716431, 36.987310, -3.173828, 23.498530,Pick and Place
2532426, -0.422852, 0.215698, -0.718384, 38.940440, -3.967285, 19.104010,Pick and Place
2532446, -0.426148, 0.187256, -0.732300, 41.381820, -8.056642, 15.136716,Pick and Place
2532466, -0.444092, 0.156982, -0.768311, 41.381820, -11.535644, 12.145992,Pick and Place
2532486, -0.481934, 0.125000, -0.804199, 40.588370, -20.080560, 9.460450,Pick and Place
2532506, -0.548950, 0.111694, -0.803711, 39.917000, -28.137200, 6.530760,Pick and Place
2532526, -0.577271, 0.099243, -0.823486, 37.719730, -24.902340, 2.746581,Pick and Place
2532546, -0.587891, 0.096436, -0.855835, 34.057620, -18.981940, 2.990722,Pick and Place
2532566, -0.604370, 0.096191, -0.869629, 31.372068, -16.723632, 6.591796,Pick and Place
2532586, -0.584229, 0.098145, -0.869995, 27.465816, -19.897460, 8.178714,Pick and Place
2532606, -0.556030, 0.125000, -0.851318, 25.634760, -20.385740, 6.958006,Pick and Place
2532626, -0.597778, 0.123779, -0.853272, 24.597160, -15.380856, 4.455568,Pick and Place
2532646, -0.613526, 0.090942, -0.864746, 24.291990, -0.183105, 1.403808,Pick and Place
2532666, -0.564575, 0.086548, -0.867432, 23.315424, 10.253904, 1.281738,Pick and Place
2532686, -0.544678, 0.098022, -0.848999, 22.888180, 17.578130, 0.976562,Pick and Place
2532706, -0.474609, 0.088989, -0.835327, 22.460930, 18.615724, 0.427246,Pick and Place
2532726, -0.463257, 0.071777, -0.846314, 21.179192, 12.573240, -1.831054,Pick and Place
2532746, -0.447998, 0.039673, -0.859741, 16.784670, 3.967285, -2.929687,Pick and Place
2532766, -0.724487, 0.061157, -1.020142, 9.338380, 1.159668, -0.732422,Pick and Place
2532786, -0.660278, 0.021729, -0.986694, 2.929687, 24.719230, 2.868652,Pick and Place
2532806, -0.511230, 0.068481, -0.918579, -1.953124, -0.305176, -0.549316,Pick and Place
2532826, -0.541992, 0.112915, -0.844116, -0.122070, -5.004884, -2.746581,Pick and Place
2532846, -0.555908, 0.139038, -0.804810, 1.159668, -4.394532, -4.089356,Pick and Place
2532866, -0.521484, 0.133789, -0.795288, -0.122070, -3.906249, -1.037598,Pick and Place
2532886, -0.537354, 0.164307, -0.794922, 0.000000, -4.272462, 0.610352,Pick and Place
2532906, -0.556030, 0.158569, -0.806396, 2.380371, -0.122070, -1.037598,Pick and Place
2532926, -0.574585, 0.127319, -0.835816, 3.356933, 3.173828, -3.234863,Pick and Place
2532946, -0.582276, 0.103149, -0.847290, 3.784179, 6.408690, -3.356933,Pick and Place
2532966, -0.585205, 0.082642, -0.837158, 4.211426, 7.141112, -1.892090,Pick and Place
2532986, -0.579468, 0.066528, -0.812256, 5.065916, 7.690428, -0.122070,Pick and Place
2533006, -0.580078, 0.074585, -0.784058, 4.333496, 7.934570, -0.122070,Pick and Place
2533026, -0.522949, 0.088501, -0.805176, 4.150392, 9.765626, -4.760742,Pick and Place
2533046, -0.501587, 0.104980, -0.838867, 3.906249, 10.620116, -5.676268,Pick and Place
2533066, -0.504395, 0.112549, -0.838257, 4.760742, 11.840818, -6.469726,Pick and Place
2533086, -0.538086, 0.118408, -0.849732, 4.516602, 13.122556, -7.873534,Pick and Place
2533106, -0.535156, 0.113647, -0.869629, 5.004884, 17.272950, -8.056642,Pick and Place
2533126, -0.471436, 0.121338, -0.826416, 6.896972, 8.605960, -7.019042,Pick and Place
2533146, -0.612793, 0.099121, -0.852173, 9.521484, 15.930172, -7.873534,Pick and Place
2533166, -0.504028, 0.098755, -0.840210, 7.385252, 23.071284, -4.394532,Pick and Place
2533186, -0.497925, 0.132446, -0.829712, 10.986324, 19.287110, -4.638672,Pick and Place
2533206, -0.444824, 0.090332, -0.847412, 10.742184, 14.160152, -6.530760,Pick and Place
2533226, -0.449097, 0.055176, -0.847168, 5.981444, -5.493162, -7.080076,Pick and Place
2533246, -0.585694, 0.055664, -0.916016, 4.394532, 1.525878, -7.324218,Pick and Place
2533266, -0.551514, 0.055542, -0.904663, -0.244141, 2.929687, -2.136231,Pick and Place
2533286, -0.557617, 0.097290, -0.880615, 1.098633, 2.136231, -0.610352,Pick and Place
2533306, -0.524902, 0.075684, -0.858521, 0.915527, -0.732422, -2.746581,Pick and Place
2533326, -0.476318, 0.085205, -0.832031, -0.549316, -3.601074, -2.990722,Pick and Place
2533346, -0.463745, 0.102661, -0.831787, -0.305176, -7.263182, -2.380371,Pick and Place
2533366, -0.482056, 0.096924, -0.843140, 0.610352, -7.385252, -3.662109,Pick and Place
2533386, -0.513916, 0.070313, -0.836792, -0.854492, -7.202148, -5.187988,Pick and Place
2533406, -0.530518, 0.066772, -0.827271, -1.892090, -5.981444, -5.737304,Pick and Place
2533426, -0.532104, 0.111938, -0.806152, -3.051757, -10.009768, -4.333496,Pick and Place
2533446, -0.586182, 0.129150, -0.807373, -0.061035, -6.591796, -6.469726,Pick and Place
2533466, -0.568115, 0.096680, -0.846314, 0.854492, -15.502928, -4.272462,Pick and Place
2533486, -0.572388, 0.066528, -0.837891, 1.342773, -0.183105, -1.464844,Pick and Place
2533506, -0.549927, 0.043823, -0.825562, 4.211426, 4.882814, -0.427246,Pick and Place
2533526, -0.459839, 0.036377, -0.846192, 2.746581, 3.051757, 0.000000,Pick and Place
2533546, -0.498535, 0.044800, -0.852783, 2.563476, -1.464844, -0.671386,Pick and Place
2533566, -0.495606, 0.046387, -0.869995, 0.976562, 0.244141, -1.647949,Pick and Place
2533586, -0.488525, 0.060547, -0.879761, -0.061035, -1.159668, -1.403808,Pick and Place
2533606, -0.491577, 0.062256, -0.884644, 0.000000, -2.624511, -2.319336,Pick and Place
2533626, -0.492310, 0.058472, -0.877442, 0.305176, -3.295898, -2.685546,Pick and Place
2533646, -0.493896, 0.086548, -0.868286, 0.732422, -3.540038, -2.075196,Pick and Place
2533666, -0.504272, 0.091919, -0.875732, 2.136231, -3.051757, -2.197266,Pick and Place
2533686, -0.525269, 0.081299, -0.885132, 3.173828, -1.831054, -3.173828,Pick and Place
2533706, -0.538452, 0.051514, -0.884644, 3.662109, -1.586914, -3.234863,Pick and Place
2533726, -0.549683, 0.038330, -0.860840, 2.868652, -0.427246, -3.051757,Pick and Place
2533746, -0.527100, 0.047241, -0.830078, 1.953124, 0.549316, -2.441407,Pick and Place
2533766, -0.515015, 0.051514, -0.821289, 2.136231, 2.868652, -2.136231,Pick and Place
2533786, -0.524170, 0.028931, -0.828003, 1.586914, 3.723144, -1.708984,Pick and Place
2533806, -0.531616, 0.046143, -0.829834, 0.488281, 3.662109, -1.464844,Pick and Place
2533826, -0.507812, 0.069092, -0.829346, -0.122070, 2.990722, -1.586914,Pick and Place
2533846, -0.490601, 0.068237, -0.824829, -0.488281, -0.732422, -1.586914,Pick and Place
2533866, -0.513672, 0.067261, -0.838135, -0.488281, -2.502442, -2.014160,Pick and Place
2533886, -0.537598, 0.066895, -0.862793, 0.610352, -2.136231, -0.854492,Pick and Place
2533906, -0.536743, 0.067383, -0.876221, 0.671386, 1.342773, -0.610352,Pick and Place
2533926, -0.492920, 0.074829, -0.870728, 0.488281, 2.197266, -1.403808,Pick and Place
2533946, -0.484497, 0.082642, -0.865967, -0.061035, -1.953124, -2.380371,Pick and Place
2533966, -0.520874, 0.073730, -0.857178, 0.427246, -3.723144, -3.295898,Pick and Place
2533986, -0.553345, 0.056641, -0.841675, 0.671386, -2.380371, -3.051757,Pick and Place
2534006, -0.538574, 0.049683, -0.830933, 0.427246, 0.183105, -1.708984,Pick and Place
2534026, -0.529541, 0.048950, -0.823120, 0.915527, 0.488281, -0.976562,Pick and Place
2534046, -0.502442, 0.041870, -0.832031, 0.000000, -0.305176, -1.342773,Pick and Place
2534066, -0.484741, 0.039429, -0.833618, -0.976562, -5.004884, -1.220704,Pick and Place
2534086, -0.498535, 0.062744, -0.828369, -1.831054, -7.202148, -0.854492,Pick and Place
2534106, -0.514038, 0.074219, -0.842041, -0.061035, -5.310058, -1.281738,Pick and Place
2534126, -0.533814, 0.062744, -0.868530, 0.854492, -2.014160, -1.586914,Pick and Place
2534146, -0.536499, 0.060669, -0.885864, 0.732422, -2.014160, -1.831054,Pick and Place
2534166, -0.546753, 0.070190, -0.889771, 1.342773, -4.089356, -3.234863,Pick and Place
2534186, -0.565064, 0.054199, -0.886230, 2.014160, -1.953124, -4.272462,Pick and Place
2534206, -0.532837, 0.034668, -0.858521, 1.708984, 0.061035, -2.868652,Pick and Place
2534226, -0.488525, 0.043579, -0.821411, 0.793457, -2.746581, -1.586914,Pick and Place
2534246, -0.479126, 0.055298, -0.808716, 1.770019, -3.784179, -1.525878,Pick and Place
2534266, -0.524170, 0.049561, -0.824341, 2.563476, -0.061035, -2.014160,Pick and Place
2534286, -0.525146, 0.037476, -0.861694, 1.586914, 4.882814, -0.854492,Pick and Place
2534306, -0.532959, 0.048950, -0.885864, 1.098633, 3.356933, 0.244141,Pick and Place
2534326, -0.543457, 0.060547, -0.885742, 2.014160, 2.319336, -0.671386,Pick and Place
2534346, -0.543945, 0.044189, -0.891480, 1.403808, 4.211426, -1.831054,Pick and Place
2534366, -0.496704, 0.026123, -0.864136, -0.488281, 1.403808, -1.342773,Pick and Place
2534386, -0.505371, 0.043457, -0.841187, 0.854492, -3.784179, -2.746581,Pick and Place
2534406, -0.512818, 0.022705, -0.825318, 1.953124, -4.211426, -3.662109,Pick and Place
2534426, -0.505860, 0.004150, -0.836426, 1.037598, -3.051757, -4.028321,Pick and Place
2534446, -0.498291, 0.015015, -0.846070, 0.915527, 1.098633, -4.272462,Pick and Place
2534466, -0.457398, 0.017212, -0.835938, 1.464844, -4.699708, -2.563476,Pick and Place
2534486, -0.507935, -0.015991, -0.854370, 5.004884, -6.591796, -5.859374,Pick and Place
2534506, -0.477051, -0.059448, -0.826172, 0.915527, -10.192870, -3.295898,Pick and Place
2534526, -0.547852, -0.042725, -0.842407, -1.281738, -8.239746, -0.549316,Pick and Place
2534546, -0.547119, -0.072144, -0.892822, -3.540038, 4.577638, 0.671386,Pick and Place
2534566, -0.484375, -0.090332, -0.928345, -7.873534, 11.718748, 1.037598,Pick and Place
2534586, -0.427979, -0.090210, -0.938965, -11.779784, 8.117676, 1.098633,Pick and Place
2534606, -0.397827, -0.083130, -0.939453, -13.427732, 0.000000, -0.732422,Pick and Place
2534626, -0.377075, -0.050781, -0.920776, -14.831540, -8.850100, -3.295898,Pick and Place
2534646, -0.379639, -0.026489, -0.933716, -14.099120, -12.329100, -7.202148,Pick and Place
2534666, -0.409790, -0.043091, -0.966064, -14.160152, -8.483890, -12.268064,Pick and Place
2534686, -0.426758, -0.079834, -0.971436, -16.479492, -2.807617, -18.127448,Pick and Place
2534706, -0.412232, -0.051147, -0.931885, -20.507810, -0.366211, -24.536130,Pick and Place
2534726, -0.418335, 0.032593, -0.903442, -20.996090, 1.403808, -30.395500,Pick and Place
2534746, -0.442627, 0.055176, -0.905640, -18.432620, 6.591796, -36.560060,Pick and Place
2534766, -0.523316, 0.004761, -0.924927, -16.113284, 22.399900, -43.823240,Pick and Place
2534786, -0.571655, -0.048340, -0.912232, -17.089850, 45.654280, -49.865720,Pick and Place
2534806, -0.491455, 0.016846, -0.817871, -23.071284, 66.528340, -54.321280,Pick and Place
2534826, -0.546387, 0.073120, -0.814820, -17.333990, 76.171900, -55.297840,Pick and Place
2534846, -0.587646, 0.025879, -0.818360, -13.854978, 95.947260, -58.166500,Pick and Place
2534866, -0.528809, 0.013428, -0.830200, -14.709470, 117.004380, -59.020980,Pick and Place
2534886, -0.479126, 0.064209, -0.811157, -15.869140, 126.831040, -58.654780,Pick and Place
2534906, -0.417725, 0.181152, -0.797241, -11.657712, 120.422340, -55.297840,Pick and Place
2534926, -0.403687, 0.188355, -0.845703, 0.488281, 110.290500, -53.283680,Pick and Place
2534946, -0.387207, 0.129517, -0.885498, 7.019042, 99.121060, -50.170890,Pick and Place
2534966, -0.301636, 0.104736, -0.888550, 8.239746, 81.176740, -46.752920,Pick and Place
2534986, -0.245361, 0.107056, -0.883911, 10.253904, 56.274400, -40.954580,Pick and Place
2535006, -0.231323, 0.125855, -0.866699, 12.817380, 31.738280, -32.897960,Pick and Place
2535026, -0.306274, 0.100952, -0.881592, 19.714360, 18.188480, -21.606440,Pick and Place
2535046, -0.328003, 0.086548, -0.918091, 21.118160, 23.132320, -17.639160,Pick and Place
2535066, -0.260254, 0.033447, -0.920410, 23.742670, 26.794430, -15.747068,Pick and Place
2535086, -0.171997, 0.033081, -0.916626, 21.057124, 19.165040, -14.221190,Pick and Place
2535106, -0.146729, 0.039307, -0.951904, 23.193352, 5.126952, -10.986324,Pick and Place
2535126, -0.002563, -0.156738, -1.052612, 5.310058, -22.644040, -5.798338,Pick and Place
2535147, -0.413696, 0.055786, -1.088013, 4.577638, -34.545900, 0.427246,Pick and Place
2535167, -0.371948, -0.025757, -1.074097, -1.525878, 3.479003, -2.502442,Pick and Place
2535187, -0.192871, 0.046631, -1.060669, -4.577638, 13.366696, -2.319336,Pick and Place
2535207, -0.148438, 0.074585, -1.066650, 0.488281, 7.446288, 0.732422,Pick and Place
2535227, -0.026978, -0.004761, -1.029419, 2.990722, -14.831540, -1.770019,Pick and Place
2535247, -0.099609, 0.036987, -0.974365, 6.958006, -27.038570, -0.488281,Pick and Place
2535267, -0.147827, -0.003052, -1.012452, 9.643556, -33.325200, 3.784179,Pick and Place
2535287, -0.355469, -0.103760, -1.068726, 10.437010, -12.329100, 4.577638,Pick and Place
2535307, -0.211548, -0.074341, -1.070801, -6.652830, -6.286620, 7.751464,Pick and Place
2535327, -0.275391, -0.032471, -1.028931, 3.845214, 7.568358, 11.962890,Pick and Place
2535347, -0.096191, -0.046387, -1.026123, -7.324218, 5.737304, 10.437010,Pick and Place
2535367, -0.146973, -0.005737, -1.090088, -5.554198, -18.188480, 15.258788,Pick and Place
2535387, -0.269165, -0.006226, -1.082642, -7.202148, -35.766600, 18.005376,Pick and Place
2535407, -0.300781, 0.022827, -1.061036, -10.314940, -42.114250, 18.005376,Pick and Place
2535427, -0.346558, 0.013672, -1.032227, -12.390136, -61.584460, 29.235832,Pick and Place
2535447, -0.354492, 0.041870, -1.021973, -20.629880, -55.480940, 38.146980,Pick and Place
2535467, -0.375977, 0.098267, -1.009034, -22.094720, -66.833500, 43.518060,Pick and Place
2535487, -0.393799, 0.120972, -0.975098, -19.531250, -78.491220, 46.813960,Pick and Place
2535507, -0.390381, 0.111938, -0.921997, -18.615724, -89.965800, 49.621580,Pick and Place
2535527, -0.392090, 0.147095, -0.878296, -15.319820, -101.806620, 53.344720,Pick and Place
2535547, -0.424561, 0.178711, -0.850220, -8.666994, -108.337380, 56.091300,Pick and Place
2535567, -0.472290, 0.183838, -0.809937, -0.976562, -105.957000, 56.823720,Pick and Place
2535587, -0.477051, 0.167603, -0.767334, 5.859374, -100.769020, 56.762680,Pick and Place
2535607, -0.474976, 0.172974, -0.720947, 12.817380, -99.548320, 57.922360,Pick and Place
2535627, -0.510620, 0.157471, -0.708740, 17.333990, -96.130360, 54.443350,Pick and Place
2535647, -0.513428, 0.166748, -0.698975, 23.010250, -88.073700, 45.532220,Pick and Place
2535667, -0.540161, 0.147461, -0.668457, 33.386240, -64.941420, 38.574220,Pick and Place
2535687, -0.515381, 0.131958, -0.645752, 35.949720, -48.461900, 31.311030,Pick and Place
2535707, -0.457764, 0.140869, -0.616333, 38.330080, -36.499030, 23.376460,Pick and Place
2535727, -0.485718, 0.131348, -0.667603, 41.564930, -26.367180, 15.136716,Pick and Place
2535747, -0.542480, 0.074097, -0.742920, 44.738760, -13.183590, 7.019042,Pick and Place
2535767, -0.619995, -0.042603, -0.779785, 47.485340, 4.943848, -1.281738,Pick and Place
2535787, -0.586060, -0.166016, -0.795166, 44.921860, 20.874020, -5.249022,Pick and Place
2535807, -0.509522, -0.206299, -0.804321, 38.269050, 27.709956, -4.211426,Pick and Place
2535827, -0.441284, -0.177734, -0.806763, 32.226570, 20.751950, -2.746581,Pick and Place
2535847, -0.413086, -0.135986, -0.756958, 31.799310, 5.004884, -8.056642,Pick and Place
2535867, -0.672119, -0.147827, -0.701538, 36.926280, 18.127448, -21.484370,Pick and Place
2535887, -0.653687, -0.363159, -0.854126, 31.616208, 82.763660, -16.601568,Pick and Place
2535907, -0.391846, -0.359985, -0.897705, 16.357424, 67.932140, 2.014160,Pick and Place
2535927, -0.331909, -0.224609, -0.944702, 12.756344, 28.564450, 10.253904,Pick and Place
2535947, -0.478394, -0.143066, -0.956055, 9.521484, 7.141112, 8.361816,Pick and Place
2535967, -0.463867, -0.081665, -1.011108, 9.399414, 19.958500, -8.911134,Pick and Place
2535987, -0.386841, -0.114136, -1.020020, 7.202148, 15.686032, -11.840818,Pick and Place
2536007, -0.465088, -0.168701, -1.081788, 4.577638, 14.465330, -2.563476,Pick and Place
2536027, -0.469116, -0.179077, -1.112061, -11.047360, -5.859374, 0.183105,Pick and Place
2536047, -0.532837, -0.036499, -1.041504, -5.981444, -1.647949, -1.220704,Pick and Place
2536067, -0.544434, -0.111328, -0.954224, -2.441407, 7.141112, -5.187988,Pick and Place
2536087, -0.574707, -0.115356, -0.921265, -5.004884, 28.747552, -3.356933,Pick and Place
2536107, -0.420532, -0.161377, -0.946411, -5.432128, 34.484870, 7.812498,Pick and Place
2536127, -0.422119, -0.161011, -0.951416, -8.361816, 27.160640, 11.474608,Pick and Place
2536147, -0.484863, -0.152588, -0.945190, -10.681150, 25.329584, 10.375976,Pick and Place
2536167, -0.545166, -0.135620, -0.949219, -14.770504, 39.855960, 8.422854,Pick and Place
2536187, -0.480469, -0.135376, -0.994995, -19.592290, 59.509270, 11.474608,Pick and Place
2536207, -0.327759, -0.118286, -1.012696, -26.245110, 58.105460, 14.343260,Pick and Place
2536227, -0.308594, -0.057373, -1.023682, -28.442380, 49.438460, 15.075680,Pick and Place
2536247, -0.280151, 0.001831, -1.032227, -29.663080, 44.311520, 12.084960,Pick and Place
2536267, -0.210571, 0.034546, -1.016724, -29.968260, 32.836920, 9.216310,Pick and Place
2536287, -0.266235, 0.029297, -1.026856, -31.555170, 26.123040, 5.859374,Pick and Place
2536307, -0.218628, 0.074341, -1.026612, -37.414560, 18.066410, 4.089356,Pick and Place
2536327, -0.285400, 0.173828, -1.009156, -38.208020, 4.028321, 3.112792,Pick and Place
2536347, -0.326416, 0.159180, -1.002198, -40.222160, -3.295898, 1.342773,Pick and Place
2536367, -0.303101, 0.215332, -0.935791, -42.968740, -13.732908, -0.061035,Pick and Place
2536387, -0.353638, 0.228027, -0.895264, -39.794920, -20.141600, -1.403808,Pick and Place
2536407, -0.437012, 0.185059, -0.844849, -41.687000, -14.953610, -1.342773,Pick and Place
2536427, -0.433716, 0.229126, -0.817017, -43.212880, -6.225584, 1.586914,Pick and Place
2536447, -0.309814, 0.262695, -0.822632, -41.015620, -8.422854, 8.422854,Pick and Place
2536467, -0.308716, 0.277466, -0.763428, -33.752440, -27.893060, 14.831540,Pick and Place
2536487, -0.533325, 0.293213, -0.715210, -22.521970, -39.306640, 10.131832,Pick and Place
2536507, -0.456055, 0.266724, -0.760376, -12.329100, -29.846190, 5.065916,Pick and Place
2536527, -0.439697, 0.273438, -0.811890, -6.530760, -17.150880, 3.051757,Pick and Place
2536547, -0.418091, 0.229004, -0.895630, -3.479003, 20.385740, 6.591796,Pick and Place
2536567, -0.463745, 0.244263, -0.842407, 4.028321, 14.526364, 7.019042,Pick and Place
2536587, -0.301270, 0.233398, -0.834595, 13.793944, -10.681150, 4.638672,Pick and Place
2536607, -0.175171, 0.218384, -0.851074, 22.888180, -58.044420, -2.746581,Pick and Place
2536627, -0.303223, 0.135986, -0.825806, 29.479976, -94.055160, -10.925290,Pick and Place
2536647, -0.386353, 0.107178, -0.718018, 27.832030, -106.750480, -15.075680,Pick and Place
2536667, -0.545288, 0.100220, -0.677490, 30.029290, -105.041500, -22.155760,Pick and Place
2536687, -0.599243, 0.055542, -0.715698, 28.381340, -82.214340, -23.376460,Pick and Place
2536707, -0.530762, -0.008301, -0.764282, 24.169920, -64.636240, -21.972650,Pick and Place
2536727, -0.578858, -0.025757, -0.858032, 17.761230, -52.795400, -16.479492,Pick and Place
2536747, -0.627197, -0.035034, -0.910278, 8.422854, -40.222160, -12.145992,Pick and Place
2536767, -0.573120, -0.079956, -0.846436, 0.793457, -49.621580, -5.554198,Pick and Place
2536787, -0.724365, -0.100220, -0.851929, -9.399414, -59.020980, 5.187988,Pick and Place
2536807, -0.978272, -0.010864, -0.966919, -8.544924, 0.976562, 3.051757,Pick and Place
2536827, -0.553223, -0.044922, -0.928833, -21.057124, 28.381340, 9.582520,Pick and Place
2536847, -0.583862, 0.060791, -0.969849, -21.057124, 18.676760, 16.296390,Pick and Place
2536867, -0.640137, 0.032837, -0.977417, -22.888180, 23.437492, 11.779784,Pick and Place
2536887, -0.608154, 0.057983, -0.983032, -26.977532, 28.747552, 8.850100,Pick and Place
2536907, -0.580444, 0.037598, -1.020874, -31.555170, 37.780760, 7.080076,Pick and Place
2536927, -0.516236, 0.031982, -1.034058, -36.132820, 46.752920, 7.141112,Pick and Place
2536947, -0.418457, 0.022339, -0.999146, -39.550780, 43.640120, 5.554198,Pick and Place
2536967, -0.362549, 0.041870, -0.928955, -42.114250, 33.447270, 0.549316,Pick and Place
2536987, -0.372803, 0.105957, -0.870117, -41.381820, 21.301268, -10.009768,Pick and Place
2537007, -0.380005, 0.126953, -0.863281, -39.672860, 25.451652, -15.136716,Pick and Place
2537027, -0.333740, 0.131714, -0.830566, -38.574220, 26.550290, -19.592290,Pick and Place
2537047, -0.301270, 0.166260, -0.786255, -37.780760, 20.935052, -24.719230,Pick and Place
2537067, -0.372314, 0.192139, -0.773316, -35.217290, 19.470220, -30.273430,Pick and Place
2537087, -0.385010, 0.216064, -0.759522, -34.301760, 23.315424, -36.376960,Pick and Place
2537107, -0.385742, 0.233643, -0.755005, -31.311030, 24.780270, -42.846670,Pick and Place
2537127, -0.382568, 0.244019, -0.744141, -29.663080, 22.888180, -48.767080,Pick and Place
2537147, -0.362549, 0.261841, -0.710571, -26.977532, 11.596676, -52.429190,Pick and Place
2537167, -0.443970, 0.262207, -0.700684, -21.728510, 2.258301, -58.349600,Pick and Place
2537187, -0.505249, 0.240723, -0.712280, -18.493652, 2.319336, -61.889640,Pick and Place
2537207, -0.575318, 0.238892, -0.690308, -14.465330, 11.657712, -62.438960,Pick and Place
2537227, -0.562256, 0.250000, -0.683594, -10.986324, 12.451170, -62.377920,Pick and Place
2537247, -0.513672, 0.242432, -0.650757, -7.019042, 3.356933, -61.523430,Pick and Place
2537267, -0.605469, 0.235962, -0.691895, -2.563476, -3.051757, -59.143060,Pick and Place
2537287, -0.748047, 0.215820, -0.737915, 0.732422, 4.638672, -55.236800,Pick and Place
2537307, -0.695679, 0.184204, -0.729492, 2.136231, 12.573240, -50.109860,Pick and Place
2537327, -0.614136, 0.218506, -0.718994, 3.234863, 9.887696, -44.799800,Pick and Place
2537347, -0.611816, 0.257568, -0.719238, 6.225584, 10.314940, -39.123540,Pick and Place
2537367, -0.616455, 0.232422, -0.743652, 7.934570, 11.047360, -34.240730,Pick and Place
2537387, -0.603272, 0.199219, -0.781372, 7.263182, 6.347656, -31.372068,Pick and Place
2537407, -0.610474, 0.207275, -0.802002, 7.873534, 3.967285, -30.273430,Pick and Place
2537427, -0.665528, 0.211304, -0.965088, -5.859374, -23.681636, -13.366696,Pick and Place
2537447, -0.864746, 0.192383, -0.962524, -5.676268, -8.239746, -10.498044,Pick and Place
2537467, -0.630371, 0.223267, -0.935059, -11.596676, -2.380371, -6.164550,Pick and Place
2537487, -0.654175, 0.230713, -0.941772, -7.202148, -17.333990, -3.967285,Pick and Place
2537507, -0.658203, 0.214600, -0.879272, -7.629394, -15.502928, -0.122070,Pick and Place
2537527, -0.621216, 0.238770, -0.826172, -5.371092, -6.530760, -1.281738,Pick and Place
2537547, -0.675781, 0.207153, -0.814453, -3.845214, 13.671872, 1.220704,Pick and Place
2537567, -0.704834, 0.183228, -0.830688, -4.455568, 48.522940, 4.577638,Pick and Place
2537587, -0.496460, 0.168091, -0.829956, -6.286620, 79.101560, 9.033204,Pick and Place
2537607, -0.364868, 0.168213, -0.888062, -8.483890, 72.631840, 13.549804,Pick and Place
2537627, -0.340454, 0.174194, -0.923706, -9.033204, 52.795400, 15.136716,Pick and Place
2537647, -0.289063, 0.218628, -0.888184, -3.173828, 13.061520, 2.868652,Pick and Place
2537667, -0.343506, 0.216919, -0.818482, 2.685546, -3.173828, -11.962890,Pick and Place
2537687, -0.327271, 0.204102, -0.763794, 6.103514, -1.770019, -21.606440,Pick and Place
2537707, -0.343140, 0.171875, -0.773071, 10.131832, 8.056642, -23.254390,Pick and Place
2537727, -0.369751, 0.125244, -0.810425, 13.366696, 13.671872, -21.606440,Pick and Place
2537747, -0.287232, 0.069824, -0.860962, 9.826660, -4.516602, -14.953610,Pick and Place
2537767, -0.559937, 0.074951, -1.031982, 3.723144, -22.155760, -12.023924,Pick and Place
2537787, -0.510132, 0.046631, -1.016602, -5.493162, -14.465330, -13.122556,Pick and Place
2537807, -0.474487, 0.106689, -0.968140, -7.812498, -23.437492, -13.549804,Pick and Place
2537827, -0.451904, 0.114746, -0.893066, -7.263182, -32.897960, -11.413570,Pick and Place
2537847, -0.470093, 0.161133, -0.826660, -4.028321, -35.156260, -10.009768,Pick and Place
2537867, -0.509033, 0.119873, -0.822144, -1.708984, -18.432620, -8.605960,Pick and Place
2537887, -0.520996, 0.146118, -0.838379, -1.647949, -4.150392, -6.347656,Pick and Place
2537907, -0.485840, 0.141968, -0.871948, -0.671386, 0.061035, -4.272462,Pick and Place
2537927, -0.532837, 0.115112, -0.906860, -0.610352, 0.122070, -3.234863,Pick and Place
2537947, -0.520874, 0.117798, -0.894898, -2.502442, 0.610352, -4.089356,Pick and Place
2537967, -0.503296, 0.131592, -0.861694, -4.211426, -6.347656, -5.798338,Pick and Place
2537987, -0.488648, 0.126465, -0.858154, -3.906249, -9.704590, -2.014160,Pick and Place
2538007, -0.526123, 0.122559, -0.866089, -4.638672, -15.991210, 1.220704,Pick and Place
2538027, -0.577515, 0.129883, -0.855347, -4.394532, -14.343260, 2.624511,Pick and Place
2538047, -0.528931, 0.156982, -0.821778, -4.821778, -10.925290, 2.014160,Pick and Place
2538067, -0.494751, 0.165039, -0.836426, -3.295898, -12.878416, 2.441407,Pick and Place
2538087, -0.568237, 0.147217, -0.890991, -6.225584, -8.056642, 2.685546,Pick and Place
2538107, -0.567139, 0.162964, -0.877075, -8.056642, -8.300784, 2.319336,Pick and Place
2538127, -0.603272, 0.166626, -0.858643, -7.324218, -5.859374, 0.854492,Pick and Place
2538147, -0.628418, 0.153931, -0.877075, -5.981444, 0.366211, 3.662109,Pick and Place
2538167, -0.648560, 0.145142, -0.878418, -5.920409, 7.324218, 8.789064,Pick and Place
2538187, -0.633789, 0.131714, -0.806885, -6.530760, 8.239746, 15.869140,Pick and Place
2538207, -0.628418, 0.156128, -0.746582, -10.070800, 8.300784, 21.057124,Pick and Place
2538227, -0.815918, 0.172607, -0.728882, -9.582520, 39.428720, 22.827140,Pick and Place
2538247, -0.711548, 0.161377, -0.790528, -17.395020, 82.275360, 29.052730,Pick and Place
2538267, -0.581543, 0.221558, -0.821167, -23.437492, 97.167960, 39.672860,Pick and Place
2538287, -0.529663, 0.233276, -0.765015, -25.085448, 90.148900, 48.767080,Pick and Place
2538307, -0.578736, 0.228760, -0.676636, -22.338860, 84.472640, 58.288560,Pick and Place
2538327, -0.549805, 0.210571, -0.804444, -20.202630, 91.552720, 66.772460,Pick and Place
2538347, -0.386963, 0.250244, -0.831299, -20.812980, 77.026380, 85.632300,Pick and Place
2538367, -0.334595, 0.322510, -0.788940, -9.948730, 43.457020, 100.280740,Pick and Place
2538387, -0.271362, 0.343140, -0.757324, 1.647949, 17.211920, 102.111800,Pick and Place
2538407, -0.248657, 0.384399, -0.713257, 14.160152, -6.347656, 97.045880,Pick and Place
2538427, -0.251953, 0.365845, -0.699097, 30.761716, -27.038570, 92.285140,Pick and Place
2538447, -0.152100, 0.330688, -0.780029, 43.457020, -45.959460, 90.820300,Pick and Place
2538467, -0.049683, 0.363525, -0.829956, 53.649900, -59.814440, 83.679180,Pick and Place
2538487, -0.020630, 0.410400, -0.820190, 62.438960, -71.594240, 72.204600,Pick and Place
2538507, -0.064209, 0.406616, -0.813843, 71.289060, -79.223640, 57.678220,Pick and Place
2538527, -0.053101, 0.327393, -0.837646, 76.843260, -101.806620, 29.174800,Pick and Place
2538547, 0.021484, 0.283203, -0.848877, 77.270520, -131.103520, 11.108396,Pick and Place
2538567, -0.096680, 0.226318, -0.820435, 79.162600, -148.864760, -2.929687,Pick and Place
2538587, -0.340698, 0.142944, -0.816162, 80.444320, -135.498100, -10.925290,Pick and Place
2538607, -0.619629, 0.059326, -0.879883, 77.026380, -99.060040, -10.742184,Pick and Place
2538627, -0.798218, -0.072510, -0.934326, 75.195320, -49.438460, -9.765626,Pick and Place
2538647, -0.726318, -0.144653, -0.982422, 63.171380, 1.892090, -7.263182,Pick and Place
2538667, -0.523682, -0.111816, -0.987671, 50.903310, 28.686520, -6.042480,Pick and Place
2538687, -0.318359, -0.067505, -0.927856, 46.569820, 12.817380, -0.671386,Pick and Place
2538707, -0.320435, -0.055664, -0.922119, 45.043940, -19.653320, -1.403808,Pick and Place
2538727, -0.399170, -0.052979, -0.976318, 44.128410, -37.475590, -6.286620,Pick and Place
2538747, -0.695801, -0.204468, -1.007202, 39.306640, -1.281738, -18.554690,Pick and Place
2538767, -0.505493, -0.231934, -0.958862, 24.169920, 25.817870, -13.854978,Pick and Place
2538787, -0.430420, -0.187866, -0.891236, 20.385740, 24.414060, -5.249022,Pick and Place
2538807, -0.378052, -0.171265, -0.877442, 16.601568, 8.056642, -1.464844,Pick and Place
2538827, -0.393677, -0.129761, -0.923706, 15.014646, -7.812498, -3.051757,Pick and Place
2538847, -0.460693, -0.124146, -0.929688, 16.479492, -10.559080, -7.934570,Pick and Place
2538867, -0.509278, -0.186768, -0.924927, 12.695310, -1.464844, -7.263182,Pick and Place
2538887, -0.381470, -0.189941, -0.915161, -1.037598, -7.812498, 0.122070,Pick and Place
2538907, -0.493164, -0.086304, -0.914673, 4.211426, -15.991210, 1.403808,Pick and Place
2538927, -0.508667, -0.146484, -0.944092, 7.385252, -10.986324, -0.427246,Pick and Place
2538947, -0.524902, -0.175659, -0.984375, 3.662109, -6.896972, -3.417968,Pick and Place
2538967, -0.469116, -0.143311, -1.009766, -4.150392, -4.638672, 4.516602,Pick and Place
2538987, -0.399536, -0.139893, -0.959351, -3.845214, -7.812498, -1.525878,Pick and Place
2539007, -0.354980, -0.151855, -0.919556, -3.234863, -27.404780, -1.159668,Pick and Place
2539027, -0.501343, -0.204956, -0.921997, -5.798338, -39.062500, -2.868652,Pick and Place
2539047, -0.545288, -0.191162, -0.918579, -12.390136, -29.846190, -8.239746,Pick and Place
2539067, -0.527954, -0.196899, -0.962769, -15.991210, -12.512204, -11.169430,Pick and Place
2539087, -0.511230, -0.275513, -0.981690, -25.634760, -10.498044, -9.155274,Pick and Place
2539107, -0.537598, -0.275024, -0.985108, -34.362800, -9.277344, -8.117676,Pick and Place
2539127, -0.473511, -0.276489, -0.962891, -43.579090, -12.573240, -7.873534,Pick and Place
2539147, -0.464478, -0.317871, -0.962402, -51.940910, -18.432620, -7.934570,Pick and Place
2539167, -0.447266, -0.272949, -0.950928, -58.837880, -20.202630, -7.873534,Pick and Place
2539187, -0.388062, -0.220215, -0.870972, -61.767570, -22.644040, -12.268064,Pick and Place
2539207, -0.458862, -0.154785, -0.828980, -58.410640, -17.822270, -17.089850,Pick and Place
2539227, -0.444336, -0.112061, -0.786377, -56.091300, -2.197266, -21.057124,Pick and Place
2539247, -0.430298, -0.026978, -0.785645, -52.368160, 5.798338, -27.099608,Pick and Place
2539267, -0.509522, 0.004639, -0.804077, -44.860830, 17.761230, -36.193860,Pick and Place
2539287, -0.523438, -0.007813, -0.781860, -40.588370, 33.874520, -45.654280,Pick and Place
2539307, -0.491089, 0.042969, -0.726318, -36.438000, 39.978040, -53.710930,Pick and Place
2539327, -0.463501, 0.106934, -0.682739, -30.334470, 34.362800, -57.922360,Pick and Place
2539347, -0.507690, 0.130249, -0.698120, -21.484370, 21.972650, -60.729970,Pick and Place
2539367, -0.654419, 0.093140, -0.716797, -16.906740, 23.376460, -63.720700,Pick and Place
2539387, -0.708252, 0.143677, -0.682007, -17.761230, 32.653820, -63.903800,Pick and Place
2539407, -0.649780, 0.266480, -0.686157, -12.084960, 31.616208, -56.640620,Pick and Place
2539427, -0.685059, 0.263550, -0.759888, -9.582520, 23.742670, -51.086420,Pick and Place
2539447, -0.701416, 0.234375, -0.789429, -8.605960, 17.211920, -48.706040,Pick and Place
2539467, -0.756958, 0.201416, -0.740723, -7.324218, 19.470220, -45.532220,Pick and Place
2539487, -0.794922, 0.155518, -0.716309, -6.164550, 35.095220, -39.611820,Pick and Place
2539507, -0.740234, 0.107178, -0.763428, -7.263182, 53.344720, -28.869624,Pick and Place
2539527, -0.649170, 0.062378, -0.847534, -6.958006, 59.082020, -18.066410,Pick and Place
2539547, -0.530029, 0.070068, -0.878052, -7.995604, 46.752920, -11.718748,Pick and Place
2539567, -0.440308, 0.130127, -0.874756, -2.624511, 23.742670, -11.230468,Pick and Place
2539587, -0.363403, 0.128052, -0.807617, 4.577638, -3.356933, -11.108396,Pick and Place
2539607, -0.460938, 0.104126, -0.754761, 13.488768, -12.756344, -11.291500,Pick and Place
2539627, -0.594116, 0.045166, -0.814697, 15.930172, 12.878416, -5.371092,Pick and Place
2539647, -0.616821, 0.012329, -0.854736, 16.540530, 44.555660, -2.685546,Pick and Place
2539667, -0.562744, -0.038818, -0.861694, 13.854978, 77.636740, -0.671386,Pick and Place
2539687, -0.361084, -0.060913, -0.990234, 2.624511, 80.322260, 9.277344,Pick and Place
2539707, -0.310547, -0.027710, -1.086914, -2.624511, 69.824240, 9.643556,Pick and Place
2539727, -0.267822, 0.039551, -1.075196, -3.845214, 60.241690, 5.004884,Pick and Place
2539747, -0.250122, -0.004395, -1.081421, -1.159668, 46.813960, -1.403808,Pick and Place
2539767, -0.201416, -0.042847, -1.053955, -4.821778, 31.677240, -2.868652,Pick and Place
2539787, -0.178223, -0.004883, -1.013550, -6.225584, 13.549804, -1.342773,Pick and Place
2539807, -0.279053, -0.019165, -1.014404, -4.272462, 10.620116, -1.647949,Pick and Place
2539827, -0.307739, -0.036499, -1.049561, -6.713866, 25.024410, -0.793457,Pick and Place
2539847, -0.163818, -0.027710, -1.032715, -13.366696, 25.207516, -0.427246,Pick and Place
2539867, -0.081787, -0.006226, -1.062622, -20.568840, 16.723632, -0.549316,Pick and Place
2539887, -0.090576, 0.018555, -1.108520, -25.817870, -2.624511, -0.793457,Pick and Place
2539907, -0.110962, 0.029663, -1.124146, -31.066890, -23.620600, -5.310058,Pick and Place
2539927, -0.135010, 0.069458, -1.066650, -32.592780, -37.353520, -9.948730,Pick and Place
2539947, -0.136719, 0.076294, -0.969482, -34.301760, -47.180160, -13.977050,Pick and Place
2539967, -0.237061, 0.093262, -0.946655, -36.438000, -47.241200, -14.404296,Pick and Place
2539987, -0.274170, 0.095337, -0.963257, -39.123540, -43.945300, -10.620116,Pick and Place
2540007, -0.267944, 0.113037, -0.951050, -41.687000, -42.724600, -8.422854,Pick and Place
2540027, -0.269287, 0.161377, -0.885254, -40.405260, -50.415030, -8.422854,Pick and Place
2540047, -0.336304, 0.171631, -0.886841, -35.644540, -51.086420, -7.446288,Pick and Place
2540067, -0.424072, 0.185303, -0.886841, -33.386240, -40.588370, -3.723144,Pick and Place
2540087, -0.358276, 0.197144, -0.865967, -28.564450, -44.250480, 0.488281,Pick and Place
2540107, -0.313232, 0.200195, -0.860474, -25.085448, -57.067860, 0.183105,Pick and Place
2540127, -0.364136, 0.248291, -0.852661, -19.775390, -67.077640, -1.770019,Pick and Place
2540147, -0.348145, 0.267944, -0.830688, -11.840818, -80.566400, -2.075196,Pick and Place
2540167, -0.483887, 0.179565, -0.850098, -4.089356, -91.979960, -3.295898,Pick and Place
2540187, -0.585449, 0.166626, -0.792969, -1.342773, -92.407200, -1.708984,Pick and Place
2540207, -0.613892, 0.192749, -0.728272, 4.333496, -87.036100, -0.122070,Pick and Place
2540227, -0.607178, 0.208496, -0.714478, 8.850100, -74.523940, 2.441407,Pick and Place
2540247, -0.603150, 0.211792, -0.710938, 13.610836, -59.387200, 2.441407,Pick and Place
2540267, -0.628540, 0.213623, -0.669556, 17.089850, -44.860830, -2.319336,Pick and Place
2540287, -0.500366, 0.117920, -0.653564, 19.226080, -53.039540, -8.911134,Pick and Place
2540307, -0.534180, 0.094604, -0.690552, 15.869140, -65.246600, -14.526364,Pick and Place
2540327, -0.630371, 0.072510, -0.698364, 14.709470, -68.786640, -17.517090,Pick and Place
2540347, -0.734986, -0.009033, -0.706421, 13.854978, -62.622060, -19.958500,Pick and Place
2540367, -0.775391, -0.026489, -0.732788, 10.253904, -50.476060, -16.662600,Pick and Place
2540387, -0.746338, -0.002563, -0.695068, 9.582520, -37.292480, -10.009768,Pick and Place
2540407, -0.725464, 0.037476, -0.667969, 8.361816, -31.127924, -2.197266,Pick and Place
2540427, -0.837646, 0.067749, -0.696045, 7.873534, -13.427732, -1.159668,Pick and Place
2540447, -0.784058, 0.084106, -0.690918, 4.577638, 9.094240, -1.770019,Pick and Place
2540467, -0.729492, 0.069580, -0.721436, 4.394532, 9.643556, -2.502442,Pick and Place
2540487, -0.651612, 0.072144, -0.712769, -3.112792, -3.723144, -1.342773,Pick and Place
2540507, -1.023438, 0.069092, -0.801392, -4.272462, -3.967285, 9.765626,Pick and Place
2540527, -0.998779, 0.138916, -0.656616, -4.821778, 28.625480, 10.681150,Pick and Place
2540547, -0.669312, 0.155151, -0.697876, -10.009768, 5.249022, 13.427732,Pick and Place
2540567, -0.851440, 0.212158, -0.695190, -7.568358, -8.300784, 23.742670,Pick and Place
2540587, -0.878418, 0.223999, -0.656982, -5.554198, -10.498044, 32.775880,Pick and Place
2540607, -0.885742, 0.265015, -0.614746, -2.258301, -5.920409, 38.940440,Pick and Place
2540627, -0.818482, 0.304321, -0.571533, 1.831054, -5.859374, 47.424300,Pick and Place
2540647, -0.822266, 0.331421, -0.557129, 7.568358, -10.437010, 51.513660,Pick and Place
2540667, -0.806885, 0.328613, -0.539062, 15.563964, -12.023924, 50.292960,Pick and Place
2540687, -0.756470, 0.304932, -0.519654, 22.521970, -16.113284, 47.729480,Pick and Place
2540707, -0.724732, 0.278931, -0.509400, 29.357908, -20.385740, 46.081540,Pick and Place
2540727, -0.725708, 0.239258, -0.544068, 37.902840, -18.249516, 46.081540,Pick and Place
2540747, -0.700073, 0.215088, -0.550049, 41.259760, -15.563964, 45.959460,Pick and Place
2540767, -0.669922, 0.209839, -0.550781, 43.090810, -15.136716, 44.799800,Pick and Place
2540787, -0.630860, 0.204346, -0.581543, 43.212880, -19.165040, 42.419420,Pick and Place
2540807, -0.627930, 0.199951, -0.606934, 44.555660, -27.404780, 39.062500,Pick and Place
2540827, -0.677856, 0.174316, -0.632568, 45.349110, -28.625480, 33.752440,Pick and Place
2540847, -0.698853, 0.160156, -0.639404, 45.166000, -22.399900, 28.625480,Pick and Place
2540867, -0.678955, 0.155640, -0.639038, 45.532220, -13.305660, 24.536130,Pick and Place
2540887, -0.661865, 0.127808, -0.659790, 46.264640, -0.671386, 21.484370,Pick and Place
2540907, -0.615112, 0.100708, -0.677979, 45.288080, 8.483890, 18.188480,Pick and Place
2540927, -0.603150, 0.102905, -0.704834, 43.579090, 14.770504, 13.549804,Pick and Place
2540947, -0.543823, 0.092285, -0.748413, 42.053220, 20.629880, 4.028321,Pick and Place
2540967, -0.561402, 0.034668, -0.774414, 40.344230, 17.944340, -1.281738,Pick and Place
2540987, -0.560913, -0.017944, -0.796509, 34.606940, 6.225584, -6.103514,Pick and Place
2541007, -0.574463, -0.019287, -0.809326, 30.029290, -5.065916, -10.253904,Pick and Place
2541027, -0.613037, -0.019531, -0.814942, 25.756830, -11.535644, -11.413570,Pick and Place
2541047, -0.637573, -0.039429, -0.815918, 22.033690, -14.953610, -13.000484,Pick and Place
2541067, -0.665161, -0.049683, -0.808350, 17.822270, -15.319820, -13.305660,Pick and Place
2541087, -0.686524, -0.032715, -0.773316, 13.122556, -13.061520, -14.099120,Pick and Place
2541107, -0.700318, -0.014282, -0.746582, 12.451170, -7.995604, -13.549804,Pick and Place
2541127, -0.692749, -0.024414, -0.758301, 12.451170, -2.563476, -13.122556,Pick and Place
2541147, -0.690186, -0.021606, -0.762818, 13.549804, 1.708984, -12.512204,Pick and Place
2541167, -0.649048, -0.007080, -0.696533, 10.864256, 7.690428, -11.962890,Pick and Place
2541187, -0.885010, 0.006470, -0.869751, 2.197266, 1.647949, -2.380371,Pick and Place
2541207, -1.013062, 0.034668, -0.892944, -1.037598, 45.715320, 2.685546,Pick and Place
2541227, -0.628540, 0.054443, -0.829224, -2.990722, 36.254890, 4.394532,Pick and Place
2541247, -0.716187, 0.089355, -0.772705, 1.159668, 15.014646, 1.220704,Pick and Place
2541267, -0.707520, 0.109497, -0.732422, 3.356933, 11.169430, -2.624511,Pick and Place
2541287, -0.685913, 0.085938, -0.727783, 4.699708, 13.366696, -2.502442,Pick and Place
2541307, -0.640991, 0.052612, -0.743164, 3.479003, 17.089850, -2.380371,Pick and Place
2541327, -0.596802, 0.045776, -0.723877, 2.990722, 15.319820, -1.098633,Pick and Place
2541347, -0.600952, 0.047852, -0.689453, 3.112792, 8.850100, -1.281738,Pick and Place
2541367, -0.633423, 0.054565, -0.691406, 4.089356, 4.272462, -3.417968,Pick and Place
2541387, -0.670166, 0.036621, -0.768188, 4.760742, 8.300784, -1.220704,Pick and Place
2541407, -0.640625, 0.036621, -0.755860, 3.417968, 5.615234, 0.976562,Pick and Place
2541427, -0.665161, 0.077759, -0.741211, 2.807617, 3.173828, 1.098633,Pick and Place
2541447, -0.634033, 0.076782, -0.749390, 3.173828, 1.220704, -0.305176,Pick and Place
2541467, -0.670654, 0.071167, -0.770264, 2.258301, -0.854492, -3.601074,Pick and Place
2541487, -0.666260, 0.093140, -0.780762, 1.708984, -1.159668, -3.417968,Pick and Place
2541507, -0.673462, 0.097046, -0.775024, 2.868652, -3.784179, -3.845214,Pick and Place
2541527, -0.687744, 0.078491, -0.766846, 4.333496, -4.150392, -3.906249,Pick and Place
2541547, -0.704102, 0.055054, -0.767456, 5.126952, -1.525878, -2.380371,Pick and Place
2541567, -0.690796, 0.031128, -0.739746, 4.333496, 0.366211, -0.671386,Pick and Place
2541587, -0.677856, 0.035034, -0.724732, 4.699708, 2.990722, -0.610352,Pick and Place
2541607, -0.630371, 0.020386, -0.729370, 4.943848, 6.530760, -1.403808,Pick and Place
2541627, -0.617920, 0.027710, -0.748779, 5.432128, 8.361816, -0.122070,Pick and Place
2541647, -0.626709, 0.026733, -0.762085, 5.920409, 11.108396, 1.586914,Pick and Place
2541667, -0.642334, 0.017700, -0.768188, 4.821778, 12.634276, -0.366211,Pick and Place
2541687, -0.622070, 0.034912, -0.781250, 2.746581, 10.925290, -3.051757,Pick and Place
2541707, -0.572998, 0.038086, -0.778687, 2.136231, 2.624511, -4.760742,Pick and Place
2541727, -0.615112, 0.040039, -0.755982, 1.892090, -4.455568, -5.920409,Pick and Place
2541747, -0.636841, 0.032837, -0.749146, 1.770019, -5.126952, -5.371092,Pick and Place
2541767, -0.660645, 0.047363, -0.768311, 1.770019, -4.699708, -4.150392,Pick and Place
2541787, -0.683228, 0.038696, -0.785400, 2.563476, -0.915527, -3.479003,Pick and Place
2541807, -0.673096, 0.019287, -0.771973, 2.258301, 0.732422, -3.662109,Pick and Place
2541827, -0.667969, 0.032837, -0.750122, 3.356933, 2.502442, -3.173828,Pick and Place
2541847, -0.678101, 0.035889, -0.752930, 5.554198, 7.019042, -1.403808,Pick and Place
2541867, -0.620239, -0.002197, -0.809448, 4.394532, 12.023924, -1.403808,Pick and Place
2541887, -0.593628, 0.001709, -0.796875, 0.427246, 9.033204, -2.624511,Pick and Place
2541907, -0.587036, 0.023926, -0.758789, 1.220704, 3.967285, -2.258301,Pick and Place
2541927, -0.603028, 0.035278, -0.751343, 1.892090, -0.488281, -3.540038,Pick and Place
2541947, -0.639282, 0.021606, -0.769654, 3.784179, 1.037598, -3.723144,Pick and Place
2541967, -0.652954, -0.008179, -0.790039, 2.563476, 3.112792, -3.845214,Pick and Place
2541987, -0.629517, -0.005737, -0.782349, 1.281738, 0.183105, -2.197266,Pick and Place
2542007, -0.625244, 0.024048, -0.769409, 0.549316, -4.028321, -2.380371,Pick and Place
2542027, -0.643677, 0.017090, -0.793579, 1.037598, -2.563476, -2.868652,Pick and Place
2542047, -0.665283, -0.027710, -0.815430, -1.831054, 1.342773, -1.647949,Pick and Place
2542067, -0.641602, -0.019287, -0.808106, -0.854492, 0.732422, -4.272462,Pick and Place
2542087, -0.582764, -0.017212, -0.772339, 5.737304, 3.906249, -9.704590,Pick and Place
2542107, -0.481812, -0.068359, -0.782471, 5.920409, -8.300784, -4.577638,Pick and Place
2542127, -0.676636, -0.117554, -0.835083, 4.455568, -9.582520, -0.061035,Pick and Place
2542147, -0.686768, -0.169556, -0.887329, -1.647949, 0.244141, 3.051757,Pick and Place
2542167, -0.713623, -0.183960, -0.945312, -5.249022, 12.878416, 3.234863,Pick and Place
2542187, -0.685791, -0.266480, -0.987793, -7.873534, 31.127924, 5.859374,Pick and Place
2542207, -0.611450, -0.346558, -0.991944, -14.099120, 42.907700, 9.155274,Pick and Place
2542227, -0.526123, -0.362183, -0.935913, -22.033690, 50.170890, 8.666994,Pick and Place
2542247, -0.424683, -0.320923, -0.869995, -27.465816, 48.645010, 4.455568,Pick and Place
2542267, -0.389893, -0.172730, -0.864990, -28.625480, 49.377430, -6.835936,Pick and Place
2542287, -0.409424, -0.105225, -0.889648, -23.376460, 63.232410, -15.869140,Pick and Place
2542307, -0.380371, -0.089600, -0.892456, -19.531250, 79.528820, -25.939940,Pick and Place
2542327, -0.332031, -0.056519, -0.859497, -18.249516, 89.111300, -35.583500,Pick and Place
2542347, -0.277466, 0.012329, -0.776734, -15.930172, 85.144020, -47.119130,Pick and Place
2542367, -0.284790, 0.119873, -0.738404, -7.995604, 73.059100, -58.593740,Pick and Place
2542387, -0.396362, 0.128052, -0.762085, 5.615234, 73.120140, -69.335940,Pick and Place
2542407, -0.470581, 0.056396, -0.793823, 13.427732, 89.050260, -76.477060,Pick and Place
2542427, -0.447388, 0.064331, -0.790039, 11.779784, 97.656240, -78.552260,Pick and Place
2542447, -0.389404, 0.140137, -0.751831, 13.671872, 87.097160, -73.059100,Pick and Place
2542467, -0.405640, 0.161499, -0.789062, 19.592290, 65.551760, -66.772460,Pick and Place
2542487, -0.516846, 0.092896, -0.907227, 18.920900, 48.339840, -57.495110,Pick and Place
2542507, -0.479248, 0.083862, -0.937988, 14.099120, 37.597660, -48.400870,Pick and Place
2542527, -0.452148, 0.091431, -0.917236, 11.840818, 23.864740, -37.048340,Pick and Place
2542547, -0.412232, 0.112793, -0.907593, 12.695310, 10.864256, -28.442380,Pick and Place
2542567, -0.417114, 0.097046, -0.915650, 14.953610, 2.563476, -21.850580,Pick and Place
2542587, -0.467774, 0.055542, -0.939209, 16.845708, 5.126952, -17.150880,Pick and Place
2542607, -0.441772, 0.030273, -0.928955, 13.854978, 15.014646, -12.939450,Pick and Place
2542627, -0.340332, 0.023926, -0.949829, 10.742184, 25.573724, -7.446288,Pick and Place
2542647, -0.084106, -0.046509, -1.070679, -11.657712, 3.234863, 3.662109,Pick and Place
2542667, -0.302612, 0.190430, -1.160522, 1.098633, -28.930660, 7.202148,Pick and Place
2542687, -0.333008, 0.032104, -1.048462, 1.525878, -22.949216, -1.770019,Pick and Place
2542707, -0.322022, 0.018188, -1.031982, 2.624511, -1.220704, -3.295898,Pick and Place
2542727, -0.321899, -0.013672, -0.989990, 2.136231, 2.502442, 1.708984,Pick and Place
2542747, -0.307495, -0.045654, -0.985840, 6.347656, -3.417968, 7.995604,Pick and Place
2542767, -0.326416, -0.072388, -0.959595, 0.915527, 11.291500, 12.207030,Pick and Place
2542787, -0.284424, -0.053833, -1.049561, 2.502442, 14.099120, 13.549804,Pick and Place
2542807, -0.278320, -0.121704, -1.064454, -2.319336, 5.981444, 19.409180,Pick and Place
2542827, -0.295166, -0.032471, -1.038208, 1.892090, -8.483890, 23.864740,Pick and Place
2542847, -0.292480, -0.034424, -0.997437, -6.164550, -25.451652, 25.390620,Pick and Place
2542867, -0.310669, 0.009521, -0.956543, -7.446288, -42.053220, 29.541010,Pick and Place
2542887, -0.378662, 0.039795, -0.969360, -10.375976, -49.743640, 37.658700,Pick and Place
2542907, -0.393799, 0.076660, -0.957154, -10.681150, -55.541980, 42.480460,Pick and Place
2542927, -0.367798, 0.078857, -0.889038, -9.399414, -69.885260, 48.095700,Pick and Place
2542947, -0.410522, 0.075562, -0.861206, -8.300784, -88.439920, 55.358880,Pick and Place
2542967, -0.516724, 0.132202, -0.826782, 1.831054, -90.148900, 61.157220,Pick and Place
2542987, -0.579956, 0.088379, -0.812012, 7.324218, -78.735360, 64.819340,Pick and Place
2543007, -0.577881, 0.081177, -0.755127, 11.535644, -63.354480, 68.603540,Pick and Place
2543027, -0.552124, 0.075562, -0.738892, 16.906740, -57.128900, 69.580100,Pick and Place
2543047, -0.590576, 0.047607, -0.756592, 21.057124, -44.799800, 64.453140,Pick and Place
2543067, -0.576782, 0.035034, -0.776856, 21.423332, -16.967780, 56.945790,Pick and Place
2543087, -0.444580, 0.035034, -0.804199, 20.141600, 6.408690, 51.269520,Pick and Place
2543107, -0.279785, 0.053101, -0.803711, 20.935052, 11.474608, 47.668440,Pick and Place
2543127, -0.190552, 0.053101, -0.792480, 23.986810, -5.432128, 41.809080,Pick and Place
2543147, -0.220459, -0.011597, -0.809692, 31.433100, -40.832510, 25.878900,Pick and Place
2543167, -0.269775, -0.067139, -0.835571, 32.348640, -51.757800, 13.305660,Pick and Place
2543187, -0.294190, -0.124756, -0.838501, 32.409680, -62.805160, 6.591796,Pick and Place
2543227, -0.440674, -0.256470, -0.827271, 28.869624, -80.810540, -6.774902,Pick and Place
2543247, -0.512573, -0.253662, -0.838989, 25.390620, -74.707040, -11.230468,Pick and Place
2543267, -0.727417, -0.306274, -0.866211, 27.160640, -60.607900, -12.023924,Pick and Place
2543287, -0.910889, -0.390137, -0.893921, 20.507810, -18.615724, -14.099120,Pick and Place
2543307, -0.735474, -0.362915, -0.927856, 10.253904, 21.972650, -9.094240,Pick and Place
2543327, -0.637940, -0.288086, -0.912720, 3.723144, 33.325200, 0.854492,Pick and Place
2543347, -0.665772, -0.176514, -0.932251, 2.502442, 30.700680, 9.521484,Pick and Place
2543367, -0.563721, -0.159668, -0.969360, 3.540038, 30.883784, 8.056642,Pick and Place
2543387, -0.594849, -0.096802, -0.967163, 5.371092, 34.606940, 3.906249,Pick and Place
2543407, -0.544434, -0.070435, -0.916138, 3.112792, 32.958990, 5.065916,Pick and Place
2543427, -0.521240, -0.037720, -0.889160, 2.075196, 32.897960, 4.272462,Pick and Place
2543447, -0.460938, -0.034668, -0.873169, 2.014160, 27.954100, 2.685546,Pick and Place
2543467, -0.480103, -0.054321, -0.889160, 3.112792, 24.047850, 1.525878,Pick and Place
2543487, -0.481934, -0.119873, -0.884644, 3.356933, 18.859868, 0.671386,Pick and Place
2543507, -0.469727, -0.140137, -0.871460, 1.770019, 8.361816, 1.159668,Pick and Place
2543527, -0.517456, -0.175171, -0.866821, 0.976562, 0.793457, 0.976562,Pick and Place
2543547, -0.493042, -0.186768, -0.854126, -2.624511, -1.708984, 2.746581,Pick and Place
2543567, -0.486694, -0.167603, -0.888672, -6.469726, -6.713866, 5.981444,Pick and Place
2543587, -0.599610, -0.211182, -0.960694, -15.014646, 6.835936, 6.896972,Pick and Place
2543607, -0.479248, -0.133789, -0.934692, -24.353020, 16.235352, 8.239746,Pick and Place
2543627, -0.426636, -0.054565, -0.905640, -30.151360, 11.779784, 11.657712,Pick and Place
2543647, -0.546021, -0.007324, -0.994873, -32.714850, 14.709470, 12.084960,Pick and Place
2543667, -0.580078, 0.047119, -1.022339, -38.269050, 31.005852, 12.084960,Pick and Place
2543687, -0.400635, 0.130493, -0.971924, -44.128410, 27.709956, 13.366696,Pick and Place
2543707, -0.378296, 0.203003, -0.919678, -46.142570, 4.028321, 14.892576,Pick and Place
2543727, -0.498779, 0.258545, -0.961182, -43.823240, -5.676268, 12.634276,Pick and Place
2543747, -0.540161, 0.215576, -0.968018, -42.175280, -2.807617, 5.004884,Pick and Place
2543767, -0.500122, 0.200439, -0.909424, -42.968740, -4.577638, 0.793457,Pick and Place
2543787, -0.461182, 0.243408, -0.859131, -39.550780, -18.798830, 2.075196,Pick and Place
2543807, -0.502442, 0.213135, -0.833984, -31.860350, -38.818360, -1.892090,Pick and Place
2543827, -0.535034, 0.218506, -0.786865, -23.193352, -37.109380, -9.216310,Pick and Place
2543847, -0.569824, 0.180054, -0.681885, -12.145992, -28.198240, -16.479492,Pick and Place
2543867, -0.463379, 0.190552, -0.683350, -5.310058, -30.456540, -15.747068,Pick and Place
2543887, -0.431885, 0.166870, -0.688843, 6.469726, -40.100100, -18.554690,Pick and Place
2543907, -0.496704, 0.116211, -0.658570, 14.038084, -43.884270, -24.108880,Pick and Place
2543927, -0.487671, 0.091675, -0.602905, 20.080560, -46.997060, -30.212400,Pick and Place
2543947, -0.457275, 0.070679, -0.575440, 23.986810, -56.884760, -33.630380,Pick and Place
2543967, -0.405518, 0.031006, -0.572388, 26.550290, -75.683600, -31.677240,Pick and Place
2543987, -0.557984, -0.054810, -0.671021, 28.930660, -87.585440, -31.188960,Pick and Place
2544007, -0.740723, -0.149780, -0.720215, 23.925780, -74.218760, -30.639640,Pick and Place
2544027, -0.699463, -0.129150, -0.657959, 18.249516, -53.466780, -25.085448,Pick and Place
2544047, -0.762818, -0.219605, -0.681274, 15.808104, -47.790520, -17.883300,Pick and Place
2544067, -0.881226, -0.279907, -0.778320, 6.225584, -37.414560, -10.131832,Pick and Place
2544087, -1.023926, -0.327515, -0.825440, -2.441407, -10.681150, -2.197266,Pick and Place
2544107, -0.953491, -0.322754, -0.950440, -18.066410, 20.385740, 8.239746,Pick and Place
2544127, -0.896362, -0.273316, -0.819946, -24.475090, 32.348640, 17.883300,Pick and Place
2544147, -0.593018, -0.188721, -0.872925, -29.724120, 28.991692, 21.850580,Pick and Place
2544167, -0.660522, -0.174683, -0.973022, -34.423840, 9.521484, 24.169920,Pick and Place
2544187, -0.699341, -0.151123, -0.953613, -38.330080, 20.751950, 23.437492,Pick and Place
2544207, -0.634155, -0.115967, -0.933106, -42.358390, 31.738280, 20.568840,Pick and Place
2544227, -0.614502, -0.106812, -0.921143, -45.410140, 42.480460, 18.737796,Pick and Place
2544247, -0.487915, -0.030396, -0.883789, -49.316400, 48.461900, 11.047360,Pick and Place
2544267, -0.462402, 0.020630, -0.857544, -49.255360, 40.954580, 3.051757,Pick and Place
2544287, -0.434937, 0.068481, -0.842407, -47.607410, 30.700680, -5.737304,Pick and Place
2544307, -0.454712, 0.055542, -0.824463, -46.264640, 19.897460, -14.709470,Pick and Place
2544327, -0.474609, 0.041016, -0.779663, -47.729480, 13.000484, -22.094720,Pick and Place
2544347, -0.469116, 0.067749, -0.724487, -50.415030, 5.737304, -26.672360,Pick and Place
2544367, -0.531860, 0.102173, -0.688843, -49.865720, 2.868652, -31.066890,Pick and Place
2544387, -0.571167, 0.145386, -0.669922, -48.583980, 9.643556, -36.376960,Pick and Place
2544407, -0.545410, 0.158691, -0.663452, -44.494620, 15.197750, -40.893540,Pick and Place
2544427, -0.566040, 0.171143, -0.649658, -41.809080, 13.427732, -43.212880,Pick and Place
2544447, -0.570679, 0.221802, -0.599732, -38.513190, 7.019042, -44.311520,Pick and Place
2544467, -0.671143, 0.248779, -0.603638, -29.846190, 8.911134, -48.156730,Pick and Place
2544487, -0.685059, 0.250977, -0.619141, -26.733390, 18.432620, -47.180160,Pick and Place
2544507, -0.645996, 0.275513, -0.597046, -23.925780, 20.751950, -45.471180,Pick and Place
2544527, -0.631836, 0.302856, -0.591553, -19.165040, 11.047360, -43.518060,Pick and Place
2544547, -0.704468, 0.295532, -0.643677, -14.404296, 5.310058, -43.273920,Pick and Place
2544567, -0.746704, 0.273071, -0.646484, -12.573240, 7.873534, -43.640120,Pick and Place
2544587, -0.718262, 0.283203, -0.625610, -11.413570, 11.047360, -42.785640,Pick and Place
2544607, -0.710694, 0.284058, -0.621582, -7.812498, 11.535644, -39.001470,Pick and Place
2544627, -0.679444, 0.286011, -0.628540, -4.272462, 10.070800, -34.423840,Pick and Place
2544647, -0.682007, 0.304443, -0.647949, 0.976562, 9.033204, -29.968260,Pick and Place
2544667, -0.671631, 0.284790, -0.662354, 5.126952, 6.530760, -26.245110,Pick and Place
2544687, -0.616333, 0.277832, -0.681396, 9.033204, -2.014160, -22.888180,Pick and Place
2544707, -0.674072, 0.232544, -0.731079, 9.826660, -6.958006, -22.277830,Pick and Place
2544727, -0.685425, 0.196289, -0.745728, 10.192870, -7.934570, -21.606440,Pick and Place
2544747, -0.681885, 0.169800, -0.763672, 9.887696, -9.826660, -20.446770,Pick and Place
2544767, -0.683838, 0.142456, -0.765869, 8.422854, -10.620116, -17.944340,Pick and Place
2544787, -0.672363, 0.130493, -0.777100, 7.385252, -11.474608, -14.648436,Pick and Place
2544807, -0.681152, 0.104248, -0.778809, 5.310058, -11.413570, -13.061520,Pick and Place
2544827, -0.676758, 0.096436, -0.768188, 4.150392, -9.765626, -12.390136,Pick and Place
2544847, -0.755615, 0.082642, -0.863037, -1.525878, -16.662600, -6.713866,Pick and Place
2544867, -0.748902, 0.029175, -0.886597, -2.868652, -6.469726, -5.554198,Pick and Place
2544887, -0.731323, 0.072632, -0.860962, -4.760742, -13.427732, -1.220704,Pick and Place
2544907, -0.703980, 0.085938, -0.774780, -2.197266, 1.037598, 1.892090,Pick and Place
2544927, -0.669800, 0.094360, -0.772705, 0.061035, 5.554198, 2.441407,Pick and Place
2544947, -0.568604, 0.114380, -0.803467, -1.525878, 8.422854, 2.929687,Pick and Place
2544967, -0.555908, 0.142456, -0.805298, -1.342773, 0.366211, 1.586914,Pick and Place
2544987, -0.615356, 0.112671, -0.793945, -0.244141, -3.967285, -0.183105,Pick and Place
2545007, -0.660889, 0.084473, -0.754028, -0.610352, -1.831054, -3.906249,Pick and Place
2545027, -0.656738, 0.068115, -0.740112, 0.183105, 3.112792, -5.065916,Pick and Place
2545047, -0.619751, 0.063721, -0.745728, -0.122070, 4.516602, -3.967285,Pick and Place
2545067, -0.588867, 0.088745, -0.766236, 0.427246, 0.976562, -1.464844,Pick and Place
2545087, -0.641113, 0.086914, -0.765137, 2.075196, 0.549316, -0.976562,Pick and Place
2545107, -0.618042, 0.075806, -0.765015, 0.427246, 0.976562, -2.258301,Pick and Place
2545127, -0.643188, 0.065063, -0.750977, -0.061035, -3.906249, -5.676268,Pick and Place
2545147, -0.641358, 0.066284, -0.760620, -0.305176, -5.004884, -6.530760,Pick and Place
2545167, -0.652100, 0.054565, -0.765503, 0.244141, -5.126952, -5.798338,Pick and Place
2545187, -0.677368, 0.033691, -0.770874, 0.366211, -7.690428, -3.540038,Pick and Place
2545207, -0.702393, 0.038940, -0.777710, 0.488281, -2.929687, -1.525878,Pick and Place
2545227, -0.674438, 0.042114, -0.796021, -0.061035, 5.004884, 0.183105,Pick and Place
2545247, -0.623047, 0.029175, -0.797241, -1.647949, 3.234863, 1.525878,Pick and Place
2545267, -0.627930, 0.033813, -0.795044, -1.892090, -4.150392, 2.319336,Pick and Place
2545287, -0.680908, 0.032837, -0.831421, 0.000000, -10.253904, 3.173828,Pick and Place
2545307, -0.752930, -0.015381, -0.782837, -3.540038, -4.394532, 1.464844,Pick and Place
2545327, -0.698730, 0.002686, -0.772827, -10.925290, -18.371584, 10.803220,Pick and Place
2545347, -0.835571, 0.053833, -0.739136, -20.080560, -31.433100, 19.897460,Pick and Place
2545367, -0.933594, 0.116821, -0.653320, -22.033690, -9.216310, 23.864740,Pick and Place
2545387, -0.919190, 0.150391, -0.593140, -22.155760, 20.080560, 32.470710,Pick and Place
2545407, -0.871948, 0.177734, -0.584839, -23.864740, 45.959460, 43.823240,Pick and Place
2545427, -0.798828, 0.203491, -0.567871, -28.076170, 59.509270, 55.908200,Pick and Place
2545447, -0.735352, 0.259888, -0.636597, -32.531740, 62.622060, 63.781730,Pick and Place
2545467, -0.696411, 0.307495, -0.669434, -31.005852, 65.246600, 73.608400,Pick and Place
2545487, -0.674805, 0.328491, -0.706787, -30.151360, 71.655300, 80.444320,Pick and Place
2545507, -0.598877, 0.383667, -0.712769, -27.282710, 71.289060, 87.707500,Pick and Place
2545527, -0.568970, 0.407227, -0.690552, -18.615724, 61.218250, 91.552720,Pick and Place
2545547, -0.564942, 0.418213, -0.665039, -4.028321, 48.400870, 93.627900,Pick and Place
2545567, -0.421997, 0.409424, -0.741821, 23.254390, 31.738280, 93.872060,Pick and Place
2545587, -0.339600, 0.446411, -0.695068, 42.419420, 26.733390, 89.721660,Pick and Place
2545607, -0.295410, 0.445313, -0.686402, 57.739250, 21.911620, 82.641580,Pick and Place
2545627, -0.280518, 0.396118, -0.741455, 69.030760, 13.671872, 73.974620,Pick and Place
2545647, -0.208862, 0.387085, -0.747192, 81.481900, -5.310058, 65.002440,Pick and Place
2545667, -0.270874, 0.358643, -0.859619, 91.247540, -20.446770, 51.208480,Pick and Place
2545687, -0.316528, 0.299194, -1.004517, 96.496560, -24.169920, 35.888680,Pick and Place
2545707, -0.253662, 0.207397, -1.042725, 92.834460, -30.883784, 21.423332,Pick and Place
2545727, -0.127075, 0.204224, -0.850586, 79.101560, -57.495110, 9.582520,Pick and Place
2545747, -0.139648, 0.279297, -0.618408, 85.937480, -86.242660, -1.220704,Pick and Place
2545767, -0.365479, 0.200684, -0.661011, 99.609360, -80.566400, -12.634276,Pick and Place
2545787, -0.538452, -0.106812, -0.828858, 93.566880, -5.371092, -15.991210,Pick and Place
2545807, -0.432129, -0.241089, -0.822998, 77.758800, 28.381340, -3.784179,Pick and Place
2545827, -0.453613, -0.201782, -0.845215, 59.631340, 29.968260, 10.681150,Pick and Place
2545847, -0.443115, -0.131470, -0.947144, 54.016100, 34.423840, 11.474608,Pick and Place
2545867, -0.314331, -0.151245, -1.052856, 46.142570, 42.907700, 1.892090,Pick and Place
2545887, -0.294678, -0.156860, -1.158204, 40.100100, 39.306640, -2.746581,Pick and Place
2545907, -0.327759, -0.212647, -1.117920, 35.339360, 29.663080, -5.981444,Pick and Place
2545927, -0.245239, -0.179199, -0.993530, 28.076170, 12.268064, -7.751464,Pick and Place
2545947, -0.306763, -0.123535, -0.882202, 29.479976, 3.234863, -10.620116,Pick and Place
2545967, -0.358887, -0.154053, -0.836670, 26.245110, 15.930172, -10.620116,Pick and Place
2545987, -0.246948, -0.145386, -0.931152, 19.470220, 25.817870, -6.286620,Pick and Place
2546007, -0.385986, -0.190064, -0.973999, 15.808104, 33.447270, -9.033204,Pick and Place
2546027, -0.249756, -0.116577, -0.925904, 6.530760, 40.283200, -16.662600,Pick and Place
2546047, -0.260132, -0.094116, -0.966187, 10.620116, 27.221676, -18.310550,Pick and Place
2546067, -0.226685, -0.286865, -1.123658, 4.089356, 8.300784, -12.451170,Pick and Place
2546087, -0.275879, -0.229614, -1.141724, -6.652830, -19.836430, -7.080076,Pick and Place
2546107, -0.350708, -0.251465, -1.110474, -2.441407, -34.851080, -2.990722,Pick and Place
2546127, -0.435547, -0.309326, -1.022339, -10.864256, -33.264160, 0.061035,Pick and Place
2546147, -0.378296, -0.244385, -0.925659, -12.145992, -17.761230, 2.990722,Pick and Place
2546167, -0.433960, -0.239624, -0.955200, -6.347656, -2.746581, 4.577638,Pick and Place
2546187, -0.276733, -0.354980, -0.988281, -12.878416, 21.545408, 7.873534,Pick and Place
2546207, 0.068237, -0.263062, -1.038208, -22.094720, -12.634276, 10.009768,Pick and Place
2546227, -0.273438, -0.313477, -1.045288, -24.902340, -40.588370, -5.859374,Pick and Place
2546247, -0.218018, -0.346314, -1.035034, -33.996590, -43.701160, -13.244628,Pick and Place
2546267, -0.268066, -0.301880, -1.005494, -45.654280, -45.166000, -11.169430,Pick and Place
2546287, -0.272461, -0.193726, -1.002442, -50.170890, -45.043940, -11.474608,Pick and Place
2546307, -0.298462, -0.157471, -1.018066, -51.879880, -41.442860, -18.493652,Pick and Place
2546327, -0.297730, -0.128540, -0.996460, -53.955070, -42.663560, -25.207516,Pick and Place
2546347, -0.369507, -0.077515, -0.947876, -54.077140, -36.804200, -31.311030,Pick and Place
2546367, -0.445190, -0.045898, -0.922608, -51.513660, -17.700200, -33.996590,Pick and Place
2546387, -0.462036, -0.017090, -0.930054, -49.011220, 2.502442, -34.118660,Pick and Place
2546407, -0.447022, 0.004028, -0.936035, -45.715320, 15.991210, -37.231450,Pick and Place
2546427, -0.440430, 0.022827, -0.898071, -43.518060, 21.362300, -41.687000,Pick and Place
2546447, -0.444336, 0.056152, -0.816162, -36.071780, 18.554690, -48.339840,Pick and Place
2546467, -0.432617, 0.076904, -0.781616, -31.799310, 14.648436, -50.598140,Pick and Place
2546487, -0.526245, 0.104248, -0.791260, -27.343748, 14.587400, -49.499500,Pick and Place
2546507, -0.580078, 0.129517, -0.807617, -23.254390, 23.925780, -48.400870,Pick and Place
2546527, -0.576050, 0.132813, -0.806030, -19.042970, 37.048340, -48.461900,Pick and Place
2546547, -0.499878, 0.128784, -0.797363, -18.066410, 42.907700, -47.241200,Pick and Place
2546567, -0.473389, 0.137817, -0.787842, -16.052250, 38.208020, -45.166000,Pick and Place
2546587, -0.452759, 0.162964, -0.780762, -14.526364, 28.564450, -42.785640,Pick and Place
2546607, -0.436035, 0.193237, -0.795288, -10.314940, 18.249516, -40.283200,Pick and Place
2546627, -0.471191, 0.185791, -0.802979, -5.920409, 14.587400, -38.513190,Pick and Place
2546647, -0.470337, 0.206177, -0.777100, -3.601074, 16.113284, -37.231450,Pick and Place
2546667, -0.474609, 0.225952, -0.770752, 5.615234, 17.333990, -33.508300,Pick and Place
2546687, -0.481690, 0.187256, -0.794556, 10.559080, 19.714360, -29.968260,Pick and Place
2546707, -0.483643, 0.150391, -0.843262, 13.244628, 21.423332, -25.085448,Pick and Place
2546727, -0.524780, 0.136719, -0.844116, 15.014646, 28.137200, -22.705070,Pick and Place
2546747, -0.434204, 0.124146, -0.814209, 15.075680, 35.461430, -21.118160,Pick and Place
2546767, -0.385498, 0.160278, -0.808960, 18.737796, 34.179700, -18.676760,Pick and Place
2546787, -0.453980, 0.062378, -0.876709, 24.780270, 36.926280, -16.540530,Pick and Place
2546807, -0.406982, -0.026855, -0.912964, 19.104010, 41.809080, -14.343260,Pick and Place
2546827, -0.306885, 0.001465, -0.941895, 15.258788, 38.940440, -15.686032,Pick and Place
2546847, -0.263184, -0.038330, -0.989990, 12.512204, 27.526850, -7.324218,Pick and Place
2546867, -0.371582, -0.108765, -1.153686, -1.220704, 10.253904, 1.159668,Pick and Place
2546887, -0.356445, 0.030640, -1.129517, -5.737304, 23.559568, -3.417968,Pick and Place
2546907, -0.223389, -0.016479, -1.067871, -6.530760, 16.113284, -6.042480,Pick and Place
2546927, -0.216919, -0.006714, -1.032837, -7.568358, 8.789064, -2.563476,Pick and Place
2546947, -0.157349, -0.010986, -1.018677, -9.277344, -0.671386, 0.122070,Pick and Place
2546967, -0.198608, -0.030029, -1.071167, -11.962890, -6.896972, 2.502442,Pick and Place
2546987, -0.237915, -0.045044, -1.097412, -18.005376, 0.000000, 1.647949,Pick and Place
2547007, -0.160034, -0.024170, -1.080444, -24.597160, -1.342773, 0.549316,Pick and Place
2547027, -0.126099, -0.007568, -1.058594, -29.541010, -12.756344, -0.488281,Pick and Place
2547047, -0.157349, 0.020630, -1.062622, -34.790040, -23.742670, -2.624511,Pick and Place
2547067, -0.188843, 0.062744, -1.034180, -38.208020, -24.963376, -7.934570,Pick and Place
2547087, -0.171753, 0.076294, -0.966919, -41.137680, -30.517570, -8.422854,Pick and Place
2547107, -0.247070, 0.117065, -0.939331, -42.419420, -36.132820, -6.469726,Pick and Place
2547127, -0.226440, 0.135864, -0.916748, -45.227040, -36.926280, -4.577638,Pick and Place
2547147, -0.278809, 0.216675, -0.901612, -45.959460, -38.452160, -1.464844,Pick and Place
2547167, -0.324707, 0.258057, -0.929566, -39.611820, -35.766600, -3.234863,Pick and Place
2547207, -0.349487, 0.221558, -0.908814, -34.729010, -38.269050, -4.760742,Pick and Place
2547227, -0.337891, 0.259766, -0.883667, -30.151360, -43.884270, -5.004884,Pick and Place
2547247, -0.341187, 0.258179, -0.869263, -23.986810, -51.086420, -3.784179,Pick and Place
2547267, -0.385986, 0.266724, -0.812012, -17.761230, -56.335440, -1.647949,Pick and Place
2547287, -0.423340, 0.301148, -0.768433, -8.850100, -53.222640, -5.737304,Pick and Place
2547307, -0.411011, 0.276733, -0.792358, -0.305176, -39.917000, -11.657712,Pick and Place
2547327, -0.445068, 0.206177, -0.834351, 8.728030, -32.409680, -13.427732,Pick and Place
2547347, -0.415161, 0.147095, -0.787842, 12.084960, -45.043940, -11.169430,Pick and Place
2547367, -0.401611, 0.140869, -0.771240, 13.427732, -66.406260, -10.009768,Pick and Place
2547387, -0.464233, 0.160034, -0.764771, 16.174320, -74.829100, -11.291500,Pick and Place
2547407, -0.522095, 0.146362, -0.784058, 18.310550, -67.077640, -14.160152,Pick and Place
2547427, -0.582031, 0.097168, -0.758545, 18.676760, -58.959950, -13.122556,Pick and Place
2547447, -0.638672, 0.049683, -0.734497, 16.540530, -52.551260, -10.803220,Pick and Place
2547467, -0.635742, 0.074097, -0.757935, 13.854978, -44.189440, -7.141112,Pick and Place
2547487, -0.614990, 0.098389, -0.790039, 14.038084, -40.832510, -4.211426,Pick and Place
2547507, -0.718262, 0.057983, -0.837646, 15.624996, -32.226570, -4.394532,Pick and Place
2547527, -0.745972, 0.036743, -0.824707, 11.047360, -17.639160, -3.356933,Pick and Place
2547547, -0.797974, 0.074951, -0.711548, 6.652830, 5.371092, 2.990722,Pick and Place
2547567, -0.711914, -0.009888, -0.885376, -5.737304, 3.662109, 13.061520,Pick and Place
2547587, -0.901734, 0.105835, -0.814453, -8.544924, 6.896972, 20.690910,Pick and Place
2547607, -0.713501, 0.180786, -0.772827, -8.056642, 5.187988, 26.794430,Pick and Place
2547627, -0.780884, 0.218750, -0.780762, -6.835936, -8.911134, 31.311030,Pick and Place
2547647, -0.778564, 0.269775, -0.745728, -5.920409, -11.047360, 37.475590,Pick and Place
2547667, -0.774048, 0.316650, -0.716675, -1.098633, -10.620116, 43.090810,Pick and Place
2547687, -0.755860, 0.308716, -0.695312, 4.943848, -6.835936, 48.156730,Pick and Place
2547707, -0.707398, 0.312744, -0.681641, 11.108396, -2.136231, 52.062980,Pick and Place
2547727, -0.674072, 0.314575, -0.666992, 17.333990, 0.671386, 53.344720,Pick and Place
2547747, -0.652344, 0.296753, -0.670532, 22.644040, 2.624511, 52.795400,Pick and Place
2547767, -0.579346, 0.267822, -0.650879, 27.770990, -7.568358, 51.025380,Pick and Place
2547787, -0.564331, 0.244629, -0.662110, 32.714850, -15.380856, 50.659170,Pick and Place
2547807, -0.564331, 0.211304, -0.676880, 36.682140, -16.174320, 49.743640,Pick and Place
2547827, -0.529541, 0.200928, -0.669678, 37.292480, -17.089850, 48.339840,Pick and Place
2547847, -0.514404, 0.200684, -0.642578, 38.940440, -19.165040, 46.142570,Pick and Place
2547867, -0.525146, 0.195557, -0.642090, 41.625960, -19.958500, 41.381820,Pick and Place
2547887, -0.500244, 0.193237, -0.682251, 43.273920, -15.563964, 33.508300,Pick and Place
2547907, -0.486450, 0.169678, -0.729370, 45.654280, -11.291500, 25.512690,Pick and Place
2547927, -0.489990, 0.112549, -0.732056, 44.982900, -16.601568, 20.507810,Pick and Place
2547947, -0.539429, 0.073975, -0.736084, 43.029780, -25.939940, 16.906740,Pick and Place
2547967, -0.559570, 0.049683, -0.760986, 40.588370, -27.343748, 11.230468,Pick and Place
2547987, -0.591187, 0.035034, -0.804077, 37.414560, -25.207516, 8.056642,Pick and Place
2548007, -0.607422, -0.007202, -0.809082, 33.874520, -27.221676, 8.911134,Pick and Place
2548027, -0.605835, 0.002441, -0.807495, 31.311030, -30.456540, 8.789064,Pick and Place
2548047, -0.619263, 0.016602, -0.818848, 28.259270, -27.709956, 8.056642,Pick and Place
2548067, -0.636475, 0.019043, -0.818360, 25.878900, -22.216790, 7.812498,Pick and Place
2548087, -0.631958, 0.031860, -0.819824, 23.498530, -15.136716, 6.042480,Pick and Place
2548107, -0.638428, 0.045044, -0.839478, 22.094720, -6.286620, 5.126952,Pick and Place
2548127, -0.609375, 0.054688, -0.853760, 19.897460, 1.892090, 2.990722,Pick and Place
2548147, -0.603516, 0.038818, -0.869385, 19.042970, 8.056642, -0.061035,Pick and Place
2548167, -0.623169, 0.012573, -0.873657, 18.005376, 13.000484, -2.868652,Pick and Place
2548187, -0.585694, 0.022949, -0.849976, 16.174320, 14.343260, -4.821778,Pick and Place
2548207, -0.570801, 0.033936, -0.813599, 16.296390, 10.131832, -6.286620,Pick and Place
2548227, -0.576660, 0.001587, -0.786987, 15.747068, 9.704590, -7.019042,Pick and Place
2548247, -0.701172, -0.022461, -0.911621, 7.263182, 12.329100, 0.305176,Pick and Place
2548267, -0.800781, -0.003784, -0.931274, 1.464844, 39.123540, -0.122070,Pick and Place
2548287, -0.536743, 0.054688, -0.886108, -2.563476, 32.165540, 2.868652,Pick and Place
2548307, -0.542847, 0.076294, -0.859009, -0.061035, 7.080076, 0.366211,Pick and Place
2548327, -0.564453, 0.067993, -0.836914, 2.746581, -6.347656, -3.845214,Pick and Place
2548347, -0.634400, 0.068359, -0.797486, 3.784179, -3.295898, -4.699708,Pick and Place
2548367, -0.651856, 0.058105, -0.790894, 4.089356, 7.568358, -1.953124,Pick and Place
2548387, -0.607910, 0.058716, -0.768433, 3.723144, 14.892576, -0.061035,Pick and Place
2548407, -0.569702, 0.046997, -0.783447, 3.417968, 13.366696, 0.000000,Pick and Place
2548427, -0.555664, 0.062256, -0.792847, 1.953124, 2.014160, -1.525878,Pick and Place
2548447, -0.584351, 0.057495, -0.795166, 3.601074, -3.601074, -3.356933,Pick and Place
2548467, -0.628784, 0.040894, -0.790161, 4.455568, -2.624511, -4.089356,Pick and Place
2548487, -0.625244, 0.048218, -0.763672, 4.272462, -1.159668, -4.821778,Pick and Place
2548507, -0.586060, 0.081787, -0.750366, 3.967285, -5.065916, -1.953124,Pick and Place
2548527, -0.590942, 0.071899, -0.780396, 4.211426, -8.972170, -1.281738,Pick and Place
2548547, -0.687378, 0.042480, -0.821167, 3.356933, 1.831054, -1.037598,Pick and Place
2548567, -0.625366, 0.038452, -0.839234, -0.549316, 13.366696, -1.770019,Pick and Place
2548587, -0.524292, 0.085327, -0.816406, -1.098633, 4.211426, 1.464844,Pick and Place
2548607, -0.594482, 0.059570, -0.816162, 1.770019, -3.417968, -0.305176,Pick and Place
2548627, -0.565430, 0.050781, -0.805664, -0.183105, -7.690428, -2.136231,Pick and Place
2548647, -0.614746, 0.072632, -0.803467, 1.586914, -1.220704, -1.159668,Pick and Place
2548667, -0.587158, 0.052124, -0.804810, 1.586914, -0.061035, 0.122070,Pick and Place
2548687, -0.626953, 0.020386, -0.844727, 0.976562, 0.000000, -0.976562,Pick and Place
2548707, -0.607666, -0.012451, -0.815552, -2.014160, -3.356933, -1.220704,Pick and Place
2548727, -0.636963, -0.005249, -0.813232, -1.037598, -4.455568, -1.708984,Pick and Place
2548747, -0.654785, -0.046021, -0.869995, -1.892090, 4.943848, -3.784179,Pick and Place
2548767, -0.657227, -0.076050, -0.934082, -6.103514, 16.601568, -2.746581,Pick and Place
2548787, -0.620728, -0.121948, -0.962646, -8.422854, 19.348150, 0.000000,Pick and Place
2548807, -0.552124, -0.157837, -0.964966, -12.084960, 14.343260, 1.342773,Pick and Place
2548827, -0.504639, -0.154053, -0.933594, -14.160152, 12.451170, 0.366211,Pick and Place
2548847, -0.484619, -0.141846, -0.878052, -18.554690, 15.991210, -1.831054,Pick and Place
2548867, -0.484253, -0.081055, -0.885010, -22.399900, 23.010250, -6.652830,Pick and Place
2548887, -0.495850, -0.055908, -0.956299, -24.536130, 41.015620, -13.732908,Pick and Place
2548907, -0.460327, -0.069824, -0.966797, -26.062010, 49.560540, -20.324700,Pick and Place
2548927, -0.392456, -0.060913, -0.885986, -29.846190, 49.621580, -26.489250,Pick and Place
2548947, -0.300903, -0.005249, -0.760010, -32.165540, 35.034180, -34.118660,Pick and Place
2548967, -0.309570, 0.060791, -0.756470, -31.433100, 18.737796, -42.846670,Pick and Place
2548987, -0.428955, 0.064453, -0.820801, -32.226570, 18.310550, -52.001940,Pick and Place
2549007, -0.605347, 0.063965, -0.861694, -33.752440, 39.978040, -60.974110,Pick and Place
2549027, -0.606079, 0.066895, -0.836060, -37.353520, 62.499990, -67.321800,Pick and Place
2549047, -0.532959, 0.165894, -0.829590, -36.926280, 67.749040, -67.688000,Pick and Place
2549067, -0.504150, 0.209473, -0.844360, -28.747552, 63.415520, -65.063500,Pick and Place
2549087, -0.491455, 0.203613, -0.859131, -22.644040, 58.044420, -57.739250,Pick and Place
2549107, -0.466309, 0.192871, -0.818482, -14.648436, 50.354000, -53.833000,Pick and Place
2549127, -0.470215, 0.155762, -0.798950, -12.023924, 49.316400, -50.354000,Pick and Place
2549147, -0.467041, 0.157837, -0.820557, -12.084960, 52.429190, -45.288080,Pick and Place
2549167, -0.435547, 0.159180, -0.853516, -11.779784, 56.457510, -41.076650,Pick and Place
2549187, -0.389648, 0.137817, -0.876221, -11.413570, 56.457510, -38.818360,Pick and Place
2549207, -0.378784, 0.142822, -0.866089, -12.390136, 53.588860, -38.208020,Pick and Place
2549227, -0.404297, 0.178711, -0.868408, -8.117676, 51.208480, -36.804200,Pick and Place
2549247, -0.386230, 0.175171, -0.877564, -6.774902, 50.903310, -33.996590,Pick and Place
2549267, -0.327637, 0.190186, -0.912110, -3.417968, 45.227040, -27.648920,Pick and Place
2549287, -0.291260, 0.170654, -0.928711, -1.586914, 35.156260, -20.690910,Pick and Place
2549307, -0.264282, 0.199951, -0.897949, 1.892090, 21.667476, -17.517090,Pick and Place
2549327, -0.307007, 0.218506, -0.883545, 14.404296, 6.225584, -15.991210,Pick and Place
2549347, -0.325562, 0.171509, -0.911743, 21.789548, 1.037598, -14.648436,Pick and Place
2549367, -0.365479, 0.120850, -0.930176, 24.230950, 1.464844, -11.108396,Pick and Place
2549387, -0.335083, 0.086426, -0.931152, 21.423332, 7.812498, -8.544924,Pick and Place
2549407, -0.280884, 0.099365, -0.927490, 18.432620, 8.789064, -5.981444,Pick and Place
2549427, -0.306030, 0.095215, -0.911865, 17.944340, 7.690428, -2.624511,Pick and Place
2549447, -0.297974, 0.108521, -0.932251, 12.512204, 13.244628, -0.305176,Pick and Place
2549467, -0.218506, 0.094849, -0.979736, 11.047360, 13.977050, -1.831054,Pick and Place
2549487, -0.174438, 0.073608, -1.002076, 7.568358, 12.390136, -2.807617,Pick and Place
2549507, -0.149170, 0.119995, -0.984619, 9.399414, 2.075196, -2.441407,Pick and Place
2549527, -0.191284, 0.078125, -0.956055, 13.427732, -5.981444, -4.394532,Pick and Place
2549547, -0.262695, 0.019287, -0.948853, 10.986324, 7.080076, 0.366211,Pick and Place
2549567, -0.296753, 0.001221, -1.007202, 6.591796, 19.714360, 2.380371,Pick and Place
2549587, -0.267822, -0.031860, -1.036377, 3.234863, 31.005852, 1.708984,Pick and Place
2549607, -0.099121, -0.022949, -1.092530, 0.915527, 23.437492, 2.868652,Pick and Place
2549627, -0.098877, 0.060791, -1.028809, 8.361816, 2.929687, 3.662109,Pick and Place
2549647, -0.111694, -0.033569, -1.015503, 6.835936, -5.187988, 1.586914,Pick and Place
2549667, -0.177124, -0.005371, -0.999512, 6.713866, -16.601568, 4.882814,Pick and Place
2549687, -0.272583, -0.028687, -1.026490, 1.403808, -12.390136, 8.117676,Pick and Place
2549707, -0.299072, 0.028809, -1.005982, 2.929687, -7.080076, 9.399414,Pick and Place
2549727, -0.245483, -0.008423, -0.999512, 1.708984, -3.845214, 12.695310,Pick and Place
2549747, -0.186768, 0.058228, -0.988037, 2.380371, -8.239746, 16.662600,Pick and Place
2549767, -0.259277, 0.068481, -1.019532, 6.530760, -26.794430, 20.507810,Pick and Place
2549787, -0.353272, 0.011108, -1.023194, 7.690428, -29.541010, 20.812980,Pick and Place
2549807, -0.370361, 0.004883, -1.005860, 0.671386, -28.930660, 23.803708,Pick and Place
2549827, -0.365723, 0.052856, -0.985108, -3.906249, -28.869624, 28.808590,Pick and Place
2549847, -0.369873, 0.081787, -0.949585, -6.347656, -32.714850, 33.935560,Pick and Place
2549867, -0.361328, 0.084351, -0.960449, -8.605960, -36.132820, 38.085940,Pick and Place
2549887, -0.396606, 0.098877, -0.987671, -8.422854, -41.748040, 41.442860,Pick and Place
2549907, -0.412842, 0.072388, -0.980225, -6.103514, -48.156730, 44.555660,Pick and Place
2549927, -0.437012, 0.064453, -0.937500, -5.432128, -52.307120, 50.842280,Pick and Place
2549947, -0.439941, 0.087158, -0.896606, -4.089356, -54.931630, 57.312000,Pick and Place
2549967, -0.423462, 0.105591, -0.879761, -1.770019, -58.166500, 62.438960,Pick and Place
2549987, -0.352783, 0.139771, -0.856323, 3.356933, -72.448740, 65.185560,Pick and Place
2550007, -0.340088, 0.169434, -0.828491, 7.934570, -87.890600, 63.293440,Pick and Place
2550027, -0.383789, 0.190918, -0.793823, 15.258788, -98.266580, 59.997550,Pick and Place
2550047, -0.446289, 0.169556, -0.752075, 23.681636, -101.562480, 56.457510,Pick and Place
2550067, -0.535645, 0.123291, -0.723999, 30.456540, -93.811020, 54.199210,Pick and Place
2550087, -0.610230, 0.088379, -0.698853, 33.752440, -74.157740, 52.062980,Pick and Place
2550107, -0.625732, 0.053833, -0.696655, 35.156260, -47.668440, 49.011220,Pick and Place
2550127, -0.557129, 0.043091, -0.721314, 33.569340, -22.521970, 45.227040,Pick and Place
2550147, -0.487061, 0.084717, -0.767090, 32.165540, -5.126952, 39.917000,Pick and Place
2550167, -0.535767, 0.051147, -0.817017, 36.621100, 10.253904, 30.822750,Pick and Place
2550187, -0.511963, -0.015015, -0.848022, 34.729010, 28.808590, 21.728510,Pick and Place
2550207, -0.465820, -0.006470, -0.833618, 32.043460, 52.001940, 10.437010,Pick and Place
2550227, -0.399048, 0.008789, -0.850464, 31.860350, 63.171380, 6.347656,Pick and Place
2550247, -0.351196, -0.068604, -0.902100, 34.912120, 61.462400, 5.310058,Pick and Place
2550267, -0.335205, -0.141602, -0.960205, 30.761716, 52.429190, 4.699708,Pick and Place
2550287, -0.289185, -0.117676, -0.985108, 26.245110, 38.513190, 4.272462,Pick and Place
2550307, -0.337524, -0.084961, -0.955322, 26.489250, 29.418940, 0.610352,Pick and Place
2550327, -0.405274, -0.119263, -0.939697, 27.221676, 34.423840, -4.272462,Pick and Place
2550347, -0.371704, -0.148560, -0.940430, 20.935052, 47.363270, -6.347656,Pick and Place
2550367, -0.280884, -0.090332, -0.952271, 15.624996, 52.673330, -4.760742,Pick and Place
2550387, -0.314453, -0.116699, -1.006714, 13.183590, 54.809560, -4.638672,Pick and Place
2550407, -0.305298, -0.171631, -1.060547, 9.338380, 56.762680, -6.286620,Pick and Place
2550427, -0.284180, -0.147339, -1.013062, -0.671386, 59.997550, -7.507323,Pick and Place
2550447, -0.164917, -0.119995, -1.038208, -6.164550, 49.499500, -1.098633,Pick and Place
2550467, -0.229614, -0.134522, -1.092286, -3.051757, 34.790040, 4.333496,Pick and Place
2550487, -0.309570, -0.196289, -1.079956, -7.934570, 35.644540, 7.751464,Pick and Place
2550507, -0.222900, -0.166138, -1.079102, -12.817380, 34.851080, 9.033204,Pick and Place
2550527, -0.100342, -0.156860, -1.054566, -17.639160, 16.235352, 11.718748,Pick and Place
2550547, -0.160156, -0.134766, -1.089966, -21.423332, -0.427246, 11.230468,Pick and Place
2550567, -0.216797, -0.141480, -1.121582, -29.541010, -1.342773, 6.652830,Pick and Place
2550587, -0.205933, -0.088013, -1.089966, -36.071780, 0.610352, 3.662109,Pick and Place
2550607, -0.165039, -0.028198, -1.041626, -41.015620, 0.488281, 5.126952,Pick and Place
2550627, -0.179443, 0.025391, -1.049805, -44.189440, -2.258301, 7.751464,Pick and Place
2550647, -0.150879, 0.109619, -1.059204, -45.227040, -7.019042, 5.798338,Pick and Place
2550667, -0.131226, 0.150635, -1.008301, -46.691880, -12.207030, 2.868652,Pick and Place
2550687, -0.091797, 0.227295, -0.925171, -47.790520, -21.728510, 1.281738,Pick and Place
2550707, -0.142822, 0.282227, -0.908936, -43.579090, -33.630380, 2.563476,Pick and Place
2550727, -0.274048, 0.276978, -0.928589, -42.541500, -31.372068, 3.051757,Pick and Place
2550747, -0.280884, 0.296509, -0.895996, -41.625960, -19.775390, -0.183105,Pick and Place
2550767, -0.251465, 0.336060, -0.817993, -40.649400, -10.681150, -2.014160,Pick and Place
2550787, -0.186279, 0.379883, -0.818970, -37.231450, -14.282224, 0.488281,Pick and Place
2550807, -0.273193, 0.338013, -0.893555, -29.724120, -21.057124, -0.244141,Pick and Place
2550827, -0.405029, 0.276245, -0.888672, -30.090330, -14.221190, -4.638672,Pick and Place
2550847, -0.433594, 0.268921, -0.865845, -27.832030, 0.122070, -9.277344,Pick and Place
2550867, -0.342163, 0.317871, -0.863281, -26.855464, 2.624511, -0.305176,Pick and Place
2550887, -0.279541, 0.315552, -0.838257, -20.080560, -12.878416, 2.197266,Pick and Place
2550907, -0.331177, 0.359131, -0.813354, -11.596676, -24.658200, -0.793457,Pick and Place
2550927, -0.369141, 0.362671, -0.831177, -0.732422, -21.667476, -9.338380,Pick and Place
2550947, -0.325195, 0.360108, -0.859009, 9.521484, -12.695310, -13.366696,Pick and Place
2550967, -0.369995, 0.295166, -0.914307, 20.996090, -8.911134, -14.770504,Pick and Place
2550987, -0.356445, 0.204956, -0.892456, 26.062010, -18.920900, -11.840818,Pick and Place
2551007, -0.289063, 0.197876, -0.867310, 25.268550, -41.625960, -10.620116,Pick and Place
2551027, -0.260376, 0.239136, -0.744751, 25.390620, -69.213880, -12.084960,Pick and Place
2551047, -0.205566, 0.254883, -0.655396, 30.273430, -94.543440, -16.601568,Pick and Place
2551067, -0.352051, 0.235230, -0.706177, 36.621100, -106.323220, -21.057124,Pick and Place
2551087, -0.770264, 0.013672, -0.808594, 41.320790, -39.428720, -32.043460,Pick and Place
2551107, -0.552856, 0.000366, -0.786133, 33.081060, 8.300784, -27.099608,Pick and Place
2551127, -0.481201, 0.045776, -0.804321, 30.944820, 23.864740, -13.305660,Pick and Place
2551147, -0.398926, 0.018066, -0.898194, 24.597160, 20.568840, -2.380371,Pick and Place
2551167, -0.462158, 0.027954, -1.002930, 18.310550, 9.216310, -4.272462,Pick and Place
2551187, -0.452881, -0.013428, -1.033081, 12.573240, -1.892090, -10.986324,Pick and Place
2551207, -0.420166, -0.048950, -1.075074, -0.793457, -16.540530, -14.526364,Pick and Place
2551227, -0.574097, -0.087036, -1.076782, -12.390136, -32.409680, -2.685546,Pick and Place
2551247, -0.624390, -0.019775, -1.044922, -12.451170, -8.117676, -2.502442,Pick and Place
2551267, -0.385498, -0.012695, -0.981201, -21.240230, -5.554198, 1.098633,Pick and Place
2551287, -0.521729, 0.010376, -1.016724, -20.812980, -6.103514, 6.164550,Pick and Place
2551307, -0.441162, -0.000244, -1.057984, -28.137200, 15.014646, 5.920409,Pick and Place
2551327, -0.401978, -0.014282, -1.057251, -31.066890, 22.338860, 4.089356,Pick and Place
2551347, -0.332153, -0.010376, -1.015747, -34.851080, 21.667476, 0.061035,Pick and Place
2551367, -0.272461, 0.045044, -0.989746, -37.170420, 12.878416, -4.455568,Pick and Place
2551387, -0.270752, 0.070313, -0.957031, -36.743170, 5.493162, -10.009768,Pick and Place
2551407, -0.289551, 0.100098, -0.938354, -36.254890, 1.892090, -15.258788,Pick and Place
2551427, -0.313843, 0.114746, -0.912720, -35.949720, 4.211426, -21.057124,Pick and Place
2551447, -0.308228, 0.118530, -0.873413, -36.560060, 4.028321, -27.038570,Pick and Place
2551467, -0.335327, 0.147827, -0.859497, -36.804200, 1.342773, -31.127924,Pick and Place
2551487, -0.368774, 0.156250, -0.848755, -35.766600, 3.112792, -33.264160,Pick and Place
2551507, -0.382202, 0.170410, -0.834106, -33.569340, 6.042480, -34.973150,Pick and Place
2551527, -0.430786, 0.191284, -0.801148, -31.494136, 15.258788, -39.489750,Pick and Place
2551547, -0.420654, 0.234131, -0.787232, -29.968260, 15.075680, -42.724600,Pick and Place
2551567, -0.438477, 0.253418, -0.775635, -27.221676, 12.207030, -46.081540,Pick and Place
2551587, -0.446655, 0.244019, -0.774292, -24.230950, 8.911134, -48.706040,Pick and Place
2551607, -0.464111, 0.245728, -0.762940, -22.644040, 6.774902, -51.635740,Pick and Place
2551627, -0.484375, 0.264282, -0.757690, -19.042970, 9.216310, -51.391590,Pick and Place
2551647, -0.478638, 0.262085, -0.742066, -14.648436, 11.901852, -49.377430,Pick and Place
2551667, -0.457275, 0.265381, -0.714600, -12.268064, 10.559080, -48.217760,Pick and Place
2551687, -0.505982, 0.267212, -0.694458, -8.972170, 8.056642, -48.217760,Pick and Place
2551707, -0.532593, 0.265503, -0.704590, -6.347656, 8.605960, -48.767080,Pick and Place
2551727, -0.551514, 0.264893, -0.743286, -3.662109, 11.291500, -47.546380,Pick and Place
2551747, -0.542725, 0.250000, -0.731323, -2.380371, 2.868652, -41.870110,Pick and Place
2551767, -0.611084, 0.284180, -0.746338, 0.671386, 0.183105, -37.170420,Pick and Place
2551787, -0.598633, 0.272827, -0.790772, 3.295898, 6.286620, -32.531740,Pick and Place
2551807, -0.559692, 0.290894, -0.804932, 3.540038, 6.958006, -28.259270,Pick and Place
2551827, -0.544922, 0.315064, -0.784912, 5.187988, 1.770019, -25.817870,Pick and Place
2551847, -0.573486, 0.312500, -0.798584, 8.056642, -2.075196, -27.038570,Pick and Place
2551867, -0.601440, 0.271851, -0.827515, 8.789064, 6.469726, -29.602044,Pick and Place
2551887, -0.483643, 0.215332, -0.803955, 2.563476, 6.591796, -23.498530,Pick and Place
2551907, -0.752930, 0.279053, -0.995117, -4.699708, -6.347656, -12.207030,Pick and Place
2551927, -0.589478, 0.181885, -0.986450, -7.019042, 12.390136, -9.826660,Pick and Place
2551947, -0.474976, 0.237427, -0.964234, -6.469726, -3.967285, -8.483890,Pick and Place
2551967, -0.574219, 0.184570, -0.890991, -4.455568, -11.657712, -6.958006,Pick and Place
2551987, -0.560181, 0.206421, -0.860230, -4.089356, -4.394532, -6.896972,Pick and Place
2552007, -0.566162, 0.183472, -0.844849, -1.770019, 13.366696, -5.004884,Pick and Place
2552027, -0.508667, 0.181274, -0.845215, -2.258301, 27.587884, 0.793457,Pick and Place
2552047, -0.476929, 0.172119, -0.827026, -0.122070, 35.583500, 2.685546,Pick and Place
2552067, -0.429688, 0.172363, -0.868896, -1.220704, 28.381340, 2.563476,Pick and Place
2552087, -0.411865, 0.177612, -0.877197, 1.098633, 27.282710, -3.967285,Pick and Place
2552107, -0.268066, 0.188721, -0.886108, -0.488281, 14.160152, -7.019042,Pick and Place
2552127, -0.285156, 0.157593, -0.895508, 0.976562, -11.352536, -9.033204,Pick and Place
2552147, -0.393311, 0.133423, -0.885864, 2.746581, -25.512690, -11.657712,Pick and Place
2552167, -0.458008, 0.104004, -0.904419, 3.479003, -27.038570, -10.498044,Pick and Place
2552187, -0.597900, 0.107422, -0.886963, 2.868652, -10.681150, -2.380371,Pick and Place
2552207, -0.510254, 0.133545, -0.894654, -0.183105, 1.037598, -0.366211,Pick and Place
2552227, -0.466187, 0.194458, -0.899048, -0.488281, 3.967285, -0.183105,Pick and Place
2552247, -0.418457, 0.213257, -0.900391, 0.427246, -3.051757, -1.342773,Pick and Place
2552267, -0.469360, 0.190186, -0.916260, 1.525878, -4.272462, -2.868652,Pick and Place
2552287, -0.454468, 0.157105, -0.900146, 0.549316, -3.967285, -3.906249,Pick and Place
2552307, -0.450928, 0.155884, -0.876221, -0.671386, -4.211426, -2.441407,Pick and Place
2552327, -0.460327, 0.155518, -0.864258, -0.244141, -3.234863, -0.061035,Pick and Place
2552347, -0.443115, 0.158936, -0.854858, 0.549316, -3.295898, 1.220704,Pick and Place
2552367, -0.431030, 0.142700, -0.860474, 0.976562, -4.272462, 0.305176,Pick and Place
2552387, -0.466553, 0.129761, -0.891113, -0.366211, -2.014160, -0.671386,Pick and Place
2552407, -0.453491, 0.120605, -0.894898, -3.845214, -3.723144, 1.770019,Pick and Place
2552427, -0.481690, 0.116211, -0.883789, -3.601074, -10.131832, 2.868652,Pick and Place
2552447, -0.481934, 0.136841, -0.905640, -5.676268, -13.549804, 2.929687,Pick and Place
2552467, -0.499390, 0.139771, -0.912842, -7.019042, -9.155274, 2.136231,Pick and Place
2552487, -0.481201, 0.152710, -0.886597, -10.070800, -8.422854, 4.028321,Pick and Place
2552507, -0.504272, 0.175415, -0.868408, -10.192870, -11.596676, 7.507323,Pick and Place
2552527, -0.531372, 0.187744, -0.859741, -10.009768, -10.742184, 8.605960,Pick and Place
2552547, -0.522949, 0.223267, -0.873047, -9.643556, -5.065916, 8.728030,Pick and Place
2552567, -0.531250, 0.213745, -0.874756, -7.507323, 2.441407, 8.178714,Pick and Place
2552587, -0.503540, 0.195435, -0.871338, -7.873534, 6.042480, 9.094240,Pick and Place
2552607, -0.478272, 0.207520, -0.861450, -9.277344, 3.479003, 11.047360,Pick and Place
2552627, -0.524658, 0.217773, -0.866699, -9.826660, 1.831054, 10.986324,Pick and Place
2552647, -0.538208, 0.204712, -0.846558, -10.437010, 4.943848, 11.169430,Pick and Place
2552667, -0.553101, 0.193115, -0.809326, -11.108396, 5.493162, 13.305660,Pick and Place
2552687, -0.572266, 0.206787, -0.811279, -13.488768, 11.962890, 16.418460,Pick and Place
2552707, -0.567139, 0.233521, -0.822998, -15.441892, 23.132320, 19.958500,Pick and Place
2552727, -0.572510, 0.238403, -0.844238, -18.371584, 36.010750, 24.047850,Pick and Place
2552747, -0.553101, 0.257324, -0.805176, -22.094720, 46.997060, 29.724120,Pick and Place
2552767, -0.462646, 0.311157, -0.828980, -23.010250, 47.302240, 34.790040,Pick and Place
2552787, -0.544434, 0.327637, -0.828003, -22.277830, 56.823720, 36.315920,Pick and Place
2552807, -0.435181, 0.329834, -0.819214, -22.460930, 60.241690, 40.161120,Pick and Place
2552827, -0.362061, 0.341553, -0.802368, -21.606440, 44.128410, 45.715320,Pick and Place
2552847, -0.410767, 0.366455, -0.805542, -15.136716, 20.263670, 55.236800,Pick and Place
2552867, -0.395874, 0.364868, -0.783203, -8.728030, 18.066410, 59.204090,Pick and Place
2552887, -0.347168, 0.372803, -0.736938, 0.183105, 6.958006, 65.612800,Pick and Place
2552907, -0.308228, 0.353394, -0.723267, 9.887696, -14.465330, 72.021500,Pick and Place
2552927, -0.293945, 0.380371, -0.734497, 19.592290, -40.527340, 75.500500,Pick and Place
2552947, -0.337891, 0.407715, -0.705811, 31.677240, -50.109860, 72.021500,Pick and Place
2552967, -0.330688, 0.390015, -0.669190, 43.640120, -43.945300, 65.429700,Pick and Place
2552987, -0.260132, 0.357178, -0.692383, 53.527820, -35.827640, 61.218250,Pick and Place
2553007, -0.210449, 0.349732, -0.737793, 61.462400, -31.188960, 58.593740,Pick and Place
2553027, -0.229736, 0.335938, -0.770386, 69.030760, -29.541010, 53.222640,Pick and Place
2553047, -0.274536, 0.302490, -0.838379, 76.782240, -25.390620, 44.494620,Pick and Place
2553067, -0.217529, 0.290283, -0.868164, 81.420880, -20.446770, 30.090330,Pick and Place
2553087, -0.117310, 0.260864, -0.829102, 83.740220, -29.968260, 23.010250,Pick and Place
2553107, -0.119995, 0.227417, -0.842529, 83.557100, -48.767080, 16.174320,Pick and Place
2553127, -0.297119, 0.168335, -0.939942, 85.083000, -50.231920, 6.286620,Pick and Place
2553147, -0.358398, 0.074341, -1.025757, 82.763660, -38.818360, -2.441407,Pick and Place
2553167, -0.307373, 0.040039, -0.992188, 76.782240, -39.245610, -4.272462,Pick and Place
2553187, -0.366089, 0.026245, -0.939820, 76.416040, -42.114250, -6.774902,Pick and Place
2553207, -0.421631, -0.038574, -0.930054, 72.265640, -31.677240, -9.033204,Pick and Place
2553227, -0.385254, -0.079712, -0.927612, 64.147960, -22.827140, -5.493162,Pick and Place
2553247, -0.468994, -0.124878, -0.964112, 57.617180, -12.817380, 1.159668,Pick and Place
2553267, -0.498169, -0.189575, -1.023804, 47.607410, 5.187988, 5.126952,Pick and Place
2553287, -0.404053, -0.122437, -1.053589, 32.470710, 16.601568, 6.652830,Pick and Place
2553307, -0.368774, -0.094482, -1.030762, 29.174800, 10.559080, 5.554198,Pick and Place
2553327, -0.324585, -0.112305, -0.986938, 27.770990, 1.586914, 0.793457,Pick and Place
2553347, -0.363037, -0.127075, -0.981934, 26.062010, -4.333496, -1.464844,Pick and Place
2553367, -0.462524, -0.160645, -0.991211, 23.315424, 6.896972, -0.488281,Pick and Place
2553387, -0.447754, -0.170532, -0.986450, 18.615724, 26.245110, 2.868652,Pick and Place
2553407, -0.361450, -0.179810, -0.971924, 14.465330, 39.184580, 3.295898,Pick and Place
2553427, -0.254395, -0.137207, -0.952881, 12.207030, 26.428220, 3.540038,Pick and Place
2553447, -0.319092, -0.190796, -0.960327, 8.850100, 23.376460, -2.929687,Pick and Place
2553468, -0.262695, -0.113892, -1.014282, 2.563476, 23.010250, -5.432128,Pick and Place
2553488, -0.214233, -0.146118, -0.989258, 0.488281, 12.634276, -2.868652,Pick and Place
2553508, -0.313232, -0.117554, -0.994873, 2.685546, -1.708984, -2.258301,Pick and Place
2553528, -0.412598, -0.145874, -0.976562, 3.662109, 9.765626, -9.338380,Pick and Place
2553548, -0.334229, -0.142822, -0.983276, -5.737304, 19.226080, -5.249022,Pick and Place
2553568, -0.310181, -0.094971, -0.969727, -3.356933, 16.601568, 3.295898,Pick and Place
2553588, -0.187744, -0.126221, -0.967041, -3.479003, 3.540038, -0.915527,Pick and Place
2553608, -0.302124, -0.163208, -1.030274, -0.793457, -3.112792, -2.990722,Pick and Place
2553628, -0.295166, -0.195435, -1.030030, -9.887696, -19.897460, 0.183105,Pick and Place
2553648, -0.332275, -0.127075, -0.968018, -5.920409, -21.972650, -5.981444,Pick and Place
2553668, -0.328858, -0.195313, -0.978272, -4.028321, -18.859868, -10.864256,Pick and Place
2553688, -0.368896, -0.256470, -1.020142, -9.826660, -14.770504, -9.399414,Pick and Place
2553708, -0.336304, -0.284912, -1.068848, -24.353020, -13.244628, -5.554198,Pick and Place
2553728, -0.238892, -0.300781, -1.046509, -33.203130, -23.254390, -8.483890,Pick and Place
2553748, -0.236938, -0.251953, -1.016968, -39.917000, -35.827640, -10.986324,Pick and Place
2553768, -0.314087, -0.167114, -0.992310, -43.029780, -39.062500, -13.671872,Pick and Place
2553788, -0.389771, -0.122437, -0.950440, -42.785640, -27.160640, -19.653320,Pick and Place
2553808, -0.360352, -0.095825, -0.935059, -41.931140, -10.742184, -24.475090,Pick and Place
2553828, -0.299438, -0.080078, -0.925171, -41.015620, -1.220704, -26.184080,Pick and Place
2553848, -0.243774, -0.046143, -0.897705, -40.710440, -2.136231, -27.893060,Pick and Place
2553868, -0.271973, 0.005615, -0.917725, -34.973150, -6.652830, -31.005852,Pick and Place
2553888, -0.387573, -0.063965, -0.918701, -28.930660, 3.356933, -39.184580,Pick and Place
2553908, -0.351318, -0.060425, -0.857178, -31.982420, 16.723632, -45.166000,Pick and Place
2553928, -0.224731, 0.086060, -0.761353, -28.503410, 13.671872, -45.227040,Pick and Place
2553948, -0.291870, 0.093262, -0.822876, -20.812980, 3.784179, -42.846670,Pick and Place
2553968, -0.453613, 0.050415, -0.883423, -17.761230, 7.446288, -42.907700,Pick and Place
2553988, -0.488037, 0.024170, -0.879272, -18.005376, 28.320310, -47.912590,Pick and Place
2554008, -0.419434, 0.075439, -0.859253, -20.324700, 40.588370, -50.292960,Pick and Place
2554028, -0.360718, 0.119873, -0.864258, -16.601568, 36.621100, -49.621580,Pick and Place
2554048, -0.353638, 0.144531, -0.886841, -9.277344, 26.733390, -48.583980,Pick and Place
2554068, -0.385742, 0.115845, -0.888428, -1.281738, 19.348150, -47.607410,Pick and Place
2554088, -0.445313, 0.087646, -0.878418, 2.441407, 18.005376, -45.959460,Pick and Place
2554108, -0.449219, 0.107544, -0.853394, 3.601074, 26.000970, -45.593250,Pick and Place
2554128, -0.404907, 0.124512, -0.863037, 6.896972, 28.686520, -42.724600,Pick and Place
2554148, -0.451294, 0.042114, -0.912842, 9.399414, 25.268550, -42.175280,Pick and Place
2554168, -0.423340, -0.021973, -0.909912, 5.126952, 25.817870, -40.405260,Pick and Place
2554188, -0.393066, -0.021606, -0.897217, -0.549316, 22.521970, -34.362800,Pick and Place
2554208, -0.377319, 0.025024, -0.899902, -3.967285, 18.615724, -28.259270,Pick and Place
2554228, -0.344360, 0.068237, -0.936768, -2.075196, 15.014646, -22.155760,Pick and Place
2554248, -0.323608, 0.056274, -0.964112, 1.159668, 10.131832, -17.517090,Pick and Place
2554268, -0.334961, 0.054321, -0.967529, 4.760742, 9.643556, -17.822270,Pick and Place
2554288, -0.359375, 0.023315, -0.939209, 6.286620, 12.145992, -17.395020,Pick and Place
2554308, -0.335816, 0.027588, -0.925415, 5.065916, 14.831540, -16.967780,Pick and Place
2554328, -0.279785, 0.009888, -0.942505, 5.432128, 9.155274, -14.831540,Pick and Place
2554348, -0.255127, -0.024658, -0.995606, -1.098633, -7.141112, -9.033204,Pick and Place
2554368, -0.448120, -0.017090, -1.053223, -2.075196, -3.540038, -5.432128,Pick and Place
2554388, -0.400391, -0.004883, -1.013428, -4.943848, 15.686032, -2.868652,Pick and Place
2554408, -0.258179, -0.025513, -0.991089, -5.187988, 19.836430, -0.366211,Pick and Place
2554428, -0.156006, 0.005371, -0.969116, -5.859374, 8.483890, 0.305176,Pick and Place
2554448, -0.190796, -0.020752, -0.971558, -2.929687, 0.244141, -1.953124,Pick and Place
2554468, -0.283936, -0.085327, -1.018555, -5.126952, 5.920409, -3.540038,Pick and Place
2554488, -0.263916, -0.118774, -1.064576, -11.535644, 12.145992, -0.305176,Pick and Place
2554508, -0.251831, -0.114746, -1.077148, -19.470220, 15.258788, 1.953124,Pick and Place
2554528, -0.130615, -0.058350, -1.062866, -27.343748, 10.559080, 3.845214,Pick and Place
2554548, -0.116089, -0.030029, -1.071167, -30.700680, -2.441407, 3.662109,Pick and Place
2554568, -0.156494, -0.006470, -1.084839, -36.865240, -11.535644, 1.220704,Pick and Place
2554588, -0.199219, 0.047974, -1.063965, -44.006340, -1.281738, -4.333496,Pick and Place
2554608, -0.115967, 0.110107, -1.028320, -46.997060, 0.305176, -5.187988,Pick and Place
2554628, -0.105469, 0.150024, -1.058960, -44.677720, -6.042480, -6.347656,Pick and Place
2554648, -0.098511, 0.147949, -1.035644, -43.334950, -15.991210, -8.300784,Pick and Place
2554668, -0.171997, 0.208862, -0.975464, -40.283200, -23.742670, -10.803220,Pick and Place
2554688, -0.248535, 0.215210, -0.901978, -35.217290, -20.446770, -12.573240,Pick and Place
2554708, -0.262207, 0.174683, -0.877930, -33.020020, -11.047360, -10.620116,Pick and Place
2554728, -0.204224, 0.183960, -0.880371, -35.461430, -10.192870, -4.577638,Pick and Place
2554748, -0.225830, 0.230225, -0.895752, -31.311030, -15.808104, -2.258301,Pick and Place
2554768, -0.317383, 0.218994, -0.919434, -24.353020, -12.634276, -7.446288,Pick and Place
2554788, -0.327515, 0.170532, -0.904907, -22.338860, -4.089356, -11.718748,Pick and Place
2554808, -0.249146, 0.192505, -0.849610, -22.277830, -10.192870, -9.399414,Pick and Place
2554828, -0.224121, 0.203735, -0.870117, -20.446770, -18.859868, -7.690428,Pick and Place
2554848, -0.270874, 0.205933, -0.871460, -15.502928, -25.634760, -7.751464,Pick and Place
2554868, -0.335571, 0.182007, -0.841064, -11.047360, -24.475090, -9.643556,Pick and Place
2554888, -0.350220, 0.162720, -0.838013, -5.676268, -16.967780, -9.765626,Pick and Place
2554908, -0.341309, 0.145386, -0.858032, -3.234863, -6.530760, -7.202148,Pick and Place
2554928, -0.311646, 0.190918, -0.878174, -1.831054, -0.793457, -3.479003,Pick and Place
2554948, -0.275513, 0.215332, -0.877808, 5.065916, -4.943848, -3.784179,Pick and Place
2554968, -0.230469, 0.170654, -0.875244, 9.948730, -17.700200, -7.080076,Pick and Place
2554988, -0.322876, 0.153198, -0.882568, 12.207030, -24.658200, -10.375976,Pick and Place
2555008, -0.347900, 0.118042, -0.888184, 10.559080, -19.409180, -9.399414,Pick and Place
2555028, -0.348389, 0.141480, -0.910278, 6.835936, -7.202148, -5.371092,Pick and Place
2555048, -0.363892, 0.166138, -0.926636, 5.432128, -4.821778, -3.662109,Pick and Place
2555068, -0.363159, 0.182861, -0.924805, 5.676268, -5.371092, -6.286620,Pick and Place
2555088, -0.372192, 0.193970, -0.924194, 6.103514, -5.065916, -8.056642,Pick and Place
2555108, -0.354736, 0.201660, -0.898560, 5.493162, -4.394532, -6.286620,Pick and Place
2555128, -0.317627, 0.237305, -0.891113, 4.516602, -10.559080, -1.892090,Pick and Place
2555148, -0.381836, 0.241455, -0.923462, 6.713866, -15.930172, 1.281738,Pick and Place
2555168, -0.430298, 0.215820, -0.922119, 6.103514, -12.695310, 1.403808,Pick and Place
2555188, -0.426270, 0.216675, -0.930542, 6.652830, -4.455568, 1.770019,Pick and Place
2555208, -0.391113, 0.212524, -0.943482, 5.859374, 0.305176, 4.394532,Pick and Place
2555228, -0.357666, 0.206543, -0.944946, 6.164550, -2.441407, 7.385252,Pick and Place
2555248, -0.303833, 0.194336, -0.931274, 5.371092, -20.324700, 7.873534,Pick and Place
2555268, -0.326538, 0.182739, -0.941406, 4.638672, -28.930660, 5.737304,Pick and Place
2555288, -0.373657, 0.171875, -0.933838, 2.868652, -32.531740, 4.272462,Pick and Place
2555308, -0.354004, 0.166626, -0.895752, 2.624511, -33.813480, 2.380371,Pick and Place
2555328, -0.348999, 0.156128, -0.885498, 2.624511, -36.804200, 2.441407,Pick and Place
2555348, -0.387451, 0.144653, -0.889526, 1.220704, -40.466300, 3.601074,Pick and Place
2555368, -0.442505, 0.136963, -0.910767, -0.366211, -37.841800, 2.929687,Pick and Place
2555388, -0.443970, 0.135620, -0.901612, -2.380371, -34.667980, 2.441407,Pick and Place
2555408, -0.432983, 0.156860, -0.872192, -2.075196, -35.339360, 3.234863,Pick and Place
2555428, -0.397461, 0.170166, -0.843628, -1.159668, -46.569820, 5.493162,Pick and Place
2555448, -0.511963, 0.174072, -0.855835, 0.549316, -53.833000, 5.493162,Pick and Place
2555468, -0.538086, 0.176147, -0.861450, 3.051757, -36.682140, 4.028321,Pick and Place
2555488, -0.480835, 0.195068, -0.794312, 6.408690, -31.555170, 6.347656,Pick and Place
2555508, -0.485718, 0.215820, -0.767700, 9.582520, -33.020020, 7.690428,Pick and Place
2555528, -0.533325, 0.219360, -0.804444, 11.962890, -27.770990, 3.356933,Pick and Place
2555548, -0.553833, 0.192261, -0.870850, 13.427732, -14.099120, -2.502442,Pick and Place
2555568, -0.512085, 0.149048, -0.866211, 11.840818, -6.286620, -6.103514,Pick and Place
2555588, -0.469727, 0.171509, -0.816040, 10.925290, -14.404296, -5.004884,Pick and Place
2555608, -0.568604, 0.161377, -0.819824, 12.023924, -17.211920, -6.958006,Pick and Place
2555628, -0.564820, 0.158081, -0.837891, 9.948730, -8.300784, -10.131832,Pick and Place
2555648, -0.545410, 0.158203, -0.854492, 9.155274, -1.586914, -9.948730,Pick and Place
2555668, -0.535889, 0.096436, -0.865601, 8.483890, 1.770019, -8.178714,Pick and Place
2555688, -0.569458, 0.065552, -0.893066, 1.403808, 0.671386, -1.647949,Pick and Place
2555708, -0.655274, 0.098877, -0.900635, -3.112792, 0.000000, 2.929687,Pick and Place
2555728, -0.784790, 0.107788, -0.795776, -7.324218, -2.014160, 9.399414,Pick and Place
2555748, -0.670166, 0.192505, -0.791870, -1.525878, 9.643556, 8.911134,Pick and Place
2555768, -0.621460, 0.183594, -0.798584, -5.310058, 4.821778, 13.610836,Pick and Place
2555788, -0.703491, 0.214111, -0.795654, -2.441407, 3.234863, 24.353020,Pick and Place
2555808, -0.681152, 0.236816, -0.755860, -2.014160, 5.737304, 28.991692,Pick and Place
2555828, -0.624024, 0.284790, -0.731934, 0.427246, 0.671386, 33.813480,Pick and Place
2555848, -0.620117, 0.315430, -0.720947, 4.028321, -6.164550, 36.132820,Pick and Place
2555868, -0.617676, 0.320190, -0.727539, 8.850100, -10.009768, 38.269050,Pick and Place
2555888, -0.598145, 0.304932, -0.718506, 13.732908, -16.113284, 39.001470,Pick and Place
2555908, -0.587280, 0.307251, -0.649292, 21.789548, -26.611320, 40.283200,Pick and Place
2555928, -0.570923, 0.292847, -0.656006, 26.916500, -32.592780, 40.954580,Pick and Place
2555948, -0.627808, 0.247437, -0.717774, 30.517570, -31.433100, 43.151840,Pick and Place
2555968, -0.675293, 0.200562, -0.741699, 31.372068, -20.324700, 45.959460,Pick and Place
2555988, -0.646240, 0.192993, -0.749756, 30.822750, -12.878416, 47.241200,Pick and Place
2556008, -0.619507, 0.193726, -0.768921, 30.212400, -9.826660, 48.095700,Pick and Place
2556028, -0.606690, 0.188355, -0.801148, 29.785150, -5.249022, 45.837400,Pick and Place
2556048, -0.572388, 0.162476, -0.830933, 27.404780, 0.122070, 42.297360,Pick and Place
2556068, -0.536621, 0.154785, -0.850586, 25.512690, -1.770019, 40.893540,Pick and Place
2556088, -0.521606, 0.137817, -0.865723, 25.878900, -6.408690, 39.855960,Pick and Place
2556108, -0.512207, 0.117676, -0.881348, 26.306150, -7.995604, 38.757330,Pick and Place
2556128, -0.516602, 0.103149, -0.868652, 23.559568, -5.615234, 36.315920,Pick and Place
2556148, -0.497192, 0.122437, -0.849365, 21.789548, -3.967285, 33.874520,Pick and Place
2556168, -0.476685, 0.120117, -0.835571, 21.850580, -7.507323, 31.311030,Pick and Place
2556188, -0.467041, 0.099976, -0.830566, 21.545408, -11.657712, 27.770990,Pick and Place
2556208, -0.473145, 0.081909, -0.813843, 21.728510, -11.413570, 23.620600,Pick and Place
2556228, -0.460205, 0.093628, -0.785400, 20.202630, -10.131832, 21.179192,Pick and Place
2556248, -0.450073, 0.112427, -0.779541, 20.324700, -10.864256, 18.981940,Pick and Place
2556268, -0.463013, 0.103638, -0.803101, 20.690910, -8.789064, 15.563964,Pick and Place
2556288, -0.467774, 0.089722, -0.812256, 20.446770, -6.958006, 11.291500,Pick and Place
2556308, -0.488403, 0.084595, -0.810303, 20.385740, -8.789064, 8.178714,Pick and Place
2556328, -0.506226, 0.090942, -0.799438, 21.057124, -10.009768, 5.310058,Pick and Place
2556348, -0.520508, 0.064575, -0.816284, 21.240230, -5.004884, 2.136231,Pick and Place
2556368, -0.529053, 0.055176, -0.828491, 19.958500, -4.150392, 2.502442,Pick and Place
2556388, -0.559448, 0.064819, -0.831055, 18.737796, -4.394532, 1.708984,Pick and Place
2556408, -0.559326, 0.083252, -0.836670, 18.981940, -2.441407, -0.671386,Pick and Place
2556428, -0.571045, 0.069702, -0.866333, 17.578130, 1.770019, -4.516602,Pick and Place
2556448, -0.548218, 0.084229, -0.868530, 15.991210, 8.056642, -5.981444,Pick and Place
2556468, -0.532471, 0.086792, -0.849487, 15.258788, 16.113284, -5.676268,Pick and Place
2556488, -0.508667, 0.084351, -0.855469, 14.404296, 20.629880, -3.906249,Pick and Place
2556508, -0.517944, 0.084839, -0.853638, 13.305660, 21.728510, -2.563476,Pick and Place
2556528, -0.504028, 0.058350, -0.927002, 7.141112, 6.835936, -0.122070,Pick and Place
2556548, -0.701538, 0.076660, -0.987549, 5.371092, 15.808104, -3.662109,Pick and Place
2556568, -0.540894, 0.128052, -0.911499, 1.159668, 17.944340, -3.112792,Pick and Place
2556588, -0.537720, 0.110596, -0.895630, 2.990722, 19.348150, -1.098633,Pick and Place
2556608, -0.540772, 0.111328, -0.888062, 3.479003, 22.216790, -1.525878,Pick and Place
2556628, -0.468750, 0.111694, -0.882690, 2.258301, 25.390620, -2.197266,Pick and Place
2556648, -0.430908, 0.142334, -0.887451, 1.708984, 15.197750, -1.770019,Pick and Place
2556668, -0.404541, 0.147095, -0.876953, 1.953124, -3.112792, -0.549316,Pick and Place
2556688, -0.522827, 0.128540, -0.870117, 4.211426, -11.352536, -4.455568,Pick and Place
2556708, -0.523560, 0.080811, -0.873657, 3.295898, -9.338380, -5.004884,Pick and Place
2556728, -0.539917, 0.062012, -0.868042, 0.671386, -3.540038, -3.723144,Pick and Place
2556748, -0.471680, 0.076660, -0.867432, 0.000000, -1.892090, -1.647949,Pick and Place
2556768, -0.462036, 0.063721, -0.868408, 0.854492, -5.554198, -2.807617,Pick and Place
2556788, -0.509278, 0.034302, -0.855591, 0.854492, -4.821778, -6.042480,Pick and Place
2556808, -0.514771, 0.046021, -0.847412, 0.793457, -1.464844, -5.737304,Pick and Place
2556828, -0.483032, 0.042114, -0.861816, 2.136231, -0.854492, -4.577638,Pick and Place
2556848, -0.511108, 0.028198, -0.823608, 3.967285, -0.732422, -6.896972,Pick and Place
2556868, -0.503174, 0.026489, -0.824829, 2.319336, 7.507323, -5.432128,Pick and Place
2556888, -0.537598, 0.006714, -0.873291, 1.403808, 17.822270, -3.845214,Pick and Place
2556908, -0.514648, -0.023438, -0.941162, -0.610352, 26.245110, -1.525878,Pick and Place
2556928, -0.463867, -0.070068, -1.004028, -4.760742, 21.484370, -2.746581,Pick and Place
2556948, -0.453125, -0.126831, -1.054810, -9.765626, 15.319820, -5.981444,Pick and Place
2556968, -0.375366, -0.152832, -1.022950, -18.554690, 2.441407, -8.850100,Pick and Place
2556988, -0.349121, -0.144897, -0.965210, -24.414060, -12.145992, -11.413570,Pick and Place
2557008, -0.412720, -0.189331, -0.961182, -32.165540, -8.972170, -14.831540,Pick and Place
2557028, -0.374634, -0.097778, -0.961548, -39.245610, 0.793457, -17.333990,Pick and Place
2557048, -0.399292, -0.026489, -0.948120, -36.499030, 16.174320, -24.780270,Pick and Place
2557068, -0.405029, -0.003906, -0.941406, -33.142100, 33.630380, -33.874520,Pick and Place
2557088, -0.424316, 0.012695, -0.927734, -28.747552, 52.062980, -42.236320,Pick and Place
2557108, -0.416626, 0.057861, -0.893188, -25.207516, 68.786640, -50.476060,Pick and Place
2557128, -0.378540, 0.156372, -0.869751, -18.737796, 78.674340, -56.091300,Pick and Place
2557148, -0.355347, 0.182861, -0.767822, -10.803220, 84.716780, -61.889640,Pick and Place
2557168, -0.301392, 0.224365, -0.699341, -5.432128, 85.876460, -63.598620,Pick and Place
2557188, -0.357300, 0.163208, -0.769776, -0.061035, 84.777800, -63.476560,Pick and Place
2557208, -0.434326, 0.130371, -0.874146, -4.577638, 91.674800, -62.133780,Pick and Place
2557228, -0.385742, 0.194092, -0.895508, -0.915527, 96.679660, -57.678220,Pick and Place
2557248, -0.325440, 0.211426, -0.882568, 4.211426, 81.665020, -53.161610,Pick and Place
2557268, -0.318482, 0.201660, -0.891602, 14.099120, 58.044420, -46.691880,Pick and Place
2557288, -0.346069, 0.186279, -0.896973, 20.263670, 39.550780, -42.663560,Pick and Place
2557308, -0.371704, 0.216553, -0.887940, 25.024410, 30.700680, -40.344230,Pick and Place
2557328, -0.394653, 0.201294, -0.865234, 30.395500, 30.517570, -36.193860,Pick and Place
2557348, -0.352783, 0.157593, -0.856079, 31.311030, 28.564450, -28.259270,Pick and Place
2557368, -0.257080, 0.139526, -0.845703, 28.686520, 16.174320, -18.920900,Pick and Place
2557388, -0.254272, 0.177856, -0.862915, 26.550290, -2.258301, -13.122556,Pick and Place
2557408, -0.338867, 0.184570, -0.901978, 27.282710, -9.521484, -12.878416,Pick and Place
2557428, -0.421021, 0.128296, -0.977783, 26.062010, 0.610352, -11.047360,Pick and Place
2557448, -0.248901, 0.054199, -1.029908, 14.587400, 19.348150, -8.239746,Pick and Place
2557468, -0.176147, 0.088867, -1.029175, 10.192870, 6.347656, -6.591796,Pick and Place
2557488, -0.203003, 0.094116, -1.026978, 14.160152, -5.310058, -4.394532,Pick and Place
2557508, -0.282227, 0.041992, -1.069336, 12.023924, 0.183105, -4.272462,Pick and Place
2557528, -0.075806, -0.012329, -1.145508, -3.784179, 7.080076, -3.723144,Pick and Place
2557548, -0.146118, 0.088623, -1.139038, -0.915527, -6.042480, 1.403808,Pick and Place
2557568, -0.243408, 0.020630, -1.129639, 2.441407, 0.976562, 2.990722,Pick and Place
2557588, -0.133667, 0.002197, -1.106079, -3.845214, -4.638672, 7.202148,Pick and Place
2557608, -0.222290, -0.046387, -1.161499, -3.845214, 2.014160, 6.774902,Pick and Place
2557628, -0.089844, 0.016724, -1.101807, -14.099120, -19.836430, 13.183590,Pick and Place
2557648, -0.251221, 0.012695, -1.023194, -4.455568, -30.029290, 16.052250,Pick and Place
2557668, -0.373535, 0.012207, -1.014526, -17.456060, -23.132320, 22.033690,Pick and Place
2557688, -0.401611, 0.021973, -1.008179, -22.521970, -10.131832, 28.503410,Pick and Place
2557708, -0.346558, 0.080322, -1.005982, -30.090330, -5.187988, 33.081060,Pick and Place
2557728, -0.294312, 0.143311, -0.995972, -30.090330, -11.169430, 36.193860,Pick and Place
2557748, -0.267334, 0.167969, -0.972900, -27.160640, -25.024410, 38.879400,Pick and Place
2557768, -0.256714, 0.171021, -0.916992, -21.972650, -39.978040, 43.457020,Pick and Place
2557788, -0.285156, 0.187988, -0.866333, -17.333990, -52.124020, 51.879880,Pick and Place
2557808, -0.304688, 0.175171, -0.828003, -12.268064, -57.556140, 53.588860,Pick and Place
2557828, -0.310425, 0.205322, -0.795776, -5.859374, -63.415520, 53.710930,Pick and Place
2557848, -0.406738, 0.180054, -0.785278, 5.920409, -59.936520, 53.405750,Pick and Place
2557868, -0.483154, 0.112061, -0.784302, 11.474608, -40.649400, 52.001940,Pick and Place
2557888, -0.411743, 0.100342, -0.783203, 14.770504, -7.568358, 55.358880,Pick and Place
2557908, -0.328369, 0.129761, -0.815430, 16.723632, 1.831054, 57.800280,Pick and Place
2557928, -0.203003, 0.141602, -0.854492, 20.690910, -1.098633, 56.457510,Pick and Place
2557948, -0.133179, 0.137207, -0.891236, 24.536130, -17.150880, 47.973620,Pick and Place
2557968, -0.124268, 0.133911, -0.894409, 30.212400, -36.376960, 35.095220,Pick and Place
2557988, -0.161133, 0.128174, -0.866455, 37.170420, -49.011220, 23.315424,Pick and Place
2558008, -0.364258, 0.021484, -0.883789, 45.715320, -39.611820, 14.587400,Pick and Place
2558028, -0.423218, -0.117065, -0.913452, 41.931140, -12.390136, 11.718748,Pick and Place
2558048, -0.258057, -0.128174, -0.902710, 31.799310, -2.807617, 14.709470,Pick and Place
2558068, -0.224487, -0.068604, -0.942505, 27.954100, -14.953610, 16.357424,Pick and Place
2558088, -0.271240, -0.058716, -1.034790, 28.747552, -29.724120, 13.000484,Pick and Place
2558108, -0.409302, -0.095337, -0.997314, 24.414060, -22.460930, 1.281738,Pick and Place
2558128, -0.402100, -0.083130, -0.948853, 19.775390, -5.432128, 0.854492,Pick and Place
2558148, -0.375244, -0.069336, -0.941528, 16.174320, 7.690428, 6.774902,Pick and Place
2558168, -0.343628, -0.061279, -1.005860, 13.549804, 15.624996, 7.934570,Pick and Place
2558188, -0.371094, -0.056152, -1.037598, 11.901852, 23.925780, 3.112792,Pick and Place
2558208, -0.322754, -0.072388, -1.021728, 11.718748, 27.587884, 0.793457,Pick and Place
2558228, -0.264282, -0.091309, -1.011230, 11.657712, 22.827140, 1.403808,Pick and Place
2558248, -0.202026, -0.097290, -0.982056, 10.986324, 13.732908, 1.953124,Pick and Place
2558268, -0.259399, -0.031616, -0.896240, 11.108396, 10.070800, -3.173828,Pick and Place
2558288, -0.337891, -0.031494, -0.880737, 17.578130, 26.977532, -10.253904,Pick and Place
2558308, -0.325806, -0.169067, -0.977661, 18.676760, 50.415030, -13.671872,Pick and Place
2558328, -0.057617, -0.240601, -1.029297, 2.502442, 30.700680, -7.873534,Pick and Place
2558348, -0.092041, -0.180176, -1.009888, 3.051757, -0.793457, -7.080076,Pick and Place
2558368, -0.218750, -0.240601, -1.033081, 2.258301, -16.723632, -6.958006,Pick and Place
2558388, -0.290649, -0.286621, -1.073242, -6.408690, -19.348150, -0.915527,Pick and Place
2558408, -0.233521, -0.283569, -1.042358, -19.042970, -25.756830, 6.774902,Pick and Place
2558428, -0.275513, -0.177246, -1.051636, -23.620600, -31.494136, 5.676268,Pick and Place
2558448, -0.356201, -0.177490, -1.060913, -28.198240, -19.165040, 2.380371,Pick and Place
2558468, -0.218628, -0.088501, -1.033936, -37.658700, -10.437010, 2.624511,Pick and Place
2558488, -0.144165, -0.003174, -1.056885, -37.597660, -21.545408, 4.699708,Pick and Place
2558508, -0.235596, 0.002319, -1.053955, -38.940440, -39.489750, 4.455568,Pick and Place
2558528, -0.287964, 0.063599, -1.001099, -40.466300, -47.302240, -3.295898,Pick and Place
2558548, -0.392212, 0.181885, -0.930054, -39.367680, -30.151360, -6.103514,Pick and Place
2558568, -0.403809, 0.198975, -0.939575, -39.550780, -16.967780, -2.807617,Pick and Place
2558588, -0.438355, 0.205200, -0.964478, -40.344230, -9.704590, -3.723144,Pick and Place
2558608, -0.434204, 0.248169, -0.913696, -40.588370, -13.916012, -5.493162,Pick and Place
2558628, -0.408691, 0.334839, -0.837524, -36.743170, -26.977532, -4.516602,Pick and Place
2558648, -0.501221, 0.351318, -0.809692, -27.770990, -31.982420, -3.479003,Pick and Place
2558668, -0.611084, 0.294556, -0.791138, -22.460930, -20.935052, -4.943848,Pick and Place
2558688, -0.591553, 0.274414, -0.809937, -20.568840, -2.258301, -3.662109,Pick and Place
2558708, -0.528809, 0.261597, -0.814209, -16.906740, 1.464844, 0.732422,Pick and Place
2558728, -0.478638, 0.248779, -0.815552, -10.559080, -2.929687, 1.525878,Pick and Place
2558748, -0.383423, 0.227417, -0.779907, -4.455568, -23.254390, 3.173828,Pick and Place
2558768, -0.420654, 0.242188, -0.702026, 6.225584, -56.884760, 3.234863,Pick and Place
2558788, -0.584106, 0.230347, -0.707154, 18.371584, -48.400870, -4.699708,Pick and Place
2558808, -0.579102, 0.147949, -0.732910, 23.864740, -19.531250, -10.131832,Pick and Place
2558828, -0.420654, 0.115601, -0.701172, 24.230950, -14.282224, -6.530760,Pick and Place
2558848, -0.401489, 0.103394, -0.730103, 27.099608, -30.578610, -1.098633,Pick and Place
2558868, -0.473022, 0.074219, -0.779541, 25.756830, -49.438460, -1.708984,Pick and Place
2558888, -0.484497, 0.068359, -0.802246, 23.864740, -60.791000, -7.995604,Pick and Place
2558908, -0.518311, 0.053589, -0.814820, 22.399900, -61.340320, -15.075680,Pick and Place
2558928, -0.666504, -0.004150, -0.875610, 23.376460, -45.288080, -20.141600,Pick and Place
2558948, -0.589600, -0.094360, -0.859009, 18.371584, -34.301760, -16.906740,Pick and Place
2558968, -0.614990, -0.088623, -0.817627, 14.465330, -33.020020, -11.047360,Pick and Place
2558988, -0.597656, -0.071899, -0.866211, 4.089356, -14.953610, -2.929687,Pick and Place
2559008, -0.649170, -0.134155, -0.965454, 1.525878, -5.493162, -0.061035,Pick and Place
2559028, -0.619141, -0.214844, -1.054566, -8.544924, -6.408690, -0.061035,Pick and Place
2559048, -0.591309, -0.136719, -1.002198, -15.014646, -10.742184, 3.967285,Pick and Place
2559068, -0.496582, -0.126099, -0.926026, -15.258788, -10.131832, 5.798338,Pick and Place
2559088, -0.579590, -0.081421, -0.907471, -21.362300, -17.089850, 8.850100,Pick and Place
2559108, -0.654053, -0.079712, -0.962280, -22.521970, 0.244141, 9.216310,Pick and Place
2559128, -0.575318, -0.081299, -1.014038, -27.099608, 15.991210, 5.126952,Pick and Place
2559148, -0.524536, -0.083008, -1.002930, -31.188960, 25.329584, 1.525878,Pick and Place
2559168, -0.419800, -0.039429, -0.942871, -36.621100, 21.667476, -2.624511,Pick and Place
2559188, -0.419312, 0.004272, -0.909302, -39.001470, 11.901852, -7.629394,Pick and Place
2559208, -0.445801, 0.079346, -0.869995, -40.832510, 10.742184, -14.038084,Pick and Place
2559228, -0.447510, 0.088379, -0.851562, -39.733900, 12.145992, -17.211920,Pick and Place
2559248, -0.469238, 0.107056, -0.831177, -38.391120, 16.357424, -20.202630,Pick and Place
2559268, -0.480591, 0.096191, -0.799438, -36.071780, 23.559568, -25.024410,Pick and Place
2559288, -0.504272, 0.081909, -0.778442, -35.888680, 29.724120, -30.944820,Pick and Place
2559308, -0.484009, 0.114014, -0.760132, -36.682140, 27.954100, -34.912120,Pick and Place
2559328, -0.466675, 0.146362, -0.748291, -35.766600, 16.845708, -36.560060,Pick and Place
2559348, -0.515015, 0.162476, -0.763916, -33.508300, 8.728030, -39.489750,Pick and Place
2559368, -0.563721, 0.157471, -0.767090, -31.311030, 10.742184, -41.748040,Pick and Place
2559388, -0.567749, 0.174927, -0.738526, -29.846190, 16.784670, -42.724600,Pick and Place
2559408, -0.598511, 0.209839, -0.718750, -26.367180, 27.282710, -43.395980,Pick and Place
2559428, -0.545654, 0.223389, -0.715820, -19.226080, 30.273430, -40.649400,Pick and Place
2559448, -0.545776, 0.196777, -0.727783, -15.075680, 24.841304, -39.672860,Pick and Place
2559468, -0.551270, 0.198975, -0.708862, -13.366696, 16.479492, -39.550780,Pick and Place
2559488, -0.573975, 0.227661, -0.676758, -10.314940, 3.906249, -37.597660,Pick and Place
2559508, -0.544800, 0.228394, -0.694580, -7.080076, -8.911134, -36.926280,Pick and Place
2559528, -0.619751, 0.228394, -0.725098, -3.601074, -14.038084, -37.353520,Pick and Place
2559548, -0.661133, 0.212769, -0.722290, -2.624511, -10.681150, -36.010750,Pick and Place
2559568, -0.646973, 0.212036, -0.712891, -2.990722, -10.253904, -33.325200,Pick and Place
2559588, -0.689575, 0.218384, -0.762451, -2.319336, -9.643556, -28.869624,Pick and Place
2559608, -0.716553, 0.228638, -0.800171, -3.723144, -0.427246, -23.498530,Pick and Place
2559628, -0.687988, 0.236450, -0.817139, -4.394532, 7.568358, -19.042970,Pick and Place
2559648, -0.653076, 0.263184, -0.818237, -4.272462, 7.080076, -16.052250,Pick and Place
2559668, -0.591553, 0.268677, -0.806274, -3.601074, 5.126952, -16.967780,Pick and Place
2559688, -0.567505, 0.256104, -0.800293, -2.441407, 0.305176, -17.211920,Pick and Place
2559708, -0.608765, 0.213989, -0.802734, -0.793457, -0.183105, -17.639160,Pick and Place
2559728, -0.587646, 0.189209, -0.779541, -0.183105, 0.976562, -17.028810,Pick and Place
2559748, -0.588867, 0.205444, -0.763550, 2.441407, -0.793457, -15.380856,Pick and Place
2559768, -0.576050, 0.183716, -0.745484, 6.103514, -0.549316, -13.122556,Pick and Place
2559788, -0.528809, 0.161621, -0.737427, 7.873534, -3.784179, -11.413570,Pick and Place
2559808, -0.557862, 0.128540, -0.762207, 9.338380, -4.821778, -12.268064,Pick and Place
2559828, -0.535156, 0.074097, -0.787720, 5.615234, -7.385252, -12.390136,Pick and Place
2559848, -0.686768, 0.066528, -0.909058, 2.319336, -8.789064, -11.230468,Pick and Place
2559868, -0.528931, 0.084473, -0.851929, -2.868652, -12.878416, -9.155274,Pick and Place
2559888, -0.670166, 0.058838, -0.821900, 1.586914, -20.446770, -4.333496,Pick and Place
2559908, -0.660767, 0.048950, -0.793091, -0.549316, -4.394532, -2.624511,Pick and Place
2559928, -0.609863, 0.071533, -0.826294, -0.305176, 5.310058, -1.831054,Pick and Place
2559948, -0.631592, 0.058472, -0.873169, -2.136231, 16.418460, 1.647949,Pick and Place
2559968, -0.530274, 0.082764, -0.867066, -4.577638, 11.962890, 2.807617,Pick and Place
2559988, -0.504272, 0.094604, -0.833496, -3.356933, -4.943848, 1.403808,Pick and Place
2560008, -0.581543, 0.107544, -0.758301, 0.000000, -19.470220, -3.051757,Pick and Place
2560028, -0.713989, 0.076172, -0.732544, 4.028321, -9.704590, -8.361816,Pick and Place
2560048, -0.614380, -0.024170, -0.883423, 2.685546, -4.638672, -3.356933,Pick and Place
2560068, -0.513794, -0.058472, -0.926514, -8.056642, 0.122070, 10.009768,Pick and Place
2560088, -0.818482, 0.053467, -0.847900, -10.131832, -21.850580, 20.202630,Pick and Place
2560108, -0.809326, 0.018921, -0.810303, -16.662600, -7.629394, 19.042970,Pick and Place
2560128, -0.660156, 0.085938, -0.819702, -25.634760, 5.493162, 19.531250,Pick and Place
2560148, -0.648438, 0.161621, -0.849610, -29.907220, 13.916012, 25.512690,Pick and Place
2560168, -0.710083, 0.197998, -0.743164, -28.198240, 10.986324, 33.142100,Pick and Place
2560188, -0.760864, 0.233276, -0.653198, -20.935052, 19.287110, 34.118660,Pick and Place
2560208, -0.700318, 0.207153, -0.645142, -18.798830, 45.471180, 33.874520,Pick and Place
2560228, -0.594971, 0.219849, -0.719116, -18.066410, 65.002440, 44.860830,Pick and Place
2560248, -0.500122, 0.306152, -0.752808, -17.761230, 62.683100, 59.143060,Pick and Place
2560268, -0.578736, 0.328613, -0.765625, -13.366696, 63.476560, 61.035140,Pick and Place
2560288, -0.486694, 0.337402, -0.755493, -12.573240, 74.951180, 54.748520,Pick and Place
2560308, -0.421387, 0.366089, -0.715942, -7.873534, 60.485830, 55.358880,Pick and Place
2560328, -0.570312, 0.363159, -0.759888, 0.793457, 62.805160, 57.373040,Pick and Place
2560348, -0.543457, 0.331177, -0.763672, 8.483890, 87.036100, 59.814440,Pick and Place
2560368, -0.438843, 0.326782, -0.791382, 15.502928, 122.863760, 62.561020,Pick and Place
2560388, -0.191162, 0.370606, -0.759644, 16.296390, 129.760760, 66.223160,Pick and Place
2560408, -0.081421, 0.417603, -0.782471, 19.409180, 106.018040, 66.955580,Pick and Place
2560428, -0.067261, 0.380127, -0.896240, 24.169920, 67.260740, 62.805160,Pick and Place
2560448, 0.016235, 0.363892, -0.882568, 31.249992, 11.535644, 58.593740,Pick and Place
2560468, -0.121338, 0.382202, -0.811157, 42.541500, -38.696300, 52.917470,Pick and Place
2560488, -0.199341, 0.276245, -0.879272, 50.476060, -48.461900, 50.109860,Pick and Place
2560508, -0.246582, 0.229248, -0.972412, 54.748520, -33.020020, 51.757800,Pick and Place
2560528, -0.156616, 0.236206, -1.021728, 57.495110, -9.094240, 60.363760,Pick and Place
2560548, -0.053955, 0.268311, -0.955933, 58.654780, -30.090330, 61.706540,Pick and Place
2560568, -0.005737, 0.274902, -0.899536, 63.476560, -67.810060, 52.062980,Pick and Place
2560588, -0.043091, 0.208374, -0.956299, 67.443860, -81.848140, 31.921380,Pick and Place
2560608, -0.223755, 0.102417, -1.033326, 67.138680, -63.049300, 16.601568,Pick and Place
2560628, -0.127441, 0.029663, -0.962402, 59.936520, -50.231920, 13.977050,Pick and Place
2560648, -0.031128, 0.015259, -0.851929, 58.410640, -74.890140, 18.981940,Pick and Place
2560668, -0.250366, -0.026978, -0.842529, 63.110340, -76.232920, 12.939450,Pick and Place
2560688, -0.530274, -0.123047, -0.924194, 58.837880, -13.916012, -0.244141,Pick and Place
2560708, -0.326538, -0.162598, -1.019532, 41.625960, 42.297360, -0.122070,Pick and Place
2560728, -0.036133, -0.165283, -1.071289, 32.409680, 31.921380, 8.361816,Pick and Place
2560748, -0.093262, -0.153931, -1.029419, 28.991692, -56.396480, 10.437010,Pick and Place
2560768, -0.429810, -0.154785, -0.996094, 31.188960, -56.762680, -5.432128,Pick and Place
2560788, -0.428711, -0.148682, -0.957886, 26.000970, -22.766110, -12.939450,Pick and Place
2560808, -0.369263, -0.116455, -0.934326, 24.597160, 5.493162, -6.530760,Pick and Place
2560828, -0.276611, -0.165283, -0.961060, 22.338860, 23.132320, 3.234863,Pick and Place
2560848, -0.251465, -0.180420, -0.994751, 18.127448, 26.489250, 3.417968,Pick and Place
2560868, -0.252197, -0.206421, -1.004394, 13.610836, 27.404780, -1.586914,Pick and Place
2560888, -0.124878, -0.202148, -0.994873, 5.371092, 26.245110, -9.155274,Pick and Place
2560908, 0.010864, -0.283325, -1.104858, -4.333496, -1.831054, -8.178714,Pick and Place
2560928, -0.195801, -0.297852, -1.152344, -15.686032, -52.062980, -5.249022,Pick and Place
2560948, -0.401489, -0.286011, -1.104980, -18.554690, -38.757330, -20.141600,Pick and Place
2560968, -0.193970, -0.250855, -0.964722, -27.404780, -35.156260, -25.451652,Pick and Place
2560988, -0.289307, -0.234253, -0.964112, -29.541010, -41.259760, -20.019532,Pick and Place
2561008, -0.339600, -0.198730, -0.960449, -32.836920, -39.917000, -20.507810,Pick and Place
2561028, -0.391113, -0.154663, -0.986450, -31.616208, -26.184080, -18.371584,Pick and Place
2561048, -0.372314, -0.170898, -1.039307, -32.714850, -10.375976, -16.174320,Pick and Place
2561068, -0.290649, -0.140015, -1.065552, -37.231450, -2.502442, -15.136716,Pick and Place
2561088, -0.244995, -0.050293, -1.048828, -39.062500, -6.591796, -19.165040,Pick and Place
2561108, -0.258667, -0.029053, -1.014038, -38.574220, -16.479492, -29.479976,Pick and Place
2561128, -0.331177, -0.030518, -0.996826, -39.428720, -16.418460, -40.161120,Pick and Place
2561148, -0.371216, -0.052490, -0.969971, -42.968740, -3.173828, -46.020500,Pick and Place
2561168, -0.322632, -0.006592, -0.955200, -47.607410, 5.920409, -45.837400,Pick and Place
2561188, -0.349976, 0.092529, -0.954468, -44.555660, 2.868652, -46.447740,Pick and Place
2561208, -0.439941, 0.088135, -0.950928, -39.855960, 3.173828, -48.767080,Pick and Place
2561228, -0.486938, 0.080200, -0.913086, -36.071780, 10.559080, -49.377430,Pick and Place
2561248, -0.478027, 0.054443, -0.851318, -33.020020, 19.287110, -46.874990,Pick and Place
2561268, -0.408081, 0.078125, -0.819946, -31.677240, 23.193352, -41.015620,Pick and Place
2561288, -0.406006, 0.125488, -0.849121, -29.296870, 21.301268, -37.231450,Pick and Place
2561308, -0.443237, 0.138794, -0.864990, -24.230950, 20.690910, -37.353520,Pick and Place
2561328, -0.461670, 0.129028, -0.834961, -20.629880, 23.132320, -40.893540,Pick and Place
2561348, -0.445679, 0.124390, -0.776001, -17.700200, 25.512690, -43.334950,Pick and Place
2561368, -0.414795, 0.179199, -0.760254, -16.662600, 24.597160, -40.649400,Pick and Place
2561388, -0.429810, 0.207397, -0.803711, -11.108396, 23.559568, -34.057620,Pick and Place
2561408, -0.493530, 0.177246, -0.862915, -7.019042, 31.616208, -28.930660,Pick and Place
2561428, -0.429810, 0.199219, -0.831543, -7.080076, 36.682140, -29.907220,Pick and Place
2561448, -0.342651, 0.244751, -0.804444, -4.699708, 29.907220, -28.686520,Pick and Place
2561468, -0.328003, 0.248779, -0.819214, -0.061035, 17.333990, -24.841304,Pick and Place
2561488, -0.376099, 0.237671, -0.862549, 4.394532, 5.493162, -22.949216,Pick and Place
2561508, -0.437134, 0.203369, -0.839966, 9.887696, 6.042480, -24.047850,Pick and Place
2561528, -0.459839, 0.192871, -0.825806, 12.023924, 16.723632, -25.207516,Pick and Place
2561548, -0.448608, 0.160645, -0.851929, 15.869140, 30.273430, -22.521970,Pick and Place
2561568, -0.372681, 0.109375, -0.915894, 16.479492, 34.851080, -18.432620,Pick and Place
2561588, -0.314697, 0.059204, -0.953125, 15.686032, 27.893060, -13.854978,Pick and Place
2561608, -0.297852, 0.059326, -0.948730, 14.099120, 13.305660, -13.183590,Pick and Place
2561628, -0.383911, 0.049072, -0.957520, 17.944340, 4.455568, -15.869140,Pick and Place
2561648, -0.380249, 0.003174, -0.979126, 17.211920, 14.465330, -14.892576,Pick and Place
2561668, -0.314453, -0.078613, -1.018433, 5.065916, 18.432620, -6.774902,Pick and Place
2561688, -0.299561, -0.057007, -1.116211, -3.845214, 20.935052, 0.732422,Pick and Place
2561708, -0.189087, 0.016357, -1.095093, -11.779784, 12.939450, 0.732422,Pick and Place
2561728, -0.240601, 0.042236, -1.061402, -6.042480, 4.455568, -4.150392,Pick and Place
2561748, -0.230225, -0.008911, -1.048828, -13.671872, 7.202148, -4.821778,Pick and Place
2561768, -0.185425, 0.044067, -1.064087, -17.028810, 3.234863, -0.671386,Pick and Place
2561788, -0.226074, 0.021729, -1.097412, -21.423332, 9.338380, 0.671386,Pick and Place
2561808, -0.171509, 0.034912, -1.134034, -29.113768, 16.479492, -0.915527,Pick and Place
2561828, -0.077637, 0.053955, -1.117554, -34.057620, 9.460450, -3.295898,Pick and Place
2561848, -0.149048, 0.112183, -1.071900, -35.766600, -12.695310, -6.408690,Pick and Place
2561868, -0.259888, 0.118408, -1.026978, -39.733900, -4.699708, -11.840818,Pick and Place
2561888, -0.238525, 0.151978, -1.004639, -47.363270, 16.723632, -13.366696,Pick and Place
2561908, -0.125610, 0.210327, -1.010620, -50.415030, 20.690910, -6.896972,Pick and Place
2561928, -0.083008, 0.257202, -1.044434, -44.372550, 5.920409, -1.586914,Pick and Place
2561948, -0.119995, 0.200806, -1.002076, -40.466300, -17.761230, -1.647949,Pick and Place
2561968, -0.241821, 0.253784, -0.888062, -37.109380, -35.400400, -3.601074,Pick and Place
2561988, -0.258789, 0.267578, -0.806885, -30.883784, -33.325200, -5.126952,Pick and Place
2562008, -0.234741, 0.257813, -0.776245, -31.616208, -27.221676, -1.708984,Pick and Place
2562028, -0.228638, 0.289795, -0.771729, -30.517570, -29.907220, 7.080076,Pick and Place
2562048, -0.247681, 0.298584, -0.828858, -24.658200, -39.184580, 9.338380,Pick and Place
2562068, -0.358643, 0.249146, -0.929444, -17.333990, -24.780270, -3.112792,Pick and Place
2562088, -0.300171, 0.273193, -0.884766, -15.991210, -18.859868, -4.150392,Pick and Place
2562108, -0.258423, 0.296631, -0.843750, -10.437010, -25.024410, -0.305176,Pick and Place
2562128, -0.218384, 0.330322, -0.811035, -5.554198, -42.480460, 2.563476,Pick and Place
2562148, -0.200195, 0.361816, -0.792725, 4.943848, -67.138680, 2.746581,Pick and Place
2562168, -0.300537, 0.321777, -0.791382, 15.441892, -80.383280, -1.953124,Pick and Place
2562188, -0.327393, 0.276123, -0.754028, 22.155760, -76.782240, -6.225584,Pick and Place
2562208, -0.379761, 0.250977, -0.740601, 27.465816, -74.035660, -8.178714,Pick and Place
2562228, -0.484253, 0.211182, -0.790161, 32.165540, -61.889640, -8.239746,Pick and Place
2562248, -0.466919, 0.127319, -0.827026, 32.958990, -50.109860, -8.850100,Pick and Place
2562268, -0.445313, 0.135620, -0.798340, 29.235832, -47.790520, -7.751464,Pick and Place
2562288, -0.609009, 0.117310, -0.915283, 27.893060, -32.714850, -13.305660,Pick and Place
2562308, -0.638794, 0.055176, -0.963013, 20.751950, -6.042480, -14.831540,Pick and Place
2562328, -0.538086, 0.061890, -0.962769, 9.704590, 4.272462, -8.728030,Pick and Place
2562348, -0.569580, 0.091187, -0.895386, 4.272462, -8.972170, 1.159668,Pick and Place
2562368, -0.611084, 0.085083, -0.918579, -1.953124, -21.118160, 8.056642,Pick and Place
2562388, -0.877320, 0.155884, -0.912232, -2.258301, -4.455568, 13.000484,Pick and Place
2562408, -0.597046, 0.170288, -0.884888, -3.173828, 28.564450, 14.465330,Pick and Place
2562428, -0.533936, 0.224854, -0.899536, -7.873534, 13.244628, 24.780270,Pick and Place
2562448, -0.591797, 0.243164, -0.866455, -6.530760, -2.075196, 30.578610,Pick and Place
2562468, -0.614990, 0.272095, -0.832764, -5.126952, -9.887696, 30.761716,Pick and Place
2562488, -0.630982, 0.273438, -0.829712, -4.211426, -9.460450, 32.897960,Pick and Place
2562508, -0.566040, 0.275146, -0.813232, -0.610352, -6.652830, 41.137680,Pick and Place
2562528, -0.539551, 0.286865, -0.789917, 1.525878, -12.512204, 45.776360,Pick and Place
2562548, -0.536499, 0.303223, -0.758667, 5.126952, -18.005376, 46.447740,Pick and Place
2562568, -0.513428, 0.318848, -0.752930, 9.338380, -19.958500, 43.518060,Pick and Place
2562588, -0.488648, 0.293945, -0.757935, 14.160152, -19.958500, 41.259760,Pick and Place
2562608, -0.466675, 0.271729, -0.751343, 16.235352, -19.470220, 41.442860,Pick and Place
2562628, -0.438477, 0.278198, -0.742798, 18.371584, -25.390620, 41.625960,Pick and Place
2562648, -0.478516, 0.265259, -0.762329, 21.667476, -27.343748, 39.733900,Pick and Place
2562668, -0.488770, 0.251953, -0.773560, 24.536130, -23.864740, 36.926280,Pick and Place
2562688, -0.491699, 0.226807, -0.803223, 26.184080, -20.874020, 34.057620,Pick and Place
2562708, -0.478516, 0.193970, -0.804810, 26.367180, -21.423332, 32.470710,Pick and Place
2562728, -0.465820, 0.188721, -0.780762, 25.329584, -28.259270, 32.348640,Pick and Place
2562748, -0.498657, 0.186279, -0.794434, 25.085448, -21.362300, 31.677240,Pick and Place
2562768, -0.454590, 0.202515, -0.801148, 25.390620, -10.925290, 30.456540,Pick and Place
2562788, -0.418457, 0.196899, -0.807007, 26.062010, -6.225584, 27.465816,Pick and Place
2562808, -0.349854, 0.189575, -0.797241, 25.451652, -7.873534, 22.277830,Pick and Place
2562828, -0.357544, 0.196777, -0.799927, 25.329584, -13.000484, 15.930172,Pick and Place
2562848, -0.434570, 0.200562, -0.845703, 27.160640, -8.666994, 10.314940,Pick and Place
2562868, -0.445435, 0.149170, -0.880127, 27.709956, -3.234863, 7.080076,Pick and Place
2562888, -0.429443, 0.123535, -0.880982, 26.062010, -4.699708, 6.042480,Pick and Place
2562908, -0.447388, 0.120117, -0.860718, 25.329584, -7.507323, 5.371092,Pick and Place
2562928, -0.478516, 0.122681, -0.863526, 23.620600, -6.896972, 5.371092,Pick and Place
2562948, -0.491089, 0.110230, -0.910522, 19.042970, 1.708984, 6.225584,Pick and Place
2562968, -0.451294, 0.130493, -0.892822, 16.296390, 1.403808, 5.920409,Pick and Place
2562988, -0.440918, 0.139282, -0.844116, 16.174320, -4.760742, 3.540038,Pick and Place
2563008, -0.403320, 0.140381, -0.799683, 16.784670, -13.732908, 0.976562,Pick and Place
2563028, -0.364380, 0.135742, -0.792114, 16.906740, -33.020020, 1.098633,Pick and Place
2563048, -0.405396, 0.153076, -0.825440, 15.380856, -57.983390, 1.342773,Pick and Place
2563068, -0.543213, 0.160156, -0.854736, 15.563964, -67.871100, -4.089356,Pick and Place
2563088, -0.589478, 0.128418, -0.818848, 14.221190, -64.025900, -9.948730,Pick and Place
2563108, -0.600708, 0.143433, -0.766602, 13.244628, -59.570300, -13.183590,Pick and Place
2563128, -0.675171, 0.139893, -0.758301, 12.939450, -52.001940, -13.916012,Pick and Place
2563148, -0.684937, 0.141846, -0.751709, 11.718748, -39.733900, -12.207030,Pick and Place
2563168, -0.698364, 0.126221, -0.767822, 11.840818, -19.897460, -10.009768,Pick and Place
2563188, -0.694458, 0.063232, -0.761963, 9.216310, -3.234863, -8.483890,Pick and Place
2563208, -0.797730, 0.125488, -0.836792, 5.310058, 3.479003, -0.427246,Pick and Place
2563228, -0.740112, 0.051514, -0.868530, 5.187988, 11.779784, 5.493162,Pick and Place
2563248, -0.702637, 0.081421, -0.858032, 3.295898, 2.441407, 6.286620,Pick and Place
2563268, -0.706421, 0.063232, -0.826172, 4.394532, 0.244141, 7.385252,Pick and Place
2563288, -0.691528, 0.056274, -0.791992, 5.004884, 1.647949, 5.187988,Pick and Place
2563308, -0.657471, 0.109741, -0.752197, 3.479003, 10.559080, 6.225584,Pick and Place
2563328, -0.611450, 0.135254, -0.757690, 4.516602, 15.624996, 5.126952,Pick and Place
2563348, -0.572266, 0.139160, -0.764160, 3.479003, 19.042970, 2.197266,Pick and Place
2563368, -0.555298, 0.114258, -0.812134, 4.577638, 18.188480, 0.976562,Pick and Place
2563388, -0.544434, 0.097656, -0.849365, 2.868652, 13.549804, -1.281738,Pick and Place
2563408, -0.559937, 0.068604, -0.823975, -0.427246, 5.126952, -1.098633,Pick and Place
2563428, -0.577637, 0.094482, -0.814575, -0.427246, -1.892090, -1.342773,Pick and Place
2563448, -0.585694, 0.092163, -0.792236, 1.647949, -2.197266, -2.502442,Pick and Place
2563468, -0.585816, 0.096558, -0.793701, 3.845214, 0.061035, -4.089356,Pick and Place
2563488, -0.601807, 0.085449, -0.817261, 4.882814, 0.915527, -4.028321,Pick and Place
2563508, -0.617432, 0.090942, -0.837646, 4.089356, 3.112792, -4.638672,Pick and Place
2563528, -0.640869, 0.085449, -0.836060, 4.333496, 5.554198, -4.699708,Pick and Place
2563548, -0.670044, 0.078735, -0.855713, 4.760742, 7.019042, -4.882814,Pick and Place
2563568, -0.625732, 0.056641, -0.830444, 5.065916, 2.990722, -2.197266,Pick and Place
2563588, -0.556030, 0.052856, -0.816772, 6.469726, -3.173828, -3.479003,Pick and Place
2563608, -0.587402, -0.047241, -0.865479, 2.380371, 0.732422, -4.699708,Pick and Place
2563628, -0.673096, -0.073853, -0.947754, -3.479003, 5.554198, -1.281738,Pick and Place
2563648, -0.650879, -0.099854, -0.988281, -9.155274, 20.019532, -2.990722,Pick and Place
2563668, -0.591431, -0.113647, -0.989746, -13.610836, 33.630380, -2.685546,Pick and Place
2563688, -0.520996, -0.187500, -0.930298, -18.920900, 44.616690, -2.685546,Pick and Place
2563708, -0.306030, -0.206299, -0.832276, -30.944820, 35.522460, -4.943848,Pick and Place
2563728, -0.270142, -0.070923, -0.810669, -39.184580, 11.596676, -7.324218,Pick and Place
2563748, -0.377319, 0.075684, -0.877197, -38.146980, 5.249022, -14.038084,Pick and Place
2563768, -0.499146, 0.079956, -0.933228, -32.043460, 19.042970, -25.146480,Pick and Place
2563788, -0.497803, 0.049316, -0.939575, -31.555170, 44.250480, -38.146980,Pick and Place
2563808, -0.389038, 0.060059, -0.907227, -32.592780, 55.297840, -47.424300,Pick and Place
2563828, -0.406006, 0.121338, -0.820190, -28.991692, 47.546380, -57.739250,Pick and Place
2563848, -0.622559, 0.150269, -0.826172, -20.263670, 71.044940, -66.955580,Pick and Place
2563868, -0.642334, 0.108643, -0.738281, -15.930172, 118.469220, -76.416040,Pick and Place
2563888, -0.299316, 0.146362, -0.647583, -23.071284, 125.732400, -72.814940,Pick and Place
2563908, -0.313721, 0.281738, -0.736328, -17.395020, 84.228500, -63.598620,Pick and Place
2563928, -0.592041, 0.189575, -0.888306, -8.239746, 72.509780, -60.913080,Pick and Place
2563948, -0.657593, 0.134155, -0.973633, -11.657712, 94.299300, -64.819340,Pick and Place
2563968, -0.530884, 0.141357, -0.969604, -15.197750, 111.694320, -64.453140,Pick and Place
2563988, -0.342896, 0.204224, -0.922974, -17.150880, 101.989720, -60.852040,Pick and Place
2564008, -0.307373, 0.244263, -0.879517, -7.019042, 85.571260, -57.556140,Pick and Place
2564028, -0.387329, 0.218994, -0.817749, 0.549316, 78.979500, -56.335440,Pick and Place
2564048, -0.353272, 0.208862, -0.802490, 3.051757, 79.956060, -43.334950,Pick and Place
2564068, -0.182739, 0.249512, -0.839356, 7.690428, 63.537590, -32.409680,Pick and Place
2564088, -0.150024, 0.235107, -0.935547, 15.686032, 39.001470, -21.850580,Pick and Place
2564108, -0.252441, 0.190064, -0.983032, 25.024410, 15.563964, -14.221190,Pick and Place
2564128, -0.382690, 0.102783, -1.005616, 28.686520, 16.845708, -13.854978,Pick and Place
2564148, -0.285156, 0.043091, -0.986206, 18.005376, 30.273430, -14.343260,Pick and Place
2564168, -0.109619, 0.092285, -0.997314, 8.117676, 24.780270, -6.774902,Pick and Place
2564188, -0.055542, 0.115356, -1.006714, 7.202148, 7.385252, -0.793457,Pick and Place
2564208, -0.125732, 0.133179, -1.001709, 9.033204, -11.047360, -0.244141,Pick and Place
2564228, -0.264404, 0.088623, -0.974976, 11.352536, -11.108396, 0.305176,Pick and Place
2564248, -0.192139, 0.059448, -0.975708, 3.967285, 0.305176, 0.000000,Pick and Place
2564268, -0.125488, 0.104980, -1.044922, 4.821778, -0.854492, 10.070800,Pick and Place
2564288, -0.114990, 0.101563, -1.029908, 9.643556, -6.774902, 9.948730,Pick and Place
2564308, -0.248657, 0.041992, -1.019898, 10.986324, 5.859374, 2.136231,Pick and Place
2564328, -0.111572, -0.018188, -1.049805, 2.197266, 24.658200, 2.746581,Pick and Place
2564348, -0.014526, 0.075562, -1.024902, -0.488281, 17.089850, 7.141112,Pick and Place
2564368, 0.034668, 0.050659, -1.004272, 2.136231, 4.882814, 9.887696,Pick and Place
2564388, -0.045898, 0.062256, -0.976196, 6.896972, -4.394532, 9.765626,Pick and Place
2564408, -0.087158, -0.012695, -0.978272, 8.056642, -0.671386, 5.249022,Pick and Place
2564428, -0.104492, -0.034668, -0.977051, 2.380371, 8.911134, 1.892090,Pick and Place
2564448, -0.023682, 0.011719, -0.971558, -0.366211, 7.995604, 1.953124,Pick and Place
2564468, 0.011475, 0.055908, -0.966797, 3.356933, -4.821778, 2.685546,Pick and Place
2564488, -0.044556, 0.040649, -0.982910, 5.554198, -18.676760, 5.554198,Pick and Place
2564508, -0.176514, 0.061279, -0.977661, 6.896972, -23.620600, 8.056642,Pick and Place
2564528, -0.187378, 0.029663, -1.023438, 4.272462, -19.836430, 10.742184,Pick and Place
2564548, -0.116699, 0.048096, -1.054566, 2.624511, -26.245110, 16.845708,Pick and Place
2564568, -0.289917, 0.066162, -1.030274, 6.225584, -34.545900, 19.592290,Pick and Place
2564588, -0.423218, -0.005615, -0.998657, 4.638672, -8.361816, 19.287110,Pick and Place
2564608, -0.191772, 0.019043, -1.077881, -8.056642, 3.479003, 23.620600,Pick and Place
2564628, -0.115112, 0.044434, -1.149536, -11.230468, -11.474608, 30.334470,Pick and Place
2564648, -0.181763, 0.078369, -1.119996, -13.916012, -35.400400, 33.569340,Pick and Place
2564668, -0.253540, 0.111572, -1.101318, -13.122556, -55.725090, 34.973150,Pick and Place
2564688, -0.439087, 0.153198, -1.061890, -10.681150, -58.288560, 42.785640,Pick and Place
2564708, -0.442017, 0.113037, -0.985962, -10.742184, -42.175280, 51.879880,Pick and Place
2564728, -0.471924, 0.097778, -0.972168, -17.089850, -26.000970, 63.720700,Pick and Place
2564748, -0.275269, 0.171997, -0.976440, -20.629880, -29.541010, 67.993180,Pick and Place
2564768, -0.247925, 0.188110, -0.963989, -15.563964, -43.701160, 74.707040,Pick and Place
2564788, -0.203125, 0.215698, -0.926514, -12.451170, -64.392100, 76.538100,Pick and Place
2564808, -0.237793, 0.228882, -0.853882, -5.676268, -80.200200, 74.951180,Pick and Place
2564828, -0.320679, 0.235107, -0.792969, 1.770019, -77.209480, 71.289060,Pick and Place
2564848, -0.309082, 0.220947, -0.762818, 7.202148, -68.481460, 68.603540,Pick and Place
2564868, -0.258545, 0.203857, -0.744629, 13.061520, -66.223160, 66.406260,Pick and Place
2564888, -0.194092, 0.197998, -0.747803, 17.272950, -72.509780, 62.011710,Pick and Place
2564908, -0.154419, 0.226563, -0.739136, 22.949216, -86.975080, 55.725090,Pick and Place
2564928, -0.199951, 0.232300, -0.738648, 32.897960, -100.891100, 36.682140,Pick and Place
2564948, -0.283203, 0.122070, -0.708984, 46.997060, -101.074200, 20.812980,Pick and Place
2564968, -0.472778, 0.015747, -0.695190, 52.978500, -88.378900, 6.958006,Pick and Place
2564988, -0.701416, -0.099365, -0.712769, 55.480940, -50.170890, 0.244141,Pick and Place
2565008, -0.680176, -0.174438, -0.763916, 46.508780, -2.380371, 0.366211,Pick and Place
2565028, -0.491577, -0.145264, -0.845215, 36.682140, 27.709956, 4.882814,Pick and Place
2565048, -0.391235, -0.113525, -0.916992, 31.799310, 34.851080, 3.173828,Pick and Place
2565068, -0.439087, -0.108765, -0.951172, 31.494136, 39.917000, -6.347656,Pick and Place
2565088, -0.473511, -0.142090, -0.928589, 27.526850, 55.114740, -15.197750,Pick and Place
2565108, -0.420044, -0.143799, -0.941650, 22.583000, 68.298340, -16.479492,Pick and Place
2565128, -0.310669, -0.137939, -0.961182, 16.845708, 70.678720, -11.840818,Pick and Place
2565148, -0.213135, -0.117920, -1.007202, 13.427732, 60.119620, -2.990722,Pick and Place
2565168, -0.297363, -0.163696, -1.090942, 14.160152, 28.930660, -3.662109,Pick and Place
2565188, -0.441040, -0.170166, -1.132446, 1.586914, 39.855960, -7.019042,Pick and Place
2565208, -0.315308, -0.143677, -1.108276, -3.967285, 45.227040, -5.310058,Pick and Place
2565228, -0.288940, -0.117065, -1.089600, -8.300784, 44.921860, -0.244141,Pick and Place
2565248, -0.286499, -0.069092, -1.093994, -8.300784, 39.245610, 1.770019,Pick and Place
2565268, -0.314087, -0.019043, -1.064087, -7.446288, 42.541500, -0.549316,Pick and Place
2565288, -0.256958, -0.018799, -1.086792, -4.211426, 45.593250, -1.586914,Pick and Place
2565308, -0.150269, -0.079468, -1.077515, -7.751464, 37.536620, -0.061035,Pick and Place
2565328, -0.093384, -0.066528, -1.035889, -11.047360, 12.695310, 2.929687,Pick and Place
2565348, -0.186890, -0.062134, -1.023682, -13.916012, -0.549316, 2.624511,Pick and Place
2565368, -0.286987, -0.050049, -1.045044, -15.197750, 2.502442, -15.624996,Pick and Place
2565388, -0.207642, -0.094360, -1.048706, -25.024410, 20.690910, -0.366211,Pick and Place
2565408, -0.090576, -0.061157, -1.046387, -32.226570, 10.314940, 1.098633,Pick and Place
2565428, -0.133179, -0.035645, -1.036499, -35.888680, -4.455568, -1.953124,Pick and Place
2565448, -0.180420, 0.055908, -0.981079, -43.518060, -13.000484, -5.920409,Pick and Place
2565468, -0.216064, 0.152954, -0.923950, -43.212880, -16.052250, -5.126952,Pick and Place
2565488, -0.238647, 0.175781, -0.888428, -45.227040, -14.770504, -3.417968,Pick and Place
2565508, -0.200562, 0.212891, -0.890869, -48.583980, -21.179192, 0.183105,Pick and Place
2565528, -0.302246, 0.289551, -0.887695, -48.706040, -33.325200, 4.699708,Pick and Place
2565548, -0.353638, 0.353027, -0.821655, -45.776360, -29.541010, 4.272462,Pick and Place
2565568, -0.323608, 0.391968, -0.812866, -39.123540, -27.648920, 3.601074,Pick and Place
2565588, -0.322876, 0.349121, -0.862671, -33.020020, -27.709956, 3.173828,Pick and Place
2565608, -0.381592, 0.303711, -0.883545, -25.878900, -26.306150, 1.220704,Pick and Place
2565628, -0.391602, 0.274170, -0.854614, -20.141600, -28.564450, -2.136231,Pick and Place
2565648, -0.357300, 0.276489, -0.809937, -15.136716, -36.438000, -3.173828,Pick and Place
2565668, -0.386230, 0.235474, -0.887085, -9.887696, -43.518060, -5.004884,Pick and Place
2565688, -0.467407, 0.249634, -0.945801, -7.019042, -32.653820, -8.422854,Pick and Place
2565708, -0.432495, 0.266846, -0.867188, -0.305176, -23.498530, -8.300784,Pick and Place
2565728, -0.311279, 0.276611, -0.817017, 6.164550, -40.954580, -3.967285,Pick and Place
2565748, -0.387085, 0.278076, -0.842407, 13.305660, -50.354000, -7.629394,Pick and Place
2565768, -0.431763, 0.253540, -0.863404, 20.019532, -46.264640, -11.901852,Pick and Place
2565788, -0.461182, 0.202393, -0.869507, 26.123040, -33.020020, -18.554690,Pick and Place
2565808, -0.365845, 0.185913, -0.758789, 27.954100, -33.813480, -17.639160,Pick and Place
2565828, -0.362183, 0.171997, -0.688965, 32.348640, -57.067860, -13.671872,Pick and Place
2565848, -0.607056, 0.074951, -0.857544, 33.081060, -45.104970, -16.662600,Pick and Place
2565868, -0.685303, -0.013428, -0.910522, 25.390620, -6.652830, -19.348150,Pick and Place
2565888, -0.507080, 0.050903, -0.862183, 18.005376, 10.192870, -14.587400,Pick and Place
2565908, -0.469849, 0.060791, -0.845581, 16.174320, 3.723144, -7.629394,Pick and Place
2565928, -0.445435, 0.051270, -0.859741, 13.061520, -11.657712, -4.882814,Pick and Place
2565948, -0.496094, 0.061646, -0.932007, 11.230468, -21.606440, -9.155274,Pick and Place
2565968, -0.573975, 0.003296, -0.959229, 8.178714, -10.314940, -11.718748,Pick and Place
2565988, -0.555420, -0.060669, -0.995850, -3.356933, 6.164550, -8.972170,Pick and Place
2566008, -0.519165, -0.092285, -1.049805, -14.770504, 3.601074, 3.173828,Pick and Place
2566028, -0.556030, 0.039307, -0.985108, -17.333990, -1.037598, 2.075196,Pick and Place
2566048, -0.461792, 0.023804, -0.963501, -18.859868, -12.817380, 1.464844,Pick and Place
2566068, -0.521362, -0.007690, -0.963013, -20.751950, -2.929687, 2.624511,Pick and Place
2566088, -0.450440, 0.036499, -0.957154, -25.695796, 3.845214, 4.150392,Pick and Place
2566108, -0.454956, 0.046631, -0.971680, -27.404780, 10.498044, 3.112792,Pick and Place
2566128, -0.387695, 0.056396, -0.955444, -30.883784, 13.061520, -2.258301,Pick and Place
2566148, -0.365479, 0.062134, -0.941162, -32.043460, 7.934570, -9.033204,Pick and Place
2566168, -0.357544, 0.080444, -0.914551, -33.569340, 2.685546, -13.916012,Pick and Place
2566188, -0.395630, 0.091919, -0.885742, -33.569340, 3.173828, -17.639160,Pick and Place
2566208, -0.384888, 0.086060, -0.847656, -34.973150, 9.338380, -20.690910,Pick and Place
2566228, -0.406494, 0.115356, -0.835083, -35.888680, 13.854978, -23.376460,Pick and Place
2566248, -0.396240, 0.192383, -0.828613, -34.606940, 19.897460, -26.245110,Pick and Place
2566268, -0.413452, 0.186279, -0.860596, -28.625480, 27.709956, -31.982420,Pick and Place
2566288, -0.411987, 0.153564, -0.844727, -27.893060, 30.273430, -35.888680,Pick and Place
2566308, -0.376709, 0.155640, -0.800659, -29.541010, 23.437492, -39.550780,Pick and Place
2566328, -0.437866, 0.175415, -0.817139, -28.625480, 19.165040, -42.907700,Pick and Place
2566348, -0.495239, 0.159668, -0.857422, -28.076170, 25.817870, -44.494620,Pick and Place
2566368, -0.469849, 0.146973, -0.863526, -28.015130, 31.433100, -45.471180,Pick and Place
2566388, -0.438232, 0.168701, -0.829346, -27.282710, 30.334470, -45.715320,Pick and Place
2566408, -0.384644, 0.240967, -0.766358, -25.512690, 23.010250, -45.593250,Pick and Place
2566428, -0.394043, 0.299438, -0.736938, -18.981940, 14.404296, -45.776360,Pick and Place
2566448, -0.459473, 0.293823, -0.751587, -13.916012, 17.211920, -47.302240,Pick and Place
2566468, -0.473511, 0.312500, -0.751221, -11.901852, 21.911620, -48.034660,Pick and Place
2566488, -0.468018, 0.338135, -0.738892, -4.638672, 20.507810, -48.217760,Pick and Place
2566508, -0.472412, 0.324463, -0.768066, -0.366211, 12.084960, -46.691880,Pick and Place
2566528, -0.545532, 0.292480, -0.812378, 2.563476, 4.943848, -45.043940,Pick and Place
2566548, -0.580688, 0.277466, -0.804077, 2.502442, 2.563476, -44.616690,Pick and Place
2566568, -0.593872, 0.282593, -0.812500, 3.784179, 3.540038, -42.297360,Pick and Place
2566588, -0.591187, 0.274902, -0.812866, 5.004884, 5.310058, -38.024910,Pick and Place
2566608, -0.574463, 0.255737, -0.801026, 7.080076, 4.089356, -32.592780,Pick and Place
2566628, -0.539795, 0.225220, -0.851685, 1.892090, -7.568358, -20.263670,Pick and Place
2566648, -0.681641, 0.234375, -0.958618, 5.432128, 2.014160, -19.470220,Pick and Place
2566668, -0.489624, 0.209595, -0.967896, -4.028321, 2.563476, -15.136716,Pick and Place
2566688, -0.549927, 0.204834, -0.962524, -2.014160, -20.568840, -9.948730,Pick and Place
2566708, -0.548340, 0.146240, -0.912476, -6.408690, -18.066410, -7.141112,Pick and Place
2566728, -0.538086, 0.239624, -0.806763, -2.563476, -24.719230, -4.638672,Pick and Place
2566748, -0.559814, 0.248901, -0.803467, -1.159668, -16.601568, 1.831054,Pick and Place
2566768, -0.524048, 0.239014, -0.829102, 0.427246, -3.540038, -1.098633,Pick and Place
2566788, -0.394287, 0.190186, -0.838379, -1.037598, -0.610352, -2.075196,Pick and Place
2566808, -0.459595, 0.190308, -0.827515, 0.549316, -7.324218, -4.394532,Pick and Place
2566828, -0.433594, 0.170288, -0.825195, 1.647949, -13.366696, -4.577638,Pick and Place
2566848, -0.533325, 0.141724, -0.833130, 4.211426, -4.516602, -5.432128,Pick and Place
2566868, -0.497192, 0.096680, -0.840454, 2.746581, 6.530760, -3.662109,Pick and Place
2566888, -0.475342, 0.108276, -0.868164, 0.915527, 8.239746, -0.915527,Pick and Place
2566908, -0.448364, 0.133667, -0.875732, 1.220704, 2.502442, -0.183105,Pick and Place
2566928, -0.499878, 0.138306, -0.906128, 2.929687, -3.295898, -2.197266,Pick and Place
2566948, -0.506592, 0.119995, -0.927612, 0.854492, -1.098633, -2.624511,Pick and Place
2566968, -0.498535, 0.134155, -0.931396, -1.770019, -0.488281, -1.708984,Pick and Place
2566988, -0.478516, 0.149292, -0.924805, -3.417968, -5.371092, -0.488281,Pick and Place
2567008, -0.466797, 0.141724, -0.898926, -2.807617, -13.244628, -0.305176,Pick and Place
2567028, -0.495728, 0.148560, -0.897583, -2.014160, -13.793944, -0.732422,Pick and Place
2567048, -0.524536, 0.118164, -0.897217, -3.051757, -6.896972, -0.183105,Pick and Place
2567068, -0.500610, 0.095337, -0.917114, -5.371092, -3.967285, 2.380371,Pick and Place
2567088, -0.518921, 0.086304, -0.932251, -6.042480, -3.845214, 3.784179,Pick and Place
2567108, -0.462158, 0.112305, -0.916992, -11.352536, -8.117676, 6.103514,Pick and Place
2567128, -0.533325, 0.143555, -0.865356, -13.366696, -23.132320, 7.507323,Pick and Place
2567148, -0.593750, 0.190430, -0.798462, -17.883300, -35.034180, 10.864256,Pick and Place
2567168, -0.759155, 0.151489, -0.848145, -22.216790, -16.906740, 15.563964,Pick and Place
2567188, -0.713379, 0.195435, -0.879883, -32.409680, 5.432128, 24.047850,Pick and Place
2567208, -0.685059, 0.236572, -0.875488, -39.611820, 9.094240, 35.156260,Pick and Place
2567228, -0.762940, 0.314209, -0.799072, -42.785640, 15.686032, 41.503900,Pick and Place
2567248, -0.722778, 0.322754, -0.710327, -40.954580, 33.874520, 46.142570,Pick and Place
2567268, -0.687012, 0.336548, -0.648804, -40.283200, 48.400870, 56.640620,Pick and Place
2567288, -0.630493, 0.352051, -0.613281, -36.193860, 50.109860, 75.073240,Pick and Place
2567308, -0.640503, 0.342163, -0.654663, -26.306150, 47.241200, 93.078600,Pick and Place
2567328, -0.562378, 0.381836, -0.683472, -13.549804, 41.870110, 104.492160,Pick and Place
2567348, -0.489624, 0.435303, -0.648438, 5.737304, 34.851080, 107.971160,Pick and Place
2567368, -0.349976, 0.456055, -0.625610, 32.348640, 12.939450, 101.440400,Pick and Place
2567388, -0.237671, 0.452515, -0.605591, 46.447740, -13.427732, 94.726540,Pick and Place
2567408, -0.201782, 0.482544, -0.602295, 60.974110, -40.222160, 83.374000,Pick and Place
2567428, -0.122925, 0.476685, -0.602661, 72.814940, -56.213370, 70.068360,Pick and Place
2567448, -0.129395, 0.462036, -0.659790, 84.289540, -66.833500, 54.870600,Pick and Place
2567468, -0.251831, 0.386841, -0.774170, 92.163060, -66.833500, 39.245610,Pick and Place
2567488, -0.228394, 0.315918, -0.817749, 93.078600, -65.185560, 23.925780,Pick and Place
2567508, -0.161011, 0.317139, -0.714600, 90.454080, -84.228500, 10.925290,Pick and Place
2567528, -0.156372, 0.324341, -0.631226, 98.937960, -104.614240, 1.037598,Pick and Place
2567548, -0.459717, 0.165161, -0.726685, 111.145000, -91.186500, -9.887696,Pick and Place
2567568, -0.679688, -0.022949, -0.891358, 101.623520, -42.846670, -11.535644,Pick and Place
2567588, -0.477173, -0.107666, -0.968506, 72.143560, 12.878416, -3.967285,Pick and Place
2567608, -0.282227, -0.115356, -0.986938, 63.049300, 0.183105, 6.652830,Pick and Place
2567628, -0.331299, -0.117798, -1.023804, 56.579580, -24.902340, 9.765626,Pick and Place
2567648, -0.575195, -0.124146, -1.031982, 51.025380, -25.695796, 2.136231,Pick and Place
2567668, -0.620972, -0.151367, -1.037476, 40.588370, 4.089356, -7.751464,Pick and Place
2567688, -0.460938, -0.128540, -1.044312, 30.273430, 30.700680, -7.873534,Pick and Place
2567708, -0.363770, -0.121948, -1.026001, 23.925780, 37.719730, -2.075196,Pick and Place
2567728, -0.315552, -0.078247, -0.990112, 20.751950, 30.456540, 1.281738,Pick and Place
2567748, -0.374634, -0.101196, -0.982788, 22.888180, 23.132320, 0.183105,Pick and Place
2567768, -0.397095, -0.138428, -0.969482, 19.104010, 23.254390, -0.183105,Pick and Place
2567788, -0.417847, -0.120117, -0.958984, 15.991210, 32.043460, -4.699708,Pick and Place
2567808, -0.303345, -0.088623, -0.926758, 8.666994, 47.729480, -4.638672,Pick and Place
2567828, -0.229980, -0.077515, -0.963013, 8.422854, 35.949720, -1.586914,Pick and Place
2567848, -0.266724, -0.115112, -1.038452, 7.934570, 24.353020, -3.234863,Pick and Place
2567868, -0.264038, -0.134766, -1.102417, 1.770019, 17.028810, -5.187988,Pick and Place
2567888, -0.195313, -0.170044, -1.112671, -6.225584, -16.662600, 0.915527,Pick and Place
2567908, -0.314331, -0.103394, -1.034302, -5.859374, -44.860830, -3.906249,Pick and Place
2567928, -0.468506, -0.131714, -1.040528, -4.516602, -34.057620, -10.681150,Pick and Place
2567948, -0.438599, -0.173584, -1.019776, -13.916012, -20.385740, -8.728030,Pick and Place
2567968, -0.414185, -0.143066, -1.047852, -17.395020, -11.230468, -4.089356,Pick and Place
2567988, -0.330688, -0.145874, -1.012329, -23.986810, -6.958006, -7.629394,Pick and Place
2568008, -0.252686, -0.080200, -0.972046, -26.550290, -24.353020, -9.033204,Pick and Place
2568028, -0.377197, -0.112793, -0.996948, -27.954100, -43.640120, -14.526364,Pick and Place
2568048, -0.442505, -0.169189, -0.970581, -31.860350, -35.888680, -18.310550,Pick and Place
2568068, -0.424194, -0.177490, -0.921875, -39.245610, -23.925780, -18.859868,Pick and Place
2568088, -0.390259, -0.113159, -0.874634, -43.640120, -15.808104, -18.005376,Pick and Place
2568108, -0.400146, -0.033936, -0.877442, -42.663560, -12.023924, -18.371584,Pick and Place
2568128, -0.435181, 0.013428, -0.926392, -39.489750, -3.234863, -22.705070,Pick and Place
2568148, -0.438232, 0.004395, -0.945679, -37.170420, 12.023924, -28.503410,Pick and Place
2568168, -0.350830, 0.000122, -0.906128, -37.597660, 18.127448, -33.142100,Pick and Place
2568188, -0.322144, 0.013794, -0.857666, -36.865240, 7.995604, -37.109380,Pick and Place
2568208, -0.416748, 0.072998, -0.861450, -36.315920, -2.502442, -41.137680,Pick and Place
2568228, -0.513794, 0.096802, -0.864868, -32.897960, 2.685546, -46.447740,Pick and Place
2568248, -0.518188, 0.070923, -0.872314, -32.165540, 19.470220, -51.086420,Pick and Place
2568268, -0.479004, 0.055786, -0.830566, -33.142100, 22.888180, -50.415030,Pick and Place
2568288, -0.476685, 0.149902, -0.786621, -33.630380, 18.981940, -47.668440,Pick and Place
2568308, -0.556152, 0.205322, -0.798828, -24.047850, 19.348150, -45.410140,Pick and Place
2568328, -0.601807, 0.163208, -0.827026, -18.859868, 26.184080, -44.067380,Pick and Place
2568348, -0.585205, 0.153564, -0.849854, -14.831540, 33.813480, -41.198720,Pick and Place
2568368, -0.523071, 0.161011, -0.790650, -11.718748, 37.414560, -37.475590,Pick and Place
2568388, -0.482666, 0.231323, -0.711548, -6.286620, 32.226570, -31.433100,Pick and Place
2568408, -0.553833, 0.272949, -0.710083, 4.028321, 29.724120, -27.465816,Pick and Place
2568428, -0.641602, 0.225952, -0.774780, 9.643556, 45.837400, -28.198240,Pick and Place
2568448, -0.498047, 0.165894, -0.796997, 6.713866, 64.819340, -28.015130,Pick and Place
2568468, -0.344116, 0.137939, -0.851562, 4.577638, 57.006820, -22.705070,Pick and Place
2568488, -0.328369, 0.152466, -0.919434, 1.525878, 40.893540, -16.967780,Pick and Place
2568508, -0.364502, 0.177856, -0.943848, 5.004884, 29.113768, -15.380856,Pick and Place
2568528, -0.460449, 0.144287, -0.912110, 6.652830, 28.137200, -16.479492,Pick and Place
2568548, -0.431030, 0.125732, -0.893066, 5.371092, 36.071780, -16.784670,Pick and Place
2568568, -0.328858, 0.137817, -0.928345, 4.516602, 36.071780, -12.207030,Pick and Place
2568588, -0.320557, 0.117554, -0.990356, 8.117676, 27.099608, -7.385252,Pick and Place
2568608, -0.359985, 0.041260, -1.033692, 1.831054, 20.080560, -8.789064,Pick and Place
2568628, -0.374878, 0.064087, -1.039429, -1.159668, 18.066410, -6.347656,Pick and Place
2568648, -0.292603, 0.084351, -0.998169, -5.676268, 16.113284, -3.845214,Pick and Place
2568668, -0.207764, 0.116577, -0.949463, -2.746581, 8.850100, -5.554198,Pick and Place
2568688, -0.392090, 0.009888, -0.991211, 0.671386, 23.925780, -6.774902,Pick and Place
2568708, -0.214844, 0.011475, -1.011230, -8.117676, 40.771480, -5.798338,Pick and Place
2568728, -0.081543, 0.054565, -1.042725, -10.253904, 30.578610, -4.821778,Pick and Place
2568748, -0.080688, 0.081665, -1.036866, -8.300784, 12.451170, -6.286620,Pick and Place
2568768, -0.130859, 0.058960, -1.020996, -4.638672, -2.502442, -8.972170,Pick and Place
2568788, -0.179077, 0.038696, -0.987793, -4.821778, -8.972170, -10.253904,Pick and Place
2568808, -0.235840, 0.036499, -0.989136, -5.249022, -2.441407, -8.666994,Pick and Place
2568828, -0.211792, 0.031372, -0.990601, -6.652830, 6.774902, -5.065916,Pick and Place
2568848, -0.136719, 0.055908, -0.982056, -7.446288, 3.417968, -2.685546,Pick and Place
2568868, -0.150269, 0.066650, -0.976196, -5.065916, -7.385252, -3.662109,Pick and Place
2568888, -0.182495, 0.029785, -1.012696, -5.554198, -14.587400, -3.723144,Pick and Place
2568908, -0.254272, 0.030884, -1.006714, -10.986324, -16.296390, -2.685546,Pick and Place
2568928, -0.262695, 0.071899, -0.986816, -14.648436, -8.422854, 0.305176,Pick and Place
2568948, -0.173950, 0.111816, -0.998779, -17.395020, -7.019042, 4.272462,Pick and Place
2568968, -0.130981, 0.138550, -1.021973, -19.409180, -19.409180, 5.798338,Pick and Place
2568988, -0.204346, 0.152344, -1.025269, -22.155760, -28.869624, 2.258301,Pick and Place
2569008, -0.248901, 0.172119, -1.010254, -25.634760, -26.062010, -1.464844,Pick and Place
2569028, -0.200439, 0.192749, -0.965088, -28.320310, -25.939940, -1.342773,Pick and Place
2569048, -0.163574, 0.218018, -0.939331, -30.517570, -38.146980, 1.708984,Pick and Place
2569068, -0.248413, 0.237793, -0.980835, -28.869624, -45.776360, 1.953124,Pick and Place
2569088, -0.296387, 0.218262, -0.973267, -30.578610, -44.860830, 3.234863,Pick and Place
2569108, -0.275513, 0.252441, -0.906006, -29.968260, -46.936020, 1.342773,Pick and Place
2569128, -0.323975, 0.267090, -0.908570, -29.724120, -37.780760, -0.244141,Pick and Place
2569148, -0.309570, 0.268066, -0.987549, -29.724120, -35.034180, 2.746581,Pick and Place
2569168, -0.350830, 0.273560, -0.983643, -27.832030, -41.503900, 5.432128,Pick and Place
2569188, -0.327393, 0.298950, -0.906494, -24.719230, -50.476060, 4.455568,Pick and Place
2569208, -0.365723, 0.311401, -0.858765, -19.958500, -55.053700, 2.136231,Pick and Place
2569228, -0.460449, 0.314819, -0.818115, -15.624996, -42.846670, -0.976562,Pick and Place
2569248, -0.372070, 0.338257, -0.787598, -11.413570, -29.663080, -2.563476,Pick and Place
2569268, -0.350098, 0.319092, -0.784668, -3.967285, -27.648920, -3.540038,Pick and Place
2569288, -0.401123, 0.259766, -0.798950, 0.854492, -27.099608, -6.347656,Pick and Place
2569308, -0.357544, 0.243286, -0.791260, 4.638672, -31.677240, -10.009768,Pick and Place
2569328, -0.476563, 0.189941, -0.816650, 9.887696, -33.996590, -12.756344,Pick and Place
2569348, -0.447388, 0.144409, -0.794190, 8.239746, -29.418940, -11.352536,Pick and Place
2569368, -0.433228, 0.175415, -0.765015, 10.681150, -37.536620, -7.141112,Pick and Place
2569388, -0.493286, 0.192871, -0.766968, 14.160152, -43.579090, -5.004884,Pick and Place
2569408, -0.551392, 0.175293, -0.774414, 17.944340, -41.564930, -7.385252,Pick and Place
2569428, -0.571900, 0.151245, -0.748902, 19.165040, -38.024910, -11.535644,Pick and Place
2569448, -0.562500, 0.151123, -0.730591, 18.737796, -29.052730, -13.793944,Pick and Place
2569468, -0.538086, 0.162476, -0.757812, 20.141600, -18.432620, -13.061520,Pick and Place
2569488, -0.502320, 0.153809, -0.799683, 20.324700, -12.329100, -10.070800,Pick and Place
2569508, -0.573730, 0.127564, -0.821411, 19.958500, -9.277344, -10.681150,Pick and Place
2569528, -0.625366, 0.074341, -0.823975, 18.981940, 1.708984, -16.052250,Pick and Place
2569548, -0.570923, 0.063599, -0.837769, 15.319820, 7.812498, -16.540530,Pick and Place
2569568, -0.617188, 0.043335, -0.895508, 9.033204, 2.929687, -6.774902,Pick and Place
2569588, -0.633911, 0.031982, -0.891113, 1.770019, 4.638672, -2.624511,Pick and Place
2569608, -0.659668, 0.058838, -0.895386, -6.469726, -0.610352, 9.155274,Pick and Place
2569628, -0.812988, 0.187378, -0.894165, -5.310058, 1.525878, 9.704590,Pick and Place
2569648, -0.593628, 0.152710, -0.892578, -7.080076, 6.591796, 11.901852,Pick and Place
2569668, -0.680908, 0.214355, -0.900146, -7.568358, -6.835936, 16.906740,Pick and Place
2569688, -0.688477, 0.223633, -0.864258, -8.544924, -8.483890, 23.681636,Pick and Place
2569708, -0.668213, 0.274048, -0.827026, -8.605960, -14.648436, 29.479976,Pick and Place
2569728, -0.696289, 0.294556, -0.804199, -7.385252, -19.042970, 34.362800,Pick and Place
2569748, -0.713867, 0.299072, -0.781616, -3.967285, -16.174320, 35.888680,Pick and Place
2569768, -0.657349, 0.286133, -0.746948, -2.014160, -20.446770, 38.269050,Pick and Place
2569788, -0.652466, 0.303223, -0.687866, 4.394532, -33.935560, 42.724600,Pick and Place
2569808, -0.638062, 0.306641, -0.657349, 9.399414, -34.057620, 45.166000,Pick and Place
2569828, -0.614380, 0.303467, -0.646851, 14.465330, -31.921380, 48.278800,Pick and Place
2569848, -0.594727, 0.287964, -0.635254, 19.775390, -31.249992, 51.025380,Pick and Place
2569868, -0.600586, 0.276245, -0.639648, 23.681636, -30.883784, 51.513660,Pick and Place
2569888, -0.612427, 0.298584, -0.645752, 26.245110, -30.639640, 50.231920,Pick and Place
2569908, -0.620850, 0.272583, -0.659180, 29.418940, -31.982420, 47.363270,Pick and Place
2569928, -0.607544, 0.242920, -0.673950, 30.883784, -33.752440, 41.870110,Pick and Place
2569948, -0.611816, 0.234131, -0.677734, 33.081060, -31.982420, 39.367680,Pick and Place
2569968, -0.599976, 0.225342, -0.689087, 35.339360, -26.733390, 38.635260,Pick and Place
2569988, -0.563232, 0.208252, -0.690918, 36.193860, -21.057124, 38.635260,Pick and Place
2570008, -0.548950, 0.201050, -0.696289, 37.597660, -14.404296, 34.729010,Pick and Place
2570028, -0.525879, 0.198364, -0.699341, 39.184580, -10.742184, 29.846190,Pick and Place
2570048, -0.500854, 0.197388, -0.716919, 40.649400, -10.192870, 24.169920,Pick and Place
2570068, -0.512940, 0.179443, -0.747803, 41.442860, -10.253904, 19.104010,Pick and Place
2570088, -0.473755, 0.155762, -0.765625, 40.527340, -13.854978, 13.977050,Pick and Place
2570108, -0.503418, 0.135986, -0.780029, 39.611820, -16.906740, 7.873534,Pick and Place
2570128, -0.522095, 0.138550, -0.780884, 37.902840, -18.676760, 2.380371,Pick and Place
2570148, -0.558594, 0.111450, -0.786255, 38.269050, -16.052250, -2.502442,Pick and Place
2570168, -0.570435, 0.068726, -0.795776, 36.987310, -8.850100, -5.981444,Pick and Place
2570188, -0.572144, 0.040283, -0.813354, 34.606940, -0.793457, -8.056642,Pick and Place
2570208, -0.568970, 0.055054, -0.820435, 32.714850, 7.568358, -9.826660,Pick and Place
2570228, -0.569580, 0.004883, -0.831665, 32.348640, 18.249516, -15.075680,Pick and Place
2570248, -0.513672, -0.039917, -0.846924, 28.015130, 14.404296, -14.221190,Pick and Place
2570268, -0.545898, -0.049805, -0.847534, 24.536130, 2.197266, -13.488768,Pick and Place
2570288, -0.572144, -0.019775, -0.833862, 21.301268, -0.915527, -13.732908,Pick and Place
2570308, -0.583252, 0.015503, -0.819336, 20.812980, 2.014160, -14.282224,Pick and Place
2570328, -0.463867, 0.001099, -0.755127, 17.822270, 3.112792, -17.333990,Pick and Place
2570348, -0.596192, 0.017090, -0.931152, 0.549316, -20.690910, -7.995604,Pick and Place
2570368, -1.001709, 0.017822, -0.966797, 4.943848, 20.751950, -2.380371,Pick and Place
2570388, -0.612671, 0.004761, -0.912964, -7.080076, 30.578610, -4.577638,Pick and Place
2570408, -0.690674, 0.116699, -0.919678, -1.647949, 22.949216, -1.281738,Pick and Place
2570428, -0.631470, 0.047729, -0.907593, -0.183105, 20.812980, -0.366211,Pick and Place
2570448, -0.594238, 0.090454, -0.862183, 4.211426, 20.141600, -0.549316,Pick and Place
2570468, -0.542236, 0.062622, -0.833984, 3.540038, 19.042970, -0.122070,Pick and Place
2570488, -0.527710, 0.068237, -0.818115, 2.319336, 15.075680, -2.563476,Pick and Place
2570508, -0.491821, 0.062256, -0.806519, 1.953124, 3.112792, -3.173828,Pick and Place
2570528, -0.605225, 0.090942, -0.794312, 2.441407, -2.502442, -5.798338,Pick and Place
2570548, -0.630005, 0.085083, -0.807373, 3.601074, 4.638672, -5.432128,Pick and Place
2570568, -0.612061, 0.080811, -0.817505, 3.479003, 9.399414, -1.770019,Pick and Place
2570588, -0.607910, 0.053711, -0.858398, 4.272462, 10.559080, 1.464844,Pick and Place
2570608, -0.570068, 0.004272, -0.886719, 3.051757, 7.934570, 0.488281,Pick and Place
2570628, -0.630615, -0.008057, -0.848755, 8.972170, 12.145992, -7.507323,Pick and Place
2570648, -0.444092, -0.094727, -0.863159, 5.432128, 0.671386, -3.662109,Pick and Place
2570668, -0.546265, -0.133423, -0.924316, -2.868652, -23.803708, 2.624511,Pick and Place
2570688, -0.554932, -0.170166, -0.941650, -10.192870, -18.920900, 5.493162,Pick and Place
2570708, -0.567871, -0.168945, -0.960205, -15.686032, -2.746581, 10.925290,Pick and Place
2570728, -0.503540, -0.171143, -0.987671, -20.629880, 16.235352, 13.977050,Pick and Place
2570748, -0.427612, -0.143555, -0.978882, -24.780270, 28.320310, 12.329100,Pick and Place
2570768, -0.362183, -0.053345, -0.963501, -28.198240, 37.597660, 5.432128,Pick and Place
2570788, -0.318115, 0.044922, -0.961914, -26.916500, 44.311520, -4.455568,Pick and Place
2570808, -0.330200, 0.090454, -0.972534, -24.047850, 43.457020, -15.502928,Pick and Place
2570828, -0.327881, 0.072632, -0.970825, -20.690910, 42.724600, -27.954100,Pick and Place
2570848, -0.345337, 0.047363, -0.965942, -19.714360, 39.245610, -39.794920,Pick and Place
2570868, -0.394165, 0.011353, -0.931152, -19.775390, 39.367680, -49.682610,Pick and Place
2570888, -0.438843, 0.042603, -0.876221, -22.460930, 44.799800, -58.776840,Pick and Place
2570908, -0.466553, 0.033203, -0.825195, -21.118160, 50.109860, -62.744130,Pick and Place
2570928, -0.501465, 0.008301, -0.795776, -20.324700, 58.532700, -64.758300,Pick and Place
2570948, -0.497803, 0.013184, -0.792847, -20.446770, 64.880380, -63.232410,Pick and Place
2570968, -0.495606, 0.074951, -0.786255, -18.920900, 64.392100, -59.814440,Pick and Place
2570988, -0.569092, 0.157837, -0.761475, -11.657712, 65.673840, -58.044420,Pick and Place
2571008, -0.653687, 0.171021, -0.757568, -0.976562, 81.237760, -59.082020,Pick and Place
2571028, -0.574097, 0.138916, -0.785278, 3.662109, 98.876940, -58.105460,Pick and Place
2571048, -0.453003, 0.137573, -0.814820, 6.042480, 97.106900, -52.062980,Pick and Place
2571068, -0.380371, 0.121704, -0.822876, 9.399414, 76.843260, -43.884270,Pick and Place
2571088, -0.296997, 0.152588, -0.785278, 9.887696, 41.015620, -34.179700,Pick and Place
2571108, -0.431519, 0.227051, -0.800049, 22.094720, 7.934570, -23.498530,Pick and Place
2571128, -0.473389, 0.198120, -0.864258, 23.132320, 15.075680, -19.409180,Pick and Place
2571148, -0.453613, 0.186768, -0.910400, 23.193352, 27.465816, -16.845708,Pick and Place
2571168, -0.418579, 0.140625, -0.917236, 23.498530, 35.278320, -18.066410,Pick and Place
2571188, -0.352295, 0.115723, -0.908814, 23.620600, 38.085940, -18.249516,Pick and Place
2571208, -0.240234, 0.089355, -0.917847, 20.080560, 33.508300, -13.793944,Pick and Place
2571228, -0.162964, 0.090088, -0.946778, 17.456060, 21.179192, -7.629394,Pick and Place
2571248, -0.160889, 0.073120, -0.955688, 17.150880, 7.934570, -5.615234,Pick and Place
2571268, -0.177002, 0.030029, -0.944092, 14.282224, -2.441407, -6.103514,Pick and Place
2571288, -0.229126, 0.078980, -1.009156, 11.901852, -2.502442, -3.540038,Pick and Place
2571308, -0.202637, -0.024048, -1.120606, 8.728030, 4.028321, -2.929687,Pick and Place
2571328, -0.103760, 0.042236, -1.184570, -3.112792, -9.460450, -0.061035,Pick and Place
2571348, -0.183228, 0.059448, -1.132690, 0.549316, -15.441892, 0.732422,Pick and Place
2571368, -0.149414, -0.020508, -1.055176, 3.662109, -20.141600, -8.728030,Pick and Place
2571388, -0.212036, -0.009644, -0.996704, 5.065916, -18.310550, -5.004884,Pick and Place
2571408, -0.227905, -0.033325, -1.002686, 4.394532, -11.169430, 2.380371,Pick and Place
2571428, -0.229614, -0.063354, -0.998047, 4.394532, -7.629394, 4.516602,Pick and Place
2571448, -0.251221, -0.031372, -1.017944, -1.647949, -4.455568, 5.737304,Pick and Place
2571468, -0.309082, -0.007446, -1.066894, -0.488281, 3.356933, 7.507323,Pick and Place
2571488, -0.294434, -0.003174, -1.064576, -5.187988, 8.178714, 8.911134,Pick and Place
2571508, -0.185547, 0.018677, -1.040650, -6.896972, 1.281738, 9.887696,Pick and Place
2571528, -0.247437, 0.011475, -1.037964, -10.314940, -12.512204, 13.671872,Pick and Place
2571548, -0.373291, 0.025757, -1.041016, -14.099120, -26.916500, 21.484370,Pick and Place
2571568, -0.433594, 0.045166, -1.023072, -17.944340, -25.939940, 26.916500,Pick and Place
2571588, -0.447266, 0.054688, -0.991211, -18.981940, -18.127448, 33.935560,Pick and Place
2571608, -0.406616, 0.058228, -0.959961, -22.094720, -16.235352, 40.405260,Pick and Place
2571628, -0.357300, 0.096680, -0.952759, -23.437492, -24.475090, 48.156730,Pick and Place
2571648, -0.352661, 0.111694, -0.939697, -22.277830, -36.438000, 53.283680,Pick and Place
2571668, -0.346069, 0.141113, -0.912232, -19.409180, -46.386710, 56.030260,Pick and Place
2571688, -0.351318, 0.156494, -0.866089, -13.916012, -55.236800, 61.462400,Pick and Place
2571708, -0.357300, 0.152588, -0.811890, -9.948730, -59.082020, 62.744130,Pick and Place
2571728, -0.393677, 0.199097, -0.773438, -3.417968, -59.020980, 64.636240,Pick and Place
2571748, -0.466553, 0.149170, -0.775513, 5.554198, -45.227040, 64.819340,Pick and Place
2571768, -0.430176, 0.129272, -0.790772, 10.314940, -19.836430, 63.659660,Pick and Place
2571788, -0.394775, 0.130371, -0.812988, 15.258788, -11.230468, 61.218250,Pick and Place
2571809, -0.291504, 0.136108, -0.811524, 19.958500, -13.916012, 60.180660,Pick and Place
2571829, -0.289673, 0.116943, -0.857910, 23.193352, -20.690910, 54.321280,Pick and Place
2571849, -0.255371, 0.108765, -0.870484, 26.489250, -21.179192, 47.546380,Pick and Place
2571869, -0.261597, 0.094849, -0.848267, 31.311030, -19.531250, 41.198720,Pick and Place
2571889, -0.226318, 0.086304, -0.825073, 34.118660, -15.686032, 31.433100,Pick and Place
2571909, -0.191772, 0.085083, -0.828003, 39.428720, -14.282224, 21.545408,Pick and Place
2571929, -0.240967, 0.001221, -0.876465, 43.823240, -11.840818, 11.474608,Pick and Place
2571949, -0.331543, -0.096558, -0.919190, 43.273920, -2.929687, 4.089356,Pick and Place
2571969, -0.290894, -0.141235, -0.925537, 36.438000, 9.765626, 3.540038,Pick and Place
2571989, -0.233887, -0.159668, -0.958984, 32.165540, 5.615234, 3.173828,Pick and Place
2572009, -0.239014, -0.142334, -0.983398, 26.672360, -2.380371, 1.525878,Pick and Place
2572029, -0.365479, -0.108154, -0.988159, 24.719230, -1.953124, -4.028321,Pick and Place
2572049, -0.439087, -0.139282, -0.970215, 22.399900, 15.869140, -9.399414,Pick and Place
2572069, -0.368652, -0.158814, -0.968628, 15.075680, 32.165540, -7.995604,Pick and Place
2572089, -0.281250, -0.171875, -0.997803, 9.826660, 33.630380, -4.089356,Pick and Place
2572109, -0.209595, -0.166626, -1.031128, 5.065916, 20.080560, -0.122070,Pick and Place
