timestamp,ax,ay,az,gx,gy,gz,activity
1667319, -0.218872, -0.654907, -0.700318, 2.624511, 2.197266, 1.037598,Sitting
1667339, -0.228882, -0.667480, -0.709595, 3.356933, 0.366211, 0.183105,Sitting
1667359, -0.249268, -0.681885, -0.704590, 2.746581, -0.244141, -0.427246,Sitting
1667379, -0.247314, -0.683716, -0.692627, 2.319336, 0.854492, -0.793457,Sitting
1667399, -0.214722, -0.669556, -0.698730, 1.831054, 0.671386, -1.098633,Sitting
1667419, -0.197144, -0.686768, -0.698608, 0.976562, -0.549316, -1.281738,Sitting
1667439, -0.200439, -0.684448, -0.696900, 0.183105, -3.417968, -2.502442,Sitting
1667459, -0.219849, -0.693970, -0.703736, 0.488281, -5.920409, -3.295898,Sitting
1667479, -0.236694, -0.685181, -0.705811, -0.793457, -5.798338, -1.831054,Sitting
1667499, -0.247314, -0.668335, -0.705933, 0.244141, -4.638672, -1.342773,Sitting
1667519, -0.252319, -0.671265, -0.706543, 0.427246, -3.601074, -0.488281,Sitting
1667539, -0.252808, -0.667847, -0.700806, 0.915527, -3.662109, -0.366211,Sitting
1667559, -0.253296, -0.667480, -0.692627, 0.549316, -3.234863, 1.281738,Sitting
1667579, -0.256958, -0.650513, -0.703003, 0.610352, -3.051757, 1.281738,Sitting
1667599, -0.263794, -0.648071, -0.718262, 1.831054, -2.319336, 0.061035,Sitting
1667619, -0.293335, -0.645630, -0.720337, 2.868652, 0.244141, -0.427246,Sitting
1667639, -0.264771, -0.662842, -0.701172, 3.112792, 1.098633, -0.976562,Sitting
1667659, -0.254150, -0.679566, -0.686524, 1.831054, 0.122070, -0.610352,Sitting
1667679, -0.239502, -0.678955, -0.685669, -0.305176, -1.037598, -0.793457,Sitting
1667699, -0.248901, -0.690308, -0.691528, 0.244141, -1.281738, -0.183105,Sitting
1667719, -0.237183, -0.687256, -0.688843, -1.403808, -1.403808, 0.305176,Sitting
1667739, -0.227417, -0.678101, -0.687378, -1.342773, -2.258301, 0.244141,Sitting
1667759, -0.223511, -0.664673, -0.701294, -1.525878, -3.356933, 0.244141,Sitting
1667779, -0.252808, -0.655152, -0.719604, 0.061035, -3.845214, -0.122070,Sitting
1667799, -0.276611, -0.651856, -0.713989, 1.525878, -2.502442, -0.061035,Sitting
1667819, -0.280640, -0.648316, -0.700684, 3.112792, -0.183105, 0.122070,Sitting
1667839, -0.248901, -0.656250, -0.697022, 4.333496, 2.014160, 0.671386,Sitting
1667859, -0.243408, -0.655884, -0.693360, 4.333496, 0.305176, 0.305176,Sitting
1667879, -0.268188, -0.657959, -0.690918, 4.333496, -2.685546, -0.305176,Sitting
1667899, -0.289673, -0.663574, -0.684326, 3.479003, -4.272462, 0.488281,Sitting
1667919, -0.300293, -0.670044, -0.681030, 1.342773, -2.929687, 0.854492,Sitting
1667939, -0.296265, -0.682495, -0.688110, 1.464844, -0.915527, 2.014160,Sitting
1667959, -0.270752, -0.690308, -0.696655, 0.122070, -0.061035, 2.746581,Sitting
1667979, -0.267944, -0.689087, -0.707154, 0.854492, -1.220704, 2.014160,Sitting
1667999, -0.270508, -0.687256, -0.701660, 1.647949, -0.854492, 2.197266,Sitting
1668019, -0.273071, -0.676880, -0.688110, 2.807617, 0.732422, 3.540038,Sitting
1668039, -0.261841, -0.672730, -0.677856, 3.540038, 3.295898, 5.004884,Sitting
1668059, -0.261353, -0.659912, -0.700806, 4.455568, 5.187988, 4.516602,Sitting
1668079, -0.272339, -0.663330, -0.709961, 5.249022, 6.408690, 3.540038,Sitting
1668099, -0.271362, -0.673950, -0.700440, 5.004884, 7.141112, 2.746581,Sitting
1668119, -0.251343, -0.689942, -0.684692, 4.577638, 7.324218, 2.136231,Sitting
1668139, -0.226563, -0.699707, -0.680176, 3.173828, 6.713866, 1.220704,Sitting
1668159, -0.211182, -0.703613, -0.684692, 1.892090, 4.821778, 1.403808,Sitting
1668179, -0.229614, -0.705688, -0.687134, 0.976562, 1.403808, -0.549316,Sitting
1668199, -0.236206, -0.705933, -0.675659, 0.488281, 0.488281, -0.427246,Sitting
1668219, -0.237183, -0.703613, -0.667114, -2.441407, 1.403808, 0.488281,Sitting
1668239, -0.213501, -0.688721, -0.678345, -1.708984, 0.793457, 0.854492,Sitting
1668259, -0.229492, -0.680664, -0.698730, -2.197266, -0.305176, 0.366211,Sitting
1668279, -0.249146, -0.666626, -0.700562, -0.915527, -1.403808, -1.220704,Sitting
1668299, -0.253418, -0.670776, -0.690308, -0.793457, -1.220704, -1.098633,Sitting
1668319, -0.242432, -0.671143, -0.686524, -0.732422, -0.976562, -0.671386,Sitting
1668339, -0.238281, -0.675049, -0.697266, -1.342773, -2.075196, -0.915527,Sitting
1668359, -0.262817, -0.691650, -0.714234, -0.976562, -3.784179, -0.976562,Sitting
1668379, -0.285645, -0.702759, -0.706299, -2.746581, -3.662109, 0.427246,Sitting
1668399, -0.294312, -0.693970, -0.702759, -3.417968, -3.662109, 1.586914,Sitting
1668419, -0.304566, -0.709717, -0.735596, -6.713866, -3.295898, 4.028321,Sitting
1668439, -0.330688, -0.698730, -0.748413, -9.643556, -0.854492, 6.835936,Sitting
1668459, -0.267578, -0.671631, -0.731323, -9.704590, 1.342773, 7.629394,Sitting
1668479, -0.230713, -0.645386, -0.697388, -6.530760, -1.464844, 6.347656,Sitting
1668499, -0.239014, -0.601685, -0.629395, -0.732422, -4.150392, 3.051757,Sitting
1668519, -0.252930, -0.593628, -0.619873, 2.014160, -4.333496, 1.342773,Sitting
1668539, -0.291504, -0.605713, -0.640625, 4.516602, -2.319336, -0.488281,Sitting
1668559, -0.323730, -0.640381, -0.688599, 5.432128, 4.455568, -0.732422,Sitting
1668579, -0.283936, -0.670288, -0.717896, 5.004884, 10.620116, -0.122070,Sitting
1668599, -0.214478, -0.689942, -0.721070, 5.004884, 10.437010, -1.037598,Sitting
1668619, -0.159180, -0.694946, -0.709229, 4.638672, 5.859374, -3.295898,Sitting
1668639, -0.138306, -0.690552, -0.700195, 5.310058, -0.122070, -4.882814,Sitting
1668659, -0.175293, -0.697632, -0.697754, 4.943848, -5.310058, -4.333496,Sitting
1668679, -0.240601, -0.702759, -0.686890, 3.173828, -8.178714, -1.220704,Sitting
1668699, -0.278687, -0.693360, -0.685059, 0.915527, -8.300784, 0.915527,Sitting
1668719, -0.307251, -0.679444, -0.705566, -0.244141, -2.990722, 0.488281,Sitting
1668739, -0.288330, -0.661743, -0.707764, -0.671386, 0.305176, 0.000000,Sitting
1668759, -0.277344, -0.654419, -0.701294, 0.183105, 0.488281, -0.915527,Sitting
1668779, -0.272827, -0.663574, -0.709229, 0.061035, 0.000000, -0.793457,Sitting
1668799, -0.284058, -0.672363, -0.729126, 0.122070, 0.732422, -0.488281,Sitting
1668819, -0.268799, -0.678467, -0.734009, 0.488281, 1.831054, -1.220704,Sitting
1668839, -0.235596, -0.673950, -0.711304, 1.770019, 1.708984, -2.502442,Sitting
1668859, -0.220703, -0.684570, -0.683106, 1.892090, 1.281738, -3.356933,Sitting
1668879, -0.221924, -0.681030, -0.675171, 3.295898, 0.183105, -2.319336,Sitting
1668899, -0.250732, -0.691772, -0.677002, 2.990722, 0.366211, -0.976562,Sitting
1668919, -0.275146, -0.700440, -0.683472, 2.136231, 1.403808, 1.342773,Sitting
1668939, -0.254517, -0.688599, -0.664551, 1.770019, 1.586914, 0.854492,Sitting
1668959, -0.244019, -0.674316, -0.661987, 1.770019, 1.037598, -0.610352,Sitting
1668979, -0.262695, -0.664062, -0.662598, 0.793457, 1.220704, -1.342773,Sitting
1668999, -0.267578, -0.642212, -0.678833, 0.305176, 1.464844, -1.708984,Sitting
1669019, -0.301636, -0.639160, -0.691406, -0.305176, 2.685546, -1.647949,Sitting
1669039, -0.233765, -0.619141, -0.670410, -0.244141, 1.037598, -2.136231,Sitting
1669059, -0.254272, -0.624024, -0.678955, 2.319336, -1.220704, -4.455568,Sitting
1669079, -0.266113, -0.637695, -0.680786, 4.760742, -0.183105, -6.042480,Sitting
1669099, -0.286743, -0.658081, -0.696289, 6.042480, 2.136231, -6.164550,Sitting
1669119, -0.291138, -0.676148, -0.721924, 6.408690, 4.150392, -4.272462,Sitting
1669139, -0.247925, -0.692139, -0.726318, 5.676268, 4.028321, -2.136231,Sitting
1669159, -0.212280, -0.694946, -0.722534, 6.164550, -1.342773, -0.915527,Sitting
1669179, -0.217163, -0.698364, -0.690918, 6.225584, -4.333496, -0.305176,Sitting
1669199, -0.241333, -0.692383, -0.652466, 5.737304, -6.103514, 0.183105,Sitting
1669219, -0.270386, -0.687866, -0.637451, 4.821778, -6.530760, 1.342773,Sitting
1669239, -0.290161, -0.685059, -0.657349, 3.540038, -4.211426, 2.380371,Sitting
1669259, -0.300537, -0.681763, -0.700195, 3.112792, -0.671386, 2.380371,Sitting
1669279, -0.296875, -0.691284, -0.719604, 2.929687, 2.624511, 1.586914,Sitting
1669299, -0.251709, -0.692017, -0.695435, 3.601074, 3.662109, 0.610352,Sitting
1669319, -0.218506, -0.705811, -0.678711, 5.004884, 2.746581, -0.671386,Sitting
1669339, -0.211426, -0.714112, -0.685425, 4.638672, 3.906249, -1.037598,Sitting
1669359, -0.175049, -0.718872, -0.662354, 4.882814, 1.098633, 0.610352,Sitting
1669379, -0.237793, -0.722534, -0.657715, 5.554198, -3.417968, 0.366211,Sitting
1669399, -0.266358, -0.735474, -0.659546, 4.150392, -1.708984, 2.380371,Sitting
1669419, -0.249512, -0.715576, -0.662598, 2.685546, 0.915527, 3.173828,Sitting
1669439, -0.229492, -0.708984, -0.677612, 3.540038, 2.014160, 1.098633,Sitting
1669459, -0.225098, -0.713379, -0.676148, 3.479003, 1.525878, -0.610352,Sitting
1669479, -0.222168, -0.720337, -0.659546, 3.356933, -0.061035, -1.403808,Sitting
1669499, -0.230713, -0.723511, -0.648560, 2.563476, -0.732422, -0.915527,Sitting
1669519, -0.238281, -0.716675, -0.654175, 1.464844, 0.000000, -0.488281,Sitting
1669539, -0.228027, -0.703858, -0.663086, 0.976562, 0.183105, -0.793457,Sitting
1669559, -0.245361, -0.700073, -0.670532, 1.098633, -1.831054, -0.976562,Sitting
1669579, -0.264404, -0.703858, -0.663696, 0.244141, -3.173828, -0.427246,Sitting
1669599, -0.277710, -0.708618, -0.664429, 0.305176, -1.708984, -0.854492,Sitting
1669619, -0.275391, -0.711304, -0.673462, 0.122070, 0.427246, -1.098633,Sitting
1669639, -0.264038, -0.712646, -0.674805, -0.427246, 2.014160, -1.464844,Sitting
1669659, -0.235107, -0.710205, -0.673218, -0.549316, 1.403808, -1.953124,Sitting
1669679, -0.226929, -0.712891, -0.668823, -0.488281, -0.915527, -1.770019,Sitting
1669699, -0.232422, -0.710449, -0.658814, -0.488281, -2.868652, -0.854492,Sitting
1669719, -0.259888, -0.706665, -0.655518, -0.732422, -2.685546, 0.915527,Sitting
1669739, -0.262085, -0.699463, -0.658936, -0.671386, -2.136231, 0.793457,Sitting
1669759, -0.276856, -0.704590, -0.664795, -0.671386, -0.976562, 0.671386,Sitting
1669779, -0.249878, -0.698242, -0.656372, -1.403808, -0.244141, 0.366211,Sitting
1669799, -0.252808, -0.701050, -0.668579, -0.366211, -0.976562, -0.488281,Sitting
1669819, -0.256104, -0.705566, -0.671143, -1.892090, 0.305176, -0.305176,Sitting
1669839, -0.251709, -0.704590, -0.669312, -1.831054, 0.976562, -0.671386,Sitting
1669859, -0.222778, -0.699951, -0.675049, -2.075196, 0.732422, -1.342773,Sitting
1669879, -0.231323, -0.702881, -0.676392, -1.708984, -0.793457, -2.014160,Sitting
1669899, -0.229614, -0.700195, -0.662964, -1.647949, -2.197266, -2.136231,Sitting
1669919, -0.243774, -0.692261, -0.651123, -1.403808, -2.441407, -1.708984,Sitting
1669939, -0.246216, -0.689697, -0.655518, -1.037598, -1.159668, -1.220704,Sitting
1669959, -0.239868, -0.688232, -0.667969, -0.732422, -0.305176, -1.342773,Sitting
1669979, -0.248779, -0.693482, -0.681763, -0.549316, -1.220704, -0.976562,Sitting
1669999, -0.251221, -0.690796, -0.677490, -0.427246, -2.258301, -1.586914,Sitting
1670019, -0.257690, -0.693115, -0.673340, 0.305176, -2.075196, -2.136231,Sitting
1670039, -0.261597, -0.700684, -0.674194, 0.061035, -0.061035, -1.037598,Sitting
1670059, -0.251953, -0.702637, -0.678589, -0.183105, -0.549316, -0.610352,Sitting
1670079, -0.254639, -0.703491, -0.677612, -0.427246, -2.075196, 0.671386,Sitting
1670099, -0.260742, -0.689087, -0.669678, -0.488281, -3.540038, 1.647949,Sitting
1670119, -0.281860, -0.683838, -0.661011, 0.427246, -2.685546, 1.403808,Sitting
1670139, -0.279785, -0.683228, -0.657471, 1.342773, 0.183105, 1.281738,Sitting
1670159, -0.273926, -0.690308, -0.666870, 1.525878, 3.173828, 1.281738,Sitting
1670179, -0.250977, -0.701538, -0.676270, 1.464844, 4.211426, 1.403808,Sitting
1670199, -0.242432, -0.706909, -0.681763, 0.976562, 3.356933, 1.220704,Sitting
1670219, -0.243652, -0.712158, -0.676880, 1.525878, 2.502442, 0.732422,Sitting
1670239, -0.241211, -0.714844, -0.664429, 1.098633, 2.563476, 0.732422,Sitting
1670259, -0.234497, -0.699829, -0.660645, 1.647949, 4.089356, 0.915527,Sitting
1670279, -0.229126, -0.694336, -0.669678, 1.159668, 3.112792, 0.854492,Sitting
1670299, -0.243530, -0.691772, -0.677979, 1.159668, 1.098633, 0.610352,Sitting
1670319, -0.251831, -0.691406, -0.672241, 1.281738, -0.793457, 0.061035,Sitting
1670339, -0.270386, -0.704102, -0.661743, 1.281738, -0.732422, -0.244141,Sitting
1670359, -0.264771, -0.713501, -0.660156, 0.427246, 1.037598, -0.671386,Sitting
1670379, -0.259399, -0.720093, -0.665405, -0.244141, 2.563476, -0.244141,Sitting
1670399, -0.241943, -0.717285, -0.671265, -0.854492, 2.136231, 0.061035,Sitting
1670419, -0.237549, -0.705811, -0.668335, -1.525878, 0.671386, 0.610352,Sitting
1670439, -0.231934, -0.688599, -0.668823, -0.915527, -0.732422, 0.244141,Sitting
1670459, -0.254272, -0.689575, -0.680908, -0.061035, -0.610352, 0.366211,Sitting
1670479, -0.253906, -0.690918, -0.665039, 0.000000, 1.647949, 0.244141,Sitting
1670499, -0.223755, -0.694214, -0.656616, 0.183105, 2.441407, -0.427246,Sitting
1670519, -0.199951, -0.694336, -0.663696, 0.000000, 2.319336, -0.793457,Sitting
1670539, -0.209961, -0.693970, -0.686402, 0.122070, 0.610352, -1.525878,Sitting
1670559, -0.245972, -0.700440, -0.696167, -0.427246, -1.403808, -1.342773,Sitting
1670579, -0.259033, -0.700440, -0.689575, -0.793457, -1.464844, -0.793457,Sitting
1670599, -0.246460, -0.705078, -0.682007, -0.854492, -0.183105, -0.671386,Sitting
1670619, -0.214233, -0.704834, -0.677246, -0.854492, -0.305176, -0.671386,Sitting
1670639, -0.217773, -0.703613, -0.673828, -0.610352, -1.892090, -1.037598,Sitting
1670659, -0.232788, -0.697022, -0.670654, -0.122070, -2.014160, -1.586914,Sitting
1670679, -0.235474, -0.695312, -0.667114, 0.305176, -0.671386, -1.342773,Sitting
1670699, -0.237427, -0.698486, -0.681885, 0.610352, 0.000000, -0.305176,Sitting
1670719, -0.228638, -0.696411, -0.680542, 0.732422, -1.342773, -0.366211,Sitting
1670739, -0.237061, -0.698486, -0.678833, 1.037598, -2.563476, -0.549316,Sitting
1670759, -0.236450, -0.695068, -0.673340, 1.220704, -2.441407, -0.915527,Sitting
1670779, -0.246948, -0.696411, -0.668701, 1.525878, -1.708984, -1.464844,Sitting
1670799, -0.253540, -0.705688, -0.667969, 1.403808, -0.854492, -0.976562,Sitting
1670819, -0.246460, -0.705811, -0.666138, 1.098633, 0.000000, -0.366211,Sitting
1670839, -0.236938, -0.704224, -0.671387, 0.915527, -0.183105, -0.244141,Sitting
1670859, -0.232544, -0.697998, -0.672363, 0.915527, -1.098633, -0.122070,Sitting
1670879, -0.254150, -0.707764, -0.689820, 0.915527, -0.305176, -1.098633,Sitting
1670899, -0.242188, -0.704956, -0.674194, 0.549316, -0.366211, -0.427246,Sitting
1670919, -0.253296, -0.711060, -0.663940, 0.366211, -0.671386, -0.122070,Sitting
1670939, -0.223633, -0.709961, -0.658325, -0.366211, -0.061035, -0.122070,Sitting
1670959, -0.221924, -0.696900, -0.668945, -0.183105, -1.403808, -1.037598,Sitting
1670979, -0.243042, -0.702026, -0.673950, 0.122070, -1.831054, -1.403808,Sitting
1670999, -0.249390, -0.705933, -0.668091, 0.061035, -1.037598, -0.976562,Sitting
1671019, -0.242310, -0.708252, -0.668335, 0.000000, -0.488281, -0.427246,Sitting
1671039, -0.239868, -0.709717, -0.672974, 0.061035, -1.281738, 0.061035,Sitting
1671059, -0.246460, -0.707276, -0.669190, -0.244141, -2.380371, 0.427246,Sitting
1671079, -0.254150, -0.702637, -0.668701, -0.183105, -2.868652, 0.732422,Sitting
1671099, -0.264771, -0.699219, -0.669678, -0.427246, -1.953124, 0.976562,Sitting
1671119, -0.264526, -0.697266, -0.667847, -0.732422, -0.549316, 0.976562,Sitting
1671139, -0.248901, -0.699219, -0.665405, -0.854492, 0.732422, 0.366211,Sitting
1671159, -0.235230, -0.699341, -0.673950, -0.976562, 0.610352, 0.122070,Sitting
1671179, -0.234009, -0.696533, -0.684937, -0.732422, -0.061035, 0.061035,Sitting
1671199, -0.244263, -0.698486, -0.683838, -0.427246, -0.549316, -0.244141,Sitting
1671219, -0.242920, -0.698608, -0.677124, 0.122070, -0.366211, -0.488281,Sitting
1671239, -0.237183, -0.706299, -0.674927, 0.183105, 0.488281, -0.366211,Sitting
1671259, -0.232666, -0.708862, -0.677002, -0.122070, 0.793457, -0.305176,Sitting
1671279, -0.232666, -0.706909, -0.680542, -0.244141, -0.122070, -0.427246,Sitting
1671299, -0.232910, -0.705200, -0.670776, -0.732422, -1.342773, -0.427246,Sitting
1671319, -0.246460, -0.709961, -0.671631, -1.342773, -1.464844, -0.305176,Sitting
1671339, -0.238892, -0.713623, -0.666016, -2.624511, -1.037598, 0.244141,Sitting
1671359, -0.232422, -0.703247, -0.665528, -2.685546, -1.892090, 0.183105,Sitting
1671379, -0.259155, -0.704102, -0.692017, -2.990722, -1.281738, 0.061035,Sitting
1671399, -0.252686, -0.691406, -0.697022, -3.479003, -0.366211, 0.244141,Sitting
1671419, -0.235718, -0.679321, -0.675659, -2.929687, -1.220704, -0.488281,Sitting
1671439, -0.234985, -0.680176, -0.663086, -0.854492, -1.098633, -1.770019,Sitting
1671459, -0.234741, -0.692017, -0.661621, -0.366211, -0.122070, -2.441407,Sitting
1671479, -0.232666, -0.688232, -0.659668, -0.427246, 0.000000, -2.075196,Sitting
1671499, -0.222046, -0.672852, -0.654297, -0.427246, -1.220704, -1.953124,Sitting
1671519, -0.236084, -0.669678, -0.658447, 0.366211, -2.441407, -2.380371,Sitting
1671539, -0.248291, -0.668091, -0.664185, 0.000000, -2.807617, -2.441407,Sitting
1671559, -0.277100, -0.660889, -0.671875, 0.793457, -2.441407, -2.685546,Sitting
1671579, -0.294800, -0.680664, -0.689453, 1.586914, 0.488281, -2.868652,Sitting
1671599, -0.286255, -0.688843, -0.700562, 1.525878, 1.831054, -2.746581,Sitting
1671619, -0.278442, -0.694458, -0.701660, 1.037598, 2.197266, -1.831054,Sitting
1671639, -0.267944, -0.698486, -0.694580, 1.586914, 2.380371, -0.854492,Sitting
1671659, -0.254395, -0.708130, -0.691040, 1.831054, 3.051757, -0.427246,Sitting
1671679, -0.231567, -0.713013, -0.693848, 0.915527, 4.455568, 0.244141,Sitting
1671699, -0.194336, -0.701050, -0.688721, 0.671386, 3.662109, -0.366211,Sitting
1671719, -0.191895, -0.695068, -0.681396, 1.281738, 1.098633, -1.892090,Sitting
1671739, -0.196411, -0.693604, -0.668945, 1.770019, -1.586914, -2.502442,Sitting
1671759, -0.215576, -0.702393, -0.658447, 1.708984, -1.403808, -2.685546,Sitting
1671779, -0.215332, -0.708618, -0.661499, 1.525878, 0.061035, -1.953124,Sitting
1671799, -0.205933, -0.711548, -0.675781, 0.915527, -0.183105, -1.892090,Sitting
1671819, -0.222412, -0.716187, -0.681885, 0.854492, -2.441407, -1.953124,Sitting
1671839, -0.245239, -0.711060, -0.682862, -0.061035, -2.807617, -1.098633,Sitting
1671859, -0.253784, -0.699097, -0.668823, -0.122070, -3.051757, -0.244141,Sitting
1671879, -0.267456, -0.695312, -0.669556, 0.305176, -1.831054, -0.122070,Sitting
1671899, -0.253906, -0.698730, -0.673950, 0.488281, 0.488281, -0.793457,Sitting
1671919, -0.237305, -0.699707, -0.676758, 0.610352, 1.281738, -1.403808,Sitting
1671939, -0.228516, -0.702759, -0.677124, 0.244141, 0.976562, -1.098633,Sitting
1671959, -0.211060, -0.705566, -0.674561, -0.183105, -0.488281, -0.427246,Sitting
1671979, -0.226563, -0.705566, -0.674683, 0.061035, -0.854492, -0.183105,Sitting
1671999, -0.195313, -0.704224, -0.675537, -0.427246, -1.586914, -0.061035,Sitting
1672019, -0.240845, -0.706909, -0.680420, -0.183105, -3.173828, -1.037598,Sitting
1672039, -0.253540, -0.701904, -0.672486, -0.549316, -2.319336, -0.549316,Sitting
1672059, -0.247803, -0.697510, -0.669190, -0.244141, -0.427246, -0.305176,Sitting
1672079, -0.227295, -0.699219, -0.670166, -0.244141, 0.000000, -0.122070,Sitting
1672099, -0.219482, -0.694580, -0.676270, -0.244141, -1.586914, -0.488281,Sitting
1672119, -0.234863, -0.691650, -0.683106, 0.000000, -2.868652, -0.854492,Sitting
1672139, -0.254028, -0.695679, -0.681030, 0.244141, -2.502442, -0.732422,Sitting
1672159, -0.255005, -0.702148, -0.672730, -0.122070, -0.793457, -0.366211,Sitting
1672179, -0.244263, -0.701904, -0.669800, -0.671386, 0.427246, -0.122070,Sitting
1672199, -0.223145, -0.694824, -0.672119, -0.793457, -0.061035, -0.183105,Sitting
1672219, -0.218384, -0.693970, -0.676880, -0.427246, -1.525878, -0.183105,Sitting
1672239, -0.234009, -0.695923, -0.676392, 0.061035, -2.197266, -0.183105,Sitting
1672259, -0.253174, -0.696167, -0.680908, 0.244141, -0.915527, -0.244141,Sitting
1672279, -0.249512, -0.694214, -0.679932, 0.000000, 0.488281, -0.122070,Sitting
1672299, -0.235596, -0.701782, -0.675659, 0.244141, 0.427246, -0.305176,Sitting
1672319, -0.221558, -0.715576, -0.669190, -0.061035, -0.793457, -0.549316,Sitting
1672339, -0.225708, -0.704346, -0.673828, -0.488281, -1.647949, -0.427246,Sitting
1672359, -0.238647, -0.697998, -0.677612, -0.305176, -1.464844, -0.671386,Sitting
1672379, -0.240723, -0.695923, -0.674561, -0.244141, -0.793457, -0.854492,Sitting
1672399, -0.232666, -0.697144, -0.675659, -0.366211, -0.427246, -0.732422,Sitting
1672419, -0.222656, -0.694946, -0.680542, -0.610352, -0.854492, -0.305176,Sitting
1672439, -0.228882, -0.695068, -0.683106, -0.549316, -1.708984, -0.549316,Sitting
1672459, -0.244751, -0.704590, -0.679077, -0.305176, -1.953124, -1.281738,Sitting
1672479, -0.245483, -0.703003, -0.675171, -0.427246, -0.793457, -1.281738,Sitting
1672499, -0.241089, -0.697144, -0.677246, -0.488281, -0.305176, -1.281738,Sitting
1672519, -0.233398, -0.689820, -0.680054, -0.244141, -0.122070, -0.671386,Sitting
1672539, -0.236206, -0.686157, -0.684937, 0.244141, -1.098633, -1.037598,Sitting
1672559, -0.251709, -0.689331, -0.681519, 0.671386, -0.793457, -1.037598,Sitting
1672579, -0.250977, -0.690552, -0.673706, 0.793457, 0.244141, -0.671386,Sitting
1672599, -0.239868, -0.698730, -0.671143, 0.732422, 0.610352, -0.488281,Sitting
1672619, -0.229126, -0.705811, -0.671387, 0.183105, -0.183105, -0.122070,Sitting
1672639, -0.233276, -0.700806, -0.677246, -0.122070, -1.037598, -0.183105,Sitting
1672659, -0.238525, -0.694824, -0.681030, 0.122070, -0.854492, -0.183105,Sitting
1672679, -0.235230, -0.697144, -0.679932, 0.488281, -0.305176, -0.244141,Sitting
1672699, -0.230957, -0.701294, -0.673706, 0.183105, -0.671386, -0.244141,Sitting
1672719, -0.227417, -0.702271, -0.670532, -0.122070, -0.732422, -0.183105,Sitting
1672739, -0.221680, -0.700318, -0.679932, -0.122070, -0.854492, -0.183105,Sitting
1672759, -0.225586, -0.698608, -0.682739, 0.061035, -0.976562, -0.610352,Sitting
1672779, -0.231445, -0.699585, -0.677979, 0.244141, -1.037598, -1.037598,Sitting
1672799, -0.238403, -0.700440, -0.676880, 0.183105, -0.427246, -0.915527,Sitting
1672819, -0.232056, -0.701050, -0.674805, -0.427246, 0.061035, -0.549316,Sitting
1672839, -0.229980, -0.696411, -0.675659, -0.610352, -0.671386, -0.549316,Sitting
1672859, -0.235230, -0.695435, -0.679321, -0.366211, -1.159668, -0.732422,Sitting
1672879, -0.239624, -0.696411, -0.679321, -0.549316, -1.037598, -0.671386,Sitting
1672899, -0.242188, -0.692993, -0.680908, -0.305176, -0.488281, -0.305176,Sitting
1672919, -0.240601, -0.693970, -0.677124, 0.122070, -0.366211, -0.427246,Sitting
1672939, -0.236694, -0.695679, -0.675537, 0.427246, -0.366211, -0.610352,Sitting
1672959, -0.232422, -0.698608, -0.675415, 0.427246, -0.305176, -0.488281,Sitting
1672979, -0.229492, -0.695557, -0.678833, 0.366211, -0.610352, -0.366211,Sitting
1672999, -0.231689, -0.691406, -0.683350, 0.488281, -0.976562, -0.427246,Sitting
1673019, -0.238525, -0.693726, -0.683472, 0.671386, -1.159668, -0.488281,Sitting
1673039, -0.240723, -0.695557, -0.678345, 0.610352, -0.915527, -0.549316,Sitting
1673059, -0.241333, -0.698242, -0.674194, 0.488281, -0.488281, -0.488281,Sitting
1673079, -0.233887, -0.699585, -0.675537, 0.183105, -0.183105, -0.488281,Sitting
1673099, -0.234253, -0.698486, -0.680664, -0.061035, -0.549316, -0.488281,Sitting
1673119, -0.240601, -0.696289, -0.679199, 0.000000, -0.854492, -0.610352,Sitting
1673139, -0.236084, -0.700928, -0.676392, 0.183105, -0.305176, -0.671386,Sitting
1673159, -0.224976, -0.701416, -0.674072, 0.000000, -0.122070, -0.610352,Sitting
1673179, -0.225830, -0.697510, -0.679566, 0.183105, -0.793457, -0.915527,Sitting
1673199, -0.232910, -0.695679, -0.680908, 0.366211, -0.976562, -1.098633,Sitting
1673219, -0.238525, -0.696289, -0.678345, 0.427246, -0.549316, -0.854492,Sitting
1673239, -0.230469, -0.701050, -0.674316, 0.488281, -0.061035, -0.610352,Sitting
1673259, -0.218384, -0.698364, -0.675293, 0.122070, -0.854492, -0.488281,Sitting
1673279, -0.235840, -0.693115, -0.682129, 0.732422, -1.647949, -0.671386,Sitting
1673299, -0.244141, -0.699463, -0.681519, 0.793457, -1.342773, -0.732422,Sitting
1673319, -0.248535, -0.699097, -0.677368, 0.610352, 0.000000, -0.671386,Sitting
1673339, -0.228149, -0.698120, -0.673462, 0.366211, 0.732422, -0.549316,Sitting
1673359, -0.226440, -0.699219, -0.677856, 0.427246, -0.244141, -0.610352,Sitting
1673379, -0.225708, -0.697022, -0.675171, 0.000000, -1.464844, -0.366211,Sitting
1673399, -0.239380, -0.692505, -0.680908, 0.244141, -1.953124, -0.366211,Sitting
1673419, -0.249268, -0.695679, -0.680298, 0.244141, -0.976562, -0.305176,Sitting
1673439, -0.244507, -0.697266, -0.678955, 0.183105, 0.000000, -0.183105,Sitting
1673459, -0.233643, -0.697876, -0.678955, 0.366211, 0.183105, -0.366211,Sitting
1673479, -0.219482, -0.703247, -0.672363, 0.061035, -0.427246, -0.488281,Sitting
1673499, -0.216309, -0.700440, -0.675049, 0.000000, -1.525878, -0.732422,Sitting
1673519, -0.227905, -0.706787, -0.677979, 0.000000, -1.831054, -0.732422,Sitting
1673539, -0.232788, -0.706177, -0.673706, -0.366211, -1.647949, -0.366211,Sitting
1673559, -0.240967, -0.700318, -0.675659, -0.610352, -1.464844, -0.183105,Sitting
1673579, -0.236572, -0.695557, -0.675659, -0.549316, -1.220704, -0.244141,Sitting
1673599, -0.226318, -0.690308, -0.677734, -0.305176, -1.098633, -0.671386,Sitting
1673619, -0.238159, -0.692139, -0.681152, 0.305176, -1.281738, -0.976562,Sitting
1673639, -0.244995, -0.695312, -0.676026, 0.061035, -1.037598, -0.915527,Sitting
1673659, -0.247192, -0.697266, -0.674683, -0.183105, -0.549316, -0.488281,Sitting
1673679, -0.241089, -0.699463, -0.679321, -0.610352, 0.122070, 0.000000,Sitting
1673699, -0.227905, -0.692627, -0.682495, -0.610352, -0.122070, 0.183105,Sitting
1673719, -0.221924, -0.688477, -0.686157, 0.000000, -1.647949, -0.366211,Sitting
1673739, -0.239136, -0.690796, -0.682739, 0.366211, -2.380371, -0.610352,Sitting
1673760, -0.250000, -0.703247, -0.672119, 0.793457, -0.427246, -0.122070,Sitting
1673780, -0.228149, -0.704468, -0.671997, 0.305176, 0.610352, 0.427246,Sitting
1673800, -0.220703, -0.693482, -0.683350, 0.549316, -0.854492, 0.000000,Sitting
1673820, -0.240479, -0.690918, -0.686768, 0.854492, -2.197266, -0.488281,Sitting
1673840, -0.253784, -0.693360, -0.678101, 1.037598, -1.281738, -0.305176,Sitting
1673860, -0.245239, -0.700440, -0.670288, 1.037598, 0.671386, 0.000000,Sitting
1673880, -0.225464, -0.703858, -0.671387, 0.610352, 1.220704, 0.000000,Sitting
1673900, -0.219849, -0.699707, -0.681641, 0.549316, -0.183105, -0.488281,Sitting
1673920, -0.235230, -0.700073, -0.684082, 0.488281, -1.342773, -0.671386,Sitting
1673940, -0.240234, -0.698242, -0.676026, 0.488281, -0.854492, -0.244141,Sitting
1673960, -0.234497, -0.698608, -0.671265, 0.549316, 0.183105, -0.183105,Sitting
1673980, -0.222778, -0.697876, -0.677612, 0.488281, -0.366211, -0.793457,Sitting
1674000, -0.230713, -0.696289, -0.682739, 0.610352, -1.770019, -1.098633,Sitting
1674020, -0.245850, -0.696655, -0.677612, 0.610352, -1.708984, -0.915527,Sitting
1674040, -0.252197, -0.702026, -0.670166, 0.488281, -0.549316, -0.671386,Sitting
1674060, -0.236084, -0.701538, -0.670898, 0.305176, 0.244141, -0.366211,Sitting
1674080, -0.224976, -0.698120, -0.677368, 0.183105, -0.671386, -0.488281,Sitting
1674100, -0.231689, -0.696167, -0.682862, 0.183105, -2.197266, -0.366211,Sitting
1674120, -0.245361, -0.694214, -0.682129, 0.183105, -2.380371, -0.122070,Sitting
1674140, -0.250244, -0.693848, -0.677856, 0.610352, -0.793457, -0.183105,Sitting
1674160, -0.237183, -0.696778, -0.674438, 0.671386, 0.488281, -0.427246,Sitting
1674180, -0.222290, -0.700073, -0.672852, 0.488281, -0.061035, -0.549316,Sitting
1674200, -0.234741, -0.700684, -0.679077, 0.305176, -1.953124, -0.305176,Sitting
1674220, -0.244995, -0.700806, -0.675415, 0.427246, -1.464844, -0.183105,Sitting
1674240, -0.244629, -0.700318, -0.673706, 0.549316, -0.244141, -0.366211,Sitting
1674260, -0.227783, -0.700195, -0.672730, 0.610352, 0.000000, -0.549316,Sitting
1674280, -0.229858, -0.698853, -0.676148, 0.732422, -0.915527, -0.610352,Sitting
1674300, -0.240356, -0.701172, -0.677002, 0.793457, -1.220704, -0.488281,Sitting
1674320, -0.247314, -0.701904, -0.674927, 0.671386, -0.366211, -0.244141,Sitting
1674340, -0.235474, -0.703247, -0.672730, 0.488281, 0.305176, -0.122070,Sitting
1674360, -0.223999, -0.703003, -0.673218, 0.183105, -0.244141, -0.183105,Sitting
1674380, -0.222168, -0.697754, -0.676758, 0.000000, -1.708984, -0.427246,Sitting
1674400, -0.240112, -0.697022, -0.679932, 0.183105, -2.136231, -0.549316,Sitting
1674420, -0.249756, -0.698364, -0.672608, 0.183105, -0.427246, -0.671386,Sitting
1674440, -0.240601, -0.703369, -0.668091, 0.305176, 0.183105, -0.854492,Sitting
1674460, -0.229004, -0.701538, -0.670166, -0.061035, -0.427246, -0.671386,Sitting
1674480, -0.234985, -0.696655, -0.678223, -0.061035, -1.159668, -0.610352,Sitting
1674500, -0.241455, -0.696900, -0.678223, 0.183105, -1.159668, -0.427246,Sitting
1674520, -0.239868, -0.698242, -0.674072, 0.183105, -0.854492, -0.244141,Sitting
1674540, -0.230835, -0.700684, -0.671387, 0.000000, -0.976562, -0.244141,Sitting
1674560, -0.231934, -0.698364, -0.674072, 0.000000, -1.647949, -0.244141,Sitting
1674580, -0.239868, -0.693848, -0.679810, 0.244141, -1.892090, -0.488281,Sitting
1674600, -0.247681, -0.696411, -0.680542, 0.366211, -1.159668, -0.427246,Sitting
1674620, -0.240967, -0.697022, -0.674316, 0.488281, -0.671386, -0.305176,Sitting
1674640, -0.228149, -0.696900, -0.670532, 0.244141, -0.976562, 0.488281,Sitting
1674660, -0.224609, -0.694214, -0.680176, 0.610352, -2.197266, 0.854492,Sitting
1674680, -0.234497, -0.698364, -0.683838, 0.793457, -3.112792, 0.793457,Sitting
1674700, -0.242798, -0.705322, -0.678345, 0.976562, -3.173828, 0.549316,Sitting
1674720, -0.240723, -0.707154, -0.676026, 0.854492, -2.319336, 0.244141,Sitting
1674740, -0.238525, -0.708496, -0.679566, 0.610352, -1.586914, 0.000000,Sitting
1674760, -0.245361, -0.706055, -0.674316, 0.244141, -1.220704, -0.610352,Sitting
1674780, -0.246338, -0.702515, -0.664307, 0.000000, -0.427246, -0.915527,Sitting
1674800, -0.241577, -0.705322, -0.661133, -0.366211, 0.305176, -1.037598,Sitting
1674820, -0.231567, -0.707276, -0.661377, -1.098633, 0.061035, -1.403808,Sitting
1674840, -0.239136, -0.704224, -0.665283, -1.342773, -1.464844, -1.892090,Sitting
1674860, -0.255249, -0.706299, -0.658570, -1.647949, -1.281738, -2.075196,Sitting
1674880, -0.245361, -0.700684, -0.661255, -1.708984, 0.427246, -1.342773,Sitting
1674900, -0.231445, -0.694946, -0.672119, -1.525878, 0.000000, -0.610352,Sitting
1674920, -0.229248, -0.689942, -0.678711, -1.342773, -2.075196, 0.000000,Sitting
1674940, -0.235840, -0.679199, -0.683228, -0.549316, -3.601074, 0.427246,Sitting
1674960, -0.254028, -0.680542, -0.693237, 0.732422, -2.746581, 0.549316,Sitting
1674980, -0.259522, -0.687988, -0.694092, 1.220704, -1.220704, 0.732422,Sitting
1675000, -0.251953, -0.691650, -0.686646, 1.647949, -0.122070, 0.305176,Sitting
1675020, -0.238525, -0.692505, -0.683838, 1.953124, 0.000000, 0.061035,Sitting
1675040, -0.241455, -0.690430, -0.684937, 1.647949, -0.427246, 0.061035,Sitting
1675060, -0.249634, -0.691040, -0.679810, 1.586914, -0.671386, -0.366211,Sitting
1675080, -0.250488, -0.704346, -0.671875, 1.098633, 0.305176, -0.732422,Sitting
1675100, -0.237671, -0.708374, -0.672241, 0.610352, 0.793457, -0.427246,Sitting
1675120, -0.230835, -0.709839, -0.671631, 0.183105, 0.183105, -0.549316,Sitting
1675140, -0.229370, -0.711060, -0.664673, -0.183105, -0.976562, -0.915527,Sitting
1675160, -0.234985, -0.713989, -0.657227, -0.610352, -1.281738, -1.281738,Sitting
1675180, -0.238770, -0.711792, -0.656616, -1.037598, -0.366211, -1.037598,Sitting
1675200, -0.233398, -0.702026, -0.660645, -1.098633, 0.366211, -0.732422,Sitting
1675220, -0.230347, -0.697510, -0.670288, -0.488281, -0.488281, -0.976562,Sitting
1675240, -0.230591, -0.698364, -0.668335, -0.610352, -2.075196, -1.037598,Sitting
1675260, -0.242188, -0.698975, -0.668823, -0.183105, -2.563476, -0.671386,Sitting
1675280, -0.241821, -0.699951, -0.674072, 0.122070, -2.136231, -0.122070,Sitting
1675300, -0.247192, -0.694214, -0.687134, 0.305176, -2.441407, 0.061035,Sitting
1675320, -0.258057, -0.690186, -0.689820, 0.549316, -2.624511, -0.061035,Sitting
1675340, -0.259522, -0.685791, -0.683350, 0.427246, -1.770019, 0.000000,Sitting
1675360, -0.260376, -0.682007, -0.682373, 0.671386, -0.549316, -0.244141,Sitting
1675380, -0.254272, -0.684448, -0.682251, 0.488281, 0.366211, -0.610352,Sitting
1675400, -0.254028, -0.691284, -0.679688, 0.732422, 0.488281, -0.793457,Sitting
1675420, -0.246826, -0.700318, -0.671143, 0.610352, 0.610352, -0.732422,Sitting
1675440, -0.238037, -0.708130, -0.665283, 0.366211, 0.549316, -0.305176,Sitting
1675460, -0.228760, -0.709106, -0.667603, 0.122070, 0.061035, -0.244141,Sitting
1675480, -0.231567, -0.709351, -0.668945, 0.183105, -0.427246, -0.488281,Sitting
1675500, -0.239258, -0.708862, -0.668213, 0.366211, -0.488281, -0.610352,Sitting
1675520, -0.232300, -0.705078, -0.667725, 0.244141, -0.122070, -0.427246,Sitting
1675540, -0.226318, -0.702637, -0.669434, 0.000000, -0.427246, -0.488281,Sitting
1675560, -0.228760, -0.699829, -0.672730, 0.000000, -1.342773, -0.915527,Sitting
1675580, -0.243164, -0.700928, -0.676514, 0.000000, -1.708984, -1.037598,Sitting
1675600, -0.249512, -0.701416, -0.675171, -0.305176, -1.220704, -0.671386,Sitting
1675620, -0.247192, -0.696778, -0.675904, -0.366211, -0.915527, -0.488281,Sitting
1675640, -0.248413, -0.695068, -0.675659, -0.366211, -1.098633, -0.488281,Sitting
1675660, -0.249878, -0.690186, -0.676636, -0.488281, -1.159668, -0.427246,Sitting
1675680, -0.252686, -0.688477, -0.677368, -0.244141, -0.793457, -0.488281,Sitting
1675700, -0.252808, -0.689697, -0.677002, 0.000000, -0.732422, -0.549316,Sitting
1675720, -0.253540, -0.697876, -0.675415, 0.244141, -0.183105, -0.671386,Sitting
1675740, -0.238647, -0.700073, -0.672486, 0.305176, 0.183105, -0.549316,Sitting
1675760, -0.235596, -0.703736, -0.676392, 0.427246, -0.061035, -0.549316,Sitting
1675780, -0.235596, -0.702881, -0.675415, 0.122070, -0.366211, -0.366211,Sitting
1675800, -0.231445, -0.701782, -0.673828, 0.183105, -0.854492, -0.183105,Sitting
1675820, -0.229370, -0.700562, -0.671509, 0.000000, -1.342773, 0.000000,Sitting
1675840, -0.233521, -0.699219, -0.673828, -0.122070, -1.831054, 0.061035,Sitting
1675860, -0.241577, -0.696655, -0.677124, 0.000000, -1.708984, -0.305176,Sitting
1675880, -0.251709, -0.697998, -0.676636, 0.183105, -0.976562, -0.671386,Sitting
1675900, -0.249146, -0.698975, -0.671631, -0.061035, -0.366211, -0.549316,Sitting
1675920, -0.243530, -0.698853, -0.669556, 0.061035, -0.183105, -0.427246,Sitting
1675940, -0.237793, -0.699951, -0.671875, -0.061035, -0.427246, -0.244141,Sitting
1675960, -0.238037, -0.696655, -0.677002, -0.122070, -1.403808, -0.488281,Sitting
1675980, -0.251587, -0.696411, -0.679199, 0.122070, -1.647949, -0.732422,Sitting
1676000, -0.256958, -0.695679, -0.674438, 0.244141, -0.549316, -0.610352,Sitting
1676020, -0.250610, -0.698608, -0.671753, 0.244141, 0.366211, -0.244141,Sitting
1676040, -0.231812, -0.697144, -0.672119, 0.061035, 0.122070, -0.061035,Sitting
1676060, -0.229492, -0.692871, -0.678589, 0.122070, -1.281738, -0.244141,Sitting
1676080, -0.243530, -0.694458, -0.681519, 0.488281, -2.136231, -0.610352,Sitting
1676100, -0.257324, -0.695312, -0.676148, 0.427246, -1.403808, -0.549316,Sitting
1676120, -0.258423, -0.698486, -0.673584, 0.488281, -0.061035, -0.305176,Sitting
1676140, -0.243530, -0.700195, -0.673462, 0.366211, 0.427246, -0.183105,Sitting
1676160, -0.229126, -0.698242, -0.671021, 0.183105, -0.488281, -0.427246,Sitting
1676180, -0.237549, -0.695557, -0.679444, 0.671386, -1.525878, -0.732422,Sitting
1676200, -0.252808, -0.698242, -0.673950, 0.488281, -0.427246, -0.488281,Sitting
1676220, -0.248535, -0.698975, -0.670898, 0.610352, 0.488281, -0.549316,Sitting
1676240, -0.233521, -0.703125, -0.670166, 0.549316, 0.122070, -0.305176,Sitting
1676260, -0.231689, -0.700562, -0.671021, 0.488281, -0.732422, -0.244141,Sitting
1676280, -0.241455, -0.700073, -0.674805, 0.671386, -1.098633, -0.305176,Sitting
1676300, -0.252564, -0.697876, -0.674927, 0.732422, -0.183105, -0.366211,Sitting
1676320, -0.254150, -0.699097, -0.675049, 0.854492, 1.098633, -0.610352,Sitting
1676340, -0.243897, -0.699829, -0.673828, 0.732422, 1.708984, -0.610352,Sitting
1676360, -0.235352, -0.698975, -0.675049, 0.610352, 1.159668, -0.427246,Sitting
1676380, -0.231323, -0.698242, -0.672852, 0.488281, 0.183105, -0.366211,Sitting
1676400, -0.235107, -0.693482, -0.678711, 0.671386, -0.915527, -0.976562,Sitting
1676420, -0.254883, -0.698120, -0.676636, 1.037598, -0.366211, -1.281738,Sitting
1676440, -0.253540, -0.700195, -0.668701, 1.037598, 0.610352, -1.098633,Sitting
1676460, -0.242798, -0.704224, -0.666870, 0.854492, 0.976562, -0.549316,Sitting
1676480, -0.235230, -0.703858, -0.669800, 0.427246, 0.549316, -0.122070,Sitting
1676500, -0.231445, -0.701172, -0.673828, 0.244141, -0.366211, -0.244141,Sitting
1676520, -0.233398, -0.700684, -0.677124, 0.305176, -1.098633, -0.427246,Sitting
1676540, -0.239502, -0.698242, -0.676148, 0.305176, -1.220704, -0.549316,Sitting
1676560, -0.248291, -0.697998, -0.675293, 0.549316, -0.488281, -0.610352,Sitting
1676580, -0.246582, -0.699463, -0.671997, 0.610352, 0.366211, -0.610352,Sitting
1676600, -0.238647, -0.703247, -0.670654, 0.488281, 0.549316, -0.549316,Sitting
1676620, -0.227173, -0.703613, -0.668823, 0.183105, -0.610352, -0.610352,Sitting
1676640, -0.237793, -0.702637, -0.675415, 0.305176, -1.342773, -0.793457,Sitting
1676660, -0.248535, -0.703858, -0.674194, 0.122070, -0.976562, -0.549316,Sitting
1676680, -0.243286, -0.701050, -0.670776, 0.122070, -0.061035, -0.427246,Sitting
1676700, -0.228272, -0.700073, -0.671143, 0.061035, -0.122070, -0.427246,Sitting
1676720, -0.230591, -0.701294, -0.674561, 0.061035, -1.098633, -0.610352,Sitting
1676740, -0.241455, -0.700440, -0.675049, 0.061035, -1.220704, -0.549316,Sitting
1676760, -0.244873, -0.699829, -0.674072, 0.000000, -0.610352, -0.549316,Sitting
1676780, -0.241577, -0.700318, -0.672974, 0.000000, -0.122070, -0.549316,Sitting
1676800, -0.237305, -0.701660, -0.670776, -0.122070, -0.305176, -0.549316,Sitting
1676820, -0.235596, -0.699707, -0.671265, -0.122070, -1.098633, -0.488281,Sitting
1676840, -0.242920, -0.700440, -0.673462, -0.366211, -1.403808, -0.244141,Sitting
1676860, -0.246948, -0.698730, -0.672241, -0.305176, -0.732422, -0.244141,Sitting
1676880, -0.237183, -0.698853, -0.672608, -0.305176, -0.488281, -0.366211,Sitting
1676900, -0.236328, -0.697998, -0.676148, -0.244141, -1.098633, -0.427246,Sitting
1676920, -0.238403, -0.699341, -0.675781, -0.305176, -1.525878, -0.488281,Sitting
1676940, -0.240723, -0.697876, -0.673584, -0.305176, -1.464844, -0.427246,Sitting
1676960, -0.234131, -0.698608, -0.673828, -0.183105, -1.281738, -0.671386,Sitting
1676980, -0.239502, -0.700562, -0.676392, -0.183105, -1.281738, -0.793457,Sitting
1677000, -0.241699, -0.701294, -0.674316, -0.244141, -1.281738, -0.854492,Sitting
1677020, -0.241699, -0.701782, -0.673096, -0.305176, -1.159668, -0.671386,Sitting
1677040, -0.238770, -0.702026, -0.672974, -0.366211, -0.915527, -0.549316,Sitting
1677060, -0.237793, -0.700928, -0.672486, -0.427246, -1.098633, -0.549316,Sitting
1677080, -0.239258, -0.703247, -0.674194, -0.427246, -1.464844, -0.488281,Sitting
1677100, -0.240479, -0.701050, -0.673584, -0.610352, -1.586914, -0.244141,Sitting
1677120, -0.245239, -0.697388, -0.675415, -0.427246, -1.342773, -0.244141,Sitting
1677140, -0.241699, -0.696045, -0.675171, -0.427246, -1.159668, -0.366211,Sitting
1677160, -0.244385, -0.697388, -0.676880, -0.305176, -1.220704, -0.427246,Sitting
1677180, -0.241211, -0.696655, -0.674072, -0.305176, -1.159668, -0.244141,Sitting
1677200, -0.240723, -0.697388, -0.673950, -0.122070, -1.403808, -0.244141,Sitting
1677220, -0.244019, -0.698120, -0.677246, -0.061035, -1.403808, -0.488281,Sitting
1677240, -0.253540, -0.699219, -0.676636, 0.061035, -0.793457, -0.549316,Sitting
1677260, -0.244019, -0.700073, -0.673218, -0.122070, -0.244141, -0.427246,Sitting
1677280, -0.237793, -0.697998, -0.675904, -0.244141, -0.183105, -0.061035,Sitting
1677300, -0.244507, -0.702759, -0.685181, 0.183105, -0.854492, -0.305176,Sitting
1677320, -0.254028, -0.715576, -0.683838, -0.061035, -0.610352, -0.488281,Sitting
1677340, -0.253540, -0.711548, -0.669556, -1.342773, -0.244141, 0.305176,Sitting
1677360, -0.243286, -0.694824, -0.657715, -2.258301, -0.610352, 1.403808,Sitting
1677380, -0.232544, -0.684082, -0.668091, -2.807617, -1.159668, 1.464844,Sitting
1677400, -0.227417, -0.671631, -0.683350, -2.746581, -2.441407, 0.610352,Sitting
1677420, -0.239136, -0.668091, -0.686279, -1.770019, -4.150392, -0.122070,Sitting
1677440, -0.247925, -0.684326, -0.683960, -1.037598, -4.211426, -0.671386,Sitting
1677460, -0.242798, -0.703491, -0.681152, -0.671386, -3.479003, -0.549316,Sitting
1677480, -0.222046, -0.705933, -0.674316, -1.037598, -3.356933, -0.427246,Sitting
1677500, -0.224487, -0.704834, -0.667603, -0.915527, -4.638672, -0.732422,Sitting
1677520, -0.241455, -0.697998, -0.668823, -1.281738, -4.577638, -0.488281,Sitting
1677540, -0.239502, -0.692505, -0.676636, -1.464844, -4.028321, -0.122070,Sitting
1677560, -0.255127, -0.690064, -0.691406, -0.915527, -4.150392, 0.183105,Sitting
1677580, -0.265503, -0.688354, -0.688721, -0.549316, -4.089356, 0.122070,Sitting
1677600, -0.271973, -0.691040, -0.677246, -0.122070, -3.540038, 0.244141,Sitting
1677620, -0.267822, -0.692627, -0.670288, -0.244141, -2.502442, 0.854492,Sitting
1677640, -0.254761, -0.689331, -0.670654, -0.244141, -2.502442, 1.159668,Sitting
1677660, -0.259033, -0.689942, -0.681152, -0.122070, -2.929687, 0.793457,Sitting
1677680, -0.260986, -0.683106, -0.687134, -0.244141, -3.112792, 0.915527,Sitting
1677700, -0.265015, -0.678833, -0.680542, 0.061035, -3.234863, 1.037598,Sitting
1677720, -0.261719, -0.682129, -0.673584, 0.183105, -3.540038, 0.976562,Sitting
1677740, -0.250000, -0.699463, -0.677612, 0.000000, -3.112792, 1.037598,Sitting
1677760, -0.248535, -0.695435, -0.684082, -0.244141, -3.295898, 1.220704,Sitting
1677780, -0.257080, -0.694458, -0.686035, -0.305176, -3.295898, 0.915527,Sitting
1677800, -0.264160, -0.694214, -0.682007, -0.427246, -3.051757, 0.244141,Sitting
1677820, -0.271362, -0.692139, -0.670288, -0.732422, -2.319336, -0.305176,Sitting
1677840, -0.275024, -0.687866, -0.663818, -0.610352, -0.976562, -0.488281,Sitting
1677860, -0.271484, -0.691650, -0.662720, -0.427246, 0.732422, -0.854492,Sitting
1677880, -0.262817, -0.693848, -0.672730, -0.305176, 1.281738, -1.342773,Sitting
1677900, -0.268311, -0.690552, -0.682373, -0.183105, 0.671386, -1.525878,Sitting
1677920, -0.271362, -0.683716, -0.674683, 0.183105, 0.122070, -1.525878,Sitting
1677940, -0.271240, -0.694702, -0.665528, 0.610352, 0.549316, -1.342773,Sitting
1677960, -0.259766, -0.688721, -0.679199, 0.305176, 1.464844, -0.549316,Sitting
1677980, -0.259399, -0.679199, -0.688843, 0.244141, 1.037598, -0.610352,Sitting
1678000, -0.256348, -0.674072, -0.683228, 0.244141, -0.427246, -0.427246,Sitting
1678020, -0.253906, -0.682007, -0.673096, -0.244141, -1.647949, -0.122070,Sitting
1678040, -0.254028, -0.687500, -0.669068, -0.732422, -1.770019, 0.427246,Sitting
1678060, -0.243286, -0.682495, -0.680420, -1.037598, -1.953124, 0.183105,Sitting
1678080, -0.264526, -0.685669, -0.694824, -0.488281, -3.112792, -0.427246,Sitting
1678100, -0.265503, -0.687622, -0.689209, -0.427246, -3.906249, -0.305176,Sitting
1678120, -0.274658, -0.688599, -0.679077, -0.244141, -3.356933, -0.061035,Sitting
1678140, -0.268188, -0.687256, -0.677368, -0.122070, -1.708984, 0.244141,Sitting
1678160, -0.258301, -0.682007, -0.676636, -0.244141, -1.159668, 0.122070,Sitting
1678180, -0.273560, -0.683106, -0.682007, 0.549316, -2.624511, -0.549316,Sitting
1678200, -0.277710, -0.688599, -0.672486, 0.976562, -2.075196, -0.671386,Sitting
1678220, -0.271240, -0.697022, -0.667725, 0.854492, 0.122070, 0.183105,Sitting
1678240, -0.246094, -0.691162, -0.675171, 0.549316, 0.915527, 0.793457,Sitting
1678260, -0.241333, -0.687744, -0.679566, 0.610352, -1.098633, 0.366211,Sitting
1678280, -0.251587, -0.699829, -0.674805, 0.610352, -3.479003, 0.000000,Sitting
1678300, -0.267700, -0.709717, -0.665405, -0.122070, -3.967285, -0.244141,Sitting
1678320, -0.272827, -0.703491, -0.663696, -1.281738, -2.807617, -0.061035,Sitting
1678340, -0.276367, -0.688965, -0.671143, -2.380371, -1.892090, -0.366211,Sitting
1678360, -0.271484, -0.666626, -0.680420, -2.258301, -2.075196, -0.732422,Sitting
1678380, -0.278076, -0.670044, -0.688354, -1.403808, -2.624511, -1.220704,Sitting
1678400, -0.285645, -0.680298, -0.681519, -0.488281, -1.953124, -0.732422,Sitting
1678420, -0.278076, -0.681641, -0.681641, -0.244141, -0.549316, 0.000000,Sitting
1678440, -0.263306, -0.682495, -0.675415, -0.427246, -0.244141, 0.854492,Sitting
1678460, -0.250366, -0.671875, -0.682495, 0.000000, -1.647949, 0.976562,Sitting
1678480, -0.272461, -0.677002, -0.685425, 0.610352, -2.624511, 0.244141,Sitting
1678500, -0.279907, -0.690186, -0.677002, 0.793457, -2.197266, -0.061035,Sitting
1678520, -0.280396, -0.693970, -0.673828, 0.061035, -0.610352, 0.122070,Sitting
1678540, -0.261475, -0.689209, -0.675781, -0.610352, -0.244141, 0.366211,Sitting
1678560, -0.254150, -0.684326, -0.677124, -1.159668, -2.136231, 0.061035,Sitting
1678580, -0.264404, -0.686402, -0.677246, -1.525878, -4.333496, 0.244141,Sitting
1678600, -0.263428, -0.684204, -0.673218, -1.953124, -5.981444, 0.976562,Sitting
1678620, -0.276001, -0.687622, -0.673950, -0.915527, -7.385252, 0.976562,Sitting
1678640, -0.278442, -0.690430, -0.672852, -0.305176, -6.896972, 0.488281,Sitting
1678660, -0.284546, -0.691162, -0.677979, 0.000000, -5.187988, 0.183105,Sitting
1678680, -0.281006, -0.688965, -0.678467, -0.122070, -3.784179, -0.061035,Sitting
1678700, -0.291870, -0.683106, -0.677856, -0.427246, -3.112792, -0.549316,Sitting
1678720, -0.298950, -0.668091, -0.678223, -0.488281, -2.319336, -0.732422,Sitting
1678740, -0.307251, -0.654175, -0.689331, 0.366211, -0.305176, -0.915527,Sitting
1678760, -0.295410, -0.657349, -0.692627, 1.220704, 2.075196, -1.159668,Sitting
1678780, -0.282593, -0.667114, -0.685303, 1.464844, 2.502442, -1.403808,Sitting
1678800, -0.286011, -0.684448, -0.677734, 1.525878, 1.831054, -1.464844,Sitting
1678820, -0.291748, -0.693726, -0.668213, 1.281738, 1.770019, -0.915527,Sitting
1678840, -0.280396, -0.691895, -0.664917, 1.770019, 2.075196, 0.000000,Sitting
1678860, -0.265381, -0.683472, -0.670532, 1.831054, 1.892090, 0.488281,Sitting
1678880, -0.255737, -0.678833, -0.680054, 1.892090, 0.976562, 0.488281,Sitting
1678900, -0.258423, -0.682862, -0.680054, 1.892090, -0.732422, 0.427246,Sitting
1678920, -0.262329, -0.689942, -0.672241, 1.342773, -2.807617, 0.305176,Sitting
1678940, -0.278198, -0.692383, -0.672486, 0.915527, -3.723144, 0.000000,Sitting
1678960, -0.290405, -0.696167, -0.671631, -0.244141, -2.563476, 0.305176,Sitting
1678980, -0.277344, -0.696411, -0.670044, -1.098633, -2.075196, 0.732422,Sitting
1679000, -0.263062, -0.687988, -0.671875, -1.892090, -3.173828, 0.488281,Sitting
1679020, -0.287842, -0.678223, -0.679566, -1.708984, -4.150392, -0.122070,Sitting
1679040, -0.306396, -0.673096, -0.682373, -1.098633, -2.746581, -0.549316,Sitting
1679060, -0.295532, -0.670654, -0.678223, 0.061035, 0.488281, -0.488281,Sitting
1679080, -0.278320, -0.669922, -0.674072, 0.854492, -0.061035, -0.610352,Sitting
1679100, -0.279785, -0.681396, -0.671509, 1.403808, -1.464844, -0.976562,Sitting
1679120, -0.290283, -0.691040, -0.673706, 1.403808, -1.281738, -0.732422,Sitting
1679160, -0.282227, -0.696289, -0.670776, 0.366211, -0.244141, 0.183105,Sitting
1679180, -0.274536, -0.692871, -0.668701, -0.732422, -1.098633, 0.183105,Sitting
1679200, -0.278076, -0.678467, -0.674194, -0.732422, -1.770019, 0.000000,Sitting
1679220, -0.290894, -0.677979, -0.679566, -0.244141, -1.159668, -0.488281,Sitting
1679240, -0.291382, -0.676758, -0.677490, 0.000000, -0.610352, -0.793457,Sitting
1679260, -0.290283, -0.680054, -0.672241, -0.244141, -0.610352, -0.976562,Sitting
1679280, -0.288208, -0.691284, -0.662598, -0.976562, -0.671386, -0.122070,Sitting
1679300, -0.288452, -0.682739, -0.669068, -0.610352, -0.305176, 0.122070,Sitting
1679320, -0.306519, -0.676880, -0.694336, 1.586914, 0.732422, -0.305176,Sitting
1679340, -0.298340, -0.671631, -0.701660, 3.295898, 2.502442, -0.488281,Sitting
1679360, -0.275635, -0.669800, -0.683838, 4.272462, 2.197266, -0.488281,Sitting
1679380, -0.254028, -0.669678, -0.662720, 3.662109, 0.549316, 0.000000,Sitting
1679400, -0.245728, -0.674805, -0.659668, 2.502442, -1.098633, 0.854492,Sitting
1679420, -0.255982, -0.681152, -0.669800, 1.220704, -2.441407, 1.403808,Sitting
1679440, -0.267822, -0.690186, -0.677856, -0.183105, -3.967285, 2.014160,Sitting
1679460, -0.278198, -0.698486, -0.678833, -1.586914, -6.164550, 1.220704,Sitting
1679480, -0.292847, -0.704956, -0.673950, -2.807617, -6.958006, 0.183105,Sitting
1679500, -0.306885, -0.707520, -0.656494, -2.624511, -5.798338, -0.488281,Sitting
1679520, -0.306519, -0.679932, -0.663086, -1.464844, -2.868652, 0.061035,Sitting
1679540, -0.306030, -0.666504, -0.671387, -0.122070, 0.061035, -0.061035,Sitting
1679560, -0.286743, -0.669556, -0.668335, 0.854492, 0.976562, 0.000000,Sitting
1679580, -0.280518, -0.677002, -0.663086, 1.647949, 0.061035, 0.061035,Sitting
1679600, -0.289551, -0.695679, -0.660278, 2.136231, 1.403808, 0.061035,Sitting
1679620, -0.277710, -0.700928, -0.670898, 1.464844, 3.234863, 1.220704,Sitting
1679640, -0.265625, -0.701416, -0.680298, -0.122070, 3.051757, 2.685546,Sitting
1679660, -0.254395, -0.685913, -0.690918, -1.342773, -1.342773, 2.197266,Sitting
1679680, -0.293213, -0.677368, -0.684937, -1.647949, -5.615234, 0.488281,Sitting
1679700, -0.332886, -0.661011, -0.675171, -1.281738, -5.920409, -0.610352,Sitting
1679720, -0.354736, -0.665894, -0.668213, -0.366211, 0.183105, -1.098633,Sitting
1679740, -0.319214, -0.664551, -0.674194, 0.244141, 4.150392, -0.793457,Sitting
1679760, -0.276367, -0.667847, -0.681763, 1.037598, 3.662109, -1.098633,Sitting
1679780, -0.273071, -0.677002, -0.676392, 1.281738, 0.427246, -0.854492,Sitting
1679800, -0.291748, -0.685547, -0.660522, 1.220704, -1.037598, 0.061035,Sitting
1679820, -0.292725, -0.695312, -0.651856, 1.220704, -0.122070, 0.732422,Sitting
1679840, -0.278809, -0.705444, -0.654785, 0.549316, 0.427246, 0.915527,Sitting
1679860, -0.276245, -0.702148, -0.669556, -0.061035, -0.549316, 0.366211,Sitting
1679880, -0.280396, -0.686035, -0.681641, 0.000000, -0.793457, -0.122070,Sitting
1679900, -0.273193, -0.672363, -0.684937, 0.488281, -0.610352, -0.366211,Sitting
1679920, -0.270142, -0.667236, -0.688354, 0.732422, -0.549316, -1.159668,Sitting
1679940, -0.279175, -0.676636, -0.675171, 0.488281, -1.342773, -1.647949,Sitting
1679960, -0.297119, -0.680542, -0.667114, 0.549316, -1.708984, -1.098633,Sitting
1679980, -0.303467, -0.687256, -0.659790, 0.061035, -2.014160, -0.549316,Sitting
1680000, -0.313477, -0.686524, -0.661743, -0.305176, -1.892090, -0.305176,Sitting
1680020, -0.314209, -0.683960, -0.667236, -0.732422, -0.549316, -0.244141,Sitting
1680040, -0.307983, -0.678833, -0.676026, -0.305176, -0.366211, -1.342773,Sitting
1680060, -0.303711, -0.671021, -0.682739, -0.122070, -0.305176, -1.281738,Sitting
1680080, -0.306763, -0.660400, -0.688232, 0.427246, 0.244141, -0.793457,Sitting
1680100, -0.301636, -0.663208, -0.684814, 1.525878, 1.098633, -0.610352,Sitting
1680120, -0.290283, -0.672363, -0.673340, 2.014160, 1.831054, -0.732422,Sitting
1680140, -0.278687, -0.682251, -0.665405, 2.441407, 2.502442, -0.915527,Sitting
1680160, -0.263672, -0.701904, -0.665528, 1.647949, 1.831054, -0.610352,Sitting
1680180, -0.265747, -0.702515, -0.667969, 0.732422, -0.183105, -0.427246,Sitting
1680200, -0.272949, -0.699707, -0.667480, 0.000000, -1.708984, -0.549316,Sitting
1680220, -0.284790, -0.694336, -0.673828, -0.488281, -2.319336, -0.488281,Sitting
1680240, -0.282837, -0.688110, -0.675049, -0.854492, -2.319336, -0.244141,Sitting
1680260, -0.281494, -0.678467, -0.671387, -0.976562, -3.112792, -0.183105,Sitting
1680280, -0.293091, -0.674683, -0.665772, -0.366211, -4.516602, -0.610352,Sitting
1680300, -0.317627, -0.685669, -0.661621, 0.183105, -3.601074, -0.610352,Sitting
1680320, -0.304566, -0.688110, -0.662110, 0.000000, -0.244141, -0.305176,Sitting
1680340, -0.290527, -0.685547, -0.674194, 0.366211, 2.075196, -0.061035,Sitting
1680360, -0.262085, -0.686890, -0.677490, -0.305176, 1.770019, -0.366211,Sitting
1680380, -0.272095, -0.681885, -0.682251, -0.366211, -1.647949, -0.976562,Sitting
1680400, -0.289307, -0.676392, -0.673584, -0.305176, -2.136231, -0.732422,Sitting
1680420, -0.308472, -0.669068, -0.674316, 0.427246, -1.281738, -0.915527,Sitting
1680440, -0.307129, -0.674194, -0.672119, 0.610352, -0.549316, -1.098633,Sitting
1680460, -0.308960, -0.679688, -0.666504, 0.610352, -0.915527, -1.098633,Sitting
1680480, -0.305176, -0.689087, -0.664673, 0.549316, -1.037598, -0.488281,Sitting
1680500, -0.306519, -0.688110, -0.667969, 0.305176, -0.305176, 0.061035,Sitting
1680520, -0.296631, -0.683960, -0.669068, 0.183105, 0.183105, -0.061035,Sitting
1680540, -0.292480, -0.678467, -0.671265, 0.183105, 0.427246, -0.183105,Sitting
1680560, -0.286255, -0.679688, -0.674072, 0.427246, 0.488281, -0.488281,Sitting
1680580, -0.277954, -0.688110, -0.672241, 0.366211, 0.549316, -0.488281,Sitting
1680600, -0.275879, -0.687866, -0.670166, 0.488281, 0.183105, -0.366211,Sitting
1680620, -0.270996, -0.689331, -0.669556, 0.366211, 0.122070, -0.427246,Sitting
1680640, -0.266358, -0.686402, -0.671997, 0.671386, -0.610352, -0.915527,Sitting
1680660, -0.284546, -0.687012, -0.675049, 0.610352, -0.793457, -1.159668,Sitting
1680680, -0.292358, -0.681274, -0.674438, 0.671386, -0.793457, -1.159668,Sitting
1680700, -0.296021, -0.688599, -0.670044, 0.427246, -0.122070, -0.976562,Sitting
1680720, -0.278809, -0.686279, -0.668213, 0.122070, -0.427246, -1.342773,Sitting
1680740, -0.283814, -0.689331, -0.669556, -0.122070, -1.647949, -0.793457,Sitting
1680760, -0.304077, -0.680298, -0.674194, -0.427246, -1.770019, -0.732422,Sitting
1680780, -0.309204, -0.675415, -0.673340, -0.183105, -0.305176, -1.159668,Sitting
1680800, -0.295898, -0.678345, -0.674927, -0.183105, 0.244141, -0.244141,Sitting
1680820, -0.286377, -0.680908, -0.675781, 0.305176, 0.000000, -1.159668,Sitting
1680840, -0.279053, -0.692017, -0.671509, 0.122070, -0.732422, -0.366211,Sitting
1680860, -0.278809, -0.687988, -0.668701, -0.183105, -1.098633, -0.244141,Sitting
1680880, -0.283081, -0.685669, -0.672486, 0.000000, -0.915527, -0.671386,Sitting
1680900, -0.284790, -0.683716, -0.673584, -0.244141, -0.671386, -0.610352,Sitting
1680920, -0.286499, -0.679932, -0.670288, -0.305176, -1.098633, -0.854492,Sitting
1680940, -0.291992, -0.682495, -0.667847, 0.183105, -0.793457, -0.488281,Sitting
1680960, -0.284912, -0.684204, -0.669922, 0.427246, -0.183105, 0.000000,Sitting
1680980, -0.276978, -0.683716, -0.675904, 0.488281, -0.366211, -0.305176,Sitting
1681000, -0.285034, -0.684937, -0.680420, 0.732422, -1.098633, -0.732422,Sitting
1681020, -0.294678, -0.683838, -0.673584, 0.549316, -0.976562, -0.549316,Sitting
1681040, -0.291382, -0.685425, -0.663940, 0.305176, 0.610352, -0.427246,Sitting
1681060, -0.276856, -0.684570, -0.672486, 0.122070, 0.488281, -0.549316,Sitting
1681080, -0.277344, -0.684082, -0.678467, 0.305176, -0.976562, -0.793457,Sitting
1681100, -0.283081, -0.682617, -0.672363, 0.305176, -2.380371, -0.610352,Sitting
1681120, -0.287842, -0.686768, -0.665894, 0.427246, -2.563476, -0.488281,Sitting
1681140, -0.291260, -0.688232, -0.667114, 0.122070, -1.586914, -0.488281,Sitting
1681160, -0.298218, -0.683594, -0.671387, 0.000000, -0.488281, -0.610352,Sitting
1681180, -0.292847, -0.682251, -0.674072, 0.183105, 0.183105, -0.793457,Sitting
1681200, -0.276978, -0.683106, -0.671021, 0.000000, -0.244141, -0.427246,Sitting
1681220, -0.273316, -0.681274, -0.674927, 0.305176, -1.403808, -0.610352,Sitting
1681240, -0.287964, -0.687866, -0.674438, 0.305176, -1.892090, -0.732422,Sitting
1681260, -0.300415, -0.684937, -0.667603, 0.122070, -0.793457, -0.244141,Sitting
1681280, -0.282227, -0.687866, -0.666382, -0.305176, -0.549316, 0.183105,Sitting
1681300, -0.273071, -0.682129, -0.674438, -0.549316, -1.831054, 0.000000,Sitting
1681320, -0.282959, -0.682862, -0.675537, -0.366211, -2.990722, -0.671386,Sitting
1681340, -0.302124, -0.682129, -0.672119, -0.366211, -2.380371, -0.427246,Sitting
1681360, -0.300659, -0.682984, -0.671509, -0.061035, -0.732422, -0.061035,Sitting
1681380, -0.290527, -0.682862, -0.672608, -0.061035, -0.061035, -0.061035,Sitting
1681400, -0.285767, -0.682373, -0.673950, 0.061035, -0.793457, 0.000000,Sitting
1681420, -0.281494, -0.680664, -0.665772, -0.305176, -1.525878, 0.427246,Sitting
1681440, -0.290527, -0.672486, -0.672608, 0.061035, -1.647949, 0.671386,Sitting
1681460, -0.305420, -0.679932, -0.682984, 0.854492, -0.305176, -0.061035,Sitting
1681480, -0.304077, -0.683106, -0.678833, 1.403808, 1.342773, -0.610352,Sitting
1681500, -0.293213, -0.689453, -0.673950, 1.220704, 1.342773, -0.427246,Sitting
1681520, -0.280396, -0.693115, -0.663696, 0.793457, 1.098633, 0.122070,Sitting
1681540, -0.271973, -0.688232, -0.658081, 0.427246, 0.671386, -0.061035,Sitting
1681560, -0.278931, -0.690064, -0.663208, 0.732422, -0.183105, -0.305176,Sitting
1681580, -0.283691, -0.695435, -0.663574, 0.305176, -0.854492, -0.366211,Sitting
1681600, -0.280762, -0.701294, -0.660645, -0.244141, -2.075196, -0.183105,Sitting
1681620, -0.278809, -0.709961, -0.665283, -0.488281, -3.051757, -0.061035,Sitting
1681640, -0.277344, -0.709717, -0.673706, -1.831054, -3.234863, 0.000000,Sitting
1681660, -0.267456, -0.671631, -0.680176, -2.807617, -3.723144, 0.000000,Sitting
1681680, -0.282349, -0.659912, -0.682373, -1.831054, -4.760742, -0.793457,Sitting
1681700, -0.304566, -0.662476, -0.673706, -1.403808, -3.479003, -0.732422,Sitting
1681720, -0.319946, -0.664062, -0.679932, -0.732422, -0.976562, -0.366211,Sitting
1681740, -0.314819, -0.675659, -0.678223, -0.610352, -0.305176, -0.366211,Sitting
1681760, -0.304321, -0.685425, -0.661499, -0.793457, -2.136231, -0.427246,Sitting
1681780, -0.309204, -0.687012, -0.653076, -0.366211, -2.685546, -0.610352,Sitting
1681800, -0.312866, -0.685059, -0.663574, -0.122070, -0.244141, -0.122070,Sitting
1681820, -0.297974, -0.673584, -0.675171, -0.061035, 1.525878, 0.122070,Sitting
1681840, -0.286133, -0.668945, -0.685669, 0.549316, 1.220704, -0.549316,Sitting
1681860, -0.276123, -0.676148, -0.687866, 0.976562, 0.122070, -0.610352,Sitting
1681880, -0.274658, -0.679444, -0.680054, 0.732422, -0.610352, -0.183105,Sitting
1681900, -0.273193, -0.680542, -0.672363, 0.488281, -0.671386, 0.122070,Sitting
1681920, -0.282227, -0.684082, -0.675049, -0.122070, -1.403808, -0.427246,Sitting
1681940, -0.295166, -0.685425, -0.674072, -0.549316, -1.647949, -0.610352,Sitting
1681960, -0.306641, -0.677612, -0.671021, -0.183105, -1.586914, -0.549316,Sitting
1681980, -0.306885, -0.675537, -0.670898, 0.427246, -1.037598, -0.793457,Sitting
1682000, -0.305786, -0.675049, -0.669556, 0.427246, -0.610352, -1.159668,Sitting
1682020, -0.311035, -0.671631, -0.671631, 0.976562, 0.122070, -1.342773,Sitting
1682040, -0.304321, -0.679199, -0.670532, 1.403808, 1.037598, -0.976562,Sitting
1682060, -0.292847, -0.684448, -0.668945, 1.037598, 1.342773, -0.427246,Sitting
1682080, -0.281860, -0.686768, -0.674438, 0.854492, 0.366211, -0.610352,Sitting
1682100, -0.284790, -0.683838, -0.674927, 0.488281, -0.671386, -1.037598,Sitting
1682120, -0.299438, -0.682862, -0.673584, 0.427246, -0.915527, -0.915527,Sitting
1682140, -0.293823, -0.684448, -0.666870, 0.305176, 0.366211, -0.305176,Sitting
1682160, -0.275879, -0.684692, -0.664551, 0.061035, 0.122070, -0.427246,Sitting
1682180, -0.288086, -0.682495, -0.674805, 0.488281, -0.671386, -0.915527,Sitting
1682200, -0.292114, -0.681885, -0.676880, 0.610352, -0.793457, -0.732422,Sitting
1682220, -0.292114, -0.679932, -0.675659, 0.732422, -0.610352, -0.488281,Sitting
1682240, -0.290772, -0.685059, -0.672241, 0.915527, -0.488281, -0.549316,Sitting
1682260, -0.288208, -0.687012, -0.669190, 0.488281, -0.305176, -0.671386,Sitting
1682280, -0.291748, -0.680054, -0.673096, 0.427246, 0.061035, -0.854492,Sitting
1682300, -0.294800, -0.679444, -0.676148, 0.610352, 0.549316, -1.037598,Sitting
1682320, -0.291992, -0.683228, -0.672852, 0.671386, 0.732422, -1.037598,Sitting
1682340, -0.289795, -0.689453, -0.667847, 0.549316, 0.549316, -0.976562,Sitting
1682360, -0.285156, -0.686890, -0.670044, 0.183105, -0.244141, -0.549316,Sitting
1682380, -0.294190, -0.682373, -0.673950, 0.244141, -0.488281, -0.366211,Sitting
1682400, -0.293579, -0.682739, -0.669800, 0.244141, -0.549316, -0.305176,Sitting
1682420, -0.288940, -0.682617, -0.666504, 0.366211, -0.427246, -0.061035,Sitting
1682440, -0.280274, -0.679321, -0.666626, 0.061035, -0.610352, -0.183105,Sitting
1682460, -0.286377, -0.679321, -0.675171, 0.305176, -0.915527, -0.671386,Sitting
1682480, -0.294678, -0.682984, -0.677002, 0.366211, -1.098633, -1.037598,Sitting
1682500, -0.299194, -0.688232, -0.674194, 0.244141, -0.366211, -0.793457,Sitting
1682520, -0.286865, -0.689209, -0.669434, -0.183105, 0.366211, -0.305176,Sitting
1682540, -0.274658, -0.684570, -0.672486, -0.549316, -0.366211, -0.122070,Sitting
1682560, -0.281128, -0.678711, -0.677124, -0.366211, -1.647949, -0.427246,Sitting
1682580, -0.298828, -0.678345, -0.673950, 0.305176, -1.403808, -0.732422,Sitting
1682600, -0.299316, -0.681763, -0.669434, 0.549316, -0.244141, -0.488281,Sitting
1682620, -0.288574, -0.685181, -0.666504, 0.427246, 0.183105, -0.427246,Sitting
1682640, -0.284668, -0.683472, -0.671021, 0.488281, -0.244141, -0.488281,Sitting
1682660, -0.283081, -0.681152, -0.672486, 0.427246, -0.671386, -0.427246,Sitting
1682680, -0.292114, -0.683350, -0.675293, 0.671386, -0.915527, -0.366211,Sitting
1682700, -0.287842, -0.684937, -0.670044, 0.610352, -0.488281, -0.366211,Sitting
1682720, -0.291870, -0.685791, -0.673706, 0.671386, -0.122070, -0.549316,Sitting
1682740, -0.286865, -0.686890, -0.674805, 0.488281, 0.183105, -0.366211,Sitting
1682760, -0.280029, -0.683228, -0.673706, -0.061035, -0.488281, -0.244141,Sitting
1682780, -0.279297, -0.681763, -0.671265, -0.366211, -1.953124, -0.244141,Sitting
1682800, -0.300415, -0.693848, -0.669312, -0.427246, -3.112792, -0.366211,Sitting
1682820, -0.304688, -0.692017, -0.665161, -0.732422, -2.319336, -0.122070,Sitting
1682840, -0.305664, -0.685913, -0.665161, -0.549316, -0.915527, 0.000000,Sitting
1682860, -0.299438, -0.687866, -0.672608, -0.549316, 0.427246, 0.122070,Sitting
1682880, -0.282471, -0.680420, -0.676636, -0.671386, 0.976562, 0.671386,Sitting
1682900, -0.262451, -0.674072, -0.676026, -0.366211, 0.061035, 1.098633,Sitting
1682920, -0.252197, -0.667236, -0.672119, 0.000000, -2.136231, 1.281738,Sitting
1682940, -0.267334, -0.664429, -0.677002, 0.610352, -4.333496, 0.488281,Sitting
1682960, -0.300049, -0.673828, -0.678467, 0.915527, -4.699708, -0.549316,Sitting
1682980, -0.320190, -0.686035, -0.671631, 0.793457, -2.746581, -0.793457,Sitting
1683000, -0.310181, -0.695312, -0.663330, 0.244141, -0.671386, -0.366211,Sitting
1683020, -0.281372, -0.690674, -0.664551, -0.732422, -1.220704, 0.305176,Sitting
1683040, -0.287964, -0.680908, -0.673462, -0.732422, -3.112792, 0.427246,Sitting
1683060, -0.297119, -0.676392, -0.673340, -0.732422, -4.211426, 0.549316,Sitting
1683080, -0.304932, -0.679444, -0.669068, -0.732422, -4.089356, 0.549316,Sitting
1683100, -0.308838, -0.684937, -0.665161, -1.037598, -3.234863, 0.549316,Sitting
1683120, -0.297974, -0.684326, -0.667236, -1.098633, -2.502442, 0.366211,Sitting
1683140, -0.297974, -0.678101, -0.674194, -0.976562, -2.502442, -0.061035,Sitting
1683160, -0.306763, -0.677734, -0.676392, -0.610352, -2.502442, -0.549316,Sitting
1683180, -0.308228, -0.678223, -0.670898, -0.488281, -1.892090, -0.610352,Sitting
1683200, -0.305786, -0.678223, -0.668091, -0.488281, -0.976562, -0.549316,Sitting
1683220, -0.296631, -0.675904, -0.668823, -0.610352, -0.610352, -0.610352,Sitting
1683240, -0.301148, -0.676392, -0.678223, -0.122070, -0.671386, -0.976562,Sitting
1683260, -0.299683, -0.676636, -0.676880, 0.122070, -0.976562, -0.854492,Sitting
1683280, -0.301758, -0.679444, -0.674194, 0.122070, -0.976562, -0.610352,Sitting
1683300, -0.298096, -0.680786, -0.668579, 0.061035, -0.793457, -0.488281,Sitting
1683320, -0.296021, -0.680908, -0.670288, -0.061035, -0.854492, -0.610352,Sitting
1683340, -0.300293, -0.677002, -0.672241, -0.122070, -0.854492, -0.671386,Sitting
1683360, -0.307495, -0.674805, -0.673828, 0.183105, -0.366211, -0.793457,Sitting
1683380, -0.303223, -0.676514, -0.673706, 0.366211, 0.244141, -0.549316,Sitting
1683400, -0.292358, -0.678467, -0.668579, 0.305176, -0.061035, -0.610352,Sitting
1683420, -0.294922, -0.677856, -0.672730, 0.610352, -1.098633, -0.671386,Sitting
1683440, -0.306396, -0.679444, -0.672486, 0.549316, -0.915527, -0.610352,Sitting
1683460, -0.307861, -0.679444, -0.672486, 0.610352, 0.000000, -0.305176,Sitting
1683480, -0.299194, -0.681763, -0.669312, 0.549316, 0.061035, -0.183105,Sitting
1683500, -0.291992, -0.679321, -0.670288, 0.305176, -0.305176, -0.122070,Sitting
1683520, -0.297241, -0.676880, -0.675293, 0.549316, -0.671386, -0.366211,Sitting
1683540, -0.300537, -0.677002, -0.672119, 0.427246, -0.732422, -0.366211,Sitting
1683560, -0.300659, -0.674194, -0.670654, 0.427246, -0.915527, -0.671386,Sitting
1683580, -0.305054, -0.681030, -0.671387, 0.488281, -0.671386, -0.915527,Sitting
1683600, -0.301880, -0.683594, -0.669434, 0.305176, -0.305176, -0.671386,Sitting
1683620, -0.294312, -0.683350, -0.669678, 0.183105, -0.244141, -0.549316,Sitting
1683640, -0.294800, -0.682129, -0.671509, 0.366211, -0.549316, -0.671386,Sitting
1683660, -0.301758, -0.682739, -0.671143, 0.244141, -0.427246, -0.732422,Sitting
1683680, -0.301636, -0.677856, -0.671509, 0.122070, 0.427246, -0.488281,Sitting
1683700, -0.295166, -0.674927, -0.671143, 0.305176, 0.427246, -0.488281,Sitting
1683720, -0.293823, -0.676148, -0.672852, 0.427246, -0.061035, -0.732422,Sitting
1683740, -0.298096, -0.674683, -0.674438, 0.732422, -0.183105, -0.793457,Sitting
1683760, -0.303101, -0.677002, -0.676148, 0.976562, 0.061035, -0.793457,Sitting
1683780, -0.303711, -0.680542, -0.673584, 0.976562, 0.244141, -0.732422,Sitting
1683800, -0.303101, -0.683716, -0.667969, 0.671386, 0.061035, -0.671386,Sitting
1683820, -0.296753, -0.684082, -0.663208, 0.366211, -0.122070, -0.488281,Sitting
1683840, -0.292358, -0.681396, -0.667603, 0.183105, -0.244141, -0.366211,Sitting
1683860, -0.294556, -0.678467, -0.672852, 0.366211, -0.610352, -0.610352,Sitting
1683880, -0.299194, -0.675659, -0.675415, 0.366211, -0.610352, -0.793457,Sitting
1683900, -0.294190, -0.681152, -0.671021, 0.610352, -0.183105, -0.549316,Sitting
1683920, -0.288574, -0.687134, -0.668579, 0.366211, -0.366211, -0.488281,Sitting
1683940, -0.293091, -0.686646, -0.671021, 0.183105, -0.610352, -0.610352,Sitting
1683960, -0.294922, -0.684570, -0.671753, -0.061035, -0.610352, -0.610352,Sitting
1683980, -0.296143, -0.677124, -0.672608, -0.183105, -0.793457, -0.671386,Sitting
1684000, -0.303345, -0.677246, -0.671143, 0.244141, -0.854492, -0.976562,Sitting
1684020, -0.307861, -0.680298, -0.668823, 0.488281, -0.061035, -0.915527,Sitting
1684040, -0.296875, -0.682007, -0.671021, 0.549316, 0.854492, -0.610352,Sitting
1684060, -0.283447, -0.682129, -0.670654, 0.366211, 0.366211, -0.549316,Sitting
1684080, -0.290527, -0.684204, -0.672608, 0.488281, -0.671386, -0.549316,Sitting
1684100, -0.292480, -0.683594, -0.669678, 0.244141, -1.037598, -0.427246,Sitting
1684120, -0.296509, -0.681030, -0.673340, 0.183105, -0.732422, -0.305176,Sitting
1684140, -0.296631, -0.677979, -0.674194, 0.244141, -0.610352, -0.488281,Sitting
1684160, -0.301758, -0.677979, -0.674927, 0.488281, -0.610352, -0.976562,Sitting
1684180, -0.303345, -0.679444, -0.673340, 0.732422, 0.061035, -0.976562,Sitting
1684200, -0.297485, -0.683716, -0.667603, 0.427246, 0.610352, -0.793457,Sitting
1684220, -0.289429, -0.687134, -0.665894, 0.183105, 0.305176, -0.427246,Sitting
1684240, -0.286987, -0.683228, -0.667114, -0.183105, -0.549316, -0.366211,Sitting
1684260, -0.293823, -0.681519, -0.673828, 0.122070, -1.281738, -0.549316,Sitting
1684280, -0.303589, -0.681885, -0.674194, 0.244141, -0.793457, -0.671386,Sitting
1684300, -0.302612, -0.680664, -0.667969, 0.427246, 0.122070, -0.732422,Sitting
1684320, -0.290527, -0.681152, -0.668579, 0.305176, 0.610352, -0.732422,Sitting
1684340, -0.289429, -0.681763, -0.673340, 0.244141, 0.183105, -0.732422,Sitting
1684360, -0.289917, -0.680054, -0.673584, 0.366211, -0.305176, -0.671386,Sitting
1684380, -0.290527, -0.682373, -0.672119, 0.244141, -0.549316, -0.671386,Sitting
1684400, -0.298218, -0.682373, -0.674805, 0.244141, -0.427246, -0.732422,Sitting
1684420, -0.296875, -0.681519, -0.671875, 0.244141, 0.000000, -0.732422,Sitting
1684440, -0.297730, -0.681274, -0.670532, 0.366211, 0.000000, -0.671386,Sitting
1684460, -0.290283, -0.685791, -0.669190, 0.305176, -0.061035, -0.488281,Sitting
1684480, -0.287476, -0.682739, -0.670532, 0.122070, -0.427246, -0.427246,Sitting
1684500, -0.293579, -0.681030, -0.672608, 0.366211, -0.671386, -0.488281,Sitting
1684520, -0.291382, -0.677490, -0.671265, 0.427246, -0.488281, -0.549316,Sitting
1684540, -0.296509, -0.678589, -0.674927, 0.854492, -0.244141, -0.854492,Sitting
1684560, -0.294312, -0.682984, -0.670288, 0.671386, 0.183105, -0.793457,Sitting
1684580, -0.289551, -0.683960, -0.670532, 0.671386, 0.000000, -0.732422,Sitting
1684600, -0.291870, -0.685669, -0.671143, 0.488281, -0.061035, -0.427246,Sitting
1684620, -0.288330, -0.685181, -0.669922, 0.549316, 0.000000, -0.061035,Sitting
1684640, -0.282593, -0.685791, -0.669434, 0.427246, -0.610352, -0.061035,Sitting
1684660, -0.283203, -0.679810, -0.669922, 0.183105, -1.464844, -0.305176,Sitting
1684680, -0.300415, -0.678345, -0.675415, 0.610352, -1.586914, -0.793457,Sitting
1684700, -0.300537, -0.683106, -0.669800, 0.488281, -0.549316, -0.793457,Sitting
1684720, -0.298218, -0.686768, -0.667358, 0.366211, 0.183105, -0.549316,Sitting
1684740, -0.281738, -0.688232, -0.666870, 0.122070, 0.000000, -0.305176,Sitting
1684760, -0.280884, -0.685303, -0.671509, 0.122070, -1.037598, -0.305176,Sitting
1684780, -0.284546, -0.685547, -0.674072, 0.000000, -2.075196, -0.488281,Sitting
1684800, -0.299438, -0.683228, -0.672608, 0.061035, -1.403808, -0.488281,Sitting
1684820, -0.295288, -0.688232, -0.667969, 0.122070, -0.366211, -0.427246,Sitting
1684840, -0.284180, -0.687256, -0.669922, -0.244141, -0.183105, -0.366211,Sitting
1684860, -0.284546, -0.680908, -0.672974, -0.366211, -0.915527, -0.671386,Sitting
1684880, -0.291626, -0.679810, -0.672486, -0.061035, -1.403808, -0.793457,Sitting
1684900, -0.295288, -0.684448, -0.667358, -0.122070, -1.281738, -0.549316,Sitting
1684920, -0.291504, -0.683960, -0.663452, -0.305176, -1.098633, -0.305176,Sitting
1684940, -0.297730, -0.679932, -0.669678, -0.183105, -1.159668, -0.366211,Sitting
1684960, -0.304566, -0.679932, -0.675415, 0.305176, -0.793457, -0.366211,Sitting
1684980, -0.301270, -0.678955, -0.673462, 0.610352, 0.000000, -0.366211,Sitting
1685000, -0.292480, -0.679444, -0.671265, 0.732422, 0.549316, -0.122070,Sitting
1685020, -0.289917, -0.677856, -0.675659, 0.915527, 0.122070, -0.244141,Sitting
1685040, -0.293335, -0.677490, -0.676270, 1.159668, -0.183105, -0.549316,Sitting
1685060, -0.304566, -0.682007, -0.676636, 1.586914, 0.305176, -0.671386,Sitting
1685080, -0.297730, -0.687012, -0.667603, 1.220704, 0.976562, -0.366211,Sitting
1685100, -0.283447, -0.686768, -0.661865, 0.915527, 0.915527, -0.122070,Sitting
1685120, -0.274780, -0.685913, -0.665772, 0.793457, -0.183105, -0.183105,Sitting
1685140, -0.286377, -0.688599, -0.672486, 0.610352, -0.793457, -0.244141,Sitting
1685160, -0.291016, -0.686524, -0.673706, 0.488281, -0.488281, -0.183105,Sitting
1685180, -0.289795, -0.686402, -0.669312, 0.549316, -0.549316, -0.671386,Sitting
1685200, -0.282715, -0.690064, -0.665650, 0.305176, -0.732422, -0.732422,Sitting
1685220, -0.279907, -0.688110, -0.666748, -0.122070, -1.525878, -0.854492,Sitting
1685240, -0.293579, -0.686157, -0.671021, -0.244141, -1.403808, -0.549316,Sitting
1685260, -0.297730, -0.683838, -0.670410, -0.183105, -1.037598, -0.488281,Sitting
1685280, -0.292236, -0.682495, -0.669190, -0.122070, -0.610352, -0.549316,Sitting
1685300, -0.289917, -0.681519, -0.670898, -0.061035, -0.671386, -0.793457,Sitting
1685320, -0.295776, -0.680176, -0.675293, 0.183105, -0.610352, -0.671386,Sitting
1685340, -0.292603, -0.680908, -0.672486, 0.366211, -0.488281, -0.610352,Sitting
1685360, -0.292969, -0.683228, -0.670898, 0.549316, -0.610352, -0.671386,Sitting
1685380, -0.294190, -0.685425, -0.669678, 0.610352, -0.305176, -0.610352,Sitting
1685400, -0.291016, -0.683594, -0.667603, 0.488281, -0.244141, -0.305176,Sitting
1685420, -0.287720, -0.683106, -0.667603, 0.488281, -0.549316, -0.183105,Sitting
1685440, -0.292725, -0.682373, -0.670898, 0.549316, -0.488281, -0.305176,Sitting
1685460, -0.290161, -0.683472, -0.672119, 0.427246, -0.366211, -0.610352,Sitting
1685480, -0.292236, -0.685547, -0.671997, 0.488281, -0.488281, -0.671386,Sitting
1685500, -0.289917, -0.689087, -0.664307, 0.427246, -0.488281, -0.549316,Sitting
1685520, -0.284912, -0.692627, -0.664185, 0.244141, -0.366211, -0.244141,Sitting
1685540, -0.276978, -0.688599, -0.669312, 0.000000, -0.549316, -0.122070,Sitting
1685560, -0.279175, -0.687744, -0.673218, -0.122070, -1.403808, -0.305176,Sitting
1685580, -0.289551, -0.686646, -0.673828, -0.122070, -1.892090, -0.488281,Sitting
1685600, -0.293823, -0.682739, -0.671631, 0.061035, -1.281738, -0.671386,Sitting
1685620, -0.298950, -0.683838, -0.671265, 0.061035, -0.244141, -0.732422,Sitting
1685640, -0.287109, -0.683716, -0.666748, -0.122070, -0.183105, -0.793457,Sitting
1685660, -0.289063, -0.686402, -0.666382, -0.061035, -0.854492, -0.976562,Sitting
1685680, -0.294190, -0.687500, -0.666626, -0.427246, -0.854492, -0.427246,Sitting
1685700, -0.292236, -0.682617, -0.670410, -0.427246, -0.793457, -0.366211,Sitting
1685720, -0.291992, -0.683716, -0.671143, -0.244141, -0.854492, -0.732422,Sitting
1685740, -0.293945, -0.682862, -0.669434, -0.244141, -0.793457, -0.793457,Sitting
1685760, -0.293701, -0.682373, -0.672119, 0.000000, -0.427246, -0.549316,Sitting
1685780, -0.286743, -0.682129, -0.669190, -0.061035, -0.366211, -0.366211,Sitting
1685800, -0.283936, -0.683472, -0.668823, -0.061035, -0.854492, -0.366211,Sitting
1685820, -0.288452, -0.682007, -0.672974, 0.122070, -1.220704, -0.488281,Sitting
1685840, -0.291992, -0.684204, -0.673706, 0.122070, -1.037598, -0.427246,Sitting
1685860, -0.295532, -0.684570, -0.672486, 0.122070, -0.732422, -0.427246,Sitting
1685880, -0.296997, -0.684448, -0.670288, 0.183105, -0.305176, -0.610352,Sitting
1685900, -0.287476, -0.684692, -0.668213, 0.061035, -0.061035, -0.732422,Sitting
1685920, -0.286621, -0.684937, -0.671631, 0.183105, -0.122070, -0.610352,Sitting
1685940, -0.287109, -0.686157, -0.672974, 0.061035, -0.427246, -0.610352,Sitting
1685960, -0.286377, -0.684692, -0.672119, 0.061035, -0.732422, -0.427246,Sitting
1685980, -0.282715, -0.682984, -0.669190, -0.183105, -0.976562, -0.366211,Sitting
1686000, -0.289429, -0.681396, -0.672119, 0.061035, -1.342773, -0.671386,Sitting
1686020, -0.296265, -0.682373, -0.671631, 0.183105, -0.976562, -0.793457,Sitting
1686040, -0.300049, -0.683472, -0.671143, 0.305176, -0.183105, -0.732422,Sitting
1686060, -0.286011, -0.686402, -0.668457, 0.244141, 0.061035, -0.549316,Sitting
1686080, -0.285889, -0.687866, -0.668579, 0.122070, -0.671386, -0.549316,Sitting
1686100, -0.285522, -0.684937, -0.668579, -0.061035, -1.159668, -0.427246,Sitting
1686120, -0.293945, -0.680908, -0.675415, 0.122070, -0.976562, -0.488281,Sitting
1686140, -0.294800, -0.682373, -0.674805, 0.244141, -0.549316, -0.671386,Sitting
1686160, -0.292114, -0.683350, -0.668823, 0.244141, -0.549316, -0.732422,Sitting
1686180, -0.287354, -0.684692, -0.668579, 0.061035, -0.732422, -0.549316,Sitting
1686200, -0.286621, -0.686035, -0.670654, -0.122070, -0.732422, -0.305176,Sitting
1686220, -0.286377, -0.683228, -0.671631, -0.183105, -0.915527, -0.427246,Sitting
1686240, -0.290161, -0.681885, -0.673828, 0.061035, -1.159668, -0.671386,Sitting
1686260, -0.298706, -0.681763, -0.675049, 0.183105, -0.915527, -0.610352,Sitting
1686280, -0.294312, -0.682984, -0.672730, 0.427246, -0.183105, -0.366211,Sitting
1686300, -0.284302, -0.685181, -0.668091, 0.427246, -0.122070, -0.488281,Sitting
1686320, -0.284668, -0.684692, -0.668701, 0.488281, -0.610352, -0.671386,Sitting
1686340, -0.287842, -0.688721, -0.670898, 0.183105, -0.427246, -0.549316,Sitting
1686360, -0.286377, -0.682739, -0.673340, 0.183105, -0.244141, -0.427246,Sitting
1686380, -0.285278, -0.684204, -0.673462, 0.244141, -0.610352, -0.366211,Sitting
1686400, -0.286011, -0.684326, -0.669678, 0.061035, -1.037598, -0.305176,Sitting
1686420, -0.289551, -0.683350, -0.671021, 0.061035, -1.220704, -0.549316,Sitting
1686440, -0.293579, -0.683960, -0.672119, 0.122070, -0.915527, -0.610352,Sitting
1686460, -0.293091, -0.683838, -0.668091, -0.061035, -0.732422, -0.610352,Sitting
1686480, -0.296387, -0.683472, -0.668091, 0.183105, -0.610352, -0.610352,Sitting
1686500, -0.293213, -0.686890, -0.669068, 0.000000, -0.122070, -0.488281,Sitting
1686520, -0.286621, -0.681763, -0.671021, -0.061035, -0.183105, -0.366211,Sitting
1686540, -0.287476, -0.682495, -0.674316, 0.305176, -0.671386, -0.610352,Sitting
1686560, -0.292358, -0.686524, -0.669800, 0.427246, -0.366211, -0.427246,Sitting
1686580, -0.285278, -0.684937, -0.668945, 0.305176, -0.183105, -0.305176,Sitting
1686600, -0.289063, -0.682739, -0.673584, 0.305176, -0.427246, -0.427246,Sitting
1686620, -0.289551, -0.685425, -0.670654, 0.122070, -0.732422, -0.671386,Sitting
1686640, -0.284180, -0.683472, -0.668701, -0.244141, -0.671386, -0.488281,Sitting
1686660, -0.290649, -0.684692, -0.674683, -0.122070, -0.793457, -0.610352,Sitting
1686680, -0.291992, -0.685181, -0.674805, -0.122070, -0.549316, -0.549316,Sitting
1686700, -0.290161, -0.683350, -0.669800, -0.122070, -0.488281, -0.671386,Sitting
1686720, -0.286377, -0.684814, -0.669312, 0.183105, -0.366211, -0.793457,Sitting
1686740, -0.281738, -0.686890, -0.669434, -0.061035, -0.305176, -0.671386,Sitting
1686760, -0.283447, -0.683106, -0.672486, -0.122070, -0.610352, -0.488281,Sitting
1686780, -0.291504, -0.680542, -0.675293, 0.183105, -1.037598, -0.671386,Sitting
1686800, -0.291504, -0.680542, -0.672119, 0.305176, -0.793457, -0.610352,Sitting
1686820, -0.293823, -0.683350, -0.670654, 0.366211, -0.427246, -0.671386,Sitting
1686840, -0.292236, -0.684326, -0.671143, 0.122070, -0.366211, -0.488281,Sitting
1686860, -0.288818, -0.683716, -0.669434, 0.061035, -0.549316, -0.366211,Sitting
1686880, -0.284302, -0.681641, -0.670654, 0.061035, -0.793457, -0.427246,Sitting
1686900, -0.288574, -0.684692, -0.673096, 0.244141, -0.854492, -0.488281,Sitting
1686920, -0.287842, -0.682373, -0.674438, 0.244141, -0.793457, -0.549316,Sitting
1686940, -0.287598, -0.682373, -0.674561, 0.427246, -0.732422, -0.671386,Sitting
1686960, -0.289551, -0.686402, -0.670898, 0.427246, -0.976562, -0.732422,Sitting
1686980, -0.290649, -0.686646, -0.666260, 0.305176, -0.671386, -0.610352,Sitting
1687000, -0.283814, -0.685547, -0.672486, 0.061035, -0.244141, -0.488281,Sitting
1687020, -0.284668, -0.683350, -0.675781, 0.061035, -0.732422, -0.610352,Sitting
1687040, -0.293579, -0.684326, -0.672974, 0.122070, -0.915527, -0.610352,Sitting
1687060, -0.287842, -0.685913, -0.667480, 0.122070, -0.549316, -0.488281,Sitting
1687080, -0.283569, -0.684204, -0.669800, 0.061035, -0.488281, -0.549316,Sitting
1687100, -0.286621, -0.684326, -0.673828, 0.061035, -0.732422, -0.671386,Sitting
1687120, -0.293701, -0.680542, -0.674927, 0.122070, -0.732422, -0.671386,Sitting
1687140, -0.291992, -0.683716, -0.672608, 0.244141, -0.549316, -0.610352,Sitting
1687160, -0.282837, -0.683960, -0.666260, -0.061035, -0.610352, -0.549316,Sitting
1687180, -0.290039, -0.687378, -0.668701, 0.122070, -0.793457, -0.793457,Sitting
1687200, -0.292603, -0.687134, -0.670532, -0.122070, -0.427246, -0.671386,Sitting
1687220, -0.279419, -0.684204, -0.673828, -0.061035, -0.488281, -0.427246,Sitting
1687240, -0.281982, -0.683594, -0.675415, -0.061035, -1.281738, -0.488281,Sitting
1687260, -0.292236, -0.683472, -0.674316, 0.061035, -1.281738, -0.549316,Sitting
1687280, -0.294067, -0.684570, -0.670410, 0.183105, -0.244141, -0.427246,Sitting
1687300, -0.288452, -0.684814, -0.668335, 0.122070, 0.427246, -0.366211,Sitting
1687320, -0.284424, -0.686402, -0.668701, -0.061035, 0.305176, -0.366211,Sitting
1687340, -0.284424, -0.687012, -0.668945, -0.183105, 0.000000, -0.488281,Sitting
1687360, -0.280151, -0.686524, -0.672608, -0.427246, -0.061035, -0.427246,Sitting
1687380, -0.286987, -0.686157, -0.678589, -0.305176, -0.305176, -0.549316,Sitting
1687400, -0.292114, -0.683594, -0.675904, -0.549316, -0.366211, -0.671386,Sitting
1687420, -0.287842, -0.682129, -0.670044, -0.549316, -0.366211, -0.610352,Sitting
1687440, -0.285156, -0.675049, -0.673096, -0.488281, -0.549316, -0.732422,Sitting
1687460, -0.291992, -0.676880, -0.675904, -0.183105, -0.488281, -1.159668,Sitting
1687480, -0.298706, -0.678955, -0.675781, 0.000000, 0.061035, -1.220704,Sitting
1687500, -0.292847, -0.682373, -0.671021, -0.061035, 0.610352, -0.915527,Sitting
1687520, -0.278076, -0.683594, -0.671631, -0.244141, 0.732422, -0.854492,Sitting
1687540, -0.281982, -0.681030, -0.673950, -0.122070, 0.610352, -1.098633,Sitting
1687560, -0.296021, -0.681519, -0.680908, 0.488281, 1.464844, -1.525878,Sitting
1687580, -0.293213, -0.686890, -0.680298, 0.610352, 3.112792, -1.220704,Sitting
1687600, -0.270996, -0.685791, -0.676270, 0.610352, 1.892090, -0.671386,Sitting
1687620, -0.270020, -0.685669, -0.672608, 0.488281, 1.342773, -1.098633,Sitting
1687640, -0.282593, -0.684448, -0.671509, 0.488281, 1.464844, -0.671386,Sitting
1687660, -0.271729, -0.681396, -0.677490, 0.244141, 1.525878, -0.854492,Sitting
1687680, -0.272827, -0.681030, -0.677979, 0.061035, 0.610352, -1.098633,Sitting
1687700, -0.282959, -0.679444, -0.677856, 0.366211, -0.244141, -1.403808,Sitting
1687720, -0.288086, -0.686890, -0.670898, 0.305176, 0.183105, -1.159668,Sitting
1687740, -0.283936, -0.688843, -0.666870, 0.183105, 1.281738, -0.549316,Sitting
1687760, -0.265137, -0.688843, -0.670654, -0.061035, 1.220704, -0.427246,Sitting
1687780, -0.259766, -0.685059, -0.677124, -0.244141, -0.671386, -1.037598,Sitting
1687800, -0.272705, -0.680298, -0.675781, -0.427246, -2.380371, -1.831054,Sitting
1687820, -0.284912, -0.676514, -0.671143, -0.427246, -1.953124, -2.502442,Sitting
1687840, -0.293091, -0.670410, -0.682739, 0.244141, 0.488281, -2.624511,Sitting
1687860, -0.290405, -0.678711, -0.681885, 0.793457, 1.708984, -2.868652,Sitting
1687880, -0.266480, -0.696900, -0.674316, 1.037598, 0.183105, -1.831054,Sitting
1687900, -0.270264, -0.703003, -0.669190, 0.610352, -1.159668, -0.183105,Sitting
1687920, -0.269043, -0.699829, -0.666870, 0.061035, -1.708984, 1.098633,Sitting
1687940, -0.282837, -0.687744, -0.677368, -0.061035, -0.732422, 1.464844,Sitting
1687960, -0.281250, -0.681152, -0.683472, -0.061035, 0.671386, 0.915527,Sitting
1687980, -0.274536, -0.677368, -0.679566, 0.122070, 1.220704, 0.366211,Sitting
1688000, -0.263672, -0.682373, -0.672974, 0.366211, 0.671386, 0.183105,Sitting
1688020, -0.255737, -0.691772, -0.671143, 0.122070, 0.122070, 0.427246,Sitting
1688040, -0.252197, -0.690186, -0.679566, 0.000000, -0.549316, 0.671386,Sitting
1688060, -0.265137, -0.685425, -0.691162, 0.061035, -1.464844, 0.610352,Sitting
1688080, -0.278931, -0.680786, -0.688354, 0.000000, -2.136231, 0.854492,Sitting
1688100, -0.283203, -0.677490, -0.671875, 0.061035, -2.136231, 1.525878,Sitting
1688120, -0.277954, -0.677979, -0.672363, 0.061035, -1.586914, 1.342773,Sitting
1688140, -0.285645, -0.673340, -0.685059, -0.244141, -1.464844, 0.976562,Sitting
1688160, -0.288940, -0.672974, -0.683960, 0.061035, -1.647949, 0.000000,Sitting
1688180, -0.291016, -0.683228, -0.674561, 0.122070, -1.647949, -0.183105,Sitting
1688200, -0.285278, -0.692017, -0.665650, -0.183105, -1.098633, 0.610352,Sitting
1688220, -0.272583, -0.688721, -0.668335, -0.549316, -0.854492, 0.732422,Sitting
1688240, -0.271362, -0.681274, -0.680298, -0.549316, -1.403808, 0.183105,Sitting
1688260, -0.279663, -0.681519, -0.685181, -0.427246, -1.770019, -0.427246,Sitting
1688280, -0.283447, -0.682007, -0.679077, -0.183105, -1.647949, -0.915527,Sitting
1688300, -0.274170, -0.687256, -0.671387, -0.366211, -1.098633, -0.976562,Sitting
1688320, -0.269043, -0.687012, -0.672730, -0.671386, -1.831054, -0.854492,Sitting
1688340, -0.282471, -0.683106, -0.678711, -0.610352, -2.197266, -0.915527,Sitting
1688360, -0.289673, -0.683838, -0.677734, -0.671386, -1.708984, -0.427246,Sitting
1688380, -0.280274, -0.681885, -0.674072, -0.793457, -1.281738, 0.122070,Sitting
1688400, -0.280274, -0.680542, -0.676880, -0.488281, -1.403808, 0.000000,Sitting
1688420, -0.275513, -0.677979, -0.678223, -0.427246, -1.770019, -0.366211,Sitting
1688440, -0.287598, -0.676514, -0.680664, -0.122070, -1.831054, -0.732422,Sitting
1688460, -0.291260, -0.678833, -0.678223, 0.183105, -1.464844, -0.976562,Sitting
1688480, -0.285645, -0.682984, -0.675659, 0.061035, -0.671386, -0.732422,Sitting
1688500, -0.270142, -0.680786, -0.677246, -0.244141, -0.732422, -0.488281,Sitting
1688520, -0.271729, -0.676148, -0.679688, -0.122070, -1.892090, -0.793457,Sitting
1688540, -0.287964, -0.676514, -0.683594, -0.122070, -2.807617, -1.159668,Sitting
1688560, -0.298096, -0.675659, -0.682984, -0.244141, -2.014160, -0.976562,Sitting
1688580, -0.293701, -0.675659, -0.681641, -0.061035, -1.220704, -0.915527,Sitting
1688600, -0.281128, -0.679688, -0.675781, -0.061035, -0.976562, -0.976562,Sitting
1688620, -0.274170, -0.680298, -0.676758, 0.122070, -0.976562, -1.464844,Sitting
1688640, -0.275146, -0.681152, -0.677734, 0.183105, -1.647949, -1.770019,Sitting
1688660, -0.288086, -0.676514, -0.678467, -0.061035, -1.831054, -1.647949,Sitting
1688680, -0.288208, -0.675904, -0.676636, -0.061035, -1.647949, -1.464844,Sitting
1688700, -0.281250, -0.680542, -0.674561, 0.000000, -1.464844, -1.342773,Sitting
1688720, -0.269653, -0.688721, -0.673828, -0.244141, -2.502442, 0.244141,Sitting
1688740, -0.273071, -0.675537, -0.681519, 0.305176, -3.967285, -2.502442,Sitting
1688760, -0.288940, -0.686646, -0.678467, 0.549316, -3.540038, -1.342773,Sitting
1688780, -0.289063, -0.683350, -0.674316, 0.244141, -3.417968, 0.305176,Sitting
1688800, -0.287476, -0.683594, -0.672974, 0.244141, -3.540038, 0.549316,Sitting
1688820, -0.286255, -0.673340, -0.676026, -0.061035, -2.929687, -1.098633,Sitting
1688840, -0.288940, -0.674438, -0.680908, 0.244141, -2.990722, -2.075196,Sitting
1688860, -0.291138, -0.674316, -0.681763, -0.061035, -3.173828, -1.770019,Sitting
1688880, -0.295898, -0.679810, -0.673950, 0.610352, -2.563476, -0.122070,Sitting
1688900, -0.299194, -0.678101, -0.667358, 0.549316, -0.976562, 1.159668,Sitting
1688920, -0.298828, -0.679566, -0.666382, 1.708984, -1.708984, -0.305176,Sitting
1688940, -0.296875, -0.684326, -0.669800, 1.953124, -1.953124, -0.122070,Sitting
1688960, -0.303101, -0.685181, -0.667603, 1.953124, -0.183105, 0.854492,Sitting
1688980, -0.293701, -0.688477, -0.669800, 1.708984, 1.342773, 1.037598,Sitting
1689000, -0.283691, -0.689087, -0.671997, 1.586914, 0.305176, 0.244141,Sitting
1689020, -0.289307, -0.690308, -0.672974, 1.342773, -0.854492, -0.244141,Sitting
1689040, -0.292358, -0.688354, -0.670166, 0.854492, -0.610352, 0.366211,Sitting
1689060, -0.287964, -0.686524, -0.668091, 0.488281, -0.061035, 0.976562,Sitting
1689080, -0.280762, -0.690064, -0.670288, 0.305176, -0.427246, 1.098633,Sitting
1689100, -0.292847, -0.683472, -0.668457, 0.183105, -0.671386, -0.183105,Sitting
1689120, -0.281372, -0.683716, -0.670044, -0.122070, -1.281738, 0.244141,Sitting
1689140, -0.280640, -0.681519, -0.672608, -0.610352, -1.342773, -0.244141,Sitting
1689160, -0.265015, -0.679077, -0.676392, -0.366211, -1.831054, -1.831054,Sitting
1689180, -0.277100, -0.687378, -0.677002, -0.671386, -2.746581, 0.000000,Sitting
1689200, -0.286865, -0.682129, -0.668091, -0.122070, -4.638672, -1.220704,Sitting
1689220, -0.300049, -0.682251, -0.671143, -0.488281, -4.211426, -0.732422,Sitting
1689240, -0.305542, -0.666016, -0.670654, -0.244141, -3.234863, -0.793457,Sitting
1689260, -0.321533, -0.672974, -0.674561, 0.854492, -2.319336, -1.647949,Sitting
1689280, -0.323730, -0.676880, -0.676514, 1.342773, -0.671386, -1.281738,Sitting
1689300, -0.307007, -0.679688, -0.668945, 1.770019, 0.000000, -0.366211,Sitting
1689320, -0.284790, -0.685059, -0.661865, 1.525878, -0.610352, 0.976562,Sitting
1689340, -0.273804, -0.691284, -0.664062, 1.647949, -1.892090, 1.464844,Sitting
1689360, -0.280640, -0.695435, -0.667725, 1.281738, -2.929687, 1.831054,Sitting
1689380, -0.289307, -0.687012, -0.681641, 1.342773, -3.173828, 1.708984,Sitting
1689400, -0.319702, -0.682251, -0.691284, 1.953124, 0.366211, 3.295898,Sitting
1689420, -0.294800, -0.672119, -0.674927, 2.868652, 0.671386, 0.427246,Sitting
1689440, -0.303345, -0.678467, -0.661377, 2.990722, -0.244141, -1.403808,Sitting
1689460, -0.316772, -0.678589, -0.660645, 2.929687, 0.061035, -3.051757,Sitting
1689480, -0.320435, -0.691650, -0.655029, 2.807617, 2.380371, -3.601074,Sitting
1689500, -0.310425, -0.696655, -0.648071, 2.319336, 4.089356, -3.051757,Sitting
1689520, -0.294556, -0.696411, -0.644287, 1.770019, 3.967285, -3.356933,Sitting
1689540, -0.281860, -0.703736, -0.651856, 0.976562, 2.929687, -2.441407,Sitting
1689560, -0.275146, -0.696533, -0.662354, 0.061035, 1.708984, -1.647949,Sitting
1689580, -0.275269, -0.694702, -0.661011, -0.061035, 0.915527, -1.464844,Sitting
1689600, -0.273316, -0.697266, -0.664795, -0.366211, 0.732422, -1.098633,Sitting
1689620, -0.271729, -0.693360, -0.675781, -0.732422, 0.427246, -0.549316,Sitting
1689640, -0.286987, -0.679199, -0.679321, -0.366211, -0.610352, -2.258301,Sitting
1689660, -0.293823, -0.680176, -0.671143, 0.244141, -0.122070, -2.197266,Sitting
1689680, -0.278442, -0.688110, -0.661011, 0.061035, 0.305176, -0.915527,Sitting
1689700, -0.270142, -0.689453, -0.660645, -0.183105, -1.098633, -0.427246,Sitting
1689720, -0.293823, -0.677979, -0.673950, 0.305176, -1.708984, -0.183105,Sitting
1689740, -0.299072, -0.686768, -0.672486, 0.488281, -2.075196, -0.427246,Sitting
1689760, -0.316650, -0.684570, -0.666748, 0.793457, -0.549316, -0.854492,Sitting
1689780, -0.296387, -0.692749, -0.662842, 0.610352, 1.098633, 0.183105,Sitting
1689800, -0.282227, -0.689575, -0.665405, 0.305176, 0.793457, 0.793457,Sitting
1689820, -0.264160, -0.685791, -0.666626, 0.061035, -1.220704, -0.183105,Sitting
1689840, -0.275635, -0.689575, -0.671387, 0.244141, -2.685546, -0.488281,Sitting
1689860, -0.297730, -0.689453, -0.664551, 0.183105, -1.403808, 0.427246,Sitting
1689880, -0.294312, -0.690552, -0.666504, 0.488281, 0.244141, -0.183105,Sitting
1689900, -0.272705, -0.690796, -0.665405, 0.305176, 0.671386, -0.244141,Sitting
1689920, -0.263672, -0.690796, -0.666748, 0.610352, -1.098633, -0.671386,Sitting
1689940, -0.286133, -0.692139, -0.670044, 0.793457, -2.502442, -0.732422,Sitting
1689960, -0.304810, -0.689209, -0.668091, 0.915527, -1.403808, -0.122070,Sitting
1689980, -0.301880, -0.686646, -0.664185, 1.220704, 0.610352, 0.366211,Sitting
1690000, -0.286011, -0.692139, -0.663574, 0.915527, 1.098633, -0.061035,Sitting
1690020, -0.288696, -0.688599, -0.666016, 0.793457, -0.183105, -0.366211,Sitting
1690040, -0.292603, -0.688354, -0.664429, 0.549316, -1.098633, 0.183105,Sitting
1690060, -0.294922, -0.686646, -0.662842, 0.488281, -0.671386, -0.610352,Sitting
1690080, -0.277344, -0.699585, -0.659912, -0.427246, -0.244141, 0.976562,Sitting
1690100, -0.266235, -0.694092, -0.660522, -0.610352, -2.197266, 0.122070,Sitting
1690120, -0.280396, -0.689087, -0.670166, -0.427246, -3.356933, -0.854492,Sitting
1690140, -0.294312, -0.684692, -0.675537, -0.183105, -2.136231, -0.610352,Sitting
1690160, -0.302734, -0.685059, -0.668579, 0.183105, -1.098633, -0.488281,Sitting
1690180, -0.293213, -0.687134, -0.660522, 0.366211, -0.976562, -0.671386,Sitting
1690200, -0.291382, -0.692627, -0.660645, 0.427246, -1.403808, -0.366211,Sitting
1690220, -0.299072, -0.688965, -0.664551, 0.061035, -0.915527, -0.122070,Sitting
1690240, -0.300293, -0.686035, -0.665650, 0.244141, -0.549316, -0.061035,Sitting
1690260, -0.294922, -0.686768, -0.666016, 0.183105, -0.610352, -0.183105,Sitting
1690280, -0.293823, -0.692383, -0.662354, 0.122070, -0.610352, -0.915527,Sitting
1690300, -0.276611, -0.699707, -0.659790, -0.305176, -1.220704, 0.244141,Sitting
1690320, -0.277588, -0.692627, -0.663086, -0.610352, -2.014160, 0.488281,Sitting
1690340, -0.280396, -0.690430, -0.669434, -0.427246, -2.685546, -0.183105,Sitting
1690360, -0.292725, -0.686768, -0.671875, -0.488281, -2.258301, -0.183105,Sitting
1690380, -0.296509, -0.685669, -0.664307, -0.305176, -1.647949, -0.244141,Sitting
1690400, -0.289551, -0.683594, -0.664307, 0.061035, -1.281738, -0.427246,Sitting
1690420, -0.291870, -0.684814, -0.667358, 0.122070, -1.342773, -0.244141,Sitting
1690440, -0.300049, -0.683350, -0.667114, 0.244141, -1.647949, -0.244141,Sitting
1690460, -0.311646, -0.689331, -0.662842, 0.549316, -1.098633, -0.610352,Sitting
1690480, -0.311524, -0.693726, -0.660645, 0.549316, 0.122070, -0.366211,Sitting
1690500, -0.300537, -0.693848, -0.660889, 0.244141, 1.220704, 0.183105,Sitting
1690520, -0.282837, -0.686279, -0.664062, -0.122070, -0.488281, 0.305176,Sitting
1690540, -0.284668, -0.681396, -0.666138, -0.122070, -1.220704, -0.671386,Sitting
1690560, -0.291138, -0.687988, -0.667725, 0.305176, -0.915527, -1.037598,Sitting
1690580, -0.289795, -0.696533, -0.663330, -0.122070, -0.549316, -0.366211,Sitting
1690600, -0.288086, -0.692871, -0.661499, -0.427246, -0.854492, -0.427246,Sitting
1690620, -0.276856, -0.691528, -0.665772, -0.549316, -1.220704, -0.793457,Sitting
1690640, -0.286743, -0.687744, -0.672974, -0.610352, -1.831054, -0.732422,Sitting
1690660, -0.296509, -0.681274, -0.668213, -0.488281, -2.380371, -0.366211,Sitting
1690680, -0.310913, -0.679321, -0.665405, 0.061035, -2.136231, -0.488281,Sitting
1690700, -0.307861, -0.684937, -0.662476, 0.183105, -1.159668, -0.610352,Sitting
1690720, -0.306396, -0.685059, -0.660522, 0.061035, -0.122070, -0.610352,Sitting
1690740, -0.291748, -0.690308, -0.663574, 0.122070, 0.549316, -0.244141,Sitting
1690760, -0.282471, -0.687622, -0.671875, 0.122070, -0.427246, -0.122070,Sitting
1690780, -0.280396, -0.686768, -0.671143, 0.244141, -1.220704, -0.915527,Sitting
1690800, -0.286743, -0.693970, -0.667847, 0.427246, -1.403808, -0.549316,Sitting
1690820, -0.290772, -0.694824, -0.658692, -0.183105, -1.647949, -0.366211,Sitting
1690840, -0.293701, -0.687134, -0.661743, -0.061035, -1.098633, -0.671386,Sitting
1690860, -0.296997, -0.683472, -0.666870, -0.244141, -0.183105, -0.793457,Sitting
1690880, -0.292969, -0.680786, -0.671753, 0.061035, -0.244141, -0.427246,Sitting
1690900, -0.293213, -0.681763, -0.667114, 0.610352, -1.403808, -0.671386,Sitting
1690920, -0.303345, -0.689942, -0.661255, 0.671386, -2.014160, -0.427246,Sitting
1690940, -0.309937, -0.689209, -0.661743, 0.732422, -0.976562, 0.183105,Sitting
1690960, -0.298218, -0.687744, -0.666992, 0.793457, 0.671386, -0.061035,Sitting
1690980, -0.294434, -0.690796, -0.671875, 0.793457, 0.305176, 0.061035,Sitting
1691000, -0.288818, -0.691528, -0.666504, 0.549316, -0.061035, -0.122070,Sitting
1691020, -0.276001, -0.692383, -0.661011, 0.366211, -0.305176, -0.183105,Sitting
1691040, -0.275024, -0.688232, -0.662354, -0.183105, -1.098633, 0.183105,Sitting
1691060, -0.286377, -0.685791, -0.665283, -0.183105, -1.953124, -0.488281,Sitting
1691080, -0.296753, -0.688354, -0.668823, 0.000000, -1.525878, -0.915527,Sitting
1691100, -0.297485, -0.689697, -0.667114, 0.183105, -0.793457, -0.427246,Sitting
1691120, -0.303955, -0.685181, -0.665650, 0.244141, -0.793457, -0.122070,Sitting
1691140, -0.302979, -0.678467, -0.661133, 0.000000, -0.976562, -0.488281,Sitting
1691160, -0.310059, -0.674072, -0.664551, 0.427246, -0.976562, -0.427246,Sitting
1691180, -0.303345, -0.704590, -0.660278, 0.183105, 0.000000, -0.305176,Sitting
1691200, -0.292236, -0.699097, -0.661255, -0.793457, -0.305176, 0.122070,Sitting
1691220, -0.297241, -0.693360, -0.665405, -1.098633, -1.037598, -0.366211,Sitting
1691240, -0.295654, -0.697266, -0.665405, -0.915527, -0.549316, -0.976562,Sitting
1691260, -0.278076, -0.704834, -0.662110, -1.464844, -0.549316, -0.915527,Sitting
1691280, -0.268433, -0.706665, -0.648926, -2.441407, -2.868652, -1.708984,Sitting
1691300, -0.288696, -0.683350, -0.656128, -2.929687, -3.662109, -2.502442,Sitting
1691320, -0.307983, -0.672486, -0.674683, -2.380371, -1.464844, -2.685546,Sitting
1691340, -0.285156, -0.676026, -0.678345, -1.831054, 0.305176, -1.647949,Sitting
1691360, -0.277588, -0.672852, -0.678101, -1.403808, -1.037598, -1.586914,Sitting
1691380, -0.287476, -0.669434, -0.670776, -0.915527, -3.173828, -1.403808,Sitting
1691400, -0.315918, -0.674316, -0.661987, -0.122070, -3.051757, -0.915527,Sitting
1691420, -0.312134, -0.692139, -0.666626, 0.122070, -0.549316, -0.732422,Sitting
1691440, -0.299683, -0.697510, -0.669922, -0.061035, 0.366211, -0.610352,Sitting
1691460, -0.286865, -0.690430, -0.675659, -0.366211, -0.671386, 0.122070,Sitting
1691480, -0.283203, -0.674194, -0.675049, -0.732422, -2.563476, 0.671386,Sitting
1691500, -0.287232, -0.664917, -0.673706, -0.549316, -3.845214, 0.000000,Sitting
1691520, -0.300537, -0.669190, -0.673584, 0.183105, -2.868652, -0.488281,Sitting
1691540, -0.307251, -0.681641, -0.673096, 0.488281, -1.342773, -0.061035,Sitting
1691560, -0.302124, -0.683960, -0.677734, 0.488281, -0.976562, 0.671386,Sitting
1691580, -0.299683, -0.688477, -0.673950, 0.976562, -1.647949, 0.610352,Sitting
1691600, -0.279907, -0.693848, -0.661011, 0.793457, -2.624511, 0.854492,Sitting
1691620, -0.308594, -0.682373, -0.662720, 0.671386, -1.098633, 0.000000,Sitting
1691640, -0.302979, -0.686279, -0.661987, 0.366211, 0.244141, -0.122070,Sitting
1691660, -0.302979, -0.686890, -0.661865, 0.671386, -0.244141, 0.305176,Sitting
1691680, -0.292480, -0.691528, -0.661743, 0.610352, -1.647949, 0.488281,Sitting
1691700, -0.295410, -0.687988, -0.661011, -0.061035, -1.647949, 0.366211,Sitting
1691720, -0.296997, -0.683106, -0.665405, -0.122070, -0.488281, 0.183105,Sitting
1691740, -0.291626, -0.683350, -0.670044, -0.549316, 0.183105, 0.000000,Sitting
1691760, -0.303467, -0.679199, -0.673828, -0.122070, -1.037598, -0.671386,Sitting
1691780, -0.300293, -0.680176, -0.672241, -0.183105, -1.220704, -0.732422,Sitting
1691800, -0.310547, -0.675415, -0.674194, 0.244141, -0.610352, -0.610352,Sitting
1691820, -0.303711, -0.679810, -0.674683, 0.366211, 1.159668, -0.732422,Sitting
1691840, -0.311890, -0.677856, -0.668945, 0.732422, 0.427246, -2.014160,Sitting
1691860, -0.305542, -0.686279, -0.661987, 0.610352, -0.183105, -1.892090,Sitting
1691880, -0.301758, -0.688110, -0.656494, 0.122070, 0.000000, -1.098633,Sitting
1691900, -0.296753, -0.685059, -0.659912, -0.244141, -0.061035, -0.671386,Sitting
1691920, -0.298828, -0.681885, -0.666870, -0.244141, -0.244141, -1.098633,Sitting
1691940, -0.288940, -0.685669, -0.665283, -0.244141, -0.976562, -1.403808,Sitting
1691960, -0.293457, -0.689697, -0.664673, -0.366211, -1.770019, -1.159668,Sitting
1691980, -0.295166, -0.689697, -0.664795, -0.732422, -1.464844, -0.732422,Sitting
1692000, -0.298462, -0.685303, -0.669434, -0.488281, -1.098633, -0.671386,Sitting
1692020, -0.290772, -0.684570, -0.672608, -0.488281, -1.159668, -0.488281,Sitting
1692040, -0.296875, -0.682617, -0.670288, -0.305176, -1.831054, -0.549316,Sitting
1692060, -0.298218, -0.684204, -0.665772, -0.305176, -2.197266, -0.183105,Sitting
1692081, -0.299683, -0.681030, -0.668945, -0.244141, -1.892090, 0.061035,Sitting
1692101, -0.299683, -0.680054, -0.669434, -0.183105, -1.647949, -0.061035,Sitting
1692121, -0.306152, -0.679810, -0.670166, -0.061035, -1.586914, -0.305176,Sitting
1692141, -0.300049, -0.681885, -0.666504, -0.244141, -1.220704, -0.244141,Sitting
1692161, -0.297974, -0.678833, -0.669068, 0.061035, -1.220704, -0.183105,Sitting
1692181, -0.304321, -0.681519, -0.672119, 0.366211, -1.037598, -0.366211,Sitting
1692201, -0.303711, -0.681152, -0.668335, 0.427246, -0.793457, -0.305176,Sitting
1692221, -0.299561, -0.683472, -0.666016, 0.366211, -0.976562, 0.000000,Sitting
1692241, -0.293579, -0.680298, -0.665039, 0.122070, -1.525878, 0.366211,Sitting
1692261, -0.305664, -0.683960, -0.666504, 0.366211, -1.647949, -0.305176,Sitting
1692281, -0.304077, -0.687012, -0.667114, 0.183105, -1.281738, 0.244141,Sitting
1692301, -0.299683, -0.688599, -0.669190, 0.000000, -1.037598, 0.122070,Sitting
1692321, -0.287598, -0.690186, -0.666870, -0.183105, -1.342773, 0.122070,Sitting
1692341, -0.287720, -0.687378, -0.667358, -0.427246, -2.502442, 0.427246,Sitting
1692361, -0.303955, -0.685181, -0.667603, -0.305176, -3.173828, 0.061035,Sitting
1692381, -0.307373, -0.687256, -0.663086, -0.427246, -2.624511, 0.183105,Sitting
1692401, -0.303223, -0.688354, -0.661743, -0.610352, -1.770019, -0.183105,Sitting
1692421, -0.298706, -0.687622, -0.669678, -0.732422, -1.831054, -0.671386,Sitting
1692441, -0.294800, -0.689453, -0.669068, -1.220704, -2.990722, -0.366211,Sitting
1692461, -0.299805, -0.680786, -0.667603, -1.525878, -4.272462, -0.244141,Sitting
1692481, -0.301758, -0.671753, -0.671753, -1.708984, -5.371092, 0.183105,Sitting
1692501, -0.312256, -0.678223, -0.664673, -2.197266, -5.859374, 0.122070,Sitting
1692521, -0.306274, -0.675293, -0.653442, -2.563476, -6.591796, 0.427246,Sitting
1692541, -0.312378, -0.673828, -0.658081, -2.624511, -7.934570, 0.976562,Sitting
1692561, -0.333374, -0.669312, -0.668701, -2.502442, -7.507323, 1.220704,Sitting
1692581, -0.339722, -0.670410, -0.672608, -1.586914, -5.859374, 0.488281,Sitting
1692601, -0.341431, -0.660522, -0.677490, -0.671386, -3.967285, 0.122070,Sitting
1692621, -0.343750, -0.653320, -0.678955, 0.610352, -2.075196, 0.122070,Sitting
1692641, -0.336548, -0.652466, -0.673950, 2.075196, -0.549316, 0.244141,Sitting
1692661, -0.315796, -0.667236, -0.665039, 2.807617, 0.183105, 0.183105,Sitting
1692681, -0.319092, -0.674683, -0.666992, 3.479003, 0.427246, 0.366211,Sitting
1692701, -0.320190, -0.682984, -0.665161, 2.868652, 1.953124, 1.037598,Sitting
1692721, -0.319092, -0.680176, -0.666138, 2.563476, 2.990722, 1.464844,Sitting
1692741, -0.298950, -0.680542, -0.666138, 2.502442, 2.014160, 0.366211,Sitting
1692761, -0.294800, -0.691040, -0.667847, 2.685546, 0.427246, 0.061035,Sitting
1692781, -0.297730, -0.696533, -0.662720, 1.708984, -1.037598, 0.427246,Sitting
1692801, -0.310181, -0.693604, -0.656616, 0.549316, -0.793457, 1.403808,Sitting
1692821, -0.306274, -0.690430, -0.653564, 0.122070, -2.380371, 0.854492,Sitting
1692841, -0.314697, -0.687378, -0.655640, -0.610352, -2.563476, 0.610352,Sitting
1692861, -0.309814, -0.690918, -0.659058, -0.671386, -3.112792, 0.244141,Sitting
1692881, -0.313599, -0.695801, -0.653442, -1.220704, -3.845214, 0.000000,Sitting
1692901, -0.323364, -0.680664, -0.648438, -2.075196, -3.906249, 0.427246,Sitting
1692921, -0.331177, -0.658814, -0.658936, -1.586914, -3.356933, 0.000000,Sitting
1692941, -0.317749, -0.666626, -0.668701, -1.098633, -3.112792, -0.427246,Sitting
1692961, -0.319580, -0.669922, -0.674927, -1.220704, -3.845214, -0.793457,Sitting
1692981, -0.334229, -0.672730, -0.667480, -1.403808, -4.943848, -0.976562,Sitting
1693001, -0.346191, -0.666748, -0.663574, -1.342773, -4.577638, -0.732422,Sitting
1693021, -0.346802, -0.669434, -0.660889, -1.220704, -3.356933, -0.488281,Sitting
1693041, -0.340332, -0.667236, -0.661377, -1.037598, -1.953124, -0.671386,Sitting
1693061, -0.348145, -0.664551, -0.660889, -0.732422, -0.061035, -1.037598,Sitting
1693081, -0.347656, -0.668823, -0.666992, 0.000000, 1.525878, -0.793457,Sitting
1693101, -0.323975, -0.677612, -0.665039, -0.305176, 1.159668, -0.915527,Sitting
1693121, -0.311768, -0.674683, -0.663086, -0.427246, -1.220704, -1.159668,Sitting
1693141, -0.333008, -0.668213, -0.653198, -0.610352, -2.441407, -0.793457,Sitting
1693161, -0.328980, -0.680908, -0.656738, -0.183105, -0.305176, -1.281738,Sitting
1693181, -0.340820, -0.684204, -0.675049, 0.061035, 2.807617, -1.831054,Sitting
1693201, -0.334961, -0.675781, -0.681885, 0.549316, 4.211426, -1.892090,Sitting
1693221, -0.320923, -0.665039, -0.675293, 1.342773, 3.723144, -2.075196,Sitting
1693241, -0.298584, -0.669312, -0.663452, 2.258301, 2.502442, -2.258301,Sitting
1693261, -0.298340, -0.673584, -0.659180, 2.624511, 1.953124, -2.380371,Sitting
1693281, -0.312378, -0.681641, -0.665650, 2.746581, 2.075196, -2.563476,Sitting
1693301, -0.319092, -0.689575, -0.665405, 2.319336, 2.807617, -2.685546,Sitting
1693321, -0.310791, -0.687256, -0.657837, 1.708984, 3.112792, -2.563476,Sitting
1693341, -0.311524, -0.686402, -0.654297, 1.525878, 3.723144, -2.624511,Sitting
1693361, -0.316528, -0.683472, -0.649414, 1.159668, 5.493162, -2.685546,Sitting
1693381, -0.303223, -0.675781, -0.655152, 0.915527, 5.676268, -2.929687,Sitting
1693401, -0.304810, -0.684692, -0.675171, 1.403808, 4.699708, -3.540038,Sitting
1693421, -0.290772, -0.705078, -0.665894, -0.366211, 2.258301, -3.234863,Sitting
1693441, -0.300171, -0.691284, -0.663818, -2.136231, -0.732422, -2.441407,Sitting
1693461, -0.316895, -0.680786, -0.659302, -2.807617, -1.037598, -2.258301,Sitting
1693481, -0.324951, -0.664307, -0.667847, -2.380371, 0.427246, -2.075196,Sitting
1693501, -0.319336, -0.664185, -0.680176, -1.220704, 1.525878, -2.380371,Sitting
1693521, -0.307617, -0.662598, -0.687012, -0.122070, 1.159668, -2.258301,Sitting
1693541, -0.302002, -0.658447, -0.689453, 0.793457, 0.061035, -1.525878,Sitting
1693561, -0.297852, -0.655518, -0.681763, 1.647949, -0.610352, -1.159668,Sitting
1693581, -0.321045, -0.673584, -0.669312, 3.112792, 1.098633, -1.342773,Sitting
1693601, -0.312012, -0.687134, -0.661255, 3.295898, 3.295898, -1.525878,Sitting
1693621, -0.295654, -0.688599, -0.657471, 2.807617, 4.028321, -1.464844,Sitting
1693641, -0.304810, -0.691406, -0.665772, 3.173828, 3.479003, -1.586914,Sitting
1693661, -0.307617, -0.703613, -0.659668, 3.356933, 3.784179, -2.441407,Sitting
1693681, -0.302734, -0.712524, -0.649902, 2.868652, 5.615234, -3.540038,Sitting
1693701, -0.303223, -0.706421, -0.659302, 2.136231, 9.521484, -3.967285,Sitting
1693721, -0.278320, -0.706055, -0.664062, 0.854492, 11.413570, -3.906249,Sitting
1693741, -0.250732, -0.700195, -0.661377, -0.610352, 9.155274, -3.723144,Sitting
1693761, -0.242554, -0.689942, -0.667847, -1.770019, 4.821778, -3.356933,Sitting
1693781, -0.239502, -0.681519, -0.675293, -2.014160, 0.305176, -2.807617,Sitting
1693801, -0.268311, -0.687378, -0.677856, -1.403808, -3.662109, -2.136231,Sitting
1693821, -0.290527, -0.685303, -0.671509, -0.976562, -3.295898, -1.525878,Sitting
1693841, -0.284424, -0.680298, -0.667114, -0.854492, -1.831054, -1.159668,Sitting
1693861, -0.284180, -0.681885, -0.675171, 0.244141, -1.586914, -1.159668,Sitting
1693881, -0.293945, -0.687134, -0.671387, 0.427246, -2.075196, -1.525878,Sitting
1693901, -0.301758, -0.686035, -0.666016, 0.244141, -1.525878, -1.342773,Sitting
1693921, -0.291504, -0.686157, -0.666870, 0.061035, -0.366211, -0.854492,Sitting
1693941, -0.281128, -0.687622, -0.669922, -0.671386, 0.061035, -0.488281,Sitting
1693961, -0.277466, -0.687378, -0.675537, -0.671386, -0.671386, -0.366211,Sitting
1693981, -0.263184, -0.684570, -0.679932, -0.976562, -1.708984, -0.122070,Sitting
1694001, -0.276245, -0.684448, -0.680908, -0.427246, -2.441407, 0.305176,Sitting
1694021, -0.281250, -0.680542, -0.672363, -0.244141, -1.342773, 0.427246,Sitting
1694041, -0.279907, -0.677979, -0.675049, 0.610352, -0.427246, 0.244141,Sitting
1694061, -0.273560, -0.687500, -0.674072, 1.159668, -0.488281, 0.305176,Sitting
1694081, -0.278198, -0.688599, -0.671265, 1.159668, -0.915527, 0.305176,Sitting
1694101, -0.286255, -0.687500, -0.669800, 1.098633, -1.159668, 0.671386,Sitting
1694121, -0.284668, -0.687378, -0.665161, 1.098633, -1.281738, 0.732422,Sitting
1694141, -0.292480, -0.694336, -0.663574, 0.915527, -0.915527, 0.305176,Sitting
1694161, -0.288940, -0.692505, -0.667847, 0.244141, -0.122070, 0.549316,Sitting
1694181, -0.287232, -0.687744, -0.674072, 0.183105, -0.366211, 1.037598,Sitting
1694201, -0.279297, -0.690308, -0.670654, 0.244141, -1.281738, 0.976562,Sitting
1694221, -0.282837, -0.690918, -0.664551, 0.122070, -2.075196, 0.427246,Sitting
1694241, -0.290649, -0.686402, -0.671875, 0.122070, -0.976562, 0.305176,Sitting
1694261, -0.288086, -0.693970, -0.666870, 0.061035, -0.427246, 0.244141,Sitting
1694281, -0.278320, -0.701782, -0.662232, -0.427246, -0.671386, -0.061035,Sitting
1694301, -0.267578, -0.692749, -0.667358, -1.220704, -1.037598, 0.000000,Sitting
1694321, -0.275513, -0.681519, -0.681763, -0.854492, -1.586914, -0.244141,Sitting
1694341, -0.284058, -0.678833, -0.678223, -0.732422, -1.831054, -0.854492,Sitting
1694361, -0.292603, -0.680786, -0.668213, -0.549316, -1.586914, -0.976562,Sitting
1694381, -0.292480, -0.686646, -0.666382, -0.732422, -0.488281, -0.671386,Sitting
1694401, -0.284424, -0.683106, -0.673096, -0.854492, 0.305176, -0.305176,Sitting
1694421, -0.273926, -0.687134, -0.672608, -0.671386, -0.305176, -0.732422,Sitting
1694441, -0.286377, -0.689209, -0.671875, -0.671386, -1.525878, -1.098633,Sitting
1694461, -0.291382, -0.685547, -0.672852, -0.915527, -0.854492, -0.915527,Sitting
1694481, -0.293091, -0.682495, -0.670288, -0.793457, 0.244141, -1.098633,Sitting
1694501, -0.272827, -0.690674, -0.662964, -1.464844, -0.305176, -1.220704,Sitting
1694521, -0.270630, -0.687500, -0.671509, -1.892090, -2.197266, -1.220704,Sitting
1694541, -0.280029, -0.678345, -0.681641, -2.136231, -3.295898, -0.854492,Sitting
1694561, -0.291382, -0.680176, -0.681885, -1.647949, -3.479003, -0.671386,Sitting
1694581, -0.289307, -0.684082, -0.671143, -1.647949, -2.868652, -0.488281,Sitting
1694601, -0.287354, -0.677734, -0.676514, -1.403808, -1.892090, -0.183105,Sitting
1694621, -0.291504, -0.670654, -0.685791, -0.854492, -0.732422, -0.183105,Sitting
1694641, -0.286377, -0.670654, -0.683228, 0.000000, -0.793457, -0.244141,Sitting
1694661, -0.296509, -0.684692, -0.672363, 0.488281, -0.793457, -0.610352,Sitting
1694681, -0.292114, -0.687378, -0.667236, -0.122070, 0.976562, -0.305176,Sitting
1694701, -0.283325, -0.677246, -0.678467, 0.244141, 1.281738, -0.427246,Sitting
1694721, -0.274292, -0.684326, -0.673218, 0.244141, 0.000000, -0.610352,Sitting
1694741, -0.278809, -0.694458, -0.668579, -0.061035, -1.281738, -0.793457,Sitting
1694761, -0.279663, -0.685913, -0.675171, -0.732422, -0.976562, -0.366211,Sitting
1694781, -0.280640, -0.677368, -0.681885, -0.488281, -0.549316, -0.061035,Sitting
1694801, -0.274536, -0.679444, -0.679566, -0.427246, -1.770019, -0.549316,Sitting
1694821, -0.287232, -0.683350, -0.674683, -0.488281, -3.051757, -0.854492,Sitting
1694841, -0.294800, -0.681641, -0.672119, -0.854492, -2.136231, -0.305176,Sitting
1694861, -0.291382, -0.672730, -0.677124, -0.976562, -0.732422, 0.244141,Sitting
1694881, -0.282715, -0.675659, -0.677856, -0.793457, -0.793457, 0.061035,Sitting
1694901, -0.277466, -0.674805, -0.677612, -0.549316, -2.990722, -0.793457,Sitting
1694921, -0.304199, -0.676758, -0.680420, -0.427246, -2.868652, -0.732422,Sitting
1694941, -0.307373, -0.677124, -0.673950, -0.366211, -1.525878, -0.366211,Sitting
1694961, -0.294190, -0.677612, -0.670532, -0.427246, -0.671386, -0.244141,Sitting
1694981, -0.284668, -0.681763, -0.676880, -0.366211, -1.098633, -0.061035,Sitting
1695001, -0.277954, -0.682373, -0.675659, -0.915527, -2.197266, 0.244141,Sitting
1695021, -0.277344, -0.673096, -0.679444, -0.854492, -3.479003, 0.366211,Sitting
1695041, -0.300781, -0.671875, -0.685547, -0.427246, -3.417968, 0.244141,Sitting
1695061, -0.301392, -0.669800, -0.682495, -0.366211, -1.953124, 0.488281,Sitting
1695081, -0.293823, -0.670776, -0.677612, 0.061035, -0.976562, 0.366211,Sitting
1695101, -0.286133, -0.675781, -0.677124, 0.305176, -1.159668, 0.183105,Sitting
1695121, -0.289429, -0.675049, -0.677856, 0.244141, -1.647949, 0.000000,Sitting
1695141, -0.293335, -0.681030, -0.674927, 0.244141, -1.647949, -0.183105,Sitting
1695161, -0.295044, -0.689087, -0.670410, -0.061035, -1.586914, -0.061035,Sitting
1695181, -0.284668, -0.688843, -0.666504, -0.854492, -2.075196, 0.122070,Sitting
1695201, -0.281006, -0.680298, -0.672119, -1.403808, -3.051757, 0.183105,Sitting
1695221, -0.299194, -0.677246, -0.681396, -0.976562, -3.540038, -0.244141,Sitting
1695241, -0.307617, -0.677246, -0.678955, -1.098633, -2.563476, -0.427246,Sitting
1695261, -0.303345, -0.673462, -0.677734, -0.976562, -1.525878, -0.122070,Sitting
1695281, -0.288208, -0.680542, -0.671265, -1.037598, -1.403808, -0.061035,Sitting
1695301, -0.280274, -0.685791, -0.668701, -1.525878, -2.563476, 0.061035,Sitting
1695321, -0.282715, -0.681152, -0.677856, -1.770019, -3.784179, 0.305176,Sitting
1695341, -0.291138, -0.674683, -0.683960, -1.831054, -4.150392, 0.061035,Sitting
1695361, -0.299683, -0.670288, -0.678223, -1.098633, -4.516602, -0.183105,Sitting
1695381, -0.308472, -0.668945, -0.677490, -1.281738, -3.906249, 0.122070,Sitting
1695401, -0.307617, -0.665283, -0.682984, -0.915527, -2.868652, 0.671386,Sitting
1695421, -0.313232, -0.662598, -0.687256, -0.610352, -2.136231, 0.732422,Sitting
1695441, -0.308838, -0.661865, -0.681396, -0.183105, -1.586914, 0.244141,Sitting
1695461, -0.324341, -0.661743, -0.679444, 0.610352, -1.525878, -0.305176,Sitting
1695481, -0.325195, -0.664062, -0.677124, 0.976562, -0.244141, -0.244141,Sitting
1695501, -0.317017, -0.664917, -0.673218, 1.281738, 0.610352, -0.244141,Sitting
1695521, -0.307739, -0.669800, -0.669678, 1.403808, 0.671386, -0.122070,Sitting
1695541, -0.303467, -0.672608, -0.673950, 1.342773, 0.122070, -0.183105,Sitting
1695561, -0.301148, -0.676880, -0.675415, 0.915527, -0.183105, -0.366211,Sitting
1695581, -0.296509, -0.673218, -0.680420, 0.732422, -0.610352, -0.183105,Sitting
1695601, -0.291382, -0.674561, -0.683960, 0.366211, -1.220704, -0.244141,Sitting
1695621, -0.297119, -0.670166, -0.682617, 0.000000, -2.441407, -0.244141,Sitting
1695641, -0.300537, -0.669312, -0.674805, -0.183105, -3.295898, 0.000000,Sitting
1695661, -0.306152, -0.677734, -0.670166, -0.488281, -3.356933, 0.549316,Sitting
1695681, -0.293945, -0.677490, -0.668823, -1.159668, -2.929687, 1.342773,Sitting
1695701, -0.298706, -0.670654, -0.684326, -0.549316, -3.479003, 1.525878,Sitting
1695721, -0.320801, -0.670166, -0.686646, 0.183105, -2.685546, 1.342773,Sitting
1695741, -0.316406, -0.669190, -0.682739, 0.427246, -1.708984, 0.915527,Sitting
1695761, -0.338867, -0.671631, -0.672608, 1.281738, -0.305176, -0.305176,Sitting
1695781, -0.318848, -0.677856, -0.665894, 0.854492, 2.014160, -0.427246,Sitting
1695801, -0.314331, -0.673218, -0.671753, 0.549316, 3.967285, -0.549316,Sitting
1695821, -0.295776, -0.676636, -0.668335, -0.183105, 1.831054, -0.915527,Sitting
1695841, -0.307617, -0.667603, -0.664307, -0.732422, 0.427246, -1.037598,Sitting
1695861, -0.298706, -0.669190, -0.664917, -1.037598, -0.122070, -0.610352,Sitting
1695881, -0.297608, -0.679566, -0.666626, -1.159668, -1.159668, -0.183105,Sitting
1695901, -0.286621, -0.689453, -0.667969, -2.014160, -2.929687, 0.183105,Sitting
1695921, -0.290039, -0.682251, -0.681152, -2.136231, -4.394532, 0.427246,Sitting
1695941, -0.300659, -0.679077, -0.691162, -1.953124, -4.455568, 0.915527,Sitting
1695961, -0.302368, -0.661133, -0.695068, -1.647949, -4.089356, 0.854492,Sitting
1695981, -0.319336, -0.654175, -0.689331, -0.610352, -3.295898, -0.366211,Sitting
1696001, -0.320068, -0.652344, -0.688232, -0.366211, -1.403808, -0.854492,Sitting
1696021, -0.315430, -0.650391, -0.688721, 0.000000, 0.610352, -0.732422,Sitting
1696041, -0.308716, -0.653931, -0.680176, 0.305176, -0.183105, -1.281738,Sitting
1696061, -0.315430, -0.663330, -0.670654, 0.427246, -0.915527, -1.586914,Sitting
1696081, -0.315796, -0.672974, -0.670898, 0.122070, -0.244141, -1.159668,Sitting
1696101, -0.310425, -0.680176, -0.676026, -0.122070, 0.488281, -0.427246,Sitting
1696121, -0.298584, -0.676392, -0.677490, -0.427246, -0.976562, -0.305176,Sitting
1696141, -0.311279, -0.665161, -0.675659, -0.305176, -2.868652, -0.610352,Sitting
1696161, -0.322144, -0.663330, -0.673584, 0.122070, -2.380371, -0.671386,Sitting
1696181, -0.317261, -0.668579, -0.668945, -0.122070, -0.488281, -0.366211,Sitting
1696201, -0.298584, -0.669434, -0.672363, -0.549316, -0.183105, -0.183105,Sitting
1696221, -0.296387, -0.669556, -0.679810, -0.671386, -2.014160, -0.183105,Sitting
1696241, -0.314087, -0.663818, -0.683594, -0.732422, -4.211426, 0.549316,Sitting
1696261, -0.319458, -0.660522, -0.678223, -0.427246, -3.723144, 0.793457,Sitting
1696281, -0.319458, -0.658447, -0.677368, -0.244141, -2.685546, 0.671386,Sitting
1696301, -0.317017, -0.651001, -0.683716, 0.122070, -1.953124, 0.427246,Sitting
1696321, -0.327393, -0.654541, -0.691772, 1.098633, -1.831054, -0.061035,Sitting
1696341, -0.333618, -0.660278, -0.688599, 1.647949, -0.854492, -0.305176,Sitting
1696361, -0.328247, -0.665405, -0.678589, 1.892090, 0.671386, -0.427246,Sitting
1696381, -0.315918, -0.668579, -0.673218, 2.075196, 1.586914, -0.671386,Sitting
1696401, -0.310303, -0.670410, -0.674438, 1.831054, 1.281738, -0.793457,Sitting
1696421, -0.311768, -0.673584, -0.669922, 1.525878, 0.427246, -0.915527,Sitting
1696441, -0.316528, -0.675904, -0.666138, 1.037598, 0.244141, -0.610352,Sitting
1696461, -0.304688, -0.668579, -0.675415, 0.366211, 1.342773, -0.427246,Sitting
1696481, -0.300415, -0.671753, -0.679810, 0.732422, 0.671386, -1.037598,Sitting
1696501, -0.298462, -0.679932, -0.676270, 0.427246, -0.732422, -1.342773,Sitting
1696521, -0.296997, -0.671143, -0.678101, -0.366211, -1.342773, -0.976562,Sitting
1696541, -0.307983, -0.660645, -0.685303, -0.122070, -1.220704, -0.854492,Sitting
1696561, -0.308350, -0.666260, -0.680298, -0.061035, -0.915527, -1.098633,Sitting
1696581, -0.311035, -0.670776, -0.673950, 0.122070, -1.281738, -1.098633,Sitting
1696601, -0.306030, -0.669434, -0.675049, -0.183105, -1.342773, -0.732422,Sitting
1696621, -0.314697, -0.666626, -0.682129, 0.183105, -1.220704, -0.366211,Sitting
1696641, -0.314941, -0.670288, -0.676148, 0.122070, -1.342773, -0.610352,Sitting
1696661, -0.318359, -0.669556, -0.670044, 0.183105, -1.647949, -0.854492,Sitting
1696681, -0.320068, -0.669434, -0.670410, 0.183105, -0.976562, -0.610352,Sitting
1696701, -0.325317, -0.669312, -0.673218, 0.244141, -0.244141, -0.488281,Sitting
1696721, -0.316650, -0.676636, -0.671875, 0.305176, 0.061035, -0.793457,Sitting
1696741, -0.298584, -0.670410, -0.674072, -0.610352, -0.366211, -0.366211,Sitting
1696761, -0.294556, -0.662598, -0.679810, -0.427246, -1.770019, -0.061035,Sitting
1696781, -0.310669, -0.671387, -0.679199, -0.183105, -3.112792, -0.305176,Sitting
1696801, -0.318359, -0.666504, -0.674561, -0.549316, -2.929687, -0.061035,Sitting
1696821, -0.319580, -0.657593, -0.675781, -0.183105, -1.464844, -0.244141,Sitting
1696841, -0.316650, -0.656616, -0.686768, 0.488281, -0.183105, -0.488281,Sitting
1696861, -0.326416, -0.658936, -0.694336, 1.525878, 0.122070, -1.037598,Sitting
1696881, -0.334595, -0.663696, -0.681885, 2.380371, 0.610352, -1.037598,Sitting
1696901, -0.333740, -0.668335, -0.668335, 3.051757, 3.906249, -0.427246,Sitting
1696921, -0.328980, -0.669556, -0.671265, 2.868652, 8.911134, -0.366211,Sitting
1696941, -0.272949, -0.670532, -0.673462, 2.685546, 5.249022, -0.854492,Sitting
1696961, -0.291016, -0.674072, -0.675659, 2.136231, 1.403808, -1.586914,Sitting
1696981, -0.287720, -0.683960, -0.675049, 1.464844, -0.549316, -0.854492,Sitting
1697001, -0.291870, -0.681396, -0.669800, 0.488281, -0.427246, -0.488281,Sitting
1697021, -0.288940, -0.678711, -0.669800, 0.183105, -0.549316, -0.305176,Sitting
1697041, -0.295776, -0.675049, -0.675049, 0.000000, -1.037598, -0.915527,Sitting
1697061, -0.299805, -0.679077, -0.679077, -0.061035, -2.014160, -0.732422,Sitting
1697081, -0.302979, -0.675659, -0.677856, -0.061035, -2.502442, -0.061035,Sitting
1697101, -0.308960, -0.671631, -0.679321, 0.244141, -2.258301, 0.305176,Sitting
1697121, -0.312012, -0.658325, -0.681274, 0.915527, 0.793457, -0.183105,Sitting
1697141, -0.334961, -0.655396, -0.674194, 1.770019, 0.000000, -1.037598,Sitting
1697161, -0.334595, -0.661865, -0.666748, 1.831054, 0.122070, -0.732422,Sitting
1697181, -0.322022, -0.658447, -0.669800, 1.770019, 1.403808, -0.671386,Sitting
1697201, -0.312256, -0.666016, -0.681030, 2.075196, 2.197266, -0.671386,Sitting
1697221, -0.311035, -0.673584, -0.679932, 1.953124, 1.770019, -0.915527,Sitting
1697241, -0.306396, -0.685913, -0.672974, 1.892090, 0.488281, -1.403808,Sitting
1697261, -0.300537, -0.692871, -0.663208, 0.793457, -0.244141, -0.732422,Sitting
1697281, -0.283081, -0.683716, -0.664429, -0.061035, -0.366211, -0.122070,Sitting
1697301, -0.286865, -0.679810, -0.673218, -0.122070, -0.915527, -0.366211,Sitting
1697321, -0.291382, -0.675171, -0.678467, -0.366211, -1.708984, -0.610352,Sitting
1697341, -0.303223, -0.677246, -0.675049, -0.183105, -1.342773, -0.610352,Sitting
1697361, -0.293701, -0.681885, -0.666992, -0.610352, -0.732422, -0.488281,Sitting
1697381, -0.281982, -0.682739, -0.668091, -0.732422, -1.403808, -0.549316,Sitting
1697401, -0.288696, -0.677734, -0.677368, -0.976562, -3.051757, -0.427246,Sitting
1697421, -0.309326, -0.672730, -0.681274, -0.793457, -4.211426, 0.061035,Sitting
1697441, -0.325806, -0.664551, -0.674438, -0.305176, -3.662109, 0.427246,Sitting
1697461, -0.321411, -0.664795, -0.667725, 0.427246, -1.953124, 0.488281,Sitting
1697481, -0.316528, -0.678955, -0.666504, 0.915527, -0.793457, 0.000000,Sitting
1697501, -0.319702, -0.673096, -0.671021, 0.488281, -0.305176, 0.366211,Sitting
1697521, -0.313477, -0.680542, -0.664917, 0.000000, 0.854492, -0.122070,Sitting
1697541, -0.313843, -0.685303, -0.667603, 0.793457, -1.220704, -1.953124,Sitting
1697561, -0.332520, -0.683106, -0.667847, -0.366211, 1.037598, -2.563476,Sitting
1697581, -0.322022, -0.660889, -0.676880, -0.671386, 3.479003, -1.342773,Sitting
1697601, -0.274658, -0.653442, -0.687988, -0.305176, 3.417968, 0.183105,Sitting
1697621, -0.255737, -0.659546, -0.698242, 0.427246, 0.000000, -0.244141,Sitting
1697641, -0.296631, -0.665650, -0.698486, 1.159668, -2.807617, -0.610352,Sitting
1697661, -0.331421, -0.661133, -0.682373, 1.281738, -2.136231, 0.122070,Sitting
1697681, -0.338745, -0.660400, -0.667114, 1.708984, 1.403808, 0.427246,Sitting
1697701, -0.297485, -0.677368, -0.658081, 1.953124, 3.051757, 0.305176,Sitting
1697721, -0.270630, -0.688721, -0.651734, 1.647949, 0.366211, -0.427246,Sitting
1697741, -0.302368, -0.677612, -0.667969, 1.831054, -1.831054, -0.488281,Sitting
1697761, -0.346924, -0.674805, -0.687744, 2.990722, -0.183105, -0.427246,Sitting
1697781, -0.316772, -0.683228, -0.664185, 4.272462, 3.540038, -0.732422,Sitting
1697801, -0.300659, -0.688721, -0.656738, 3.845214, 2.990722, -0.793457,Sitting
1697821, -0.274048, -0.693360, -0.663330, 2.807617, 1.098633, -0.671386,Sitting
1697841, -0.291260, -0.691772, -0.670898, 2.075196, -0.122070, -0.183105,Sitting
1697861, -0.285156, -0.695068, -0.666016, 0.732422, 0.122070, 0.183105,Sitting
1697881, -0.287476, -0.688354, -0.662964, -0.366211, 0.122070, -0.366211,Sitting
1697901, -0.276245, -0.689087, -0.670654, 0.000000, 1.403808, 0.122070,Sitting
1697921, -0.264160, -0.691528, -0.674927, -1.647949, -2.075196, 0.427246,Sitting
1697941, -0.299805, -0.674805, -0.678589, -2.197266, -3.051757, -0.488281,Sitting
1697961, -0.290161, -0.660767, -0.678955, -0.061035, -2.319336, -4.028321,Sitting
1697981, -0.301636, -0.674316, -0.673462, -1.098633, -2.136231, -0.366211,Sitting
1698001, -0.312744, -0.666504, -0.675171, 0.610352, -6.225584, -0.183105,Sitting
1698021, -0.332153, -0.673828, -0.671875, 0.061035, -5.493162, 0.610352,Sitting
1698041, -0.340210, -0.672486, -0.666138, 0.610352, -3.051757, 0.244141,Sitting
1698061, -0.334473, -0.684814, -0.665283, 0.305176, -1.098633, -0.183105,Sitting
1698081, -0.322754, -0.677979, -0.664795, -0.549316, 0.427246, 0.793457,Sitting
1698101, -0.317871, -0.662842, -0.673218, 0.244141, -1.098633, 0.183105,Sitting
1698121, -0.328369, -0.671387, -0.669068, 0.732422, 0.366211, -0.671386,Sitting
1698141, -0.314697, -0.678223, -0.662476, 0.976562, 2.685546, -1.037598,Sitting
1698161, -0.290894, -0.682495, -0.663940, 1.159668, 3.295898, -0.549316,Sitting
1698181, -0.274170, -0.677246, -0.672119, 0.854492, 1.647949, -0.366211,Sitting
1698201, -0.292847, -0.682495, -0.673096, 1.831054, -0.427246, -1.342773,Sitting
1698221, -0.299927, -0.689575, -0.659180, 1.037598, -0.122070, -1.037598,Sitting
1698241, -0.287354, -0.689697, -0.665039, 0.732422, 0.427246, -1.037598,Sitting
1698261, -0.284180, -0.687500, -0.674194, -0.244141, -0.732422, -0.854492,Sitting
1698281, -0.293213, -0.684082, -0.673828, -0.549316, -2.685546, -1.159668,Sitting
1698301, -0.309692, -0.683960, -0.671509, -0.732422, -2.929687, -1.159668,Sitting
1698321, -0.314331, -0.684326, -0.668213, -1.037598, -1.403808, -0.854492,Sitting
1698341, -0.308472, -0.676880, -0.663696, -1.342773, -0.366211, -0.427246,Sitting
1698361, -0.304077, -0.674438, -0.663574, -1.037598, -0.549316, -0.610352,Sitting
1698381, -0.292847, -0.675781, -0.668823, -0.549316, -0.854492, -1.281738,Sitting
1698401, -0.300293, -0.681763, -0.678467, 0.000000, -0.854492, -1.159668,Sitting
1698421, -0.305176, -0.676148, -0.677612, -0.244141, -0.793457, -0.183105,Sitting
1698441, -0.311646, -0.676392, -0.671997, 0.671386, -1.403808, -1.403808,Sitting
1698461, -0.310181, -0.672730, -0.667358, 0.488281, 0.793457, -1.037598,Sitting
1698481, -0.305298, -0.674561, -0.668091, 0.671386, 1.403808, -0.854492,Sitting
1698501, -0.304199, -0.681763, -0.666382, 0.488281, -0.427246, -0.549316,Sitting
1698521, -0.310303, -0.675781, -0.669556, 0.183105, -1.037598, -0.427246,Sitting
1698541, -0.298950, -0.681885, -0.672241, 0.671386, -0.549316, -0.976562,Sitting
1698561, -0.291138, -0.690674, -0.668335, -0.122070, -0.671386, 0.122070,Sitting
1698581, -0.291626, -0.685303, -0.667969, -0.305176, -2.136231, -0.427246,Sitting
1698601, -0.301758, -0.686402, -0.668335, -0.732422, -3.540038, -0.671386,Sitting
1698621, -0.307739, -0.680786, -0.666748, -1.159668, -2.868652, -0.122070,Sitting
1698641, -0.309204, -0.680298, -0.666016, -0.854492, -1.403808, -0.244141,Sitting
1698661, -0.289185, -0.677002, -0.670288, -1.098633, -1.342773, -0.427246,Sitting
1698681, -0.311279, -0.675049, -0.676148, -0.610352, -2.136231, -1.037598,Sitting
1698701, -0.320190, -0.676758, -0.671753, -0.061035, -1.342773, -0.915527,Sitting
1698721, -0.314941, -0.678101, -0.667358, 0.244141, 0.305176, -0.427246,Sitting
1698741, -0.293335, -0.675659, -0.668945, 0.122070, 1.098633, -0.366211,Sitting
1698761, -0.288330, -0.670166, -0.680054, 0.854492, -0.122070, -0.488281,Sitting
1698781, -0.307129, -0.675415, -0.683106, 1.098633, -0.732422, -0.488281,Sitting
1698801, -0.311524, -0.674805, -0.676270, 1.220704, 0.061035, -0.732422,Sitting
1698821, -0.298706, -0.682495, -0.666504, 0.976562, 0.854492, -0.305176,Sitting
1698841, -0.290772, -0.683472, -0.667114, 0.549316, -0.244141, -0.183105,Sitting
1698861, -0.297363, -0.684937, -0.662354, -0.061035, -1.892090, -0.488281,Sitting
1698881, -0.315918, -0.682739, -0.662232, -0.549316, -2.197266, -0.366211,Sitting
1698901, -0.308838, -0.680664, -0.664429, -1.159668, -0.915527, -0.305176,Sitting
1698921, -0.303223, -0.674561, -0.670654, -0.976562, -0.793457, -0.671386,Sitting
1698941, -0.301636, -0.676270, -0.675049, -0.671386, -1.342773, -1.098633,Sitting
1698961, -0.306274, -0.675049, -0.674683, -0.610352, -1.525878, -0.854492,Sitting
1698981, -0.306519, -0.671509, -0.673340, -0.122070, -0.976562, -0.732422,Sitting
1699001, -0.310425, -0.674927, -0.672241, 0.183105, -0.244141, -1.098633,Sitting
1699021, -0.313599, -0.678467, -0.672730, 0.305176, 0.305176, -1.342773,Sitting
1699041, -0.310059, -0.677002, -0.670776, 0.061035, 0.488281, -0.915527,Sitting
1699061, -0.304321, -0.668945, -0.670898, -0.061035, 0.000000, -0.305176,Sitting
1699081, -0.289063, -0.676758, -0.668579, 0.061035, -0.915527, -0.671386,Sitting
1699101, -0.305908, -0.679444, -0.676148, -0.305176, -1.586914, -0.976562,Sitting
1699121, -0.310059, -0.676270, -0.677246, 0.122070, -0.732422, -0.610352,Sitting
1699141, -0.300171, -0.685913, -0.673340, 0.183105, -0.488281, -0.671386,Sitting
1699161, -0.288818, -0.688843, -0.668213, -0.061035, -0.854492, -0.671386,Sitting
1699181, -0.291016, -0.684570, -0.669068, -0.122070, -0.671386, -0.915527,Sitting
1699201, -0.300659, -0.680298, -0.680298, 0.366211, 0.061035, -1.037598,Sitting
1699221, -0.311768, -0.675171, -0.680298, 0.610352, 0.915527, -1.220704,Sitting
1699241, -0.317627, -0.671021, -0.668823, 1.098633, 1.708984, -1.586914,Sitting
1699261, -0.312256, -0.677490, -0.656250, 1.159668, 2.990722, -1.647949,Sitting
1699281, -0.291504, -0.677612, -0.659790, 0.793457, 3.356933, -1.281738,Sitting
1699301, -0.289795, -0.681030, -0.666504, 0.732422, 1.770019, -1.525878,Sitting
1699321, -0.306030, -0.695068, -0.664307, -0.183105, -0.488281, -1.403808,Sitting
1699341, -0.295166, -0.688721, -0.666382, -1.159668, -0.305176, -0.671386,Sitting
1699361, -0.277710, -0.670776, -0.676392, -1.525878, -1.037598, -0.183105,Sitting
1699381, -0.293213, -0.667236, -0.684570, -0.732422, -2.441407, -0.549316,Sitting
1699401, -0.301392, -0.670288, -0.680176, -0.305176, -2.502442, -0.915527,Sitting
1699421, -0.309204, -0.671387, -0.677979, 0.305176, -0.915527, -0.671386,Sitting
1699441, -0.300537, -0.675537, -0.679932, 0.610352, 0.793457, -0.366211,Sitting
1699461, -0.294922, -0.672608, -0.680908, 0.671386, 0.732422, -0.610352,Sitting
1699481, -0.295532, -0.674316, -0.676880, 1.220704, -0.122070, -1.098633,Sitting
1699501, -0.295044, -0.678589, -0.668579, 1.098633, -0.061035, -0.793457,Sitting
1699521, -0.296997, -0.678223, -0.671875, 1.159668, 0.488281, -0.610352,Sitting
1699541, -0.301270, -0.680176, -0.673706, 1.037598, 1.037598, -1.098633,Sitting
1699561, -0.301880, -0.683228, -0.670776, 1.098633, 1.098633, -1.281738,Sitting
1699581, -0.283203, -0.687988, -0.663818, 0.793457, 0.854492, -0.732422,Sitting
1699601, -0.282593, -0.689453, -0.668213, 0.671386, -0.366211, -0.427246,Sitting
1699621, -0.290894, -0.687378, -0.669312, 0.366211, -1.098633, -0.305176,Sitting
1699641, -0.297119, -0.679321, -0.673218, 0.427246, -0.793457, -0.061035,Sitting
1699661, -0.297608, -0.680908, -0.673584, 0.549316, -0.244141, -0.305176,Sitting
1699681, -0.296753, -0.682984, -0.670288, 0.549316, -0.061035, -0.244141,Sitting
1699701, -0.289307, -0.679688, -0.667725, 0.183105, -0.244141, -0.305176,Sitting
1699721, -0.291016, -0.674805, -0.676514, 0.549316, -0.732422, -0.488281,Sitting
1699741, -0.305420, -0.678589, -0.677490, 0.671386, -0.854492, -0.854492,Sitting
1699761, -0.306396, -0.684082, -0.664673, 0.488281, 0.122070, -0.915527,Sitting
1699781, -0.289429, -0.683350, -0.668945, 0.122070, 0.793457, -0.610352,Sitting
1699801, -0.282837, -0.679688, -0.676880, 0.061035, 0.244141, -0.732422,Sitting
1699821, -0.290894, -0.681030, -0.677368, 0.122070, -0.915527, -1.220704,Sitting
1699841, -0.297730, -0.683106, -0.671753, 0.183105, -1.037598, -0.976562,Sitting
1699861, -0.293213, -0.685303, -0.668335, -0.061035, -0.427246, -0.671386,Sitting
1699881, -0.284302, -0.680420, -0.672486, -0.183105, -0.183105, -0.549316,Sitting
1699901, -0.291504, -0.679810, -0.676636, 0.000000, -0.915527, -0.854492,Sitting
1699921, -0.296021, -0.680786, -0.672119, 0.000000, -1.464844, -0.793457,Sitting
1699941, -0.293823, -0.685181, -0.665283, -0.061035, -1.098633, -0.427246,Sitting
1699961, -0.285400, -0.684814, -0.667236, -0.183105, -0.610352, -0.366211,Sitting
1699981, -0.293091, -0.679444, -0.680298, 0.061035, -1.098633, -0.976562,Sitting
1700001, -0.305298, -0.683228, -0.676636, 0.244141, -0.854492, -0.976562,Sitting
1700021, -0.297363, -0.687012, -0.668579, 0.122070, 0.000000, -0.488281,Sitting
1700041, -0.277710, -0.683716, -0.666504, -0.427246, -0.061035, -0.305176,Sitting
1700061, -0.283936, -0.678955, -0.675293, -0.244141, -1.342773, -0.610352,Sitting
1700081, -0.294312, -0.677979, -0.674927, -0.305176, -1.892090, -0.610352,Sitting
1700101, -0.302124, -0.678223, -0.671021, -0.244141, -1.220704, -0.305176,Sitting
1700121, -0.288696, -0.677490, -0.672241, -0.183105, -0.366211, -0.244141,Sitting
1700141, -0.290772, -0.680908, -0.677490, 0.244141, -0.610352, -0.732422,Sitting
1700161, -0.295288, -0.682495, -0.676392, 0.122070, -1.220704, -0.793457,Sitting
1700181, -0.297852, -0.681519, -0.668945, 0.061035, -1.342773, -0.305176,Sitting
1700201, -0.290283, -0.684814, -0.666992, -0.305176, -0.976562, 0.061035,Sitting
1700221, -0.283936, -0.678955, -0.673218, -0.549316, -1.647949, -0.427246,Sitting
1700241, -0.300171, -0.679688, -0.678345, -0.305176, -2.136231, -0.732422,Sitting
1700261, -0.303101, -0.680542, -0.677246, -0.427246, -1.464844, -0.183105,Sitting
1700281, -0.294922, -0.680420, -0.673828, -0.366211, -0.793457, 0.122070,Sitting
1700301, -0.285889, -0.677612, -0.674316, -0.244141, -1.098633, -0.183105,Sitting
1700321, -0.291626, -0.678101, -0.674438, -0.061035, -1.708984, -0.427246,Sitting
1700341, -0.296631, -0.678467, -0.672974, -0.061035, -1.892090, -0.183105,Sitting
1700361, -0.301270, -0.680542, -0.671021, -0.122070, -1.525878, 0.000000,Sitting
1700381, -0.299072, -0.679566, -0.670044, -0.305176, -1.220704, 0.000000,Sitting
1700401, -0.290405, -0.677490, -0.669678, -0.366211, -1.220704, -0.427246,Sitting
1700421, -0.302490, -0.682739, -0.675415, 0.061035, -1.281738, -0.610352,Sitting
1700441, -0.301758, -0.683228, -0.673950, 0.061035, -0.549316, -0.244141,Sitting
1700461, -0.292480, -0.680054, -0.673828, 0.000000, -0.305176, -0.122070,Sitting
1700481, -0.289063, -0.678711, -0.675049, 0.061035, -0.915527, -0.244141,Sitting
1700501, -0.291992, -0.676636, -0.672608, -0.061035, -1.525878, -0.305176,Sitting
1700521, -0.302856, -0.677124, -0.671997, 0.061035, -1.464844, -0.305176,Sitting
1700541, -0.305664, -0.679321, -0.672730, 0.061035, -0.488281, -0.244141,Sitting
1700561, -0.294800, -0.677368, -0.675171, -0.122070, -0.305176, -0.427246,Sitting
1700581, -0.296509, -0.675659, -0.678833, 0.122070, -1.037598, -0.671386,Sitting
1700601, -0.305054, -0.675781, -0.672608, 0.061035, -1.403808, -0.549316,Sitting
1700621, -0.304077, -0.677246, -0.667480, 0.122070, -0.976562, -0.244141,Sitting
1700641, -0.290527, -0.680176, -0.673828, -0.122070, -1.159668, -0.183105,Sitting
1700661, -0.292725, -0.678101, -0.677246, -0.183105, -1.708984, -0.488281,Sitting
1700681, -0.303467, -0.680542, -0.677612, 0.183105, -1.831054, -0.610352,Sitting
1700701, -0.300659, -0.679077, -0.674805, 0.061035, -0.976562, -0.305176,Sitting
1700721, -0.292114, -0.675415, -0.671631, 0.000000, -0.671386, -0.244141,Sitting
1700741, -0.286621, -0.672363, -0.672974, 0.061035, -1.708984, -0.488281,Sitting
1700761, -0.298706, -0.677246, -0.674072, 0.244141, -2.746581, -0.366211,Sitting
1700781, -0.303223, -0.680176, -0.670288, -0.122070, -2.807617, -0.061035,Sitting
1700801, -0.302979, -0.680664, -0.672486, -0.244141, -2.197266, 0.244141,Sitting
1700821, -0.297485, -0.679321, -0.674438, -0.488281, -2.197266, -0.061035,Sitting
1700841, -0.302979, -0.679810, -0.676636, -0.183105, -2.868652, -0.305176,Sitting
1700861, -0.314087, -0.680786, -0.671875, -0.183105, -1.892090, -0.244141,Sitting
1700881, -0.310913, -0.676636, -0.672363, -0.061035, -0.366211, -0.244141,Sitting
1700901, -0.304199, -0.670898, -0.671753, 0.244141, 0.488281, -0.488281,Sitting
1700921, -0.304199, -0.668701, -0.673462, 0.610352, 0.488281, -0.732422,Sitting
1700941, -0.296631, -0.670532, -0.668091, 0.671386, 0.122070, -0.549316,Sitting
1700961, -0.295410, -0.679444, -0.666382, 0.976562, -0.244141, -0.549316,Sitting
1700981, -0.291870, -0.685425, -0.669678, 0.549316, -0.122070, -0.427246,Sitting
1701001, -0.293457, -0.684692, -0.675904, 0.610352, -0.427246, -0.427246,Sitting
1701021, -0.294067, -0.685913, -0.675537, 0.549316, -1.281738, -0.366211,Sitting
1701041, -0.299561, -0.679199, -0.669678, 0.244141, -2.014160, -0.244141,Sitting
1701061, -0.309570, -0.674438, -0.672486, 0.427246, -1.220704, -0.244141,Sitting
1701081, -0.307373, -0.674072, -0.675537, 0.488281, 1.037598, -0.244141,Sitting
1701101, -0.295044, -0.676026, -0.675293, 0.732422, -0.061035, -0.305176,Sitting
1701121, -0.293823, -0.681152, -0.668457, 0.488281, -1.647949, -0.122070,Sitting
1701141, -0.302002, -0.686157, -0.666870, 0.061035, -2.014160, 0.488281,Sitting
1701161, -0.292969, -0.684937, -0.666992, 0.244141, -1.953124, 0.122070,Sitting
1701181, -0.301148, -0.679810, -0.667480, -0.427246, -0.732422, 0.610352,Sitting
1701201, -0.303223, -0.671509, -0.680664, 0.793457, -0.671386, -0.061035,Sitting
1701221, -0.301880, -0.677979, -0.679321, 0.671386, -1.098633, 0.610352,Sitting
1701241, -0.298828, -0.660278, -0.675049, 0.610352, -2.441407, 0.000000,Sitting
1701261, -0.322022, -0.662354, -0.668579, 2.014160, -1.403808, -2.136231,Sitting
1701281, -0.328491, -0.689453, -0.661621, 0.488281, 1.770019, 1.525878,Sitting
1701301, -0.292114, -0.679199, -0.669068, 0.671386, -4.943848, -1.647949,Sitting
1701321, -0.311890, -0.689209, -0.668091, -1.403808, -2.807617, -0.061035,Sitting
1701341, -0.326782, -0.673096, -0.669678, -0.305176, -1.037598, -0.854492,Sitting
1701361, -0.295654, -0.692505, -0.663940, -0.793457, -1.281738, 0.000000,Sitting
1701381, -0.302124, -0.677002, -0.676636, -1.098633, -2.319336, 0.854492,Sitting
1701401, -0.305786, -0.670044, -0.680298, 0.244141, -2.258301, -1.281738,Sitting
1701421, -0.310913, -0.675537, -0.674316, 1.098633, -0.610352, -0.854492,Sitting
1701441, -0.301148, -0.681030, -0.668213, 0.976562, 1.403808, 0.305176,Sitting
1701461, -0.294312, -0.677002, -0.678467, 1.342773, 1.403808, -0.122070,Sitting
1701481, -0.291260, -0.676636, -0.676392, 1.098633, 0.122070, -0.610352,Sitting
1701501, -0.307739, -0.674927, -0.668945, 1.281738, -1.098633, -1.342773,Sitting
1701521, -0.303711, -0.690064, -0.656860, 0.305176, 0.122070, -0.671386,Sitting
1701541, -0.302612, -0.678711, -0.661377, -0.366211, -0.305176, -0.122070,Sitting
1701561, -0.304321, -0.669800, -0.667236, -0.671386, -1.892090, -0.427246,Sitting
1701581, -0.309814, -0.665894, -0.672363, -0.671386, -2.685546, -0.305176,Sitting
1701601, -0.314453, -0.672241, -0.675171, -0.366211, -2.807617, 0.000000,Sitting
1701621, -0.308228, -0.673462, -0.671753, -0.183105, -3.173828, 0.366211,Sitting
1701641, -0.322632, -0.680420, -0.668945, 0.183105, -3.234863, 0.122070,Sitting
1701661, -0.325562, -0.685791, -0.667603, 0.305176, -2.014160, -0.061035,Sitting
1701681, -0.318115, -0.684570, -0.664062, 0.183105, -0.793457, 0.000000,Sitting
1701701, -0.307495, -0.683228, -0.662842, 0.122070, 0.000000, -0.244141,Sitting
1701721, -0.293213, -0.686402, -0.661987, -0.427246, 0.244141, -0.183105,Sitting
1701741, -0.279419, -0.678711, -0.672852, -0.549316, -1.403808, -0.366211,Sitting
1701761, -0.296021, -0.685547, -0.676148, -0.549316, -2.197266, -0.732422,Sitting
1701781, -0.304443, -0.681885, -0.672974, -0.976562, -1.586914, -0.610352,Sitting
1701801, -0.298706, -0.678345, -0.672852, -0.976562, -0.915527, -0.427246,Sitting
1701821, -0.294190, -0.675415, -0.671631, -0.854492, -1.403808, -0.671386,Sitting
1701841, -0.300537, -0.678101, -0.672730, -0.366211, -2.502442, -1.098633,Sitting
1701861, -0.312500, -0.681030, -0.670044, -0.427246, -2.807617, -1.342773,Sitting
1701881, -0.329834, -0.673218, -0.668701, -0.305176, -2.197266, -0.915527,Sitting
1701901, -0.332031, -0.664307, -0.664795, -0.366211, -0.915527, -0.610352,Sitting
1701921, -0.322144, -0.656128, -0.658936, -0.244141, -0.854492, -0.305176,Sitting
1701941, -0.328491, -0.687134, -0.656738, 0.305176, -1.037598, -0.976562,Sitting
1701961, -0.316528, -0.667236, -0.692993, -1.892090, 0.000000, 0.061035,Sitting
1701981, -0.322632, -0.650269, -0.700318, -0.976562, -0.488281, 0.244141,Sitting
1702001, -0.302124, -0.651978, -0.679688, 0.000000, -1.281738, 0.915527,Sitting
1702021, -0.274902, -0.669190, -0.654907, 0.793457, -2.136231, 1.159668,Sitting
1702041, -0.287598, -0.685425, -0.654053, 1.098633, -2.197266, 1.281738,Sitting
1702061, -0.298584, -0.691406, -0.661987, 0.732422, -1.708984, 1.281738,Sitting
1702081, -0.310913, -0.712891, -0.670044, 0.244141, -1.770019, 0.244141,Sitting
1702101, -0.303711, -0.698120, -0.670166, -1.342773, -3.540038, 0.061035,Sitting
1702121, -0.319092, -0.669434, -0.672363, -1.464844, -5.371092, -0.061035,Sitting
1702141, -0.325440, -0.650391, -0.664185, -1.464844, -5.371092, -0.122070,Sitting
1702161, -0.322510, -0.638184, -0.662354, -0.244141, -5.004884, -0.122070,Sitting
1702181, -0.333130, -0.671753, -0.673950, 0.366211, -3.784179, -0.793457,Sitting
1702201, -0.342163, -0.673950, -0.673706, 0.183105, -3.051757, -0.305176,Sitting
1702221, -0.347168, -0.679810, -0.669678, 0.854492, -2.380371, -0.549316,Sitting
1702241, -0.327271, -0.675171, -0.670654, -0.122070, -0.244141, -0.549316,Sitting
1702261, -0.319092, -0.667114, -0.675415, 0.244141, 1.586914, -1.098633,Sitting
1702281, -0.316406, -0.664185, -0.679321, 0.488281, 1.770019, -1.586914,Sitting
1702301, -0.317017, -0.661621, -0.676880, 0.976562, 1.403808, -1.342773,Sitting
1702321, -0.312622, -0.662110, -0.670776, 1.586914, 1.281738, -0.976562,Sitting
1702341, -0.301636, -0.672486, -0.669190, 1.953124, 1.525878, -1.037598,Sitting
1702361, -0.304077, -0.683228, -0.666504, 1.708984, 0.793457, -1.220704,Sitting
1702381, -0.311524, -0.687866, -0.659790, 1.647949, -0.427246, -1.159668,Sitting
1702401, -0.314941, -0.692871, -0.657227, 1.098633, 0.366211, -0.061035,Sitting
1702421, -0.302612, -0.688232, -0.661865, 0.976562, 0.793457, -0.061035,Sitting
1702441, -0.305420, -0.684326, -0.668579, 0.915527, 0.183105, -0.732422,Sitting
1702461, -0.310303, -0.676148, -0.669922, 0.793457, -0.305176, -1.342773,Sitting
1702481, -0.318970, -0.667603, -0.667969, 1.098633, 0.244141, -1.647949,Sitting
1702501, -0.327515, -0.666748, -0.672119, 1.831054, 1.586914, -1.403808,Sitting
1702521, -0.317993, -0.668091, -0.674072, 1.831054, 2.685546, -1.220704,Sitting
1702541, -0.312500, -0.674561, -0.671875, 2.319336, 2.319336, -1.281738,Sitting
1702561, -0.307251, -0.680176, -0.669312, 1.831054, 1.525878, -1.159668,Sitting
1702581, -0.317383, -0.675659, -0.665528, 1.464844, 0.305176, -0.793457,Sitting
1702601, -0.326050, -0.677612, -0.659912, 1.037598, 0.000000, -0.610352,Sitting
1702621, -0.328858, -0.676636, -0.659790, 0.244141, 1.037598, -0.610352,Sitting
1702641, -0.311768, -0.675171, -0.666992, 0.244141, 0.915527, -0.793457,Sitting
1702661, -0.309326, -0.676880, -0.669922, 0.427246, -0.061035, -0.793457,Sitting
1702681, -0.317505, -0.680054, -0.665161, 1.037598, -0.366211, -0.793457,Sitting
1702701, -0.320313, -0.678467, -0.659912, 1.220704, 0.793457, -0.549316,Sitting
1702721, -0.311768, -0.680054, -0.660156, 1.220704, 2.197266, -0.305176,Sitting
1702741, -0.300781, -0.687988, -0.663818, 1.281738, 2.075196, -0.610352,Sitting
1702761, -0.294312, -0.696900, -0.663940, 0.610352, 1.098633, -0.793457,Sitting
1702781, -0.289429, -0.701294, -0.664795, -0.183105, 0.305176, -0.732422,Sitting
1702801, -0.286011, -0.702881, -0.666870, -0.976562, -0.244141, -1.037598,Sitting
1702821, -0.289795, -0.699097, -0.670166, -1.647949, -0.122070, -1.403808,Sitting
1702841, -0.283691, -0.688232, -0.670044, -1.770019, -0.671386, -1.647949,Sitting
1702861, -0.296631, -0.670776, -0.674072, -1.220704, -0.610352, -1.647949,Sitting
1702881, -0.300049, -0.657104, -0.677979, -0.427246, 0.061035, -1.953124,Sitting
1702901, -0.307739, -0.663696, -0.675781, 0.610352, 0.427246, -2.258301,Sitting
1702921, -0.311401, -0.664795, -0.673218, 1.037598, 0.732422, -2.014160,Sitting
1702941, -0.311279, -0.675171, -0.667847, 1.586914, 0.915527, -1.831054,Sitting
1702961, -0.305664, -0.682739, -0.665405, 1.342773, 0.366211, -1.098633,Sitting
1702981, -0.312500, -0.683594, -0.667969, 1.037598, -0.183105, -0.793457,Sitting
1703001, -0.318604, -0.683716, -0.669068, 1.098633, -0.427246, -0.854492,Sitting
1703021, -0.313232, -0.686890, -0.661621, 0.793457, 0.244141, -0.976562,Sitting
1703041, -0.303589, -0.683960, -0.661499, 0.427246, 1.281738, -0.915527,Sitting
1703061, -0.289063, -0.677124, -0.667603, 0.488281, 1.342773, -0.915527,Sitting
1703081, -0.293457, -0.677979, -0.674438, 0.854492, 0.915527, -1.159668,Sitting
1703101, -0.293213, -0.679932, -0.668213, 0.915527, 0.854492, -1.281738,Sitting
1703121, -0.292847, -0.687378, -0.667969, 0.976562, 0.366211, -0.915527,Sitting
1703141, -0.283447, -0.687012, -0.666016, 0.732422, -0.549316, -0.427246,Sitting
1703161, -0.290039, -0.692261, -0.665772, 0.244141, -2.075196, -0.183105,Sitting
1703181, -0.294800, -0.691162, -0.662598, -0.732422, -3.356933, 0.183105,Sitting
1703201, -0.302490, -0.686524, -0.663818, -1.403808, -3.845214, 0.305176,Sitting
1703221, -0.306274, -0.678833, -0.668823, -1.586914, -3.479003, -0.061035,Sitting
1703241, -0.317383, -0.676026, -0.673584, -1.281738, -2.502442, -0.610352,Sitting
1703261, -0.314819, -0.675049, -0.671021, -0.671386, -1.098633, -0.732422,Sitting
1703281, -0.301025, -0.681274, -0.668213, 0.061035, -0.305176, -0.183105,Sitting
1703301, -0.280640, -0.691406, -0.668213, 0.122070, -0.671386, -0.122070,Sitting
1703321, -0.293457, -0.688599, -0.671631, 0.183105, -1.464844, 0.000000,Sitting
1703341, -0.294800, -0.687012, -0.669068, 0.183105, -1.525878, 0.305176,Sitting
1703361, -0.288818, -0.685669, -0.662110, -0.122070, -1.708984, 0.183105,Sitting
1703381, -0.288818, -0.681030, -0.663940, -0.488281, -2.136231, -0.244141,Sitting
1703401, -0.305664, -0.671753, -0.674194, -0.488281, -2.136231, -0.610352,Sitting
1703421, -0.317871, -0.672608, -0.677856, 0.122070, -1.342773, -0.854492,Sitting
1703441, -0.312500, -0.679199, -0.675781, 0.000000, -0.976562, -0.671386,Sitting
1703461, -0.308472, -0.685303, -0.674805, -0.244141, -1.586914, -0.244141,Sitting
1703481, -0.295410, -0.692017, -0.664062, -1.342773, -3.601074, -0.183105,Sitting
1703501, -0.310913, -0.683716, -0.660156, -1.342773, -7.141112, -1.037598,Sitting
1703521, -0.362427, -0.678223, -0.654297, -0.610352, -3.723144, -0.488281,Sitting
1703541, -0.340698, -0.663574, -0.663330, 0.122070, 3.173828, 0.915527,Sitting
1703561, -0.265747, -0.660522, -0.677979, 0.793457, 6.103514, 0.915527,Sitting
1703581, -0.229736, -0.667847, -0.690796, 0.976562, 2.380371, -0.244141,Sitting
1703601, -0.254028, -0.683838, -0.685303, 0.976562, -2.807617, -1.403808,Sitting
1703621, -0.290527, -0.690918, -0.669556, 0.549316, -5.432128, -0.061035,Sitting
1703641, -0.305786, -0.699463, -0.646362, -0.244141, -5.187988, 0.976562,Sitting
1703661, -0.313721, -0.702515, -0.643677, -1.159668, -4.638672, 0.732422,Sitting
1703681, -0.338013, -0.679566, -0.659302, -1.525878, -3.356933, 0.427246,Sitting
1703701, -0.335205, -0.656860, -0.675415, -0.671386, -1.770019, 0.427246,Sitting
1703721, -0.329590, -0.655640, -0.675171, 0.671386, -0.976562, 0.000000,Sitting
1703741, -0.315918, -0.670410, -0.667236, 1.403808, -1.220704, -0.305176,Sitting
1703761, -0.311279, -0.680664, -0.669556, 1.037598, -0.976562, -0.305176,Sitting
1703781, -0.305542, -0.681152, -0.663330, 0.305176, -1.403808, 0.366211,Sitting
1703801, -0.311768, -0.679932, -0.661011, 0.244141, -2.197266, 0.610352,Sitting
1703821, -0.306641, -0.682617, -0.672119, 0.000000, -1.586914, 0.610352,Sitting
1703841, -0.294800, -0.684692, -0.677124, -0.793457, -2.136231, 0.366211,Sitting
1703861, -0.317505, -0.673218, -0.673950, -0.976562, -4.455568, 0.244141,Sitting
1703881, -0.345825, -0.669312, -0.666626, -0.732422, -4.577638, 0.061035,Sitting
1703901, -0.338013, -0.672852, -0.664062, -0.427246, -2.197266, -0.061035,Sitting
1703921, -0.327393, -0.672974, -0.667358, -0.061035, 0.244141, -0.061035,Sitting
1703941, -0.319214, -0.676880, -0.664673, 0.183105, 1.464844, -0.488281,Sitting
1703961, -0.309204, -0.683838, -0.661133, 0.305176, 0.732422, -0.854492,Sitting
1703981, -0.302612, -0.696533, -0.658081, 0.000000, 0.671386, -0.549316,Sitting
1704001, -0.283936, -0.702026, -0.653320, -0.793457, 0.549316, -0.244141,Sitting
1704021, -0.276245, -0.698853, -0.662598, -1.586914, -1.403808, -0.549316,Sitting
1704041, -0.287720, -0.689820, -0.668335, -2.197266, -3.723144, -0.610352,Sitting
1704061, -0.312256, -0.677734, -0.669434, -1.953124, -4.699708, -0.671386,Sitting
1704081, -0.333008, -0.669800, -0.666870, -1.342773, -3.417968, -0.793457,Sitting
1704101, -0.341675, -0.665894, -0.672486, -0.366211, -0.732422, -1.037598,Sitting
1704121, -0.332886, -0.659302, -0.681763, 0.366211, 1.525878, -1.220704,Sitting
1704141, -0.318115, -0.653687, -0.680542, 1.220704, 1.281738, -1.037598,Sitting
1704161, -0.317993, -0.658325, -0.672974, 1.892090, -0.122070, -1.098633,Sitting
1704181, -0.331299, -0.666626, -0.666016, 2.075196, 0.732422, -0.488281,Sitting
1704201, -0.319458, -0.675904, -0.660400, 1.647949, 2.563476, -0.427246,Sitting
1704221, -0.303345, -0.680176, -0.664307, 0.915527, 2.319336, -0.183105,Sitting
1704241, -0.302246, -0.681519, -0.673218, 0.427246, 0.183105, -0.305176,Sitting
1704261, -0.311646, -0.674438, -0.668457, 0.183105, -1.281738, -0.427246,Sitting
1704281, -0.321899, -0.671143, -0.666260, 0.976562, -0.366211, -0.793457,Sitting
1704301, -0.314819, -0.674438, -0.672608, 1.770019, 1.831054, -1.037598,Sitting
1704321, -0.306641, -0.677856, -0.673462, 2.197266, 2.380371, -1.037598,Sitting
1704341, -0.305298, -0.680420, -0.669678, 2.380371, 1.220704, -0.732422,Sitting
1704361, -0.314819, -0.675904, -0.667358, 2.319336, 0.732422, -0.183105,Sitting
1704381, -0.314453, -0.677856, -0.662842, 2.258301, 1.037598, 0.122070,Sitting
1704401, -0.303833, -0.682739, -0.655762, 1.647949, 1.037598, 0.183105,Sitting
1704421, -0.304077, -0.682495, -0.661011, 1.098633, 0.061035, 0.000000,Sitting
1704441, -0.311524, -0.683960, -0.666626, 0.976562, -0.427246, -0.183105,Sitting
1704461, -0.320435, -0.686402, -0.660767, 0.732422, -0.366211, -0.854492,Sitting
1704481, -0.311524, -0.689575, -0.660889, 0.427246, 0.549316, -0.976562,Sitting
1704501, -0.296753, -0.689087, -0.666992, 0.061035, 0.732422, -0.549316,Sitting
1704521, -0.289185, -0.691040, -0.666382, 0.000000, -0.976562, -0.793457,Sitting
1704541, -0.300659, -0.699707, -0.660400, -0.488281, -2.258301, -1.037598,Sitting
1704561, -0.314331, -0.695801, -0.662110, -0.793457, -1.464844, -0.915527,Sitting
1704581, -0.311157, -0.685303, -0.666382, -0.915527, 0.610352, -0.671386,Sitting
1704601, -0.303711, -0.674438, -0.675171, -0.610352, 1.525878, -1.098633,Sitting
1704621, -0.289795, -0.668335, -0.673706, -0.854492, -0.061035, -1.220704,Sitting
1704641, -0.290649, -0.661011, -0.673584, -0.793457, -2.441407, -0.915527,Sitting
1704661, -0.313355, -0.667114, -0.666260, -0.549316, -3.601074, -0.610352,Sitting
1704681, -0.314697, -0.675293, -0.659058, -0.366211, -3.417968, -0.488281,Sitting
1704701, -0.324097, -0.683716, -0.662232, 0.000000, -2.807617, 0.366211,Sitting
1704721, -0.321045, -0.684082, -0.666992, -0.183105, -1.831054, 1.831054,Sitting
1704741, -0.295410, -0.671143, -0.665528, -0.122070, -2.319336, 2.380371,Sitting
1704761, -0.307861, -0.674072, -0.671509, 1.159668, -3.356933, 1.953124,Sitting
1704781, -0.335205, -0.678223, -0.669312, 1.220704, -3.234863, 0.488281,Sitting
1704801, -0.341919, -0.677979, -0.658936, 0.915527, -0.915527, 0.000000,Sitting
1704821, -0.315552, -0.688477, -0.651123, 0.061035, 1.403808, 0.061035,Sitting
1704841, -0.276856, -0.687134, -0.673096, -0.976562, -0.366211, -0.305176,Sitting
1704861, -0.293091, -0.691040, -0.680664, -1.403808, -3.234863, -0.366211,Sitting
1704881, -0.313477, -0.680176, -0.671387, -1.342773, -4.516602, -0.061035,Sitting
1704901, -0.319580, -0.673584, -0.663818, -0.854492, -3.295898, -0.244141,Sitting
1704921, -0.316528, -0.671875, -0.667358, -0.366211, -1.708984, -0.244141,Sitting
1704941, -0.316040, -0.673218, -0.668335, -0.183105, -1.342773, -0.305176,Sitting
1704961, -0.322876, -0.669434, -0.663452, 0.183105, -1.464844, -0.732422,Sitting
1704981, -0.327026, -0.670410, -0.663696, 0.549316, -1.281738, -0.488281,Sitting
1705001, -0.330444, -0.666748, -0.665161, 0.793457, -0.427246, -0.427246,Sitting
1705021, -0.337769, -0.677734, -0.664917, 1.342773, 0.244141, -1.098633,Sitting
1705041, -0.323730, -0.686646, -0.656860, 0.671386, 0.610352, -0.610352,Sitting
1705061, -0.307495, -0.681885, -0.666382, 0.122070, 0.061035, 0.305176,Sitting
1705081, -0.302490, -0.674927, -0.668823, -0.244141, -1.037598, 0.549316,Sitting
1705101, -0.308472, -0.669556, -0.667480, 0.183105, -2.380371, -0.061035,Sitting
1705121, -0.316528, -0.679321, -0.664795, 0.488281, -2.380371, -0.427246,Sitting
1705141, -0.315064, -0.683228, -0.666626, 0.183105, -1.098633, -0.244141,Sitting
1705161, -0.314697, -0.686890, -0.670288, -0.061035, -0.488281, -0.305176,Sitting
1705181, -0.306396, -0.680908, -0.671021, -0.488281, -0.854492, -0.488281,Sitting
1705201, -0.321655, -0.679444, -0.670776, -0.244141, -1.281738, -1.220704,Sitting
1705221, -0.324951, -0.678467, -0.661011, -0.427246, -0.427246, -1.281738,Sitting
1705241, -0.320679, -0.676880, -0.653076, -0.488281, 0.183105, -1.098633,Sitting
1705261, -0.311279, -0.681885, -0.650513, -0.793457, 0.122070, -0.915527,Sitting
1705281, -0.313232, -0.675293, -0.676880, -0.610352, -0.610352, -0.549316,Sitting
1705301, -0.317627, -0.674072, -0.681396, -0.488281, -1.281738, -0.488281,Sitting
1705321, -0.327881, -0.670288, -0.670288, 0.366211, -1.770019, -0.732422,Sitting
1705341, -0.330933, -0.670898, -0.660889, 0.549316, -0.671386, -0.976562,Sitting
1705361, -0.327881, -0.669312, -0.666260, 0.427246, 1.342773, -0.549316,Sitting
1705381, -0.313477, -0.667847, -0.666504, 0.427246, 1.831054, -0.366211,Sitting
1705401, -0.303467, -0.676392, -0.663086, 0.366211, 0.183105, -0.488281,Sitting
1705421, -0.303345, -0.685669, -0.659424, -0.854492, -1.342773, -0.610352,Sitting
1705441, -0.314575, -0.683716, -0.665405, -0.732422, -1.342773, -0.549316,Sitting
1705461, -0.319458, -0.687866, -0.671387, -0.610352, 0.061035, -0.732422,Sitting
1705481, -0.312866, -0.681030, -0.673218, -0.854492, 0.732422, -1.037598,Sitting
1705501, -0.298706, -0.671509, -0.671143, -0.305176, 0.061035, -0.915527,Sitting
1705521, -0.294800, -0.678589, -0.670532, 0.183105, -0.915527, -0.732422,Sitting
1705541, -0.304688, -0.677979, -0.668945, 0.000000, -1.281738, -0.427246,Sitting
1705561, -0.318359, -0.673096, -0.671875, 0.122070, -0.671386, 0.000000,Sitting
1705581, -0.307495, -0.669922, -0.671997, -0.122070, -0.305176, 0.000000,Sitting
1705601, -0.333618, -0.669190, -0.679199, 0.793457, -0.671386, -0.732422,Sitting
1705621, -0.327393, -0.671753, -0.666504, 0.183105, -0.671386, -1.159668,Sitting
1705641, -0.360840, -0.663696, -0.655029, 1.037598, -0.366211, -1.525878,Sitting
1705661, -0.333008, -0.677979, -0.644776, 0.671386, 1.647949, -0.915527,Sitting
1705681, -0.305298, -0.679566, -0.656128, 0.061035, 2.136231, -0.244141,Sitting
1705701, -0.285645, -0.683106, -0.669190, -0.549316, 0.122070, 0.122070,Sitting
1705721, -0.300781, -0.674316, -0.685669, 0.061035, -2.807617, 0.000000,Sitting
1705741, -0.315308, -0.676636, -0.691528, 0.732422, -1.525878, -0.305176,Sitting
1705761, -0.312256, -0.672363, -0.678711, 0.915527, 0.305176, -0.366211,Sitting
1705781, -0.300171, -0.672608, -0.661987, 0.976562, 0.671386, -0.732422,Sitting
1705801, -0.300659, -0.678711, -0.656128, 0.610352, -0.244141, -0.854492,Sitting
1705821, -0.306763, -0.682984, -0.659058, -0.061035, -0.793457, -0.610352,Sitting
1705841, -0.313110, -0.685791, -0.669434, -0.427246, -0.671386, -0.305176,Sitting
1705861, -0.309570, -0.681641, -0.665894, -0.732422, -1.342773, -0.244141,Sitting
1705881, -0.311401, -0.676514, -0.668701, -0.244141, -2.990722, -0.549316,Sitting
1705901, -0.330933, -0.675904, -0.665528, -0.427246, -2.990722, -0.610352,Sitting
1705921, -0.332520, -0.671021, -0.664062, -0.061035, -1.159668, -0.427246,Sitting
1705941, -0.308960, -0.668335, -0.674438, 0.244141, 1.037598, -0.610352,Sitting
1705961, -0.300781, -0.673950, -0.675293, 0.305176, -0.244141, -0.671386,Sitting
1705981, -0.311157, -0.673096, -0.673462, 0.366211, -2.014160, -0.488281,Sitting
1706001, -0.324219, -0.675293, -0.666992, 0.549316, -1.342773, -0.244141,Sitting
1706021, -0.315552, -0.676270, -0.665283, 0.671386, 0.427246, -0.427246,Sitting
1706041, -0.303955, -0.679932, -0.668091, 0.671386, 0.854492, -0.854492,Sitting
1706061, -0.304566, -0.681885, -0.670898, 0.366211, -0.061035, -1.098633,Sitting
1706081, -0.308838, -0.682373, -0.664795, 0.061035, -0.732422, -0.915527,Sitting
1706101, -0.302124, -0.680176, -0.661987, -0.427246, -0.732422, -0.427246,Sitting
1706121, -0.306152, -0.673096, -0.668457, -0.366211, -0.793457, -0.732422,Sitting
1706141, -0.318604, -0.671753, -0.669190, -0.122070, -1.037598, -1.220704,Sitting
1706161, -0.328735, -0.667969, -0.666504, 0.122070, -1.037598, -0.610352,Sitting
1706181, -0.320190, -0.667358, -0.667725, 0.305176, -0.427246, -0.122070,Sitting
1706201, -0.313355, -0.675293, -0.673462, 0.549316, -0.305176, -0.244141,Sitting
1706221, -0.309814, -0.680420, -0.671265, 0.427246, -1.159668, -0.549316,Sitting
1706241, -0.310425, -0.680664, -0.668823, 0.122070, -1.647949, -0.427246,Sitting
1706261, -0.315552, -0.679077, -0.669800, -0.183105, -1.098633, -0.122070,Sitting
1706281, -0.309937, -0.686402, -0.665405, -0.427246, -0.427246, -0.244141,Sitting
1706301, -0.295166, -0.682007, -0.666016, -0.671386, -0.488281, -0.549316,Sitting
1706321, -0.294800, -0.674316, -0.670776, -0.427246, -1.159668, -0.793457,Sitting
1706341, -0.301148, -0.676392, -0.675293, 0.305176, -1.586914, -1.098633,Sitting
1706361, -0.319214, -0.681519, -0.675659, 0.671386, -0.854492, -1.403808,Sitting
1706381, -0.316284, -0.669556, -0.665528, 0.732422, 0.671386, -0.793457,Sitting
1706401, -0.307007, -0.662354, -0.665528, 1.037598, 0.427246, -0.488281,Sitting
1706421, -0.317383, -0.668091, -0.667847, 1.342773, -0.427246, -0.610352,Sitting
1706441, -0.327148, -0.674438, -0.667603, 1.220704, -0.549316, -0.488281,Sitting
1706461, -0.335816, -0.680054, -0.668823, 1.159668, 0.244141, -0.305176,Sitting
1706481, -0.324829, -0.681396, -0.670288, 0.854492, 0.427246, -0.366211,Sitting
1706501, -0.302734, -0.670410, -0.668335, 0.854492, -1.342773, -0.671386,Sitting
1706521, -0.317139, -0.674927, -0.666260, 1.403808, -2.563476, -1.037598,Sitting
1706541, -0.319702, -0.680664, -0.661621, 1.098633, -0.976562, -0.244141,Sitting
1706561, -0.309692, -0.683228, -0.661255, 0.976562, 1.464844, 0.305176,Sitting
1706581, -0.284424, -0.681274, -0.668945, 0.427246, 1.892090, 0.549316,Sitting
1706601, -0.289795, -0.669678, -0.676758, 0.915527, -0.793457, -0.122070,Sitting
1706621, -0.310913, -0.682251, -0.668091, 1.098633, -2.319336, -0.732422,Sitting
1706641, -0.328247, -0.684570, -0.658081, 0.549316, -0.854492, -0.305176,Sitting
1706661, -0.313965, -0.687866, -0.659302, -0.122070, 0.854492, -0.366211,Sitting
1706681, -0.303101, -0.681274, -0.665650, -0.488281, 0.305176, -0.671386,Sitting
1706701, -0.310303, -0.683228, -0.668701, -0.305176, -1.770019, -1.098633,Sitting
1706721, -0.324707, -0.687012, -0.663818, -0.427246, -2.014160, -0.854492,Sitting
1706741, -0.326416, -0.688232, -0.662598, -0.854492, -0.488281, -0.183105,Sitting
1706761, -0.308106, -0.682739, -0.666748, -1.342773, 0.427246, 0.061035,Sitting
1706781, -0.302368, -0.668335, -0.668579, -1.403808, -0.732422, -0.244141,Sitting
1706801, -0.312256, -0.668579, -0.674072, -0.244141, -1.342773, -0.854492,Sitting
1706821, -0.309937, -0.675659, -0.672119, 0.305176, 0.854492, -1.037598,Sitting
1706841, -0.300659, -0.671997, -0.675293, 0.244141, 1.281738, -0.976562,Sitting
1706861, -0.309692, -0.674194, -0.677979, 0.610352, 0.122070, -1.037598,Sitting
1706881, -0.304932, -0.680298, -0.664307, 0.427246, -1.098633, -0.732422,Sitting
1706901, -0.301392, -0.683594, -0.653809, 0.122070, -1.159668, -0.183105,Sitting
1706921, -0.298340, -0.678467, -0.662842, -0.488281, -0.793457, -0.183105,Sitting
1706941, -0.317383, -0.679444, -0.672608, -0.427246, -1.403808, -0.854492,Sitting
1706961, -0.326416, -0.679688, -0.669068, -0.488281, -1.525878, -1.037598,Sitting
1706981, -0.323120, -0.681396, -0.666382, -0.610352, -0.366211, -0.732422,Sitting
1707001, -0.292725, -0.679810, -0.666748, -0.854492, 0.366211, -0.183105,Sitting
1707021, -0.289185, -0.671143, -0.673096, -0.610352, -0.976562, -0.488281,Sitting
1707041, -0.319580, -0.672730, -0.671509, 0.061035, -2.380371, -0.610352,Sitting
1707061, -0.321899, -0.676026, -0.668701, -0.122070, -0.854492, 0.000000,Sitting
1707081, -0.309082, -0.671021, -0.669190, -0.122070, 0.305176, 0.183105,Sitting
1707101, -0.302002, -0.668091, -0.671021, 0.183105, -0.671386, -0.488281,Sitting
1707121, -0.317017, -0.675537, -0.671265, 0.488281, -2.319336, -0.976562,Sitting
1707141, -0.338013, -0.679688, -0.669434, 0.122070, -1.586914, -0.549316,Sitting
1707161, -0.333252, -0.680542, -0.667114, 0.122070, 1.220704, 0.000000,Sitting
1707181, -0.299316, -0.681396, -0.662720, -0.427246, 2.380371, 0.183105,Sitting
1707201, -0.280640, -0.672486, -0.673218, -0.427246, -0.366211, -0.061035,Sitting
1707221, -0.298950, -0.674561, -0.674194, -0.305176, -2.807617, -0.183105,Sitting
1707241, -0.307495, -0.679077, -0.665894, -0.427246, -3.173828, 0.183105,Sitting
1707261, -0.312988, -0.680420, -0.665039, -0.732422, -2.441407, 0.305176,Sitting
1707281, -0.318359, -0.682007, -0.665894, -1.037598, -1.647949, -0.549316,Sitting
1707301, -0.305298, -0.684692, -0.669190, -1.037598, -1.403808, -0.427246,Sitting
1707321, -0.302490, -0.684570, -0.675537, -1.220704, -1.220704, -0.488281,Sitting
1707341, -0.298950, -0.680908, -0.679444, -1.281738, -1.586914, -0.549316,Sitting
1707361, -0.302124, -0.671631, -0.672852, -1.403808, -2.502442, -0.488281,Sitting
1707381, -0.309448, -0.660400, -0.670654, -1.220704, -3.417968, -0.488281,Sitting
1707401, -0.331543, -0.669434, -0.678589, -0.061035, -3.356933, -0.976562,Sitting
1707421, -0.355835, -0.707398, -0.674805, -0.061035, -1.708984, -2.929687,Sitting
1707441, -0.348389, -0.682251, -0.669678, -0.915527, 0.976562, -1.586914,Sitting
1707461, -0.315064, -0.655640, -0.657837, -1.281738, 0.671386, -0.061035,Sitting
1707481, -0.287720, -0.651001, -0.663208, -1.586914, -1.647949, 1.037598,Sitting
1707501, -0.292358, -0.653442, -0.682984, -1.098633, -0.183105, 1.220704,Sitting
1707521, -0.290039, -0.651489, -0.685059, -0.061035, 0.671386, 1.770019,Sitting
1707541, -0.292114, -0.668091, -0.691650, 1.098633, -0.061035, 0.915527,Sitting
1707561, -0.292480, -0.678467, -0.680908, 0.671386, -4.211426, -0.793457,Sitting
1707581, -0.333618, -0.697632, -0.655029, 0.488281, -7.690428, -1.281738,Sitting
1707601, -0.358398, -0.682739, -0.642090, -1.342773, -4.943848, 0.244141,Sitting
1707621, -0.335571, -0.652832, -0.653564, -1.037598, 0.183105, 1.403808,Sitting
1707641, -0.297608, -0.655884, -0.675781, -0.488281, 0.305176, 0.854492,Sitting
1707661, -0.290405, -0.676270, -0.689575, -0.305176, -4.760742, -0.061035,Sitting
1707681, -0.325928, -0.677734, -0.688843, -0.305176, -7.873534, -0.610352,Sitting
1707701, -0.343994, -0.670044, -0.673096, -0.488281, -3.479003, 1.098633,Sitting
1707721, -0.323730, -0.666016, -0.663696, -0.549316, -1.037598, 0.732422,Sitting
1707741, -0.316162, -0.671631, -0.664062, -0.732422, -1.220704, -0.244141,Sitting
1707761, -0.323486, -0.660278, -0.668823, -1.403808, -1.586914, -0.244141,Sitting
1707781, -0.340942, -0.654785, -0.678101, -0.671386, -2.197266, 0.000000,Sitting
1707801, -0.345337, -0.656982, -0.677612, -0.915527, -2.319336, -0.244141,Sitting
1707821, -0.355835, -0.650879, -0.675781, -0.244141, -2.075196, -0.732422,Sitting
1707841, -0.356201, -0.655884, -0.674194, 0.305176, 0.000000, -0.976562,Sitting
1707861, -0.345337, -0.666504, -0.668213, 0.793457, 2.441407, -0.061035,Sitting
1707881, -0.312256, -0.666016, -0.662720, 0.549316, 3.540038, 0.610352,Sitting
1707901, -0.291382, -0.671753, -0.666504, 1.342773, 2.197266, -0.427246,Sitting
1707921, -0.294312, -0.687378, -0.666992, 0.915527, -1.220704, -0.732422,Sitting
1707941, -0.307251, -0.681763, -0.677734, 0.854492, -1.708984, -0.610352,Sitting
1707961, -0.310181, -0.679444, -0.680176, 0.366211, -1.403808, -0.427246,Sitting
1707981, -0.306030, -0.670776, -0.675537, 0.122070, -2.441407, -0.610352,Sitting
1708001, -0.324219, -0.664307, -0.675049, 0.000000, -3.417968, -1.159668,Sitting
1708021, -0.347656, -0.666748, -0.671509, -0.549316, -2.441407, -0.793457,Sitting
1708041, -0.350830, -0.658814, -0.669190, -0.610352, -1.098633, -0.854492,Sitting
1708061, -0.352173, -0.666260, -0.667969, -0.244141, -0.305176, -1.708984,Sitting
1708081, -0.343140, -0.666382, -0.663696, -0.610352, 0.305176, -1.342773,Sitting
1708101, -0.328613, -0.658325, -0.665039, -0.244141, 1.037598, -1.281738,Sitting
1708121, -0.329224, -0.657104, -0.671509, 0.366211, 2.197266, -1.647949,Sitting
1708141, -0.311890, -0.662110, -0.673096, 0.915527, 2.197266, -1.892090,Sitting
1708161, -0.308472, -0.669068, -0.671143, 0.854492, 1.342773, -1.708984,Sitting
1708181, -0.307861, -0.673706, -0.672119, 0.549316, 0.366211, -1.525878,Sitting
1708201, -0.300049, -0.680542, -0.673706, 0.244141, -0.915527, -1.098633,Sitting
1708221, -0.311157, -0.681641, -0.671997, -0.305176, -2.502442, -0.732422,Sitting
1708241, -0.329468, -0.677612, -0.672974, -0.244141, -2.685546, -0.793457,Sitting
1708261, -0.336792, -0.667114, -0.675171, -0.305176, -0.610352, -0.793457,Sitting
1708281, -0.328247, -0.650024, -0.677002, 0.244141, 2.014160, -0.732422,Sitting
1708301, -0.322510, -0.656250, -0.682739, 1.708984, 2.807617, -1.098633,Sitting
1708321, -0.321045, -0.667114, -0.682129, 2.075196, 2.685546, -1.525878,Sitting
1708341, -0.316162, -0.675171, -0.673096, 2.319336, 2.563476, -1.403808,Sitting
1708361, -0.298218, -0.680542, -0.662232, 1.525878, 2.197266, -0.732422,Sitting
1708381, -0.292603, -0.687866, -0.662354, 0.793457, 1.037598, -0.610352,Sitting
1708401, -0.292725, -0.675904, -0.668335, -0.671386, -0.305176, -0.427246,Sitting
1708421, -0.318726, -0.663940, -0.673950, -0.244141, -1.464844, -0.366211,Sitting
1708441, -0.323242, -0.660767, -0.674927, -0.671386, -2.746581, -1.281738,Sitting
1708461, -0.335816, -0.667725, -0.669068, 0.244141, -2.319336, -0.976562,Sitting
1708481, -0.325684, -0.667236, -0.667114, -1.098633, -0.793457, -0.366211,Sitting
1708501, -0.324829, -0.666138, -0.674072, -0.244141, -0.549316, -1.892090,Sitting
1708521, -0.303589, -0.676392, -0.676392, -0.549316, 0.000000, -1.586914,Sitting
1708541, -0.301758, -0.668701, -0.677612, -0.549316, -0.122070, -0.915527,Sitting
1708561, -0.313110, -0.673828, -0.673828, 0.488281, -0.671386, -1.220704,Sitting
1708581, -0.309814, -0.669556, -0.672730, 0.244141, -2.075196, -0.305176,Sitting
1708601, -0.312866, -0.673584, -0.673218, 0.610352, -2.197266, -0.976562,Sitting
1708621, -0.320190, -0.670532, -0.673462, 0.244141, -1.831054, -0.488281,Sitting
1708641, -0.324097, -0.673584, -0.668091, 0.488281, -1.098633, -0.122070,Sitting
1708661, -0.318115, -0.673584, -0.666016, -0.732422, -0.610352, 0.793457,Sitting
1708681, -0.317261, -0.670166, -0.669312, -0.061035, -1.220704, -1.159668,Sitting
1708701, -0.312622, -0.674561, -0.672486, -0.793457, -1.403808, -1.586914,Sitting
1708721, -0.320435, -0.669556, -0.676758, -0.549316, -0.244141, -1.098633,Sitting
1708741, -0.314697, -0.671631, -0.678101, -0.610352, 1.220704, -0.671386,Sitting
1708761, -0.300415, -0.666138, -0.677368, -0.305176, 1.159668, -0.915527,Sitting
1708781, -0.301636, -0.666748, -0.675659, 0.488281, -0.122070, -1.281738,Sitting
1708801, -0.314941, -0.674561, -0.671875, 1.098633, -0.122070, -1.159668,Sitting
1708821, -0.314453, -0.675293, -0.673218, 1.098633, 0.366211, -0.793457,Sitting
1708841, -0.313721, -0.673950, -0.675659, 1.037598, 0.244141, -0.366211,Sitting
1708861, -0.315064, -0.670776, -0.674561, 1.159668, -0.366211, -0.549316,Sitting
1708881, -0.313477, -0.672852, -0.671143, 0.793457, -0.915527, -0.244141,Sitting
1708901, -0.316284, -0.668091, -0.671509, 0.854492, -0.549316, -0.488281,Sitting
1708921, -0.317871, -0.670044, -0.675537, 0.671386, 0.000000, -0.488281,Sitting
1708941, -0.316284, -0.667114, -0.675781, 0.793457, 0.732422, -0.915527,Sitting
1708961, -0.310425, -0.669556, -0.673828, 0.976562, 0.671386, -1.159668,Sitting
1708981, -0.315796, -0.673828, -0.671265, 1.159668, 0.610352, -1.342773,Sitting
1709001, -0.311646, -0.673340, -0.668457, 1.098633, 0.549316, -1.342773,Sitting
1709021, -0.317993, -0.675293, -0.668701, 1.281738, 1.403808, -1.647949,Sitting
1709041, -0.306763, -0.674072, -0.669678, 1.037598, 1.464844, -1.586914,Sitting
1709061, -0.300171, -0.673340, -0.670898, 0.793457, 0.854492, -1.037598,Sitting
1709081, -0.302856, -0.678955, -0.671753, 0.488281, -0.061035, -0.732422,Sitting
1709101, -0.299805, -0.677979, -0.669190, 0.122070, -0.976562, -1.037598,Sitting
1709121, -0.299927, -0.674805, -0.672241, 0.061035, -1.281738, -0.793457,Sitting
1709141, -0.310059, -0.671753, -0.676270, 0.183105, -0.549316, -0.244141,Sitting
1709161, -0.316284, -0.671509, -0.676514, 0.488281, 0.122070, -2.075196,Sitting
1709181, -0.305054, -0.681641, -0.673706, 0.915527, -0.549316, -2.929687,Sitting
1709201, -0.308838, -0.677246, -0.674805, 0.671386, 0.061035, -2.319336,Sitting
1709221, -0.304688, -0.678955, -0.669922, 1.037598, 1.098633, -1.464844,Sitting
1709241, -0.243286, -0.657471, -0.676026, 8.300784, -4.699708, -5.676268,Sitting
1709261, -0.341187, -0.740479, -0.662232, -4.089356, 1.647949, 13.488768,Sitting
1709281, -0.285278, -0.619873, -0.672119, 1.708984, -0.976562, 3.723144,Sitting
1709301, -0.303589, -0.695190, -0.670898, 0.427246, -2.380371, -5.126952,Sitting
1709321, -0.294190, -0.669434, -0.676636, 0.793457, -1.342773, -3.601074,Sitting
1709341, -0.309448, -0.682495, -0.669434, -0.366211, 0.305176, -2.746581,Sitting
1709361, -0.304077, -0.678223, -0.669190, 0.488281, 0.366211, -1.342773,Sitting
1709381, -0.303955, -0.684570, -0.668457, -0.610352, -0.854492, 1.525878,Sitting
1709401, -0.309570, -0.663818, -0.672974, -0.122070, -2.624511, 0.244141,Sitting
1709421, -0.315064, -0.675781, -0.669434, 0.183105, -2.685546, -1.220704,Sitting
1709441, -0.314941, -0.671875, -0.667847, -0.427246, -0.671386, -0.488281,Sitting
1709461, -0.311157, -0.671997, -0.674072, 0.488281, 0.549316, -1.464844,Sitting
1709481, -0.304321, -0.675904, -0.677246, 0.549316, 0.000000, -0.793457,Sitting
1709501, -0.303711, -0.673218, -0.675049, 0.610352, -0.915527, 0.000000,Sitting
1709521, -0.303711, -0.675659, -0.671997, 0.854492, -1.037598, 0.061035,Sitting
1709541, -0.299316, -0.678955, -0.669556, 0.854492, -0.671386, -0.061035,Sitting
1709561, -0.295776, -0.674805, -0.668335, 0.793457, -0.915527, 0.061035,Sitting
1709581, -0.307373, -0.682007, -0.670288, 1.098633, -1.525878, 0.122070,Sitting
1709601, -0.311524, -0.682129, -0.666870, 0.549316, -1.342773, 0.061035,Sitting
1709621, -0.311035, -0.685303, -0.667603, 0.671386, -0.671386, -0.061035,Sitting
1709641, -0.302490, -0.680176, -0.667725, 0.244141, 0.061035, 0.122070,Sitting
1709661, -0.299072, -0.681274, -0.670776, 0.427246, -0.366211, -0.122070,Sitting
1709681, -0.305054, -0.677368, -0.671021, 0.488281, -1.647949, -0.671386,Sitting
1709701, -0.315064, -0.678345, -0.669556, 0.061035, -1.464844, -0.122070,Sitting
1709721, -0.317139, -0.676026, -0.667603, 0.122070, -0.793457, -0.183105,Sitting
1709741, -0.318359, -0.675415, -0.666870, 0.000000, 0.122070, -0.549316,Sitting
1709761, -0.310791, -0.676880, -0.667847, -0.061035, 0.488281, -0.915527,Sitting
1709781, -0.303833, -0.680786, -0.670654, -0.061035, 0.427246, -0.793457,Sitting
1709801, -0.303711, -0.683838, -0.672119, -0.183105, 0.366211, -0.854492,Sitting
1709821, -0.303711, -0.681519, -0.670288, -0.244141, 0.427246, -0.793457,Sitting
1709841, -0.295776, -0.680664, -0.667480, -0.366211, 0.427246, -0.488281,Sitting
1709861, -0.291382, -0.674927, -0.670410, -0.244141, -0.366211, -0.915527,Sitting
1709881, -0.302246, -0.679932, -0.672608, 0.061035, -0.915527, -1.220704,Sitting
1709901, -0.310791, -0.676758, -0.669922, -0.183105, -0.427246, -0.915527,Sitting
1709921, -0.304443, -0.675659, -0.671143, -0.122070, 0.061035, -0.671386,Sitting
1709941, -0.307617, -0.673706, -0.674072, 0.000000, -0.122070, -0.732422,Sitting
1709961, -0.305542, -0.674561, -0.673462, 0.061035, -0.122070, -0.915527,Sitting
1709981, -0.307739, -0.674927, -0.668945, 0.061035, -0.305176, -0.915527,Sitting
1710001, -0.306152, -0.680664, -0.669800, 0.061035, -0.122070, -0.671386,Sitting
1710021, -0.299561, -0.678467, -0.671265, -0.244141, 0.061035, -0.610352,Sitting
1710041, -0.292236, -0.676392, -0.673950, -0.305176, -0.610352, -0.671386,Sitting
1710061, -0.301270, -0.672852, -0.677979, -0.061035, -1.281738, -0.732422,Sitting
1710081, -0.309326, -0.674927, -0.676758, 0.061035, -0.793457, -0.610352,Sitting
1710101, -0.302612, -0.677368, -0.674805, 0.183105, -0.183105, -0.488281,Sitting
1710121, -0.296021, -0.679810, -0.670532, 0.000000, -0.366211, -0.305176,Sitting
1710141, -0.302368, -0.672608, -0.674072, 0.488281, -0.976562, -0.976562,Sitting
1710161, -0.304443, -0.680054, -0.668823, 0.427246, -0.671386, -0.793457,Sitting
1710181, -0.306030, -0.681274, -0.668091, 0.305176, -0.427246, -0.366211,Sitting
1710201, -0.300171, -0.683106, -0.667358, -0.061035, -0.122070, -0.488281,Sitting
1710221, -0.296387, -0.676270, -0.674072, -0.183105, -0.549316, -0.610352,Sitting
1710241, -0.298706, -0.675415, -0.675904, -0.061035, -1.342773, -0.732422,Sitting
1710261, -0.303589, -0.673462, -0.670898, -0.122070, -1.525878, -0.244141,Sitting
1710281, -0.303345, -0.676758, -0.670898, 0.000000, -1.342773, -0.427246,Sitting
1710301, -0.298828, -0.679688, -0.671387, -0.366211, -1.159668, -0.549316,Sitting
1710321, -0.307007, -0.675171, -0.678589, -0.061035, -1.464844, -0.549316,Sitting
1710341, -0.309570, -0.674072, -0.671753, -0.061035, -0.915527, -0.549316,Sitting
1710361, -0.305542, -0.676270, -0.670166, 0.061035, -0.488281, -0.244141,Sitting
1710381, -0.293701, -0.674683, -0.671997, -0.061035, -0.732422, -0.549316,Sitting
1710402, -0.301758, -0.674194, -0.676270, 0.000000, -1.037598, -0.549316,Sitting
1710422, -0.306030, -0.673218, -0.677979, 0.732422, -1.342773, -0.976562,Sitting
1710442, -0.313599, -0.679077, -0.671753, 0.488281, -0.854492, -0.488281,Sitting
1710462, -0.304810, -0.680542, -0.668091, 0.549316, -0.244141, 0.061035,Sitting
1710482, -0.296997, -0.678223, -0.670410, 0.366211, -0.366211, 0.000000,Sitting
1710502, -0.295410, -0.674805, -0.674194, 0.244141, -0.915527, -0.244141,Sitting
1710522, -0.307983, -0.677002, -0.673828, 0.366211, -1.098633, -0.549316,Sitting
1710542, -0.303589, -0.683960, -0.671143, 0.183105, 0.366211, -0.061035,Sitting
1710562, -0.285278, -0.675293, -0.675415, -0.183105, 0.061035, -0.549316,Sitting
1710582, -0.285034, -0.677490, -0.672486, -0.122070, -1.708984, -1.037598,Sitting
1710602, -0.303833, -0.677979, -0.668457, -0.427246, -3.051757, -1.098633,Sitting
1710622, -0.311524, -0.683472, -0.667725, -0.610352, -2.624511, -0.854492,Sitting
1710642, -0.306396, -0.677002, -0.669800, -0.976562, -1.953124, -0.549316,Sitting
1710662, -0.307129, -0.670166, -0.674805, -0.793457, -1.892090, -0.671386,Sitting
1710682, -0.319092, -0.666260, -0.678589, -0.366211, -1.831054, -0.976562,Sitting
1710702, -0.314697, -0.668701, -0.676392, 0.000000, -1.831054, -0.610352,Sitting
1710722, -0.308960, -0.665894, -0.671631, 0.305176, -1.708984, -0.427246,Sitting
1710742, -0.310669, -0.672119, -0.670898, 0.244141, -0.122070, -0.183105,Sitting
1710762, -0.307129, -0.673462, -0.671875, 0.732422, -0.183105, -0.976562,Sitting
1710782, -0.306030, -0.679688, -0.674316, 0.610352, -1.281738, -0.671386,Sitting
1710802, -0.309570, -0.678589, -0.671875, 0.854492, -1.037598, 0.183105,Sitting
1710822, -0.302612, -0.676026, -0.672974, 1.037598, -0.427246, 0.305176,Sitting
1710842, -0.308228, -0.680786, -0.671509, 1.220704, 0.000000, -0.122070,Sitting
1710862, -0.301025, -0.678589, -0.670166, 1.098633, 0.244141, -0.488281,Sitting
1710882, -0.295532, -0.679444, -0.671753, 1.220704, 0.305176, -0.732422,Sitting
1710902, -0.296021, -0.683106, -0.673828, 0.976562, -0.183105, -0.488281,Sitting
1710922, -0.307983, -0.681274, -0.671509, 0.854492, -0.183105, -0.488281,Sitting
1710942, -0.307861, -0.684692, -0.666382, 0.610352, 0.366211, -0.976562,Sitting
1710962, -0.301514, -0.683228, -0.668091, 0.183105, 0.854492, -0.976562,Sitting
1710982, -0.297852, -0.678345, -0.668457, -0.244141, 0.610352, -1.159668,Sitting
1711002, -0.304199, -0.677124, -0.670288, -0.061035, 0.000000, -1.342773,Sitting
1711022, -0.303467, -0.679688, -0.669434, -0.244141, -0.122070, -1.281738,Sitting
1711042, -0.296387, -0.681763, -0.667603, -0.305176, -0.427246, -0.976562,Sitting
1711062, -0.294556, -0.679810, -0.672730, -0.488281, -1.281738, -0.793457,Sitting
1711082, -0.306030, -0.673462, -0.675781, -0.427246, -2.075196, -0.976562,Sitting
1711102, -0.318848, -0.672486, -0.673584, -0.122070, -1.770019, -0.915527,Sitting
1711122, -0.317993, -0.671143, -0.671143, 0.061035, -0.427246, -0.305176,Sitting
1711142, -0.312866, -0.671387, -0.668091, -0.183105, 0.732422, 0.305176,Sitting
1711162, -0.291016, -0.666626, -0.674561, 0.427246, 0.549316, -0.854492,Sitting
1711182, -0.300537, -0.675293, -0.683472, 0.854492, 0.366211, -0.244141,Sitting
1711202, -0.296265, -0.674927, -0.673828, 0.854492, -0.488281, -0.549316,Sitting
1711222, -0.297485, -0.682739, -0.665528, 0.549316, -0.732422, -0.244141,Sitting
1711242, -0.290283, -0.685547, -0.666992, 0.488281, -0.549316, -0.244141,Sitting
1711262, -0.291260, -0.691284, -0.672852, 0.244141, -0.854492, -0.427246,Sitting
1711282, -0.296631, -0.685547, -0.670410, -0.122070, -1.098633, -0.427246,Sitting
1711302, -0.301880, -0.682739, -0.676392, -0.244141, -0.488281, -0.549316,Sitting
1711322, -0.290649, -0.679810, -0.671143, -0.366211, -0.488281, -0.610352,Sitting
1711342, -0.296143, -0.676880, -0.672363, -0.610352, -0.976562, -0.915527,Sitting
1711362, -0.306274, -0.676636, -0.671997, -0.671386, -1.403808, -1.647949,Sitting
1711382, -0.309937, -0.680908, -0.666870, -0.732422, -1.159668, -1.647949,Sitting
1711402, -0.297730, -0.682984, -0.662964, -1.342773, -0.610352, -1.342773,Sitting
1711422, -0.299927, -0.675171, -0.676026, -1.159668, -1.464844, -1.098633,Sitting
1711442, -0.301514, -0.670532, -0.678101, -0.854492, -1.586914, -1.098633,Sitting
1711462, -0.309082, -0.668091, -0.679077, 0.000000, -0.976562, -0.549316,Sitting
1711482, -0.304566, -0.669800, -0.675781, 0.183105, -0.976562, -0.427246,Sitting
1711502, -0.296875, -0.669068, -0.671997, 0.305176, -1.647949, -0.305176,Sitting
1711522, -0.308472, -0.667480, -0.680054, 1.098633, -2.136231, -0.427246,Sitting
1711542, -0.314453, -0.677124, -0.677124, 1.159668, -0.915527, 0.122070,Sitting
1711562, -0.314941, -0.679566, -0.673096, 1.098633, 0.305176, 0.610352,Sitting
1711582, -0.302368, -0.677490, -0.672363, 1.098633, 0.366211, 0.000000,Sitting
1711602, -0.295776, -0.676880, -0.671387, 0.732422, -0.305176, 0.061035,Sitting
1711622, -0.302734, -0.675904, -0.670288, 0.915527, -0.366211, 0.000000,Sitting
1711642, -0.297974, -0.679077, -0.673340, 0.671386, 1.037598, -0.122070,Sitting
1711662, -0.292114, -0.676026, -0.672974, 0.366211, 0.610352, -0.244141,Sitting
1711682, -0.286865, -0.676026, -0.669312, 0.244141, -0.854492, -0.061035,Sitting
1711702, -0.288818, -0.678223, -0.671631, 0.305176, -2.075196, 0.427246,Sitting
1711722, -0.297363, -0.684082, -0.673096, 0.244141, -2.624511, -0.061035,Sitting
1711742, -0.316040, -0.679444, -0.678467, 0.366211, -1.831054, 0.061035,Sitting
1711762, -0.322754, -0.674194, -0.675293, 0.549316, -0.488281, -0.244141,Sitting
1711782, -0.309937, -0.672730, -0.668213, 0.610352, 0.610352, -0.305176,Sitting
1711802, -0.301148, -0.681396, -0.669190, 0.854492, 0.244141, -0.549316,Sitting
1711822, -0.294067, -0.680298, -0.666748, 0.427246, -0.488281, -0.366211,Sitting
1711842, -0.302734, -0.678589, -0.671265, 0.549316, -1.220704, -0.244141,Sitting
1711862, -0.303223, -0.689087, -0.668335, 0.488281, -0.793457, -0.305176,Sitting
1711882, -0.297485, -0.687500, -0.669800, 0.122070, -0.366211, -0.427246,Sitting
1711902, -0.302368, -0.677124, -0.677368, 0.427246, -0.366211, -0.305176,Sitting
1711922, -0.298218, -0.672730, -0.677002, 0.305176, 0.000000, -0.549316,Sitting
1711942, -0.306763, -0.671265, -0.672608, 0.793457, -0.183105, -0.732422,Sitting
1711962, -0.302368, -0.678833, -0.665405, 0.549316, 0.061035, -0.854492,Sitting
1711982, -0.297852, -0.680176, -0.665161, 0.000000, 0.244141, -0.854492,Sitting
1712002, -0.303833, -0.682129, -0.673340, -0.061035, 0.183105, -0.854492,Sitting
1712022, -0.304566, -0.681030, -0.671997, -0.427246, 0.122070, -0.610352,Sitting
1712042, -0.297363, -0.675659, -0.671265, -0.549316, -0.061035, -0.427246,Sitting
1712062, -0.294800, -0.677124, -0.672119, -0.183105, -0.427246, -0.549316,Sitting
1712082, -0.296875, -0.680664, -0.672730, -0.183105, -0.671386, -0.671386,Sitting
1712102, -0.297241, -0.679932, -0.671021, -0.244141, -0.915527, -0.488281,Sitting
1712122, -0.291016, -0.674927, -0.671021, -0.488281, -1.586914, -0.244141,Sitting
1712142, -0.301636, -0.673828, -0.676758, -0.305176, -2.258301, -0.183105,Sitting
1712162, -0.307983, -0.675537, -0.674927, -0.427246, -1.892090, -0.183105,Sitting
1712182, -0.309082, -0.674194, -0.674194, -0.305176, -1.342773, -0.366211,Sitting
1712202, -0.305786, -0.678833, -0.672241, -0.488281, -0.854492, -0.366211,Sitting
1712222, -0.297241, -0.673828, -0.671021, -0.610352, -0.976562, -0.305176,Sitting
1712242, -0.298828, -0.676148, -0.674316, -0.244141, -1.342773, -0.427246,Sitting
1712262, -0.300781, -0.680542, -0.674561, -0.122070, -1.220704, -0.610352,Sitting
1712282, -0.300903, -0.679321, -0.674316, -0.549316, -0.976562, -0.305176,Sitting
1712302, -0.301514, -0.674194, -0.675415, -0.183105, -1.098633, 0.061035,Sitting
1712322, -0.297485, -0.673462, -0.670410, -0.244141, -1.403808, -0.061035,Sitting
1712342, -0.300171, -0.673706, -0.667358, -0.244141, -1.770019, -0.244141,Sitting
1712362, -0.304321, -0.672974, -0.671387, -0.305176, -1.464844, -0.305176,Sitting
1712382, -0.310913, -0.673218, -0.677612, 0.000000, -1.098633, -0.366211,Sitting
1712402, -0.306641, -0.675415, -0.676026, -0.122070, -0.976562, -0.061035,Sitting
1712422, -0.306030, -0.675415, -0.675904, 0.122070, -1.403808, -0.183105,Sitting
1712442, -0.307983, -0.675904, -0.673218, 0.061035, -1.037598, -0.183105,Sitting
1712462, -0.310547, -0.672363, -0.672852, 0.183105, -0.671386, -0.427246,Sitting
1712482, -0.307129, -0.671997, -0.674072, 0.244141, -0.244141, -0.793457,Sitting
1712502, -0.297730, -0.675781, -0.670044, 0.061035, -0.488281, -0.549316,Sitting
1712522, -0.292969, -0.675537, -0.669312, 0.122070, -1.770019, -0.854492,Sitting
1712542, -0.307129, -0.679199, -0.675781, -0.183105, -1.281738, -0.671386,Sitting
1712562, -0.299561, -0.678223, -0.672363, -0.305176, -0.854492, -0.244141,Sitting
1712582, -0.295166, -0.678833, -0.675049, -0.183105, -1.098633, -0.183105,Sitting
1712602, -0.293091, -0.677368, -0.676758, -0.366211, -1.831054, -0.366211,Sitting
1712622, -0.302002, -0.671265, -0.677368, -0.244141, -2.563476, -0.427246,Sitting
1712642, -0.315918, -0.668823, -0.674805, -0.122070, -2.319336, -0.122070,Sitting
1712662, -0.316406, -0.671753, -0.671997, -0.122070, -1.525878, -0.366211,Sitting
1712682, -0.310425, -0.673950, -0.670776, -0.183105, -1.037598, -0.244141,Sitting
1712702, -0.313232, -0.673584, -0.671143, -0.183105, -1.159668, -0.244141,Sitting
1712722, -0.316895, -0.673340, -0.672119, 0.000000, -0.793457, -0.427246,Sitting
1712742, -0.310181, -0.677856, -0.672119, 0.183105, 0.305176, -0.183105,Sitting
1712762, -0.296509, -0.671021, -0.677734, 0.549316, 0.000000, -0.549316,Sitting
1712782, -0.304321, -0.674194, -0.679444, 0.793457, -0.122070, -0.976562,Sitting
1712802, -0.305664, -0.673950, -0.675293, 1.037598, -0.366211, -1.037598,Sitting
1712822, -0.311035, -0.677246, -0.670532, 0.854492, -0.183105, -0.793457,Sitting
1712842, -0.311035, -0.673950, -0.667969, 0.488281, 0.244141, -0.610352,Sitting
1712862, -0.309204, -0.674927, -0.668579, 0.244141, 0.427246, -0.854492,Sitting
1712882, -0.303345, -0.680054, -0.668945, 0.122070, 0.366211, -0.732422,Sitting
1712902, -0.294067, -0.679932, -0.672486, -0.366211, -0.122070, -0.549316,Sitting
1712922, -0.290161, -0.674072, -0.678467, -0.488281, -1.220704, -0.427246,Sitting
1712942, -0.306152, -0.672241, -0.681396, -0.061035, -2.014160, -0.610352,Sitting
1712962, -0.313599, -0.673706, -0.675415, 0.000000, -0.854492, -0.732422,Sitting
1712982, -0.305176, -0.673584, -0.672119, 0.122070, -0.061035, -0.793457,Sitting
1713002, -0.302979, -0.674805, -0.672730, 0.061035, -0.305176, -0.549316,Sitting
1713022, -0.303345, -0.671265, -0.673828, -0.061035, -0.976562, -0.732422,Sitting
1713042, -0.313965, -0.674194, -0.674316, 0.244141, -0.854492, -0.793457,Sitting
1713062, -0.308594, -0.675049, -0.673584, 0.305176, 0.183105, -0.427246,Sitting
1713082, -0.301758, -0.676270, -0.673828, 0.305176, 0.854492, -0.549316,Sitting
1713102, -0.291138, -0.674194, -0.674316, 0.366211, 0.366211, -0.610352,Sitting
1713122, -0.295532, -0.673218, -0.677612, 0.732422, -0.732422, -0.732422,Sitting
1713142, -0.303345, -0.677002, -0.675171, 0.793457, -0.915527, -0.610352,Sitting
1713162, -0.305054, -0.675049, -0.673218, 0.610352, -0.610352, -0.366211,Sitting
1713182, -0.310181, -0.676026, -0.673462, 0.671386, -0.366211, -0.427246,Sitting
1713202, -0.303467, -0.673096, -0.672974, 0.366211, -0.244141, -0.366211,Sitting
1713222, -0.301148, -0.674072, -0.670288, 0.549316, -1.037598, -0.427246,Sitting
1713242, -0.307373, -0.681519, -0.670044, 0.366211, -1.037598, -0.488281,Sitting
1713262, -0.309692, -0.680176, -0.673462, 0.000000, 0.183105, -0.366211,Sitting
1713282, -0.293945, -0.675171, -0.677246, 0.061035, 0.244141, -0.732422,Sitting
1713302, -0.291748, -0.674438, -0.677856, 0.183105, -0.915527, -0.793457,Sitting
1713322, -0.296143, -0.676636, -0.673096, 0.122070, -1.586914, -0.732422,Sitting
1713342, -0.304199, -0.676514, -0.671753, 0.122070, -1.281738, -0.610352,Sitting
1713362, -0.302612, -0.670044, -0.672852, -0.122070, -0.854492, -0.549316,Sitting
1713382, -0.312378, -0.672241, -0.675415, 0.366211, -0.915527, -0.854492,Sitting
1713402, -0.313355, -0.676514, -0.670654, 0.183105, -0.732422, -0.854492,Sitting
1713422, -0.302856, -0.679566, -0.667480, -0.122070, -0.305176, 0.061035,Sitting
1713442, -0.295166, -0.675659, -0.673828, -0.244141, -0.732422, 0.244141,Sitting
1713462, -0.302124, -0.672241, -0.678589, 0.000000, -1.647949, -0.244141,Sitting
1713482, -0.311401, -0.672730, -0.676270, 0.305176, -1.403808, -0.671386,Sitting
1713502, -0.305420, -0.676514, -0.673218, 0.427246, -0.427246, -0.488281,Sitting
1713522, -0.295166, -0.677490, -0.670776, 0.183105, -0.061035, -0.122070,Sitting
1713542, -0.291626, -0.677246, -0.672974, 0.183105, -0.671386, -0.305176,Sitting
1713562, -0.302002, -0.677856, -0.675659, 0.061035, -1.403808, -0.671386,Sitting
1713582, -0.305420, -0.678101, -0.674194, -0.122070, -1.281738, -0.488281,Sitting
1713602, -0.305298, -0.675049, -0.673462, -0.122070, -0.671386, -0.366211,Sitting
1713622, -0.299561, -0.677246, -0.671265, -0.305176, -0.732422, -0.366211,Sitting
1713642, -0.305664, -0.672974, -0.676148, -0.061035, -1.525878, -0.976562,Sitting
1713662, -0.313110, -0.677612, -0.673950, -0.305176, -1.220704, -0.793457,Sitting
1713682, -0.309326, -0.676270, -0.669556, -0.488281, -0.854492, -0.366211,Sitting
1713702, -0.301514, -0.672730, -0.671143, -0.610352, -1.037598, -0.122070,Sitting
1713722, -0.300415, -0.667358, -0.676270, -0.366211, -1.586914, -0.244141,Sitting
1713742, -0.309692, -0.670410, -0.679077, 0.122070, -1.892090, -0.549316,Sitting
1713762, -0.313965, -0.671021, -0.677368, 0.244141, -1.464844, -0.366211,Sitting
1713782, -0.314453, -0.672119, -0.674927, 0.610352, -0.122070, -0.610352,Sitting
1713802, -0.300781, -0.676270, -0.672852, 0.549316, 0.244141, -0.671386,Sitting
1713822, -0.298218, -0.678711, -0.671509, 0.427246, -0.427246, -0.549316,Sitting
1713842, -0.299927, -0.678345, -0.671997, 0.305176, -0.915527, -0.549316,Sitting
1713862, -0.302856, -0.676758, -0.674194, -0.061035, -0.610352, -0.366211,Sitting
1713882, -0.300903, -0.673096, -0.675293, 0.000000, -0.488281, -0.671386,Sitting
1713902, -0.301270, -0.675537, -0.675293, 0.183105, -0.976562, -0.976562,Sitting
1713922, -0.309937, -0.674194, -0.673096, 0.183105, -0.976562, -0.854492,Sitting
1713942, -0.308472, -0.675904, -0.671997, 0.122070, -0.488281, -0.610352,Sitting
1713962, -0.305664, -0.673950, -0.671753, -0.122070, -0.427246, -0.244141,Sitting
1713982, -0.305420, -0.671997, -0.676880, 0.061035, -0.244141, -0.610352,Sitting
1714002, -0.299438, -0.674072, -0.674194, -0.061035, -1.220704, -0.427246,Sitting
1714022, -0.307739, -0.669800, -0.674072, 0.122070, -1.464844, -0.427246,Sitting
1714042, -0.311401, -0.677246, -0.674561, 0.427246, -0.915527, -0.671386,Sitting
1714062, -0.306152, -0.676026, -0.674561, 0.000000, -0.122070, -0.305176,Sitting
1714082, -0.294922, -0.676636, -0.672852, 0.122070, -1.098633, -0.427246,Sitting
1714102, -0.300903, -0.674194, -0.673218, -0.061035, -1.037598, -0.183105,Sitting
1714122, -0.301514, -0.672119, -0.676392, 0.305176, -1.159668, -0.488281,Sitting
1714142, -0.306641, -0.676148, -0.676270, 0.183105, -1.159668, -0.305176,Sitting
1714162, -0.309204, -0.674683, -0.672363, 0.183105, -1.037598, -0.610352,Sitting
1714182, -0.307739, -0.679444, -0.667969, 0.000000, -0.732422, -0.488281,Sitting
1714202, -0.300537, -0.677979, -0.670776, -0.305176, -0.671386, -0.305176,Sitting
1714222, -0.306030, -0.678467, -0.675904, -0.366211, -0.732422, -0.427246,Sitting
1714242, -0.306152, -0.673218, -0.676880, -0.305176, -0.793457, -0.671386,Sitting
1714262, -0.307739, -0.673096, -0.676514, -0.061035, -0.854492, -0.610352,Sitting
1714282, -0.302124, -0.671143, -0.674194, -0.061035, -0.671386, -0.427246,Sitting
1714302, -0.305542, -0.670532, -0.673462, 0.122070, -1.220704, -0.488281,Sitting
1714322, -0.308472, -0.673218, -0.672852, 0.000000, -1.220704, -0.366211,Sitting
1714342, -0.312256, -0.671875, -0.675659, 0.244141, -0.854492, -0.549316,Sitting
1714362, -0.307861, -0.673706, -0.674805, 0.000000, -0.305176, -0.305176,Sitting
1714382, -0.303345, -0.672974, -0.672974, 0.183105, -0.671386, -0.244141,Sitting
1714402, -0.299072, -0.675171, -0.672363, 0.000000, -1.220704, -0.488281,Sitting
1714422, -0.304443, -0.673706, -0.675293, 0.000000, -1.037598, -0.549316,Sitting
1714442, -0.305664, -0.674805, -0.675659, 0.061035, -0.854492, -0.427246,Sitting
1714462, -0.305176, -0.674072, -0.674683, 0.122070, -0.488281, -0.427246,Sitting
1714482, -0.298828, -0.674561, -0.676514, 0.122070, -0.488281, -0.671386,Sitting
1714502, -0.303223, -0.675293, -0.678101, 0.061035, -1.037598, -0.732422,Sitting
1714522, -0.308594, -0.672608, -0.672852, 0.061035, -1.281738, -0.366211,Sitting
1714542, -0.310791, -0.672241, -0.672486, 0.061035, -1.037598, -0.305176,Sitting
1714562, -0.307861, -0.671021, -0.670898, 0.122070, -0.671386, -0.488281,Sitting
1714582, -0.306030, -0.671875, -0.676758, 0.000000, -0.244141, -0.610352,Sitting
1714602, -0.307617, -0.675537, -0.674927, 0.366211, -0.610352, -0.671386,Sitting
1714622, -0.304199, -0.675781, -0.673340, -0.061035, -1.098633, -0.427246,Sitting
1714642, -0.303711, -0.672241, -0.672974, -0.122070, -1.098633, -0.183105,Sitting
1714662, -0.303589, -0.668701, -0.675171, 0.061035, -1.281738, -0.122070,Sitting
1714682, -0.309448, -0.670654, -0.677124, 0.244141, -1.342773, -0.549316,Sitting
1714702, -0.312134, -0.675171, -0.674683, 0.366211, -1.220704, -0.671386,Sitting
1714722, -0.311768, -0.677368, -0.672730, 0.244141, -0.488281, -0.366211,Sitting
1714742, -0.301025, -0.672730, -0.672363, 0.000000, -0.610352, -0.061035,Sitting
1714762, -0.301758, -0.671265, -0.676880, 0.305176, -1.159668, -0.427246,Sitting
1714782, -0.304932, -0.674927, -0.673584, 0.122070, -1.220704, -0.732422,Sitting
1714802, -0.305786, -0.676392, -0.673096, -0.061035, -0.915527, -0.549316,Sitting
1714822, -0.305542, -0.672974, -0.675904, 0.061035, -0.732422, -0.427246,Sitting
1714842, -0.306274, -0.672119, -0.676514, 0.061035, -0.549316, -0.549316,Sitting
1714862, -0.303955, -0.671997, -0.676880, 0.366211, -0.793457, -0.671386,Sitting
1714882, -0.306396, -0.677490, -0.673096, 0.366211, -0.915527, -0.488281,Sitting
1714902, -0.310791, -0.678345, -0.670654, 0.305176, -0.915527, -0.488281,Sitting
1714922, -0.309326, -0.672119, -0.671631, -0.122070, -0.488281, -0.427246,Sitting
1714942, -0.306641, -0.667236, -0.673706, -0.122070, -0.488281, -0.671386,Sitting
1714962, -0.311401, -0.669312, -0.678345, 0.183105, -1.464844, -0.671386,Sitting
1714982, -0.314453, -0.671509, -0.675537, 0.305176, -0.732422, -0.854492,Sitting
1715002, -0.310547, -0.673584, -0.672974, 0.427246, -0.183105, -0.610352,Sitting
1715022, -0.305786, -0.675537, -0.673340, 0.244141, -0.122070, -0.183105,Sitting
1715042, -0.304199, -0.677490, -0.672119, 0.244141, -0.366211, -0.427246,Sitting
1715062, -0.300537, -0.675781, -0.669678, 0.061035, -0.732422, -0.488281,Sitting
1715082, -0.306641, -0.674683, -0.672730, 0.183105, -0.671386, -0.488281,Sitting
1715102, -0.307983, -0.675904, -0.675171, 0.061035, -0.122070, -0.488281,Sitting
1715122, -0.298462, -0.675537, -0.673706, -0.061035, -0.061035, -0.488281,Sitting
1715142, -0.298096, -0.675781, -0.674683, 0.183105, -0.793457, -0.793457,Sitting
1715162, -0.303101, -0.677368, -0.675415, -0.061035, -1.037598, -0.671386,Sitting
1715182, -0.310913, -0.668823, -0.675171, 0.000000, -0.732422, -0.488281,Sitting
1715202, -0.310181, -0.671875, -0.673340, 0.122070, -0.610352, -0.488281,Sitting
1715222, -0.308228, -0.673584, -0.674927, 0.000000, -0.427246, -0.671386,Sitting
1715242, -0.308594, -0.673340, -0.675171, -0.122070, -0.244141, -0.854492,Sitting
1715262, -0.307983, -0.667969, -0.677979, -0.122070, -0.427246, -0.488281,Sitting
1715282, -0.304443, -0.667236, -0.677246, 0.183105, -0.732422, -0.671386,Sitting
1715302, -0.308106, -0.669312, -0.674683, 0.549316, -0.976562, -0.793457,Sitting
1715322, -0.310425, -0.673462, -0.672730, 0.549316, -0.732422, -0.549316,Sitting
1715342, -0.316650, -0.671387, -0.671997, 0.427246, 0.427246, -0.732422,Sitting
1715362, -0.293701, -0.677124, -0.673828, 0.488281, -0.427246, -0.732422,Sitting
1715382, -0.302002, -0.676514, -0.675171, 0.061035, -0.610352, -0.183105,Sitting
1715402, -0.298096, -0.678345, -0.676148, 0.183105, -1.220704, -0.793457,Sitting
1715422, -0.312622, -0.671875, -0.677002, 0.183105, -1.159668, -0.488281,Sitting
1715442, -0.304566, -0.676514, -0.674316, 0.183105, -0.549316, -0.488281,Sitting
1715462, -0.303833, -0.674561, -0.673950, 0.000000, 0.427246, -0.549316,Sitting
1715482, -0.299683, -0.676880, -0.675049, 0.061035, -0.183105, -1.037598,Sitting
1715502, -0.305786, -0.673096, -0.676514, -0.061035, -1.220704, -0.793457,Sitting
1715522, -0.305908, -0.672363, -0.674438, -0.183105, -1.525878, -0.305176,Sitting
1715542, -0.312500, -0.671265, -0.672241, -0.122070, -0.427246, -0.183105,Sitting
1715562, -0.305176, -0.670776, -0.674438, 0.000000, -0.183105, -0.976562,Sitting
1715582, -0.303467, -0.673828, -0.677490, 0.244141, -0.854492, -0.793457,Sitting
1715602, -0.310791, -0.670898, -0.676758, 0.122070, -0.671386, -0.488281,Sitting
1715622, -0.303101, -0.675781, -0.669922, 0.366211, -0.427246, -0.549316,Sitting
1715642, -0.296631, -0.675659, -0.672730, 0.183105, -0.732422, -0.305176,Sitting
1715662, -0.304810, -0.674194, -0.678345, 0.305176, -0.488281, -0.244141,Sitting
1715682, -0.306885, -0.671387, -0.678589, 0.366211, -0.427246, -0.488281,Sitting
1715702, -0.305908, -0.675049, -0.676270, 0.305176, -0.244141, -0.488281,Sitting
1715722, -0.298706, -0.676514, -0.676514, 0.427246, -0.610352, -0.549316,Sitting
1715742, -0.299072, -0.681274, -0.671875, 0.183105, -1.159668, -0.671386,Sitting
1715762, -0.302612, -0.687500, -0.665039, -0.549316, -1.586914, -0.793457,Sitting
1715782, -0.293335, -0.679199, -0.667725, -1.464844, -1.220704, -0.366211,Sitting
1715802, -0.290039, -0.667114, -0.676392, -1.770019, -1.403808, -0.244141,Sitting
1715822, -0.301270, -0.668823, -0.678955, -1.525878, -2.624511, -0.793457,Sitting
1715842, -0.314575, -0.665894, -0.677124, -0.976562, -3.112792, -0.061035,Sitting
1715862, -0.313232, -0.665772, -0.682495, -0.549316, -1.831054, 0.549316,Sitting
1715882, -0.310303, -0.656372, -0.690796, 0.488281, -1.281738, 0.488281,Sitting
1715902, -0.329102, -0.666626, -0.681885, 1.281738, -1.403808, -0.610352,Sitting
1715922, -0.330078, -0.670166, -0.670166, 1.220704, -0.549316, -0.183105,Sitting
1715942, -0.320435, -0.671875, -0.662110, 0.488281, 0.793457, 0.549316,Sitting
1715962, -0.300659, -0.671387, -0.667603, 0.122070, 0.915527, 0.915527,Sitting
1715982, -0.289185, -0.669312, -0.678711, -0.061035, -0.366211, 0.671386,Sitting
1716002, -0.297363, -0.670532, -0.685547, 0.427246, -2.075196, 0.122070,Sitting
1716022, -0.306519, -0.675781, -0.679444, 0.366211, -2.380371, 0.244141,Sitting
1716042, -0.311157, -0.674805, -0.679199, 0.732422, -1.586914, 0.427246,Sitting
1716062, -0.300903, -0.677612, -0.672608, 0.549316, -0.732422, 0.061035,Sitting
1716082, -0.300049, -0.672608, -0.668091, 0.244141, -1.586914, -0.427246,Sitting
1716102, -0.312622, -0.672974, -0.670654, 0.122070, -1.831054, -0.732422,Sitting
1716122, -0.314087, -0.668335, -0.674683, -0.549316, -1.281738, -0.122070,Sitting
1716142, -0.309692, -0.665405, -0.676514, -0.549316, -1.342773, -0.244141,Sitting
1716162, -0.314575, -0.671143, -0.674561, -0.671386, -1.586914, -0.854492,Sitting
1716182, -0.320435, -0.675049, -0.674072, -1.098633, -1.220704, -0.915527,Sitting
1716202, -0.311768, -0.676514, -0.670410, -1.281738, -0.854492, -0.549316,Sitting
1716222, -0.304566, -0.673462, -0.672974, -1.525878, -1.770019, -0.732422,Sitting
1716242, -0.308594, -0.670410, -0.674438, -1.403808, -2.502442, -0.427246,Sitting
1716262, -0.308228, -0.664185, -0.676880, -1.403808, -3.173828, -0.366211,Sitting
1716282, -0.315918, -0.667603, -0.681641, -0.610352, -3.967285, -0.671386,Sitting
1716302, -0.322998, -0.666138, -0.678223, -0.549316, -2.929687, -0.732422,Sitting
1716322, -0.325195, -0.669556, -0.674438, -0.305176, -1.464844, -0.305176,Sitting
1716342, -0.318482, -0.671753, -0.670166, -0.549316, -0.183105, -0.244141,Sitting
1716362, -0.305176, -0.668335, -0.672608, -0.488281, 0.244141, -0.671386,Sitting
1716382, -0.304443, -0.668945, -0.682739, -0.244141, -0.183105, -0.183105,Sitting
1716402, -0.308594, -0.668213, -0.686157, 0.366211, -0.122070, -0.183105,Sitting
1716422, -0.306274, -0.665772, -0.681519, 0.488281, -0.305176, -0.305176,Sitting
1716442, -0.307739, -0.662110, -0.676514, 0.976562, -0.915527, -0.183105,Sitting
1716462, -0.314453, -0.660767, -0.673340, 0.976562, -0.915527, -0.122070,Sitting
1716482, -0.317139, -0.661743, -0.676392, 1.098633, -0.549316, -0.183105,Sitting
1716502, -0.314331, -0.672119, -0.674561, 0.915527, -0.915527, -0.183105,Sitting
1716522, -0.323486, -0.671631, -0.673950, 0.671386, -1.159668, 0.366211,Sitting
1716542, -0.319214, -0.670166, -0.670776, 0.427246, -1.159668, 0.366211,Sitting
1716562, -0.319214, -0.667603, -0.676880, 0.610352, -0.671386, 0.549316,Sitting
1716582, -0.304077, -0.665283, -0.681030, 1.220704, -0.244141, 0.061035,Sitting
1716602, -0.309326, -0.673828, -0.682007, 1.831054, -0.549316, -0.366211,Sitting
1716622, -0.319458, -0.679444, -0.672608, 1.831054, -0.061035, -0.061035,Sitting
1716642, -0.323486, -0.675293, -0.672119, 1.892090, 1.892090, 0.366211,Sitting
1716662, -0.299683, -0.668579, -0.674194, 1.770019, 2.990722, 0.854492,Sitting
1716682, -0.292480, -0.666382, -0.677979, 2.075196, 1.037598, 0.427246,Sitting
1716702, -0.309570, -0.669434, -0.672852, 1.708984, -1.220704, -0.427246,Sitting
1716722, -0.333130, -0.672241, -0.668091, 1.464844, -0.427246, -0.488281,Sitting
1716742, -0.326294, -0.685181, -0.666870, 0.915527, 1.281738, -0.244141,Sitting
1716762, -0.308228, -0.675781, -0.670288, 0.244141, 1.525878, 0.366211,Sitting
1716782, -0.292114, -0.660767, -0.677002, -0.366211, -1.281738, -0.610352,Sitting
1716802, -0.318726, -0.658570, -0.677124, 0.000000, -3.662109, -1.037598,Sitting
1716822, -0.332764, -0.667603, -0.666504, -0.061035, -3.723144, -0.671386,Sitting
1716842, -0.334351, -0.668579, -0.660767, -0.244141, -1.159668, -0.061035,Sitting
1716862, -0.309326, -0.674316, -0.668823, -0.427246, 0.671386, 0.000000,Sitting
1716882, -0.294312, -0.670044, -0.684204, -0.366211, 0.000000, -0.488281,Sitting
1716902, -0.305054, -0.673340, -0.681396, 0.000000, -2.136231, -0.976562,Sitting
1716922, -0.316772, -0.678589, -0.673462, 0.244141, -2.380371, -0.549316,Sitting
1716942, -0.308838, -0.668091, -0.673706, 0.122070, 0.000000, 0.488281,Sitting
1716962, -0.305542, -0.666382, -0.683350, 0.549316, 0.000000, -0.366211,Sitting
1716982, -0.309937, -0.679810, -0.678345, 0.427246, -1.708984, -1.403808,Sitting
1717002, -0.315308, -0.687134, -0.661133, -0.427246, -3.295898, -1.220704,Sitting
1717022, -0.309937, -0.677490, -0.655762, -1.586914, -3.234863, -0.061035,Sitting
1717042, -0.313599, -0.665772, -0.667603, -1.892090, -2.807617, 0.610352,Sitting
1717062, -0.311524, -0.660522, -0.676758, -1.220704, -2.685546, -0.244141,Sitting
1717082, -0.322510, -0.655518, -0.682862, -0.793457, -3.967285, -1.159668,Sitting
1717102, -0.328369, -0.657715, -0.681152, -0.549316, -3.417968, -0.732422,Sitting
1717122, -0.323608, -0.661011, -0.676758, 0.183105, -2.502442, 0.061035,Sitting
1717142, -0.323853, -0.666260, -0.671509, 0.488281, -1.770019, 0.305176,Sitting
1717162, -0.325562, -0.667847, -0.671753, 0.915527, -0.305176, -0.183105,Sitting
1717182, -0.320679, -0.670898, -0.678955, 1.281738, 0.549316, -0.366211,Sitting
1717202, -0.316284, -0.668213, -0.680542, 1.098633, 0.427246, 0.000000,Sitting
1717222, -0.320435, -0.659424, -0.673828, 1.403808, -0.610352, 0.244141,Sitting
1717242, -0.324097, -0.657837, -0.667725, 1.770019, -1.281738, 0.061035,Sitting
1717262, -0.327393, -0.661987, -0.667114, 1.770019, -1.098633, 0.122070,Sitting
1717282, -0.331787, -0.666626, -0.671631, 1.831054, -0.488281, 0.122070,Sitting
1717302, -0.330444, -0.673340, -0.670410, 1.892090, -0.488281, 0.305176,Sitting
1717322, -0.321899, -0.674072, -0.666748, 1.281738, -0.976562, 0.427246,Sitting
1717342, -0.316772, -0.676636, -0.662598, 1.403808, -1.831054, 0.549316,Sitting
1717362, -0.318359, -0.686035, -0.657227, 0.793457, -2.075196, 0.122070,Sitting
1717382, -0.331787, -0.683838, -0.675659, 0.610352, 0.183105, -0.183105,Sitting
1717402, -0.317017, -0.677734, -0.677246, 0.549316, 1.831054, 0.305176,Sitting
1717422, -0.289429, -0.675049, -0.671387, -0.244141, -0.122070, 0.000000,Sitting
1717442, -0.308472, -0.668335, -0.665405, -0.549316, -3.234863, -0.427246,Sitting
1717462, -0.315552, -0.663818, -0.660522, -1.403808, -4.028321, 0.183105,Sitting
1717482, -0.326416, -0.666992, -0.666748, -0.976562, -2.441407, 0.427246,Sitting
1717502, -0.321411, -0.670776, -0.668213, -1.342773, -0.976562, 0.366211,Sitting
1717522, -0.324341, -0.674194, -0.666626, -0.976562, -2.258301, -0.488281,Sitting
1717542, -0.326904, -0.677856, -0.660156, -1.464844, -3.479003, -0.610352,Sitting
1717562, -0.326538, -0.673950, -0.653198, -1.892090, -3.479003, 0.549316,Sitting
1717582, -0.324097, -0.680176, -0.662354, -2.197266, -2.929687, 0.793457,Sitting
1717602, -0.331421, -0.677979, -0.670410, -2.319336, -1.708984, 0.549316,Sitting
1717622, -0.321167, -0.673828, -0.674194, -2.441407, -1.037598, -0.244141,Sitting
1717642, -0.333252, -0.666382, -0.679321, -2.319336, -0.488281, -0.549316,Sitting
1717662, -0.316162, -0.657349, -0.681030, -2.563476, -0.671386, -0.427246,Sitting
1717682, -0.320801, -0.650269, -0.681396, -2.319336, -1.892090, -0.915527,Sitting
1717702, -0.327515, -0.643921, -0.684082, -1.708984, -2.685546, -0.366211,Sitting
1717722, -0.335571, -0.637451, -0.687988, -0.793457, -2.319336, -0.122070,Sitting
1717742, -0.350464, -0.642822, -0.687988, 1.464844, -0.610352, -0.427246,Sitting
1717762, -0.352051, -0.653442, -0.673340, 1.770019, -0.976562, -0.854492,Sitting
1717782, -0.357422, -0.663940, -0.660156, 1.708984, -0.061035, -0.915527,Sitting
1717802, -0.350342, -0.666138, -0.663696, 1.403808, 1.586914, -0.671386,Sitting
1717822, -0.322022, -0.666626, -0.671631, 1.159668, 3.112792, -0.244141,Sitting
1717842, -0.317749, -0.665528, -0.678101, 1.281738, 2.563476, -0.305176,Sitting
1717862, -0.311157, -0.664795, -0.680664, 1.281738, 1.586914, -0.122070,Sitting
1717882, -0.310791, -0.666504, -0.679077, 1.586914, 0.122070, 0.244141,Sitting
1717902, -0.314697, -0.672486, -0.672852, 1.586914, -1.220704, 0.305176,Sitting
1717922, -0.327759, -0.672119, -0.670166, 1.159668, -1.342773, 0.183105,Sitting
1717942, -0.326538, -0.670166, -0.668213, 0.549316, -0.793457, -0.183105,Sitting
1717962, -0.341309, -0.668579, -0.669678, -0.305176, -0.366211, 0.244141,Sitting
1717982, -0.337524, -0.640991, -0.679932, -1.403808, 0.488281, 2.014160,Sitting
1718002, -0.325317, -0.618530, -0.676392, 2.319336, 0.122070, 2.929687,Sitting
1718022, -0.329346, -0.679321, -0.677124, 7.019042, 2.014160, 2.868652,Sitting
1718042, -0.285278, -0.682495, -0.657959, 4.150392, 10.192870, 5.798338,Sitting
1718062, -0.288330, -0.687256, -0.645142, 1.525878, 5.371092, 2.685546,Sitting
1718082, -0.297608, -0.702637, -0.638672, -1.159668, -3.234863, 0.549316,Sitting
1718102, -0.312622, -0.701782, -0.661621, -2.807617, -6.225584, -0.732422,Sitting
1718122, -0.328369, -0.685425, -0.670654, -2.807617, -4.760742, -0.366211,Sitting
1718142, -0.342407, -0.656372, -0.701904, -2.441407, -2.075196, 0.671386,Sitting
1718162, -0.324463, -0.641358, -0.713379, -1.892090, -2.563476, -0.488281,Sitting
1718182, -0.303345, -0.633301, -0.687134, -1.464844, -6.958006, -0.915527,Sitting
1718202, -0.337891, -0.646118, -0.660767, -1.464844, -10.620116, -0.671386,Sitting
1718222, -0.377930, -0.659668, -0.644654, -2.075196, -9.521484, -0.366211,Sitting
1718242, -0.416260, -0.666626, -0.656006, -2.563476, -4.882814, -1.159668,Sitting
1718262, -0.389648, -0.662232, -0.677490, -3.662109, 3.723144, -2.502442,Sitting
1718282, -0.337036, -0.653564, -0.673950, -3.662109, 5.615234, -3.295898,Sitting
1718302, -0.314453, -0.647095, -0.670288, -2.319336, 3.723144, -2.624511,Sitting
1718322, -0.310547, -0.649902, -0.674072, -1.403808, 2.563476, -2.075196,Sitting
1718342, -0.319702, -0.651978, -0.680542, -0.366211, 2.258301, -1.770019,Sitting
1718362, -0.309814, -0.656982, -0.684326, 0.427246, 2.441407, -1.586914,Sitting
1718382, -0.294556, -0.667236, -0.680298, 0.976562, 1.159668, -1.708984,Sitting
1718402, -0.298462, -0.678833, -0.674316, 0.610352, -0.915527, -1.708984,Sitting
1718422, -0.314087, -0.672974, -0.671753, 0.122070, -2.197266, -1.525878,Sitting
1718442, -0.334473, -0.670044, -0.673706, 0.000000, -1.953124, -1.831054,Sitting
1718462, -0.339844, -0.668091, -0.678101, -0.549316, -0.671386, -1.953124,Sitting
1718482, -0.326172, -0.657837, -0.679199, -1.342773, 0.549316, -1.953124,Sitting
1718502, -0.322266, -0.650513, -0.685547, -1.037598, 0.061035, -1.953124,Sitting
1718522, -0.333496, -0.644287, -0.686524, -0.671386, 0.000000, -1.708984,Sitting
1718542, -0.340088, -0.642090, -0.681763, -0.122070, 1.281738, -1.525878,Sitting
1718562, -0.332398, -0.646606, -0.683472, 0.793457, 3.417968, -1.953124,Sitting
1718582, -0.312134, -0.659180, -0.685913, 1.403808, 4.333496, -2.075196,Sitting
1718602, -0.297119, -0.668457, -0.683594, 1.464844, 2.746581, -1.892090,Sitting
1718622, -0.301025, -0.664307, -0.678467, 1.281738, 0.000000, -1.647949,Sitting
1718642, -0.323120, -0.661255, -0.673584, 1.342773, -1.281738, -0.976562,Sitting
1718662, -0.326538, -0.653320, -0.670654, 1.220704, -0.366211, -0.427246,Sitting
1718682, -0.331909, -0.658936, -0.683472, 2.075196, 1.037598, -0.427246,Sitting
1718702, -0.317139, -0.665528, -0.681274, 1.831054, 0.976562, -0.854492,Sitting
1718722, -0.315552, -0.663452, -0.673950, 1.770019, -0.671386, -0.915527,Sitting
1718742, -0.322022, -0.661255, -0.671509, 1.342773, -0.366211, -0.244141,Sitting
1718762, -0.322998, -0.668579, -0.671021, 0.793457, 1.953124, -0.183105,Sitting
1718782, -0.306396, -0.677734, -0.669068, 0.366211, 3.112792, -0.976562,Sitting
1718802, -0.300171, -0.690308, -0.672852, -1.281738, 3.417968, -1.892090,Sitting
1718822, -0.302124, -0.668701, -0.680298, -2.075196, 1.403808, -0.732422,Sitting
1718842, -0.287598, -0.652954, -0.693360, -1.892090, -1.098633, -0.610352,Sitting
1718862, -0.304321, -0.655884, -0.693726, -1.342773, -2.746581, -1.220704,Sitting
1718882, -0.310425, -0.667114, -0.679810, -1.342773, -3.112792, -1.770019,Sitting
1718902, -0.324585, -0.668579, -0.670898, -1.586914, -2.136231, -2.075196,Sitting
1718922, -0.312256, -0.666504, -0.678589, -1.647949, -1.281738, -1.159668,Sitting
1718942, -0.312256, -0.667480, -0.685303, -1.220704, -2.441407, -0.854492,Sitting
1718962, -0.318482, -0.664551, -0.685181, -1.159668, -2.868652, -0.732422,Sitting
1718982, -0.335938, -0.658570, -0.682129, -0.549316, -2.136231, -1.098633,Sitting
1719002, -0.330566, -0.654907, -0.677979, -0.305176, 0.183105, -1.098633,Sitting
1719022, -0.319214, -0.648071, -0.682129, 0.244141, 1.770019, -0.976562,Sitting
1719042, -0.311524, -0.655274, -0.686157, 0.366211, 2.197266, -1.281738,Sitting
1719062, -0.306030, -0.650269, -0.686890, 0.488281, 1.281738, -1.403808,Sitting
1719082, -0.313599, -0.652710, -0.689697, 1.098633, 0.549316, -1.342773,Sitting
1719102, -0.312500, -0.656616, -0.685669, 1.098633, 0.366211, -0.854492,Sitting
1719122, -0.312866, -0.656006, -0.683228, 1.281738, 0.488281, -0.793457,Sitting
1719142, -0.306274, -0.668701, -0.680054, 0.976562, 0.183105, -0.854492,Sitting
1719162, -0.305908, -0.668945, -0.679810, 0.549316, -0.793457, -0.793457,Sitting
1719182, -0.296021, -0.666016, -0.679444, 0.061035, -2.197266, -0.610352,Sitting
1719202, -0.318359, -0.668091, -0.684082, 0.183105, -3.051757, -0.793457,Sitting
1719222, -0.320190, -0.673096, -0.676758, -0.305176, -2.075196, -0.854492,Sitting
1719242, -0.312256, -0.672974, -0.670654, -0.793457, -0.732422, -1.037598,Sitting
1719262, -0.304077, -0.672119, -0.679932, -0.854492, -0.488281, -1.037598,Sitting
1719282, -0.297730, -0.664551, -0.682495, -1.159668, -0.793457, -0.854492,Sitting
1719302, -0.300049, -0.660278, -0.684204, -0.610352, -1.647949, -1.098633,Sitting
1719322, -0.303101, -0.661621, -0.686768, -0.244141, -1.403808, -1.098633,Sitting
1719342, -0.301636, -0.659180, -0.689209, -0.061035, -0.793457, -0.793457,Sitting
1719362, -0.308838, -0.656250, -0.694580, 0.671386, -1.220704, -0.976562,Sitting
1719382, -0.319092, -0.650024, -0.693482, 0.915527, -1.586914, -0.854492,Sitting
1719402, -0.327148, -0.649658, -0.684570, 0.915527, -1.464844, -0.488281,Sitting
1719422, -0.322144, -0.658814, -0.671509, -0.061035, -1.098633, -1.098633,Sitting
1719442, -0.318726, -0.666138, -0.668823, -0.549316, -0.915527, -0.915527,Sitting
1719462, -0.323975, -0.670898, -0.673950, -1.770019, -1.281738, -0.488281,Sitting
1719482, -0.325928, -0.665528, -0.675293, -2.441407, -1.770019, 0.000000,Sitting
1719502, -0.319092, -0.664185, -0.680420, -2.746581, -2.258301, -0.549316,Sitting
1719522, -0.305176, -0.662476, -0.682984, -1.953124, -1.770019, -0.488281,Sitting
1719542, -0.296875, -0.666748, -0.689087, -1.159668, -2.258301, -0.427246,Sitting
1719562, -0.300171, -0.665650, -0.688965, -0.610352, -2.746581, -0.610352,Sitting
1719582, -0.299683, -0.662110, -0.682495, -0.366211, -2.990722, -0.366211,Sitting
1719602, -0.295898, -0.661011, -0.678955, 0.000000, -3.662109, -0.366211,Sitting
1719622, -0.309570, -0.663574, -0.682862, 0.000000, -3.417968, -0.366211,Sitting
1719642, -0.321533, -0.664429, -0.683472, -0.061035, -2.685546, -0.488281,Sitting
1719662, -0.328613, -0.660522, -0.686157, -0.183105, -1.708984, -0.305176,Sitting
1719682, -0.325073, -0.654907, -0.688965, -0.305176, -0.610352, -0.122070,Sitting
1719702, -0.327515, -0.648071, -0.692017, 0.061035, 0.305176, -0.183105,Sitting
1719722, -0.325440, -0.650757, -0.690186, 0.671386, 1.159668, -0.549316,Sitting
1719742, -0.324097, -0.650391, -0.684326, 0.976562, 1.953124, -0.793457,Sitting
1719762, -0.317383, -0.656616, -0.679810, 1.098633, 2.380371, -0.671386,Sitting
1719782, -0.303345, -0.662232, -0.677856, 0.915527, 1.892090, -0.671386,Sitting
1719802, -0.303833, -0.660645, -0.685425, 0.793457, -0.549316, -0.793457,Sitting
1719822, -0.315918, -0.662598, -0.682007, 0.488281, -1.647949, -0.488281,Sitting
1719842, -0.317749, -0.655152, -0.679566, 0.244141, -1.647949, -0.244141,Sitting
1719862, -0.322266, -0.654663, -0.684692, 0.610352, -1.220704, -0.610352,Sitting
1719882, -0.327393, -0.654785, -0.687988, 0.793457, -0.732422, -0.732422,Sitting
1719902, -0.325928, -0.655396, -0.684082, 0.854492, -0.183105, -0.793457,Sitting
1719922, -0.320801, -0.663574, -0.676758, 0.854492, -0.061035, -0.549316,Sitting
1719942, -0.308106, -0.664307, -0.676026, 0.244141, -0.305176, 0.061035,Sitting
1719962, -0.306885, -0.661499, -0.682617, -0.061035, -0.793457, -0.061035,Sitting
1719982, -0.312378, -0.656616, -0.688354, 0.183105, -1.037598, -0.366211,Sitting
1720002, -0.314331, -0.662964, -0.686035, 0.549316, -0.915527, -0.732422,Sitting
1720022, -0.308594, -0.667725, -0.679932, 0.061035, 0.244141, -0.793457,Sitting
1720042, -0.306030, -0.666504, -0.683350, 0.244141, 0.244141, -1.037598,Sitting
1720062, -0.305908, -0.665772, -0.683716, 0.122070, 0.183105, -1.098633,Sitting
1720082, -0.309082, -0.661133, -0.683350, 0.305176, 0.244141, -1.037598,Sitting
1720102, -0.308106, -0.661621, -0.683716, 0.549316, 0.427246, -1.159668,Sitting
1720122, -0.311646, -0.660767, -0.686035, 0.610352, 0.305176, -1.037598,Sitting
1720142, -0.313110, -0.659180, -0.684204, 0.671386, 0.427246, -1.220704,Sitting
1720162, -0.318726, -0.658692, -0.683960, 0.732422, 0.488281, -1.220704,Sitting
1720182, -0.319092, -0.661377, -0.684692, 0.793457, 0.976562, -1.037598,Sitting
1720202, -0.313843, -0.662232, -0.684692, 0.793457, 1.525878, -0.793457,Sitting
1720222, -0.308838, -0.657349, -0.683838, 0.732422, 1.464844, -0.488281,Sitting
1720242, -0.305176, -0.659546, -0.677002, 0.732422, 0.183105, -0.610352,Sitting
1720262, -0.300903, -0.663696, -0.682129, 0.854492, -0.732422, -0.915527,Sitting
1720282, -0.308594, -0.668213, -0.684814, 0.671386, -0.976562, -1.037598,Sitting
1720302, -0.313599, -0.666748, -0.683228, 0.305176, -0.732422, -0.854492,Sitting
1720322, -0.315796, -0.663574, -0.683960, 0.305176, -0.183105, -0.915527,Sitting
1720342, -0.306274, -0.662964, -0.683838, 0.244141, -0.061035, -0.732422,Sitting
1720362, -0.306274, -0.665283, -0.683716, 0.122070, -0.061035, -0.732422,Sitting
1720382, -0.307739, -0.661255, -0.687256, 0.305176, 0.183105, -0.854492,Sitting
1720402, -0.310425, -0.662842, -0.684570, 0.244141, 0.549316, -0.976562,Sitting
1720422, -0.308472, -0.663696, -0.679321, 0.305176, 0.732422, -1.037598,Sitting
1720442, -0.306763, -0.671387, -0.678955, 0.366211, 1.098633, -1.342773,Sitting
1720462, -0.299561, -0.671265, -0.684570, 0.000000, 1.586914, -1.464844,Sitting
1720482, -0.299072, -0.663208, -0.686157, 0.122070, 0.549316, -1.586914,Sitting
1720502, -0.302002, -0.660645, -0.680908, 0.000000, -0.122070, -1.403808,Sitting
1720522, -0.306030, -0.663818, -0.679199, 0.000000, -0.244141, -1.342773,Sitting
1720542, -0.296509, -0.666138, -0.681885, -0.671386, -0.549316, -2.075196,Sitting
1720562, -0.298340, -0.665405, -0.687622, -0.488281, -0.488281, -1.159668,Sitting
1720582, -0.296509, -0.665161, -0.687012, -0.549316, -1.464844, -1.281738,Sitting
1720602, -0.312256, -0.668579, -0.682495, -0.549316, -1.708984, -1.159668,Sitting
1720622, -0.309937, -0.666138, -0.680176, -1.159668, -0.366211, -0.305176,Sitting
1720642, -0.302246, -0.661499, -0.683716, -0.793457, 0.610352, -0.305176,Sitting
1720662, -0.281616, -0.663574, -0.687134, -0.854492, 0.305176, -0.549316,Sitting
1720682, -0.287232, -0.661011, -0.693970, -0.122070, -2.380371, -0.915527,Sitting
1720702, -0.307739, -0.658447, -0.686279, 0.000000, -2.563476, -0.183105,Sitting
1720722, -0.310425, -0.656494, -0.680786, 0.244141, -1.770019, 0.122070,Sitting
1720742, -0.302490, -0.658570, -0.684692, 0.366211, -1.037598, 0.000000,Sitting
1720762, -0.309204, -0.656128, -0.693115, 0.549316, -0.854492, -0.305176,Sitting
1720782, -0.310547, -0.657715, -0.693237, 0.854492, -1.098633, -0.549316,Sitting
1720802, -0.312256, -0.659546, -0.689209, 0.915527, -1.159668, -0.183105,Sitting
1720822, -0.306152, -0.664307, -0.682617, 0.793457, -1.098633, 0.183105,Sitting
1720842, -0.303223, -0.663940, -0.679444, 0.610352, -0.732422, 0.183105,Sitting
1720862, -0.301025, -0.663696, -0.682495, 0.671386, -0.671386, -0.122070,Sitting
1720882, -0.300781, -0.668579, -0.684692, 0.671386, -0.915527, 0.061035,Sitting
1720902, -0.297852, -0.670654, -0.680664, 0.671386, -1.464844, 0.244141,Sitting
1720922, -0.301148, -0.670532, -0.684448, 0.610352, -1.037598, 0.122070,Sitting
1720942, -0.301025, -0.665894, -0.681519, 0.732422, -0.976562, -0.061035,Sitting
1720962, -0.305420, -0.664917, -0.680908, 0.793457, -1.281738, -0.366211,Sitting
1720982, -0.307007, -0.665650, -0.681763, 0.610352, -1.037598, -0.244141,Sitting
1721002, -0.303223, -0.660645, -0.685913, 0.427246, -0.976562, -0.366211,Sitting
1721022, -0.308716, -0.663208, -0.687256, 0.427246, -1.098633, -0.732422,Sitting
1721042, -0.315186, -0.662842, -0.686524, 0.244141, -1.220704, -0.793457,Sitting
1721062, -0.312378, -0.664185, -0.683716, 0.122070, -0.671386, -0.488281,Sitting
1721082, -0.306152, -0.661133, -0.680664, 0.122070, -0.366211, -0.244141,Sitting
1721102, -0.297974, -0.662842, -0.681885, 0.000000, -0.854492, -0.549316,Sitting
1721122, -0.312134, -0.663940, -0.685181, 0.488281, -1.098633, -0.915527,Sitting
1721142, -0.313843, -0.665283, -0.681030, 0.244141, -0.183105, -0.488281,Sitting
1721162, -0.307495, -0.664673, -0.679566, 0.244141, 0.427246, -0.488281,Sitting
1721182, -0.293701, -0.661011, -0.681030, 0.305176, -0.122070, -0.671386,Sitting
1721202, -0.298706, -0.666138, -0.684082, 0.793457, -0.976562, -0.976562,Sitting
1721222, -0.305908, -0.668091, -0.684326, 0.488281, -1.159668, -0.671386,Sitting
1721242, -0.312744, -0.667603, -0.682984, 0.488281, -0.854492, -0.488281,Sitting
1721262, -0.307007, -0.668335, -0.679077, 0.061035, -0.549316, -0.366211,Sitting
1721282, -0.302979, -0.665650, -0.682984, -0.061035, -0.488281, -0.305176,Sitting
1721302, -0.298584, -0.661011, -0.685181, -0.183105, -0.854492, -0.671386,Sitting
1721322, -0.313599, -0.658814, -0.687378, 0.122070, -1.098633, -0.793457,Sitting
1721342, -0.314087, -0.663330, -0.683228, 0.305176, -0.488281, -0.732422,Sitting
1721362, -0.297485, -0.665528, -0.681763, 0.305176, 0.244141, -0.671386,Sitting
1721382, -0.301880, -0.668579, -0.686524, 0.488281, -0.183105, -0.732422,Sitting
1721402, -0.299805, -0.665894, -0.683960, 0.366211, -0.488281, -0.854492,Sitting
1721422, -0.303833, -0.663696, -0.682495, 0.549316, -0.610352, -0.793457,Sitting
1721442, -0.302490, -0.665650, -0.680786, 0.366211, -0.305176, -0.549316,Sitting
1721462, -0.296875, -0.662232, -0.683350, 0.183105, -0.305176, -0.915527,Sitting
1721482, -0.306519, -0.666382, -0.687500, 0.610352, -0.488281, -1.525878,Sitting
1721502, -0.308716, -0.669678, -0.684204, 0.244141, -0.610352, -1.281738,Sitting
1721522, -0.308228, -0.668213, -0.677734, -0.122070, -0.549316, -0.976562,Sitting
1721542, -0.301636, -0.669312, -0.674683, -0.244141, -0.549316, -0.732422,Sitting
1721562, -0.295898, -0.663574, -0.682984, -0.488281, -0.732422, -0.671386,Sitting
1721582, -0.303589, -0.663208, -0.685791, -0.061035, -1.281738, -0.976562,Sitting
1721602, -0.313477, -0.667236, -0.684204, 0.183105, -1.037598, -0.671386,Sitting
1721622, -0.307495, -0.668091, -0.679688, 0.000000, -0.732422, -0.488281,Sitting
1721642, -0.294922, -0.666016, -0.680420, 0.000000, -0.671386, -0.305176,Sitting
1721662, -0.303833, -0.660767, -0.687988, 0.305176, -1.220704, -0.488281,Sitting
1721682, -0.307373, -0.661499, -0.688110, 0.366211, -1.342773, -0.427246,Sitting
1721702, -0.314575, -0.659912, -0.685425, 0.610352, -0.854492, -0.488281,Sitting
1721722, -0.310669, -0.662354, -0.682495, 0.793457, 0.244141, -0.427246,Sitting
1721742, -0.300781, -0.666992, -0.682862, 0.732422, 0.732422, -0.671386,Sitting
1721762, -0.298828, -0.670532, -0.683838, 0.610352, 0.366211, -0.915527,Sitting
1721782, -0.299316, -0.672486, -0.679688, 0.366211, -0.244141, -0.732422,Sitting
1721802, -0.296875, -0.669312, -0.680054, 0.183105, -0.671386, -0.427246,Sitting
1721822, -0.300659, -0.667114, -0.682007, 0.000000, -0.671386, -0.488281,Sitting
1721842, -0.303589, -0.665283, -0.684082, 0.183105, -0.549316, -0.610352,Sitting
1721862, -0.300293, -0.665894, -0.681396, 0.366211, -0.366211, -0.854492,Sitting
1721882, -0.299438, -0.666992, -0.682984, 0.488281, -0.732422, -0.793457,Sitting
1721902, -0.302368, -0.669800, -0.682129, 0.305176, -0.793457, -0.549316,Sitting
1721922, -0.305420, -0.665894, -0.683594, 0.061035, -0.549316, -0.427246,Sitting
1721942, -0.306641, -0.665650, -0.684814, 0.183105, -0.366211, -0.671386,Sitting
1721962, -0.300049, -0.667725, -0.682617, -0.061035, -0.305176, -0.610352,Sitting
1721982, -0.298828, -0.664429, -0.683472, 0.061035, -0.671386, -0.610352,Sitting
1722002, -0.301514, -0.665161, -0.683594, 0.061035, -0.976562, -0.854492,Sitting
1722022, -0.310425, -0.662598, -0.683716, 0.244141, -0.610352, -0.854492,Sitting
1722042, -0.306152, -0.663086, -0.682984, 0.366211, 0.244141, -0.610352,Sitting
1722062, -0.299438, -0.665405, -0.682739, 0.427246, 0.183105, -0.549316,Sitting
1722082, -0.292969, -0.667114, -0.681152, 0.305176, -0.732422, -0.488281,Sitting
1722102, -0.297241, -0.665650, -0.682739, 0.305176, -1.281738, -0.366211,Sitting
1722122, -0.302612, -0.665283, -0.686035, 0.427246, -1.098633, -0.427246,Sitting
1722142, -0.306274, -0.668335, -0.685303, 0.427246, -0.427246, -0.549316,Sitting
1722162, -0.304566, -0.669678, -0.683716, 0.671386, -0.122070, -0.793457,Sitting
1722182, -0.296509, -0.670898, -0.682129, 0.549316, -0.244141, -0.732422,Sitting
1722202, -0.299561, -0.668945, -0.678589, 0.305176, -0.732422, -0.427246,Sitting
1722222, -0.300781, -0.669312, -0.679688, 0.244141, -0.793457, -0.427246,Sitting
1722242, -0.296387, -0.661987, -0.686157, 0.183105, -0.366211, -0.671386,Sitting
1722262, -0.307861, -0.663940, -0.686402, 0.488281, -0.549316, -0.732422,Sitting
1722282, -0.306519, -0.669800, -0.681152, 0.366211, -0.244141, -0.549316,Sitting
1722302, -0.291748, -0.668213, -0.679321, 0.061035, -0.244141, -0.244141,Sitting
1722322, -0.290772, -0.666016, -0.685181, 0.244141, -1.159668, -0.488281,Sitting
1722342, -0.302856, -0.665283, -0.686157, 0.183105, -1.647949, -0.976562,Sitting
1722362, -0.311401, -0.663452, -0.683106, 0.305176, -1.403808, -1.098633,Sitting
1722382, -0.312256, -0.667847, -0.679932, 0.427246, -0.549316, -1.098633,Sitting
1722402, -0.307983, -0.666870, -0.677979, -0.305176, -0.122070, -1.586914,Sitting
1722422, -0.305176, -0.666382, -0.679932, 0.427246, 0.366211, -1.159668,Sitting
1722442, -0.304688, -0.666138, -0.681763, 0.366211, -0.122070, -1.159668,Sitting
1722462, -0.291748, -0.670776, -0.679932, -0.671386, -0.366211, -0.549316,Sitting
1722482, -0.289307, -0.671021, -0.681396, 0.427246, -0.549316, -0.244141,Sitting
1722502, -0.284546, -0.673462, -0.682251, -0.183105, -1.342773, -0.183105,Sitting
1722522, -0.300903, -0.667725, -0.687622, 0.183105, -1.464844, -0.366211,Sitting
1722542, -0.301270, -0.670654, -0.685181, -0.061035, -0.549316, -0.183105,Sitting
1722562, -0.293579, -0.669190, -0.684204, 0.183105, -0.305176, -0.305176,Sitting
1722582, -0.286987, -0.669312, -0.685425, 0.061035, -1.098633, -0.427246,Sitting
1722602, -0.303101, -0.666504, -0.686279, 0.244141, -1.770019, -0.854492,Sitting
1722622, -0.315796, -0.666626, -0.681152, 0.244141, -1.525878, -0.915527,Sitting
1722642, -0.313110, -0.665283, -0.677124, 0.000000, -0.427246, -0.305176,Sitting
1722662, -0.299316, -0.661011, -0.679566, -0.305176, 0.366211, -0.061035,Sitting
1722682, -0.293823, -0.666626, -0.683838, 0.061035, -1.037598, -0.671386,Sitting
1722702, -0.304077, -0.668945, -0.685669, 0.122070, -1.708984, -0.549316,Sitting
1722722, -0.302734, -0.671265, -0.682495, -0.122070, -1.098633, -0.061035,Sitting
1722742, -0.291138, -0.667725, -0.680664, -0.244141, -0.854492, 0.122070,Sitting
1722762, -0.297119, -0.667358, -0.685913, 0.244141, -1.525878, -0.549316,Sitting
1722782, -0.304932, -0.668213, -0.684204, 0.244141, -1.647949, -0.793457,Sitting
1722802, -0.308472, -0.665405, -0.679688, 0.244141, -1.464844, -0.549316,Sitting
1722822, -0.305298, -0.670532, -0.679199, 0.183105, -0.610352, -0.061035,Sitting
1722842, -0.291870, -0.666016, -0.684570, -0.183105, -0.305176, -0.305176,Sitting
1722862, -0.299561, -0.666260, -0.685303, 0.244141, -1.220704, -0.854492,Sitting
1722882, -0.306641, -0.667969, -0.680298, 0.061035, -1.403808, -0.488281,Sitting
1722902, -0.297852, -0.666504, -0.681519, -0.122070, -0.854492, -0.061035,Sitting
1722922, -0.300171, -0.664917, -0.687500, 0.183105, -1.281738, -0.244141,Sitting
1722942, -0.307251, -0.664795, -0.683960, 0.244141, -1.342773, -0.793457,Sitting
1722962, -0.307983, -0.667847, -0.678345, 0.183105, -0.854492, -0.671386,Sitting
1722982, -0.301758, -0.668701, -0.679199, -0.061035, -0.305176, -0.122070,Sitting
1723002, -0.295166, -0.668945, -0.682129, -0.061035, -0.488281, -0.305176,Sitting
1723022, -0.295532, -0.668945, -0.685181, 0.061035, -1.220704, -0.854492,Sitting
1723042, -0.308106, -0.670166, -0.684082, 0.061035, -1.220704, -0.854492,Sitting
1723062, -0.307739, -0.666870, -0.679688, -0.061035, -0.549316, -0.305176,Sitting
1723082, -0.297974, -0.660156, -0.681885, 0.122070, -0.366211, -0.061035,Sitting
1723102, -0.294067, -0.664062, -0.683350, 0.305176, -1.037598, -0.488281,Sitting
1723122, -0.311646, -0.667358, -0.682739, 0.244141, -1.708984, -0.671386,Sitting
1723142, -0.311035, -0.668579, -0.680908, 0.061035, -0.854492, -0.183105,Sitting
1723162, -0.305786, -0.664307, -0.683106, -0.061035, -0.122070, -0.061035,Sitting
1723182, -0.297730, -0.664062, -0.683594, 0.061035, -0.305176, -0.488281,Sitting
1723202, -0.298584, -0.666748, -0.682007, 0.061035, -1.037598, -0.915527,Sitting
1723222, -0.303955, -0.667847, -0.681519, 0.000000, -0.854492, -0.549316,Sitting
1723242, -0.300903, -0.666382, -0.682251, -0.061035, -0.183105, -0.244141,Sitting
1723262, -0.295532, -0.664429, -0.682984, 0.122070, -0.610352, -0.305176,Sitting
1723282, -0.295410, -0.663818, -0.683350, 0.366211, -1.647949, -0.488281,Sitting
1723302, -0.305664, -0.664795, -0.683838, 0.549316, -2.014160, -0.427246,Sitting
1723322, -0.310547, -0.666016, -0.682251, 0.427246, -1.403808, -0.122070,Sitting
1723342, -0.313843, -0.665283, -0.681152, 0.427246, -0.427246, -0.061035,Sitting
1723362, -0.310425, -0.666260, -0.682007, 0.549316, 0.427246, -0.183105,Sitting
1723382, -0.299927, -0.668335, -0.682862, 0.427246, 0.854492, -0.244141,Sitting
1723402, -0.291382, -0.671387, -0.679566, 0.122070, -0.183105, -0.488281,Sitting
1723422, -0.294922, -0.672608, -0.681641, 0.122070, -1.159668, -0.488281,Sitting
1723442, -0.299194, -0.671631, -0.682617, -1.281738, -1.342773, -1.098633,Sitting
1723462, -0.296875, -0.666016, -0.679932, -0.183105, -1.098633, -0.427246,Sitting
1723482, -0.294434, -0.664673, -0.682007, -0.427246, -1.708984, -0.366211,Sitting
1723502, -0.307495, -0.663818, -0.684937, 0.061035, -2.014160, -0.610352,Sitting
1723522, -0.312622, -0.663208, -0.686279, 0.000000, -1.770019, -0.671386,Sitting
1723542, -0.320435, -0.665039, -0.681885, 0.244141, -0.854492, -0.610352,Sitting
1723562, -0.306396, -0.663452, -0.677979, -0.122070, 0.244141, -0.244141,Sitting
1723582, -0.299438, -0.664795, -0.682862, 0.000000, -0.122070, -0.488281,Sitting
1723602, -0.300171, -0.666260, -0.683106, -0.061035, -0.671386, -0.549316,Sitting
1723622, -0.302612, -0.668457, -0.683716, 0.122070, -0.854492, -0.671386,Sitting
1723642, -0.302490, -0.666870, -0.681885, 0.122070, -0.549316, -0.488281,Sitting
1723662, -0.299683, -0.665894, -0.682129, 0.183105, -0.488281, -0.427246,Sitting
1723682, -0.296265, -0.664429, -0.683716, 0.305176, -0.976562, -0.549316,Sitting
1723702, -0.301148, -0.663696, -0.683594, 0.427246, -1.403808, -0.488281,Sitting
1723722, -0.309082, -0.664673, -0.682984, 0.427246, -1.403808, -0.366211,Sitting
1723742, -0.311768, -0.667358, -0.681763, 0.244141, -0.671386, -0.305176,Sitting
1723762, -0.310669, -0.666870, -0.682007, 0.244141, 0.000000, -0.488281,Sitting
1723782, -0.301880, -0.666504, -0.681885, 0.305176, 0.183105, -0.793457,Sitting
1723802, -0.303223, -0.667358, -0.683350, 0.366211, -0.183105, -0.793457,Sitting
1723822, -0.300171, -0.667847, -0.682129, 0.244141, -0.305176, -0.488281,Sitting
1723842, -0.300293, -0.665405, -0.681763, 0.122070, -0.305176, -0.305176,Sitting
1723862, -0.299194, -0.664673, -0.683838, 0.427246, -0.610352, -0.549316,Sitting
1723882, -0.301392, -0.665528, -0.683960, 0.427246, -0.671386, -0.671386,Sitting
1723902, -0.307251, -0.665772, -0.682984, 0.671386, -0.549316, -0.671386,Sitting
1723922, -0.303589, -0.668091, -0.681030, 0.488281, -0.122070, -0.610352,Sitting
1723942, -0.303955, -0.667725, -0.681396, 0.427246, -0.122070, -0.488281,Sitting
1723962, -0.303711, -0.667236, -0.681396, 0.427246, -0.366211, -0.732422,Sitting
1723982, -0.303223, -0.668457, -0.681152, 0.244141, -0.732422, -0.732422,Sitting
1724002, -0.303711, -0.666016, -0.681885, 0.122070, -0.366211, -0.488281,Sitting
1724022, -0.303345, -0.664917, -0.684448, 0.366211, 0.000000, -0.732422,Sitting
1724042, -0.300659, -0.669312, -0.683594, 0.427246, 0.122070, -1.037598,Sitting
1724062, -0.301880, -0.670166, -0.682251, 0.305176, -0.061035, -0.854492,Sitting
1724082, -0.297119, -0.668823, -0.679688, 0.183105, -0.244141, -0.549316,Sitting
1724102, -0.294434, -0.667480, -0.682862, 0.122070, -0.427246, -0.427246,Sitting
1724122, -0.299072, -0.666016, -0.684326, 0.366211, -0.793457, -0.671386,Sitting
1724142, -0.301636, -0.665283, -0.681763, 0.366211, -0.793457, -0.671386,Sitting
1724162, -0.310791, -0.671997, -0.681396, 0.427246, -0.427246, -0.732422,Sitting
1724182, -0.298096, -0.671631, -0.680664, 0.000000, 0.061035, -0.366211,Sitting
1724202, -0.291992, -0.666260, -0.683350, 0.000000, -0.549316, -0.427246,Sitting
1724222, -0.301270, -0.667358, -0.684082, 0.061035, -1.220704, -0.610352,Sitting
1724242, -0.307739, -0.662842, -0.682862, 0.061035, -0.671386, -0.366211,Sitting
1724262, -0.301148, -0.664917, -0.682739, 0.366211, 0.000000, -0.366211,Sitting
1724282, -0.295410, -0.666870, -0.682862, 0.244141, -0.183105, -0.549316,Sitting
1724302, -0.299438, -0.668945, -0.683472, 0.366211, -0.793457, -0.854492,Sitting
1724322, -0.304688, -0.670532, -0.679932, 0.122070, -0.488281, -0.549316,Sitting
1724342, -0.300781, -0.667480, -0.681274, 0.183105, -0.366211, -0.427246,Sitting
1724362, -0.298462, -0.669922, -0.682617, 0.183105, -0.671386, -0.549316,Sitting
1724382, -0.303955, -0.668213, -0.681885, 0.122070, -0.976562, -0.793457,Sitting
1724402, -0.308228, -0.666992, -0.680664, 0.305176, -0.610352, -0.732422,Sitting
1724422, -0.300171, -0.665161, -0.681396, 0.061035, 0.000000, -0.305176,Sitting
1724442, -0.298584, -0.665894, -0.685303, 0.488281, -0.732422, -0.671386,Sitting
1724462, -0.301148, -0.672363, -0.682617, 0.183105, -0.732422, -0.671386,Sitting
1724482, -0.299561, -0.670288, -0.681519, 0.000000, -0.427246, -0.488281,Sitting
1724502, -0.293091, -0.670532, -0.682495, -0.061035, -0.366211, -0.244141,Sitting
1724522, -0.294067, -0.666870, -0.684814, -0.061035, -0.915527, -0.427246,Sitting
1724542, -0.295898, -0.665650, -0.683716, 0.000000, -1.342773, -0.793457,Sitting
1724562, -0.302856, -0.664795, -0.684570, 0.061035, -1.281738, -0.793457,Sitting
1724582, -0.306885, -0.667847, -0.683228, 0.122070, -0.732422, -0.671386,Sitting
1724602, -0.301025, -0.664307, -0.682251, 0.122070, -0.549316, -0.549316,Sitting
1724622, -0.306519, -0.662476, -0.684326, 0.488281, -0.610352, -0.671386,Sitting
1724642, -0.303833, -0.666138, -0.681885, 0.366211, -0.610352, -0.549316,Sitting
1724662, -0.299194, -0.668457, -0.680054, 0.366211, -0.366211, -0.427246,Sitting
1724682, -0.296753, -0.669190, -0.682495, 0.427246, -0.122070, -0.244141,Sitting
1724702, -0.295654, -0.668579, -0.684692, 0.488281, -0.305176, -0.549316,Sitting
1724722, -0.296509, -0.670288, -0.683472, 0.549316, -0.610352, -0.610352,Sitting
1724742, -0.297119, -0.671265, -0.681274, 0.366211, -0.976562, -0.427246,Sitting
1724762, -0.295410, -0.672119, -0.679932, 0.122070, -1.159668, -0.305176,Sitting
1724782, -0.296753, -0.669556, -0.680664, 0.000000, -1.525878, -0.488281,Sitting
1724802, -0.302002, -0.666992, -0.683228, -0.122070, -1.525878, -0.488281,Sitting
1724822, -0.309814, -0.665161, -0.684814, 0.000000, -1.159668, -0.488281,Sitting
1724842, -0.305298, -0.667114, -0.682984, 0.000000, -0.366211, -0.427246,Sitting
1724862, -0.298096, -0.668579, -0.682129, -0.061035, -0.122070, -0.488281,Sitting
1724882, -0.290772, -0.669800, -0.682007, -0.122070, -0.732422, -0.671386,Sitting
1724902, -0.298218, -0.665161, -0.684692, 0.061035, -1.220704, -0.610352,Sitting
1724922, -0.306763, -0.666260, -0.685059, 0.183105, -0.915527, -0.610352,Sitting
1724942, -0.302002, -0.665161, -0.678711, 0.061035, -0.732422, -0.366211,Sitting
1724962, -0.300781, -0.665650, -0.679566, 0.427246, -1.098633, -0.427246,Sitting
1724982, -0.301758, -0.672730, -0.680908, 0.122070, -0.976562, -0.427246,Sitting
1725002, -0.300659, -0.666504, -0.683350, 0.061035, -0.976562, -0.305176,Sitting
1725022, -0.300171, -0.667358, -0.683960, 0.122070, -1.098633, -0.305176,Sitting
1725042, -0.304810, -0.668945, -0.683716, 0.061035, -1.098633, -0.061035,Sitting
1725062, -0.296509, -0.667358, -0.683594, -0.061035, -0.732422, -0.183105,Sitting
1725082, -0.295410, -0.664307, -0.683960, 0.122070, -0.671386, -0.366211,Sitting
1725102, -0.302368, -0.669556, -0.682984, 0.183105, -0.915527, -0.793457,Sitting
1725122, -0.302490, -0.670776, -0.679199, -0.061035, -0.976562, -0.549316,Sitting
1725142, -0.301148, -0.670776, -0.678589, -0.183105, -0.732422, -0.366211,Sitting
1725162, -0.297119, -0.666016, -0.681885, -0.305176, -0.732422, -0.366211,Sitting
1725182, -0.304810, -0.666626, -0.686524, 0.122070, -0.915527, -0.732422,Sitting
1725202, -0.305664, -0.667114, -0.682251, 0.061035, -0.549316, -0.732422,Sitting
1725222, -0.299561, -0.665039, -0.680664, 0.122070, -0.610352, -0.671386,Sitting
1725242, -0.298218, -0.665039, -0.683594, 0.183105, -0.915527, -0.671386,Sitting
1725262, -0.307495, -0.666138, -0.685425, 0.183105, -0.671386, -0.488281,Sitting
1725282, -0.306030, -0.667114, -0.680298, 0.122070, -0.305176, -0.549316,Sitting
1725302, -0.296143, -0.667847, -0.679321, -0.061035, -0.488281, -0.183105,Sitting
1725322, -0.295532, -0.666626, -0.684692, 0.061035, -1.403808, -0.244141,Sitting
1725342, -0.305664, -0.664673, -0.685791, 0.244141, -1.281738, -0.549316,Sitting
1725362, -0.306274, -0.664307, -0.684937, 0.488281, -0.610352, -0.793457,Sitting
1725382, -0.302734, -0.666626, -0.684204, 0.488281, -0.122070, -0.610352,Sitting
1725402, -0.298218, -0.668457, -0.680664, 0.427246, -0.366211, -0.427246,Sitting
1725422, -0.297974, -0.669312, -0.678589, 0.305176, -1.098633, -0.549316,Sitting
1725442, -0.303223, -0.669312, -0.681885, 0.122070, -1.281738, -0.488281,Sitting
1725462, -0.302490, -0.664673, -0.683594, 0.061035, -1.037598, -0.305176,Sitting
1725482, -0.305664, -0.664673, -0.682495, 0.183105, -0.854492, -0.305176,Sitting
1725502, -0.301514, -0.665772, -0.682373, 0.427246, -0.610352, -0.610352,Sitting
1725522, -0.298096, -0.668335, -0.682129, 0.427246, -0.427246, -0.671386,Sitting
1725542, -0.302002, -0.671021, -0.684814, 0.549316, -0.549316, -0.671386,Sitting
1725562, -0.300415, -0.671509, -0.683106, 0.305176, -0.610352, -0.488281,Sitting
1725582, -0.296753, -0.669922, -0.679688, 0.122070, -1.037598, -0.488281,Sitting
1725602, -0.293701, -0.665405, -0.680176, -1.037598, -1.770019, -0.854492,Sitting
1725622, -0.302124, -0.664429, -0.683228, 0.244141, -1.586914, -0.427246,Sitting
1725642, -0.310059, -0.664917, -0.685059, 0.305176, -1.098633, -0.610352,Sitting
1725662, -0.307251, -0.670898, -0.678833, 0.305176, -0.366211, -0.366211,Sitting
1725682, -0.301514, -0.666870, -0.682984, 0.305176, -0.244141, -0.305176,Sitting
1725702, -0.302124, -0.668701, -0.683838, 0.305176, -0.305176, -0.366211,Sitting
1725722, -0.299072, -0.666504, -0.683838, 0.183105, -0.610352, -0.488281,Sitting
1725742, -0.302368, -0.668457, -0.680542, 0.305176, -0.976562, -0.671386,Sitting
1725762, -0.300781, -0.666870, -0.678467, -0.244141, -1.037598, -0.427246,Sitting
1725782, -0.305542, -0.664429, -0.683350, -0.122070, -1.098633, -0.549316,Sitting
1725802, -0.306030, -0.666138, -0.684814, 0.000000, -0.915527, -0.427246,Sitting
1725822, -0.300415, -0.670288, -0.680908, 0.000000, -0.793457, -0.366211,Sitting
1725842, -0.292480, -0.670654, -0.677979, -0.305176, -0.976562, -0.183105,Sitting
1725862, -0.297730, -0.669068, -0.684082, -0.183105, -1.342773, -0.183105,Sitting
1725882, -0.300659, -0.666626, -0.685181, -0.244141, -1.342773, -0.305176,Sitting
1725902, -0.302490, -0.665405, -0.686524, 0.000000, -1.098633, -0.488281,Sitting
1725922, -0.298218, -0.668335, -0.683594, -0.122070, -0.976562, -0.671386,Sitting
1725942, -0.299438, -0.667847, -0.682251, -0.183105, -1.281738, -0.549316,Sitting
1725962, -0.304810, -0.667236, -0.681641, -0.305176, -1.403808, -0.549316,Sitting
1725982, -0.306274, -0.663086, -0.682129, -0.427246, -1.464844, -0.366211,Sitting
1726002, -0.304077, -0.665283, -0.683716, -0.366211, -1.525878, -0.244141,Sitting
1726022, -0.307983, -0.661743, -0.685059, -0.244141, -1.525878, -0.183105,Sitting
1726042, -0.308716, -0.663818, -0.684204, 0.000000, -1.037598, -0.305176,Sitting
1726062, -0.307739, -0.661499, -0.684204, 0.305176, -0.610352, -0.305176,Sitting
1726082, -0.300293, -0.667725, -0.681152, 0.305176, -0.610352, -0.427246,Sitting
1726102, -0.296509, -0.672974, -0.678101, -0.061035, -1.220704, -0.183105,Sitting
1726122, -0.293091, -0.670776, -0.677490, -0.427246, -1.708984, -0.122070,Sitting
1726142, -0.301514, -0.668945, -0.683838, -0.366211, -2.197266, -0.244141,Sitting
1726162, -0.307495, -0.665039, -0.684814, -0.488281, -2.014160, -0.244141,Sitting
1726182, -0.312744, -0.662598, -0.684570, -0.244141, -1.525878, -0.366211,Sitting
1726202, -0.304810, -0.662964, -0.681396, -0.183105, -1.159668, -0.366211,Sitting
1726222, -0.307251, -0.661865, -0.683594, -0.122070, -1.281738, -0.488281,Sitting
1726242, -0.311035, -0.661865, -0.683228, -0.122070, -0.793457, -0.366211,Sitting
1726262, -0.309814, -0.661133, -0.684326, 0.000000, -0.305176, -0.244141,Sitting
1726282, -0.302612, -0.664429, -0.681885, 0.000000, -0.549316, -0.305176,Sitting
1726302, -0.300903, -0.663574, -0.682129, 0.183105, -1.220704, -0.305176,Sitting
1726322, -0.306152, -0.666504, -0.683350, 0.122070, -1.586914, -0.305176,Sitting
1726342, -0.306519, -0.663208, -0.682862, 0.000000, -1.525878, -0.122070,Sitting
1726362, -0.309814, -0.663208, -0.684326, 0.244141, -1.403808, -0.305176,Sitting
1726382, -0.307983, -0.664917, -0.682495, 0.183105, -1.159668, -0.427246,Sitting
1726402, -0.308960, -0.665405, -0.682007, 0.183105, -1.159668, -0.427246,Sitting
1726422, -0.310913, -0.664551, -0.683594, 0.244141, -0.732422, -0.366211,Sitting
1726442, -0.306030, -0.665772, -0.681641, 0.122070, -0.427246, -0.366211,Sitting
1726462, -0.298462, -0.665161, -0.681274, 0.061035, -0.793457, -0.366211,Sitting
1726482, -0.304199, -0.665039, -0.682495, 0.183105, -1.403808, -0.488281,Sitting
1726502, -0.306152, -0.663940, -0.681885, 0.061035, -1.464844, -0.366211,Sitting
1726522, -0.312012, -0.662476, -0.685425, 0.244141, -1.098633, -0.488281,Sitting
1726542, -0.313232, -0.666382, -0.683838, 0.244141, -0.793457, -0.549316,Sitting
1726562, -0.308228, -0.665405, -0.678345, -0.122070, -0.671386, -0.549316,Sitting
1726582, -0.305054, -0.662964, -0.680664, 0.000000, -1.098633, -0.427246,Sitting
1726602, -0.304566, -0.662110, -0.682007, -0.122070, -1.647949, -0.305176,Sitting
1726622, -0.312866, -0.660278, -0.684448, 0.183105, -1.892090, -0.427246,Sitting
1726642, -0.312866, -0.664795, -0.680542, 0.122070, -0.793457, -0.183105,Sitting
1726662, -0.303345, -0.662964, -0.681885, 0.061035, -0.427246, -0.183105,Sitting
1726682, -0.300415, -0.662476, -0.684082, 0.305176, -1.037598, -0.366211,Sitting
1726702, -0.306763, -0.665650, -0.685059, 0.305176, -1.464844, -0.671386,Sitting
1726722, -0.314453, -0.667969, -0.681519, 0.366211, -1.098633, -0.549316,Sitting
1726742, -0.305786, -0.669190, -0.678589, 0.122070, -0.732422, -0.183105,Sitting
1726762, -0.304077, -0.666992, -0.679199, -0.061035, -1.037598, -0.244141,Sitting
1726782, -0.306030, -0.665161, -0.681519, -0.183105, -1.525878, -0.427246,Sitting
1726802, -0.312256, -0.654785, -0.685181, -0.183105, -1.586914, -0.488281,Sitting
1726822, -0.318726, -0.658936, -0.686646, 0.305176, -1.159668, -0.610352,Sitting
1726842, -0.316528, -0.663818, -0.680420, 0.183105, -0.671386, -0.305176,Sitting
1726862, -0.301270, -0.666382, -0.676026, -0.122070, -0.976562, -0.244141,Sitting
1726882, -0.302246, -0.662354, -0.684082, -0.061035, -2.014160, -0.183105,Sitting
1726902, -0.315674, -0.662476, -0.686768, 0.122070, -2.380371, -0.488281,Sitting
1726922, -0.318848, -0.664307, -0.681519, 0.061035, -1.831054, -0.183105,Sitting
1726942, -0.310791, -0.663696, -0.677979, -0.183105, -1.159668, 0.000000,Sitting
1726962, -0.302612, -0.662598, -0.684082, -0.122070, -1.220704, -0.061035,Sitting
1726982, -0.305542, -0.662354, -0.686157, -0.122070, -1.647949, -0.427246,Sitting
1727002, -0.317261, -0.663696, -0.684937, 0.183105, -1.892090, -0.549316,Sitting
1727022, -0.314087, -0.667114, -0.678711, 0.061035, -1.342773, -0.366211,Sitting
1727042, -0.304810, -0.664917, -0.678223, -0.183105, -1.098633, -0.122070,Sitting
1727062, -0.308472, -0.664673, -0.681396, -0.183105, -1.403808, -0.366211,Sitting
1727082, -0.317139, -0.661865, -0.679444, -0.061035, -1.464844, -0.549316,Sitting
1727102, -0.316650, -0.663574, -0.680298, 0.122070, -1.098633, -0.488281,Sitting
1727122, -0.312256, -0.662110, -0.680542, 0.061035, -0.854492, -0.244141,Sitting
1727142, -0.312500, -0.658936, -0.684082, 0.305176, -1.098633, -0.488281,Sitting
1727162, -0.317505, -0.664185, -0.681763, 0.244141, -1.464844, -0.610352,Sitting
1727182, -0.315674, -0.662598, -0.680542, 0.122070, -1.159668, -0.183105,Sitting
1727202, -0.310425, -0.661011, -0.680420, 0.122070, -1.220704, 0.000000,Sitting
1727222, -0.311279, -0.661377, -0.682373, 0.000000, -1.464844, 0.000000,Sitting
1727242, -0.315186, -0.660156, -0.682862, 0.061035, -1.647949, -0.366211,Sitting
1727262, -0.319336, -0.662842, -0.682251, 0.305176, -1.281738, -0.427246,Sitting
1727282, -0.313599, -0.662720, -0.679932, 0.183105, -0.732422, -0.183105,Sitting
1727302, -0.314209, -0.664917, -0.681885, 0.366211, -0.854492, -0.610352,Sitting
1727322, -0.313477, -0.667114, -0.680908, 0.244141, -0.976562, -0.549316,Sitting
1727342, -0.315430, -0.663696, -0.679444, 0.000000, -0.976562, -0.305176,Sitting
1727362, -0.311646, -0.660645, -0.680054, 0.122070, -0.854492, -0.122070,Sitting
1727382, -0.313599, -0.658203, -0.683594, 0.183105, -1.098633, -0.305176,Sitting
1727402, -0.318237, -0.662354, -0.681152, 0.305176, -1.220704, -0.610352,Sitting
1727422, -0.322144, -0.665161, -0.678101, 0.183105, -1.037598, -0.244141,Sitting
1727442, -0.313232, -0.665772, -0.677856, 0.061035, -0.854492, 0.183105,Sitting
1727462, -0.310547, -0.666992, -0.676514, -0.183105, -1.342773, 0.488281,Sitting
1727482, -0.307373, -0.658814, -0.681763, -0.244141, -2.136231, 0.427246,Sitting
1727502, -0.318482, -0.655518, -0.685303, 0.061035, -2.380371, -0.244141,Sitting
1727522, -0.330933, -0.660034, -0.681519, 0.427246, -0.854492, -0.427246,Sitting
1727542, -0.321045, -0.662964, -0.676392, 0.366211, 0.061035, -0.366211,Sitting
1727562, -0.307495, -0.663208, -0.677368, 0.061035, -0.122070, -0.244141,Sitting
1727582, -0.307617, -0.658203, -0.683838, 0.244141, -1.220704, -0.427246,Sitting
1727602, -0.318359, -0.659790, -0.684448, 0.488281, -1.708984, -0.549316,Sitting
1727622, -0.327881, -0.662354, -0.680176, 0.427246, -1.037598, -0.427246,Sitting
1727642, -0.319458, -0.665039, -0.677490, 0.244141, -0.061035, -0.305176,Sitting
1727662, -0.312988, -0.663940, -0.679321, 0.183105, -0.183105, -0.305176,Sitting
1727682, -0.311768, -0.661987, -0.679810, 0.000000, -0.976562, -0.427246,Sitting
1727702, -0.314453, -0.658570, -0.682495, 0.305176, -1.525878, -0.610352,Sitting
1727722, -0.323608, -0.662598, -0.680054, 0.427246, -1.281738, -0.549316,Sitting
1727742, -0.320435, -0.658570, -0.677490, 0.244141, -0.183105, -0.244141,Sitting
1727762, -0.313965, -0.656616, -0.683350, 0.488281, -0.061035, -0.671386,Sitting
1727782, -0.318848, -0.662110, -0.681030, 0.671386, -0.244141, -1.037598,Sitting
1727802, -0.337646, -0.661621, -0.678711, 0.854492, 0.671386, -0.976562,Sitting
1727822, -0.339356, -0.665161, -0.676758, 0.854492, 2.929687, -0.671386,Sitting
1727842, -0.312134, -0.671265, -0.676392, 0.549316, 3.906249, -0.244141,Sitting
1727862, -0.299438, -0.651856, -0.683594, 0.854492, 2.197266, -0.793457,Sitting
1727882, -0.296387, -0.667358, -0.686035, 0.732422, 0.122070, -0.976562,Sitting
1727902, -0.307251, -0.666992, -0.681641, 0.427246, -1.098633, -0.427246,Sitting
1727922, -0.304443, -0.668945, -0.677490, 0.000000, -1.159668, 0.000000,Sitting
1727942, -0.309937, -0.660645, -0.682984, 0.000000, -0.793457, 0.000000,Sitting
1727962, -0.308716, -0.665039, -0.679810, 0.000000, -1.342773, -0.793457,Sitting
1727982, -0.316284, -0.665772, -0.676392, 0.000000, -1.647949, -0.671386,Sitting
1728002, -0.313965, -0.665039, -0.678345, -0.061035, -1.403808, -0.305176,Sitting
1728022, -0.321289, -0.664795, -0.681030, 0.061035, -1.037598, -0.305176,Sitting
1728042, -0.322632, -0.663940, -0.679566, 0.122070, -0.427246, -0.427246,Sitting
1728062, -0.314697, -0.661987, -0.680664, 0.122070, 0.061035, -0.366211,Sitting
1728082, -0.301392, -0.660767, -0.681885, 0.061035, -0.427246, -0.183105,Sitting
1728102, -0.305176, -0.654175, -0.686524, 0.183105, -1.586914, -0.427246,Sitting
1728122, -0.325806, -0.659424, -0.682739, 0.549316, -1.831054, -0.793457,Sitting
1728142, -0.325806, -0.665772, -0.676270, 0.366211, -0.915527, -0.427246,Sitting
1728162, -0.310669, -0.664551, -0.676758, -0.061035, -0.244141, -0.061035,Sitting
1728182, -0.314331, -0.656860, -0.687012, 0.305176, -1.647949, -0.366211,Sitting
1728202, -0.325317, -0.658081, -0.683594, 0.488281, -1.892090, -0.732422,Sitting
1728222, -0.328858, -0.662110, -0.677612, 0.610352, -0.549316, -0.488281,Sitting
1728242, -0.310059, -0.664429, -0.675904, 0.244141, 0.793457, -0.244141,Sitting
1728262, -0.305542, -0.666626, -0.681030, 0.427246, 0.061035, -0.671386,Sitting
1728282, -0.309570, -0.668457, -0.679810, 0.305176, -1.037598, -0.976562,Sitting
1728302, -0.317749, -0.668335, -0.678711, 0.183105, -1.159668, -0.488281,Sitting
1728322, -0.308472, -0.664429, -0.676636, -0.244141, -0.732422, 0.061035,Sitting
1728342, -0.309448, -0.658203, -0.682251, 0.000000, -1.281738, -0.183105,Sitting
1728362, -0.319092, -0.662232, -0.681396, 0.183105, -1.770019, -0.915527,Sitting
1728382, -0.329346, -0.662598, -0.679810, 0.122070, -1.220704, -0.671386,Sitting
1728402, -0.289795, -0.665528, -0.679077, -0.244141, 0.122070, 0.061035,Sitting
1728422, -0.306396, -0.659668, -0.682739, -0.183105, -0.610352, -0.366211,Sitting
1728442, -0.317627, -0.661133, -0.684692, 0.183105, -1.403808, -1.037598,Sitting
1728462, -0.322144, -0.665894, -0.678467, 0.122070, -0.854492, -0.671386,Sitting
1728482, -0.312256, -0.663940, -0.676026, -0.122070, 0.000000, -0.122070,Sitting
1728502, -0.303589, -0.661133, -0.681763, 0.000000, -0.305176, -0.305176,Sitting
1728522, -0.312866, -0.658936, -0.685547, 0.244141, -1.220704, -0.793457,Sitting
1728542, -0.322876, -0.663330, -0.681396, 0.366211, -1.037598, -0.854492,Sitting
1728562, -0.318726, -0.662964, -0.677734, 0.244141, -0.366211, -0.244141,Sitting
1728582, -0.310181, -0.661255, -0.681030, 0.244141, -0.549316, -0.122070,Sitting
1728602, -0.317749, -0.660278, -0.681763, 0.305176, -1.220704, -0.549316,Sitting
1728622, -0.325440, -0.661621, -0.679321, 0.244141, -0.610352, -0.549316,Sitting
1728642, -0.313232, -0.661743, -0.682617, 0.061035, 0.183105, -0.061035,Sitting
1728662, -0.311035, -0.658692, -0.685303, 0.366211, -0.244141, -0.244141,Sitting
1728682, -0.314575, -0.664185, -0.680054, 0.610352, -0.854492, -0.671386,Sitting
1728702, -0.315064, -0.667603, -0.676636, 0.305176, -0.610352, -0.671386,Sitting
1728722, -0.306519, -0.668823, -0.676880, 0.000000, -0.427246, -0.427246,Sitting
1728743, -0.305542, -0.664307, -0.683838, -0.122070, -0.854492, -0.183105,Sitting
1728763, -0.315186, -0.661255, -0.686035, 0.000000, -1.464844, -0.549316,Sitting
1728783, -0.318848, -0.659912, -0.681519, 0.122070, -1.647949, -0.549316,Sitting
1728803, -0.321899, -0.658692, -0.679199, 0.305176, -0.915527, -0.305176,Sitting
1728823, -0.316162, -0.657837, -0.681519, 0.305176, -0.366211, -0.610352,Sitting
1728843, -0.318604, -0.663574, -0.679688, 0.305176, -0.732422, -0.915527,Sitting
1728863, -0.314819, -0.664673, -0.676514, -0.061035, -0.915527, -0.671386,Sitting
1728883, -0.315430, -0.663208, -0.679566, -0.061035, -0.793457, -0.488281,Sitting
1728903, -0.313843, -0.661499, -0.682862, -0.061035, -0.976562, -0.488281,Sitting
1728923, -0.320068, -0.661255, -0.682251, 0.061035, -0.976562, -0.793457,Sitting
1728943, -0.316528, -0.663940, -0.677612, 0.061035, -0.549316, -1.098633,Sitting
1728963, -0.308594, -0.664551, -0.677246, -0.122070, -0.122070, -0.854492,Sitting
1728983, -0.307251, -0.661743, -0.682739, 0.061035, -0.549316, -0.732422,Sitting
1729003, -0.313965, -0.661987, -0.681641, 0.183105, -1.220704, -0.793457,Sitting
1729023, -0.319336, -0.663696, -0.679688, -0.061035, -1.342773, -0.793457,Sitting
1729043, -0.312378, -0.662232, -0.680420, -0.183105, -0.305176, -0.427246,Sitting
1729063, -0.313110, -0.658081, -0.685059, 0.183105, -0.610352, -0.549316,Sitting
1729083, -0.317383, -0.663086, -0.682007, 0.244141, -0.915527, -0.976562,Sitting
1729103, -0.320068, -0.665405, -0.678223, 0.183105, -0.732422, -0.732422,Sitting
1729123, -0.311035, -0.664307, -0.678345, 0.000000, -0.305176, -0.183105,Sitting
1729143, -0.306885, -0.662598, -0.681763, 0.000000, -0.732422, -0.122070,Sitting
1729163, -0.310791, -0.659424, -0.681763, 0.183105, -1.586914, -0.427246,Sitting
1729183, -0.319580, -0.661865, -0.680664, 0.366211, -1.708984, -0.549316,Sitting
1729203, -0.319580, -0.662232, -0.680664, 0.244141, -1.098633, -0.183105,Sitting
1729223, -0.315918, -0.663086, -0.680298, 0.183105, -0.793457, -0.122070,Sitting
1729243, -0.313110, -0.661865, -0.681274, 0.061035, -1.098633, -0.305176,Sitting
1729263, -0.316895, -0.660889, -0.681641, 0.061035, -1.647949, -0.427246,Sitting
1729283, -0.319214, -0.663574, -0.678467, 0.000000, -1.342773, -0.244141,Sitting
1729303, -0.316650, -0.662720, -0.680298, 0.061035, -0.976562, -0.305176,Sitting
1729323, -0.314209, -0.663818, -0.679444, -0.061035, -0.732422, -0.488281,Sitting
1729343, -0.307129, -0.661743, -0.681274, 0.000000, -0.976562, -0.488281,Sitting
1729363, -0.312988, -0.663086, -0.682129, 0.122070, -1.342773, -0.610352,Sitting
1729383, -0.315308, -0.662842, -0.681396, 0.000000, -1.586914, -0.549316,Sitting
1729403, -0.322754, -0.662720, -0.679566, -0.122070, -1.586914, -0.488281,Sitting
1729423, -0.319946, -0.660278, -0.677246, -0.244141, -1.220704, -0.305176,Sitting
1729443, -0.319702, -0.656128, -0.681396, -0.183105, -1.037598, -0.488281,Sitting
1729463, -0.319702, -0.659302, -0.681152, 0.061035, -1.220704, -0.610352,Sitting
1729483, -0.322266, -0.662110, -0.677979, 0.000000, -0.915527, -0.488281,Sitting
1729503, -0.314331, -0.662476, -0.679321, -0.122070, -0.854492, -0.427246,Sitting
1729523, -0.309570, -0.658814, -0.681763, -0.061035, -1.220704, -0.305176,Sitting
1729543, -0.317017, -0.658692, -0.684326, 0.183105, -1.586914, -0.488281,Sitting
1729563, -0.320923, -0.661255, -0.682617, 0.122070, -1.403808, -0.427246,Sitting
1729583, -0.322388, -0.658570, -0.682495, 0.244141, -0.854492, -0.366211,Sitting
1729603, -0.323364, -0.660767, -0.680176, 0.427246, -0.244141, -0.305176,Sitting
1729623, -0.315430, -0.660645, -0.678955, 0.244141, -0.427246, -0.488281,Sitting
1729643, -0.316772, -0.661987, -0.679810, 0.305176, -0.976562, -0.610352,Sitting
1729663, -0.320435, -0.663330, -0.678101, 0.122070, -1.037598, -0.427246,Sitting
1729683, -0.319946, -0.664307, -0.677246, -0.061035, -0.488281, -0.305176,Sitting
1729703, -0.317871, -0.665528, -0.678955, -0.183105, -0.305176, -0.549316,Sitting
1729723, -0.312744, -0.662110, -0.680298, -0.183105, -0.854492, -0.549316,Sitting
1729743, -0.315552, -0.660156, -0.679444, 0.000000, -1.342773, -0.671386,Sitting
1729763, -0.319458, -0.660278, -0.682007, 0.000000, -1.220704, -0.488281,Sitting
1729783, -0.322144, -0.659302, -0.682251, 0.000000, -0.854492, -0.427246,Sitting
1729803, -0.318726, -0.659424, -0.680054, -0.122070, -0.671386, -0.427246,Sitting
1729823, -0.317749, -0.657959, -0.680908, -0.061035, -0.793457, -0.488281,Sitting
1729843, -0.319702, -0.659302, -0.682495, -0.061035, -0.854492, -0.549316,Sitting
1729863, -0.321167, -0.660156, -0.682251, 0.183105, -0.732422, -0.549316,Sitting
1729883, -0.322022, -0.660400, -0.681641, 0.305176, -0.427246, -0.610352,Sitting
1729903, -0.315918, -0.658570, -0.680542, 0.305176, -0.305176, -0.488281,Sitting
1729923, -0.315918, -0.661011, -0.681030, 0.305176, -0.732422, -0.610352,Sitting
1729943, -0.317749, -0.658936, -0.679688, 0.122070, -0.976562, -0.366211,Sitting
1729963, -0.319458, -0.660156, -0.680664, 0.244141, -1.098633, -0.488281,Sitting
1729983, -0.321289, -0.661499, -0.679810, 0.183105, -0.854492, -0.366211,Sitting
1730003, -0.320068, -0.661987, -0.678345, 0.122070, -0.671386, -0.366211,Sitting
1730023, -0.318848, -0.662354, -0.678467, 0.122070, -0.671386, -0.366211,Sitting
1730043, -0.315186, -0.661621, -0.679932, 0.122070, -0.732422, -0.366211,Sitting
1730063, -0.317993, -0.660522, -0.682739, 0.244141, -0.793457, -0.549316,Sitting
1730083, -0.320313, -0.662476, -0.681519, 0.305176, -0.671386, -0.610352,Sitting
1730103, -0.316895, -0.659790, -0.680176, 0.244141, -0.610352, -0.427246,Sitting
1730123, -0.317749, -0.661255, -0.680664, 0.183105, -0.671386, -0.488281,Sitting
1730143, -0.314209, -0.659912, -0.680298, 0.061035, -1.159668, -0.427246,Sitting
1730163, -0.318604, -0.662232, -0.677612, -0.122070, -1.159668, -0.488281,Sitting
1730183, -0.321411, -0.658936, -0.681274, 0.061035, -1.037598, -0.305176,Sitting
1730203, -0.320190, -0.657593, -0.684448, 0.061035, -0.610352, -0.488281,Sitting
1730223, -0.322388, -0.657471, -0.681152, 0.305176, -0.671386, -0.610352,Sitting
1730243, -0.320801, -0.661865, -0.677368, 0.427246, -0.427246, -0.671386,Sitting
1730263, -0.316650, -0.665528, -0.677490, 0.244141, -0.244141, -0.549316,Sitting
1730283, -0.309570, -0.662598, -0.680176, 0.061035, -0.610352, -0.488281,Sitting
1730303, -0.317261, -0.660400, -0.683228, 0.000000, -1.220704, -0.549316,Sitting
1730323, -0.321655, -0.659546, -0.681885, -0.061035, -1.403808, -0.366211,Sitting
1730343, -0.320190, -0.658203, -0.680786, -0.061035, -1.098633, -0.244141,Sitting
1730363, -0.320190, -0.657959, -0.682007, 0.183105, -0.732422, -0.549316,Sitting
1730383, -0.322754, -0.658692, -0.680420, 0.122070, -0.610352, -0.671386,Sitting
1730403, -0.323486, -0.661987, -0.677979, 0.244141, -0.549316, -0.671386,Sitting
1730423, -0.316895, -0.663818, -0.676514, 0.000000, -0.427246, -0.427246,Sitting
1730443, -0.315796, -0.662354, -0.678711, -0.061035, -0.549316, -0.427246,Sitting
1730463, -0.317139, -0.661377, -0.682862, 0.122070, -0.854492, -0.610352,Sitting
1730483, -0.316772, -0.662598, -0.680298, 0.122070, -0.793457, -0.610352,Sitting
1730503, -0.312988, -0.660767, -0.678711, 0.000000, -0.793457, -0.488281,Sitting
1730523, -0.315308, -0.659302, -0.682984, 0.061035, -0.976562, -0.610352,Sitting
1730543, -0.322266, -0.660034, -0.683838, 0.122070, -0.854492, -0.793457,Sitting
1730563, -0.324951, -0.661743, -0.679810, 0.061035, -0.610352, -0.671386,Sitting
1730583, -0.318237, -0.660278, -0.677490, -0.183105, -0.671386, -0.305176,Sitting
1730603, -0.317505, -0.658692, -0.682373, -0.122070, -1.098633, -0.427246,Sitting
1730623, -0.323364, -0.658570, -0.682129, 0.061035, -1.281738, -0.610352,Sitting
1730643, -0.324219, -0.660034, -0.680176, 0.122070, -0.671386, -0.610352,Sitting
1730663, -0.317749, -0.659424, -0.679932, 0.061035, -0.244141, -0.366211,Sitting
1730683, -0.313843, -0.656006, -0.683228, 0.244141, -0.610352, -0.488281,Sitting
1730703, -0.319458, -0.661499, -0.682129, 0.427246, -1.159668, -0.732422,Sitting
1730723, -0.325562, -0.663452, -0.679321, 0.244141, -0.976562, -0.549316,Sitting
1730743, -0.320679, -0.662964, -0.677979, -0.061035, -0.366211, -0.061035,Sitting
1730763, -0.307129, -0.657837, -0.679077, -0.366211, -0.610352, 0.122070,Sitting
1730783, -0.314941, -0.653809, -0.683838, 0.183105, -1.831054, -0.427246,Sitting
1730803, -0.324463, -0.660278, -0.679321, 0.366211, -1.953124, -0.610352,Sitting
1730823, -0.331421, -0.660156, -0.678833, 0.366211, -0.366211, -0.366211,Sitting
1730843, -0.314575, -0.659302, -0.679321, 0.122070, 0.183105, -0.305176,Sitting
1730863, -0.313965, -0.660156, -0.683716, 0.305176, -0.488281, -0.732422,Sitting
1730883, -0.313110, -0.662842, -0.683716, 0.305176, -1.159668, -0.793457,Sitting
1730903, -0.320801, -0.663086, -0.679688, 0.061035, -1.342773, -0.366211,Sitting
1730923, -0.317871, -0.659302, -0.678833, -0.122070, -1.281738, -0.122070,Sitting
1730943, -0.318482, -0.657715, -0.682007, 0.122070, -1.281738, -0.427246,Sitting
1730963, -0.319214, -0.657837, -0.682129, 0.366211, -1.281738, -0.915527,Sitting
1730983, -0.327026, -0.660645, -0.680664, 0.427246, -0.915527, -0.671386,Sitting
1731003, -0.324097, -0.664185, -0.677979, 0.427246, -0.183105, -0.244141,Sitting
1731023, -0.309448, -0.661865, -0.679321, 0.244141, -0.305176, -0.366211,Sitting
1731043, -0.316528, -0.661011, -0.683594, 0.427246, -1.525878, -0.793457,Sitting
1731063, -0.326294, -0.661987, -0.680054, 0.305176, -1.281738, -0.488281,Sitting
1731083, -0.320801, -0.658814, -0.678955, 0.244141, -0.610352, -0.305176,Sitting
1731103, -0.324585, -0.653320, -0.682984, 0.610352, -0.549316, -0.366211,Sitting
1731123, -0.325806, -0.658570, -0.678589, 0.671386, -0.488281, -0.732422,Sitting
1731143, -0.327637, -0.663086, -0.675049, 0.732422, -0.488281, -0.793457,Sitting
1731163, -0.322266, -0.667480, -0.671753, 0.305176, -0.366211, -0.305176,Sitting
1731183, -0.317627, -0.660522, -0.676270, -0.122070, -0.427246, 0.122070,Sitting
1731203, -0.323364, -0.656372, -0.683960, 0.244141, -0.793457, -0.305176,Sitting
1731223, -0.325440, -0.658570, -0.684204, 0.549316, -0.915527, -0.366211,Sitting
1731243, -0.318115, -0.659668, -0.679321, 0.427246, -0.488281, -0.305176,Sitting
1731263, -0.320679, -0.665039, -0.679688, 0.488281, 0.122070, 0.305176,Sitting
1731283, -0.319702, -0.664185, -0.679566, 0.549316, -0.183105, -0.793457,Sitting
1731303, -0.321167, -0.658447, -0.677734, 0.732422, 0.000000, -0.915527,Sitting
1731323, -0.315674, -0.670532, -0.677246, 0.366211, 0.244141, -0.671386,Sitting
1731343, -0.310791, -0.665405, -0.679199, 0.244141, 0.183105, -0.915527,Sitting
1731363, -0.313721, -0.665650, -0.681519, 0.061035, -0.366211, -0.915527,Sitting
1731383, -0.318970, -0.661743, -0.679566, 0.061035, -0.488281, -1.220704,Sitting
1731403, -0.315552, -0.664673, -0.677612, -0.061035, -0.366211, -0.915527,Sitting
1731423, -0.311157, -0.662476, -0.677490, -0.244141, -0.305176, -0.793457,Sitting
1731443, -0.316406, -0.661987, -0.683472, 0.000000, -0.610352, -0.915527,Sitting
1731463, -0.319214, -0.659180, -0.682862, 0.061035, -0.854492, -1.159668,Sitting
1731483, -0.328613, -0.655640, -0.679566, 0.122070, -0.610352, -0.854492,Sitting
1731503, -0.326294, -0.653809, -0.677612, 0.305176, 0.000000, -0.610352,Sitting
1731523, -0.323364, -0.659058, -0.679077, 0.427246, 0.366211, -0.732422,Sitting
1731543, -0.321533, -0.661743, -0.680298, 0.427246, 0.366211, -0.671386,Sitting
1731563, -0.318237, -0.663818, -0.679810, 0.244141, 0.427246, -0.610352,Sitting
1731583, -0.315308, -0.659546, -0.683594, 0.366211, 0.122070, -0.488281,Sitting
1731603, -0.312988, -0.659302, -0.681885, 0.488281, 0.000000, -0.549316,Sitting
1731623, -0.311401, -0.662598, -0.678467, 0.488281, -0.244141, -0.549316,Sitting
1731643, -0.308106, -0.666992, -0.677734, 0.244141, -0.488281, -0.610352,Sitting
1731663, -0.310669, -0.665772, -0.681641, 0.061035, -1.098633, -0.366211,Sitting
1731683, -0.316162, -0.664917, -0.680542, 0.000000, -1.220704, -0.366211,Sitting
1731703, -0.317993, -0.658570, -0.682984, -0.061035, -0.732422, -0.488281,Sitting
1731723, -0.314331, -0.660034, -0.679566, 0.122070, -0.732422, -0.610352,Sitting
1731743, -0.319092, -0.661499, -0.678833, 0.244141, -0.854492, -0.671386,Sitting
1731763, -0.324463, -0.664185, -0.678955, 0.305176, -0.427246, -0.732422,Sitting
1731783, -0.316895, -0.662720, -0.679444, 0.183105, 0.061035, -0.366211,Sitting
1731803, -0.307129, -0.660400, -0.680664, 0.183105, -0.305176, -0.305176,Sitting
1731823, -0.309204, -0.661255, -0.682984, 0.366211, -1.281738, -0.427246,Sitting
1731843, -0.321899, -0.660034, -0.683960, 0.427246, -1.342773, -0.549316,Sitting
1731863, -0.326050, -0.655762, -0.682984, 0.671386, -0.366211, -0.366211,Sitting
1731883, -0.319702, -0.658203, -0.681519, 0.854492, 0.305176, -0.488281,Sitting
1731903, -0.312256, -0.664429, -0.677856, 0.732422, -0.122070, -0.671386,Sitting
1731923, -0.316406, -0.667480, -0.675537, 0.427246, -0.976562, -0.671386,Sitting
1731943, -0.316528, -0.665283, -0.677856, 0.122070, -0.793457, -0.366211,Sitting
1731963, -0.313843, -0.660889, -0.683228, 0.061035, -0.549316, -0.488281,Sitting
1731983, -0.316895, -0.660522, -0.683472, 0.427246, -0.427246, -0.915527,Sitting
1732003, -0.313721, -0.662476, -0.679688, 0.366211, -0.305176, -1.159668,Sitting
1732023, -0.314453, -0.661621, -0.680420, 0.305176, -0.183105, -1.037598,Sitting
1732043, -0.312988, -0.661499, -0.680054, 0.305176, -0.244141, -0.732422,Sitting
1732063, -0.312500, -0.664185, -0.677734, 0.244141, -0.793457, -0.793457,Sitting
1732083, -0.312622, -0.667236, -0.675171, 0.122070, -1.220704, -0.793457,Sitting
1732103, -0.313721, -0.665772, -0.678101, -0.183105, -1.342773, -0.488281,Sitting
1732123, -0.315552, -0.661011, -0.682862, -0.122070, -1.464844, -0.305176,Sitting
1732143, -0.318970, -0.660522, -0.682129, 0.061035, -1.647949, -0.366211,Sitting
1732163, -0.313355, -0.666748, -0.677734, -0.061035, -1.708984, -0.366211,Sitting
1732183, -0.304443, -0.663452, -0.678589, -0.427246, -2.319336, 0.061035,Sitting
1732203, -0.312012, -0.660156, -0.680054, -0.610352, -3.479003, 0.244141,Sitting
1732223, -0.317505, -0.668091, -0.672730, -0.732422, -4.516602, 0.305176,Sitting
1732243, -0.318359, -0.672608, -0.671631, -0.976562, -4.455568, 0.366211,Sitting
1732263, -0.321289, -0.669800, -0.685303, -0.488281, -3.601074, 0.427246,Sitting
1732283, -0.332398, -0.664062, -0.690430, -0.183105, -2.197266, 0.366211,Sitting
1732303, -0.333862, -0.651001, -0.692993, 0.549316, -0.244141, -0.366211,Sitting
1732323, -0.331299, -0.648560, -0.682984, 1.037598, 1.770019, -1.281738,Sitting
1732343, -0.322876, -0.649048, -0.675049, 1.159668, 2.807617, -1.647949,Sitting
1732363, -0.316040, -0.661987, -0.667480, 0.732422, 2.075196, -1.586914,Sitting
1732383, -0.323364, -0.670166, -0.667480, 0.366211, 1.098633, -1.281738,Sitting
1732403, -0.313110, -0.673706, -0.666382, -0.305176, 0.366211, -0.732422,Sitting
1732423, -0.303955, -0.667603, -0.673462, -0.732422, -0.793457, -0.244141,Sitting
1732443, -0.307129, -0.659058, -0.682129, -0.671386, -2.441407, -0.305176,Sitting
1732463, -0.322510, -0.662598, -0.684937, -0.427246, -3.417968, -0.366211,Sitting
1732483, -0.326904, -0.657959, -0.682617, -0.732422, -2.563476, -0.183105,Sitting
1732503, -0.321411, -0.656006, -0.686890, -0.427246, -1.281738, -0.061035,Sitting
1732523, -0.314697, -0.655029, -0.688354, -0.427246, -0.732422, -0.122070,Sitting
1732543, -0.318115, -0.657349, -0.686157, -0.061035, -1.098633, -0.366211,Sitting
1732563, -0.320801, -0.662354, -0.680908, 0.122070, -1.098633, -0.488281,Sitting
1732583, -0.314087, -0.662354, -0.680908, 0.000000, -0.366211, -0.183105,Sitting
1732603, -0.313843, -0.661499, -0.681519, 0.061035, -0.488281, -0.488281,Sitting
1732623, -0.316528, -0.661743, -0.676270, -0.061035, -1.037598, -0.671386,Sitting
1732643, -0.313599, -0.664429, -0.673218, -0.244141, -1.342773, -0.488281,Sitting
1732663, -0.310425, -0.664062, -0.677612, -0.427246, -1.464844, -0.183105,Sitting
1732683, -0.317017, -0.662110, -0.683472, -0.427246, -2.014160, -0.244141,Sitting
1732703, -0.325806, -0.656494, -0.683716, -0.366211, -2.502442, -0.366211,Sitting
1732723, -0.332275, -0.655152, -0.678955, -0.244141, -2.258301, -0.122070,Sitting
1732743, -0.329590, -0.655640, -0.677124, -0.122070, -1.281738, 0.122070,Sitting
1732763, -0.326172, -0.655274, -0.682739, 0.061035, -0.732422, -0.122070,Sitting
1732783, -0.320313, -0.657959, -0.683838, 0.183105, -0.610352, -0.427246,Sitting
1732803, -0.317993, -0.660278, -0.680054, 0.122070, -0.366211, -0.183105,Sitting
1732823, -0.310059, -0.662232, -0.680664, 0.122070, -1.037598, -0.122070,Sitting
1732843, -0.313477, -0.663330, -0.680054, 0.000000, -1.647949, -0.122070,Sitting
1732863, -0.320068, -0.660278, -0.680176, 0.061035, -1.953124, -0.305176,Sitting
1732883, -0.322144, -0.659058, -0.678223, -0.244141, -1.586914, 0.000000,Sitting
1732903, -0.326172, -0.656250, -0.679810, 0.000000, -1.525878, -0.061035,Sitting
1732923, -0.325928, -0.658570, -0.679199, 0.061035, -1.586914, -0.488281,Sitting
1732943, -0.329956, -0.658936, -0.677490, 0.000000, -1.586914, -0.549316,Sitting
1732963, -0.327393, -0.658081, -0.679932, 0.000000, -1.159668, -0.305176,Sitting
1732983, -0.327637, -0.656982, -0.682862, 0.000000, -0.793457, -0.244141,Sitting
1733003, -0.325073, -0.657837, -0.680420, 0.122070, -0.793457, -0.244141,Sitting
1733023, -0.327759, -0.660522, -0.679321, 0.305176, -0.610352, -0.427246,Sitting
1733043, -0.320068, -0.661743, -0.677368, 0.000000, -0.061035, -0.305176,Sitting
1733063, -0.319092, -0.661255, -0.679077, -0.061035, -0.732422, -0.915527,Sitting
1733083, -0.317749, -0.659546, -0.679932, 0.183105, -1.220704, -0.732422,Sitting
1733103, -0.321289, -0.659058, -0.683838, 0.061035, -1.464844, -0.549316,Sitting
1733123, -0.326172, -0.658814, -0.681274, 0.122070, -1.037598, -0.366211,Sitting
1733143, -0.329102, -0.656982, -0.680908, 0.122070, -0.610352, -0.183105,Sitting
1733163, -0.322632, -0.654907, -0.678833, 0.244141, -0.488281, -0.610352,Sitting
1733183, -0.323608, -0.657104, -0.682373, 0.488281, -0.366211, -0.549316,Sitting
1733203, -0.326050, -0.661011, -0.678955, 0.366211, -0.183105, -0.488281,Sitting
1733223, -0.327026, -0.662842, -0.676026, 0.366211, -0.244141, -0.488281,Sitting
1733243, -0.316528, -0.660889, -0.679199, 0.244141, -0.244141, -0.671386,Sitting
1733263, -0.317627, -0.658814, -0.684082, 0.183105, -0.183105, -0.488281,Sitting
1733283, -0.322022, -0.659180, -0.684082, 0.305176, -0.549316, -0.488281,Sitting
1733303, -0.321411, -0.658814, -0.681030, 0.366211, -0.915527, -0.549316,Sitting
1733323, -0.321167, -0.656250, -0.678345, 0.183105, -0.793457, -0.549316,Sitting
1733343, -0.330933, -0.656128, -0.681641, 0.488281, -0.427246, -0.610352,Sitting
1733363, -0.327881, -0.657227, -0.679321, 0.366211, -0.061035, -0.671386,Sitting
1733383, -0.330933, -0.659302, -0.677856, 0.488281, 0.061035, -0.793457,Sitting
1733403, -0.321045, -0.661377, -0.676880, 0.183105, 0.305176, -0.427246,Sitting
1733423, -0.315552, -0.659790, -0.678711, 0.122070, 0.061035, -0.366211,Sitting
1733443, -0.320313, -0.663330, -0.681641, 0.366211, -0.305176, -0.793457,Sitting
1733463, -0.321655, -0.662598, -0.679688, 0.183105, -0.122070, -0.915527,Sitting
1733483, -0.314331, -0.657837, -0.679810, 0.122070, -0.183105, -0.793457,Sitting
1733503, -0.323242, -0.658081, -0.681763, 0.244141, -0.366211, -0.793457,Sitting
1733523, -0.322022, -0.656982, -0.679321, 0.244141, -0.366211, -0.793457,Sitting
1733543, -0.322266, -0.660889, -0.677246, 0.183105, -0.366211, -0.671386,Sitting
1733563, -0.320313, -0.660767, -0.680786, 0.061035, -0.305176, -0.488281,Sitting
1733583, -0.321533, -0.659546, -0.682251, 0.122070, -0.183105, -0.671386,Sitting
1733603, -0.323975, -0.658692, -0.682007, 0.183105, -0.183105, -0.671386,Sitting
1733623, -0.317993, -0.655640, -0.680664, 0.244141, -0.122070, -0.671386,Sitting
1733643, -0.319214, -0.658325, -0.680908, 0.488281, -0.305176, -0.793457,Sitting
1733663, -0.321899, -0.660767, -0.680664, 0.488281, -0.244141, -0.793457,Sitting
1733683, -0.321655, -0.658692, -0.681641, 0.488281, -0.061035, -0.671386,Sitting
1733703, -0.318359, -0.660645, -0.680542, 0.427246, -0.183105, -0.671386,Sitting
1733723, -0.318359, -0.661011, -0.679321, 0.549316, -0.244141, -0.610352,Sitting
1733743, -0.321289, -0.660400, -0.679932, 0.488281, 0.000000, -0.610352,Sitting
1733763, -0.319946, -0.659668, -0.680908, 0.305176, 0.305176, -0.549316,Sitting
1733783, -0.315552, -0.662476, -0.680542, 0.488281, 0.183105, -0.915527,Sitting
1733803, -0.309570, -0.666504, -0.677979, 0.244141, 0.061035, -0.610352,Sitting
1733823, -0.315186, -0.665528, -0.680298, 0.366211, -0.122070, -0.793457,Sitting
1733843, -0.318970, -0.662232, -0.681396, 0.244141, -0.061035, -0.976562,Sitting
1733863, -0.321655, -0.660889, -0.682617, 0.183105, 0.305176, -0.915527,Sitting
1733883, -0.315064, -0.658692, -0.681030, 0.000000, 0.427246, -0.732422,Sitting
1733903, -0.312256, -0.658570, -0.680176, 0.122070, -0.488281, -0.854492,Sitting
1733923, -0.322754, -0.659424, -0.679566, 0.305176, -0.732422, -1.037598,Sitting
1733943, -0.326294, -0.661621, -0.678711, 0.122070, -0.061035, -0.854492,Sitting
1733963, -0.317261, -0.660889, -0.680664, 0.000000, 0.366211, -0.793457,Sitting
1733983, -0.315918, -0.661011, -0.682984, 0.122070, -0.122070, -0.915527,Sitting
1734003, -0.316162, -0.657715, -0.683228, 0.183105, -0.610352, -0.793457,Sitting
1734023, -0.322388, -0.656006, -0.681274, 0.549316, -0.488281, -0.610352,Sitting
1734043, -0.320068, -0.663330, -0.679444, 0.732422, 0.183105, -0.488281,Sitting
1734063, -0.313843, -0.663452, -0.679444, 0.427246, 0.427246, -0.488281,Sitting
1734083, -0.312256, -0.660645, -0.683472, 0.366211, 0.061035, -0.671386,Sitting
1734103, -0.316528, -0.663208, -0.682862, 0.305176, -0.305176, -0.488281,Sitting
1734123, -0.308594, -0.664307, -0.679566, 0.000000, -0.244141, -0.305176,Sitting
1734143, -0.307129, -0.663330, -0.681274, 0.000000, -0.122070, -0.549316,Sitting
1734163, -0.305420, -0.662476, -0.683960, -0.061035, -0.427246, -0.915527,Sitting
1734183, -0.312744, -0.663818, -0.682007, 0.000000, -0.793457, -1.220704,Sitting
1734203, -0.317261, -0.667358, -0.680176, -0.061035, -0.610352, -0.915527,Sitting
1734223, -0.314453, -0.664429, -0.679566, -0.366211, -0.061035, -0.793457,Sitting
1734243, -0.308838, -0.663574, -0.679199, -0.366211, 0.000000, -0.915527,Sitting
1734263, -0.313599, -0.658692, -0.683594, -0.122070, -0.488281, -1.098633,Sitting
1734283, -0.313721, -0.659302, -0.681885, -0.061035, -0.610352, -1.098633,Sitting
1734303, -0.319824, -0.659912, -0.681152, 0.000000, -0.488281, -0.854492,Sitting
1734323, -0.314697, -0.659668, -0.684326, -0.122070, 0.183105, -0.793457,Sitting
1734343, -0.314209, -0.656006, -0.688599, 0.244141, 0.061035, -1.037598,Sitting
1734363, -0.310547, -0.661621, -0.682862, 0.183105, -0.488281, -0.976562,Sitting
1734383, -0.312378, -0.662598, -0.678223, 0.122070, -0.854492, -0.671386,Sitting
1734403, -0.310425, -0.660889, -0.679932, 0.000000, -0.854492, -0.488281,Sitting
1734423, -0.317261, -0.659912, -0.682739, 0.061035, -0.549316, -0.488281,Sitting
1734443, -0.316040, -0.658570, -0.683350, 0.183105, -0.122070, -0.793457,Sitting
1734463, -0.308350, -0.662232, -0.682495, 0.366211, -0.061035, -0.976562,Sitting
1734483, -0.307373, -0.665772, -0.681641, 0.183105, -0.366211, -0.793457,Sitting
1734503, -0.310181, -0.664795, -0.682739, 0.000000, -0.427246, -0.671386,Sitting
1734523, -0.310669, -0.664673, -0.681885, -0.183105, -0.366211, -0.732422,Sitting
1734543, -0.306641, -0.664673, -0.682129, -0.366211, -0.610352, -0.549316,Sitting
1734563, -0.310547, -0.661133, -0.682739, -0.366211, -1.220704, -0.610352,Sitting
1734583, -0.310547, -0.660034, -0.683472, -0.244141, -0.915527, -0.732422,Sitting
1734603, -0.310425, -0.660156, -0.684814, 0.061035, -0.732422, -0.915527,Sitting
1734623, -0.311524, -0.664185, -0.681885, 0.183105, -0.549316, -0.976562,Sitting
1734643, -0.309204, -0.664551, -0.681763, 0.000000, -0.488281, -0.915527,Sitting
1734663, -0.309814, -0.663086, -0.683472, -0.183105, -0.549316, -0.732422,Sitting
1734683, -0.307495, -0.659180, -0.686646, -0.366211, -0.915527, -0.488281,Sitting
1734703, -0.313232, -0.654175, -0.686890, -0.244141, -1.342773, -0.671386,Sitting
1734723, -0.315430, -0.655762, -0.683838, -0.183105, -1.403808, -0.732422,Sitting
1734743, -0.317383, -0.657837, -0.683716, -0.183105, -0.976562, -0.610352,Sitting
1734763, -0.312988, -0.658814, -0.684814, -0.061035, -0.610352, -0.488281,Sitting
1734783, -0.310669, -0.660034, -0.684814, 0.000000, -0.854492, -0.610352,Sitting
1734803, -0.309082, -0.659424, -0.683838, 0.244141, -0.976562, -0.549316,Sitting
1734823, -0.309448, -0.661743, -0.686402, 0.305176, -0.610352, -0.427246,Sitting
1734843, -0.301880, -0.661865, -0.682251, 0.183105, -0.671386, -0.305176,Sitting
1734863, -0.307129, -0.663330, -0.682495, 0.488281, -1.281738, -0.549316,Sitting
1734883, -0.307861, -0.668823, -0.679810, 0.305176, -1.220704, -0.549316,Sitting
1734903, -0.306519, -0.666748, -0.682739, 0.122070, -1.037598, -0.305176,Sitting
1734923, -0.304688, -0.665772, -0.685181, 0.000000, -1.098633, -0.244141,Sitting
1734943, -0.311768, -0.662598, -0.688599, 0.061035, -1.342773, -0.366211,Sitting
1734963, -0.320190, -0.661621, -0.687622, 0.061035, -0.976562, -0.610352,Sitting
1734983, -0.324341, -0.653931, -0.683960, 0.061035, -0.061035, -0.427246,Sitting
1735003, -0.314453, -0.655152, -0.681396, 0.244141, 0.854492, -0.671386,Sitting
1735023, -0.310669, -0.657837, -0.679321, 0.366211, 0.366211, -0.732422,Sitting
1735043, -0.310059, -0.661621, -0.682129, 0.305176, -0.183105, -0.732422,Sitting
1735063, -0.312012, -0.663208, -0.682862, 0.183105, -0.671386, -0.305176,Sitting
1735083, -0.312988, -0.661743, -0.683106, 0.366211, -1.159668, -0.427246,Sitting
1735103, -0.317017, -0.659180, -0.685425, 0.549316, -0.732422, -0.671386,Sitting
1735123, -0.319336, -0.659790, -0.683838, 0.671386, 0.366211, -0.610352,Sitting
1735143, -0.310181, -0.657837, -0.685425, 0.671386, 1.159668, -0.549316,Sitting
1735163, -0.304810, -0.658081, -0.686768, 0.854492, 0.854492, -0.732422,Sitting
1735183, -0.302368, -0.663086, -0.683838, 0.793457, -0.061035, -0.976562,Sitting
1735203, -0.311768, -0.663818, -0.683472, 0.671386, -0.549316, -0.793457,Sitting
1735223, -0.309448, -0.664429, -0.682251, 0.183105, 0.122070, -0.244141,Sitting
1735243, -0.303101, -0.663452, -0.684814, 0.244141, 0.122070, -0.488281,Sitting
1735263, -0.305786, -0.666138, -0.686035, 0.366211, -0.427246, -0.854492,Sitting
1735283, -0.308350, -0.664062, -0.685303, 0.427246, -0.549316, -0.915527,Sitting
1735303, -0.309570, -0.665650, -0.682862, 0.610352, -0.183105, -0.976562,Sitting
1735323, -0.306152, -0.664185, -0.682739, 0.427246, 0.427246, -0.793457,Sitting
1735343, -0.298218, -0.657349, -0.683838, 0.366211, 0.671386, -1.159668,Sitting
1735363, -0.309937, -0.657959, -0.684570, 0.610352, 0.488281, -1.464844,Sitting
1735383, -0.311157, -0.656616, -0.685669, 0.854492, 0.183105, -1.403808,Sitting
1735403, -0.315674, -0.670532, -0.678833, 0.671386, 0.427246, -1.342773,Sitting
1735423, -0.310059, -0.671143, -0.678223, 0.122070, 0.976562, -0.671386,Sitting
1735443, -0.289673, -0.657471, -0.686890, 0.122070, 0.061035, -0.427246,Sitting
1735463, -0.305786, -0.658936, -0.689087, 0.549316, -1.037598, -0.671386,Sitting
1735483, -0.309814, -0.665528, -0.685791, 0.610352, -1.098633, -0.793457,Sitting
1735503, -0.308106, -0.666870, -0.683228, 0.427246, -0.366211, -0.427246,Sitting
1735523, -0.297852, -0.664673, -0.684570, 0.183105, -0.366211, -0.122070,Sitting
1735543, -0.296631, -0.659180, -0.686279, 0.183105, -1.342773, -0.427246,Sitting
1735563, -0.303345, -0.664185, -0.682984, 0.671386, -2.319336, -0.854492,Sitting
1735583, -0.312134, -0.673584, -0.675537, 0.305176, -1.831054, -0.366211,Sitting
1735603, -0.308838, -0.672119, -0.675904, -0.061035, -0.244141, 0.061035,Sitting
1735623, -0.298096, -0.667969, -0.685669, -0.244141, 0.305176, 0.061035,Sitting
1735643, -0.289551, -0.661011, -0.688599, -0.244141, -0.732422, -0.244141,Sitting
1735663, -0.307983, -0.664429, -0.690674, 0.732422, -1.892090, -1.098633,Sitting
1735683, -0.323242, -0.666016, -0.685547, 0.549316, -0.671386, -0.854492,Sitting
1735703, -0.325562, -0.657959, -0.681030, 0.366211, 0.854492, -0.549316,Sitting
1735723, -0.311890, -0.653076, -0.680664, 0.305176, 1.220704, -0.549316,Sitting
1735743, -0.297363, -0.657715, -0.683106, 0.244141, 0.000000, -0.793457,Sitting
1735763, -0.303223, -0.662476, -0.687866, 0.366211, -1.647949, -0.976562,Sitting
1735783, -0.320923, -0.663940, -0.686524, 0.183105, -1.586914, -0.488281,Sitting
1735803, -0.317871, -0.664673, -0.679566, -0.122070, -0.305176, -0.183105,Sitting
1735823, -0.296753, -0.672119, -0.674316, -0.183105, 0.366211, -0.244141,Sitting
1735843, -0.279541, -0.674438, -0.680054, -0.427246, -0.183105, -0.549316,Sitting
1735863, -0.290405, -0.672241, -0.687988, -0.305176, -1.220704, -0.854492,Sitting
1735883, -0.307373, -0.665528, -0.685425, 0.000000, -1.098633, -0.549316,Sitting
1735903, -0.299316, -0.665405, -0.678589, -0.061035, -0.610352, -0.610352,Sitting
1735923, -0.307251, -0.660767, -0.682739, 0.000000, -0.122070, -0.671386,Sitting
1735943, -0.310303, -0.658447, -0.687134, 0.000000, 0.061035, -0.976562,Sitting
1735963, -0.309692, -0.661743, -0.685059, -0.061035, -0.549316, -0.732422,Sitting
1735983, -0.305908, -0.668579, -0.679810, -0.427246, -1.037598, -0.366211,Sitting
1736003, -0.296509, -0.664429, -0.680176, -0.976562, -1.342773, 0.061035,Sitting
1736023, -0.305542, -0.658203, -0.690064, -0.671386, -2.014160, -0.305176,Sitting
1736043, -0.312378, -0.661133, -0.690308, -0.366211, -2.014160, -0.854492,Sitting
1736063, -0.306152, -0.660156, -0.685791, -0.305176, -1.220704, -0.366211,Sitting
1736083, -0.295654, -0.658814, -0.688232, -0.122070, -1.281738, -0.244141,Sitting
1736103, -0.299927, -0.666016, -0.684692, -0.122070, -2.441407, -0.488281,Sitting
1736123, -0.297974, -0.672608, -0.677979, -0.244141, -3.051757, -0.427246,Sitting
1736143, -0.294800, -0.675904, -0.679199, -0.671386, -3.356933, 0.183105,Sitting
1736163, -0.296143, -0.672119, -0.682129, -0.976562, -4.211426, 0.183105,Sitting
1736183, -0.310425, -0.669678, -0.680054, -0.915527, -4.638672, -0.610352,Sitting
1736203, -0.318359, -0.661743, -0.684692, -0.610352, -3.662109, -1.037598,Sitting
1736223, -0.319458, -0.647827, -0.692261, -0.427246, -1.586914, -0.610352,Sitting
1736243, -0.317261, -0.635620, -0.696900, 0.366211, 0.000000, -0.732422,Sitting
1736263, -0.321167, -0.640747, -0.691040, 1.281738, -0.061035, -1.586914,Sitting
1736283, -0.329102, -0.646606, -0.681519, 1.098633, -0.122070, -1.525878,Sitting
1736303, -0.333496, -0.648071, -0.674683, 0.976562, 0.549316, -0.915527,Sitting
1736323, -0.327515, -0.645752, -0.677490, 1.037598, 0.366211, 0.671386,Sitting
1736343, -0.331909, -0.668457, -0.674194, 1.770019, -0.427246, 1.098633,Sitting
1736363, -0.310547, -0.674805, -0.683838, 1.770019, -0.183105, 1.525878,Sitting
1736383, -0.319580, -0.665528, -0.698242, 2.319336, 1.220704, 1.464844,Sitting
1736403, -0.321777, -0.660889, -0.702393, 3.417968, 2.807617, 0.610352,Sitting
1736423, -0.329956, -0.668335, -0.692627, 4.028321, 4.943848, -0.549316,Sitting
1736443, -0.307373, -0.672119, -0.677490, 3.601074, 7.568358, -1.098633,Sitting
1736463, -0.273438, -0.669800, -0.676148, 3.356933, 8.544924, -1.586914,Sitting
1736483, -0.250855, -0.684570, -0.676270, 1.586914, 6.469726, -2.136231,Sitting
1736503, -0.234985, -0.679566, -0.679688, -2.197266, 1.892090, -1.525878,Sitting
1736523, -0.269043, -0.677734, -0.687256, -1.403808, -0.671386, -2.075196,Sitting
1736543, -0.278320, -0.692383, -0.667114, -1.647949, -0.915527, -2.563476,Sitting
1736563, -0.289429, -0.688965, -0.668091, -0.854492, -0.732422, -2.685546,Sitting
1736583, -0.306885, -0.675293, -0.681885, -0.610352, 0.366211, -2.868652,Sitting
1736603, -0.303467, -0.656616, -0.684692, -0.183105, 0.976562, -2.685546,Sitting
1736623, -0.314819, -0.651245, -0.686279, 0.915527, 0.305176, -2.929687,Sitting
1736643, -0.307251, -0.653198, -0.689575, 0.793457, 0.122070, -2.807617,Sitting
1736663, -0.310791, -0.656372, -0.689453, 0.305176, -0.122070, -2.746581,Sitting
1736683, -0.318604, -0.664185, -0.681152, 0.183105, -0.305176, -2.136231,Sitting
1736703, -0.305908, -0.652344, -0.687134, -0.671386, 0.061035, -0.976562,Sitting
1736723, -0.300903, -0.641724, -0.695435, -0.183105, -0.244141, -0.122070,Sitting
1736743, -0.301270, -0.649292, -0.696655, 0.549316, -1.403808, -0.183105,Sitting
1736763, -0.306152, -0.670410, -0.684082, 1.159668, -1.647949, -0.366211,Sitting
1736783, -0.288818, -0.679077, -0.680298, 0.732422, -0.793457, 0.244141,Sitting
1736803, -0.274170, -0.681030, -0.683594, 0.244141, -0.915527, 0.427246,Sitting
1736823, -0.276245, -0.676148, -0.682617, -0.183105, -1.953124, 0.061035,Sitting
1736843, -0.287598, -0.668701, -0.682617, -0.183105, -2.197266, -0.061035,Sitting
1736863, -0.288574, -0.660156, -0.684814, 0.488281, -0.976562, 0.122070,Sitting
1736883, -0.289429, -0.663574, -0.687500, 1.281738, 0.122070, 0.183105,Sitting
1736903, -0.289429, -0.673706, -0.683106, 1.342773, 0.366211, -0.366211,Sitting
1736923, -0.286011, -0.682373, -0.682495, 0.732422, -0.427246, -0.610352,Sitting
1736943, -0.274902, -0.686768, -0.679566, -0.427246, -2.624511, -0.976562,Sitting
1736963, -0.293213, -0.681274, -0.684937, -0.976562, -2.990722, -0.122070,Sitting
1736983, -0.310303, -0.658814, -0.685059, -1.464844, -3.540038, -0.122070,Sitting
1737003, -0.318482, -0.656494, -0.673706, -1.037598, -2.746581, -0.366211,Sitting
1737023, -0.317627, -0.654053, -0.682739, -0.305176, -0.488281, -0.488281,Sitting
1737043, -0.305542, -0.662842, -0.695312, 0.671386, 1.525878, -1.098633,Sitting
1737063, -0.302124, -0.670410, -0.694092, 1.281738, 2.075196, -1.464844,Sitting
1737083, -0.300537, -0.670654, -0.689453, 1.525878, 2.380371, -1.953124,Sitting
1737103, -0.282593, -0.665894, -0.682739, 0.793457, 2.868652, -2.136231,Sitting
1737123, -0.291382, -0.666748, -0.678711, 0.732422, 2.197266, -2.014160,Sitting
1737143, -0.275757, -0.676148, -0.664673, -0.549316, 0.915527, -2.380371,Sitting
1737163, -0.265503, -0.680908, -0.665894, -1.892090, -2.868652, -3.417968,Sitting
1737183, -0.274902, -0.684082, -0.680054, -3.112792, -5.249022, -2.319336,Sitting
1737203, -0.249268, -0.667847, -0.701416, -4.272462, -6.164550, 1.037598,Sitting
1737223, -0.265869, -0.661255, -0.697388, -3.356933, -7.141112, 0.671386,Sitting
1737243, -0.314087, -0.648194, -0.696289, -2.502442, -6.042480, 2.014160,Sitting
1737263, -0.315796, -0.645142, -0.700073, -0.549316, -4.211426, 1.892090,Sitting
1737283, -0.306519, -0.638916, -0.698486, 1.159668, -2.929687, 1.037598,Sitting
1737303, -0.345215, -0.637207, -0.711792, 3.173828, -0.854492, 0.183105,Sitting
1737323, -0.367798, -0.653076, -0.700562, 4.516602, 2.563476, -1.159668,Sitting
1737343, -0.335205, -0.671631, -0.664673, 3.967285, 4.577638, -1.281738,Sitting
1737363, -0.310669, -0.684692, -0.651734, 2.380371, 4.333496, -1.281738,Sitting
1737383, -0.288940, -0.682617, -0.665283, 0.427246, 3.601074, -0.610352,Sitting
1737403, -0.268066, -0.674805, -0.681763, -0.610352, 1.159668, -0.366211,Sitting
1737423, -0.272217, -0.667969, -0.683228, -1.098633, -3.112792, -1.220704,Sitting
1737443, -0.283081, -0.663696, -0.686035, -0.549316, -3.234863, -1.159668,Sitting
1737463, -0.282837, -0.667358, -0.694458, -0.061035, -1.647949, -1.220704,Sitting
1737483, -0.278076, -0.669068, -0.695190, 0.000000, -0.854492, -1.953124,Sitting
1737503, -0.283081, -0.672730, -0.694702, 0.366211, -0.549316, -2.685546,Sitting
1737523, -0.304199, -0.673950, -0.686035, -0.183105, -0.122070, -1.708984,Sitting
1737543, -0.293579, -0.663696, -0.679810, -0.671386, 0.610352, -0.732422,Sitting
1737563, -0.294800, -0.657227, -0.687500, -0.427246, 0.732422, -0.732422,Sitting
1737583, -0.283325, -0.658936, -0.685547, -0.427246, -0.549316, -0.549316,Sitting
1737603, -0.286743, -0.663696, -0.682007, -0.610352, -1.953124, -0.549316,Sitting
1737623, -0.297730, -0.660889, -0.689697, -0.061035, -3.234863, 0.305176,Sitting
1737643, -0.309204, -0.660034, -0.690674, 0.610352, -3.295898, -0.061035,Sitting
1737663, -0.314453, -0.661865, -0.682617, 0.549316, -1.892090, 0.122070,Sitting
1737683, -0.315064, -0.658814, -0.684326, 0.549316, -0.305176, 0.427246,Sitting
1737703, -0.306274, -0.660156, -0.686035, 0.854492, -0.244141, 0.793457,Sitting
1737723, -0.302856, -0.670898, -0.679199, 0.915527, -1.708984, 0.610352,Sitting
1737743, -0.306885, -0.677734, -0.673706, 0.488281, -2.685546, 0.671386,Sitting
1737763, -0.305420, -0.676880, -0.674194, -0.244141, -1.647949, 1.037598,Sitting
1737783, -0.296143, -0.670532, -0.684692, -0.488281, 0.671386, 0.793457,Sitting
1737803, -0.286987, -0.670654, -0.696411, 0.122070, 1.892090, 0.061035,Sitting
1737823, -0.271973, -0.677490, -0.695923, 0.061035, 1.647949, -1.342773,Sitting
1737843, -0.277344, -0.675171, -0.693482, 0.000000, 0.671386, -1.647949,Sitting
1737863, -0.281738, -0.665161, -0.682739, -0.610352, -0.427246, -1.098633,Sitting
1737883, -0.291504, -0.663696, -0.667969, -1.281738, -1.342773, -1.037598,Sitting
1737903, -0.310669, -0.670532, -0.674805, -1.525878, -1.708984, -1.281738,Sitting
1737923, -0.314819, -0.669312, -0.688110, -1.647949, -0.732422, -0.915527,Sitting
1737943, -0.308960, -0.658203, -0.698853, -0.976562, 0.122070, -0.305176,Sitting
1737963, -0.303955, -0.646484, -0.697022, -0.122070, 0.183105, -0.366211,Sitting
1737983, -0.303101, -0.648438, -0.689453, 0.610352, 0.610352, -0.366211,Sitting
1738003, -0.277344, -0.654785, -0.688965, 1.037598, 0.976562, -0.488281,Sitting
1738023, -0.278198, -0.668945, -0.687622, 0.976562, -0.366211, -0.366211,Sitting
1738043, -0.285645, -0.675537, -0.684326, 0.427246, -2.685546, 0.122070,Sitting
1738063, -0.301636, -0.679810, -0.683350, -0.427246, -3.662109, 0.244141,Sitting
1738083, -0.296753, -0.673706, -0.688110, -1.159668, -2.929687, 0.732422,Sitting
1738103, -0.293213, -0.656982, -0.688965, -1.403808, -2.502442, 0.244141,Sitting
1738123, -0.315064, -0.654419, -0.685791, -0.793457, -2.502442, -0.305176,Sitting
1738143, -0.317017, -0.661865, -0.675415, -1.037598, -1.831054, -0.122070,Sitting
1738163, -0.303589, -0.662720, -0.672608, -0.915527, -1.647949, -0.122070,Sitting
1738183, -0.296997, -0.667969, -0.682007, -0.915527, -1.892090, -0.549316,Sitting
1738203, -0.296387, -0.668213, -0.689453, -1.342773, -1.892090, -0.671386,Sitting
1738223, -0.293213, -0.659424, -0.693360, -1.708984, -1.953124, -0.549316,Sitting
1738243, -0.294067, -0.649048, -0.705078, -1.525878, -1.464844, -0.427246,Sitting
1738263, -0.300171, -0.653442, -0.712402, -0.427246, -0.854492, -1.342773,Sitting
1738283, -0.319580, -0.664062, -0.693970, -0.427246, -0.061035, -2.075196,Sitting
1738303, -0.324097, -0.658814, -0.672852, 0.061035, 3.967285, -2.075196,Sitting
1738323, -0.307861, -0.657471, -0.686524, 0.244141, 7.263182, -2.075196,Sitting
1738343, -0.265625, -0.652466, -0.688843, 0.549316, 5.859374, -2.197266,Sitting
1738363, -0.265503, -0.661011, -0.690064, 1.586914, 1.342773, -2.746581,Sitting
1738383, -0.286621, -0.676636, -0.687866, 1.159668, -0.854492, -1.770019,Sitting
1738403, -0.287964, -0.675415, -0.685547, 0.366211, -0.366211, -0.305176,Sitting
1738423, -0.274170, -0.675537, -0.696045, -0.122070, 0.244141, -0.366211,Sitting
1738443, -0.282837, -0.661987, -0.697144, -0.244141, -0.610352, -0.610352,Sitting
1738463, -0.288452, -0.645630, -0.696411, 0.366211, -1.037598, -0.976562,Sitting
1738483, -0.297730, -0.647461, -0.692627, 0.915527, 0.061035, -0.732422,Sitting
1738503, -0.295532, -0.651856, -0.696533, 1.342773, 0.976562, -0.488281,Sitting
1738523, -0.297363, -0.659424, -0.697754, 0.976562, 0.610352, -1.647949,Sitting
1738543, -0.320313, -0.671753, -0.678101, 0.244141, -0.671386, -1.953124,Sitting
1738563, -0.300659, -0.667603, -0.678711, -0.854492, -1.342773, -0.610352,Sitting
1738583, -0.297974, -0.661011, -0.678833, -1.647949, -1.220704, 0.122070,Sitting
1738603, -0.271851, -0.651367, -0.701172, -1.159668, -2.014160, -0.244141,Sitting
1738623, -0.277832, -0.641602, -0.704956, -0.549316, -3.051757, -1.037598,Sitting
1738643, -0.302856, -0.653076, -0.700195, 0.671386, -2.319336, -1.342773,Sitting
1738663, -0.300781, -0.671753, -0.678223, 0.671386, -1.342773, -1.525878,Sitting
1738683, -0.280151, -0.688843, -0.682251, 0.610352, -1.525878, -1.647949,Sitting
1738703, -0.289185, -0.697022, -0.690186, 0.793457, -0.122070, -0.976562,Sitting
1738723, -0.272339, -0.692383, -0.693115, -0.122070, 1.220704, -0.610352,Sitting
1738743, -0.273193, -0.668579, -0.702148, -0.366211, 0.793457, -0.854492,Sitting
1738763, -0.283325, -0.632812, -0.694824, 0.000000, -0.976562, -1.403808,Sitting
1738783, -0.304932, -0.631348, -0.699341, 1.159668, -0.122070, -2.380371,Sitting
1738803, -0.312622, -0.645996, -0.695435, 0.732422, 1.586914, -2.380371,Sitting
1738823, -0.292480, -0.652588, -0.689820, 0.854492, 1.586914, -2.197266,Sitting
1738843, -0.296509, -0.665772, -0.682129, 0.305176, 0.976562, -1.892090,Sitting
1738863, -0.272461, -0.669312, -0.684570, 0.427246, 0.000000, -1.281738,Sitting
1738883, -0.277588, -0.671509, -0.688599, -0.061035, -0.671386, -0.732422,Sitting
1738903, -0.275513, -0.668335, -0.690674, -0.305176, -1.708984, -0.244141,Sitting
1738923, -0.274414, -0.658447, -0.689087, -0.366211, -3.234863, -0.549316,Sitting
1738943, -0.289429, -0.669312, -0.686768, -0.305176, -4.089356, -0.793457,Sitting
1738963, -0.302490, -0.670044, -0.682251, -1.037598, -2.685546, 15.380856,Sitting
1738983, -0.290161, -0.665161, -0.702026, -1.220704, 0.427246, 0.183105,Sitting
1739003, -0.270874, -0.667480, -0.705811, -0.793457, -1.281738, -0.366211,Sitting
1739023, -0.286865, -0.668457, -0.689942, -1.037598, -3.845214, -0.244141,Sitting
1739043, -0.305542, -0.658570, -0.680908, -1.220704, -2.929687, 0.610352,Sitting
1739063, -0.288574, -0.646606, -0.688721, -0.793457, -0.244141, 1.098633,Sitting
1739083, -0.279541, -0.646484, -0.711914, 0.671386, 0.183105, 0.244141,Sitting
1739103, -0.289185, -0.653076, -0.706787, 1.647949, -0.183105, -0.976562,Sitting
1739123, -0.309204, -0.660034, -0.699585, 2.563476, 0.854492, -1.098633,Sitting
1739143, -0.294556, -0.674072, -0.695190, 2.502442, 2.624511, -0.671386,Sitting
1739163, -0.277100, -0.681396, -0.680176, 1.403808, 2.075196, -0.488281,Sitting
1739183, -0.268921, -0.677856, -0.669434, -0.061035, 0.427246, -1.159668,Sitting
1739203, -0.275269, -0.671509, -0.684570, -1.525878, -1.892090, -0.549316,Sitting
1739223, -0.257324, -0.668091, -0.696411, -1.953124, -3.356933, 0.549316,Sitting
1739243, -0.261108, -0.666870, -0.695068, -1.953124, -5.126952, 0.427246,Sitting
1739263, -0.285522, -0.661743, -0.698730, -1.647949, -5.798338, -0.183105,Sitting
1739283, -0.301758, -0.651612, -0.706909, -0.854492, -4.394532, -0.610352,Sitting
1739303, -0.302368, -0.646851, -0.697754, -0.244141, -2.624511, -0.427246,Sitting
1739323, -0.308838, -0.646973, -0.686035, 0.305176, -1.892090, -0.122070,Sitting
1739343, -0.303467, -0.653198, -0.683106, 0.549316, -1.892090, -0.183105,Sitting
1739363, -0.303101, -0.655029, -0.688477, 0.488281, -2.197266, 0.061035,Sitting
1739383, -0.306641, -0.659058, -0.694946, 0.732422, -2.502442, 0.366211,Sitting
1739403, -0.312500, -0.661865, -0.696045, 0.610352, -2.380371, 0.732422,Sitting
1739423, -0.299683, -0.655762, -0.688232, 0.488281, -1.770019, 0.732422,Sitting
1739443, -0.294556, -0.655884, -0.692749, 0.732422, -0.915527, 0.610352,Sitting
1739463, -0.290283, -0.658570, -0.698730, 0.793457, -0.671386, 0.427246,Sitting
1739483, -0.284790, -0.660278, -0.691040, 0.854492, -1.892090, 0.183105,Sitting
1739503, -0.294556, -0.666260, -0.680176, 1.037598, -3.051757, -0.122070,Sitting
1739523, -0.312378, -0.672730, -0.678833, 1.098633, -2.258301, 0.122070,Sitting
1739543, -0.306763, -0.677124, -0.681152, 0.610352, -0.549316, 0.427246,Sitting
1739563, -0.293213, -0.669434, -0.687622, 0.122070, -0.122070, 0.244141,Sitting
1739583, -0.293335, -0.664429, -0.689087, -0.244141, -0.732422, -0.305176,Sitting
1739603, -0.301392, -0.656250, -0.695557, 0.122070, -0.915527, -0.671386,Sitting
1739623, -0.302124, -0.652710, -0.699829, 0.427246, 0.244141, -0.732422,Sitting
1739643, -0.294556, -0.658203, -0.690796, 0.488281, -0.061035, -0.976562,Sitting
1739663, -0.295288, -0.661377, -0.679688, 0.061035, -1.220704, -1.098633,Sitting
1739683, -0.303589, -0.662598, -0.677612, -0.183105, -1.647949, -0.793457,Sitting
1739703, -0.299316, -0.661133, -0.685181, -0.549316, -1.403808, -0.183105,Sitting
1739723, -0.297485, -0.657837, -0.695801, -0.366211, -1.525878, -0.061035,Sitting
1739743, -0.298462, -0.657593, -0.700562, 0.061035, -2.075196, -0.610352,Sitting
1739763, -0.305298, -0.660156, -0.695923, 0.366211, -1.831054, -0.793457,Sitting
1739783, -0.307373, -0.655396, -0.691650, 0.610352, -0.732422, -0.366211,Sitting
1739803, -0.306030, -0.655640, -0.689942, 1.037598, 0.793457, -0.488281,Sitting
1739823, -0.304321, -0.661133, -0.686890, 1.220704, 1.525878, -1.098633,Sitting
1739843, -0.298096, -0.667480, -0.680908, 0.976562, 1.281738, -1.281738,Sitting
1739863, -0.292480, -0.660645, -0.690308, 0.732422, 0.549316, -0.610352,Sitting
1739883, -0.293701, -0.661743, -0.691772, 0.610352, -0.427246, -0.488281,Sitting
1739903, -0.302124, -0.659668, -0.685547, 0.732422, -1.342773, -0.549316,Sitting
1739923, -0.310547, -0.660522, -0.681152, 0.793457, -0.610352, -0.793457,Sitting
1739943, -0.306274, -0.660156, -0.693726, 0.854492, 1.342773, -0.732422,Sitting
1739963, -0.293823, -0.658203, -0.701538, 1.342773, 1.770019, -1.159668,Sitting
1739983, -0.299805, -0.664062, -0.693237, 1.342773, 0.976562, -1.708984,Sitting
1740003, -0.304321, -0.673584, -0.679199, 1.159668, 1.037598, -1.708984,Sitting
1740023, -0.288208, -0.674194, -0.674683, 0.366211, 1.708984, -1.037598,Sitting
1740043, -0.271484, -0.664551, -0.686279, -0.122070, 1.403808, -0.488281,Sitting
1740063, -0.279785, -0.658936, -0.698486, 0.488281, 0.427246, -1.098633,Sitting
1740083, -0.300293, -0.666260, -0.688354, 1.159668, 0.488281, -1.525878,Sitting
1740103, -0.293701, -0.667725, -0.679932, 1.037598, 1.586914, -0.915527,Sitting
1740123, -0.276001, -0.663452, -0.685547, 0.732422, 1.708984, -0.549316,Sitting
1740143, -0.278564, -0.667603, -0.691284, 0.671386, 0.061035, -1.220704,Sitting
1740163, -0.291992, -0.669434, -0.692261, 0.366211, -1.159668, -1.342773,Sitting
1740183, -0.304321, -0.673584, -0.687134, -0.366211, -0.732422, -0.915527,Sitting
1740203, -0.294556, -0.667725, -0.683472, -1.098633, 0.122070, -0.244141,Sitting
1740223, -0.287964, -0.663818, -0.690064, -1.220704, 0.244141, -0.488281,Sitting
1740243, -0.282959, -0.657715, -0.692505, -0.915527, -0.305176, -1.159668,Sitting
1740263, -0.289795, -0.661133, -0.688721, -0.305176, -0.854492, -1.281738,Sitting
1740283, -0.288818, -0.666748, -0.684448, -0.244141, -0.488281, -1.281738,Sitting
1740303, -0.275757, -0.671509, -0.695190, 0.000000, 0.549316, -1.586914,Sitting
1740323, -0.269653, -0.670410, -0.704590, -0.305176, 0.061035, -1.770019,Sitting
1740343, -0.282471, -0.662476, -0.694580, -0.244141, -1.098633, -1.342773,Sitting
1740363, -0.286499, -0.660156, -0.686402, -0.366211, -1.281738, -0.854492,Sitting
1740383, -0.299438, -0.650269, -0.688721, -0.183105, -0.305176, -0.549316,Sitting
1740403, -0.298828, -0.653564, -0.687012, 0.305176, 0.122070, -0.915527,Sitting
1740423, -0.294067, -0.665039, -0.683350, 0.183105, -0.183105, -1.159668,Sitting
1740443, -0.288696, -0.671753, -0.685425, -0.122070, -0.671386, -0.671386,Sitting
1740463, -0.284424, -0.663940, -0.694946, -0.244141, -0.793457, 0.244141,Sitting
1740483, -0.282715, -0.657715, -0.703003, 0.366211, -1.159668, -0.122070,Sitting
1740503, -0.285645, -0.664673, -0.699463, 1.037598, -1.220704, -0.854492,Sitting
1740523, -0.283936, -0.671631, -0.683472, 0.305176, -0.427246, -1.037598,Sitting
1740543, -0.284302, -0.659790, -0.685791, -0.061035, -0.671386, -0.305176,Sitting
1740563, -0.294190, -0.659546, -0.686402, 0.061035, -1.281738, -0.305176,Sitting
1740583, -0.290527, -0.667847, -0.681763, 0.061035, -1.525878, -0.671386,Sitting
1740603, -0.284912, -0.671997, -0.685791, -0.183105, -1.220704, -0.610352,Sitting
1740623, -0.286621, -0.665650, -0.696655, -0.183105, -0.549316, 0.000000,Sitting
1740643, -0.286255, -0.664795, -0.700195, 0.000000, -0.366211, -0.122070,Sitting
1740663, -0.279053, -0.662964, -0.694580, 0.366211, -0.915527, -0.549316,Sitting
1740683, -0.279785, -0.664307, -0.691406, 0.427246, -0.915527, -0.610352,Sitting
1740703, -0.280640, -0.665650, -0.691162, 0.305176, -0.427246, -0.549316,Sitting
1740723, -0.283691, -0.666138, -0.694092, 0.427246, -0.366211, -0.610352,Sitting
1740743, -0.286987, -0.661499, -0.693115, 0.183105, -0.305176, -0.549316,Sitting
1740763, -0.291504, -0.661133, -0.695068, 0.549316, -0.244141, -0.610352,Sitting
1740783, -0.294312, -0.665650, -0.686524, 0.610352, -0.305176, -0.610352,Sitting
1740803, -0.299072, -0.665894, -0.678223, 0.671386, -0.366211, -0.671386,Sitting
1740823, -0.296143, -0.666870, -0.677734, 0.366211, 0.488281, -0.671386,Sitting
1740843, -0.281006, -0.657349, -0.688354, -0.122070, 0.732422, -0.183105,Sitting
1740863, -0.275391, -0.659546, -0.695557, 0.061035, -0.732422, -0.244141,Sitting
1740883, -0.276733, -0.669068, -0.693360, 0.061035, -2.563476, -0.366211,Sitting
1740903, -0.284546, -0.672730, -0.690552, -0.122070, -2.685546, 0.000000,Sitting
1740923, -0.283447, -0.664429, -0.695679, -0.061035, -1.831054, 0.305176,Sitting
1740943, -0.290283, -0.661255, -0.699585, 0.244141, -1.098633, -0.122070,Sitting
1740963, -0.294312, -0.664917, -0.687012, 0.305176, -1.037598, -0.915527,Sitting
1740983, -0.294800, -0.670898, -0.687744, 0.000000, -0.366211, -0.732422,Sitting
1741003, -0.285889, -0.670776, -0.688599, -0.366211, -0.366211, -0.122070,Sitting
1741023, -0.284668, -0.666260, -0.690796, -0.610352, -1.831054, -0.122070,Sitting
1741043, -0.286865, -0.663330, -0.687134, -0.915527, -3.112792, -0.183105,Sitting
1741063, -0.287109, -0.664795, -0.681763, -1.098633, -3.234863, -0.305176,Sitting
1741083, -0.284668, -0.666992, -0.689575, -1.159668, -2.929687, -0.549316,Sitting
1741103, -0.301148, -0.672730, -0.692627, -1.037598, -1.953124, -1.220704,Sitting
1741123, -0.299927, -0.667969, -0.689820, -0.854492, -0.549316, -1.281738,Sitting
1741143, -0.285156, -0.660156, -0.688965, -0.732422, 0.671386, -0.915527,Sitting
1741163, -0.263306, -0.647705, -0.698486, -0.183105, 0.610352, -0.549316,Sitting
1741183, -0.275513, -0.651001, -0.705078, 0.915527, -1.342773, -1.098633,Sitting
1741203, -0.289063, -0.658203, -0.691284, 1.159668, -2.075196, -0.976562,Sitting
1741223, -0.295166, -0.661499, -0.683228, 0.732422, -1.464844, -0.427246,Sitting
1741243, -0.294312, -0.662720, -0.685425, 0.366211, -0.854492, 0.183105,Sitting
1741263, -0.293945, -0.658081, -0.691284, 0.366211, -1.586914, -0.183105,Sitting
1741283, -0.302856, -0.660400, -0.695679, 0.671386, -2.319336, -0.671386,Sitting
1741303, -0.305298, -0.658570, -0.692627, 0.366211, -1.831054, -0.427246,Sitting
1741323, -0.298218, -0.652588, -0.697632, 0.915527, -1.098633, 0.183105,Sitting
1741343, -0.295654, -0.655884, -0.693482, 1.159668, -0.976562, 0.061035,Sitting
1741363, -0.300415, -0.662598, -0.688721, 1.770019, -1.220704, -0.366211,Sitting
1741383, -0.305542, -0.676148, -0.683594, 1.892090, 0.122070, -0.549316,Sitting
1741403, -0.278076, -0.674805, -0.683716, 0.610352, 2.197266, 0.366211,Sitting
1741423, -0.267700, -0.667236, -0.692383, 0.915527, 0.488281, -0.183105,Sitting
1741443, -0.268921, -0.671021, -0.692139, 0.549316, -1.525878, -0.732422,Sitting
1741463, -0.276489, -0.672852, -0.686524, 0.488281, -2.746581, -0.732422,Sitting
1741483, -0.288330, -0.671387, -0.684692, 0.122070, -2.502442, -0.366211,Sitting
1741503, -0.300537, -0.668335, -0.688477, -0.122070, -1.098633, -0.305176,Sitting
1741523, -0.291748, -0.665650, -0.692871, 0.244141, -0.366211, -0.976562,Sitting
1741543, -0.286133, -0.669800, -0.686646, -0.061035, -0.915527, -1.220704,Sitting
1741563, -0.299194, -0.659302, -0.687988, 0.061035, -1.342773, -0.671386,Sitting
1741583, -0.307129, -0.652466, -0.689942, 0.549316, -0.366211, -0.427246,Sitting
1741603, -0.306885, -0.649048, -0.695679, 1.281738, 0.976562, -0.366211,Sitting
1741623, -0.290039, -0.662720, -0.688477, 2.075196, 1.708984, -1.098633,Sitting
1741643, -0.294067, -0.676880, -0.680298, 1.831054, 1.464844, -1.159668,Sitting
1741663, -0.295410, -0.675659, -0.684082, 1.342773, 1.953124, -0.549316,Sitting
1741683, -0.281860, -0.668701, -0.682129, 0.732422, 2.136231, 0.000000,Sitting
1741703, -0.268555, -0.666870, -0.681396, 0.793457, 0.671386, -0.061035,Sitting
1741723, -0.262695, -0.671631, -0.681152, 0.305176, -1.281738, -0.244141,Sitting
1741743, -0.269409, -0.669678, -0.691528, 0.244141, -2.929687, -0.122070,Sitting
1741763, -0.286621, -0.670288, -0.694824, 0.000000, -3.051757, 0.061035,Sitting
1741783, -0.297363, -0.670166, -0.694092, 0.122070, -2.136231, 0.122070,Sitting
1741803, -0.288940, -0.670166, -0.688599, 0.061035, -1.403808, -0.488281,Sitting
1741823, -0.292847, -0.669800, -0.686157, 0.000000, -0.976562, -0.549316,Sitting
1741843, -0.301270, -0.666992, -0.683472, -0.061035, -0.244141, -0.488281,Sitting
1741863, -0.293091, -0.669068, -0.683838, -0.183105, -0.122070, -0.488281,Sitting
1741883, -0.289429, -0.665283, -0.687988, -0.305176, -0.488281, -0.305176,Sitting
1741903, -0.284424, -0.658692, -0.690796, -0.061035, -1.281738, -0.488281,Sitting
1741923, -0.289673, -0.663086, -0.687988, 0.305176, -1.647949, -0.671386,Sitting
1741943, -0.293213, -0.669312, -0.687988, 0.244141, -1.220704, -0.610352,Sitting
1741963, -0.299561, -0.667847, -0.691406, 0.244141, -0.183105, -0.427246,Sitting
1741983, -0.296753, -0.664673, -0.686890, 0.122070, 0.244141, -0.671386,Sitting
1742003, -0.298828, -0.665039, -0.682862, 0.305176, 0.122070, -0.976562,Sitting
1742023, -0.290039, -0.672974, -0.680420, 0.061035, 0.305176, -0.915527,Sitting
1742043, -0.270874, -0.671143, -0.680298, -0.427246, 0.061035, -0.427246,Sitting
1742063, -0.279297, -0.663574, -0.698364, -0.061035, -1.525878, -0.610352,Sitting
1742083, -0.292358, -0.662354, -0.696411, 0.061035, -1.647949, -0.671386,Sitting
1742103, -0.302124, -0.661133, -0.688354, 0.366211, -0.549316, -0.915527,Sitting
1742123, -0.299805, -0.666626, -0.686402, 0.427246, 0.854492, -1.098633,Sitting
1742143, -0.291016, -0.667480, -0.687012, 0.183105, 1.342773, -1.037598,Sitting
1742163, -0.286011, -0.668091, -0.687744, -0.061035, 0.793457, -1.159668,Sitting
1742183, -0.278076, -0.666504, -0.691040, -0.122070, -0.061035, -0.854492,Sitting
1742203, -0.280762, -0.668091, -0.692017, -0.122070, -0.793457, -0.732422,Sitting
1742223, -0.287109, -0.666504, -0.688232, 0.061035, -0.976562, -0.488281,Sitting
1742243, -0.288696, -0.669068, -0.684692, 0.244141, -0.366211, -0.732422,Sitting
1742263, -0.283325, -0.673706, -0.686157, 0.244141, -0.061035, -0.793457,Sitting
1742283, -0.284302, -0.672974, -0.690430, 0.305176, -0.610352, -0.671386,Sitting
1742303, -0.291504, -0.669312, -0.688721, 0.549316, -0.305176, -0.732422,Sitting
1742323, -0.286011, -0.668579, -0.689820, 0.488281, 0.427246, -0.793457,Sitting
1742343, -0.282593, -0.663086, -0.690796, 0.244141, 0.671386, -0.915527,Sitting
1742363, -0.284790, -0.661743, -0.690674, -0.061035, 0.244141, -1.220704,Sitting
1742383, -0.290527, -0.662476, -0.690552, -0.366211, -0.610352, -1.464844,Sitting
1742403, -0.288696, -0.668213, -0.686890, -0.671386, -1.098633, -1.342773,Sitting
1742423, -0.292114, -0.671387, -0.679688, -1.037598, -0.976562, -0.915527,Sitting
1742443, -0.283447, -0.667725, -0.682129, -1.098633, -0.549316, -0.610352,Sitting
1742463, -0.278564, -0.663940, -0.689453, -0.732422, -0.671386, -0.732422,Sitting
1742483, -0.274414, -0.665650, -0.695190, -0.244141, -0.793457, -0.671386,Sitting
1742503, -0.279175, -0.668945, -0.698120, 0.366211, -0.427246, -0.671386,Sitting
1742523, -0.279419, -0.669190, -0.696167, 0.488281, -0.183105, -0.488281,Sitting
1742543, -0.279175, -0.661377, -0.693482, 0.549316, -0.183105, -0.671386,Sitting
1742563, -0.284058, -0.658447, -0.691406, 0.854492, -0.122070, -0.366211,Sitting
1742583, -0.281616, -0.659058, -0.688843, 1.037598, -0.366211, -0.366211,Sitting
1742603, -0.291016, -0.664673, -0.688965, 1.098633, -0.488281, -0.610352,Sitting
1742623, -0.287476, -0.667603, -0.682495, 0.549316, -0.671386, -0.610352,Sitting
1742643, -0.287354, -0.666626, -0.685425, 0.549316, -1.220704, -0.427246,Sitting
1742663, -0.290161, -0.667114, -0.694458, 0.549316, -1.159668, -0.122070,Sitting
1742683, -0.284302, -0.662598, -0.695801, 0.854492, -0.976562, -0.061035,Sitting
1742703, -0.284058, -0.668091, -0.690308, 0.976562, -1.159668, -0.244141,Sitting
1742723, -0.277344, -0.672241, -0.681152, 0.427246, -1.281738, -0.122070,Sitting
1742743, -0.262207, -0.675171, -0.679810, 0.122070, -2.014160, -0.183105,Sitting
1742763, -0.270020, -0.678345, -0.686279, -0.305176, -3.112792, -0.122070,Sitting
1742783, -0.278198, -0.670288, -0.694580, -0.427246, -3.479003, 0.000000,Sitting
1742803, -0.291992, -0.667358, -0.698730, 0.061035, -3.479003, -0.122070,Sitting
1742823, -0.291260, -0.667480, -0.690796, -0.061035, -3.051757, 0.061035,Sitting
1742843, -0.292358, -0.664307, -0.684937, -0.122070, -2.563476, 0.061035,Sitting
1742863, -0.289185, -0.666260, -0.683106, -0.183105, -1.770019, -0.244141,Sitting
1742883, -0.287598, -0.665161, -0.688354, -0.305176, -1.708984, -0.244141,Sitting
1742903, -0.294434, -0.663696, -0.687134, -0.244141, -1.647949, -0.244141,Sitting
1742923, -0.295288, -0.662476, -0.684570, 0.122070, -1.403808, 0.000000,Sitting
1742943, -0.283569, -0.665894, -0.687500, 0.488281, -1.586914, 0.366211,Sitting
1742963, -0.287109, -0.666260, -0.685913, 0.427246, -2.380371, 0.366211,Sitting
1742983, -0.301880, -0.666382, -0.690918, 0.427246, -2.502442, 0.122070,Sitting
1743003, -0.304077, -0.669678, -0.689942, 0.244141, -2.014160, 0.244141,Sitting
1743023, -0.293945, -0.670166, -0.692017, -0.305176, -1.403808, 0.549316,Sitting
1743043, -0.290039, -0.666626, -0.690186, -0.671386, -2.075196, 0.305176,Sitting
1743063, -0.288330, -0.656128, -0.689209, -0.610352, -2.990722, 0.061035,Sitting
1743083, -0.304810, -0.657104, -0.687134, 0.122070, -3.234863, -0.366211,Sitting
1743103, -0.311768, -0.663940, -0.687134, 0.610352, -1.831054, -0.183105,Sitting
1743123, -0.297608, -0.671143, -0.681641, 0.671386, -0.549316, -0.183105,Sitting
1743143, -0.291870, -0.678467, -0.677490, 0.915527, -0.732422, -0.610352,Sitting
1743163, -0.292114, -0.674438, -0.684326, 0.427246, -0.427246, -0.610352,Sitting
1743183, -0.281860, -0.667236, -0.689331, 0.061035, 0.305176, -0.366211,Sitting
1743203, -0.280396, -0.664551, -0.685791, -0.122070, -0.610352, -0.305176,Sitting
1743223, -0.277832, -0.665405, -0.678589, -0.183105, -2.014160, -0.610352,Sitting
1743243, -0.295532, -0.667847, -0.684814, -0.122070, -2.380371, -0.488281,Sitting
1743263, -0.292847, -0.667847, -0.689331, -0.244141, -1.831054, 0.000000,Sitting
1743283, -0.293335, -0.666626, -0.688477, -0.183105, -2.319336, 0.122070,Sitting
1743303, -0.288818, -0.666748, -0.681396, -0.488281, -3.173828, -0.061035,Sitting
1743323, -0.297730, -0.658936, -0.687378, -0.610352, -3.234863, 0.122070,Sitting
1743343, -0.305908, -0.659058, -0.696289, -0.183105, -2.380371, 0.305176,Sitting
1743363, -0.303711, -0.657349, -0.689575, -0.122070, -2.075196, 0.427246,Sitting
1743383, -0.308838, -0.663330, -0.683472, 0.244141, -2.075196, -0.183105,Sitting
1743403, -0.299805, -0.666870, -0.684204, -0.061035, -1.586914, -0.122070,Sitting
1743423, -0.306885, -0.661865, -0.686402, 0.000000, -1.586914, -0.244141,Sitting
1743443, -0.309692, -0.661987, -0.681885, 0.122070, -1.586914, -0.244141,Sitting
1743463, -0.305176, -0.665650, -0.676026, -0.061035, -1.098633, -0.366211,Sitting
1743483, -0.300659, -0.676392, -0.678223, -0.122070, -0.610352, -0.549316,Sitting
1743503, -0.301636, -0.675415, -0.683716, -0.915527, 0.183105, 0.244141,Sitting
1743523, -0.287232, -0.665039, -0.687866, -1.220704, -0.610352, 0.427246,Sitting
1743543, -0.283447, -0.656128, -0.691772, -0.915527, -2.746581, -0.244141,Sitting
1743563, -0.309814, -0.661743, -0.690308, -0.366211, -3.479003, -0.305176,Sitting
1743583, -0.312256, -0.661865, -0.681396, -0.549316, -1.831054, -0.122070,Sitting
1743603, -0.293945, -0.660889, -0.685059, -0.610352, -0.122070, -0.122070,Sitting
1743623, -0.292603, -0.664673, -0.694336, -0.305176, -1.281738, -0.610352,Sitting
1743643, -0.296875, -0.677124, -0.686157, -0.244141, -2.929687, -0.915527,Sitting
1743663, -0.311768, -0.674927, -0.681152, -0.915527, -2.990722, -0.366211,Sitting
1743683, -0.306030, -0.656616, -0.683716, -1.403808, -1.586914, 0.305176,Sitting
1743703, -0.303101, -0.652222, -0.692139, -0.793457, -0.854492, -0.183105,Sitting
1743723, -0.302612, -0.658081, -0.692383, -0.793457, -1.220704, -0.610352,Sitting
1743743, -0.311768, -0.648804, -0.689942, -0.305176, -1.586914, -0.671386,Sitting
1743763, -0.315796, -0.649658, -0.688843, 0.549316, -0.976562, -0.732422,Sitting
1743783, -0.317627, -0.664062, -0.682129, 0.671386, -0.122070, -0.305176,Sitting
1743803, -0.310303, -0.668823, -0.681763, -0.305176, 0.061035, 0.061035,Sitting
1743823, -0.303711, -0.659424, -0.689209, -0.427246, -1.281738, -0.183105,Sitting
1743843, -0.301514, -0.653320, -0.691284, -0.305176, -2.197266, 0.000000,Sitting
1743863, -0.316528, -0.652710, -0.686768, 0.000000, -1.770019, -0.122070,Sitting
1743883, -0.318359, -0.653320, -0.688477, 0.305176, 0.427246, -0.366211,Sitting
1743903, -0.297241, -0.655640, -0.691772, 0.671386, 1.770019, -0.854492,Sitting
1743923, -0.284302, -0.662842, -0.689942, 1.098633, 0.549316, -1.098633,Sitting
1743943, -0.301148, -0.675537, -0.681519, 0.732422, -0.793457, -1.037598,Sitting
1743963, -0.309326, -0.671875, -0.677856, 0.183105, -0.305176, -0.488281,Sitting
1743983, -0.305664, -0.664062, -0.684326, -0.122070, 0.976562, -0.305176,Sitting
1744003, -0.298096, -0.659180, -0.692871, 0.000000, 1.037598, -0.610352,Sitting
1744023, -0.299683, -0.661865, -0.693848, 0.122070, -0.305176, -1.342773,Sitting
1744043, -0.305908, -0.661011, -0.681641, -0.305176, -1.892090, -0.915527,Sitting
1744063, -0.310303, -0.659180, -0.682495, -0.854492, -1.098633, -0.305176,Sitting
1744083, -0.309326, -0.647461, -0.692139, -0.732422, -0.244141, -0.305176,Sitting
1744103, -0.309570, -0.660522, -0.694214, -0.061035, -0.854492, -1.403808,Sitting
1744123, -0.316528, -0.675293, -0.690308, -0.122070, -0.915527, -1.525878,Sitting
1744143, -0.305298, -0.661621, -0.684326, -0.366211, 0.549316, -0.610352,Sitting
1744163, -0.302246, -0.653198, -0.686157, 0.488281, 2.014160, 0.183105,Sitting
1744183, -0.273560, -0.647949, -0.685547, 0.854492, 1.953124, -0.244141,Sitting
1744203, -0.268677, -0.656616, -0.682007, 1.159668, -0.061035, -0.976562,Sitting
1744223, -0.271240, -0.671265, -0.690796, 1.037598, -1.586914, -0.854492,Sitting
1744243, -0.282837, -0.678345, -0.699707, 0.488281, -2.868652, -0.427246,Sitting
1744263, -0.308716, -0.671753, -0.697754, -0.122070, -4.211426, -0.305176,Sitting
1744283, -0.316772, -0.657471, -0.687988, -0.610352, -3.356933, -0.366211,Sitting
1744303, -0.314331, -0.649414, -0.681030, -0.854492, -2.868652, -0.244141,Sitting
1744323, -0.321411, -0.643066, -0.681152, -1.098633, -2.624511, 0.305176,Sitting
1744343, -0.320679, -0.645752, -0.682007, -0.976562, -2.502442, 0.183105,Sitting
1744363, -0.320313, -0.655762, -0.683716, -0.610352, -2.197266, -0.427246,Sitting
1744383, -0.318359, -0.667603, -0.679810, -0.732422, -1.464844, -0.366211,Sitting
1744403, -0.313965, -0.667847, -0.685181, -0.915527, -1.159668, -0.122070,Sitting
1744423, -0.301514, -0.667358, -0.687622, -1.220704, -1.770019, -0.183105,Sitting
1744443, -0.295532, -0.659790, -0.689820, -1.342773, -3.112792, -0.305176,Sitting
1744463, -0.303101, -0.657715, -0.684937, -1.525878, -3.356933, -0.610352,Sitting
1744483, -0.310181, -0.651489, -0.691406, -1.159668, -1.770019, -0.488281,Sitting
1744503, -0.298462, -0.654297, -0.699341, -0.732422, -0.732422, -0.732422,Sitting
1744523, -0.307983, -0.664307, -0.688965, -0.732422, 0.793457, -1.403808,Sitting
1744543, -0.314575, -0.654907, -0.688965, -0.549316, 1.159668, 0.000000,Sitting
1744563, -0.283936, -0.655396, -0.695312, -0.976562, 1.708984, -0.671386,Sitting
1744583, -0.306641, -0.650146, -0.695801, 0.244141, -0.732422, -0.732422,Sitting
1744603, -0.304199, -0.654419, -0.685791, 0.000000, -1.525878, -0.915527,Sitting
1744623, -0.319092, -0.653687, -0.687378, 0.732422, -0.610352, -1.220704,Sitting
1744643, -0.303955, -0.656006, -0.694092, 0.488281, 0.549316, -0.366211,Sitting
1744663, -0.314697, -0.648194, -0.696289, 0.915527, 0.244141, -0.488281,Sitting
1744683, -0.312256, -0.646973, -0.691528, 1.037598, -0.732422, -0.854492,Sitting
1744703, -0.317261, -0.646606, -0.689209, 1.647949, -0.427246, -0.366211,Sitting
1744723, -0.309326, -0.653564, -0.684937, 1.525878, 0.122070, -0.122070,Sitting
1744743, -0.302612, -0.659180, -0.682129, 1.342773, -0.061035, -0.488281,Sitting
1744763, -0.306641, -0.663818, -0.685791, 0.976562, -0.183105, -0.549316,Sitting
1744783, -0.310181, -0.665894, -0.688843, 0.793457, 0.305176, -0.061035,Sitting
1744803, -0.302368, -0.666504, -0.687256, 0.488281, 1.342773, 0.122070,Sitting
1744823, -0.296875, -0.661865, -0.692505, 0.366211, 2.258301, 0.549316,Sitting
1744843, -0.282349, -0.655274, -0.696289, 0.000000, 1.159668, 0.061035,Sitting
1744863, -0.288452, -0.648438, -0.696900, 0.427246, -0.915527, -0.244141,Sitting
1744883, -0.297974, -0.655884, -0.689209, 0.427246, -1.831054, 0.000000,Sitting
1744903, -0.300903, -0.662842, -0.684204, 0.366211, -1.525878, 0.366211,Sitting
1744923, -0.306396, -0.682007, -0.676148, -0.244141, -0.976562, 0.000000,Sitting
1744943, -0.305176, -0.669922, -0.683838, -0.366211, -1.647949, -0.122070,Sitting
1744963, -0.312256, -0.660034, -0.686890, -0.183105, -2.441407, -0.427246,Sitting
1744983, -0.310791, -0.654419, -0.695312, -0.610352, -2.563476, 0.061035,Sitting
1745003, -0.303101, -0.639038, -0.709351, -2.258301, -2.258301, 0.549316,Sitting
1745023, -0.288452, -0.639648, -0.699097, -2.014160, -5.493162, 0.244141,Sitting
1745043, -0.334473, -0.665894, -0.671875, -1.098633, -8.239746, -0.183105,Sitting
1745063, -0.371704, -0.678223, -0.661865, -0.610352, -4.638672, 0.488281,Sitting
1745083, -0.346314, -0.665161, -0.671143, -1.220704, 2.990722, 1.403808,Sitting
1745103, -0.289185, -0.655274, -0.693360, -2.197266, 6.408690, 1.220704,Sitting
1745123, -0.249878, -0.638794, -0.708984, -2.685546, 4.455568, -0.122070,Sitting
1745143, -0.241333, -0.639160, -0.712891, -1.403808, -4.516602, -0.366211,Sitting
1745163, -0.286377, -0.645142, -0.699829, -0.610352, -9.216310, 0.183105,Sitting
1745183, -0.333252, -0.655518, -0.681274, -1.586914, -8.666994, 1.098633,Sitting
1745203, -0.356323, -0.656738, -0.677734, -2.136231, -4.455568, 1.220704,Sitting
1745223, -0.339233, -0.665161, -0.684570, -2.502442, -1.586914, 0.732422,Sitting
1745243, -0.332764, -0.664307, -0.686035, -1.708984, -2.624511, -0.122070,Sitting
1745263, -0.348389, -0.654907, -0.685181, -1.464844, -2.929687, 0.000000,Sitting
1745283, -0.337891, -0.635010, -0.691772, -1.342773, -0.122070, 1.403808,Sitting
1745303, -0.303223, -0.624512, -0.703613, -0.061035, 1.831054, 1.342773,Sitting
1745323, -0.281006, -0.638062, -0.691162, 0.366211, 0.671386, 0.610352,Sitting
1745343, -0.277344, -0.639404, -0.687866, 0.061035, -2.502442, 0.671386,Sitting
1745363, -0.299683, -0.643555, -0.712646, -0.427246, -4.638672, 1.464844,Sitting
1745383, -0.310425, -0.652344, -0.719604, -0.610352, -5.737304, 1.586914,Sitting
1745403, -0.331421, -0.660645, -0.696900, -0.244141, -7.629394, 0.244141,Sitting
1745423, -0.360352, -0.663452, -0.674316, -0.122070, -8.056642, -0.427246,Sitting
1745443, -0.379150, -0.659424, -0.661621, -0.427246, -6.103514, 0.549316,Sitting
1745463, -0.368286, -0.646729, -0.670044, -0.610352, -2.868652, 1.647949,Sitting
1745483, -0.351929, -0.635620, -0.682984, -0.122070, -0.854492, 1.525878,Sitting
1745503, -0.329224, -0.625854, -0.708618, 0.915527, 1.098633, 0.488281,Sitting
1745523, -0.312012, -0.626343, -0.703980, 2.258301, 2.624511, -0.366211,Sitting
1745543, -0.298828, -0.640015, -0.700562, 2.197266, 1.953124, -0.793457,Sitting
1745563, -0.306396, -0.644165, -0.696900, 1.342773, 0.122070, -0.732422,Sitting
1745583, -0.325928, -0.651489, -0.684204, 0.244141, -1.647949, -0.732422,Sitting
1745603, -0.333862, -0.653931, -0.690552, -0.244141, -1.098633, -0.427246,Sitting
1745623, -0.346680, -0.642212, -0.695190, -0.366211, -0.671386, 0.122070,Sitting
1745643, -0.353272, -0.625366, -0.690186, -0.061035, 0.000000, 0.122070,Sitting
1745663, -0.335205, -0.625488, -0.677612, 1.098633, 0.183105, -0.854492,Sitting
1745683, -0.331909, -0.641113, -0.680908, 1.770019, 0.732422, -1.342773,Sitting
1745703, -0.318848, -0.649780, -0.682129, 1.464844, 1.281738, -0.732422,Sitting
1745723, -0.315674, -0.652832, -0.686768, 1.159668, 0.244141, -0.610352,Sitting
1745743, -0.314819, -0.661621, -0.686524, -0.061035, -1.953124, -0.488281,Sitting
1745763, -0.315918, -0.663330, -0.687500, -1.342773, -3.845214, 0.000000,Sitting
1745783, -0.323486, -0.664429, -0.685547, -2.807617, -4.211426, 0.305176,Sitting
1745803, -0.330688, -0.651612, -0.688599, -3.356933, -3.295898, 0.488281,Sitting
1745823, -0.340820, -0.641480, -0.701538, -2.624511, -1.892090, -0.244141,Sitting
1745843, -0.338623, -0.633179, -0.709717, -1.281738, -0.610352, -0.488281,Sitting
1745863, -0.335938, -0.635498, -0.702515, 0.183105, -0.244141, -0.915527,Sitting
1745883, -0.331543, -0.640381, -0.683106, 0.732422, 0.366211, -0.854492,Sitting
1745903, -0.323242, -0.643921, -0.674194, 0.732422, 1.159668, -0.610352,Sitting
1745923, -0.312134, -0.651245, -0.685547, 0.488281, 1.403808, -0.305176,Sitting
1745943, -0.301880, -0.655029, -0.692017, -0.244141, 0.061035, -0.183105,Sitting
1745963, -0.325317, -0.657471, -0.694946, -0.305176, -1.892090, -0.549316,Sitting
1745983, -0.342285, -0.652222, -0.692749, -0.549316, -1.953124, -0.366211,Sitting
1746003, -0.349121, -0.645996, -0.688232, -0.610352, -1.037598, -0.122070,Sitting
1746023, -0.333496, -0.633667, -0.683716, -0.732422, 0.366211, -0.122070,Sitting
1746043, -0.327393, -0.629028, -0.692505, 0.000000, 0.549316, -0.915527,Sitting
1746063, -0.315552, -0.634278, -0.697266, 0.061035, 0.427246, -0.488281,Sitting
1746083, -0.306274, -0.638306, -0.702515, 0.000000, -0.488281, -0.061035,Sitting
1746103, -0.316040, -0.650146, -0.702637, 0.061035, -2.502442, 0.000000,Sitting
1746123, -0.328125, -0.656372, -0.693360, -0.732422, -3.784179, 0.305176,Sitting
1746143, -0.332520, -0.649048, -0.686157, -1.098633, -3.479003, 0.427246,Sitting
1746163, -0.341187, -0.641236, -0.688477, -0.976562, -1.647949, 0.732422,Sitting
1746183, -0.340210, -0.637573, -0.698242, -0.244141, -0.122070, 0.366211,Sitting
1746203, -0.336792, -0.639160, -0.691895, 0.427246, -0.244141, -0.732422,Sitting
1746223, -0.337280, -0.642334, -0.683716, 0.610352, -0.915527, -0.915527,Sitting
1746243, -0.338135, -0.642090, -0.683106, -0.122070, 0.305176, -0.305176,Sitting
1746263, -0.309082, -0.642700, -0.688721, -1.159668, -0.244141, 0.122070,Sitting
1746283, -0.297485, -0.641846, -0.696655, -2.441407, -2.929687, 0.061035,Sitting
1746303, -0.310425, -0.640991, -0.703491, -2.746581, -6.530760, 0.000000,Sitting
1746323, -0.335449, -0.636719, -0.701294, -2.868652, -8.728030, 0.549316,Sitting
1746343, -0.363892, -0.631104, -0.695312, -2.502442, -7.873534, 1.098633,Sitting
1746363, -0.374512, -0.621216, -0.692627, -2.136231, -3.601074, 1.220704,Sitting
1746383, -0.370850, -0.622925, -0.700318, -0.488281, -0.488281, 0.732422,Sitting
1746403, -0.347900, -0.619873, -0.697632, 0.183105, 0.854492, -0.244141,Sitting
1746423, -0.343628, -0.635742, -0.686402, 1.159668, 0.488281, -0.488281,Sitting
1746443, -0.338623, -0.641602, -0.685547, 1.281738, 1.403808, -0.183105,Sitting
1746463, -0.325684, -0.647339, -0.691284, 0.427246, 3.173828, 1.037598,Sitting
1746483, -0.306274, -0.646606, -0.699707, 0.183105, 1.892090, -0.122070,Sitting
1746503, -0.317261, -0.646484, -0.693115, 0.305176, -1.953124, -0.488281,Sitting
1746523, -0.333618, -0.642212, -0.690308, 1.953124, -0.732422, -0.427246,Sitting
1746543, -0.355591, -0.627808, -0.690796, -0.549316, -1.220704, 0.549316,Sitting
1746563, -0.354980, -0.637451, -0.695557, 0.305176, 0.122070, -0.061035,Sitting
1746583, -0.355103, -0.638550, -0.701660, 1.037598, 1.525878, -0.671386,Sitting
1746603, -0.337402, -0.625732, -0.694946, 1.831054, 2.624511, -0.244141,Sitting
1746623, -0.331177, -0.628906, -0.687012, 2.136231, 1.647949, -0.366211,Sitting
1746643, -0.333252, -0.643799, -0.684448, 1.892090, 0.427246, -0.305176,Sitting
1746663, -0.332520, -0.649048, -0.692505, 0.915527, 0.000000, 0.183105,Sitting
1746683, -0.329468, -0.653687, -0.691406, 1.220704, -1.220704, 0.000000,Sitting
1746703, -0.313355, -0.670654, -0.701172, -1.098633, -1.037598, 0.000000,Sitting
1746723, -0.310425, -0.641846, -0.709106, -2.563476, -2.014160, -0.549316,Sitting
1746743, -0.344238, -0.629150, -0.715942, -2.685546, -3.601074, -1.220704,Sitting
1746763, -0.375122, -0.620850, -0.689331, -1.281738, -3.723144, -1.281738,Sitting
1746783, -0.388184, -0.629395, -0.652466, -1.586914, -4.882814, -2.136231,Sitting
1746803, -0.392822, -0.629150, -0.644043, -1.586914, -4.028321, -2.746581,Sitting
1746823, -0.376099, -0.632324, -0.668091, -2.380371, 3.906249, -2.075196,Sitting
1746843, -0.316284, -0.633667, -0.699829, -2.441407, 12.695310, -2.441407,Sitting
1746863, -0.265747, -0.639526, -0.724732, -2.136231, 13.061520, -3.540038,Sitting
1746883, -0.232788, -0.648438, -0.722412, 5.737304, 13.244628, -4.577638,Sitting
1746903, -0.251099, -0.644287, -0.710327, -0.793457, -15.075680, -2.502442,Sitting
1746923, -0.299438, -0.647827, -0.717896, -1.892090, -9.155274, -0.488281,Sitting
1746943, -0.324341, -0.623779, -0.721436, -2.441407, -8.117676, 0.793457,Sitting
1746963, -0.328980, -0.610352, -0.696289, -1.464844, -7.385252, 0.671386,Sitting
1746983, -0.353516, -0.601074, -0.695801, -0.549316, -7.873534, 0.122070,Sitting
1747003, -0.424194, -0.616211, -0.693360, 0.976562, -7.202148, -1.281738,Sitting
1747023, -0.429810, -0.614380, -0.682984, 1.342773, -1.281738, -0.915527,Sitting
1747043, -0.394043, -0.625366, -0.686157, 1.831054, 5.554198, 0.000000,Sitting
1747064, -0.332764, -0.628906, -0.693604, 1.342773, 8.605960, 0.122070,Sitting
1747084, -0.294312, -0.631958, -0.704834, 1.708984, 5.493162, -0.061035,Sitting
1747104, -0.294067, -0.639038, -0.696900, 1.647949, -2.441407, 0.000000,Sitting
1747124, -0.318237, -0.654907, -0.687012, 0.793457, -4.028321, 1.647949,Sitting
1747144, -0.341797, -0.649170, -0.693482, 0.366211, -1.953124, 2.502442,Sitting
1747164, -0.331177, -0.634644, -0.699219, 0.122070, 0.732422, 2.197266,Sitting
1747184, -0.325440, -0.630615, -0.708374, 1.037598, 0.915527, 0.549316,Sitting
1747204, -0.315552, -0.630493, -0.701660, 0.793457, -0.183105, -0.183105,Sitting
1747224, -0.328613, -0.628784, -0.700440, 1.037598, -1.342773, 0.122070,Sitting
1747244, -0.338501, -0.644409, -0.692261, 0.061035, -1.281738, 0.244141,Sitting
1747264, -0.332886, -0.646362, -0.687256, -1.159668, -1.159668, 0.549316,Sitting
1747284, -0.329712, -0.640869, -0.689453, -1.831054, -1.098633, 0.244141,Sitting
1747304, -0.336426, -0.640625, -0.697388, -1.403808, -1.831054, 0.122070,Sitting
1747324, -0.334351, -0.631958, -0.704712, -0.732422, -2.990722, 0.305176,Sitting
1747344, -0.334595, -0.628052, -0.696778, -0.671386, -3.417968, 0.488281,Sitting
1747364, -0.339111, -0.624390, -0.691406, -0.610352, -2.624511, 0.488281,Sitting
1747384, -0.344971, -0.629761, -0.701294, 0.122070, -1.159668, -0.305176,Sitting
1747404, -0.348633, -0.636475, -0.703980, 0.488281, 0.366211, -0.732422,Sitting
1747424, -0.344238, -0.634522, -0.703858, 0.854492, 1.098633, -0.305176,Sitting
1747444, -0.341309, -0.630005, -0.700073, 1.159668, 1.342773, 0.000000,Sitting
1747464, -0.330444, -0.632080, -0.700928, 1.586914, 1.159668, 0.061035,Sitting
1747484, -0.322632, -0.636475, -0.697022, 1.403808, 0.793457, -0.305176,Sitting
1747504, -0.317017, -0.636719, -0.693115, 1.342773, 0.122070, -0.610352,Sitting
1747524, -0.325440, -0.635864, -0.696778, 1.647949, -0.244141, -0.732422,Sitting
1747544, -0.331787, -0.638794, -0.700073, 1.281738, 0.793457, -0.183105,Sitting
1747564, -0.316528, -0.644287, -0.695557, 0.793457, 0.244141, -0.427246,Sitting
1747584, -0.315430, -0.644776, -0.686157, -0.183105, -1.159668, -0.610352,Sitting
1747604, -0.327393, -0.638794, -0.679810, -1.159668, -2.746581, -0.427246,Sitting
1747624, -0.330688, -0.632202, -0.694580, -1.708984, -3.295898, 0.000000,Sitting
1747644, -0.343140, -0.627320, -0.703491, -1.892090, -3.173828, 0.122070,Sitting
1747664, -0.351074, -0.621826, -0.700928, -1.342773, -3.173828, -0.061035,Sitting
1747684, -0.359619, -0.619141, -0.702026, -0.732422, -2.624511, -0.244141,Sitting
1747704, -0.349365, -0.619629, -0.704102, -0.122070, -1.892090, 0.122070,Sitting
1747724, -0.343384, -0.629639, -0.703491, -0.122070, -1.586914, 0.122070,Sitting
1747744, -0.341431, -0.631836, -0.701538, -0.061035, -1.464844, 0.122070,Sitting
1747764, -0.342774, -0.634155, -0.702881, 0.122070, -0.610352, 0.000000,Sitting
1747784, -0.335571, -0.636719, -0.691772, 0.366211, 0.122070, 0.183105,Sitting
1747804, -0.335571, -0.640259, -0.685181, 0.854492, 0.732422, -0.427246,Sitting
1747824, -0.333740, -0.645874, -0.689942, 1.159668, 1.831054, -1.037598,Sitting
1747844, -0.322144, -0.640015, -0.697510, 1.037598, 2.624511, -0.915527,Sitting
1747864, -0.314331, -0.634400, -0.699463, 1.220704, 1.892090, -0.732422,Sitting
1747884, -0.310913, -0.632324, -0.696533, 1.159668, 0.061035, -0.549316,Sitting
1747904, -0.323364, -0.630127, -0.694702, 1.220704, -1.342773, -0.305176,Sitting
1747924, -0.333862, -0.630493, -0.701538, 0.732422, -1.892090, 0.183105,Sitting
1747944, -0.358276, -0.625977, -0.702271, 0.488281, -1.159668, 0.427246,Sitting
1747964, -0.356445, -0.625000, -0.703858, 0.549316, 0.183105, 0.244141,Sitting
1747984, -0.358154, -0.623902, -0.704224, 1.647949, 0.671386, -0.488281,Sitting
1748004, -0.358032, -0.632202, -0.691528, 2.136231, 2.197266, -0.427246,Sitting
1748024, -0.347290, -0.636475, -0.683838, 1.831054, 3.479003, -0.305176,Sitting
1748044, -0.320068, -0.641236, -0.689087, 1.342773, 3.112792, 0.061035,Sitting
1748064, -0.323975, -0.642212, -0.698242, 1.342773, 2.136231, -0.427246,Sitting
1748084, -0.323242, -0.638794, -0.702515, 0.976562, 1.831054, -0.549316,Sitting
1748104, -0.315552, -0.648194, -0.699829, 1.098633, 0.976562, -0.488281,Sitting
1748124, -0.308960, -0.648804, -0.695190, 0.061035, 0.183105, -0.793457,Sitting
1748144, -0.313965, -0.642944, -0.699585, -0.183105, -1.220704, -0.976562,Sitting
1748164, -0.325073, -0.640747, -0.694214, -0.610352, -2.075196, -1.098633,Sitting
1748184, -0.331543, -0.640137, -0.687866, -0.732422, -1.831054, -0.854492,Sitting
1748204, -0.331543, -0.636841, -0.692139, -1.098633, -0.732422, -0.610352,Sitting
1748224, -0.328247, -0.628906, -0.704346, -0.427246, -1.220704, -1.159668,Sitting
1748244, -0.341187, -0.632568, -0.699219, -0.122070, -1.892090, -1.403808,Sitting
1748264, -0.347900, -0.628906, -0.691284, 0.000000, -1.281738, -0.671386,Sitting
1748284, -0.325806, -0.627808, -0.692383, 0.000000, -0.610352, 0.061035,Sitting
1748304, -0.315796, -0.630005, -0.697754, -0.061035, -1.037598, 0.061035,Sitting
1748324, -0.332031, -0.637207, -0.700318, -0.061035, -1.892090, -0.366211,Sitting
1748344, -0.341431, -0.637695, -0.698975, -0.305176, -1.403808, -0.244141,Sitting
1748364, -0.333374, -0.635986, -0.702881, 0.061035, -0.549316, 0.122070,Sitting
1748384, -0.320801, -0.631714, -0.707154, 0.183105, 0.061035, 0.366211,Sitting
1748404, -0.317871, -0.628662, -0.705444, 0.915527, -0.549316, -0.427246,Sitting
1748424, -0.322998, -0.637940, -0.700562, 1.220704, -1.342773, -1.159668,Sitting
1748444, -0.337158, -0.643677, -0.694580, 0.671386, -0.671386, -0.610352,Sitting
1748464, -0.333252, -0.637818, -0.688965, 0.061035, -0.488281, -0.244141,Sitting
1748484, -0.336670, -0.635010, -0.688232, 0.000000, -0.854492, -0.427246,Sitting
1748504, -0.334351, -0.641236, -0.687622, -0.244141, -0.671386, -0.915527,Sitting
1748524, -0.331909, -0.640869, -0.689697, -0.915527, -0.610352, -0.671386,Sitting
1748544, -0.338257, -0.629639, -0.694092, -0.854492, -1.403808, -0.122070,Sitting
1748564, -0.347778, -0.621094, -0.698486, -0.366211, -1.403808, 0.000000,Sitting
1748584, -0.349365, -0.621094, -0.707276, 0.549316, -0.610352, -0.244141,Sitting
1748604, -0.356934, -0.626465, -0.707031, 1.708984, 1.159668, -0.915527,Sitting
1748624, -0.334595, -0.625732, -0.721924, 2.136231, 3.295898, -0.610352,Sitting
1748644, -0.344849, -0.649902, -0.694458, 1.708984, 3.967285, -0.732422,Sitting
1748664, -0.315674, -0.646851, -0.675415, -0.427246, 6.164550, -0.915527,Sitting
1748684, -0.343140, -0.661377, -0.669068, -1.037598, 10.742184, -1.831054,Sitting
1748704, -0.311768, -0.653564, -0.710571, -1.220704, 16.296390, -1.403808,Sitting
1748724, -0.256104, -0.644165, -0.724610, -0.427246, 15.075680, -1.708984,Sitting
1748744, -0.249268, -0.643066, -0.709961, 0.061035, 7.263182, -2.502442,Sitting
1748764, -0.271118, -0.647827, -0.689209, -1.281738, -2.502442, -2.380371,Sitting
1748784, -0.306763, -0.648438, -0.675049, -3.051757, -8.361816, -1.098633,Sitting
1748804, -0.348999, -0.645630, -0.686524, -4.882814, -6.042480, 0.915527,Sitting
1748824, -0.342896, -0.618408, -0.719604, -5.432128, -2.014160, 1.770019,Sitting
1748844, -0.334473, -0.595337, -0.748535, -3.662109, -0.610352, 0.915527,Sitting
1748864, -0.329834, -0.590576, -0.748779, -1.525878, -1.770019, 0.061035,Sitting
1748884, -0.330811, -0.604004, -0.719360, 1.892090, -1.037598, 0.854492,Sitting
1748904, -0.316406, -0.619995, -0.711792, 2.929687, 0.122070, 0.671386,Sitting
1748924, -0.298950, -0.632446, -0.701538, 2.746581, 0.122070, 0.488281,Sitting
1748944, -0.281738, -0.629272, -0.701050, 2.441407, -1.586914, 0.488281,Sitting
1748964, -0.278564, -0.631348, -0.713257, 3.051757, -5.920409, 1.037598,Sitting
1748984, -0.290161, -0.661011, -0.694702, 2.441407, -12.573240, 1.464844,Sitting
1749004, -0.339722, -0.652222, -0.666504, 0.061035, -15.686032, 2.380371,Sitting
1749024, -0.399536, -0.632202, -0.689209, -0.427246, -11.291500, 2.563476,Sitting
1749044, -0.411011, -0.627930, -0.709839, 0.366211, -4.028321, 2.136231,Sitting
1749064, -0.362061, -0.622681, -0.701172, 1.098633, 1.159668, 1.159668,Sitting
1749084, -0.346436, -0.629639, -0.693360, 1.525878, 2.319336, 0.000000,Sitting
1749104, -0.320435, -0.641846, -0.698975, 1.098633, 3.051757, 0.061035,Sitting
1749124, -0.298706, -0.642700, -0.702881, 0.793457, 2.929687, 0.610352,Sitting
1749144, -0.291626, -0.635986, -0.704956, 0.732422, 1.708984, 0.610352,Sitting
1749164, -0.301514, -0.627930, -0.706177, 0.793457, 0.244141, 0.122070,Sitting
1749184, -0.305908, -0.631714, -0.705811, 0.549316, -0.854492, -0.549316,Sitting
1749204, -0.310791, -0.634644, -0.700073, 0.427246, -2.258301, -0.671386,Sitting
1749224, -0.339356, -0.630249, -0.705322, 0.915527, -2.685546, -0.488281,Sitting
1749244, -0.346680, -0.625610, -0.708008, 1.037598, -1.159668, -0.427246,Sitting
1749264, -0.343994, -0.630127, -0.703736, 1.281738, -0.183105, -1.037598,Sitting
1749284, -0.338867, -0.637207, -0.690308, 0.610352, -0.366211, -1.159668,Sitting
1749304, -0.338745, -0.638672, -0.685059, -0.793457, -0.244141, -0.488281,Sitting
1749324, -0.329102, -0.644165, -0.697022, 0.000000, 1.770019, 0.122070,Sitting
1749344, -0.310913, -0.636353, -0.699951, 0.854492, 2.685546, 0.976562,Sitting
1749364, -0.318115, -0.630737, -0.688354, 2.197266, 3.662109, 2.014160,Sitting
1749384, -0.321045, -0.636475, -0.688232, 2.014160, 7.202148, 2.990722,Sitting
1749404, -0.307373, -0.645630, -0.714356, 1.770019, 9.765626, 2.502442,Sitting
1749424, -0.287842, -0.654785, -0.722412, 1.098633, 6.896972, 0.671386,Sitting
1749444, -0.308472, -0.661133, -0.690552, 0.305176, -0.305176, -0.976562,Sitting
1749464, -0.345947, -0.639282, -0.698730, -1.403808, -2.624511, -1.464844,Sitting
1749484, -0.369629, -0.616455, -0.731079, -1.525878, 1.220704, -0.427246,Sitting
1749504, -0.368408, -0.595093, -0.730103, -0.366211, 4.882814, -0.061035,Sitting
1749524, -0.341797, -0.582886, -0.693237, -0.061035, 4.394532, -0.549316,Sitting
1749544, -0.330933, -0.596070, -0.708252, 1.342773, 2.319336, -2.014160,Sitting
1749564, -0.319214, -0.634278, -0.717652, 2.014160, 1.892090, -2.624511,Sitting
1749584, -0.313965, -0.663086, -0.700562, 2.197266, 0.061035, -2.685546,Sitting
1749604, -0.302734, -0.679321, -0.674316, 0.671386, -1.403808, -2.502442,Sitting
1749624, -0.284912, -0.655762, -0.679321, -0.732422, -2.990722, -1.403808,Sitting
1749644, -0.319092, -0.636353, -0.709473, -0.915527, -2.746581, -0.366211,Sitting
1749664, -0.306030, -0.615356, -0.737305, 0.427246, 0.305176, -0.366211,Sitting
1749684, -0.311890, -0.612915, -0.738281, 2.868652, 1.953124, -2.197266,Sitting
1749704, -0.310913, -0.633667, -0.707031, 3.417968, 1.037598, -3.784179,Sitting
1749724, -0.322510, -0.651612, -0.675049, 2.624511, -0.122070, -3.723144,Sitting
1749744, -0.318848, -0.666504, -0.676270, 0.854492, 1.159668, -3.417968,Sitting
1749764, -0.273804, -0.651001, -0.708618, -1.708984, 1.831054, -2.624511,Sitting
1749784, -0.276367, -0.635498, -0.719238, -1.037598, -0.610352, -2.929687,Sitting
1749804, -0.303711, -0.637451, -0.710449, -0.488281, -2.441407, -3.112792,Sitting
1749824, -0.312866, -0.621582, -0.701172, -0.671386, -1.892090, -2.258301,Sitting
1749844, -0.320679, -0.607056, -0.717041, 1.220704, 0.610352, -2.136231,Sitting
1749864, -0.304443, -0.628296, -0.725464, 2.014160, 1.953124, -3.173828,Sitting
1749884, -0.297608, -0.642456, -0.722412, 2.563476, -0.244141, -4.394532,Sitting
1749904, -0.321411, -0.664551, -0.693848, 1.708984, -2.990722, -4.760742,Sitting
1749924, -0.338135, -0.670288, -0.665405, -0.244141, -3.479003, -2.990722,Sitting
1749944, -0.358765, -0.652100, -0.672730, -1.403808, -1.098633, -1.525878,Sitting
1749964, -0.341431, -0.636475, -0.696900, -1.464844, 2.197266, -1.708984,Sitting
1749984, -0.318726, -0.631226, -0.717529, 0.549316, 2.502442, -3.906249,Sitting
1750004, -0.302734, -0.643799, -0.709473, 1.098633, 1.953124, -4.150392,Sitting
1750024, -0.286499, -0.647705, -0.702759, 0.854492, 1.403808, -3.540038,Sitting
1750044, -0.281128, -0.638550, -0.701416, 0.427246, 0.793457, -3.051757,Sitting
1750064, -0.288696, -0.629028, -0.707154, -0.061035, 0.793457, -3.051757,Sitting
1750084, -0.295776, -0.625000, -0.718506, 0.244141, 2.075196, -3.356933,Sitting
1750104, -0.277832, -0.629150, -0.716553, 0.427246, 2.990722, -3.295898,Sitting
1750124, -0.267700, -0.632080, -0.714234, 1.281738, 2.502442, -3.540038,Sitting
1750144, -0.272461, -0.645996, -0.707886, 1.586914, 1.953124, -4.272462,Sitting
1750164, -0.282715, -0.657593, -0.711060, 1.892090, 1.464844, -4.577638,Sitting
1750184, -0.285767, -0.673462, -0.698853, 1.647949, 1.892090, -4.455568,Sitting
1750204, -0.277588, -0.677368, -0.684448, 0.366211, 1.525878, -2.990722,Sitting
1750224, -0.280640, -0.669678, -0.688843, -0.610352, 1.342773, -2.868652,Sitting
1750244, -0.286987, -0.655640, -0.699463, -0.671386, 1.892090, -2.807617,Sitting
1750264, -0.293823, -0.648071, -0.708008, -0.732422, 3.784179, -2.990722,Sitting
1750284, -0.276489, -0.638062, -0.717896, -0.061035, 4.760742, -3.356933,Sitting
1750304, -0.263184, -0.641968, -0.716797, 0.366211, 4.394532, -3.723144,Sitting
1750324, -0.250855, -0.638672, -0.716553, 0.488281, 3.479003, -3.234863,Sitting
1750344, -0.256226, -0.640991, -0.715454, 0.732422, 2.136231, -3.051757,Sitting
1750364, -0.263794, -0.644531, -0.712524, 1.220704, 0.976562, -2.258301,Sitting
1750384, -0.289795, -0.650757, -0.709961, 1.159668, 0.183105, -1.953124,Sitting
1750404, -0.289551, -0.652832, -0.704224, 0.976562, 0.915527, -1.647949,Sitting
1750424, -0.284302, -0.652954, -0.708740, 0.549316, -0.427246, -0.854492,Sitting
1750444, -0.280762, -0.654053, -0.703980, -0.244141, -0.061035, -0.793457,Sitting
1750464, -0.291260, -0.651489, -0.698853, -0.305176, 0.610352, -0.854492,Sitting
1750484, -0.276978, -0.651612, -0.698975, -0.427246, 1.464844, -1.464844,Sitting
1750504, -0.269653, -0.655884, -0.704102, 0.122070, 1.159668, -1.892090,Sitting
1750524, -0.259522, -0.663330, -0.705200, 0.000000, 0.671386, -2.075196,Sitting
1750544, -0.258667, -0.662720, -0.707520, -0.122070, 0.549316, -1.892090,Sitting
1750564, -0.241821, -0.655396, -0.711182, -0.610352, 0.305176, -1.647949,Sitting
1750584, -0.240112, -0.646240, -0.721192, -0.732422, -0.488281, -1.647949,Sitting
1750604, -0.249878, -0.646240, -0.720825, -0.610352, -1.647949, -2.075196,Sitting
1750624, -0.269287, -0.648438, -0.714600, -0.305176, -1.831054, -2.014160,Sitting
1750644, -0.283447, -0.657104, -0.703736, -0.915527, 0.549316, -1.281738,Sitting
1750664, -0.273926, -0.647339, -0.708130, -0.732422, 1.403808, -0.793457,Sitting
1750684, -0.256836, -0.642212, -0.716675, -0.427246, 0.549316, -0.915527,Sitting
1750704, -0.267212, -0.640869, -0.719482, 0.244141, -0.061035, -1.220704,Sitting
1750724, -0.272583, -0.638794, -0.715698, 0.732422, 0.305176, -1.281738,Sitting
1750744, -0.271729, -0.648926, -0.707398, 1.159668, 0.915527, -1.281738,Sitting
1750764, -0.260864, -0.654907, -0.708130, 1.098633, 1.281738, -1.037598,Sitting
1750784, -0.259399, -0.660645, -0.706177, 0.671386, 1.037598, -1.098633,Sitting
1750804, -0.258179, -0.662110, -0.707520, 0.427246, 0.183105, -0.915527,Sitting
1750824, -0.262695, -0.653931, -0.711426, 0.183105, -0.061035, -0.793457,Sitting
1750844, -0.265625, -0.651245, -0.718750, 0.610352, 0.488281, -0.671386,Sitting
1750864, -0.257813, -0.643188, -0.714966, 0.915527, 0.488281, -0.732422,Sitting
1750884, -0.257568, -0.646484, -0.708008, 0.976562, -0.183105, -0.976562,Sitting
1750904, -0.263916, -0.653687, -0.710327, 1.159668, -0.549316, -1.037598,Sitting
1750924, -0.262573, -0.660522, -0.708740, 0.610352, -0.122070, -0.793457,Sitting
1750944, -0.257935, -0.659546, -0.708374, 0.183105, -0.488281, -0.549316,Sitting
1750964, -0.254517, -0.656372, -0.711060, 0.061035, -0.915527, -0.671386,Sitting
1750984, -0.259155, -0.651001, -0.716919, 0.366211, -0.732422, -0.732422,Sitting
1751004, -0.263306, -0.651001, -0.716553, 0.732422, -0.183105, -0.915527,Sitting
1751024, -0.258545, -0.658203, -0.712524, 0.305176, -0.305176, -0.732422,Sitting
1751044, -0.250488, -0.658692, -0.705200, -1.525878, -1.281738, -0.244141,Sitting
1751064, -0.246582, -0.650879, -0.706177, -1.342773, -2.136231, -0.427246,Sitting
1751084, -0.250855, -0.656738, -0.714478, -0.061035, -2.380371, -1.037598,Sitting
1751104, -0.270142, -0.653809, -0.718872, 0.122070, -1.403808, -1.037598,Sitting
1751124, -0.275146, -0.650391, -0.713623, 0.793457, 0.122070, -0.976562,Sitting
1751144, -0.261841, -0.651367, -0.714966, 1.647949, 0.854492, -1.098633,Sitting
1751164, -0.252319, -0.655884, -0.709961, 2.014160, 1.037598, -1.098633,Sitting
1751184, -0.258179, -0.659424, -0.702515, 1.647949, 1.098633, -1.037598,Sitting
1751204, -0.260986, -0.658447, -0.696655, 0.732422, 1.159668, -0.488281,Sitting
1751224, -0.251221, -0.652954, -0.704590, 0.061035, 0.854492, 0.305176,Sitting
1751244, -0.240723, -0.646606, -0.717529, 0.122070, -0.244141, 0.671386,Sitting
1751264, -0.245483, -0.647095, -0.724854, 0.915527, -1.953124, 0.183105,Sitting
1751284, -0.263184, -0.650391, -0.717285, 1.220704, -3.234863, -0.122070,Sitting
1751304, -0.280884, -0.662110, -0.707031, 0.976562, -2.502442, -0.061035,Sitting
1751324, -0.274780, -0.668579, -0.696411, -0.671386, -1.220704, -0.061035,Sitting
1751344, -0.271606, -0.656250, -0.702148, -1.159668, -0.854492, -0.183105,Sitting
1751364, -0.270630, -0.648682, -0.709595, -1.159668, -0.732422, -0.305176,Sitting
1751384, -0.260132, -0.644409, -0.711792, -0.793457, -0.854492, 0.061035,Sitting
1751404, -0.254517, -0.647827, -0.712036, -0.061035, -1.464844, -0.061035,Sitting
1751424, -0.243652, -0.662354, -0.706543, -0.183105, -2.319336, -0.549316,Sitting
1751444, -0.238159, -0.668823, -0.707154, -0.732422, -4.028321, -1.037598,Sitting
1751464, -0.247314, -0.669800, -0.705322, -1.831054, -5.249022, -0.854492,Sitting
1751484, -0.262451, -0.656738, -0.707886, -2.441407, -5.065916, -0.366211,Sitting
1751504, -0.268188, -0.648804, -0.718262, -2.075196, -3.601074, -0.366211,Sitting
1751524, -0.262573, -0.642822, -0.722900, -1.281738, -2.136231, -0.488281,Sitting
1751544, -0.266113, -0.645630, -0.717407, -0.366211, -2.319336, -0.854492,Sitting
1751564, -0.273926, -0.651245, -0.710816, 0.183105, -2.319336, -0.915527,Sitting
1751584, -0.274780, -0.652100, -0.704834, 0.183105, -1.281738, -0.488281,Sitting
1751604, -0.272095, -0.646606, -0.708984, 0.122070, 0.244141, -0.183105,Sitting
1751624, -0.263916, -0.644165, -0.713867, 0.427246, 0.976562, -0.793457,Sitting
1751644, -0.265747, -0.651856, -0.712036, 0.793457, 0.427246, -0.854492,Sitting
1751664, -0.255859, -0.647949, -0.709595, 0.854492, -0.610352, -0.427246,Sitting
1751684, -0.263428, -0.649658, -0.709595, 1.037598, -1.159668, -0.854492,Sitting
1751704, -0.265259, -0.657104, -0.710694, 1.281738, -0.732422, -0.671386,Sitting
1751724, -0.259399, -0.665772, -0.707520, 0.427246, -0.610352, -0.488281,Sitting
1751744, -0.254517, -0.654541, -0.709839, -0.488281, -2.319336, 0.061035,Sitting
1751764, -0.265015, -0.642456, -0.709229, -0.915527, -3.479003, 0.610352,Sitting
1751784, -0.271118, -0.642334, -0.713135, -0.366211, -3.662109, 0.000000,Sitting
1751804, -0.272461, -0.650269, -0.716797, -0.183105, -2.136231, -0.244141,Sitting
1751824, -0.269775, -0.649170, -0.716187, 0.061035, -1.220704, -0.366211,Sitting
1751844, -0.277588, -0.648560, -0.707642, 0.000000, -1.708984, -0.366211,Sitting
1751864, -0.277954, -0.648194, -0.700928, 0.000000, -2.319336, 0.122070,Sitting
1751884, -0.266480, -0.652710, -0.698364, -0.305176, -2.624511, 0.366211,Sitting
1751904, -0.268311, -0.652588, -0.709229, -0.244141, -2.807617, 0.427246,Sitting
1751924, -0.273804, -0.655396, -0.714356, -0.244141, -2.990722, -0.122070,Sitting
1751944, -0.275024, -0.657104, -0.712646, -0.366211, -3.479003, -0.061035,Sitting
1751964, -0.276856, -0.647705, -0.708984, -0.549316, -2.929687, 0.366211,Sitting
1751984, -0.271851, -0.644409, -0.713257, -0.061035, -1.586914, 0.244141,Sitting
1752004, -0.273804, -0.645386, -0.715942, 0.244141, -0.244141, -0.244141,Sitting
1752024, -0.273926, -0.649536, -0.716309, 0.549316, 0.488281, -0.427246,Sitting
1752044, -0.266724, -0.645874, -0.720337, 1.037598, 0.305176, -0.427246,Sitting
1752064, -0.272705, -0.650513, -0.712524, 1.159668, -0.366211, -0.610352,Sitting
1752084, -0.280029, -0.652588, -0.698730, 0.915527, -0.915527, -0.610352,Sitting
1752104, -0.291870, -0.654053, -0.690552, 0.427246, 0.061035, -0.671386,Sitting
1752124, -0.281372, -0.655152, -0.700073, -0.488281, 2.014160, 0.000000,Sitting
1752144, -0.253784, -0.649048, -0.706421, -1.159668, 1.586914, -0.183105,Sitting
1752164, -0.249023, -0.656616, -0.715210, -0.671386, -1.892090, -1.037598,Sitting
1752184, -0.292603, -0.657349, -0.710083, -1.037598, -2.685546, -0.854492,Sitting
1752204, -0.286499, -0.651489, -0.702393, -1.220704, -0.488281, -0.244141,Sitting
1752224, -0.265625, -0.645996, -0.705444, -1.281738, 0.793457, 0.061035,Sitting
1752244, -0.256104, -0.637207, -0.711060, -0.976562, 0.061035, -0.061035,Sitting
1752264, -0.256836, -0.635376, -0.715210, -0.549316, -1.770019, -0.122070,Sitting
1752284, -0.266113, -0.642334, -0.714722, -0.122070, -3.112792, 0.366211,Sitting
1752304, -0.276367, -0.655518, -0.710083, -0.122070, -3.173828, 0.671386,Sitting
1752324, -0.283203, -0.654297, -0.713745, -0.793457, -2.075196, 0.732422,Sitting
1752344, -0.278076, -0.646118, -0.719482, -0.732422, -1.220704, 0.427246,Sitting
1752364, -0.269775, -0.648316, -0.720337, -0.488281, -1.342773, -0.244141,Sitting
1752384, -0.275146, -0.650146, -0.713501, -0.427246, -1.586914, -0.610352,Sitting
1752404, -0.282471, -0.639160, -0.709229, -0.488281, 0.000000, -0.915527,Sitting
1752424, -0.279419, -0.638550, -0.711182, -0.244141, 1.220704, -1.464844,Sitting
1752444, -0.281372, -0.643921, -0.708618, -0.305176, 1.464844, -1.159668,Sitting
1752464, -0.262573, -0.640625, -0.708618, -0.610352, 0.793457, -0.610352,Sitting
1752484, -0.263794, -0.640625, -0.713867, 0.244141, -0.732422, -0.732422,Sitting
1752504, -0.271240, -0.647095, -0.717041, 0.549316, -1.647949, -0.915527,Sitting
1752524, -0.293213, -0.652344, -0.713867, 1.037598, -1.037598, -0.915527,Sitting
1752544, -0.322754, -0.669922, -0.686279, 5.920409, 13.977050, -2.441407,Sitting
1752564, -0.181274, -0.650757, -0.727661, 4.516602, 2.136231, -1.159668,Sitting
1752584, -0.297852, -0.657837, -0.714112, -5.126952, -0.305176, 1.892090,Sitting
1752604, -0.227661, -0.632202, -0.715454, 3.112792, -8.544924, -3.417968,Sitting
1752624, -0.268433, -0.633179, -0.705078, -2.868652, -1.586914, 2.929687,Sitting
1752644, -0.264526, -0.623047, -0.717041, 0.915527, -0.732422, -1.220704,Sitting
1752664, -0.265137, -0.649780, -0.719238, 0.183105, -0.244141, -1.586914,Sitting
1752684, -0.271729, -0.643555, -0.721558, 0.061035, -1.892090, -0.244141,Sitting
1752704, -0.288818, -0.636475, -0.717407, 1.281738, -2.929687, -0.183105,Sitting
1752724, -0.283081, -0.637573, -0.712280, 0.976562, -2.624511, 1.037598,Sitting
1752744, -0.290283, -0.628906, -0.715332, 1.953124, -1.647949, 0.122070,Sitting
1752764, -0.294434, -0.639648, -0.712891, 2.258301, -0.244141, -0.915527,Sitting
1752784, -0.292480, -0.647095, -0.707886, 1.708984, 0.732422, -0.671386,Sitting
1752804, -0.273316, -0.652100, -0.705200, 1.342773, 0.183105, -0.122070,Sitting
1752824, -0.270874, -0.666016, -0.703247, 0.915527, -1.098633, 0.244141,Sitting
1752844, -0.280396, -0.664673, -0.704590, 0.549316, -0.976562, -0.549316,Sitting
1752864, -0.270264, -0.656738, -0.702148, 0.061035, 0.183105, -0.793457,Sitting
1752884, -0.262085, -0.651123, -0.703980, 0.244141, -0.122070, -0.854492,Sitting
1752904, -0.259399, -0.651612, -0.710205, 0.305176, -1.281738, -0.976562,Sitting
1752924, -0.268311, -0.652954, -0.709717, 0.122070, -1.770019, -0.854492,Sitting
1752944, -0.274414, -0.649902, -0.708252, 0.183105, -1.220704, -0.488281,Sitting
1752964, -0.270020, -0.647949, -0.713989, 0.000000, 0.061035, -0.671386,Sitting
1752984, -0.266846, -0.648316, -0.718384, 0.244141, 0.244141, -0.854492,Sitting
1753004, -0.267822, -0.653931, -0.710571, 0.000000, -0.732422, -1.037598,Sitting
1753024, -0.274536, -0.657104, -0.703125, -0.305176, -1.098633, -0.671386,Sitting
1753044, -0.265381, -0.651245, -0.704102, -0.671386, -0.854492, -0.671386,Sitting
1753064, -0.278687, -0.647461, -0.715210, -0.183105, -1.464844, -1.281738,Sitting
1753084, -0.287354, -0.648316, -0.711304, -0.122070, -0.915527, -1.525878,Sitting
1753104, -0.283814, -0.646606, -0.705688, -0.183105, 0.061035, -1.403808,Sitting
1753124, -0.275879, -0.648682, -0.710449, -0.366211, 0.366211, -0.793457,Sitting
1753144, -0.271484, -0.645020, -0.710449, -0.610352, 0.244141, -0.366211,Sitting
1753164, -0.272583, -0.644898, -0.711914, -0.122070, -0.183105, -0.793457,Sitting
1753184, -0.269165, -0.651001, -0.711182, 0.061035, -0.549316, -0.732422,Sitting
1753204, -0.266846, -0.647705, -0.709595, 0.061035, -0.854492, -0.183105,Sitting
1753224, -0.273560, -0.651367, -0.709961, 0.366211, -1.037598, -0.305176,Sitting
1753244, -0.273926, -0.652100, -0.707642, 0.305176, -0.732422, -0.427246,Sitting
1753264, -0.268188, -0.652588, -0.707642, 0.244141, -0.427246, -0.488281,Sitting
1753284, -0.269409, -0.652954, -0.713013, 0.366211, -0.366211, -0.488281,Sitting
1753304, -0.270386, -0.655640, -0.711060, -0.061035, -0.488281, -0.610352,Sitting
1753324, -0.271240, -0.652588, -0.706787, -0.549316, -0.915527, -0.305176,Sitting
1753344, -0.268799, -0.646973, -0.708496, -0.610352, -0.915527, -0.366211,Sitting
1753364, -0.275757, -0.645508, -0.715942, -0.183105, -0.610352, -0.610352,Sitting
1753384, -0.276001, -0.645264, -0.716431, -0.061035, 0.061035, -0.793457,Sitting
1753404, -0.272705, -0.647339, -0.710083, 0.366211, 0.183105, -1.037598,Sitting
1753424, -0.263184, -0.650146, -0.707154, 0.488281, -0.061035, -1.037598,Sitting
1753444, -0.269898, -0.646240, -0.711304, 0.549316, -0.549316, -0.854492,Sitting
1753464, -0.271851, -0.642944, -0.712646, 0.793457, -0.671386, -0.793457,Sitting
1753484, -0.273071, -0.644531, -0.715820, 0.854492, -0.122070, -0.793457,Sitting
1753504, -0.267212, -0.651489, -0.708130, 0.366211, -0.976562, -0.488281,Sitting
1753524, -0.272949, -0.651245, -0.705811, -0.244141, -1.647949, -0.122070,Sitting
1753544, -0.278442, -0.646240, -0.711182, -0.183105, -1.525878, 0.061035,Sitting
1753564, -0.263062, -0.644776, -0.712524, -0.244141, -1.403808, 0.305176,Sitting
1753584, -0.258911, -0.647217, -0.712402, 0.000000, -2.136231, 0.122070,Sitting
1753604, -0.261841, -0.648438, -0.715942, 0.000000, -3.112792, -0.366211,Sitting
1753624, -0.276367, -0.647217, -0.716919, 0.183105, -3.356933, -0.610352,Sitting
1753644, -0.293823, -0.648560, -0.712646, 0.366211, -1.953124, -0.488281,Sitting
1753664, -0.286865, -0.650269, -0.703613, 0.244141, -0.183105, -0.305176,Sitting
1753684, -0.267700, -0.649292, -0.700440, 0.122070, 0.122070, -0.305176,Sitting
1753704, -0.260376, -0.651123, -0.705933, 0.183105, -1.098633, -0.488281,Sitting
1753724, -0.275879, -0.653809, -0.709717, 0.122070, -2.258301, -0.549316,Sitting
1753744, -0.287476, -0.653442, -0.710205, 0.183105, -1.586914, -0.305176,Sitting
1753764, -0.285400, -0.651367, -0.713013, 0.122070, -0.122070, -0.305176,Sitting
1753784, -0.268066, -0.651612, -0.711792, 0.061035, 0.122070, -0.671386,Sitting
1753804, -0.267212, -0.648071, -0.708862, -0.061035, -0.915527, -0.488281,Sitting
1753824, -0.279053, -0.647217, -0.712402, 0.183105, -1.403808, -0.427246,Sitting
1753844, -0.283691, -0.651001, -0.713257, 0.427246, -1.098633, -0.488281,Sitting
1753864, -0.282105, -0.654541, -0.707642, 0.000000, -0.610352, -0.366211,Sitting
1753884, -0.283814, -0.645386, -0.706177, -0.183105, 0.244141, -0.244141,Sitting
1753904, -0.268799, -0.635376, -0.710938, -0.244141, 1.342773, -0.366211,Sitting
1753924, -0.275513, -0.645996, -0.715698, 0.671386, 2.014160, -0.854492,Sitting
1753944, -0.273926, -0.657715, -0.721192, 1.586914, 3.234863, -1.098633,Sitting
1753964, -0.253540, -0.648560, -0.710083, 1.647949, 2.807617, -0.549316,Sitting
1753984, -0.237915, -0.637451, -0.699829, 1.281738, 0.915527, 0.122070,Sitting
1754004, -0.248047, -0.642822, -0.697876, 1.525878, -1.708984, -0.061035,Sitting
1754024, -0.259399, -0.657349, -0.695679, 0.549316, -2.990722, 0.305176,Sitting
1754044, -0.265625, -0.661865, -0.702515, 0.000000, -2.929687, 0.732422,Sitting
1754064, -0.273438, -0.667358, -0.718018, -0.061035, -2.990722, 0.183105,Sitting
1754084, -0.293335, -0.670410, -0.720215, -0.183105, -3.723144, -0.122070,Sitting
1754104, -0.298096, -0.645996, -0.709839, -0.305176, -2.868652, 0.061035,Sitting
1754124, -0.293701, -0.630493, -0.706177, 0.610352, -0.793457, -0.061035,Sitting
1754144, -0.285156, -0.634644, -0.708740, 0.488281, 0.366211, -0.488281,Sitting
1754164, -0.279541, -0.646484, -0.706299, -0.732422, -1.159668, -0.915527,Sitting
1754184, -0.282593, -0.649292, -0.708740, -1.281738, -2.258301, -0.671386,Sitting
1754204, -0.276611, -0.652710, -0.708496, -1.831054, -2.075196, -0.183105,Sitting
1754224, -0.270020, -0.649292, -0.709595, -1.831054, -1.831054, -0.366211,Sitting
1754244, -0.274292, -0.648804, -0.710083, -1.708984, -1.647949, -0.854492,Sitting
1754264, -0.274170, -0.649658, -0.710327, -1.586914, -1.098633, -1.037598,Sitting
1754284, -0.257080, -0.648926, -0.711182, -1.342773, -0.976562, -1.037598,Sitting
1754304, -0.256836, -0.648071, -0.713623, -0.610352, -1.586914, -1.159668,Sitting
1754324, -0.273071, -0.652222, -0.717285, -0.183105, -1.586914, -1.403808,Sitting
1754344, -0.284058, -0.650757, -0.713135, -0.183105, -0.488281, -1.220704,Sitting
1754364, -0.271484, -0.649780, -0.709351, -0.488281, 0.244141, -0.793457,Sitting
1754384, -0.260620, -0.646362, -0.710571, -0.854492, -0.793457, -0.671386,Sitting
1754404, -0.279175, -0.642212, -0.711792, -0.366211, -1.770019, -1.037598,Sitting
1754424, -0.291382, -0.642212, -0.711426, -0.244141, -0.976562, -0.976562,Sitting
1754444, -0.283691, -0.639893, -0.712524, -0.183105, 0.549316, -0.427246,Sitting
1754464, -0.272461, -0.637085, -0.718506, 0.244141, 0.732422, -0.488281,Sitting
1754484, -0.272583, -0.640381, -0.715210, 0.610352, -0.183105, -0.854492,Sitting
1754504, -0.281738, -0.639893, -0.713135, 0.915527, -0.854492, -0.854492,Sitting
1754524, -0.280029, -0.642700, -0.707764, 0.671386, -0.183105, -0.610352,Sitting
1754544, -0.275391, -0.643433, -0.710449, 0.793457, 0.061035, -0.549316,Sitting
1754564, -0.274048, -0.650269, -0.715454, 0.793457, -0.305176, -1.098633,Sitting
1754584, -0.275024, -0.651734, -0.712280, 0.244141, -0.610352, -0.854492,Sitting
1754604, -0.271606, -0.645386, -0.708618, 0.244141, -0.732422, -0.366211,Sitting
1754624, -0.275757, -0.655152, -0.713623, 0.732422, -0.488281, -0.671386,Sitting
1754644, -0.271118, -0.657104, -0.707520, 0.671386, 0.183105, -1.037598,Sitting
1754664, -0.281250, -0.651001, -0.706299, 1.220704, 0.488281, -0.854492,Sitting
1754684, -0.272949, -0.643188, -0.722778, 1.525878, 1.953124, -0.366211,Sitting
1754704, -0.254028, -0.634278, -0.732910, 1.586914, 2.746581, -0.610352,Sitting
1754724, -0.235107, -0.647583, -0.716431, 1.281738, 0.244141, -1.586914,Sitting
1754744, -0.246582, -0.651489, -0.705811, -0.244141, -3.723144, -2.319336,Sitting
1754764, -0.290649, -0.654053, -0.699951, -1.708984, -5.432128, -1.708984,Sitting
1754784, -0.301270, -0.660889, -0.684814, -3.051757, -4.516602, -0.427246,Sitting
1754804, -0.276123, -0.671265, -0.684692, -3.845214, -2.746581, 0.183105,Sitting
1754824, -0.242920, -0.671387, -0.707276, -3.723144, -3.051757, -0.488281,Sitting
1754844, -0.260742, -0.633057, -0.726196, -2.197266, -4.394532, -0.427246,Sitting
1754864, -0.308350, -0.606934, -0.742188, 0.366211, -2.014160, -0.061035,Sitting
1754884, -0.305054, -0.606201, -0.743042, 2.929687, 2.075196, 0.000000,Sitting
1754904, -0.277954, -0.618896, -0.728638, 4.028321, 2.929687, -0.976562,Sitting
1754924, -0.279785, -0.640259, -0.713867, 4.211426, 0.732422, -1.403808,Sitting
1754944, -0.296509, -0.651856, -0.706421, 2.929687, -0.793457, -0.915527,Sitting
1754964, -0.302612, -0.666504, -0.696778, 1.525878, -0.244141, 0.122070,Sitting
1754984, -0.276611, -0.665039, -0.692993, -0.610352, 0.610352, 1.037598,Sitting
1755004, -0.258057, -0.661499, -0.697998, -1.342773, 0.122070, 1.220704,Sitting
1755024, -0.237793, -0.654419, -0.712280, -1.281738, -1.464844, 0.488281,Sitting
1755044, -0.240234, -0.654419, -0.715088, -0.976562, -2.807617, 0.244141,Sitting
1755064, -0.255493, -0.649658, -0.716187, -0.610352, -1.892090, 0.000000,Sitting
1755084, -0.254395, -0.647217, -0.716309, -0.427246, -0.671386, -0.732422,Sitting
1755104, -0.255249, -0.647217, -0.718628, 0.000000, -1.037598, -1.403808,Sitting
1755124, -0.268066, -0.651245, -0.714112, -0.427246, -2.746581, -1.831054,Sitting
1755144, -0.282349, -0.648438, -0.702026, -1.281738, -4.394532, -1.098633,Sitting
1755164, -0.303589, -0.640991, -0.702637, -2.197266, -4.333496, -0.305176,Sitting
1755184, -0.321533, -0.635132, -0.709351, -2.319336, -2.746581, 0.183105,Sitting
1755204, -0.316040, -0.639648, -0.712524, -2.075196, -1.037598, 0.183105,Sitting
1755224, -0.297485, -0.639771, -0.716553, -1.281738, -0.183105, 0.000000,Sitting
1755244, -0.277344, -0.638184, -0.723145, -0.610352, 0.061035, 0.366211,Sitting
1755264, -0.265869, -0.632446, -0.718506, 0.488281, -0.427246, 0.488281,Sitting
1755284, -0.259644, -0.642578, -0.707520, 1.281738, -1.159668, -0.244141,Sitting
1755304, -0.273071, -0.648194, -0.713867, 1.037598, -0.671386, -0.366211,Sitting
1755324, -0.269287, -0.647705, -0.720825, 0.610352, 0.122070, 0.183105,Sitting
1755344, -0.266113, -0.650757, -0.716431, 0.000000, -1.159668, 0.366211,Sitting
1755364, -0.256958, -0.653564, -0.704712, -0.793457, -3.662109, 0.183105,Sitting
1755384, -0.280274, -0.651856, -0.701660, -1.403808, -5.676268, 0.061035,Sitting
1755404, -0.303223, -0.638550, -0.706421, -2.319336, -4.272462, 0.732422,Sitting
1755424, -0.309692, -0.629272, -0.719116, -2.197266, -2.075196, 1.037598,Sitting
1755444, -0.286133, -0.635254, -0.721924, -1.586914, -1.708984, 0.549316,Sitting
1755464, -0.270874, -0.641358, -0.720825, -1.098633, -3.540038, 0.061035,Sitting
1755484, -0.282837, -0.639038, -0.715088, -0.976562, -4.699708, 0.305176,Sitting
1755504, -0.303345, -0.638428, -0.702148, -0.793457, -3.601074, 0.488281,Sitting
1755524, -0.291260, -0.641113, -0.696655, -1.159668, -2.563476, 0.671386,Sitting
1755544, -0.285156, -0.640015, -0.703369, -1.281738, -1.647949, 0.305176,Sitting
1755564, -0.287109, -0.636353, -0.733887, -0.427246, -0.976562, -0.183105,Sitting
1755584, -0.294556, -0.631714, -0.747314, 0.366211, -0.488281, -0.244141,Sitting
1755604, -0.288818, -0.629639, -0.729004, 1.464844, -1.037598, -0.061035,Sitting
1755624, -0.294312, -0.642212, -0.696411, 1.647949, -1.586914, -0.244141,Sitting
1755644, -0.294312, -0.639648, -0.685059, 0.488281, 0.793457, 0.427246,Sitting
1755664, -0.284424, -0.634278, -0.718018, 0.427246, 4.028321, 0.549316,Sitting
1755684, -0.252197, -0.646851, -0.732666, 0.305176, 3.112792, 0.122070,Sitting
1755704, -0.249023, -0.664062, -0.707886, -15.624996, -4.028321, -0.488281,Sitting
1755724, -0.285645, -0.664551, -0.703369, -1.281738, -4.882814, 0.427246,Sitting
1755744, -0.280029, -0.646240, -0.716431, -2.319336, -3.051757, 0.915527,Sitting
1755764, -0.263794, -0.631226, -0.707642, -2.441407, -4.150392, 0.976562,Sitting
1755784, -0.273316, -0.618164, -0.707276, -2.136231, -7.019042, -0.122070,Sitting
1755804, -0.300171, -0.609375, -0.724732, -1.892090, -7.873534, -0.610352,Sitting
1755824, -0.331543, -0.603638, -0.743042, -1.220704, -5.310058, -0.305176,Sitting
1755844, -0.330933, -0.591797, -0.746094, 0.061035, -1.892090, -0.793457,Sitting
1755864, -0.338013, -0.602783, -0.739624, 2.441407, -0.244141, -2.441407,Sitting
1755884, -0.327393, -0.621948, -0.709595, 2.868652, -0.061035, -3.173828,Sitting
1755904, -0.336182, -0.635498, -0.691650, 3.112792, -0.732422, -2.014160,Sitting
1755924, -0.320923, -0.647705, -0.685059, 2.136231, -0.061035, 0.305176,Sitting
1755944, -0.288574, -0.646851, -0.692627, 0.061035, -0.427246, 1.037598,Sitting
1755964, -0.272827, -0.643677, -0.711792, 0.305176, -2.502442, 0.793457,Sitting
1755984, -0.286011, -0.659912, -0.722046, 0.427246, -3.601074, 0.427246,Sitting
1756004, -0.290649, -0.661865, -0.716675, -0.183105, -2.502442, 0.854492,Sitting
1756024, -0.284424, -0.649170, -0.711792, -0.976562, 0.305176, 1.098633,Sitting
1756044, -0.260864, -0.639771, -0.713135, -0.671386, 0.366211, 0.671386,Sitting
1756064, -0.253418, -0.630127, -0.716553, -0.366211, -2.136231, 0.000000,Sitting
1756084, -0.281372, -0.635010, -0.713623, 0.671386, -4.516602, -0.366211,Sitting
1756104, -0.312134, -0.643188, -0.709839, 1.220704, -4.272462, -0.061035,Sitting
1756124, -0.322632, -0.640015, -0.707764, 0.732422, -1.831054, 0.854492,Sitting
1756144, -0.323608, -0.628296, -0.709839, 0.732422, -0.183105, 0.366211,Sitting
1756164, -0.323975, -0.617676, -0.713501, 1.647949, 0.122070, -0.427246,Sitting
1756184, -0.321045, -0.627808, -0.705688, 1.708984, 0.183105, -0.427246,Sitting
1756204, -0.315308, -0.637940, -0.701050, 1.281738, 0.671386, 0.122070,Sitting
1756224, -0.301514, -0.637207, -0.710449, 0.793457, 0.488281, 0.305176,Sitting
1756244, -0.297485, -0.638184, -0.714844, 0.366211, -0.366211, -0.183105,Sitting
1756264, -0.295654, -0.641602, -0.715210, 0.488281, -1.525878, -0.671386,Sitting
1756284, -0.294678, -0.651489, -0.708618, -0.183105, -1.708984, -0.732422,Sitting
1756304, -0.294312, -0.642212, -0.704590, -0.671386, -1.342773, -0.366211,Sitting
1756324, -0.304321, -0.635742, -0.708496, -0.305176, -0.854492, -0.671386,Sitting
1756344, -0.298096, -0.640747, -0.704468, -0.244141, -0.061035, -0.976562,Sitting
1756364, -0.286743, -0.643188, -0.701538, -0.366211, -0.183105, -1.037598,Sitting
1756384, -0.292358, -0.627930, -0.721436, 0.183105, -1.037598, -0.793457,Sitting
1756404, -0.308228, -0.633301, -0.720459, 0.732422, -1.159668, -1.220704,Sitting
1756424, -0.311768, -0.637085, -0.708740, 0.915527, -0.732422, -1.220704,Sitting
1756444, -0.307129, -0.643433, -0.700684, 0.488281, 0.305176, -1.159668,Sitting
1756464, -0.300903, -0.645630, -0.706421, 0.061035, 0.610352, -0.793457,Sitting
1756484, -0.299316, -0.638550, -0.708496, -0.549316, -0.488281, -0.549316,Sitting
1756504, -0.307129, -0.632446, -0.707154, -0.549316, -1.281738, -0.305176,Sitting
1756524, -0.299316, -0.627930, -0.707642, -0.305176, -0.976562, -0.061035,Sitting
1756544, -0.294312, -0.632812, -0.718384, 0.610352, -0.549316, -0.427246,Sitting
1756564, -0.301148, -0.636719, -0.724487, 0.915527, -0.183105, -0.793457,Sitting
1756584, -0.303467, -0.635010, -0.715088, 0.976562, 0.244141, -0.976562,Sitting
1756604, -0.298950, -0.637451, -0.706665, 1.159668, 1.281738, -0.610352,Sitting
1756624, -0.295898, -0.639038, -0.708130, 0.915527, 1.647949, -0.671386,Sitting
1756644, -0.289673, -0.643188, -0.701172, 0.610352, 0.549316, -0.915527,Sitting
1756664, -0.289551, -0.643677, -0.700195, 0.366211, -1.281738, -0.976562,Sitting
1756684, -0.307129, -0.639282, -0.710327, 0.183105, -1.586914, -0.671386,Sitting
1756704, -0.317139, -0.636230, -0.713623, 0.000000, -0.488281, -0.305176,Sitting
1756724, -0.309448, -0.630737, -0.706787, 0.305176, 0.305176, -0.671386,Sitting
1756744, -0.300171, -0.631592, -0.711548, 0.427246, 0.793457, -1.159668,Sitting
1756764, -0.299927, -0.629150, -0.716064, 0.793457, 0.610352, -0.793457,Sitting
1756784, -0.301025, -0.635498, -0.713867, 1.159668, 0.183105, -0.671386,Sitting
1756804, -0.299316, -0.643433, -0.710816, 1.098633, 0.183105, -0.610352,Sitting
1756824, -0.288330, -0.649292, -0.705811, 0.793457, 0.610352, -0.732422,Sitting
1756844, -0.284180, -0.651123, -0.704834, 0.183105, 0.183105, -0.671386,Sitting
1756864, -0.282227, -0.646606, -0.706909, 0.000000, -0.549316, -0.610352,Sitting
1756884, -0.285400, -0.646362, -0.708984, -0.061035, -0.976562, -0.854492,Sitting
1756904, -0.288574, -0.645264, -0.708618, -0.183105, -0.793457, -0.793457,Sitting
1756924, -0.291992, -0.641846, -0.707764, -0.183105, -0.427246, -0.854492,Sitting
1756944, -0.293701, -0.636597, -0.713989, -0.366211, -0.549316, -1.037598,Sitting
1756964, -0.292847, -0.634155, -0.710083, -0.610352, -1.220704, -1.037598,Sitting
1756984, -0.293091, -0.631958, -0.705444, -0.427246, -1.953124, -0.671386,Sitting
1757004, -0.298218, -0.632202, -0.712402, 0.061035, -1.953124, -0.793457,Sitting
1757024, -0.311768, -0.634888, -0.718018, 0.549316, -1.220704, -0.793457,Sitting
1757044, -0.319214, -0.630860, -0.708618, 0.732422, 0.610352, -0.732422,Sitting
1757064, -0.308716, -0.635132, -0.707398, 0.915527, 1.342773, -0.488281,Sitting
1757084, -0.281494, -0.638428, -0.705688, 0.366211, 1.220704, -0.366211,Sitting
1757104, -0.281738, -0.640015, -0.709839, 0.854492, -0.366211, -0.671386,Sitting
1757124, -0.294678, -0.644287, -0.710694, 0.793457, -0.793457, -0.793457,Sitting
1757144, -0.302124, -0.644287, -0.711182, 0.610352, 0.122070, -0.427246,Sitting
1757164, -0.282105, -0.645020, -0.708740, 0.366211, 0.915527, -0.366211,Sitting
1757184, -0.274780, -0.643677, -0.711792, 0.244141, -0.122070, -0.610352,Sitting
1757204, -0.287720, -0.637451, -0.710327, 0.305176, -1.525878, -0.793457,Sitting
1757224, -0.300293, -0.635010, -0.709595, 0.427246, -1.342773, -0.610352,Sitting
1757244, -0.296021, -0.639648, -0.710449, 0.793457, -0.366211, -0.488281,Sitting
1757264, -0.300293, -0.636963, -0.714966, 0.854492, 0.061035, -1.159668,Sitting
1757284, -0.310547, -0.639404, -0.704590, 0.732422, 0.061035, -1.403808,Sitting
1757304, -0.298462, -0.646362, -0.694824, 0.122070, 0.244141, -0.671386,Sitting
1757324, -0.276367, -0.652100, -0.695312, -0.610352, -0.183105, -0.366211,Sitting
1757344, -0.279297, -0.647339, -0.717896, -0.610352, -0.671386, -0.305176,Sitting
1757364, -0.293457, -0.640381, -0.728516, -0.305176, -0.793457, -0.610352,Sitting
1757384, -0.289673, -0.637085, -0.716919, 0.244141, -1.159668, -0.732422,Sitting
1757404, -0.295654, -0.636963, -0.710449, 0.732422, -0.671386, -0.427246,Sitting
1757424, -0.288208, -0.635132, -0.705078, 0.671386, 0.488281, -0.549316,Sitting
1757444, -0.296509, -0.637695, -0.704956, 1.403808, 0.854492, -1.037598,Sitting
1757464, -0.305664, -0.644287, -0.706177, 1.098633, 1.464844, -0.915527,Sitting
1757484, -0.289551, -0.641236, -0.713379, 0.671386, 2.014160, 0.061035,Sitting
1757504, -0.269898, -0.633911, -0.713867, 0.610352, 0.000000, 0.061035,Sitting
1757524, -0.284790, -0.643433, -0.709839, 1.159668, -2.380371, -1.037598,Sitting
1757544, -0.305908, -0.645264, -0.706421, 0.549316, -2.258301, -1.281738,Sitting
1757564, -0.313477, -0.639771, -0.703613, 0.183105, -0.183105, -0.854492,Sitting
1757584, -0.303101, -0.643799, -0.705566, 0.000000, 1.647949, -0.549316,Sitting
1757604, -0.276123, -0.645630, -0.705200, -0.671386, 1.220704, -0.732422,Sitting
1757624, -0.267456, -0.644776, -0.705688, -0.488281, -1.159668, -0.915527,Sitting
1757644, -0.276978, -0.644409, -0.705811, -0.610352, -2.502442, -0.427246,Sitting
1757664, -0.289795, -0.643188, -0.713867, 0.061035, -2.014160, -0.305176,Sitting
1757684, -0.284546, -0.649292, -0.714600, 0.061035, -0.732422, -0.671386,Sitting
1757704, -0.286621, -0.646362, -0.712402, -0.183105, -0.488281, -0.915527,Sitting
1757724, -0.285645, -0.649658, -0.709717, 0.122070, -0.366211, -1.220704,Sitting
1757744, -0.292603, -0.648438, -0.710205, -0.122070, 0.061035, -1.098633,Sitting
1757764, -0.296997, -0.629272, -0.712158, -0.427246, 1.220704, -0.549316,Sitting
1757784, -0.297119, -0.620362, -0.709595, 0.427246, 1.159668, -0.732422,Sitting
1757804, -0.286865, -0.631714, -0.710571, 0.671386, 0.915527, -0.854492,Sitting
1757824, -0.282959, -0.636353, -0.717652, 0.976562, 0.305176, -0.854492,Sitting
1757844, -0.291382, -0.639038, -0.721680, 1.403808, -0.488281, -1.098633,Sitting
1757864, -0.303955, -0.639893, -0.710938, 1.159668, -0.305176, -1.098633,Sitting
1757884, -0.310913, -0.643555, -0.703736, 1.464844, 0.549316, -1.159668,Sitting
1757904, -0.290894, -0.650757, -0.703736, 0.915527, 2.380371, -0.854492,Sitting
1757924, -0.259033, -0.650879, -0.708374, -0.122070, 1.220704, -0.610352,Sitting
1757944, -0.267090, -0.644287, -0.711426, 0.061035, -1.647949, -0.793457,Sitting
1757964, -0.285645, -0.646362, -0.704468, 0.000000, -2.563476, -0.427246,Sitting
1757984, -0.284424, -0.650024, -0.705444, 0.183105, -1.281738, -0.427246,Sitting
1758004, -0.279663, -0.654785, -0.714478, 0.305176, 0.183105, -1.098633,Sitting
1758024, -0.284058, -0.650757, -0.713013, 0.183105, 0.183105, -1.281738,Sitting
1758044, -0.296143, -0.647705, -0.704224, 0.000000, 0.183105, -1.281738,Sitting
1758064, -0.279175, -0.646973, -0.708008, -0.488281, 0.854492, -0.671386,Sitting
1758084, -0.263916, -0.637451, -0.711792, -0.732422, 0.427246, -0.366211,Sitting
1758104, -0.282715, -0.632935, -0.717774, 0.183105, -0.854492, -0.793457,Sitting
1758124, -0.305786, -0.634766, -0.714600, 0.610352, 0.061035, -1.403808,Sitting
1758144, -0.297730, -0.645996, -0.713379, 1.281738, 3.173828, -1.403808,Sitting
1758164, -0.281494, -0.646484, -0.709351, 0.976562, 3.784179, -1.037598,Sitting
1758184, -0.270508, -0.637451, -0.711304, 0.732422, 2.441407, -1.281738,Sitting
1758204, -0.273193, -0.629028, -0.709229, 0.732422, 1.037598, -1.586914,Sitting
1758224, -0.274536, -0.629028, -0.710816, 1.098633, -0.488281, -0.732422,Sitting
1758244, -0.273438, -0.645264, -0.707764, 0.671386, -1.159668, -0.366211,Sitting
1758264, -0.267334, -0.654663, -0.711548, 0.427246, -1.342773, -0.305176,Sitting
1758284, -0.267334, -0.657959, -0.724732, 0.427246, -2.075196, -0.732422,Sitting
1758304, -0.271118, -0.653320, -0.724854, 0.610352, -2.624511, -0.793457,Sitting
1758324, -0.286987, -0.652100, -0.711670, 0.732422, -2.197266, -0.793457,Sitting
1758344, -0.285278, -0.653564, -0.699585, 0.549316, -0.183105, -0.976562,Sitting
1758364, -0.279175, -0.647583, -0.704834, 0.000000, 2.441407, -1.037598,Sitting
1758384, -0.280640, -0.645508, -0.704590, 0.000000, 2.624511, -1.037598,Sitting
1758404, -0.263550, -0.647827, -0.703125, 0.244141, 1.708984, -1.098633,Sitting
1758424, -0.254517, -0.650757, -0.707764, 0.366211, 0.122070, -0.793457,Sitting
1758444, -0.263916, -0.647827, -0.714600, 0.366211, -1.403808, -0.671386,Sitting
1758464, -0.290161, -0.644654, -0.715942, 0.427246, -1.708984, -0.854492,Sitting
1758484, -0.293945, -0.643311, -0.710327, 0.183105, -1.159668, -0.732422,Sitting
1758504, -0.283325, -0.633789, -0.712646, 0.122070, -0.610352, -0.549316,Sitting
1758524, -0.291748, -0.634033, -0.717041, 0.915527, 0.061035, -0.732422,Sitting
1758544, -0.291748, -0.634155, -0.721314, 1.342773, 0.915527, -0.915527,Sitting
1758564, -0.288818, -0.642212, -0.716797, 1.831054, 1.647949, -1.159668,Sitting
1758584, -0.270752, -0.654785, -0.711182, 1.525878, 2.075196, -0.915527,Sitting
1758604, -0.267944, -0.659180, -0.709595, 1.525878, 1.525878, -1.159668,Sitting
1758624, -0.267456, -0.660034, -0.703369, 0.793457, 1.342773, -1.037598,Sitting
1758644, -0.261719, -0.656006, -0.700073, 0.183105, 1.464844, -0.854492,Sitting
1758664, -0.246826, -0.654907, -0.703491, 0.000000, 0.671386, -1.098633,Sitting
1758684, -0.250366, -0.654663, -0.712158, 0.000000, -0.732422, -1.464844,Sitting
1758704, -0.271606, -0.658570, -0.716553, 0.183105, -1.098633, -1.708984,Sitting
1758724, -0.269409, -0.659058, -0.708252, -0.122070, -0.488281, -1.464844,Sitting
1758744, -0.269898, -0.655274, -0.710205, -0.122070, 0.061035, -1.342773,Sitting
1758764, -0.266235, -0.651856, -0.708496, -0.427246, 0.061035, -1.464844,Sitting
1758784, -0.272095, -0.648682, -0.705200, -0.915527, -0.427246, -1.342773,Sitting
1758804, -0.270142, -0.639526, -0.708008, -1.220704, -0.366211, -0.732422,Sitting
1758824, -0.262817, -0.634644, -0.723022, -0.610352, -0.793457, -0.732422,Sitting
1758844, -0.277466, -0.636353, -0.726196, 0.183105, -1.586914, -1.037598,Sitting
1758864, -0.285522, -0.638672, -0.717163, 0.976562, -1.647949, -0.976562,Sitting
1758884, -0.284668, -0.648804, -0.707642, 1.220704, -0.610352, -0.854492,Sitting
1758904, -0.265503, -0.651367, -0.707520, 0.671386, 0.366211, -0.305176,Sitting
1758924, -0.259155, -0.643311, -0.712280, 0.671386, -0.061035, -0.549316,Sitting
1758944, -0.272949, -0.646606, -0.717041, 1.220704, -0.366211, -0.854492,Sitting
1758964, -0.267700, -0.648071, -0.713867, 1.098633, 0.305176, -0.549316,Sitting
1758984, -0.253906, -0.648682, -0.714234, 1.586914, 0.732422, -0.366211,Sitting
1759004, -0.252197, -0.654663, -0.715454, 1.647949, 0.488281, -0.610352,Sitting
1759024, -0.267090, -0.657227, -0.709717, 1.464844, 0.000000, -1.281738,Sitting
1759044, -0.270752, -0.661865, -0.704956, 1.098633, 0.427246, -1.159668,Sitting
1759064, -0.260986, -0.662354, -0.702515, 0.183105, 0.488281, -0.732422,Sitting
1759084, -0.252441, -0.655274, -0.704590, -0.427246, -1.159668, -0.732422,Sitting
1759104, -0.263550, -0.653076, -0.705566, -0.305176, -3.112792, -0.976562,Sitting
1759124, -0.280274, -0.656982, -0.705688, -0.244141, -3.112792, -0.976562,Sitting
1759144, -0.282227, -0.657593, -0.705688, -0.610352, -1.220704, -0.854492,Sitting
1759164, -0.269165, -0.654785, -0.707398, -0.854492, 0.122070, -0.793457,Sitting
1759184, -0.256104, -0.648804, -0.711548, -0.915527, 0.183105, -1.037598,Sitting
1759204, -0.257568, -0.644165, -0.722778, -0.244141, -0.549316, -1.159668,Sitting
1759224, -0.263672, -0.647095, -0.719971, 0.000000, -0.610352, -1.159668,Sitting
1759244, -0.260620, -0.648071, -0.707642, -0.122070, -0.488281, -1.281738,Sitting
1759264, -0.265503, -0.647583, -0.712646, 0.366211, -0.244141, -1.037598,Sitting
1759284, -0.281250, -0.654053, -0.715942, 0.488281, 0.244141, -1.098633,Sitting
1759304, -0.277466, -0.655274, -0.709473, 0.427246, 1.098633, -0.793457,Sitting
1759324, -0.262695, -0.651245, -0.703858, 0.305176, 1.220704, -0.610352,Sitting
1759344, -0.253540, -0.648194, -0.707031, 0.488281, 0.610352, -0.732422,Sitting
1759364, -0.258667, -0.645508, -0.711792, 0.610352, 0.000000, -0.976562,Sitting
1759384, -0.270874, -0.644043, -0.714844, 0.915527, 0.061035, -1.159668,Sitting
1759404, -0.269898, -0.647095, -0.714722, 0.976562, 0.854492, -1.403808,Sitting
1759424, -0.259399, -0.654907, -0.714112, 0.793457, 1.220704, -1.464844,Sitting
1759444, -0.256104, -0.653076, -0.709351, 0.305176, 0.488281, -1.342773,Sitting
1759464, -0.266724, -0.652588, -0.709351, 0.427246, -0.366211, -1.525878,Sitting
1759484, -0.265991, -0.651612, -0.712402, 0.366211, 0.305176, -1.342773,Sitting
1759504, -0.266480, -0.649414, -0.711304, 0.610352, 0.854492, -1.281738,Sitting
1759524, -0.261597, -0.649658, -0.710205, 1.159668, 1.159668, -1.586914,Sitting
1759544, -0.259766, -0.657959, -0.708496, 1.281738, 1.159668, -1.953124,Sitting
1759564, -0.253784, -0.664062, -0.706299, 0.732422, 0.854492, -1.831054,Sitting
1759584, -0.249634, -0.661133, -0.709351, 0.000000, 0.488281, -1.342773,Sitting
1759604, -0.252441, -0.652466, -0.716431, 0.122070, 0.244141, -1.220704,Sitting
1759624, -0.255737, -0.647339, -0.721680, 0.488281, 0.488281, -1.342773,Sitting
1759644, -0.254272, -0.650391, -0.718262, 0.793457, 0.854492, -1.342773,Sitting
1759664, -0.247070, -0.654053, -0.708374, 0.732422, 0.915527, -1.403808,Sitting
1759684, -0.260620, -0.660278, -0.711182, 0.793457, 1.159668, -1.525878,Sitting
1759704, -0.262940, -0.660278, -0.712402, 0.854492, 2.563476, -1.464844,Sitting
1759724, -0.250977, -0.661743, -0.710449, 0.915527, 3.601074, -1.342773,Sitting
1759744, -0.241821, -0.657837, -0.714478, 1.037598, 3.723144, -1.098633,Sitting
1759764, -0.238037, -0.656250, -0.714478, 1.159668, 3.356933, -1.403808,Sitting
1759784, -0.247192, -0.658081, -0.716675, 1.647949, 3.051757, -1.342773,Sitting
1759804, -0.247559, -0.661743, -0.711426, 1.586914, 3.479003, -1.403808,Sitting
1759824, -0.236206, -0.668579, -0.706177, 1.159668, 2.929687, -1.647949,Sitting
1759844, -0.239868, -0.674438, -0.704224, 0.732422, 1.831054, -1.708984,Sitting
1759864, -0.242798, -0.676270, -0.698364, -0.183105, 1.708984, -1.525878,Sitting
1759884, -0.234619, -0.668945, -0.702393, -0.793457, 1.892090, -1.159668,Sitting
1759904, -0.228516, -0.656372, -0.719727, -0.610352, 0.793457, -1.770019,Sitting
1759924, -0.234253, -0.655762, -0.718750, -0.793457, -0.244141, -2.624511,Sitting
1759944, -0.233276, -0.649902, -0.714478, -0.915527, -0.244141, -2.868652,Sitting
1759964, -0.221802, -0.651734, -0.716675, -1.159668, 0.000000, -1.953124,Sitting
1759984, -0.230713, -0.659302, -0.717041, -0.915527, -1.159668, -2.136231,Sitting
1760004, -0.230225, -0.654419, -0.714356, -1.281738, -1.892090, -1.770019,Sitting
1760024, -0.244995, -0.652466, -0.718384, -0.915527, -2.441407, -1.464844,Sitting
1760044, -0.251953, -0.646362, -0.726440, -0.549316, -1.525878, -1.037598,Sitting
1760064, -0.251465, -0.647583, -0.718140, -0.427246, -1.037598, -0.854492,Sitting
1760084, -0.250244, -0.642822, -0.714356, 0.183105, -0.976562, -0.976562,Sitting
1760104, -0.254639, -0.644531, -0.716431, 0.915527, -0.732422, -1.220704,Sitting
1760124, -0.256592, -0.656738, -0.715332, 0.976562, 0.427246, -0.793457,Sitting
1760144, -0.238037, -0.658814, -0.709473, 0.854492, 0.854492, -0.549316,Sitting
1760164, -0.226074, -0.665528, -0.709351, 0.671386, 0.061035, -0.488281,Sitting
1760184, -0.221436, -0.663940, -0.715332, 0.549316, -0.793457, -0.305176,Sitting
1760204, -0.224365, -0.666260, -0.713989, 0.610352, -0.976562, -0.427246,Sitting
1760224, -0.229980, -0.666992, -0.716064, 0.671386, -0.488281, -0.427246,Sitting
1760244, -0.222412, -0.663940, -0.715088, 0.488281, -0.122070, -0.488281,Sitting
1760264, -0.220825, -0.662720, -0.713623, 0.549316, -0.610352, -0.671386,Sitting
1760284, -0.228638, -0.662354, -0.714112, 0.427246, -0.915527, -0.793457,Sitting
1760304, -0.236206, -0.662598, -0.714356, 0.427246, -0.610352, -0.732422,Sitting
1760324, -0.232056, -0.662964, -0.714844, 0.000000, -0.366211, -0.549316,Sitting
1760344, -0.242310, -0.657959, -0.712036, 0.000000, -1.159668, -0.305176,Sitting
1760364, -0.246948, -0.656372, -0.714600, 0.183105, -0.610352, -0.183105,Sitting
1760384, -0.243164, -0.654419, -0.719482, 0.427246, 0.427246, 0.061035,Sitting
1760404, -0.226929, -0.655396, -0.717529, 0.488281, 0.427246, -0.183105,Sitting
1760424, -0.234253, -0.659546, -0.719604, 0.610352, -0.793457, -0.610352,Sitting
1760444, -0.240845, -0.663330, -0.714234, 0.061035, -1.525878, -0.610352,Sitting
1760464, -0.244141, -0.658570, -0.704468, -0.671386, -1.770019, -0.183105,Sitting
1760484, -0.238647, -0.653687, -0.705566, -0.976562, -1.647949, -0.122070,Sitting
1760504, -0.236328, -0.656494, -0.711060, -0.854492, -2.075196, -0.732422,Sitting
1760524, -0.232300, -0.661865, -0.713379, -0.793457, -3.356933, -1.220704,Sitting
1760544, -0.240967, -0.662842, -0.713501, -0.854492, -4.028321, -1.037598,Sitting
1760564, -0.243286, -0.657349, -0.718750, -0.732422, -1.953124, -0.610352,Sitting
1760584, -0.236206, -0.656616, -0.718262, -0.549316, -0.915527, -0.793457,Sitting
1760604, -0.228760, -0.661377, -0.713867, -0.610352, -0.610352, -1.037598,Sitting
1760624, -0.227295, -0.659302, -0.715820, -0.793457, -0.732422, -0.854492,Sitting
1760644, -0.220825, -0.656860, -0.718628, -0.610352, -1.281738, -1.037598,Sitting
1760664, -0.229248, -0.657471, -0.721436, -0.244141, -1.831054, -0.488281,Sitting
1760684, -0.239868, -0.653198, -0.717285, 0.061035, -1.831054, -0.610352,Sitting
1760704, -0.245239, -0.653076, -0.715210, 0.488281, -1.220704, -0.549316,Sitting
1760724, -0.241577, -0.651245, -0.715210, 0.671386, -0.732422, -0.183105,Sitting
1760744, -0.243408, -0.651734, -0.715454, 1.037598, -0.976562, -0.183105,Sitting
1760764, -0.251343, -0.651978, -0.714112, 1.098633, -0.915527, -0.122070,Sitting
1760784, -0.241211, -0.659546, -0.709595, 0.671386, -0.244141, -0.183105,Sitting
1760804, -0.238159, -0.658325, -0.715576, 0.671386, -0.793457, 0.061035,Sitting
1760824, -0.238159, -0.658447, -0.713867, 0.305176, -1.708984, 0.183105,Sitting
1760844, -0.239502, -0.657715, -0.712036, 0.183105, -2.258301, 0.061035,Sitting
1760864, -0.240356, -0.659546, -0.712402, 0.000000, -2.258301, 0.000000,Sitting
1760884, -0.240967, -0.657593, -0.712280, -0.427246, -1.953124, 0.061035,Sitting
1760904, -0.248779, -0.653198, -0.715698, -0.305176, -1.831054, -0.244141,Sitting
1760924, -0.247314, -0.655640, -0.710816, -0.427246, -1.647949, -0.549316,Sitting
1760944, -0.242432, -0.657349, -0.710205, -0.427246, -1.647949, -0.793457,Sitting
1760964, -0.243530, -0.664673, -0.713135, -0.305176, -1.647949, -0.671386,Sitting
1760984, -0.235840, -0.666748, -0.717529, -0.549316, -1.342773, -0.427246,Sitting
1761004, -0.214355, -0.660767, -0.718994, -0.427246, -2.502442, -0.305176,Sitting
1761024, -0.227173, -0.655274, -0.721802, 0.427246, -3.845214, -0.183105,Sitting
1761044, -0.244751, -0.648438, -0.716797, 0.793457, -3.601074, -0.427246,Sitting
1761064, -0.272095, -0.641480, -0.717041, 1.342773, -1.647949, -0.610352,Sitting
1761084, -0.280884, -0.648071, -0.712036, 1.403808, 1.342773, -0.610352,Sitting
1761104, -0.256836, -0.651856, -0.709229, 0.976562, 2.807617, -0.244141,Sitting
1761124, -0.244141, -0.654419, -0.713379, 0.915527, 1.708984, -0.305176,Sitting
1761144, -0.240356, -0.654297, -0.711792, 0.671386, -0.183105, 0.000000,Sitting
1761164, -0.246460, -0.657104, -0.711060, 0.732422, -1.403808, -0.061035,Sitting
1761184, -0.252319, -0.658692, -0.710449, 0.976562, -1.403808, -0.427246,Sitting
1761204, -0.260986, -0.660522, -0.710205, 0.976562, -0.122070, -0.671386,Sitting
1761224, -0.241821, -0.670288, -0.706055, 1.037598, 1.403808, -1.281738,Sitting
1761244, -0.229370, -0.665894, -0.709351, 0.732422, 1.159668, -1.037598,Sitting
1761264, -0.231567, -0.666504, -0.709961, 0.671386, 0.488281, -0.976562,Sitting
1761284, -0.230469, -0.662720, -0.711426, 0.610352, 0.183105, -0.976562,Sitting
1761304, -0.237427, -0.663574, -0.716309, 0.793457, 0.488281, -1.403808,Sitting
1761324, -0.243408, -0.665528, -0.718628, 0.854492, 1.464844, -1.464844,Sitting
1761344, -0.243164, -0.665528, -0.711426, 0.244141, 2.380371, -1.342773,Sitting
1761364, -0.232544, -0.658081, -0.708374, 0.122070, 2.563476, -1.220704,Sitting
1761384, -0.222656, -0.657104, -0.705566, -0.061035, 1.892090, -1.403808,Sitting
1761404, -0.224976, -0.651612, -0.713379, 0.061035, 0.610352, -1.342773,Sitting
1761424, -0.245605, -0.652100, -0.719238, 0.427246, 0.122070, -0.976562,Sitting
1761444, -0.239868, -0.650513, -0.715454, 0.976562, 0.244141, -0.671386,Sitting
1761464, -0.243774, -0.656128, -0.720093, 1.647949, -0.122070, -0.854492,Sitting
1761484, -0.252686, -0.661377, -0.717529, 1.464844, 0.793457, -1.037598,Sitting
1761504, -0.245361, -0.656006, -0.714966, 1.647949, 2.197266, -1.220704,Sitting
1761524, -0.229736, -0.661743, -0.710571, 1.586914, 2.441407, -1.647949,Sitting
1761544, -0.222534, -0.660034, -0.710571, 1.220704, 1.037598, -1.586914,Sitting
1761564, -0.237915, -0.661987, -0.709717, 1.037598, 0.061035, -1.403808,Sitting
1761584, -0.233765, -0.666016, -0.707886, 0.854492, 0.427246, -0.671386,Sitting
1761604, -0.219971, -0.673096, -0.707154, 0.488281, 0.732422, -0.122070,Sitting
1761624, -0.196289, -0.673096, -0.707642, -0.244141, -0.549316, 0.183105,Sitting
1761644, -0.202637, -0.666870, -0.713257, 0.244141, -3.967285, -0.183105,Sitting
1761664, -0.247559, -0.675659, -0.706299, -0.061035, -4.699708, -0.488281,Sitting
1761684, -0.251831, -0.671509, -0.704956, -0.244141, -1.708984, -0.122070,Sitting
1761704, -0.220703, -0.673340, -0.712280, -0.122070, 0.122070, -0.305176,Sitting
1761724, -0.206543, -0.665894, -0.722534, -0.183105, -0.976562, -0.976562,Sitting
1761744, -0.231201, -0.661621, -0.721924, 0.305176, -2.746581, -1.647949,Sitting
1761764, -0.254150, -0.658570, -0.708374, 0.183105, -1.708984, -0.854492,Sitting
1761804, -0.229980, -0.644654, -0.704224, 0.183105, 3.295898, 0.122070,Sitting
1761824, -0.222900, -0.647339, -0.716064, 1.037598, 1.586914, -0.671386,Sitting
1761844, -0.238281, -0.658936, -0.719971, 1.525878, -0.854492, -0.854492,Sitting
1761864, -0.246826, -0.666016, -0.712402, 1.525878, -1.586914, -0.061035,Sitting
1761884, -0.228272, -0.672363, -0.708008, 0.976562, -1.159668, 0.366211,Sitting
1761904, -0.222168, -0.665283, -0.715454, 0.183105, -1.708984, -0.183105,Sitting
1761924, -0.231079, -0.661621, -0.715088, 0.000000, -2.868652, -0.549316,Sitting
1761944, -0.227661, -0.664917, -0.703980, -0.488281, -3.112792, -0.183105,Sitting
1761964, -0.230835, -0.666260, -0.705811, -0.305176, -2.136231, 0.122070,Sitting
1761984, -0.234985, -0.665528, -0.711060, -0.183105, -0.854492, -0.244141,Sitting
1762004, -0.237671, -0.660522, -0.713379, 0.366211, -0.366211, -0.610352,Sitting
1762024, -0.231812, -0.670166, -0.705322, 0.732422, -0.488281, -0.793457,Sitting
1762044, -0.223511, -0.676148, -0.698730, 0.488281, -1.220704, -0.427246,Sitting
1762064, -0.235230, -0.671753, -0.709961, 0.427246, -1.831054, -0.366211,Sitting
1762084, -0.253296, -0.663818, -0.711426, 0.122070, -1.220704, -0.732422,Sitting
1762104, -0.248901, -0.658203, -0.709351, 0.061035, 0.061035, -1.098633,Sitting
1762124, -0.233643, -0.664917, -0.711792, -0.305176, 0.183105, -0.793457,Sitting
1762144, -0.226563, -0.660278, -0.713257, -0.549316, -0.610352, -0.488281,Sitting
1762164, -0.233521, -0.654663, -0.714600, 0.244141, -1.770019, -0.854492,Sitting
1762184, -0.245605, -0.659912, -0.715820, 0.488281, -1.098633, -0.976562,Sitting
1762204, -0.243408, -0.662842, -0.710205, 0.732422, 0.732422, -0.671386,Sitting
1762224, -0.228272, -0.664551, -0.706665, 0.915527, 1.953124, -0.610352,Sitting
1762244, -0.216797, -0.666504, -0.712646, 1.281738, 1.403808, -1.037598,Sitting
1762264, -0.226807, -0.669434, -0.715698, 1.342773, 0.000000, -1.647949,Sitting
1762284, -0.240967, -0.670410, -0.704346, 1.159668, -0.305176, -1.281738,Sitting
1762304, -0.241211, -0.671509, -0.697876, 0.488281, 0.671386, -0.732422,Sitting
1762324, -0.214600, -0.661987, -0.703980, 0.122070, 0.305176, -0.549316,Sitting
1762344, -0.223511, -0.659424, -0.713989, 0.610352, -1.220704, -0.915527,Sitting
1762364, -0.241577, -0.665283, -0.714844, 0.732422, -1.403808, -0.793457,Sitting
1762384, -0.242310, -0.668701, -0.710571, 0.793457, -0.610352, -0.671386,Sitting
1762404, -0.240234, -0.669800, -0.706177, 0.915527, 0.549316, -0.488281,Sitting
1762424, -0.223877, -0.668823, -0.706665, 0.427246, 0.854492, -0.610352,Sitting
1762444, -0.220581, -0.663696, -0.712036, 0.610352, 0.061035, -0.793457,Sitting
1762464, -0.229980, -0.666748, -0.713745, 0.549316, -0.488281, -0.671386,Sitting
1762484, -0.225830, -0.667480, -0.708008, 0.122070, -0.366211, -0.488281,Sitting
1762504, -0.225830, -0.667969, -0.708252, 0.244141, -0.671386, -0.854492,Sitting
1762524, -0.233521, -0.667725, -0.709473, 0.244141, -0.488281, -1.037598,Sitting
1762544, -0.235840, -0.665405, -0.710449, 0.305176, -0.549316, -1.281738,Sitting
1762564, -0.235718, -0.669434, -0.706177, 0.244141, -1.037598, -0.854492,Sitting
1762584, -0.231445, -0.662720, -0.703613, 0.122070, -1.159668, -0.488281,Sitting
1762604, -0.240234, -0.664307, -0.708252, 0.488281, -0.244141, -0.549316,Sitting
1762624, -0.228760, -0.665405, -0.711060, 0.549316, 0.854492, -0.610352,Sitting
1762644, -0.224731, -0.667358, -0.709961, 0.732422, 0.793457, -0.854492,Sitting
1762664, -0.220459, -0.673340, -0.708740, 0.793457, 0.427246, -0.732422,Sitting
1762684, -0.215210, -0.677612, -0.707520, 0.549316, -0.122070, -0.671386,Sitting
1762704, -0.217285, -0.676270, -0.708374, 0.488281, -0.610352, -0.488281,Sitting
1762724, -0.226563, -0.670654, -0.712158, 0.366211, -0.366211, -0.488281,Sitting
1762744, -0.229126, -0.665283, -0.710449, 0.244141, -0.488281, -0.732422,Sitting
1762764, -0.235962, -0.661743, -0.706909, 0.366211, -0.976562, -0.671386,Sitting
1762784, -0.236938, -0.666626, -0.704712, 0.000000, -0.366211, -0.427246,Sitting
1762804, -0.223877, -0.667114, -0.705444, -0.244141, 0.061035, -0.427246,Sitting
1762824, -0.219482, -0.666016, -0.710083, -0.061035, -0.610352, -0.793457,Sitting
1762844, -0.234985, -0.667358, -0.712646, 0.122070, -1.281738, -0.915527,Sitting
1762864, -0.237427, -0.669800, -0.711548, 0.183105, -0.915527, -0.793457,Sitting
1762884, -0.229858, -0.670410, -0.708984, 0.305176, 0.000000, -0.549316,Sitting
1762904, -0.220947, -0.667969, -0.707642, 0.305176, 0.549316, -0.610352,Sitting
1762924, -0.221191, -0.667114, -0.708740, 0.671386, 0.488281, -1.037598,Sitting
1762944, -0.221924, -0.668945, -0.710571, 0.549316, 0.305176, -1.037598,Sitting
1762964, -0.220093, -0.669556, -0.707154, 0.305176, -0.122070, -0.488281,Sitting
1762984, -0.188110, -0.671631, -0.706665, 0.000000, -0.976562, -0.183105,Sitting
1763004, -0.218018, -0.668091, -0.712036, 0.183105, -2.075196, -0.427246,Sitting
1763024, -0.235230, -0.663940, -0.713257, 0.366211, -2.075196, -0.488281,Sitting
1763044, -0.244629, -0.664551, -0.711060, 0.671386, -0.976562, -0.488281,Sitting
1763064, -0.234741, -0.667358, -0.706177, 0.732422, -0.061035, -0.549316,Sitting
1763084, -0.221558, -0.670044, -0.702637, 0.427246, -0.427246, -0.488281,Sitting
1763104, -0.226685, -0.666382, -0.708496, 0.427246, -1.220704, -0.610352,Sitting
1763124, -0.231567, -0.667725, -0.709717, 0.305176, -0.793457, -0.671386,Sitting
1763144, -0.230469, -0.667603, -0.708862, 0.244141, -0.122070, -0.488281,Sitting
1763164, -0.217285, -0.672974, -0.706909, 0.244141, -0.183105, -0.549316,Sitting
1763184, -0.213989, -0.674194, -0.705933, -0.183105, -1.159668, -0.610352,Sitting
1763204, -0.214478, -0.672241, -0.704468, -0.122070, -2.685546, -0.549316,Sitting
1763224, -0.234497, -0.670898, -0.711182, 0.000000, -2.319336, -0.427246,Sitting
1763244, -0.239014, -0.668335, -0.707764, -0.183105, -1.098633, -0.366211,Sitting
1763264, -0.232056, -0.667358, -0.703858, -0.061035, -0.305176, -0.488281,Sitting
1763284, -0.223267, -0.667358, -0.706787, -0.061035, -0.610352, -0.671386,Sitting
1763304, -0.218872, -0.666504, -0.706909, 0.122070, -1.647949, -0.488281,Sitting
1763324, -0.229858, -0.665161, -0.712646, 0.488281, -2.502442, -0.549316,Sitting
1763344, -0.243042, -0.672119, -0.710938, 0.305176, -1.770019, -0.366211,Sitting
1763364, -0.235352, -0.670044, -0.706543, -0.061035, -0.549316, 0.000000,Sitting
1763384, -0.219605, -0.665772, -0.706299, -0.061035, -0.366211, 0.061035,Sitting
1763404, -0.220459, -0.663330, -0.710083, 0.305176, -1.281738, -0.183105,Sitting
1763424, -0.233765, -0.666382, -0.708740, 0.732422, -1.464844, -0.488281,Sitting
1763444, -0.235840, -0.672852, -0.705566, 0.488281, -0.183105, -0.305176,Sitting
1763464, -0.225342, -0.672974, -0.706665, 0.549316, 0.183105, -0.183105,Sitting
1763484, -0.219971, -0.671509, -0.705933, 0.244141, -0.488281, -0.427246,Sitting
1763504, -0.231323, -0.670654, -0.705322, 0.427246, -1.342773, -0.549316,Sitting
1763524, -0.231079, -0.671875, -0.704712, 0.244141, -1.159668, -0.366211,Sitting
1763544, -0.228760, -0.669556, -0.706421, 0.122070, -0.915527, -0.183105,Sitting
1763564, -0.230957, -0.669190, -0.705566, 0.000000, -0.915527, -0.549316,Sitting
1763584, -0.240845, -0.673218, -0.705200, 0.061035, -0.549316, -0.732422,Sitting
1763604, -0.227051, -0.670288, -0.705811, -0.183105, 0.000000, -0.488281,Sitting
1763624, -0.216064, -0.666626, -0.707154, -0.061035, -0.671386, -0.244141,Sitting
1763644, -0.222900, -0.668335, -0.709351, 0.061035, -1.953124, -0.610352,Sitting
1763664, -0.239990, -0.666748, -0.712769, 0.305176, -1.342773, -0.671386,Sitting
1763684, -0.234985, -0.664185, -0.709106, 0.122070, -0.061035, -0.366211,Sitting
1763704, -0.226318, -0.664062, -0.704956, 0.183105, -0.244141, -0.488281,Sitting
1763724, -0.228027, -0.668457, -0.703980, 0.305176, -1.342773, -0.915527,Sitting
1763744, -0.238403, -0.672486, -0.704590, 0.061035, -1.281738, -0.610352,Sitting
1763764, -0.236816, -0.670410, -0.706543, 0.122070, -0.244141, -0.244141,Sitting
1763784, -0.231445, -0.669068, -0.706177, 0.183105, 0.427246, -0.183105,Sitting
1763804, -0.229370, -0.666382, -0.708618, 0.549316, 0.366211, -0.610352,Sitting
1763824, -0.227539, -0.670044, -0.706421, 0.732422, 0.183105, -0.976562,Sitting
1763844, -0.223877, -0.670654, -0.707398, 0.671386, 0.183105, -0.671386,Sitting
1763864, -0.226196, -0.670044, -0.707276, 0.488281, -0.183105, -0.549316,Sitting
1763884, -0.235230, -0.669312, -0.708862, 0.549316, -0.305176, -0.915527,Sitting
1763904, -0.233154, -0.669678, -0.705933, 0.488281, 0.061035, -0.732422,Sitting
1763924, -0.224854, -0.669068, -0.703858, 0.366211, 0.305176, -0.488281,Sitting
1763944, -0.223389, -0.671021, -0.707764, 0.671386, -0.061035, -0.793457,Sitting
1763964, -0.231079, -0.674072, -0.707764, 0.305176, 0.000000, -0.976562,Sitting
1763984, -0.231567, -0.671997, -0.708008, 0.488281, 0.488281, -0.976562,Sitting
1764004, -0.225464, -0.673462, -0.705322, 0.305176, 1.037598, -0.915527,Sitting
1764024, -0.219482, -0.669678, -0.706055, 0.244141, 1.037598, -0.671386,Sitting
1764044, -0.217651, -0.668579, -0.706787, 0.610352, 0.488281, -1.098633,Sitting
1764064, -0.225098, -0.671875, -0.708130, 0.610352, 0.000000, -1.220704,Sitting
1764084, -0.226440, -0.671387, -0.705811, 0.244141, 0.000000, -0.915527,Sitting
1764104, -0.225220, -0.668091, -0.704590, 0.061035, -0.305176, -0.793457,Sitting
1764124, -0.223755, -0.668579, -0.704956, 0.061035, -0.671386, -0.793457,Sitting
1764144, -0.227783, -0.673096, -0.705322, 0.305176, -0.732422, -1.037598,Sitting
1764164, -0.225098, -0.669312, -0.707642, 0.122070, -0.915527, -1.220704,Sitting
1764184, -0.219971, -0.673584, -0.708618, 0.366211, -0.549316, -0.427246,Sitting
1764204, -0.219482, -0.667969, -0.709839, 0.244141, -0.976562, -0.610352,Sitting
1764224, -0.223877, -0.670044, -0.708862, 0.549316, -1.403808, -0.549316,Sitting
1764244, -0.229980, -0.671387, -0.706421, 0.366211, -0.793457, -0.549316,Sitting
1764264, -0.219482, -0.672852, -0.704834, 0.244141, 0.061035, -0.427246,Sitting
1764284, -0.213013, -0.670654, -0.705322, 0.244141, -0.488281, -0.305176,Sitting
1764304, -0.224731, -0.675781, -0.707886, 0.610352, -1.220704, -0.671386,Sitting
1764324, -0.223755, -0.669434, -0.705200, 0.183105, -0.488281, -0.366211,Sitting
1764344, -0.213257, -0.666748, -0.707642, 0.305176, -0.793457, -0.122070,Sitting
1764364, -0.218872, -0.670044, -0.709106, 0.488281, -1.647949, -0.366211,Sitting
1764384, -0.233276, -0.669068, -0.709595, 0.793457, -2.197266, -0.732422,Sitting
1764404, -0.242554, -0.669434, -0.703247, 0.732422, -1.098633, -0.610352,Sitting
1764424, -0.233521, -0.671753, -0.705566, 0.183105, -0.061035, -0.122070,Sitting
1764444, -0.226563, -0.670532, -0.703858, 0.488281, 0.183105, -0.488281,Sitting
1764464, -0.225952, -0.678223, -0.702271, 0.305176, -0.244141, -0.671386,Sitting
1764484, -0.226074, -0.672608, -0.705200, 0.366211, -0.061035, -0.488281,Sitting
1764504, -0.223145, -0.676392, -0.705078, 0.427246, 0.488281, -0.427246,Sitting
1764524, -0.219360, -0.672730, -0.706421, 0.427246, 0.488281, -0.427246,Sitting
1764544, -0.215698, -0.681519, -0.700928, 0.427246, -0.732422, -1.159668,Sitting
1764564, -0.221680, -0.678711, -0.704468, 0.061035, -0.671386, -0.732422,Sitting
1764584, -0.220703, -0.670654, -0.708374, 0.122070, 0.183105, -0.854492,Sitting
1764604, -0.227417, -0.672486, -0.712769, 0.122070, 0.610352, -1.037598,Sitting
1764624, -0.222412, -0.672486, -0.709351, 0.122070, 0.549316, -1.464844,Sitting
1764644, -0.221191, -0.674072, -0.701538, -0.244141, 0.183105, -1.403808,Sitting
1764664, -0.222168, -0.671997, -0.698608, -0.610352, -0.183105, -0.793457,Sitting
1764684, -0.223755, -0.667603, -0.702759, -1.159668, -0.122070, -0.244141,Sitting
1764704, -0.216553, -0.663330, -0.710816, -0.671386, -0.183105, -0.122070,Sitting
1764724, -0.216431, -0.664429, -0.717529, 0.183105, -0.854492, -0.610352,Sitting
1764744, -0.231934, -0.663208, -0.717407, 0.915527, -0.854492, -0.915527,Sitting
1764764, -0.244507, -0.670166, -0.700440, 1.342773, 1.098633, -0.854492,Sitting
1764784, -0.221802, -0.675904, -0.693970, 0.732422, 1.953124, -0.488281,Sitting
1764804, -0.201538, -0.676026, -0.700318, 0.366211, 1.098633, -0.366211,Sitting
1764824, -0.202026, -0.678223, -0.711182, 0.305176, -0.854492, -0.427246,Sitting
1764844, -0.212524, -0.673218, -0.714112, 0.244141, -2.014160, -0.488281,Sitting
1764864, -0.228149, -0.678589, -0.708618, 0.427246, -1.525878, -0.488281,Sitting
1764884, -0.218628, -0.677246, -0.701172, 0.183105, -0.122070, -0.488281,Sitting
1764904, -0.209839, -0.675415, -0.702148, 0.061035, 0.305176, -0.915527,Sitting
1764924, -0.209473, -0.673462, -0.706299, 0.122070, -0.488281, -1.220704,Sitting
1764944, -0.221924, -0.673828, -0.707398, 0.244141, -1.281738, -1.098633,Sitting
1764964, -0.228516, -0.671753, -0.706787, 0.305176, -1.098633, -0.610352,Sitting
1764984, -0.223389, -0.669556, -0.706787, 0.061035, -0.061035, -0.305176,Sitting
1765004, -0.221924, -0.668091, -0.709229, 0.366211, 0.183105, -0.671386,Sitting
1765024, -0.220947, -0.671631, -0.710571, 0.671386, 0.244141, -0.915527,Sitting
1765044, -0.217773, -0.674805, -0.705933, 0.366211, 0.366211, -0.732422,Sitting
1765064, -0.211914, -0.676758, -0.702026, 0.244141, 0.000000, -0.488281,Sitting
1765084, -0.206787, -0.676392, -0.702393, 0.061035, -0.793457, -0.488281,Sitting
1765104, -0.209839, -0.677246, -0.706055, 0.000000, -1.525878, -0.549316,Sitting
1765124, -0.214844, -0.673218, -0.709473, 0.122070, -1.892090, -0.549316,Sitting
1765144, -0.228760, -0.673096, -0.708862, 0.183105, -1.708984, -0.610352,Sitting
1765164, -0.232544, -0.672730, -0.703980, 0.366211, -0.732422, -0.549316,Sitting
1765184, -0.221558, -0.672119, -0.703980, 0.061035, 0.244141, -0.671386,Sitting
1765204, -0.207764, -0.674072, -0.706055, -0.061035, -0.854492, -0.610352,Sitting
1765224, -0.221680, -0.676758, -0.709839, 0.061035, -1.464844, -0.427246,Sitting
1765244, -0.221924, -0.676270, -0.706421, -0.122070, -1.037598, -0.183105,Sitting
1765264, -0.216797, -0.675293, -0.704102, -0.244141, -0.305176, -0.122070,Sitting
1765284, -0.207520, -0.672730, -0.706909, -0.183105, -0.366211, -0.488281,Sitting
1765304, -0.215698, -0.671875, -0.710327, 0.244141, -1.403808, -0.854492,Sitting
1765324, -0.225342, -0.675049, -0.706909, 0.061035, -1.708984, -0.732422,Sitting
1765344, -0.229126, -0.676392, -0.701538, -0.061035, -0.793457, -0.244141,Sitting
1765364, -0.218994, -0.675293, -0.701538, -0.244141, 0.000000, -0.122070,Sitting
1765385, -0.214844, -0.671509, -0.707031, -0.122070, -0.244141, -0.549316,Sitting
1765405, -0.215088, -0.672119, -0.707154, -0.122070, -1.220704, -0.549316,Sitting
1765425, -0.216797, -0.672608, -0.708984, 0.122070, -1.403808, -0.427246,Sitting
1765445, -0.222778, -0.674683, -0.707886, -0.061035, -0.854492, -0.427246,Sitting
1765465, -0.224365, -0.672363, -0.706299, -0.244141, -0.305176, -0.427246,Sitting
1765485, -0.218018, -0.671753, -0.706177, -0.305176, -0.366211, -0.671386,Sitting
1765505, -0.211060, -0.670654, -0.706787, -0.366211, -0.976562, -0.366211,Sitting
1765525, -0.217407, -0.667725, -0.710327, -0.122070, -1.708984, -0.427246,Sitting
1765545, -0.226196, -0.670776, -0.708984, 0.000000, -1.464844, -0.610352,Sitting
1765565, -0.228027, -0.671265, -0.706665, 0.122070, -0.549316, -0.610352,Sitting
1765585, -0.218506, -0.672608, -0.705078, 0.061035, 0.183105, -0.610352,Sitting
1765605, -0.211548, -0.672486, -0.707520, 0.061035, -0.244141, -0.488281,Sitting
1765625, -0.213745, -0.673218, -0.709717, 0.183105, -1.403808, -0.671386,Sitting
1765645, -0.222534, -0.672730, -0.707642, 0.122070, -1.159668, -0.427246,Sitting
1765665, -0.218018, -0.670898, -0.705566, 0.244141, -0.610352, -0.305176,Sitting
1765685, -0.216064, -0.670532, -0.707154, 0.427246, -0.793457, -0.549316,Sitting
1765705, -0.219727, -0.671997, -0.708496, 0.488281, -1.159668, -0.732422,Sitting
1765725, -0.227661, -0.676270, -0.705688, 0.366211, -0.915527, -0.549316,Sitting
1765745, -0.218018, -0.674683, -0.703736, 0.122070, -0.427246, -0.366211,Sitting
1765765, -0.217163, -0.672363, -0.708374, 0.305176, -0.549316, -0.427246,Sitting
1765785, -0.215698, -0.673706, -0.707764, 0.000000, -1.098633, -0.549316,Sitting
1765805, -0.220093, -0.669678, -0.705688, 0.244141, -1.647949, -0.488281,Sitting
1765825, -0.223145, -0.671387, -0.705078, 0.183105, -1.281738, -0.305176,Sitting
1765845, -0.220215, -0.674438, -0.708374, 0.305176, -0.732422, -0.549316,Sitting
1765865, -0.221069, -0.674561, -0.707398, 0.305176, -0.854492, -0.793457,Sitting
1765885, -0.224121, -0.672852, -0.705811, 0.305176, -0.671386, -0.610352,Sitting
1765905, -0.222412, -0.673218, -0.704834, 0.183105, -0.183105, -0.366211,Sitting
1765925, -0.214600, -0.672486, -0.704590, 0.000000, -0.244141, -0.305176,Sitting
1765945, -0.215210, -0.673340, -0.705200, 0.122070, -0.976562, -0.732422,Sitting
1765965, -0.223389, -0.674438, -0.705933, 0.000000, -1.159668, -0.610352,Sitting
1765985, -0.221191, -0.671997, -0.705811, -0.061035, -0.793457, -0.305176,Sitting
1766005, -0.219971, -0.673096, -0.709229, 0.122070, -0.488281, -0.427246,Sitting
1766025, -0.218750, -0.674194, -0.704102, 0.122070, -0.793457, -0.671386,Sitting
1766045, -0.221802, -0.675171, -0.703125, 0.244141, -1.037598, -0.915527,Sitting
1766065, -0.220093, -0.672974, -0.706665, -0.549316, -0.427246, -0.244141,Sitting
1766085, -0.213501, -0.667603, -0.708130, -0.366211, -0.793457, -0.427246,Sitting
1766105, -0.218628, -0.669068, -0.712036, 0.000000, -1.342773, -0.610352,Sitting
1766125, -0.219727, -0.670776, -0.709961, -0.061035, -1.098633, -0.610352,Sitting
1766145, -0.222168, -0.670532, -0.707764, 0.000000, -0.671386, -0.488281,Sitting
1766165, -0.222900, -0.672608, -0.708008, 0.244141, -0.366211, -0.366211,Sitting
1766185, -0.219971, -0.672119, -0.705078, 0.000000, -0.305176, -0.671386,Sitting
1766205, -0.216187, -0.672852, -0.703736, 0.061035, -0.793457, -0.732422,Sitting
1766225, -0.221436, -0.673706, -0.704712, -0.183105, -1.098633, -0.488281,Sitting
1766245, -0.223267, -0.672486, -0.706543, -0.183105, -0.732422, -0.366211,Sitting
1766265, -0.218750, -0.673706, -0.708374, 0.061035, -0.610352, -0.427246,Sitting
1766285, -0.212402, -0.671875, -0.707276, -0.061035, -1.220704, -0.488281,Sitting
1766305, -0.217896, -0.668457, -0.707031, -0.061035, -1.525878, -0.549316,Sitting
1766325, -0.223389, -0.669312, -0.709839, 0.061035, -1.342773, -0.488281,Sitting
1766345, -0.223511, -0.670288, -0.708374, 0.000000, -0.793457, -0.366211,Sitting
1766365, -0.219482, -0.671143, -0.707642, -0.061035, -0.793457, -0.427246,Sitting
1766385, -0.216431, -0.669556, -0.710449, 0.122070, -1.220704, -0.610352,Sitting
1766405, -0.225708, -0.670776, -0.710694, 0.061035, -1.586914, -0.549316,Sitting
1766425, -0.230591, -0.669068, -0.706177, 0.000000, -0.854492, -0.244141,Sitting
1766445, -0.222900, -0.668945, -0.705200, 0.122070, 0.000000, -0.427246,Sitting
1766465, -0.209595, -0.672852, -0.706909, 0.244141, -0.244141, -0.671386,Sitting
1766485, -0.216187, -0.675049, -0.709839, 0.305176, -1.220704, -0.732422,Sitting
1766505, -0.225220, -0.671753, -0.705322, 0.061035, -1.342773, -0.305176,Sitting
1766525, -0.220093, -0.670288, -0.704468, 0.061035, -1.098633, -0.244141,Sitting
1766545, -0.217163, -0.669800, -0.708008, 0.122070, -1.098633, -0.427246,Sitting
1766565, -0.223633, -0.670654, -0.709595, 0.183105, -1.159668, -0.671386,Sitting
1766585, -0.224487, -0.670654, -0.706177, 0.183105, -0.976562, -0.610352,Sitting
1766605, -0.221314, -0.671387, -0.706543, 0.183105, -0.671386, -0.488281,Sitting
1766625, -0.224854, -0.669922, -0.709595, 0.305176, -0.427246, -0.488281,Sitting
1766645, -0.223999, -0.671631, -0.709473, 0.305176, -0.427246, -0.671386,Sitting
1766665, -0.216187, -0.673950, -0.704834, 0.183105, -0.854492, -0.671386,Sitting
1766685, -0.214600, -0.671631, -0.705566, 0.183105, -1.403808, -0.488281,Sitting
1766705, -0.225830, -0.670288, -0.710449, 0.244141, -1.220704, -0.549316,Sitting
1766725, -0.227661, -0.670532, -0.706055, 0.488281, -0.122070, -0.732422,Sitting
1766745, -0.217896, -0.674805, -0.703247, 0.305176, -0.122070, -0.671386,Sitting
1766765, -0.214111, -0.674805, -0.704590, 0.183105, -0.671386, -0.427246,Sitting
1766785, -0.220215, -0.673218, -0.707154, 0.061035, -1.098633, -0.549316,Sitting
1766805, -0.222900, -0.673584, -0.709473, 0.122070, -0.976562, -0.732422,Sitting
1766825, -0.228149, -0.668579, -0.707031, 0.305176, -0.366211, -0.732422,Sitting
1766845, -0.215820, -0.673584, -0.706787, 0.122070, 0.061035, -0.488281,Sitting
1766865, -0.221191, -0.668701, -0.708984, 0.427246, -0.183105, -0.793457,Sitting
1766885, -0.222778, -0.673584, -0.709106, 0.183105, -0.305176, -0.549316,Sitting
1766905, -0.218140, -0.668579, -0.705078, 0.061035, -0.488281, -0.610352,Sitting
1766925, -0.217285, -0.673340, -0.704224, 0.061035, -1.098633, -0.427246,Sitting
1766945, -0.223022, -0.674194, -0.704468, -0.061035, -0.854492, -0.427246,Sitting
1766965, -0.220825, -0.673584, -0.707398, -0.061035, -0.366211, -0.549316,Sitting
1766985, -0.218506, -0.671143, -0.709595, -0.061035, -0.427246, -0.427246,Sitting
1767005, -0.218506, -0.670166, -0.711182, 0.183105, -0.671386, -0.488281,Sitting
1767025, -0.217407, -0.668945, -0.708618, 0.244141, -0.976562, -0.610352,Sitting
1767045, -0.223633, -0.669190, -0.708618, 0.488281, -1.159668, -0.732422,Sitting
1767065, -0.230957, -0.672241, -0.706299, 0.183105, -0.366211, -0.732422,Sitting
1767085, -0.226685, -0.672852, -0.702271, 0.061035, 0.305176, -0.549316,Sitting
1767105, -0.217529, -0.673706, -0.702759, -0.183105, 0.244141, -0.610352,Sitting
1767125, -0.215210, -0.672974, -0.707520, -0.061035, -0.183105, -0.610352,Sitting
1767145, -0.217773, -0.673950, -0.708984, -0.061035, -0.427246, -0.671386,Sitting
1767165, -0.214233, -0.671875, -0.708008, 0.000000, -0.610352, -0.610352,Sitting
1767185, -0.214478, -0.673462, -0.706665, 0.122070, -1.098633, -0.732422,Sitting
1767205, -0.220581, -0.671753, -0.705933, 0.000000, -1.159668, -0.671386,Sitting
1767225, -0.222900, -0.669556, -0.708374, -0.061035, -1.037598, -0.610352,Sitting
1767245, -0.226318, -0.673218, -0.708862, 0.000000, -0.427246, -0.549316,Sitting
1767265, -0.219238, -0.672730, -0.707031, 0.061035, 0.122070, -0.488281,Sitting
1767285, -0.214111, -0.671997, -0.710816, 0.244141, -0.183105, -0.610352,Sitting
1767305, -0.214233, -0.671509, -0.709229, 0.305176, -0.732422, -0.427246,Sitting
1767325, -0.214844, -0.667847, -0.708130, 0.366211, -0.915527, -0.366211,Sitting
1767345, -0.222168, -0.670410, -0.707764, 0.549316, -0.732422, -0.671386,Sitting
1767365, -0.222656, -0.671997, -0.706787, 0.000000, -0.244141, -0.488281,Sitting
1767385, -0.221558, -0.671021, -0.710449, 0.183105, -0.366211, -0.610352,Sitting
1767405, -0.218994, -0.669556, -0.707154, 0.366211, -1.037598, -0.488281,Sitting
1767425, -0.220825, -0.669678, -0.706665, 0.549316, -1.342773, -0.427246,Sitting
1767445, -0.223022, -0.667603, -0.707886, 0.549316, -0.610352, -0.366211,Sitting
1767465, -0.224121, -0.667114, -0.712402, 0.915527, 0.122070, -0.549316,Sitting
1767485, -0.221314, -0.675293, -0.707031, 0.915527, 0.488281, -0.732422,Sitting
1767505, -0.213989, -0.674194, -0.702271, 0.549316, 0.305176, -0.549316,Sitting
1767525, -0.213135, -0.678345, -0.704468, 0.488281, -0.305176, -0.610352,Sitting
1767545, -0.214600, -0.676880, -0.703247, 0.122070, -0.488281, -0.427246,Sitting
1767565, -0.217651, -0.673584, -0.706421, 0.366211, -0.610352, -0.671386,Sitting
1767585, -0.219482, -0.673340, -0.708252, 0.244141, -0.549316, -0.732422,Sitting
1767605, -0.220581, -0.670898, -0.704102, 0.244141, -0.854492, -0.793457,Sitting
1767625, -0.225952, -0.674072, -0.706543, 0.305176, -0.549316, -0.793457,Sitting
1767645, -0.223145, -0.670654, -0.708374, -0.122070, 0.061035, -0.610352,Sitting
1767665, -0.218140, -0.670410, -0.709229, 0.305176, -0.244141, -0.610352,Sitting
1767685, -0.214111, -0.672363, -0.707520, -0.061035, -0.854492, -0.610352,Sitting
1767705, -0.216797, -0.669312, -0.706787, 0.183105, -1.525878, -0.549316,Sitting
1767725, -0.227173, -0.674683, -0.708862, 0.305176, -0.732422, -0.610352,Sitting
1767745, -0.223022, -0.675293, -0.705811, 0.183105, 0.427246, -0.488281,Sitting
1767765, -0.209717, -0.674561, -0.705078, 0.244141, 0.305176, -0.549316,Sitting
1767785, -0.203247, -0.673706, -0.707031, 0.122070, -0.793457, -0.366211,Sitting
1767805, -0.208374, -0.671021, -0.711914, 0.366211, -1.892090, -0.366211,Sitting
1767825, -0.227539, -0.673218, -0.710083, 0.488281, -0.854492, -0.488281,Sitting
1767845, -0.224731, -0.674316, -0.704712, 0.305176, 0.000000, -0.549316,Sitting
1767865, -0.214478, -0.675537, -0.703491, 0.305176, -0.244141, -0.671386,Sitting
1767885, -0.217407, -0.677002, -0.700562, -0.183105, -0.854492, -0.610352,Sitting
1767905, -0.219360, -0.673096, -0.705933, -0.061035, -1.098633, -0.366211,Sitting
1767925, -0.220093, -0.675537, -0.705566, -0.305176, -0.488281, -0.427246,Sitting
1767945, -0.213379, -0.673096, -0.705322, -0.244141, -0.244141, -0.427246,Sitting
1767965, -0.210938, -0.673340, -0.707398, 0.061035, -0.732422, -0.732422,Sitting
1767985, -0.210938, -0.674683, -0.706787, 0.122070, -1.464844, -0.610352,Sitting
1768005, -0.220459, -0.673706, -0.708374, 0.000000, -1.586914, -0.549316,Sitting
1768025, -0.224121, -0.671021, -0.708618, 0.000000, -1.159668, -0.427246,Sitting
1768045, -0.217407, -0.670654, -0.706421, -0.244141, -0.793457, -0.427246,Sitting
1768065, -0.218506, -0.667603, -0.709229, -0.061035, -1.220704, -0.488281,Sitting
1768085, -0.224976, -0.670166, -0.710327, 0.183105, -1.098633, -0.488281,Sitting
1768105, -0.225830, -0.674927, -0.708130, 0.122070, -0.732422, -0.366211,Sitting
1768125, -0.216187, -0.674316, -0.702637, 0.000000, -0.366211, -0.427246,Sitting
1768145, -0.210693, -0.673584, -0.704346, 0.183105, -0.549316, -0.488281,Sitting
1768165, -0.212769, -0.674194, -0.708740, 0.305176, -0.732422, -0.610352,Sitting
1768185, -0.216064, -0.675904, -0.708252, 0.000000, -0.976562, -0.549316,Sitting
1768205, -0.217407, -0.673462, -0.706543, 0.000000, -1.220704, -0.427246,Sitting
1768225, -0.213989, -0.672486, -0.706665, -0.061035, -1.281738, -0.427246,Sitting
1768245, -0.220093, -0.670776, -0.707520, -0.061035, -1.281738, -0.488281,Sitting
1768265, -0.226196, -0.671387, -0.706299, 0.061035, -0.793457, -0.549316,Sitting
1768285, -0.220215, -0.671753, -0.704712, 0.122070, -0.427246, -0.488281,Sitting
1768305, -0.219360, -0.675904, -0.707276, 0.122070, -0.427246, -0.488281,Sitting
1768325, -0.216797, -0.672608, -0.707276, 0.000000, -0.610352, -0.366211,Sitting
1768345, -0.215942, -0.668701, -0.708618, 0.183105, -1.037598, -0.427246,Sitting
1768365, -0.219360, -0.670898, -0.708618, 0.244141, -1.281738, -0.549316,Sitting
1768385, -0.219971, -0.670654, -0.706665, 0.061035, -1.098633, -0.366211,Sitting
1768405, -0.220459, -0.669068, -0.707764, 0.183105, -0.915527, -0.488281,Sitting
1768425, -0.220825, -0.671753, -0.711182, 0.244141, -0.671386, -0.549316,Sitting
1768445, -0.221802, -0.672119, -0.707276, 0.366211, -0.854492, -0.671386,Sitting
1768465, -0.222900, -0.676026, -0.704590, 0.305176, -0.976562, -0.610352,Sitting
1768485, -0.217407, -0.673462, -0.705811, 0.061035, -0.732422, -0.488281,Sitting
1768505, -0.216553, -0.671997, -0.706421, 0.061035, -0.488281, -0.549316,Sitting
1768525, -0.216675, -0.670654, -0.709351, 0.183105, -0.610352, -0.610352,Sitting
1768545, -0.218506, -0.674072, -0.708984, 0.183105, -0.793457, -0.610352,Sitting
1768565, -0.220093, -0.670166, -0.707031, 0.122070, -0.793457, -0.427246,Sitting
1768585, -0.223389, -0.671021, -0.707520, 0.427246, -0.549316, -0.671386,Sitting
1768605, -0.218506, -0.671875, -0.707520, 0.305176, -0.488281, -0.610352,Sitting
1768625, -0.221924, -0.674561, -0.706299, 0.305176, -0.549316, -0.671386,Sitting
1768645, -0.221802, -0.675171, -0.703858, 0.122070, -0.183105, -0.610352,Sitting
1768665, -0.220337, -0.674438, -0.706299, 0.183105, 0.061035, -0.488281,Sitting
1768685, -0.214966, -0.675171, -0.707520, 0.305176, -0.122070, -0.610352,Sitting
1768705, -0.214966, -0.669556, -0.706909, 0.305176, -0.671386, -0.732422,Sitting
1768725, -0.220459, -0.672730, -0.706421, 0.427246, -0.915527, -0.671386,Sitting
1768745, -0.217529, -0.671265, -0.705688, 0.122070, -0.732422, -0.488281,Sitting
1768765, -0.218628, -0.670410, -0.707520, 0.366211, -1.037598, -0.610352,Sitting
1768785, -0.220825, -0.673950, -0.706299, 0.061035, -1.159668, -0.732422,Sitting
1768805, -0.226929, -0.672608, -0.708130, 0.122070, -0.854492, -0.488281,Sitting
1768825, -0.219727, -0.674683, -0.706665, 0.000000, -0.366211, -0.427246,Sitting
1768845, -0.212158, -0.671265, -0.707886, 0.000000, -0.549316, -0.488281,Sitting
1768865, -0.218506, -0.674194, -0.708862, 0.305176, -0.854492, -0.793457,Sitting
1768885, -0.219605, -0.673706, -0.706665, 0.244141, -0.549316, -0.549316,Sitting
1768905, -0.214722, -0.674561, -0.705566, 0.122070, -0.427246, -0.549316,Sitting
1768925, -0.213745, -0.672974, -0.707398, 0.122070, -1.037598, -0.488281,Sitting
1768945, -0.220825, -0.671753, -0.708984, 0.183105, -0.976562, -0.732422,Sitting
1768965, -0.221314, -0.673340, -0.709229, 0.366211, -0.610352, -0.610352,Sitting
1768985, -0.219116, -0.675171, -0.705322, 0.183105, -0.610352, -0.549316,Sitting
1769005, -0.218018, -0.673340, -0.704346, 0.000000, -0.671386, -0.488281,Sitting
1769025, -0.220459, -0.671265, -0.705811, 0.244141, -0.732422, -0.671386,Sitting
1769045, -0.220581, -0.672486, -0.708008, 0.183105, -0.183105, -0.427246,Sitting
1769065, -0.218384, -0.673950, -0.705200, 0.122070, -0.244141, -0.427246,Sitting
1769085, -0.209351, -0.672730, -0.705444, 0.061035, -0.915527, -0.549316,Sitting
1769105, -0.216064, -0.674805, -0.708008, 0.305176, -1.647949, -0.732422,Sitting
1769125, -0.224243, -0.672363, -0.707764, 0.000000, -1.464844, -0.549316,Sitting
1769145, -0.224854, -0.669434, -0.709106, 0.122070, -0.366211, -0.427246,Sitting
1769165, -0.217529, -0.670288, -0.706177, 0.244141, -0.366211, -0.427246,Sitting
1769185, -0.214355, -0.672730, -0.705811, 0.305176, -0.793457, -0.671386,Sitting
1769205, -0.221069, -0.677368, -0.705200, 0.305176, -0.915527, -0.671386,Sitting
1769225, -0.216797, -0.677368, -0.705566, 0.000000, -0.671386, -0.427246,Sitting
1769245, -0.210571, -0.674438, -0.706787, -0.244141, -0.427246, -0.366211,Sitting
1769265, -0.207520, -0.670166, -0.712280, 0.122070, -0.854492, -0.549316,Sitting
1769285, -0.220459, -0.672363, -0.711670, 0.427246, -1.403808, -0.854492,Sitting
1769305, -0.229980, -0.675659, -0.704956, 0.366211, -1.098633, -0.671386,Sitting
1769325, -0.226440, -0.677124, -0.701660, 0.061035, -0.061035, -0.549316,Sitting
1769345, -0.214722, -0.676636, -0.704102, -0.366211, 0.122070, -0.488281,Sitting
1769365, -0.220337, -0.673218, -0.707520, -0.366211, -0.854492, -0.793457,Sitting
1769385, -0.224976, -0.674805, -0.705933, -0.427246, -0.488281, -0.671386,Sitting
1769405, -0.215088, -0.675049, -0.702759, -0.671386, 0.000000, -0.366211,Sitting
1769425, -0.205200, -0.670654, -0.702637, -0.610352, -0.671386, -0.488281,Sitting
1769445, -0.212769, -0.667969, -0.707154, -0.305176, -1.586914, -0.610352,Sitting
1769465, -0.217529, -0.668213, -0.708008, -0.183105, -1.525878, -0.366211,Sitting
1769485, -0.214966, -0.666992, -0.712036, 0.183105, -1.220704, -0.061035,Sitting
1769505, -0.222412, -0.670532, -0.717407, 0.549316, -1.342773, -0.244141,Sitting
1769525, -0.230469, -0.670410, -0.711914, 0.671386, -1.342773, -0.610352,Sitting
1769545, -0.236450, -0.669312, -0.706177, 0.854492, -0.610352, -0.610352,Sitting
1769565, -0.223999, -0.671509, -0.703003, 0.427246, 0.610352, -0.122070,Sitting
1769585, -0.205200, -0.666748, -0.711548, 0.244141, 0.366211, -0.122070,Sitting
1769605, -0.209351, -0.666504, -0.716553, 0.915527, -0.793457, -0.793457,Sitting
1769625, -0.223633, -0.671875, -0.712036, 1.281738, -0.915527, -0.793457,Sitting
1769645, -0.222900, -0.678955, -0.704590, 1.037598, 0.000000, -0.671386,Sitting
1769665, -0.216187, -0.677002, -0.701782, 0.671386, 0.610352, -0.366211,Sitting
1769685, -0.212647, -0.678467, -0.705933, 0.793457, -0.061035, -1.037598,Sitting
1769705, -0.218872, -0.678345, -0.703736, 0.427246, -0.549316, -1.220704,Sitting
1769725, -0.217773, -0.677124, -0.702148, 0.122070, -0.549316, -0.854492,Sitting
1769745, -0.218872, -0.670288, -0.702271, -0.061035, -1.037598, -1.220704,Sitting
1769765, -0.213867, -0.676026, -0.704468, 0.061035, -0.915527, -0.793457,Sitting
1769785, -0.222534, -0.670898, -0.706299, 0.000000, -0.793457, -1.403808,Sitting
1769805, -0.212524, -0.683960, -0.702148, -0.549316, -0.549316, -0.915527,Sitting
1769825, -0.210083, -0.675415, -0.702759, -0.244141, -0.915527, -0.549316,Sitting
1769845, -0.207275, -0.676270, -0.706787, -0.488281, -1.342773, -0.183105,Sitting
1769865, -0.221191, -0.666992, -0.711548, -0.244141, -1.098633, -0.305176,Sitting
1769885, -0.220337, -0.665894, -0.712646, 0.122070, -0.488281, -0.244141,Sitting
1769905, -0.214355, -0.665650, -0.710449, 0.549316, -0.305176, -0.610352,Sitting
1769925, -0.219360, -0.672974, -0.710694, 0.915527, -0.488281, -0.732422,Sitting
1769945, -0.221314, -0.679321, -0.705078, 0.732422, -0.488281, -0.610352,Sitting
1769965, -0.213135, -0.677490, -0.701904, 0.183105, -0.366211, -0.427246,Sitting
1769985, -0.216064, -0.673096, -0.710816, 0.366211, -0.244141, -0.122070,Sitting
1770005, -0.216797, -0.672363, -0.711792, 0.244141, -0.061035, -0.366211,Sitting
1770025, -0.220825, -0.671753, -0.705444, 0.427246, 0.549316, -0.671386,Sitting
1770045, -0.205078, -0.676270, -0.704346, 0.427246, 0.488281, -0.671386,Sitting
1770065, -0.209351, -0.683106, -0.701782, 0.183105, -0.610352, -0.854492,Sitting
1770085, -0.215454, -0.682617, -0.696045, -0.305176, -1.281738, -0.610352,Sitting
1770105, -0.215820, -0.676148, -0.701172, -0.671386, -1.220704, -0.427246,Sitting
1770125, -0.215576, -0.674072, -0.708740, -0.549316, -1.342773, -0.427246,Sitting
1770145, -0.219971, -0.671753, -0.710571, -0.793457, -1.342773, -0.488281,Sitting
1770165, -0.224243, -0.668457, -0.711304, -0.183105, -0.976562, -0.854492,Sitting
1770185, -0.214233, -0.670044, -0.708130, -0.183105, -0.549316, -0.854492,Sitting
1770205, -0.220825, -0.669800, -0.707520, -0.122070, -0.427246, -0.671386,Sitting
1770225, -0.221802, -0.669190, -0.708008, -0.122070, -0.244141, -0.610352,Sitting
1770245, -0.209351, -0.671753, -0.708252, -0.244141, 0.061035, -0.427246,Sitting
1770265, -0.205688, -0.668945, -0.713501, 0.366211, -0.610352, -0.427246,Sitting
1770285, -0.214111, -0.671875, -0.712280, 0.366211, -1.037598, -0.732422,Sitting
1770305, -0.218384, -0.675781, -0.706787, 0.549316, -1.098633, -0.793457,Sitting
1770325, -0.215210, -0.676880, -0.703736, 0.305176, -0.549316, -0.671386,Sitting
1770345, -0.215454, -0.673340, -0.706421, 0.305176, -0.122070, -0.427246,Sitting
1770365, -0.213379, -0.669434, -0.709351, 0.183105, -0.122070, -0.488281,Sitting
1770385, -0.214722, -0.670410, -0.709351, 0.488281, -0.671386, -0.549316,Sitting
1770405, -0.213013, -0.672119, -0.705078, 0.549316, -0.671386, -0.549316,Sitting
1770425, -0.213379, -0.674805, -0.707276, 0.427246, -0.610352, -0.549316,Sitting
1770445, -0.213867, -0.675659, -0.707154, 0.183105, -0.793457, -0.549316,Sitting
1770465, -0.216675, -0.671875, -0.708374, 0.366211, -1.281738, -0.488281,Sitting
1770485, -0.214844, -0.674927, -0.705200, 0.183105, -1.037598, -0.366211,Sitting
1770505, -0.215332, -0.670410, -0.708252, 0.244141, -1.037598, -0.366211,Sitting
1770525, -0.221924, -0.672486, -0.708740, 0.488281, -0.671386, -0.610352,Sitting
1770545, -0.217407, -0.673096, -0.706909, 0.549316, -0.305176, -0.549316,Sitting
1770565, -0.212891, -0.675537, -0.706787, 0.427246, -0.366211, -0.610352,Sitting
1770585, -0.209595, -0.674683, -0.704712, 0.366211, -0.854492, -0.366211,Sitting
1770605, -0.216187, -0.674805, -0.706665, 0.549316, -1.342773, -0.610352,Sitting
1770625, -0.220703, -0.679321, -0.706421, 0.488281, -1.098633, -0.610352,Sitting
1770645, -0.212647, -0.676148, -0.705322, 0.183105, -0.488281, -0.305176,Sitting
1770665, -0.205322, -0.670044, -0.708740, 0.244141, -0.915527, -0.183105,Sitting
1770685, -0.216919, -0.674805, -0.709595, 0.610352, -1.647949, -0.488281,Sitting
1770705, -0.221680, -0.675537, -0.707764, 0.915527, -1.098633, -0.610352,Sitting
1770725, -0.227295, -0.677490, -0.708374, 0.976562, 0.122070, -0.427246,Sitting
1770745, -0.221314, -0.672363, -0.706665, 0.793457, 1.159668, -0.549316,Sitting
1770765, -0.216309, -0.674194, -0.703491, 1.098633, 0.671386, -1.098633,Sitting
1770785, -0.217896, -0.673706, -0.697876, 0.671386, 0.183105, -0.793457,Sitting
1770805, -0.215942, -0.672241, -0.694946, 0.366211, 0.122070, 0.000000,Sitting
1770825, -0.203125, -0.681885, -0.696411, -0.061035, -0.549316, 0.183105,Sitting
1770845, -0.197998, -0.687622, -0.703736, -0.305176, -1.953124, 0.000000,Sitting
1770865, -0.209106, -0.684326, -0.710327, -0.183105, -2.563476, -0.427246,Sitting
1770885, -0.222412, -0.675781, -0.719360, 0.122070, -1.525878, -0.366211,Sitting
1770905, -0.208740, -0.669800, -0.713989, 0.000000, -0.183105, -0.610352,Sitting
1770925, -0.208862, -0.674316, -0.704224, 0.000000, -0.915527, -1.098633,Sitting
1770945, -0.218872, -0.673218, -0.698608, -0.427246, -1.342773, -0.976562,Sitting
1770965, -0.225830, -0.671997, -0.702271, -0.732422, -0.732422, -0.488281,Sitting
1770985, -0.217285, -0.667725, -0.705444, -0.732422, -0.366211, -0.244141,Sitting
1771005, -0.223022, -0.672608, -0.706055, -0.305176, -0.610352, -0.671386,Sitting
1771025, -0.214844, -0.672363, -0.701904, -0.061035, -0.366211, -0.793457,Sitting
1771045, -0.209229, -0.672730, -0.709229, 0.610352, -0.549316, -0.854492,Sitting
1771065, -0.210083, -0.676758, -0.712891, 0.793457, -1.098633, -0.732422,Sitting
1771085, -0.219849, -0.675537, -0.707520, 0.427246, -1.647949, -0.671386,Sitting
1771105, -0.222046, -0.670898, -0.703003, 0.244141, -1.647949, -0.488281,Sitting
1771125, -0.222534, -0.668823, -0.710083, 0.244141, -0.549316, 0.000000,Sitting
1771145, -0.222534, -0.670044, -0.706299, 0.549316, 0.061035, -0.122070,Sitting
1771165, -0.215698, -0.676758, -0.704834, 0.671386, 0.305176, -0.427246,Sitting
1771185, -0.206421, -0.682984, -0.702515, 0.549316, 0.366211, -0.427246,Sitting
1771205, -0.198608, -0.680786, -0.700806, 0.183105, 0.183105, -0.244141,Sitting
1771225, -0.204102, -0.679444, -0.704834, 0.305176, -0.732422, -0.488281,Sitting
1771245, -0.204956, -0.679566, -0.707398, -0.061035, -1.342773, -0.671386,Sitting
1771265, -0.216064, -0.678711, -0.704468, -0.244141, -1.770019, -0.671386,Sitting
1771285, -0.219116, -0.676392, -0.705322, -0.244141, -1.647949, -0.427246,Sitting
1771305, -0.224609, -0.672852, -0.707276, -0.366211, -1.220704, -0.793457,Sitting
1771325, -0.226318, -0.667236, -0.710449, 0.244141, -0.976562, -0.976562,Sitting
1771345, -0.221558, -0.670288, -0.706055, 0.183105, 0.122070, -0.732422,Sitting
1771365, -0.213013, -0.672974, -0.706665, 0.061035, 0.061035, -0.549316,Sitting
1771385, -0.213867, -0.671631, -0.708862, 0.427246, -0.488281, -0.488281,Sitting
1771405, -0.219360, -0.677856, -0.709351, 0.366211, -0.488281, -0.854492,Sitting
1771425, -0.212647, -0.679810, -0.705566, 0.122070, -0.488281, -0.793457,Sitting
1771445, -0.215942, -0.676880, -0.702881, -0.061035, -0.915527, -0.610352,Sitting
1771465, -0.218262, -0.669800, -0.700806, -0.305176, -0.610352, -0.488281,Sitting
1771485, -0.227051, -0.670044, -0.708496, 0.244141, 0.427246, -0.854492,Sitting
1771505, -0.216675, -0.679077, -0.711792, 0.427246, 1.281738, -0.915527,Sitting
1771525, -0.212158, -0.680054, -0.707886, 0.427246, 1.525878, -0.976562,Sitting
1771545, -0.207275, -0.680420, -0.705444, 0.305176, 1.525878, -0.671386,Sitting
1771565, -0.178711, -0.669678, -0.701416, -0.122070, -0.732422, -1.525878,Sitting
1771585, -0.203003, -0.679077, -0.703491, 0.732422, -1.464844, -1.037598,Sitting
1771605, -0.217163, -0.687012, -0.699463, 0.366211, -0.854492, -0.732422,Sitting
1771625, -0.215088, -0.683228, -0.699707, 0.183105, 0.366211, -0.488281,Sitting
1771645, -0.208130, -0.678955, -0.704712, -0.122070, 0.183105, -0.305176,Sitting
1771665, -0.214722, -0.676636, -0.706177, 0.061035, -0.610352, -0.549316,Sitting
1771685, -0.220093, -0.675293, -0.704346, -0.244141, -0.610352, -0.366211,Sitting
1771705, -0.217041, -0.675293, -0.706299, -0.854492, -0.427246, -0.122070,Sitting
1771725, -0.207031, -0.670776, -0.713013, -1.342773, -0.915527, -0.061035,Sitting
1771745, -0.217529, -0.671143, -0.713379, -1.708984, -2.197266, -0.122070,Sitting
1771765, -0.226563, -0.662720, -0.715942, -1.586914, -2.258301, -0.122070,Sitting
1771785, -0.232056, -0.665894, -0.714112, -0.854492, 0.366211, 0.366211,Sitting
1771805, -0.219971, -0.658570, -0.710571, 0.122070, 0.915527, 0.244141,Sitting
1771825, -0.212036, -0.661865, -0.711548, 1.220704, 0.549316, 0.122070,Sitting
1771845, -0.203735, -0.669312, -0.706299, 1.708984, 0.915527, -0.366211,Sitting
1771865, -0.207642, -0.674805, -0.703491, 2.136231, 2.075196, -0.244141,Sitting
1771885, -0.196167, -0.686402, -0.702393, 1.892090, 3.662109, -0.122070,Sitting
1771905, -0.182251, -0.684692, -0.711304, 1.892090, 3.601074, 0.000000,Sitting
1771925, -0.167725, -0.694092, -0.703980, 1.403808, 0.061035, -0.610352,Sitting
1771945, -0.172363, -0.692383, -0.699951, 0.488281, -5.187988, -0.671386,Sitting
1771965, -0.209229, -0.690308, -0.697022, -0.915527, -7.690428, -0.915527,Sitting
1771985, -0.227905, -0.675659, -0.703125, -1.708984, -6.591796, -0.488281,Sitting
1772005, -0.229248, -0.663574, -0.716431, -1.586914, -4.272462, -1.159668,Sitting
1772025, -0.224976, -0.662476, -0.715576, -0.732422, -3.417968, -1.220704,Sitting
1772045, -0.225708, -0.669434, -0.716064, -0.183105, -2.380371, -0.732422,Sitting
1772065, -0.224731, -0.674072, -0.712402, -0.488281, -1.708984, -0.671386,Sitting
1772085, -0.225342, -0.669922, -0.707886, -0.610352, -1.403808, -0.915527,Sitting
1772105, -0.227173, -0.671265, -0.706299, -0.671386, -0.610352, -1.220704,Sitting
1772125, -0.209473, -0.670044, -0.705933, -1.098633, 0.427246, -1.037598,Sitting
1772145, -0.194336, -0.670532, -0.713135, -1.159668, 0.305176, -1.159668,Sitting
1772165, -0.195435, -0.669922, -0.715576, -1.037598, -1.708984, -1.708984,Sitting
1772185, -0.214722, -0.671753, -0.713745, -0.610352, -3.540038, -1.831054,Sitting
1772205, -0.231689, -0.669678, -0.703736, -0.610352, -4.089356, -1.342773,Sitting
1772225, -0.228638, -0.666382, -0.698853, 0.244141, -3.967285, -0.915527,Sitting
1772245, -0.227905, -0.664429, -0.697266, 0.244141, -2.929687, -0.305176,Sitting
1772265, -0.230835, -0.665161, -0.705078, 0.854492, -1.831054, -0.183105,Sitting
1772285, -0.226318, -0.671875, -0.710816, 0.793457, -0.793457, 0.061035,Sitting
1772305, -0.212647, -0.673462, -0.708130, 0.671386, -1.098633, 0.488281,Sitting
1772325, -0.208618, -0.670288, -0.708740, 0.732422, -1.953124, 0.732422,Sitting
1772345, -0.214233, -0.669922, -0.711426, 0.671386, -1.770019, 0.549316,Sitting
1772365, -0.211182, -0.673706, -0.711548, 0.671386, -1.647949, -0.122070,Sitting
1772385, -0.207642, -0.683350, -0.705200, 0.305176, -1.403808, -0.122070,Sitting
1772405, -0.206421, -0.681396, -0.704590, -0.549316, -1.525878, 0.183105,Sitting
1772425, -0.208740, -0.682862, -0.699829, -0.732422, -2.380371, -0.061035,Sitting
1772445, -0.224365, -0.686768, -0.700195, -0.793457, -2.502442, -0.549316,Sitting
1772465, -0.244507, -0.680054, -0.712646, -0.976562, -0.244141, -0.305176,Sitting
1772485, -0.224731, -0.663818, -0.707276, -1.159668, 1.770019, 0.000000,Sitting
1772505, -0.197388, -0.656738, -0.703736, -0.610352, 0.427246, -0.244141,Sitting
1772525, -0.205566, -0.663208, -0.711792, -0.427246, -2.075196, -0.305176,Sitting
1772545, -0.218140, -0.667969, -0.710327, -0.915527, -2.929687, -0.122070,Sitting
1772565, -0.231812, -0.672241, -0.707276, -1.098633, -2.746581, 0.000000,Sitting
1772585, -0.233643, -0.677979, -0.708984, -2.197266, -2.441407, 0.122070,Sitting
1772605, -0.231689, -0.674561, -0.706909, -2.929687, -2.929687, 0.122070,Sitting
1772625, -0.238525, -0.676514, -0.704590, -2.868652, -3.051757, 0.000000,Sitting
1772645, -0.235962, -0.677490, -0.702637, -2.990722, -2.197266, -0.244141,Sitting
1772665, -0.227539, -0.674438, -0.709595, -2.746581, -1.953124, -0.488281,Sitting
1772685, -0.217651, -0.668091, -0.707154, -2.197266, -3.295898, -0.854492,Sitting
1772705, -0.247070, -0.670288, -0.704102, -1.586914, -3.784179, -1.525878,Sitting
1772725, -0.234741, -0.658692, -0.699707, -1.159668, -2.685546, -1.098633,Sitting
1772745, -0.256104, -0.659546, -0.713867, -1.098633, -1.037598, -1.037598,Sitting
1772765, -0.216064, -0.649536, -0.716064, -0.427246, 0.122070, -0.671386,Sitting
1772785, -0.214600, -0.656372, -0.715332, -0.793457, -1.037598, -0.122070,Sitting
1772805, -0.219238, -0.643921, -0.722656, -0.732422, -0.915527, 0.061035,Sitting
1772825, -0.219849, -0.636963, -0.730835, 0.000000, 0.122070, -0.488281,Sitting
1772845, -0.212769, -0.639160, -0.732056, 0.549316, -0.122070, -0.122070,Sitting
1772865, -0.216919, -0.648438, -0.724610, 1.403808, -1.525878, -0.061035,Sitting
1772885, -0.228882, -0.659790, -0.713745, 1.953124, -1.525878, -0.061035,Sitting
1772905, -0.243164, -0.673828, -0.713013, 2.319336, -0.061035, 0.000000,Sitting
1772925, -0.247925, -0.669434, -0.707398, 1.831054, 1.464844, 0.732422,Sitting
1772945, -0.235107, -0.673828, -0.703858, 0.976562, 2.136231, 1.281738,Sitting
1772965, -0.212036, -0.670776, -0.704102, 0.305176, 1.281738, 1.953124,Sitting
1772985, -0.208130, -0.665283, -0.712891, 0.122070, -0.549316, 1.647949,Sitting
1773005, -0.229248, -0.670532, -0.720947, 0.671386, -1.403808, 1.220704,Sitting
1773025, -0.234497, -0.673584, -0.711426, 0.305176, -0.732422, 1.464844,Sitting
1773045, -0.228638, -0.677612, -0.702271, 0.061035, -0.183105, 1.342773,Sitting
1773065, -0.212891, -0.678833, -0.700318, -0.671386, -0.671386, 1.098633,Sitting
1773085, -0.207031, -0.676514, -0.705078, -0.976562, -2.746581, 1.220704,Sitting
1773105, -0.213867, -0.675781, -0.706421, -1.098633, -4.577638, 0.244141,Sitting
1773125, -0.246338, -0.675781, -0.707154, -1.403808, -3.662109, 0.488281,Sitting
1773145, -0.242310, -0.675659, -0.707642, -1.892090, -2.380371, 0.610352,Sitting
1773165, -0.214233, -0.671631, -0.713013, -0.976562, -4.760742, 4.455568,Sitting
1773185, -0.235230, -0.645630, -0.717774, -1.708984, -8.666994, 2.868652,Sitting
1773205, -0.247925, -0.651856, -0.713989, -1.098633, -6.958006, 1.892090,Sitting
1773225, -0.246460, -0.635498, -0.709351, -2.441407, -6.286620, 2.624511,Sitting
1773245, -0.250366, -0.620484, -0.710449, 0.915527, -5.554198, -1.220704,Sitting
1773265, -0.258179, -0.662354, -0.712646, -0.915527, -2.807617, -0.122070,Sitting
1773285, -0.263184, -0.652100, -0.708252, -1.647949, -2.746581, -0.976562,Sitting
1773305, -0.254395, -0.653564, -0.707886, -1.953124, -4.089356, -3.845214,Sitting
1773325, -0.242065, -0.655884, -0.710694, -6.225584, -6.835936, -1.586914,Sitting
1773345, -0.242676, -0.634766, -0.728882, -1.281738, -4.882814, -1.037598,Sitting
1773365, -0.262817, -0.639893, -0.733398, 0.488281, -5.249022, -0.732422,Sitting
1773385, -0.277222, -0.654541, -0.723877, 1.770019, -3.112792, -0.244141,Sitting
1773405, -0.282349, -0.660522, -0.706299, 1.831054, 1.098633, -0.366211,Sitting
1773425, -0.254639, -0.671509, -0.705811, 1.770019, 2.807617, -0.305176,Sitting
1773445, -0.232910, -0.668213, -0.710694, 1.525878, 1.831054, -0.427246,Sitting
1773465, -0.228149, -0.673462, -0.710938, 1.403808, 2.258301, -0.488281,Sitting
1773485, -0.220093, -0.667480, -0.712402, 0.732422, 1.525878, -0.183105,Sitting
1773505, -0.225464, -0.656494, -0.710938, 1.098633, 0.976562, -1.159668,Sitting
1773525, -0.215942, -0.654663, -0.711060, 0.854492, -0.427246, -1.159668,Sitting
1773545, -0.244873, -0.646729, -0.716919, 1.892090, -2.746581, -1.403808,Sitting
1773565, -0.269653, -0.652100, -0.705444, 1.281738, -2.197266, -0.427246,Sitting
1773585, -0.273560, -0.656494, -0.699707, 1.342773, -1.342773, -1.098633,Sitting
1773605, -0.267578, -0.660034, -0.707520, 1.037598, -0.549316, -1.037598,Sitting
1773625, -0.271118, -0.657104, -0.709351, 0.793457, 0.000000, -0.549316,Sitting
1773645, -0.253052, -0.652466, -0.704468, 0.549316, -0.061035, -0.244141,Sitting
1773665, -0.248413, -0.654297, -0.707276, 1.220704, -0.915527, -0.427246,Sitting
1773685, -0.243286, -0.658692, -0.712524, 1.037598, -1.220704, -0.793457,Sitting
1773705, -0.242065, -0.665161, -0.713013, 1.647949, -0.915527, -1.037598,Sitting
1773725, -0.241577, -0.669434, -0.709717, 1.098633, 0.061035, -0.671386,Sitting
1773745, -0.238403, -0.670776, -0.703980, 0.915527, 0.122070, -0.793457,Sitting
1773765, -0.232422, -0.670532, -0.702759, 0.305176, -0.061035, -0.671386,Sitting
1773785, -0.240601, -0.664062, -0.711182, 0.244141, -0.671386, -0.854492,Sitting
1773805, -0.242920, -0.663208, -0.704224, 0.305176, -0.610352, -0.915527,Sitting
1773825, -0.242065, -0.660889, -0.700928, 0.610352, -0.488281, -0.976562,Sitting
1773845, -0.245850, -0.664429, -0.709839, 0.610352, -0.305176, -0.915527,Sitting
1773865, -0.255615, -0.662964, -0.713501, 0.976562, -0.488281, -0.793457,Sitting
1773885, -0.258301, -0.663208, -0.710449, 0.549316, 0.976562, -1.220704,Sitting
1773905, -0.245972, -0.675415, -0.716431, 1.342773, 0.610352, -0.976562,Sitting
1773925, -0.233032, -0.674072, -0.709961, -0.122070, 1.892090, -0.427246,Sitting
1773945, -0.238525, -0.662110, -0.700806, -0.244141, 1.342773, -1.770019,Sitting
1773965, -0.252319, -0.664307, -0.694824, -0.671386, 0.854492, -0.549316,Sitting
1773985, -0.247314, -0.647949, -0.699463, -0.061035, -0.122070, -1.037598,Sitting
1774005, -0.225464, -0.657837, -0.710571, 0.366211, 0.610352, 0.305176,Sitting
1774025, -0.230591, -0.653442, -0.722046, 0.854492, -1.525878, -0.366211,Sitting
1774045, -0.251221, -0.660278, -0.715820, 2.380371, -0.915527, -0.915527,Sitting
1774065, -0.232178, -0.674316, -0.703613, 4.211426, -0.244141, 0.854492,Sitting
1774085, -0.265381, -0.666504, -0.701294, 2.014160, -2.319336, 0.000000,Sitting
1774105, -0.251221, -0.668945, -0.708130, 0.061035, -1.464844, -0.244141,Sitting
1774125, -0.259399, -0.649780, -0.714844, 0.061035, 0.793457, -1.403808,Sitting
1774145, -0.234863, -0.663452, -0.714966, 1.281738, 2.929687, -0.671386,Sitting
1774165, -0.231934, -0.652588, -0.714600, -0.244141, 1.892090, 0.488281,Sitting
1774185, -0.236572, -0.649170, -0.714478, 0.732422, 1.159668, -1.770019,Sitting
1774205, -0.231934, -0.662598, -0.709351, 1.708984, -1.098633, -4.211426,Sitting
1774225, -0.243042, -0.677612, -0.698853, 0.854492, 1.281738, -0.549316,Sitting
1774245, -0.236694, -0.665528, -0.702393, 1.159668, 0.854492, 0.976562,Sitting
1774265, -0.243774, -0.665405, -0.704590, 1.464844, 1.403808, 0.061035,Sitting
1774285, -0.238770, -0.672486, -0.703491, 1.647949, 1.464844, -0.427246,Sitting
1774305, -0.232300, -0.678711, -0.696900, 1.647949, 1.159668, -0.976562,Sitting
1774325, -0.223022, -0.686035, -0.695801, 0.915527, 0.610352, -0.427246,Sitting
1774345, -0.225952, -0.684570, -0.703369, 0.671386, -0.366211, 0.488281,Sitting
1774365, -0.229614, -0.669434, -0.704956, 0.366211, -0.549316, -0.244141,Sitting
1774385, -0.238159, -0.671509, -0.706299, 0.488281, 0.305176, -0.671386,Sitting
1774405, -0.223022, -0.662964, -0.707031, -0.244141, -0.305176, -0.915527,Sitting
1774425, -0.239014, -0.659668, -0.708496, 0.854492, -0.854492, -2.197266,Sitting
1774445, -0.246338, -0.658081, -0.708008, 0.854492, -0.183105, -1.159668,Sitting
1774465, -0.246582, -0.663452, -0.705688, 0.671386, -0.122070, -1.403808,Sitting
1774485, -0.233398, -0.669434, -0.708740, 0.732422, -1.892090, -0.671386,Sitting
1774505, -0.244629, -0.666016, -0.702881, 0.671386, -2.685546, -1.342773,Sitting
1774525, -0.254517, -0.671875, -0.699829, 0.488281, -0.732422, 0.427246,Sitting
1774545, -0.247925, -0.649048, -0.705688, 0.488281, 1.159668, -4.211426,Sitting
1774565, -0.236206, -0.692505, -0.706299, 0.976562, 0.976562, -1.708984,Sitting
1774585, -0.229492, -0.660400, -0.708618, 0.000000, -0.427246, -0.915527,Sitting
1774605, -0.227173, -0.669922, -0.706177, 0.610352, -0.793457, -2.136231,Sitting
1774625, -0.221436, -0.667603, -0.709961, -0.061035, 0.122070, -2.075196,Sitting
1774645, -0.219727, -0.668945, -0.710816, -0.183105, 0.671386, -2.075196,Sitting
1774665, -0.211060, -0.672486, -0.703980, -0.305176, -0.305176, -2.380371,Sitting
1774685, -0.208862, -0.673462, -0.704590, -0.549316, -1.220704, -1.525878,Sitting
1774705, -0.219360, -0.672852, -0.708008, -0.305176, -1.831054, -0.976562,Sitting
1774725, -0.225464, -0.673462, -0.703858, 0.183105, -2.075196, -0.915527,Sitting
1774745, -0.250732, -0.668823, -0.704956, 0.854492, -0.610352, -0.854492,Sitting
1774765, -0.230347, -0.662598, -0.707642, 1.098633, 1.525878, -0.671386,Sitting
1774785, -0.233521, -0.663696, -0.711914, 2.014160, 1.159668, -0.610352,Sitting
1774805, -0.219849, -0.674316, -0.706299, 1.586914, -0.427246, 1.342773,Sitting
1774825, -0.246826, -0.668579, -0.698486, 0.854492, -3.173828, -0.854492,Sitting
1774845, -0.259155, -0.672119, -0.696167, 1.892090, -2.197266, -2.807617,Sitting
1774865, -0.251709, -0.680542, -0.699585, 0.427246, 1.098633, -0.732422,Sitting
1774885, -0.223511, -0.675659, -0.704346, 0.976562, 0.183105, 0.244141,Sitting
1774905, -0.217407, -0.669190, -0.703491, 0.732422, -1.892090, 0.549316,Sitting
1774925, -0.241699, -0.669800, -0.697632, 1.159668, -1.953124, -1.159668,Sitting
1774945, -0.230957, -0.679444, -0.698242, 0.732422, -0.610352, -1.403808,Sitting
1774965, -0.231812, -0.681030, -0.701782, 0.488281, 0.488281, -0.976562,Sitting
1774985, -0.223511, -0.677734, -0.703980, 0.305176, 0.671386, -1.342773,Sitting
1775005, -0.228760, -0.676148, -0.703125, 0.122070, -0.549316, -1.647949,Sitting
1775025, -0.223999, -0.675049, -0.700806, 0.122070, -1.098633, -1.342773,Sitting
1775045, -0.225952, -0.672974, -0.699341, 0.122070, -0.793457, -1.831054,Sitting
1775065, -0.231934, -0.672730, -0.704102, 0.305176, 0.366211, -2.014160,Sitting
1775085, -0.231689, -0.674805, -0.705200, -0.122070, 0.732422, -0.915527,Sitting
1775105, -0.215942, -0.673340, -0.705811, -0.061035, -2.197266, -1.403808,Sitting
1775125, -0.246704, -0.673462, -0.703736, 0.000000, 0.610352, -1.892090,Sitting
1775145, -0.227417, -0.676270, -0.704346, -0.305176, 2.441407, -2.197266,Sitting
1775165, -0.217407, -0.675659, -0.703247, -0.122070, 1.159668, -2.136231,Sitting
1775185, -0.220947, -0.677979, -0.703858, -0.671386, -0.122070, -0.854492,Sitting
1775205, -0.216797, -0.673462, -0.699097, -0.366211, -0.549316, -1.892090,Sitting
1775225, -0.215210, -0.685913, -0.701538, 0.244141, -1.586914, -1.220704,Sitting
1775245, -0.223633, -0.674805, -0.704956, -0.122070, -0.122070, 0.610352,Sitting
1775265, -0.240356, -0.670410, -0.710083, 0.305176, 0.915527, 0.488281,Sitting
1775285, -0.220947, -0.661621, -0.706299, 0.549316, -0.610352, -2.624511,Sitting
1775305, -0.217285, -0.672974, -0.701904, 0.244141, -0.976562, -1.831054,Sitting
1775325, -0.227417, -0.667969, -0.704468, -0.061035, 1.770019, -1.770019,Sitting
1775345, -0.188110, -0.657593, -0.714234, 2.441407, -3.356933, -7.568358,Sitting
1775365, -0.264526, -0.712891, -0.703247, -0.732422, -0.732422, 3.723144,Sitting
1775385, -0.224609, -0.635620, -0.706299, 0.671386, 0.427246, 0.976562,Sitting
1775405, -0.246094, -0.679810, -0.702515, 1.037598, 0.366211, -2.563476,Sitting
1775425, -0.213257, -0.664551, -0.703125, 1.220704, -0.549316, -1.708984,Sitting
1775445, -0.236938, -0.674072, -0.701782, 0.854492, 0.061035, -1.525878,Sitting
1775465, -0.219360, -0.678711, -0.701172, 0.732422, 0.732422, 0.000000,Sitting
1775485, -0.217163, -0.677490, -0.699341, 0.427246, 0.732422, 1.159668,Sitting
1775505, -0.210815, -0.676270, -0.704712, 1.159668, -0.061035, -0.305176,Sitting
1775525, -0.206177, -0.684937, -0.705078, 0.549316, -1.770019, -1.281738,Sitting
1775545, -0.219482, -0.683228, -0.704468, 0.610352, -0.305176, -0.122070,Sitting
1775565, -0.216187, -0.680054, -0.700562, 0.488281, 0.549316, -0.427246,Sitting
1775585, -0.211426, -0.677124, -0.703491, 0.366211, 0.183105, -0.244141,Sitting
1775605, -0.217651, -0.675415, -0.706909, 0.366211, -0.244141, -0.366211,Sitting
1775625, -0.223022, -0.674561, -0.703369, 0.305176, 0.244141, -0.549316,Sitting
1775645, -0.219727, -0.677124, -0.699829, 0.244141, 0.305176, -0.671386,Sitting
1775665, -0.216431, -0.680054, -0.700806, -0.122070, -0.061035, -0.427246,Sitting
1775685, -0.217529, -0.680054, -0.701782, -0.244141, -0.305176, -0.305176,Sitting
1775705, -0.217041, -0.678223, -0.702881, -0.183105, -0.671386, -0.671386,Sitting
1775725, -0.221558, -0.679077, -0.703369, -0.244141, -0.793457, -0.854492,Sitting
1775745, -0.224121, -0.678223, -0.699341, -0.610352, -0.610352, -0.549316,Sitting
1775765, -0.215088, -0.676758, -0.698730, -0.976562, -0.854492, -0.854492,Sitting
1775785, -0.212891, -0.675415, -0.700928, -1.525878, -0.976562, -0.732422,Sitting
1775805, -0.215942, -0.669678, -0.707520, -1.647949, -1.403808, -0.549316,Sitting
1775825, -0.216309, -0.669068, -0.710205, -1.098633, -2.319336, -0.793457,Sitting
1775845, -0.227783, -0.672730, -0.711304, -0.610352, -2.746581, -0.854492,Sitting
1775865, -0.229736, -0.672852, -0.711426, -0.427246, -2.075196, -0.488281,Sitting
1775885, -0.229736, -0.671387, -0.707276, -0.305176, -1.220704, -0.732422,Sitting
1775905, -0.226074, -0.669800, -0.704224, -0.305176, -0.732422, -0.793457,Sitting
1775925, -0.222290, -0.667847, -0.705078, -0.488281, -0.183105, -0.793457,Sitting
1775945, -0.214233, -0.666382, -0.710205, -0.244141, -0.122070, -0.488281,Sitting
1775965, -0.211548, -0.668823, -0.704956, -0.183105, -0.915527, -0.183105,Sitting
1775985, -0.219238, -0.661743, -0.704224, 0.427246, -2.197266, 0.183105,Sitting
1776005, -0.222534, -0.664185, -0.713989, 1.220704, -1.647949, 0.305176,Sitting
1776025, -0.226074, -0.667358, -0.719482, 1.586914, -1.281738, 0.061035,Sitting
1776045, -0.238525, -0.675659, -0.711426, 2.380371, 0.000000, 0.244141,Sitting
1776065, -0.236328, -0.678345, -0.698120, 1.953124, 0.854492, 0.183105,Sitting
1776085, -0.229004, -0.677124, -0.696900, 0.915527, 1.098633, -0.549316,Sitting
1776105, -0.216187, -0.682251, -0.698364, 1.525878, 1.647949, 0.366211,Sitting
1776125, -0.207764, -0.684570, -0.697144, 0.610352, 0.427246, -0.305176,Sitting
1776145, -0.211792, -0.685547, -0.704712, 0.793457, -0.427246, -0.305176,Sitting
1776165, -0.213867, -0.679321, -0.708618, 0.244141, -0.549316, -0.610352,Sitting
1776185, -0.215576, -0.683228, -0.707154, 0.549316, -0.549316, -1.098633,Sitting
1776205, -0.211548, -0.682007, -0.703491, 0.183105, -0.610352, -1.525878,Sitting
1776225, -0.223389, -0.679444, -0.697388, -0.366211, -0.732422, -1.220704,Sitting
1776245, -0.217651, -0.677612, -0.696045, -0.488281, -0.976562, -1.098633,Sitting
1776265, -0.212647, -0.676514, -0.697998, -0.976562, -1.159668, -0.610352,Sitting
1776285, -0.213623, -0.672486, -0.704346, -0.854492, -1.831054, -0.610352,Sitting
1776305, -0.226685, -0.671509, -0.712891, -0.427246, -2.014160, -0.671386,Sitting
1776325, -0.232666, -0.674805, -0.708374, -0.366211, -1.342773, -0.427246,Sitting
1776345, -0.226929, -0.672363, -0.703491, -0.244141, -0.671386, -0.305176,Sitting
1776365, -0.225098, -0.674683, -0.701904, -0.366211, -0.061035, -0.366211,Sitting
1776385, -0.217529, -0.670776, -0.705566, -0.122070, -0.183105, -0.488281,Sitting
1776405, -0.224243, -0.673218, -0.706055, -0.183105, -0.610352, -0.488281,Sitting
1776425, -0.226440, -0.671631, -0.704590, -0.305176, -0.488281, -0.305176,Sitting
1776445, -0.217773, -0.671997, -0.706421, -0.183105, -0.122070, -0.427246,Sitting
1776465, -0.217163, -0.674683, -0.706421, -0.122070, -0.305176, -0.549316,Sitting
1776485, -0.217163, -0.676636, -0.704590, 0.000000, -0.610352, -0.671386,Sitting
1776505, -0.219360, -0.675904, -0.704834, -0.244141, -0.671386, -0.549316,Sitting
1776525, -0.213135, -0.671753, -0.705444, -0.244141, -0.793457, -0.427246,Sitting
1776545, -0.215088, -0.673096, -0.708374, -0.183105, -0.976562, -0.427246,Sitting
1776565, -0.219727, -0.671997, -0.708740, -0.122070, -1.098633, -0.610352,Sitting
1776585, -0.222290, -0.672486, -0.707642, -0.183105, -0.976562, -0.732422,Sitting
1776605, -0.222046, -0.674927, -0.706055, -0.305176, -0.854492, -0.488281,Sitting
1776625, -0.215454, -0.669556, -0.705688, -0.488281, -1.159668, -0.488281,Sitting
1776645, -0.228027, -0.666138, -0.709717, 0.244141, -2.075196, -0.732422,Sitting
1776665, -0.238892, -0.671509, -0.710083, 0.732422, -0.610352, -0.427246,Sitting
1776685, -0.236328, -0.675171, -0.710694, 0.549316, 0.549316, -0.366211,Sitting
1776705, -0.218018, -0.678711, -0.704834, 0.305176, 0.305176, -1.037598,Sitting
1776725, -0.213257, -0.675904, -0.703736, 0.000000, -0.732422, -0.915527,Sitting
1776745, -0.215210, -0.671143, -0.701172, -0.305176, -1.159668, -0.854492,Sitting
1776765, -0.218018, -0.669190, -0.705933, -0.122070, -1.037598, -0.671386,Sitting
1776785, -0.220459, -0.670776, -0.713501, 0.122070, -0.549316, -0.549316,Sitting
1776805, -0.217285, -0.669678, -0.708862, 0.183105, -0.061035, -0.305176,Sitting
1776825, -0.214600, -0.675049, -0.703003, 0.732422, -0.122070, -0.549316,Sitting
1776845, -0.200317, -0.686157, -0.697754, 0.122070, -1.098633, 0.305176,Sitting
1776865, -0.203857, -0.684570, -0.697632, -0.610352, -0.549316, -0.427246,Sitting
1776885, -0.208862, -0.679932, -0.707642, -0.732422, -1.647949, -1.098633,Sitting
1776905, -0.223022, -0.680054, -0.709839, -0.915527, -2.075196, -0.122070,Sitting
1776925, -0.227661, -0.667969, -0.702026, -1.098633, -1.647949, -0.122070,Sitting
1776945, -0.232910, -0.671387, -0.703736, -0.488281, -1.220704, -0.610352,Sitting
1776965, -0.224243, -0.671265, -0.705078, -1.403808, -0.793457, -0.366211,Sitting
1776985, -0.215454, -0.664062, -0.708862, -1.220704, -1.464844, -0.671386,Sitting
1777005, -0.217407, -0.668213, -0.709229, -1.403808, -2.990722, -0.427246,Sitting
1777025, -0.231445, -0.663696, -0.711304, -1.220704, -3.479003, 0.244141,Sitting
1777045, -0.244019, -0.662964, -0.710083, -0.793457, -2.258301, -0.122070,Sitting
1777065, -0.237427, -0.668945, -0.709961, -0.671386, -0.366211, -0.244141,Sitting
1777085, -0.217163, -0.668335, -0.710571, -0.671386, 0.549316, -0.488281,Sitting
1777105, -0.218872, -0.666016, -0.712280, -0.183105, -0.488281, -0.488281,Sitting
1777125, -0.223389, -0.667114, -0.706177, -0.244141, -0.915527, -0.305176,Sitting
1777145, -0.217896, -0.664795, -0.704590, 0.061035, -0.549316, 0.000000,Sitting
1777165, -0.221314, -0.667725, -0.711426, 0.183105, 0.122070, -0.366211,Sitting
1777185, -0.217163, -0.669678, -0.713135, 0.183105, -0.244141, -0.732422,Sitting
1777205, -0.219605, -0.670654, -0.714356, 0.305176, -0.610352, -0.732422,Sitting
1777225, -0.221069, -0.667847, -0.711182, 0.244141, -0.427246, -0.427246,Sitting
1777245, -0.222046, -0.667603, -0.708496, 0.427246, -0.793457, -0.305176,Sitting
1777265, -0.222534, -0.666870, -0.705933, 0.061035, -0.854492, -0.244141,Sitting
1777285, -0.230225, -0.663574, -0.712769, 0.427246, -0.793457, -0.549316,Sitting
1777305, -0.228272, -0.664795, -0.713989, 0.610352, 0.427246, 0.244141,Sitting
1777325, -0.225220, -0.662354, -0.710205, 0.610352, 0.305176, 0.366211,Sitting
1777345, -0.213379, -0.666016, -0.703980, 0.854492, -1.098633, -0.183105,Sitting
1777365, -0.224854, -0.668091, -0.704590, 0.671386, -1.342773, -0.427246,Sitting
1777385, -0.231689, -0.670776, -0.711914, 0.732422, -0.732422, -0.793457,Sitting
1777405, -0.229126, -0.676148, -0.709473, 0.427246, -0.732422, -0.549316,Sitting
1777425, -0.222290, -0.675415, -0.705566, 0.183105, -1.220704, -0.610352,Sitting
1777445, -0.211914, -0.673584, -0.702393, 0.183105, -2.014160, -1.342773,Sitting
1777465, -0.222656, -0.674072, -0.708862, -0.183105, -1.220704, -0.488281,Sitting
1777485, -0.226929, -0.666626, -0.711182, 0.366211, -0.732422, -0.976562,Sitting
1777505, -0.224121, -0.671021, -0.707886, 0.671386, -0.061035, -1.403808,Sitting
1777525, -0.213379, -0.671631, -0.705444, 0.488281, 0.610352, -0.488281,Sitting
1777545, -0.205566, -0.673950, -0.707764, 0.793457, 0.000000, -0.122070,Sitting
1777565, -0.206787, -0.665772, -0.711914, 0.549316, -1.586914, -0.427246,Sitting
1777585, -0.230225, -0.664795, -0.713745, 1.281738, -1.647949, -1.098633,Sitting
1777605, -0.239014, -0.663696, -0.713501, 1.098633, -0.183105, -0.671386,Sitting
1777625, -0.237915, -0.666504, -0.707764, 1.647949, 0.610352, -0.793457,Sitting
1777645, -0.227783, -0.670288, -0.702393, 1.342773, 0.549316, -0.122070,Sitting
1777665, -0.215576, -0.666382, -0.704224, 1.220704, -0.122070, -0.549316,Sitting
1777685, -0.220947, -0.673218, -0.709473, 0.915527, -0.427246, -0.122070,Sitting
1777705, -0.221924, -0.669190, -0.712646, 1.098633, -0.976562, -0.122070,Sitting
1777725, -0.229614, -0.674194, -0.709717, 0.976562, -0.671386, -0.427246,Sitting
1777745, -0.213623, -0.675293, -0.700928, 0.488281, -0.244141, 0.122070,Sitting
1777765, -0.215942, -0.678101, -0.698853, 0.671386, -0.915527, -0.366211,Sitting
1777785, -0.225952, -0.678955, -0.701904, 0.183105, -1.098633, -0.427246,Sitting
1777805, -0.227173, -0.678345, -0.701782, 0.122070, -0.732422, -0.793457,Sitting
1777825, -0.215698, -0.678345, -0.701416, -1.342773, -1.770019, -1.831054,Sitting
1777845, -0.220581, -0.679932, -0.700440, -0.244141, -1.708984, -0.305176,Sitting
1777865, -0.213257, -0.673706, -0.705933, -0.854492, -2.746581, -0.305176,Sitting
1777885, -0.229858, -0.669678, -0.711304, -0.610352, -3.295898, -0.488281,Sitting
1777905, -0.233643, -0.674072, -0.703369, -1.037598, -2.990722, -0.244141,Sitting
1777925, -0.232910, -0.669556, -0.702759, -0.976562, -1.586914, -0.488281,Sitting
1777945, -0.223633, -0.672119, -0.711914, -0.732422, -0.549316, -0.671386,Sitting
1777965, -0.218628, -0.671021, -0.714844, 0.061035, -0.549316, -1.159668,Sitting
1777985, -0.228027, -0.675049, -0.706665, 0.183105, -0.488281, -1.525878,Sitting
1778005, -0.225708, -0.672608, -0.699585, 0.183105, 0.366211, -1.159668,Sitting
1778025, -0.222534, -0.670044, -0.700806, 0.000000, 1.220704, -1.159668,Sitting
1778045, -0.219360, -0.671387, -0.706177, 0.305176, 1.098633, -1.342773,Sitting
1778065, -0.217041, -0.672363, -0.710938, -0.183105, 0.000000, -1.098633,Sitting
1778085, -0.213501, -0.664429, -0.708740, -0.183105, -1.647949, -0.732422,Sitting
1778105, -0.222412, -0.665161, -0.710694, -0.061035, -2.685546, -0.305176,Sitting
1778125, -0.231812, -0.665772, -0.708618, 0.000000, -2.136231, -0.488281,Sitting
1778145, -0.235840, -0.665039, -0.708740, 0.122070, -1.342773, -0.610352,Sitting
1778165, -0.233154, -0.670654, -0.707398, 0.732422, -0.366211, -0.915527,Sitting
1778185, -0.232422, -0.674072, -0.714234, 1.098633, 1.342773, -1.220704,Sitting
1778205, -0.223511, -0.676392, -0.707520, 1.098633, 1.892090, -1.159668,Sitting
1778225, -0.213867, -0.670532, -0.698608, 0.915527, 1.831054, -0.976562,Sitting
1778245, -0.210571, -0.669800, -0.697266, 0.854492, 1.342773, -1.220704,Sitting
1778265, -0.211060, -0.678589, -0.703369, 0.610352, 0.549316, -1.220704,Sitting
1778285, -0.206299, -0.681030, -0.705444, 0.061035, -0.488281, -0.976562,Sitting
1778305, -0.210693, -0.677734, -0.706299, -0.488281, -1.647949, -0.610352,Sitting
1778325, -0.216675, -0.670288, -0.710205, -0.305176, -2.441407, -0.976562,Sitting
1778345, -0.232544, -0.670776, -0.716187, -0.061035, -1.892090, -1.159668,Sitting
1778365, -0.227661, -0.667969, -0.712158, -0.183105, -1.525878, -1.159668,Sitting
1778385, -0.228638, -0.667358, -0.700928, -0.305176, -2.136231, -0.915527,Sitting
1778405, -0.237915, -0.682251, -0.707398, 0.427246, -0.610352, -1.892090,Sitting
1778425, -0.247192, -0.688599, -0.723511, 1.037598, 2.014160, -1.403808,Sitting
1778445, -0.232300, -0.671265, -0.728272, 1.220704, 3.417968, -1.953124,Sitting
1778465, -0.208374, -0.659180, -0.709595, 0.549316, 3.967285, -1.525878,Sitting
1778485, -0.171021, -0.643066, -0.703980, 0.854492, 1.403808, -1.098633,Sitting
1778505, -0.192627, -0.644165, -0.705200, 0.305176, 1.159668, -0.122070,Sitting
1778525, -0.179932, -0.662354, -0.702148, 0.244141, -0.488281, -0.061035,Sitting
1778545, -0.198853, -0.691162, -0.692017, 0.671386, -2.258301, -0.610352,Sitting
1778565, -0.205200, -0.709839, -0.680664, 0.366211, -3.051757, -0.854492,Sitting
1778585, -0.214844, -0.709229, -0.684448, 0.183105, -2.746581, -0.427246,Sitting
1778605, -0.214966, -0.697022, -0.695435, -0.244141, -3.295898, -0.793457,Sitting
1778625, -0.224609, -0.679688, -0.708130, 0.122070, -1.098633, -0.549316,Sitting
1778645, -0.219849, -0.663940, -0.717529, -0.488281, -1.647949, -1.220704,Sitting
1778665, -0.232910, -0.651978, -0.721558, -0.793457, -2.075196, -1.770019,Sitting
1778685, -0.231079, -0.656616, -0.713257, -1.159668, -2.929687, -0.244141,Sitting
1778705, -0.223755, -0.661011, -0.707276, -1.403808, -3.234863, -0.732422,Sitting
1778725, -0.232666, -0.671143, -0.714966, -1.586914, -2.136231, -0.976562,Sitting
1778745, -0.232422, -0.670532, -0.720459, -1.220704, -1.281738, -0.183105,Sitting
1778765, -0.236450, -0.664551, -0.714356, -0.793457, -1.037598, -0.549316,Sitting
1778785, -0.229370, -0.669922, -0.705200, -0.244141, 0.183105, -0.488281,Sitting
1778805, -0.206421, -0.668701, -0.699829, -0.122070, 0.549316, -0.549316,Sitting
1778825, -0.187988, -0.664795, -0.704712, 0.244141, -0.305176, -0.732422,Sitting
1778845, -0.228394, -0.678223, -0.713501, 0.488281, -0.122070, -0.549316,Sitting
1778865, -0.215210, -0.673096, -0.709106, 1.281738, -0.244141, -0.854492,Sitting
1778885, -0.193481, -0.684204, -0.705078, 0.305176, -1.770019, -0.488281,Sitting
1778905, -0.213867, -0.678955, -0.704224, 0.549316, -1.953124, -0.244141,Sitting
1778925, -0.213257, -0.677002, -0.702148, -0.244141, -1.220704, -0.488281,Sitting
1778945, -0.235352, -0.671631, -0.704102, -0.122070, -1.403808, -0.732422,Sitting
1778965, -0.227173, -0.669068, -0.707031, 0.061035, -1.159668, -0.366211,Sitting
1778985, -0.225952, -0.660278, -0.707764, 0.244141, -0.610352, 0.305176,Sitting
1779005, -0.230835, -0.662598, -0.717407, 1.220704, -0.549316, 0.061035,Sitting
1779025, -0.232666, -0.667480, -0.710083, 1.342773, 0.366211, -0.549316,Sitting
1779045, -0.221924, -0.674072, -0.703491, 1.342773, 0.427246, -1.403808,Sitting
1779065, -0.221314, -0.676270, -0.705566, 0.549316, 1.342773, 0.793457,Sitting
1779085, -0.197144, -0.671631, -0.710083, 0.671386, -1.220704, -1.281738,Sitting
1779105, -0.216919, -0.684204, -0.706665, 0.549316, -2.807617, -0.610352,Sitting
1779125, -0.216553, -0.674561, -0.703858, 0.061035, -1.525878, -0.122070,Sitting
1779145, -0.218384, -0.677979, -0.700684, -0.305176, -0.549316, -0.732422,Sitting
1779165, -0.208618, -0.679810, -0.702881, -0.366211, -1.831054, -1.098633,Sitting
1779185, -0.221558, -0.676514, -0.704102, -0.427246, -2.441407, -0.976562,Sitting
1779205, -0.227783, -0.666870, -0.703858, -0.183105, -0.854492, -1.037598,Sitting
1779225, -0.226196, -0.670288, -0.705322, -0.366211, -0.183105, -0.427246,Sitting
1779245, -0.220337, -0.669922, -0.705200, 0.305176, 0.183105, -0.549316,Sitting
1779265, -0.209961, -0.673218, -0.707642, 0.000000, -0.305176, -0.915527,Sitting
1779285, -0.215088, -0.673828, -0.710816, 0.000000, -1.586914, -0.427246,Sitting
1779305, -0.225586, -0.674316, -0.708374, 0.122070, -1.159668, -0.427246,Sitting
1779325, -0.218140, -0.669800, -0.702881, -0.122070, -0.671386, -0.427246,Sitting
1779345, -0.217285, -0.669190, -0.706055, 0.366211, -1.281738, -0.244141,Sitting
1779365, -0.228516, -0.667847, -0.712524, 0.488281, -1.342773, -0.244141,Sitting
1779385, -0.234131, -0.668701, -0.710205, 0.854492, -0.915527, 0.000000,Sitting
1779405, -0.220459, -0.668945, -0.708008, 0.488281, -0.061035, 0.244141,Sitting
1779425, -0.220337, -0.667480, -0.707276, 0.793457, -0.488281, 0.122070,Sitting
1779445, -0.223877, -0.669922, -0.704956, 0.671386, -1.037598, -0.488281,Sitting
1779465, -0.230591, -0.672852, -0.703369, 0.549316, -0.549316, -0.244141,Sitting
1779485, -0.219727, -0.672486, -0.704346, -0.915527, -0.732422, -0.793457,Sitting
1779505, -0.216064, -0.682007, -0.706421, 0.305176, -0.488281, -0.122070,Sitting
1779525, -0.213745, -0.673706, -0.707642, 0.305176, -0.488281, -0.549316,Sitting
1779545, -0.217041, -0.678833, -0.706909, 0.488281, -0.732422, -0.793457,Sitting
1779565, -0.215820, -0.671143, -0.705078, 0.488281, -0.671386, -0.671386,Sitting
1779585, -0.221680, -0.673340, -0.706909, 0.671386, -0.305176, -0.610352,Sitting
1779605, -0.223267, -0.673218, -0.704590, 0.549316, 0.122070, -0.915527,Sitting
1779625, -0.214111, -0.677979, -0.706787, 0.610352, 0.366211, -0.305176,Sitting
1779645, -0.213989, -0.675904, -0.707764, 0.610352, -0.427246, -0.488281,Sitting
1779665, -0.224365, -0.679688, -0.702759, 0.366211, -0.305176, -0.732422,Sitting
1779685, -0.222534, -0.676148, -0.702393, 0.122070, -0.122070, -0.732422,Sitting
1779705, -0.215698, -0.671875, -0.703125, 0.244141, -0.122070, -0.854492,Sitting
1779725, -0.213013, -0.669312, -0.709229, 0.244141, -1.525878, -0.732422,Sitting
1779745, -0.230713, -0.670288, -0.707154, 0.061035, -1.220704, -0.488281,Sitting
1779765, -0.222656, -0.667236, -0.707886, 0.183105, -1.281738, -0.427246,Sitting
1779785, -0.226196, -0.671143, -0.701294, 0.061035, -1.159668, -0.732422,Sitting
1779805, -0.222046, -0.672363, -0.706299, 0.366211, -1.220704, -0.610352,Sitting
1779825, -0.223633, -0.673706, -0.706299, 0.061035, -0.854492, -0.488281,Sitting
1779845, -0.230469, -0.680054, -0.703980, 0.305176, 0.244141, -1.037598,Sitting
1779865, -0.220093, -0.670654, -0.704224, 0.183105, 0.854492, -0.427246,Sitting
1779885, -0.201782, -0.682617, -0.704468, 0.549316, -1.342773, -0.244141,Sitting
1779905, -0.215576, -0.674805, -0.704346, 0.305176, -1.220704, -0.122070,Sitting
1779925, -0.217163, -0.675415, -0.705078, 0.610352, -0.244141, -0.366211,Sitting
1779945, -0.217407, -0.676148, -0.704834, 0.244141, -0.915527, -0.610352,Sitting
1779965, -0.212158, -0.676514, -0.702637, 0.122070, -1.708984, -0.488281,Sitting
1779985, -0.221924, -0.675904, -0.707154, 0.122070, -1.647949, -0.061035,Sitting
1780005, -0.220215, -0.670654, -0.703980, 0.183105, -0.793457, -0.732422,Sitting
1780025, -0.225586, -0.678223, -0.708862, -0.305176, -0.427246, 0.427246,Sitting
1780045, -0.225098, -0.665283, -0.707520, 0.244141, -1.037598, -1.037598,Sitting
1780065, -0.204956, -0.682739, -0.701782, -0.366211, -1.098633, -0.549316,Sitting
1780085, -0.225464, -0.669800, -0.707276, 0.000000, -1.342773, 0.061035,Sitting
1780105, -0.220093, -0.676514, -0.703613, 0.061035, -0.671386, -0.122070,Sitting
1780125, -0.222168, -0.669678, -0.703491, -0.061035, -0.671386, -0.305176,Sitting
1780145, -0.213013, -0.674316, -0.704712, 0.244141, -1.159668, -0.671386,Sitting
1780165, -0.220215, -0.672974, -0.704590, 0.122070, -1.220704, -0.061035,Sitting
1780185, -0.224243, -0.672241, -0.704102, 0.305176, -1.159668, -0.488281,Sitting
1780205, -0.226074, -0.677734, -0.705811, 0.366211, -0.732422, -0.549316,Sitting
1780225, -0.222534, -0.677368, -0.704468, 0.183105, -0.366211, -0.183105,Sitting
1780245, -0.220459, -0.676026, -0.703003, 0.244141, -0.610352, -0.244141,Sitting
1780265, -0.217529, -0.677979, -0.705322, -0.122070, -1.220704, -0.610352,Sitting
1780285, -0.222778, -0.668945, -0.707520, 0.732422, -1.342773, -0.732422,Sitting
1780305, -0.226929, -0.677612, -0.698730, 0.427246, -0.915527, -0.427246,Sitting
1780325, -0.230469, -0.678589, -0.702026, 0.244141, 0.122070, -0.366211,Sitting
1780345, -0.221802, -0.675537, -0.701904, -0.183105, 0.427246, -0.305176,Sitting
1780365, -0.214722, -0.673584, -0.707642, 0.366211, -0.549316, -0.610352,Sitting
1780385, -0.221680, -0.675904, -0.708862, 0.366211, -1.220704, -0.427246,Sitting
1780405, -0.228516, -0.677979, -0.703613, 0.122070, -0.488281, -0.122070,Sitting
1780425, -0.223389, -0.671997, -0.704834, 0.061035, 0.122070, -0.488281,Sitting
1780445, -0.218628, -0.665039, -0.710816, 0.122070, 0.122070, -0.671386,Sitting
1780465, -0.222290, -0.667603, -0.711670, 0.244141, -0.122070, -0.854492,Sitting
1780485, -0.223999, -0.669312, -0.708130, 0.183105, -0.061035, -0.854492,Sitting
1780505, -0.221069, -0.671509, -0.705688, 0.061035, 0.244141, -0.915527,Sitting
1780525, -0.223633, -0.673218, -0.707764, 0.122070, 0.488281, -0.793457,Sitting
1780545, -0.224365, -0.676392, -0.705688, 0.244141, 0.732422, -0.976562,Sitting
1780565, -0.219849, -0.677612, -0.700928, -0.061035, 1.037598, -0.793457,Sitting
1780585, -0.206055, -0.674561, -0.704590, 0.366211, 0.122070, -0.732422,Sitting
1780605, -0.210571, -0.669556, -0.705811, 0.061035, -0.976562, -0.549316,Sitting
1780625, -0.225342, -0.676758, -0.702637, 0.305176, -0.427246, -0.671386,Sitting
1780645, -0.216919, -0.675049, -0.704224, 0.061035, -0.305176, -0.732422,Sitting
1780665, -0.213867, -0.678955, -0.705811, -0.061035, -0.549316, -0.732422,Sitting
1780685, -0.219482, -0.680298, -0.704468, -0.183105, -0.854492, -0.427246,Sitting
1780705, -0.219605, -0.680054, -0.703003, -0.549316, -0.549316, -0.488281,Sitting
1780725, -0.216675, -0.676514, -0.705078, -0.427246, -0.122070, -0.366211,Sitting
1780745, -0.206787, -0.674072, -0.704102, -0.671386, 0.000000, -0.244141,Sitting
1780765, -0.206787, -0.668457, -0.712158, -0.183105, -0.915527, -0.671386,Sitting
1780785, -0.216553, -0.671143, -0.711548, -0.061035, -1.037598, -1.281738,Sitting
1780805, -0.221924, -0.674683, -0.705688, 0.061035, -0.305176, -0.610352,Sitting
1780825, -0.216675, -0.671265, -0.704346, -0.061035, 0.061035, -0.549316,Sitting
1780845, -0.212402, -0.673462, -0.706909, 0.122070, -0.793457, -0.244141,Sitting
1780865, -0.218872, -0.658814, -0.712524, 0.366211, -1.953124, -2.502442,Sitting
1780885, -0.230591, -0.681641, -0.707764, 0.549316, -1.220704, -0.061035,Sitting
1780905, -0.230591, -0.659546, -0.706665, 0.000000, 0.061035, 0.000000,Sitting
1780925, -0.223633, -0.672852, -0.708252, 0.793457, 0.061035, -0.976562,Sitting
1780945, -0.214966, -0.671631, -0.706177, 0.305176, -0.427246, -0.427246,Sitting
1780965, -0.212891, -0.669800, -0.707642, 0.366211, -0.854492, -0.793457,Sitting
1780985, -0.218384, -0.673096, -0.709595, 0.427246, -0.732422, -0.549316,Sitting
1781005, -0.210449, -0.674683, -0.708130, 0.366211, -0.976562, -0.610352,Sitting
1781025, -0.214111, -0.674805, -0.706177, 0.366211, -1.342773, -0.732422,Sitting
1781045, -0.211426, -0.674805, -0.705566, 0.244141, -1.403808, -0.244141,Sitting
1781065, -0.216675, -0.672119, -0.707886, 0.122070, -1.281738, -0.610352,Sitting
1781085, -0.225220, -0.675293, -0.706787, 0.732422, -0.976562, -0.854492,Sitting
1781105, -0.224487, -0.675659, -0.703980, 0.366211, 0.244141, -0.488281,Sitting
1781125, -0.213867, -0.673950, -0.701904, 0.244141, 0.305176, -0.793457,Sitting
1781145, -0.210815, -0.677246, -0.703858, 0.366211, -0.183105, -0.610352,Sitting
1781165, -0.210449, -0.677490, -0.705200, -0.061035, -0.610352, -0.488281,Sitting
1781185, -0.210449, -0.680298, -0.704712, 0.061035, -0.793457, -0.610352,Sitting
1781205, -0.210205, -0.680298, -0.703980, -0.488281, -0.732422, -0.305176,Sitting
1781225, -0.209229, -0.674194, -0.707764, 0.061035, -1.342773, -0.854492,Sitting
1781245, -0.217651, -0.673584, -0.708252, -0.122070, -0.854492, -0.366211,Sitting
1781265, -0.217529, -0.666016, -0.710694, 0.061035, -0.854492, -0.671386,Sitting
1781285, -0.221191, -0.671387, -0.705566, -0.061035, -0.976562, -0.305176,Sitting
1781305, -0.223389, -0.667603, -0.706421, 0.122070, -0.854492, -0.915527,Sitting
1781325, -0.224731, -0.673950, -0.709229, 0.244141, -0.427246, -0.854492,Sitting
1781345, -0.219849, -0.673706, -0.708618, 0.183105, -0.427246, -0.488281,Sitting
1781365, -0.220947, -0.674805, -0.703980, 0.061035, -0.061035, -0.488281,Sitting
1781385, -0.207520, -0.671875, -0.704468, 0.305176, -0.122070, -0.854492,Sitting
1781405, -0.210693, -0.674805, -0.707276, 0.488281, -0.610352, -0.671386,Sitting
1781425, -0.218262, -0.676026, -0.707276, 0.549316, -0.793457, -0.915527,Sitting
1781445, -0.219482, -0.679444, -0.704590, 0.549316, -0.122070, -0.427246,Sitting
1781465, -0.211670, -0.671997, -0.705200, 0.061035, 0.549316, -0.671386,Sitting
1781485, -0.211182, -0.674072, -0.707764, 0.671386, -0.671386, -1.037598,Sitting
1781505, -0.224976, -0.672241, -0.704224, 0.305176, -0.793457, -0.732422,Sitting
1781525, -0.214966, -0.676148, -0.702637, 0.122070, -0.244141, -0.488281,Sitting
1781545, -0.214844, -0.675659, -0.704590, -0.244141, 0.122070, -0.122070,Sitting
1781565, -0.203369, -0.669190, -0.712646, 0.732422, -1.342773, -1.525878,Sitting
1781585, -0.220337, -0.678345, -0.708252, -0.305176, -0.915527, -0.488281,Sitting
1781605, -0.213257, -0.671631, -0.710327, 0.793457, -1.159668, -0.305176,Sitting
1781625, -0.215576, -0.671021, -0.702271, -0.305176, -0.549316, -0.976562,Sitting
1781645, -0.216187, -0.677490, -0.708984, 0.732422, -1.098633, -0.061035,Sitting
1781665, -0.216431, -0.668213, -0.705078, 0.061035, -0.610352, -1.037598,Sitting
1781685, -0.220947, -0.683716, -0.702759, 0.305176, -0.793457, -0.671386,Sitting
1781705, -0.211670, -0.676392, -0.705688, -0.061035, -0.793457, 0.000000,Sitting
1781725, -0.202881, -0.671875, -0.710938, 0.061035, -1.037598, -0.610352,Sitting
1781745, -0.220093, -0.676880, -0.706299, 0.000000, -1.037598, -0.793457,Sitting
1781765, -0.216309, -0.676270, -0.708862, 0.305176, -0.915527, -0.427246,Sitting
1781785, -0.211914, -0.674561, -0.705200, -0.122070, -0.122070, -0.122070,Sitting
1781805, -0.215820, -0.673218, -0.704468, 0.244141, -0.854492, -0.488281,Sitting
1781825, -0.210571, -0.672608, -0.707520, 0.000000, -1.037598, -0.732422,Sitting
1781845, -0.226440, -0.674438, -0.704712, -0.122070, -0.610352, -0.671386,Sitting
1781865, -0.212402, -0.673706, -0.703858, -0.305176, -0.488281, -0.305176,Sitting
1781885, -0.214478, -0.669556, -0.706543, -0.183105, -0.793457, -0.671386,Sitting
1781905, -0.218140, -0.676636, -0.709106, 0.122070, -1.281738, -0.854492,Sitting
1781925, -0.221069, -0.675171, -0.705078, -0.061035, -0.732422, -0.671386,Sitting
1781945, -0.222534, -0.677368, -0.704956, -0.854492, -0.427246, -0.854492,Sitting
1781965, -0.205322, -0.673340, -0.708374, 0.976562, -1.342773, -1.159668,Sitting
1781985, -0.218628, -0.673462, -0.707642, -0.976562, -0.854492, 0.732422,Sitting
1782005, -0.213989, -0.667236, -0.705688, 0.366211, -1.037598, -1.159668,Sitting
1782025, -0.213989, -0.677124, -0.708008, -0.122070, -1.281738, -0.915527,Sitting
1782045, -0.218384, -0.671265, -0.710327, 0.061035, -1.098633, -0.610352,Sitting
1782065, -0.217896, -0.671143, -0.708130, 0.061035, -0.732422, -0.610352,Sitting
1782085, -0.213379, -0.671265, -0.707398, 0.000000, -0.854492, -0.183105,Sitting
1782105, -0.217041, -0.673706, -0.707398, 0.183105, -1.464844, -0.793457,Sitting
1782125, -0.216431, -0.675904, -0.704712, 0.000000, -1.403808, -0.610352,Sitting
1782145, -0.216309, -0.673462, -0.707764, 0.000000, -1.098633, -0.305176,Sitting
1782165, -0.216431, -0.673828, -0.709595, 0.183105, -0.915527, -0.671386,Sitting
1782185, -0.217651, -0.673828, -0.706909, 0.244141, -0.915527, -0.671386,Sitting
1782205, -0.213989, -0.675659, -0.705200, 0.183105, -0.915527, -0.610352,Sitting
1782225, -0.215698, -0.673584, -0.706543, 0.305176, -1.037598, -0.915527,Sitting
1782245, -0.214111, -0.678955, -0.704102, 0.122070, -0.854492, -0.427246,Sitting
1782265, -0.219482, -0.673096, -0.706299, 0.122070, -0.732422, -0.549316,Sitting
1782285, -0.215454, -0.677246, -0.704346, 0.061035, -0.671386, -0.427246,Sitting
1782305, -0.212280, -0.672119, -0.704468, -0.122070, -0.915527, -0.366211,Sitting
1782325, -0.215942, -0.673462, -0.709106, 0.122070, -1.159668, -0.488281,Sitting
1782345, -0.217285, -0.672363, -0.710083, 0.122070, -1.220704, -0.366211,Sitting
1782365, -0.224487, -0.672730, -0.707154, 0.244141, -1.098633, -0.610352,Sitting
1782385, -0.219605, -0.672730, -0.704834, 0.061035, -0.549316, -0.427246,Sitting
1782405, -0.218872, -0.670288, -0.709961, 0.000000, -0.366211, -0.488281,Sitting
1782425, -0.221680, -0.670166, -0.708252, 0.244141, -0.549316, -0.549316,Sitting
1782445, -0.217041, -0.673218, -0.704956, 0.366211, -0.488281, -0.549316,Sitting
1782465, -0.210205, -0.675781, -0.707398, 0.305176, -0.732422, -0.549316,Sitting
1782485, -0.209351, -0.674438, -0.707520, 0.061035, -1.159668, -0.427246,Sitting
1782505, -0.215576, -0.674561, -0.710938, 0.122070, -1.403808, -0.366211,Sitting
1782525, -0.218750, -0.671875, -0.708618, 0.183105, -0.915527, -0.549316,Sitting
1782545, -0.221680, -0.674194, -0.707154, 0.244141, -0.427246, -0.671386,Sitting
1782565, -0.219727, -0.674561, -0.707276, 0.366211, -0.061035, -0.671386,Sitting
1782585, -0.216431, -0.673462, -0.704956, 0.366211, 0.000000, -0.793457,Sitting
1782605, -0.215088, -0.675293, -0.703858, 0.183105, -0.488281, -0.671386,Sitting
1782625, -0.214966, -0.677490, -0.701416, 0.061035, -0.732422, -0.488281,Sitting
1782645, -0.219116, -0.675904, -0.707764, 0.183105, -0.732422, -0.732422,Sitting
1782665, -0.217651, -0.678101, -0.705444, -0.061035, -0.732422, -0.244141,Sitting
1782685, -0.213013, -0.671021, -0.705811, -0.122070, -0.793457, -0.427246,Sitting
1782705, -0.214233, -0.672608, -0.708130, 0.122070, -1.159668, -1.037598,Sitting
1782725, -0.221069, -0.670532, -0.708618, 0.244141, -1.037598, -0.488281,Sitting
1782745, -0.221680, -0.671143, -0.707398, 0.305176, -0.488281, -0.549316,Sitting
1782765, -0.216187, -0.675781, -0.705078, 0.122070, -0.366211, -0.610352,Sitting
1782785, -0.214478, -0.674561, -0.709717, 0.000000, -0.671386, -0.549316,Sitting
1782805, -0.212402, -0.673950, -0.707276, 0.000000, -0.732422, -0.427246,Sitting
1782825, -0.214111, -0.673828, -0.707642, 0.122070, -1.037598, -0.549316,Sitting
1782845, -0.215820, -0.673706, -0.706665, 0.244141, -0.976562, -0.488281,Sitting
1782865, -0.220947, -0.673462, -0.706177, 0.122070, -0.610352, -0.610352,Sitting
1782885, -0.218628, -0.671753, -0.708008, 0.183105, -0.427246, -0.549316,Sitting
1782905, -0.218750, -0.671997, -0.706787, 0.305176, -0.488281, -0.732422,Sitting
1782925, -0.216919, -0.673828, -0.705078, 0.183105, -0.671386, -0.671386,Sitting
1782945, -0.216431, -0.672730, -0.705811, 0.122070, -0.671386, -0.549316,Sitting
1782965, -0.216919, -0.673706, -0.706177, 0.122070, -0.732422, -0.549316,Sitting
1782985, -0.216675, -0.674316, -0.705566, 0.122070, -0.671386, -0.488281,Sitting
1783005, -0.214111, -0.673584, -0.706177, 0.244141, -0.671386, -0.610352,Sitting
1783025, -0.213257, -0.676880, -0.708130, 0.183105, -0.671386, -0.610352,Sitting
1783045, -0.212524, -0.675293, -0.706055, 0.122070, -0.793457, -0.488281,Sitting
1783065, -0.210815, -0.673706, -0.704590, 0.122070, -1.281738, -0.427246,Sitting
1783085, -0.217651, -0.673828, -0.707398, 0.000000, -1.647949, -0.366211,Sitting
1783105, -0.222656, -0.672974, -0.707276, -0.183105, -1.403808, -0.427246,Sitting
1783125, -0.220947, -0.671509, -0.706787, -0.305176, -0.854492, -0.244141,Sitting
1783145, -0.221924, -0.671875, -0.710571, 0.122070, -0.793457, -0.183105,Sitting
1783165, -0.209961, -0.671753, -0.703003, -0.183105, -0.854492, -0.183105,Sitting
1783185, -0.219360, -0.675415, -0.705322, 0.366211, -1.281738, -0.488281,Sitting
1783205, -0.212891, -0.677246, -0.708618, 0.122070, -1.281738, -0.366211,Sitting
1783225, -0.218018, -0.669556, -0.707398, -0.366211, -1.403808, -0.122070,Sitting
1783245, -0.220703, -0.670166, -0.710083, 0.122070, -1.464844, -0.305176,Sitting
1783265, -0.217896, -0.673096, -0.707276, 0.183105, -1.464844, -0.427246,Sitting
1783285, -0.226318, -0.674438, -0.707764, 0.000000, -0.549316, -0.549316,Sitting
1783305, -0.225586, -0.673218, -0.710083, 0.305176, -0.061035, -0.366211,Sitting
1783325, -0.210815, -0.673096, -0.703736, 0.122070, 0.000000, -0.366211,Sitting
1783345, -0.211792, -0.671631, -0.705322, 0.305176, -1.037598, -0.488281,Sitting
1783365, -0.220215, -0.673828, -0.706421, 0.488281, -1.098633, -0.732422,Sitting
1783385, -0.226563, -0.675537, -0.707520, 0.549316, -0.488281, -0.549316,Sitting
1783405, -0.217163, -0.675415, -0.703980, 0.305176, 0.305176, -0.305176,Sitting
1783425, -0.204102, -0.671875, -0.703125, 0.183105, -0.610352, -0.488281,Sitting
1783445, -0.218018, -0.671509, -0.710938, 0.366211, -1.464844, -0.854492,Sitting
1783465, -0.219605, -0.674805, -0.708862, 0.244141, -1.464844, -0.793457,Sitting
1783485, -0.218262, -0.671265, -0.705811, -0.244141, -0.366211, -0.549316,Sitting
1783505, -0.206787, -0.675293, -0.704102, -0.305176, -1.525878, -0.793457,Sitting
1783525, -0.221680, -0.669678, -0.710449, 0.000000, -2.075196, -1.098633,Sitting
1783545, -0.232422, -0.674438, -0.708984, -0.244141, -0.671386, -1.098633,Sitting
1783565, -0.223022, -0.672363, -0.705566, -0.183105, -0.061035, -1.098633,Sitting
1783585, -0.212036, -0.673340, -0.703491, -0.122070, -0.366211, -0.732422,Sitting
1783605, -0.219360, -0.671143, -0.705811, 0.305176, -1.098633, -0.976562,Sitting
1783625, -0.226807, -0.673828, -0.706665, 0.061035, -0.732422, -0.793457,Sitting
1783645, -0.217407, -0.673218, -0.705444, 0.366211, -0.122070, -0.305176,Sitting
1783665, -0.210693, -0.668945, -0.709595, 0.427246, -0.549316, -0.366211,Sitting
1783685, -0.218872, -0.676758, -0.709717, 0.671386, -0.854492, -0.549316,Sitting
1783705, -0.220337, -0.676026, -0.706909, 0.671386, -0.366211, -0.183105,Sitting
1783726, -0.213989, -0.673340, -0.704834, 0.427246, -0.122070, 0.000000,Sitting
1783746, -0.215332, -0.670044, -0.705200, 0.305176, -0.427246, -0.244141,Sitting
1783766, -0.214478, -0.669556, -0.708130, 0.671386, -0.671386, -0.427246,Sitting
1783786, -0.225220, -0.672363, -0.709473, 0.488281, 0.000000, -0.915527,Sitting
1783806, -0.218994, -0.677490, -0.707276, 0.671386, 0.549316, -0.793457,Sitting
1783826, -0.206787, -0.674316, -0.707031, 0.488281, -0.610352, -0.488281,Sitting
1783846, -0.223633, -0.672974, -0.707520, 0.366211, -0.488281, -0.732422,Sitting
1783866, -0.219971, -0.673462, -0.705078, 1.037598, -0.244141, -1.098633,Sitting
1783886, -0.222290, -0.675781, -0.704956, 0.427246, -0.183105, 0.061035,Sitting
1783906, -0.209351, -0.672730, -0.703247, 0.732422, 0.427246, -1.586914,Sitting
1783926, -0.210083, -0.682984, -0.704590, 0.122070, -0.732422, -0.488281,Sitting
1783946, -0.215698, -0.678223, -0.702759, 0.244141, -1.037598, -0.610352,Sitting
1783966, -0.214844, -0.678101, -0.705444, -0.305176, -0.671386, -0.915527,Sitting
1783986, -0.210938, -0.678345, -0.709473, -0.061035, -0.976562, 0.244141,Sitting
1784006, -0.222656, -0.666748, -0.710083, -0.061035, -0.671386, -1.098633,Sitting
1784026, -0.220215, -0.677856, -0.707642, 0.305176, -0.488281, -1.037598,Sitting
1784046, -0.222290, -0.669434, -0.703980, -0.183105, 0.366211, 0.122070,Sitting
1784066, -0.213501, -0.666870, -0.707886, 0.671386, 0.305176, -0.976562,Sitting
1784086, -0.211548, -0.676514, -0.704834, 0.427246, -0.366211, -0.854492,Sitting
1784106, -0.219971, -0.676148, -0.703125, 0.244141, -0.549316, -0.732422,Sitting
1784126, -0.213013, -0.681641, -0.703491, -0.061035, 0.244141, -0.305176,Sitting
1784146, -0.201050, -0.671265, -0.707764, -0.122070, -0.366211, -0.427246,Sitting
1784166, -0.212280, -0.675415, -0.710694, 0.122070, -1.037598, -1.037598,Sitting
1784186, -0.212647, -0.674805, -0.706299, 0.061035, -0.976562, -0.976562,Sitting
1784206, -0.223633, -0.676270, -0.704712, -1.098633, -0.183105, -0.366211,Sitting
1784226, -0.201294, -0.668579, -0.707398, 1.464844, -1.037598, -1.403808,Sitting
1784246, -0.216553, -0.672486, -0.707154, -0.549316, -0.793457, -0.122070,Sitting
1784266, -0.222900, -0.672241, -0.702515, 1.220704, -0.671386, -0.732422,Sitting
1784286, -0.223877, -0.671387, -0.705200, 0.793457, 0.305176, -0.732422,Sitting
1784306, -0.212402, -0.675293, -0.707886, 1.220704, 0.488281, -0.671386,Sitting
1784326, -0.208496, -0.678467, -0.702515, 0.854492, -0.488281, -0.488281,Sitting
1784346, -0.218872, -0.689331, -0.694092, -0.122070, -2.014160, -0.061035,Sitting
1784366, -0.218262, -0.681519, -0.700684, -0.122070, -0.976562, -0.793457,Sitting
1784386, -0.215820, -0.680298, -0.716431, -0.427246, 1.281738, 0.610352,Sitting
1784406, -0.205933, -0.659790, -0.723633, 0.732422, 1.220704, 0.061035,Sitting
1784426, -0.198364, -0.664673, -0.718628, 1.586914, -0.427246, -0.671386,Sitting
1784446, -0.205811, -0.661499, -0.709839, 1.770019, -1.770019, 0.122070,Sitting
1784466, -0.213379, -0.665161, -0.704102, 1.586914, -2.136231, 0.427246,Sitting
1784486, -0.216919, -0.672852, -0.705322, 0.854492, -1.708984, 0.915527,Sitting
1784506, -0.214355, -0.681030, -0.705688, -0.366211, -1.281738, 0.793457,Sitting
1784526, -0.199341, -0.698730, -0.691772, -1.586914, -3.234863, 0.488281,Sitting
1784546, -0.183105, -0.706543, -0.682373, -3.601074, -6.408690, 0.793457,Sitting
1784566, -0.198730, -0.689575, -0.703003, -3.662109, -9.399414, 0.732422,Sitting
1784586, -0.226807, -0.676270, -0.709595, -2.624511, -8.483890, 0.549316,Sitting
1784606, -0.241821, -0.669800, -0.704590, -1.342773, -5.981444, 0.793457,Sitting
1784626, -0.225586, -0.644898, -0.718872, 0.610352, -3.051757, 0.549316,Sitting
1784646, -0.238159, -0.651734, -0.718994, 1.770019, -0.488281, -0.610352,Sitting
1784666, -0.238525, -0.658936, -0.710205, 2.136231, -0.183105, -1.098633,Sitting
1784686, -0.247803, -0.668457, -0.702393, 1.464844, -0.122070, -1.098633,Sitting
1784706, -0.246094, -0.667358, -0.704224, 0.854492, -0.671386, -1.281738,Sitting
1784726, -0.254761, -0.669068, -0.709717, 0.305176, -0.122070, -1.403808,Sitting
1784746, -0.260010, -0.666260, -0.713867, 0.488281, 0.671386, -1.892090,Sitting
1784766, -0.262085, -0.657959, -0.707398, 0.366211, 2.014160, -1.708984,Sitting
1784786, -0.244629, -0.652954, -0.704102, 1.586914, 3.845214, -2.197266,Sitting
1784806, -0.223267, -0.668335, -0.698364, 1.831054, 3.601074, -2.502442,Sitting
1784826, -0.210815, -0.686524, -0.695068, 0.915527, 2.441407, -2.258301,Sitting
1784846, -0.183228, -0.705933, -0.692261, -2.685546, -2.319336, -1.037598,Sitting
1784866, -0.188721, -0.690552, -0.701294, -3.906249, -4.760742, -0.793457,Sitting
1784886, -0.209717, -0.695435, -0.706787, -2.380371, -5.187988, -0.244141,Sitting
1784906, -0.203613, -0.674927, -0.702759, -1.525878, -5.493162, -0.122070,Sitting
1784926, -0.229370, -0.671265, -0.700684, -0.671386, -4.821778, -0.671386,Sitting
1784946, -0.248169, -0.669678, -0.698975, 0.915527, -2.319336, -1.770019,Sitting
1784966, -0.240356, -0.674438, -0.702026, 1.647949, 2.258301, -0.854492,Sitting
1784986, -0.212036, -0.676392, -0.709473, 1.647949, 5.065916, -0.732422,Sitting
1785006, -0.187744, -0.681885, -0.704224, 1.770019, 3.417968, -1.342773,Sitting
1785026, -0.190674, -0.681885, -0.703491, 1.525878, -0.671386, -1.464844,Sitting
1785046, -0.207275, -0.680176, -0.703247, 1.159668, -1.403808, -0.915527,Sitting
1785066, -0.220825, -0.675171, -0.710816, 1.159668, -0.793457, 0.305176,Sitting
1785086, -0.217041, -0.667114, -0.714234, 0.854492, 0.427246, 0.305176,Sitting
1785106, -0.200195, -0.656372, -0.716919, 0.610352, -0.183105, -0.427246,Sitting
1785126, -0.227905, -0.668823, -0.716309, 1.525878, -2.685546, -0.915527,Sitting
1785146, -0.229614, -0.666260, -0.697876, 0.793457, -2.685546, -1.342773,Sitting
1785166, -0.260254, -0.676514, -0.697632, 1.770019, -1.281738, -2.136231,Sitting
1785186, -0.252319, -0.662720, -0.702026, 0.976562, 1.953124, -0.549316,Sitting
1785206, -0.240845, -0.663940, -0.715820, 2.563476, 3.234863, -0.671386,Sitting
1785226, -0.205322, -0.673340, -0.702637, 2.563476, 0.244141, -1.403808,Sitting
1785246, -0.219116, -0.670044, -0.706421, 2.685546, -1.037598, -1.403808,Sitting
1785266, -0.236450, -0.676758, -0.707154, 3.051757, 0.366211, -1.342773,Sitting
1785286, -0.234009, -0.682373, -0.695801, 2.380371, 2.807617, -0.061035,Sitting
1785306, -0.217529, -0.681396, -0.692749, 2.685546, 3.112792, -1.342773,Sitting
1785326, -0.209229, -0.690308, -0.695679, 1.586914, 2.380371, -0.549316,Sitting
1785346, -0.203980, -0.678955, -0.702026, 1.159668, 0.976562, -0.549316,Sitting
1785366, -0.206543, -0.686646, -0.697266, 1.037598, -0.061035, -0.122070,Sitting
1785386, -0.209961, -0.690552, -0.692627, 0.488281, 0.183105, 0.671386,Sitting
1785406, -0.201294, -0.696411, -0.692261, 0.366211, 0.244141, 0.183105,Sitting
1785426, -0.192139, -0.690308, -0.697022, 0.061035, 0.061035, 0.244141,Sitting
1785446, -0.208740, -0.685547, -0.708984, 0.976562, -2.075196, -0.915527,Sitting
1785466, -0.221558, -0.689331, -0.698364, 0.061035, -1.525878, -0.244141,Sitting
1785486, -0.216309, -0.685181, -0.689820, 0.427246, -0.427246, -0.793457,Sitting
1785506, -0.206909, -0.685791, -0.694702, -0.671386, 0.061035, -0.366211,Sitting
1785526, -0.213257, -0.679199, -0.697266, -0.305176, -0.915527, -0.366211,Sitting
1785546, -0.232178, -0.677368, -0.707520, -0.305176, -1.281738, -1.098633,Sitting
1785566, -0.243530, -0.677612, -0.701172, -0.488281, 0.061035, -0.549316,Sitting
1785586, -0.212158, -0.674072, -0.696167, -0.549316, 1.525878, -0.793457,Sitting
1785606, -0.204834, -0.676880, -0.701782, -0.183105, 0.854492, -0.976562,Sitting
1785626, -0.206787, -0.683838, -0.699951, 0.244141, -0.183105, -1.403808,Sitting
1785646, -0.216431, -0.692627, -0.692627, -0.610352, -0.366211, -1.098633,Sitting
1785666, -0.205566, -0.685425, -0.701416, -0.915527, 0.305176, -0.488281,Sitting
1785686, -0.197754, -0.673340, -0.707398, -0.915527, -1.037598, -0.366211,Sitting
1785706, -0.204834, -0.670532, -0.706421, -0.854492, -2.136231, -0.549316,Sitting
1785726, -0.213257, -0.670654, -0.705688, -0.488281, -2.502442, -0.427246,Sitting
1785746, -0.206543, -0.676270, -0.703491, -0.427246, -2.685546, -0.427246,Sitting
1785766, -0.210205, -0.677002, -0.704346, -0.671386, -2.990722, -0.122070,Sitting
1785786, -0.224609, -0.674561, -0.709229, -0.732422, -2.258301, -0.610352,Sitting
1785806, -0.227295, -0.677979, -0.707886, -0.610352, -1.037598, -0.549316,Sitting
1785826, -0.203857, -0.673828, -0.703247, -0.732422, -0.122070, -0.305176,Sitting
1785846, -0.202271, -0.678711, -0.702148, -0.427246, -0.427246, -0.732422,Sitting
1785866, -0.211792, -0.685669, -0.704468, -0.244141, -1.098633, -0.427246,Sitting
1785886, -0.213013, -0.682129, -0.700073, -0.915527, -0.854492, 0.122070,Sitting
1785906, -0.200317, -0.683594, -0.701050, -1.220704, -0.976562, 0.427246,Sitting
1785926, -0.189819, -0.675781, -0.705078, -1.098633, -2.075196, 0.305176,Sitting
1785946, -0.201782, -0.674683, -0.708374, -0.915527, -3.906249, 0.000000,Sitting
1785966, -0.221802, -0.674438, -0.703613, -0.793457, -4.150392, 0.427246,Sitting
1785986, -0.229980, -0.669922, -0.700562, -0.061035, -2.868652, -1.159668,Sitting
1786006, -0.223145, -0.684692, -0.700562, -0.122070, -1.220704, -0.305176,Sitting
1786026, -0.223022, -0.678833, -0.696533, -1.586914, -1.647949, -0.427246,Sitting
1786046, -0.229614, -0.683594, -0.697388, 0.854492, -2.868652, -2.136231,Sitting
1786066, -0.238525, -0.685303, -0.699585, -1.770019, -1.464844, 1.342773,Sitting
1786086, -0.227295, -0.663208, -0.703613, -0.427246, -2.136231, 0.854492,Sitting
1786106, -0.227661, -0.657227, -0.716431, -0.427246, -3.784179, -0.427246,Sitting
1786126, -0.229370, -0.662110, -0.714722, 0.244141, -3.540038, -0.915527,Sitting
1786146, -0.229614, -0.670776, -0.709473, 0.244141, -3.967285, -1.037598,Sitting
1786166, -0.226685, -0.670410, -0.705566, -0.305176, -3.845214, -1.281738,Sitting
1786186, -0.209961, -0.675171, -0.705566, -0.305176, -4.150392, -0.793457,Sitting
1786206, -0.213501, -0.670898, -0.695679, -0.610352, -4.943848, -2.075196,Sitting
1786226, -0.213135, -0.687378, -0.705078, 0.671386, -4.089356, -0.122070,Sitting
1786246, -0.219482, -0.682862, -0.708008, -1.525878, -2.014160, 1.342773,Sitting
1786266, -0.203125, -0.679077, -0.703858, -0.427246, -2.624511, -1.403808,Sitting
1786286, -0.215820, -0.684448, -0.703736, -1.281738, -3.051757, -1.586914,Sitting
1786306, -0.229736, -0.675537, -0.705811, -1.342773, -1.586914, -0.793457,Sitting
1786326, -0.216309, -0.661987, -0.711182, -0.671386, -1.098633, -0.610352,Sitting
1786346, -0.225830, -0.659302, -0.710816, -0.854492, -2.258301, -0.061035,Sitting
1786366, -0.227051, -0.653809, -0.713013, 0.366211, -4.028321, -0.610352,Sitting
1786386, -0.253784, -0.659058, -0.710816, 0.122070, -2.685546, 0.427246,Sitting
1786406, -0.248169, -0.663208, -0.700928, 0.915527, -1.647949, -1.281738,Sitting
1786426, -0.240601, -0.681274, -0.693726, 2.563476, -1.647949, -2.624511,Sitting
1786446, -0.244507, -0.702393, -0.690186, -0.366211, -0.549316, 4.150392,Sitting
1786466, -0.235596, -0.656250, -0.699463, 1.098633, -1.220704, 0.732422,Sitting
1786486, -0.222900, -0.684204, -0.697632, 1.281738, -2.319336, -0.915527,Sitting
1786506, -0.237671, -0.675415, -0.699951, 1.525878, -2.197266, 0.244141,Sitting
1786526, -0.245728, -0.685181, -0.695679, 1.586914, -0.488281, 0.122070,Sitting
1786546, -0.223145, -0.683960, -0.692139, 0.488281, -0.061035, 0.305176,Sitting
1786566, -0.216187, -0.682007, -0.693360, 0.488281, -1.953124, -1.220704,Sitting
1786586, -0.222778, -0.685425, -0.695679, 0.488281, -2.502442, -0.671386,Sitting
1786606, -0.234497, -0.683594, -0.700684, -0.305176, -1.098633, 0.488281,Sitting
1786626, -0.228149, -0.677856, -0.704834, 0.000000, -0.610352, -0.610352,Sitting
1786646, -0.216675, -0.682739, -0.702026, -0.671386, -1.525878, -0.854492,Sitting
1786666, -0.223999, -0.672730, -0.702637, -0.549316, -2.502442, -1.037598,Sitting
1786686, -0.235596, -0.671387, -0.698486, -0.488281, -2.136231, -0.854492,Sitting
1786706, -0.245728, -0.671753, -0.699951, 0.000000, -1.708984, -0.854492,Sitting
1786726, -0.249146, -0.675049, -0.696411, 0.122070, -1.220704, -0.671386,Sitting
1786746, -0.252075, -0.672119, -0.698364, 0.549316, -0.671386, 0.183105,Sitting
1786766, -0.227295, -0.659058, -0.714600, 0.488281, 1.647949, 0.244141,Sitting
1786786, -0.209839, -0.657593, -0.724121, 0.244141, 1.586914, 0.183105,Sitting
1786806, -0.207642, -0.657959, -0.715942, 0.305176, -0.549316, -0.549316,Sitting
1786826, -0.231323, -0.668335, -0.704712, 0.549316, -2.685546, -1.464844,Sitting
1786846, -0.241577, -0.670166, -0.702148, 0.610352, -3.662109, -1.525878,Sitting
1786866, -0.247437, -0.674072, -0.698975, 0.549316, -3.051757, -0.671386,Sitting
1786886, -0.252075, -0.668823, -0.699951, 0.366211, -1.892090, 0.549316,Sitting
1786906, -0.251953, -0.665039, -0.696289, 0.610352, -0.732422, 0.671386,Sitting
1786926, -0.249878, -0.667480, -0.696900, 1.342773, 0.061035, 0.122070,Sitting
1786946, -0.243530, -0.679321, -0.698975, 2.197266, 0.366211, 0.000000,Sitting
1786966, -0.240723, -0.685669, -0.694214, 1.647949, 1.159668, 0.000000,Sitting
1786986, -0.215576, -0.692993, -0.694336, 1.403808, -0.366211, 0.305176,Sitting
1787006, -0.221558, -0.687378, -0.695679, 0.305176, -1.220704, 0.488281,Sitting
1787026, -0.225098, -0.683838, -0.695557, 0.488281, -2.441407, -0.488281,Sitting
1787046, -0.236328, -0.680664, -0.696533, -0.732422, -1.525878, 0.000000,Sitting
1787066, -0.225342, -0.675049, -0.700440, 0.122070, -1.586914, -0.915527,Sitting
1787086, -0.233887, -0.676270, -0.697266, -0.915527, -1.525878, -0.549316,Sitting
1787106, -0.240234, -0.676392, -0.691162, 0.366211, -2.197266, -1.281738,Sitting
1787126, -0.253418, -0.680176, -0.692139, -0.671386, -1.403808, -0.915527,Sitting
1787146, -0.254639, -0.680298, -0.696900, -0.183105, 0.244141, 0.671386,Sitting
1787166, -0.235474, -0.664795, -0.706177, -0.427246, 0.915527, -0.183105,Sitting
1787186, -0.228638, -0.672119, -0.708252, 0.061035, -0.183105, -0.488281,Sitting
1787206, -0.232056, -0.668945, -0.696655, 0.244141, -1.464844, -0.915527,Sitting
1787226, -0.242432, -0.672974, -0.692383, 0.305176, -1.586914, -1.403808,Sitting
1787246, -0.265381, -0.691040, -0.681274, 0.610352, -1.586914, 1.464844,Sitting
1787266, -0.276611, -0.669312, -0.689575, 0.976562, 0.549316, 1.770019,Sitting
1787286, -0.236694, -0.658081, -0.730225, 0.305176, 6.835936, 0.793457,Sitting
1787306, -0.161255, -0.649292, -0.740479, -0.671386, 5.371092, -1.220704,Sitting
1787326, -0.176880, -0.673828, -0.700195, 0.610352, -3.234863, -2.014160,Sitting
1787346, -0.249756, -0.688477, -0.676758, 0.915527, -6.469726, -0.793457,Sitting
1787366, -0.266968, -0.695190, -0.680298, 1.220704, -5.065916, -0.549316,Sitting
1787386, -0.262940, -0.689942, -0.695923, 0.305176, -2.624511, 0.366211,Sitting
1787406, -0.261353, -0.667603, -0.708862, -0.366211, 0.488281, 1.525878,Sitting
1787426, -0.238892, -0.654541, -0.700318, 1.586914, 2.014160, -0.427246,Sitting
1787446, -0.224854, -0.674561, -0.695190, 1.892090, 1.525878, -0.488281,Sitting
1787466, -0.217651, -0.690674, -0.699097, 0.976562, 1.098633, 0.366211,Sitting
1787486, -0.197876, -0.686524, -0.709106, -0.549316, -0.244141, 0.366211,Sitting
1787506, -0.197510, -0.678345, -0.704834, -0.854492, -3.479003, -0.610352,Sitting
1787526, -0.216675, -0.676148, -0.694214, -0.854492, -5.676268, -1.037598,Sitting
1787546, -0.246338, -0.670776, -0.695190, -0.854492, -4.455568, 0.122070,Sitting
1787566, -0.260742, -0.661377, -0.708618, -0.183105, -1.770019, -0.061035,Sitting
1787586, -0.251343, -0.668823, -0.705200, -0.183105, -0.488281, -0.244141,Sitting
1787606, -0.235840, -0.673706, -0.694336, 0.549316, -2.136231, -0.732422,Sitting
1787626, -0.242188, -0.677490, -0.695435, 0.427246, -3.540038, 0.183105,Sitting
1787646, -0.259644, -0.675537, -0.694702, 0.366211, -2.441407, 0.732422,Sitting
1787666, -0.262695, -0.679688, -0.692383, 0.732422, -1.525878, 0.854492,Sitting
1787686, -0.239868, -0.677124, -0.690430, -0.061035, -0.671386, 0.976562,Sitting
1787706, -0.226074, -0.670776, -0.696045, 0.000000, -1.647949, 0.793457,Sitting
1787726, -0.248413, -0.680786, -0.701660, 0.793457, -2.563476, 0.549316,Sitting
1787746, -0.261597, -0.682129, -0.702271, 1.708984, -1.770019, -0.244141,Sitting
1787766, -0.270020, -0.685547, -0.695923, 1.281738, 1.403808, 1.098633,Sitting
1787786, -0.252808, -0.668457, -0.692383, 1.586914, 3.662109, 1.037598,Sitting
1787806, -0.234863, -0.657593, -0.704102, 1.647949, 4.699708, 0.000000,Sitting
1787826, -0.216797, -0.657349, -0.703491, 1.586914, 3.479003, 0.244141,Sitting
1787846, -0.223755, -0.672730, -0.691650, 0.610352, 0.671386, -0.122070,Sitting
1787866, -0.232056, -0.692749, -0.689697, -0.183105, -1.892090, -0.183105,Sitting
1787886, -0.244751, -0.687134, -0.688843, -0.732422, -1.770019, 0.305176,Sitting
1787906, -0.252808, -0.691162, -0.689087, -0.610352, -2.380371, 0.000000,Sitting
1787926, -0.269287, -0.690064, -0.687378, -0.732422, -2.441407, -0.671386,Sitting
1787946, -0.259888, -0.690552, -0.693115, -0.183105, -0.427246, 1.159668,Sitting
1787966, -0.265381, -0.658814, -0.695557, -0.915527, 3.295898, -1.464844,Sitting
1787986, -0.246094, -0.680298, -0.698853, -0.427246, 4.760742, 0.976562,Sitting
1788006, -0.220581, -0.638306, -0.707764, -0.183105, 1.770019, -0.915527,Sitting
1788026, -0.239624, -0.661377, -0.708984, 0.854492, -0.488281, -1.220704,Sitting
1788046, -0.241821, -0.670654, -0.704224, 0.549316, 0.305176, 0.305176,Sitting
1788066, -0.235474, -0.687988, -0.694946, 0.061035, 0.915527, 0.244141,Sitting
1788086, -0.231567, -0.686035, -0.694946, -0.915527, -1.831054, -0.915527,Sitting
1788106, -0.244507, -0.687988, -0.690186, -2.075196, -1.098633, 0.183105,Sitting
1788126, -0.246948, -0.672974, -0.691895, -1.770019, -0.488281, -0.671386,Sitting
1788146, -0.240845, -0.673218, -0.698364, -1.464844, -0.854492, -2.441407,Sitting
1788166, -0.244141, -0.671997, -0.706665, -1.647949, -0.610352, -2.075196,Sitting
1788186, -0.243530, -0.662842, -0.709717, -1.342773, 0.061035, -2.197266,Sitting
1788206, -0.237305, -0.666016, -0.702515, -1.281738, 0.244141, -2.136231,Sitting
1788226, -0.236816, -0.664307, -0.696411, -0.732422, -0.183105, -2.075196,Sitting
1788246, -0.239746, -0.675659, -0.695923, -0.732422, -0.610352, -3.356933,Sitting
1788266, -0.242798, -0.686402, -0.697266, -1.220704, -1.647949, -1.464844,Sitting
1788286, -0.234009, -0.665772, -0.703613, -2.136231, -2.685546, -1.159668,Sitting
1788306, -0.234009, -0.652588, -0.717529, -1.220704, -3.295898, -1.037598,Sitting
1788326, -0.236206, -0.642334, -0.723022, 0.244141, -3.723144, -0.854492,Sitting
1788346, -0.250855, -0.655029, -0.716797, 1.159668, -2.319336, -2.319336,Sitting
1788366, -0.246948, -0.666504, -0.704224, 0.488281, 0.488281, -0.976562,Sitting
1788386, -0.223633, -0.659668, -0.708374, 0.366211, 0.549316, -1.037598,Sitting
1788406, -0.214722, -0.671143, -0.705200, 0.061035, -1.953124, -2.075196,Sitting
1788426, -0.224976, -0.673462, -0.700195, -0.061035, -4.089356, -1.525878,Sitting
1788446, -0.245605, -0.682251, -0.693970, -0.610352, -3.845214, -0.671386,Sitting
1788466, -0.236450, -0.673706, -0.695190, -0.549316, -3.234863, -0.732422,Sitting
1788486, -0.246826, -0.674561, -0.704346, 0.183105, -2.746581, -0.122070,Sitting
1788506, -0.245850, -0.669190, -0.699829, 0.488281, -2.075196, -0.122070,Sitting
1788526, -0.248169, -0.675049, -0.698486, 1.525878, -1.281738, 0.427246,Sitting
1788546, -0.258057, -0.673584, -0.696167, 2.258301, -0.244141, 1.770019,Sitting
1788566, -0.250732, -0.672241, -0.694336, 1.708984, 2.624511, 3.173828,Sitting
1788586, -0.204346, -0.660645, -0.718750, 0.976562, 4.394532, 2.441407,Sitting
1788606, -0.167358, -0.655152, -0.737305, -0.244141, 4.455568, 1.525878,Sitting
1788626, -0.160156, -0.656372, -0.729126, -0.061035, -1.647949, 0.000000,Sitting
1788646, -0.208740, -0.680542, -0.696533, 0.671386, -7.873534, -1.098633,Sitting
1788666, -0.253174, -0.704346, -0.675781, 0.183105, -9.887696, 0.000000,Sitting
1788686, -0.279541, -0.697388, -0.674194, -1.159668, -6.958006, 1.647949,Sitting
1788706, -0.269531, -0.679199, -0.694458, -1.037598, -4.699708, 1.953124,Sitting
1788726, -0.287964, -0.655029, -0.703003, -0.122070, -2.807617, 1.281738,Sitting
1788746, -0.289063, -0.651245, -0.700440, 1.586914, -1.098633, 0.854492,Sitting
1788766, -0.281738, -0.662842, -0.699219, 1.831054, 0.183105, 0.549316,Sitting
1788786, -0.260742, -0.678345, -0.694092, 0.793457, 1.037598, 0.854492,Sitting
1788806, -0.229370, -0.682007, -0.688477, -0.244141, 0.305176, 0.366211,Sitting
1788826, -0.223267, -0.686035, -0.692871, -0.854492, -1.831054, 0.061035,Sitting
1788846, -0.233154, -0.686157, -0.696655, -1.159668, -3.173828, 0.305176,Sitting
1788866, -0.244629, -0.673950, -0.695801, -1.953124, -3.173828, 0.488281,Sitting
1788886, -0.235718, -0.658936, -0.700440, -1.708984, -3.540038, 0.854492,Sitting
1788906, -0.246582, -0.653809, -0.705566, -1.098633, -4.455568, 0.061035,Sitting
1788926, -0.256104, -0.659668, -0.704712, -0.366211, -4.821778, -0.244141,Sitting
1788946, -0.278809, -0.667114, -0.702515, 0.000000, -3.784179, 0.793457,Sitting
1788966, -0.262817, -0.665650, -0.705688, 0.000000, -2.136231, 1.770019,Sitting
1788986, -0.264038, -0.658325, -0.703491, 0.427246, -2.746581, 1.037598,Sitting
1789006, -0.283447, -0.659424, -0.700318, 0.061035, -2.136231, 0.976562,Sitting
1789026, -0.280396, -0.666626, -0.696655, 0.183105, -0.671386, 0.793457,Sitting
1789046, -0.258301, -0.662964, -0.702759, -0.244141, 0.488281, 0.976562,Sitting
1789066, -0.254150, -0.667114, -0.703736, 0.305176, -0.183105, 0.305176,Sitting
1789086, -0.256592, -0.672974, -0.695801, 0.488281, -0.671386, -0.122070,Sitting
1789106, -0.260254, -0.677368, -0.693726, 0.244141, -0.183105, 0.305176,Sitting
1789126, -0.242432, -0.672608, -0.694092, -0.244141, 0.061035, 0.854492,Sitting
1789146, -0.242920, -0.672852, -0.698486, -0.122070, -1.220704, 0.427246,Sitting
1789166, -0.257202, -0.673096, -0.700073, -0.183105, -2.380371, 0.061035,Sitting
1789186, -0.267700, -0.670044, -0.695068, -0.610352, -1.403808, 0.427246,Sitting
1789206, -0.268188, -0.662354, -0.697510, -0.366211, -0.549316, 0.366211,Sitting
1789226, -0.270508, -0.660278, -0.699585, -0.366211, -0.793457, 0.305176,Sitting
1789246, -0.272095, -0.657593, -0.698364, -0.427246, -1.464844, 0.427246,Sitting
1789266, -0.272949, -0.659790, -0.695068, -0.549316, -1.525878, 0.183105,Sitting
1789286, -0.271973, -0.664673, -0.698364, -0.366211, -1.098633, 0.488281,Sitting
1789306, -0.268677, -0.664551, -0.699829, -0.488281, -0.793457, 0.183105,Sitting
1789326, -0.266358, -0.667114, -0.699341, -0.610352, -1.281738, 0.305176,Sitting
1789346, -0.258911, -0.659180, -0.701904, -0.854492, -2.075196, 0.366211,Sitting
1789366, -0.263428, -0.658447, -0.702637, -0.976562, -2.502442, -1.586914,Sitting
1789386, -0.266602, -0.672608, -0.698120, -0.427246, -1.831054, 0.610352,Sitting
1789406, -0.274414, -0.653320, -0.698364, -0.244141, -0.854492, -1.098633,Sitting
1789426, -0.257935, -0.673828, -0.704346, -0.671386, -0.854492, -0.244141,Sitting
1789446, -0.259888, -0.661621, -0.704712, -0.793457, -0.976562, 0.122070,Sitting
1789466, -0.260986, -0.660645, -0.700684, -0.732422, -1.525878, -0.793457,Sitting
1789486, -0.260376, -0.655396, -0.704834, -0.671386, -1.953124, -0.610352,Sitting
1789506, -0.272583, -0.656250, -0.703736, -0.427246, -2.319336, -0.854492,Sitting
1789526, -0.273071, -0.656616, -0.698364, -0.549316, -2.014160, -0.305176,Sitting
1789546, -0.274048, -0.649170, -0.705078, -0.549316, -1.647949, 0.000000,Sitting
1789566, -0.274292, -0.654053, -0.708740, 0.000000, -1.525878, -0.610352,Sitting
1789586, -0.272949, -0.654907, -0.704956, -0.122070, -1.708984, -0.671386,Sitting
1789606, -0.273682, -0.657104, -0.701050, 0.244141, -1.892090, -0.427246,Sitting
1789626, -0.275879, -0.654663, -0.701782, 0.427246, -0.915527, 0.061035,Sitting
1789646, -0.268555, -0.658692, -0.701904, 0.549316, -0.732422, -0.122070,Sitting
1789666, -0.268433, -0.660645, -0.701416, 0.366211, -0.976562, -0.061035,Sitting
1789686, -0.264648, -0.659668, -0.704102, 0.793457, -1.220704, -0.244141,Sitting
1789706, -0.270142, -0.661377, -0.702026, 0.671386, -1.098633, -0.366211,Sitting
1789726, -0.270752, -0.662964, -0.699341, 0.671386, -0.976562, -0.488281,Sitting
1789746, -0.267944, -0.663940, -0.699463, 0.488281, -0.976562, -0.061035,Sitting
1789766, -0.264526, -0.659912, -0.698730, 0.427246, -1.098633, -0.122070,Sitting
1789786, -0.268188, -0.660767, -0.702271, 0.610352, -0.915527, -0.427246,Sitting
1789806, -0.271118, -0.660645, -0.703613, 0.549316, -0.671386, -0.549316,Sitting
1789826, -0.273071, -0.661133, -0.702637, 0.671386, -0.976562, -0.549316,Sitting
1789846, -0.274902, -0.661743, -0.697388, 0.366211, -0.915527, -0.305176,Sitting
1789866, -0.268066, -0.656006, -0.701782, 0.427246, -1.098633, -0.061035,Sitting
1789886, -0.275513, -0.655640, -0.706055, -0.061035, -0.366211, 0.183105,Sitting
1789906, -0.281860, -0.659424, -0.702148, 1.159668, -0.854492, -0.671386,Sitting
1789926, -0.278809, -0.660889, -0.698120, 0.854492, 0.061035, -0.793457,Sitting
1789946, -0.266235, -0.659912, -0.698242, 0.915527, 0.366211, -0.610352,Sitting
1789966, -0.269775, -0.662476, -0.697632, 0.854492, -0.061035, -0.732422,Sitting
1789986, -0.268799, -0.664917, -0.696045, 0.671386, -0.610352, -0.549316,Sitting
1790006, -0.271362, -0.667725, -0.695679, 0.488281, -0.671386, -0.427246,Sitting
1790026, -0.264160, -0.665405, -0.696533, 0.244141, -0.488281, -0.305176,Sitting
1790046, -0.270508, -0.663452, -0.702026, 0.793457, -0.732422, -0.732422,Sitting
1790066, -0.274292, -0.667114, -0.696411, 0.671386, -0.671386, -0.610352,Sitting
1790086, -0.266235, -0.665039, -0.695068, 0.305176, -0.366211, -0.549316,Sitting
1790106, -0.267700, -0.661987, -0.699219, 0.366211, -0.488281, -0.793457,Sitting
1790126, -0.269531, -0.662720, -0.702271, 0.305176, -0.793457, -0.854492,Sitting
1790146, -0.272949, -0.660156, -0.700318, 0.183105, -0.793457, -0.732422,Sitting
1790166, -0.268799, -0.660645, -0.700928, 0.183105, -0.793457, -0.366211,Sitting
1790186, -0.270752, -0.658692, -0.703736, 0.183105, -0.732422, -0.366211,Sitting
1790206, -0.272217, -0.660645, -0.700562, 0.244141, -0.549316, -0.183105,Sitting
1790226, -0.275635, -0.656860, -0.698242, -0.183105, -0.610352, -0.183105,Sitting
1790246, -0.272461, -0.659058, -0.699097, 0.305176, -0.061035, -0.305176,Sitting
1790266, -0.272583, -0.658814, -0.700440, 0.000000, 0.305176, -0.732422,Sitting
1790286, -0.268677, -0.667847, -0.701172, 0.671386, -0.061035, -0.671386,Sitting
1790306, -0.276001, -0.665650, -0.696533, 0.732422, -0.671386, -0.854492,Sitting
1790326, -0.279053, -0.673706, -0.685669, 0.061035, -0.854492, -1.159668,Sitting
1790346, -0.273438, -0.669312, -0.689331, -0.122070, -0.244141, -1.037598,Sitting
1790366, -0.269043, -0.662598, -0.696045, -0.732422, 0.183105, -0.244141,Sitting
1790386, -0.274048, -0.649170, -0.705811, -0.061035, 0.427246, -1.953124,Sitting
1790406, -0.250977, -0.667603, -0.703003, 0.061035, -1.892090, -0.915527,Sitting
1790426, -0.249756, -0.656372, -0.697754, -0.793457, -4.699708, 0.427246,Sitting
1790446, -0.268921, -0.653931, -0.699463, -0.061035, -4.882814, -0.427246,Sitting
1790466, -0.273071, -0.660400, -0.703369, -0.183105, -4.333496, -0.244141,Sitting
1790486, -0.282837, -0.660889, -0.705566, 0.122070, -4.089356, 0.610352,Sitting
1790506, -0.298828, -0.651612, -0.702637, -1.220704, -2.319336, -0.732422,Sitting
1790526, -0.294434, -0.656616, -0.708862, 1.403808, -2.197266, -0.915527,Sitting
1790546, -0.271606, -0.643555, -0.713135, 1.831054, 0.732422, -1.220704,Sitting
1790566, -0.278442, -0.660645, -0.705200, 2.502442, 1.892090, -1.525878,Sitting
1790586, -0.264771, -0.660156, -0.703858, 2.075196, 3.173828, -1.586914,Sitting
1790606, -0.255249, -0.666504, -0.700684, 1.892090, 2.746581, -2.258301,Sitting
1790626, -0.256714, -0.672241, -0.693360, 1.708984, 1.281738, -2.502442,Sitting
1790646, -0.261963, -0.674805, -0.688232, 1.281738, -0.122070, -1.953124,Sitting
1790666, -0.280029, -0.674194, -0.684326, 1.281738, 0.366211, -1.342773,Sitting
1790686, -0.270996, -0.669434, -0.692261, 0.671386, 1.037598, -1.892090,Sitting
1790706, -0.261475, -0.666626, -0.695312, 0.305176, 1.220704, -0.732422,Sitting
1790726, -0.261841, -0.666016, -0.697998, 0.915527, 0.122070, -2.075196,Sitting
1790746, -0.258911, -0.681030, -0.683350, 1.037598, -2.258301, -2.014160,Sitting
1790766, -0.284302, -0.684692, -0.677002, 0.488281, -3.967285, -0.793457,Sitting
1790786, -0.290772, -0.684814, -0.680298, 0.244141, -3.051757, 0.549316,Sitting
1790806, -0.283691, -0.670410, -0.688477, -0.244141, -0.183105, 0.244141,Sitting
1790826, -0.264404, -0.661133, -0.703125, -0.061035, 0.915527, 0.000000,Sitting
1790846, -0.256104, -0.652344, -0.708618, 0.671386, 0.671386, -1.159668,Sitting
1790866, -0.253052, -0.666748, -0.701538, 0.793457, 0.000000, -1.220704,Sitting
1790886, -0.256348, -0.669922, -0.699341, 0.854492, -0.549316, -1.525878,Sitting
1790906, -0.263916, -0.674561, -0.697144, 0.244141, 0.854492, -0.610352,Sitting
1790926, -0.250488, -0.661865, -0.699585, 0.183105, 0.976562, -1.342773,Sitting
1790946, -0.256470, -0.665161, -0.700318, 0.305176, 0.061035, -1.464844,Sitting
1790966, -0.275024, -0.664429, -0.697022, 0.732422, -0.427246, -1.220704,Sitting
1790986, -0.273071, -0.667725, -0.691895, 0.305176, 0.366211, -0.732422,Sitting
1791006, -0.266968, -0.663208, -0.694214, 0.488281, 0.549316, -0.854492,Sitting
1791026, -0.266113, -0.663818, -0.698608, 0.915527, 0.427246, -1.342773,Sitting
1791046, -0.274048, -0.671021, -0.697022, 0.915527, 0.610352, -0.732422,Sitting
1791066, -0.268799, -0.673218, -0.690918, 0.732422, 1.037598, -0.061035,Sitting
1791086, -0.254761, -0.669434, -0.690552, 0.610352, 1.159668, -0.671386,Sitting
1791106, -0.253052, -0.671021, -0.695923, 0.793457, 0.610352, -0.854492,Sitting
1791126, -0.255493, -0.674683, -0.693604, 0.427246, 0.427246, -0.671386,Sitting
1791146, -0.249878, -0.674072, -0.690796, 0.366211, -0.183105, -0.427246,Sitting
1791166, -0.255127, -0.675171, -0.698242, -0.061035, -1.403808, 0.427246,Sitting
1791186, -0.258301, -0.678223, -0.698730, 0.488281, -0.427246, -0.793457,Sitting
1791206, -0.266358, -0.662598, -0.696167, 0.671386, -0.122070, -0.366211,Sitting
1791226, -0.259033, -0.670776, -0.695190, 0.366211, -0.549316, -0.061035,Sitting
1791246, -0.262085, -0.667847, -0.693970, 0.366211, -1.098633, 0.061035,Sitting
1791266, -0.261719, -0.670166, -0.691772, -0.305176, -0.732422, 0.061035,Sitting
1791286, -0.251831, -0.665283, -0.696045, -0.061035, -0.915527, -0.671386,Sitting
1791306, -0.256592, -0.675049, -0.698853, -0.122070, -0.732422, -0.305176,Sitting
1791326, -0.260010, -0.678589, -0.695312, -0.549316, -0.061035, 0.610352,Sitting
1791346, -0.257080, -0.670654, -0.693970, -0.915527, -0.732422, -0.244141,Sitting
1791366, -0.247681, -0.673462, -0.692139, -1.037598, -2.136231, -0.793457,Sitting
1791386, -0.253296, -0.668579, -0.690796, -0.854492, -3.662109, -0.427246,Sitting
1791406, -0.270386, -0.670044, -0.697876, -1.220704, -2.502442, 0.427246,Sitting
1791426, -0.255005, -0.663208, -0.699707, -1.342773, -2.746581, 0.244141,Sitting
1791446, -0.261963, -0.662110, -0.705078, -0.793457, -4.272462, -0.488281,Sitting
1791466, -0.270630, -0.656616, -0.704956, -0.732422, -3.967285, 0.061035,Sitting
1791486, -0.281860, -0.653931, -0.705444, -0.061035, -2.685546, 0.305176,Sitting
1791506, -0.284180, -0.659546, -0.697510, 0.244141, -0.915527, 0.122070,Sitting
1791526, -0.268921, -0.668335, -0.692505, 0.244141, -0.549316, -0.061035,Sitting
1791546, -0.266358, -0.669190, -0.690064, 0.000000, 0.244141, 0.244141,Sitting
1791566, -0.253174, -0.669190, -0.695923, -0.061035, -0.183105, 0.488281,Sitting
1791586, -0.260864, -0.673096, -0.695190, 0.244141, -1.159668, 0.122070,Sitting
1791606, -0.262329, -0.677124, -0.690308, 0.122070, -2.258301, -0.061035,Sitting
1791626, -0.267334, -0.669556, -0.692871, -0.305176, -1.770019, 0.061035,Sitting
1791646, -0.277466, -0.665894, -0.697022, -0.427246, -1.281738, 0.122070,Sitting
1791666, -0.273682, -0.665039, -0.694702, -0.305176, -1.525878, 0.000000,Sitting
1791686, -0.265015, -0.662476, -0.693482, -0.793457, -1.892090, -0.122070,Sitting
1791706, -0.269165, -0.659546, -0.702881, -0.671386, -2.136231, -0.183105,Sitting
1791726, -0.277588, -0.659668, -0.703736, -0.610352, -1.892090, -0.488281,Sitting
1791746, -0.283081, -0.661499, -0.698120, -0.549316, -1.220704, -0.366211,Sitting
1791766, -0.270142, -0.662842, -0.693726, -0.610352, -1.037598, -0.305176,Sitting
1791786, -0.265137, -0.660400, -0.696533, -0.610352, -1.464844, -0.366211,Sitting
1791806, -0.269287, -0.659058, -0.701416, -0.122070, -1.770019, -0.549316,Sitting
1791826, -0.277344, -0.661255, -0.700318, 0.000000, -1.892090, -0.732422,Sitting
1791846, -0.269775, -0.666138, -0.694092, -0.305176, -0.976562, -0.488281,Sitting
1791866, -0.265137, -0.665161, -0.693848, -0.305176, -0.793457, -0.610352,Sitting
1791886, -0.264404, -0.664917, -0.699219, -0.183105, -1.037598, -0.732422,Sitting
1791906, -0.270874, -0.668823, -0.698486, 0.183105, -1.281738, -0.793457,Sitting
1791926, -0.271362, -0.671875, -0.689820, 0.000000, -0.732422, -0.610352,Sitting
1791946, -0.262817, -0.666138, -0.697388, -0.122070, -0.915527, -0.122070,Sitting
1791966, -0.274780, -0.661255, -0.694946, -0.244141, -1.525878, -0.488281,Sitting
1791986, -0.280274, -0.654785, -0.699707, -0.061035, -1.953124, -0.915527,Sitting
1792006, -0.296753, -0.655396, -0.703858, 0.305176, -0.915527, -0.854492,Sitting
1792026, -0.287476, -0.660034, -0.697266, 0.122070, -0.366211, -0.427246,Sitting
1792046, -0.272095, -0.656494, -0.695435, -0.122070, -0.732422, 0.000000,Sitting
1792066, -0.267212, -0.659180, -0.695435, -0.122070, -2.258301, -0.183105,Sitting
1792086, -0.275146, -0.667480, -0.698975, 0.061035, -2.258301, -0.122070,Sitting
1792106, -0.275879, -0.669678, -0.697022, -0.122070, -1.342773, -0.244141,Sitting
1792126, -0.273560, -0.665650, -0.698975, 0.000000, -0.427246, 0.183105,Sitting
1792146, -0.259888, -0.660522, -0.697632, 0.366211, -0.671386, 0.000000,Sitting
1792166, -0.258301, -0.661621, -0.699341, 0.915527, -1.770019, -0.305176,Sitting
1792186, -0.273193, -0.670654, -0.697266, 0.793457, -2.197266, -0.366211,Sitting
1792206, -0.278564, -0.675293, -0.695435, 0.183105, -1.953124, -0.305176,Sitting
1792226, -0.272339, -0.663208, -0.701172, -0.427246, -1.647949, -0.183105,Sitting
1792246, -0.276489, -0.649536, -0.704834, 0.244141, -1.831054, -0.549316,Sitting
1792266, -0.293945, -0.654785, -0.697998, 0.793457, -0.976562, -0.793457,Sitting
1792286, -0.292969, -0.668579, -0.688965, 0.671386, 1.098633, -0.610352,Sitting
1792306, -0.273193, -0.660889, -0.694702, 0.549316, 1.892090, -0.976562,Sitting
1792326, -0.269531, -0.660278, -0.703858, 0.671386, 1.647949, -1.098633,Sitting
1792346, -0.271484, -0.664429, -0.695190, 0.915527, 1.220704, -0.488281,Sitting
1792366, -0.266724, -0.666748, -0.687378, 0.854492, 0.610352, -0.732422,Sitting
1792386, -0.269898, -0.673096, -0.687012, 0.488281, 0.671386, -0.183105,Sitting
1792406, -0.260742, -0.671509, -0.693237, 0.000000, 0.244141, -0.244141,Sitting
1792426, -0.263550, -0.669190, -0.696655, 0.122070, -1.342773, -0.305176,Sitting
1792446, -0.268311, -0.662720, -0.699707, 0.183105, -2.014160, -0.244141,Sitting
1792466, -0.289795, -0.666870, -0.698853, 0.610352, -0.915527, -0.854492,Sitting
1792486, -0.284668, -0.671387, -0.697510, 0.488281, 0.732422, -1.220704,Sitting
1792506, -0.276978, -0.652710, -0.696900, 0.122070, 1.525878, -3.356933,Sitting
1792526, -0.273682, -0.667603, -0.696411, 0.610352, 2.136231, -1.647949,Sitting
1792546, -0.281128, -0.648926, -0.696045, -0.061035, 2.563476, -1.037598,Sitting
1792566, -0.261963, -0.664551, -0.697876, 0.915527, 1.770019, -1.831054,Sitting
1792586, -0.263062, -0.661621, -0.703858, 0.305176, 1.525878, -1.342773,Sitting
1792606, -0.258301, -0.674927, -0.691772, 0.061035, 0.183105, -1.647949,Sitting
1792626, -0.266235, -0.668823, -0.691040, -0.793457, -0.671386, -0.854492,Sitting
1792646, -0.266113, -0.666870, -0.697266, -0.793457, -0.854492, -0.793457,Sitting
1792666, -0.265747, -0.659180, -0.701904, -0.671386, -0.976562, -0.793457,Sitting
1792686, -0.268555, -0.659546, -0.699341, -0.366211, -1.464844, -0.732422,Sitting
1792706, -0.263062, -0.655884, -0.698853, -0.244141, -1.708984, -0.610352,Sitting
1792726, -0.264771, -0.666626, -0.702637, 0.305176, -1.098633, -0.671386,Sitting
1792746, -0.265747, -0.668457, -0.702881, 0.183105, -1.281738, -0.427246,Sitting
1792766, -0.263916, -0.666138, -0.697632, -0.122070, -0.732422, -0.122070,Sitting
1792786, -0.251709, -0.662842, -0.706543, 0.183105, -0.793457, -0.793457,Sitting
1792806, -0.258667, -0.662842, -0.704102, 0.244141, -0.549316, -1.037598,Sitting
1792826, -0.269898, -0.662110, -0.702026, 0.610352, -0.671386, -0.671386,Sitting
1792846, -0.266235, -0.662476, -0.694214, 0.427246, 0.000000, -0.488281,Sitting
1792866, -0.257935, -0.662110, -0.693726, 0.488281, -0.366211, -0.549316,Sitting
1792886, -0.258789, -0.664795, -0.698730, 0.793457, -0.915527, -0.671386,Sitting
1792906, -0.275757, -0.669556, -0.701172, 0.854492, -1.281738, -0.366211,Sitting
1792926, -0.285034, -0.666504, -0.693970, 0.732422, -1.098633, -0.244141,Sitting
1792946, -0.266846, -0.665039, -0.686524, -0.122070, -0.305176, 0.549316,Sitting
1792966, -0.259399, -0.660645, -0.697754, 0.854492, -1.281738, -0.488281,Sitting
1792986, -0.275146, -0.671143, -0.700440, -0.183105, -0.915527, -0.061035,Sitting
1793006, -0.273193, -0.668579, -0.704468, 0.427246, -0.549316, -0.305176,Sitting
1793026, -0.255371, -0.664917, -0.700318, -0.366211, -0.610352, -0.244141,Sitting
1793046, -0.258545, -0.659912, -0.700440, 0.549316, -1.770019, -0.061035,Sitting
1793066, -0.280640, -0.661255, -0.696655, 0.427246, -1.403808, -0.488281,Sitting
1793086, -0.273193, -0.667480, -0.690308, 0.305176, -0.610352, -0.488281,Sitting
1793106, -0.257202, -0.665039, -0.692993, 0.000000, -0.671386, -0.427246,Sitting
1793126, -0.265747, -0.671265, -0.698364, 0.244141, -1.342773, -0.610352,Sitting
1793146, -0.276245, -0.672852, -0.697022, 0.000000, -1.220704, -0.610352,Sitting
1793166, -0.265869, -0.664551, -0.693726, -0.366211, -0.427246, -0.183105,Sitting
1793186, -0.257324, -0.661377, -0.697144, -0.427246, -0.366211, -0.488281,Sitting
1793206, -0.266235, -0.665405, -0.701050, 0.305176, -1.037598, -0.915527,Sitting
1793226, -0.274048, -0.668823, -0.697022, -0.244141, -0.793457, -0.549316,Sitting
1793246, -0.270508, -0.667358, -0.694336, -0.122070, -0.366211, -0.549316,Sitting
1793266, -0.256592, -0.661011, -0.697876, -0.488281, -0.427246, -0.183105,Sitting
1793286, -0.269043, -0.659424, -0.702637, 0.183105, -1.403808, -0.793457,Sitting
1793306, -0.279053, -0.665039, -0.698486, 0.244141, -1.281738, -0.915527,Sitting
1793326, -0.281494, -0.665650, -0.695801, -0.183105, -0.122070, -0.488281,Sitting
1793346, -0.264893, -0.659790, -0.700195, 0.000000, 0.244141, -0.671386,Sitting
1793366, -0.268677, -0.663330, -0.699341, 0.183105, -0.427246, -0.488281,Sitting
1793386, -0.275757, -0.668823, -0.692383, 0.061035, -0.732422, -0.793457,Sitting
1793406, -0.260864, -0.667236, -0.694214, -0.671386, -0.427246, -0.488281,Sitting
1793426, -0.258057, -0.661255, -0.702515, -0.366211, -1.037598, -0.366211,Sitting
1793446, -0.269043, -0.662842, -0.703003, -0.061035, -1.770019, -0.915527,Sitting
1793466, -0.275269, -0.665161, -0.698242, 0.061035, -1.708984, -1.220704,Sitting
1793486, -0.274048, -0.664795, -0.698853, -0.122070, -0.671386, -0.732422,Sitting
1793506, -0.267334, -0.661377, -0.699585, -0.122070, 0.183105, -0.244141,Sitting
1793526, -0.259033, -0.663208, -0.694336, -0.061035, -0.244141, -0.671386,Sitting
1793546, -0.264771, -0.664185, -0.701660, 0.244141, -0.793457, -0.915527,Sitting
1793566, -0.264648, -0.664307, -0.706665, 0.366211, -0.244141, -0.732422,Sitting
1793586, -0.265015, -0.661865, -0.705933, 0.732422, 0.183105, -0.610352,Sitting
1793606, -0.273193, -0.657593, -0.696655, 1.281738, 0.366211, -0.976562,Sitting
1793626, -0.275635, -0.666748, -0.693360, 1.037598, 1.403808, -1.159668,Sitting
1793646, -0.255615, -0.671143, -0.689942, 0.427246, 1.525878, -0.732422,Sitting
1793666, -0.253174, -0.666992, -0.695190, 0.000000, 0.061035, -0.427246,Sitting
1793686, -0.271118, -0.668823, -0.699951, 0.366211, -1.159668, -0.671386,Sitting
1793706, -0.274170, -0.668579, -0.695068, -0.061035, -0.976562, -0.305176,Sitting
1793726, -0.264526, -0.663452, -0.696900, -0.061035, -0.610352, -0.061035,Sitting
1793746, -0.256958, -0.660767, -0.698364, 0.061035, -0.976562, -0.244141,Sitting
1793766, -0.268311, -0.669190, -0.701416, 0.549316, -1.342773, -0.915527,Sitting
1793786, -0.280884, -0.673218, -0.700440, 0.366211, 0.122070, -1.220704,Sitting
1793806, -0.274414, -0.665039, -0.700195, 0.061035, 1.770019, -0.915527,Sitting
1793826, -0.255127, -0.656128, -0.698364, 0.427246, 1.220704, -1.098633,Sitting
1793846, -0.255127, -0.666870, -0.697388, 0.488281, -0.183105, -1.403808,Sitting
1793866, -0.261475, -0.671875, -0.695068, 0.122070, -0.976562, -1.464844,Sitting
1793886, -0.266968, -0.665405, -0.695923, -0.427246, -1.220704, -0.915527,Sitting
1793906, -0.270386, -0.667480, -0.693970, -0.610352, -0.854492, -0.488281,Sitting
1793926, -0.262207, -0.660889, -0.696411, -0.366211, -1.647949, -1.831054,Sitting
1793946, -0.266602, -0.669678, -0.698730, -0.610352, -0.793457, -0.854492,Sitting
1793966, -0.252564, -0.658081, -0.705933, -0.366211, -1.403808, -0.732422,Sitting
1793986, -0.262940, -0.658814, -0.709717, 0.122070, -1.342773, -0.671386,Sitting
1794006, -0.256104, -0.658936, -0.705444, 0.549316, -1.098633, -0.366211,Sitting
1794026, -0.254761, -0.665161, -0.699463, 0.427246, -1.281738, -0.244141,Sitting
1794046, -0.268921, -0.664551, -0.702393, 0.610352, -1.708984, -0.305176,Sitting
1794066, -0.271729, -0.664185, -0.695435, 0.488281, -1.159668, -0.122070,Sitting
1794086, -0.269287, -0.662598, -0.696778, 0.793457, -0.854492, -0.244141,Sitting
1794106, -0.264893, -0.671631, -0.693604, 0.549316, -0.610352, -0.183105,Sitting
1794126, -0.260864, -0.664429, -0.698486, 0.183105, -0.854492, -0.183105,Sitting
1794146, -0.274658, -0.662598, -0.702393, 0.366211, -0.732422, -0.427246,Sitting
1794166, -0.266358, -0.666870, -0.699219, -0.183105, -0.671386, -0.305176,Sitting
1794186, -0.252808, -0.682007, -0.693115, -3.112792, -2.502442, 0.061035,Sitting
1794206, -0.235474, -0.678955, -0.692749, -6.225584, -5.432128, 1.831054,Sitting
1794226, -0.248535, -0.660522, -0.695923, -6.713866, -7.812498, 1.831054,Sitting
1794246, -0.268799, -0.660278, -0.704834, -4.821778, -7.568358, 2.014160,Sitting
1794266, -0.282227, -0.655029, -0.700562, -2.319336, -4.943848, 0.671386,Sitting
1794286, -0.287720, -0.658814, -0.703125, -0.976562, -3.112792, -0.732422,Sitting
1794306, -0.295044, -0.659790, -0.704590, 0.000000, -1.281738, -0.671386,Sitting
1794326, -0.275879, -0.654541, -0.701904, 0.183105, -0.854492, -1.220704,Sitting
1794346, -0.282837, -0.654785, -0.701050, -0.427246, -0.244141, -0.183105,Sitting
1794366, -0.270508, -0.641602, -0.701904, 0.915527, 0.000000, -1.281738,Sitting
1794386, -0.289063, -0.651734, -0.709961, 1.831054, 0.732422, -0.610352,Sitting
1794406, -0.290772, -0.650879, -0.707520, 2.197266, 2.624511, -0.793457,Sitting
1794426, -0.283691, -0.654419, -0.702026, 2.319336, 3.112792, -1.037598,Sitting
1794446, -0.272339, -0.650635, -0.701660, 2.380371, 3.112792, -1.159668,Sitting
1794466, -0.269287, -0.654175, -0.695679, 1.953124, 2.258301, -1.403808,Sitting
1794486, -0.277344, -0.665894, -0.692993, 1.342773, 0.488281, -1.098633,Sitting
1794506, -0.262207, -0.663696, -0.702148, 0.732422, 0.366211, -0.671386,Sitting
1794526, -0.258667, -0.657593, -0.716431, 0.366211, -0.488281, -0.671386,Sitting
1794546, -0.263794, -0.657837, -0.714234, 0.549316, -1.342773, -1.037598,Sitting
1794566, -0.274658, -0.665283, -0.701904, 0.671386, -0.915527, -1.159668,Sitting
1794586, -0.260620, -0.669068, -0.694214, 0.244141, 0.244141, -0.915527,Sitting
1794606, -0.239868, -0.667236, -0.693237, -0.427246, 0.183105, -0.671386,Sitting
1794626, -0.249512, -0.665161, -0.704834, -0.305176, -1.647949, -0.671386,Sitting
1794646, -0.265869, -0.665772, -0.703003, -0.549316, -2.441407, -0.671386,Sitting
1794666, -0.274536, -0.667969, -0.690674, -0.366211, -2.136231, -0.488281,Sitting
1794686, -0.269898, -0.670654, -0.698364, 1.098633, -1.525878, -0.793457,Sitting
1794706, -0.270142, -0.651367, -0.706299, 0.671386, -0.305176, -0.732422,Sitting
1794726, -0.266846, -0.657349, -0.700928, 0.427246, -1.464844, -0.305176,Sitting
1794746, -0.261108, -0.637695, -0.698120, -0.183105, -2.319336, -0.061035,Sitting
1794766, -0.279907, -0.650757, -0.705200, 1.037598, -2.319336, 0.122070,Sitting
1794786, -0.288696, -0.661255, -0.702515, 0.244141, 0.244141, -0.122070,Sitting
1794806, -0.275635, -0.675293, -0.699219, 0.000000, 1.098633, -0.793457,Sitting
1794826, -0.253296, -0.671143, -0.697510, -0.427246, 0.061035, -0.122070,Sitting
1794846, -0.253540, -0.658325, -0.695801, 0.000000, -2.014160, -0.366211,Sitting
1794866, -0.275879, -0.656494, -0.696655, 0.549316, -2.868652, -0.488281,Sitting
1794886, -0.282593, -0.653320, -0.699829, 0.305176, -2.197266, -0.305176,Sitting
1794906, -0.273316, -0.649902, -0.703125, 0.061035, -2.075196, -0.488281,Sitting
1794926, -0.267212, -0.657227, -0.702271, -0.976562, -4.516602, 0.122070,Sitting
1794946, -0.283325, -0.662354, -0.697876, -0.732422, -5.615234, 0.183105,Sitting
1794966, -0.292725, -0.671143, -0.694580, -1.159668, -4.211426, 1.403808,Sitting
1794986, -0.270142, -0.658692, -0.706421, -0.732422, -2.197266, 1.647949,Sitting
1795006, -0.259155, -0.647583, -0.718262, -0.305176, -1.464844, 0.793457,Sitting
1795026, -0.273560, -0.651123, -0.717774, 1.098633, -1.525878, -0.854492,Sitting
1795046, -0.282471, -0.661865, -0.700440, 1.831054, -0.366211, -1.403808,Sitting
1795066, -0.279297, -0.670410, -0.689209, 1.220704, 1.892090, -1.037598,Sitting
1795086, -0.277100, -0.667114, -0.694092, 1.098633, 2.868652, -1.220704,Sitting
1795106, -0.282105, -0.666138, -0.692871, 1.098633, 2.624511, -1.281738,Sitting
1795126, -0.282105, -0.661743, -0.684082, 0.488281, 1.525878, -1.098633,Sitting
1795146, -0.265869, -0.667480, -0.685791, -0.305176, -0.549316, -0.183105,Sitting
1795166, -0.271973, -0.667725, -0.696167, -0.732422, -2.136231, -0.061035,Sitting
1795186, -0.279663, -0.660400, -0.703247, -1.098633, -3.112792, -0.244141,Sitting
1795206, -0.286621, -0.656250, -0.707886, -0.976562, -2.624511, -0.061035,Sitting
1795226, -0.274292, -0.650146, -0.706665, -0.671386, -2.075196, 0.061035,Sitting
1795246, -0.268433, -0.653198, -0.707642, -0.427246, -1.770019, -0.244141,Sitting
1795266, -0.270142, -0.656006, -0.709351, -0.427246, -1.220704, -0.549316,Sitting
1795286, -0.267212, -0.658570, -0.706177, 0.061035, -0.976562, -0.488281,Sitting
1795306, -0.262817, -0.657349, -0.704712, 0.000000, -0.732422, -1.342773,Sitting
1795326, -0.267700, -0.665283, -0.703125, 0.366211, -0.610352, -0.488281,Sitting
1795346, -0.279419, -0.661133, -0.704102, 0.183105, -0.122070, -0.732422,Sitting
1795366, -0.285889, -0.658692, -0.694092, -0.061035, 0.427246, -1.281738,Sitting
1795386, -0.290527, -0.652710, -0.695679, 0.305176, 1.647949, -0.976562,Sitting
1795406, -0.274780, -0.652222, -0.695190, 0.427246, 1.831054, -1.708984,Sitting
1795426, -0.272583, -0.666260, -0.693237, 0.305176, 0.122070, -0.915527,Sitting
1795446, -0.283325, -0.664795, -0.691895, 0.000000, -0.549316, -0.793457,Sitting
1795466, -0.280029, -0.660400, -0.694824, -0.732422, -0.183105, -0.427246,Sitting
1795486, -0.251465, -0.648438, -0.703613, 0.000000, -1.281738, -0.427246,Sitting
1795506, -0.272339, -0.660278, -0.706299, 0.061035, -1.892090, 0.000000,Sitting
1795526, -0.272217, -0.658570, -0.703980, 0.061035, -1.770019, -0.488281,Sitting
1795546, -0.271851, -0.655762, -0.705322, -0.610352, -1.464844, 0.122070,Sitting
1795566, -0.255127, -0.649658, -0.710083, -0.366211, -2.441407, -0.244141,Sitting
1795586, -0.284180, -0.655640, -0.707520, 0.427246, -2.868652, 0.061035,Sitting
1795606, -0.287842, -0.656250, -0.699707, 0.610352, -1.831054, -0.183105,Sitting
1795626, -0.282227, -0.656982, -0.703491, 0.488281, -0.671386, -0.427246,Sitting
1795646, -0.271484, -0.654541, -0.706909, 0.610352, 0.122070, -0.671386,Sitting
1795666, -0.279053, -0.661621, -0.700318, 0.610352, 0.122070, -0.915527,Sitting
1795686, -0.273438, -0.666260, -0.694458, 0.366211, 0.122070, -0.610352,Sitting
1795706, -0.260254, -0.668579, -0.691528, 0.061035, 0.000000, -0.305176,Sitting
1795726, -0.262085, -0.662598, -0.700195, 0.122070, -0.915527, -0.488281,Sitting
1795746, -0.276367, -0.660767, -0.702637, 0.000000, -1.281738, -0.671386,Sitting
1795766, -0.283814, -0.658325, -0.700562, 0.427246, -1.525878, -0.793457,Sitting
1795786, -0.280762, -0.659424, -0.692993, 0.244141, -1.098633, -0.061035,Sitting
1795806, -0.275879, -0.655396, -0.702393, 0.183105, -0.915527, -0.305176,Sitting
1795826, -0.283325, -0.652710, -0.710083, 0.488281, -0.793457, -0.244141,Sitting
1795846, -0.284302, -0.662110, -0.698364, 0.671386, -0.854492, -1.098633,Sitting
1795866, -0.284058, -0.663086, -0.692383, -0.061035, -0.183105, -0.305176,Sitting
1795886, -0.277710, -0.658081, -0.690308, -0.122070, 0.244141, -0.427246,Sitting
1795906, -0.281738, -0.659424, -0.694702, -0.244141, 0.061035, -0.427246,Sitting
1795926, -0.284790, -0.667114, -0.701172, -0.183105, 0.488281, -0.915527,Sitting
1795946, -0.273804, -0.668213, -0.710449, 0.671386, 1.159668, -1.403808,Sitting
1795966, -0.276733, -0.658814, -0.713379, 1.159668, 1.770019, -1.037598,Sitting
1795986, -0.275513, -0.644165, -0.709595, 1.647949, 2.380371, -0.732422,Sitting
1796006, -0.250122, -0.639160, -0.696045, 1.159668, 1.770019, -0.915527,Sitting
1796026, -0.260620, -0.663086, -0.700073, 0.183105, -0.305176, -0.549316,Sitting
1796046, -0.264648, -0.667236, -0.700806, 0.061035, -0.671386, -0.122070,Sitting
1796066, -0.259155, -0.683960, -0.700440, 0.366211, -1.098633, -0.549316,Sitting
1796086, -0.255615, -0.671875, -0.699707, -0.244141, -1.525878, 0.122070,Sitting
1796106, -0.269531, -0.652466, -0.699829, 0.305176, -1.708984, -0.183105,Sitting
1796126, -0.281982, -0.655640, -0.691528, 0.305176, -0.915527, -0.244141,Sitting
1796146, -0.285400, -0.662964, -0.684814, 0.183105, -0.122070, -0.671386,Sitting
1796166, -0.291626, -0.672241, -0.692871, -0.122070, 0.000000, -1.403808,Sitting
1796186, -0.286621, -0.671021, -0.706055, -1.098633, 0.183105, -0.915527,Sitting
1796206, -0.270996, -0.644165, -0.711670, -1.464844, -0.488281, -0.122070,Sitting
1796226, -0.258911, -0.633545, -0.703858, -0.427246, -2.624511, -0.183105,Sitting
1796246, -0.285400, -0.655762, -0.699585, 0.244141, -3.112792, -0.915527,Sitting
1796266, -0.286499, -0.674194, -0.700562, -0.427246, -1.220704, -0.549316,Sitting
1796286, -0.257568, -0.662842, -0.708130, -0.976562, -1.037598, 0.000000,Sitting
1796306, -0.250488, -0.653198, -0.708374, -0.549316, -3.295898, 0.000000,Sitting
1796326, -0.265747, -0.658203, -0.706421, -0.183105, -4.394532, -0.488281,Sitting
1796346, -0.285767, -0.658570, -0.704224, -0.244141, -2.136231, -0.122070,Sitting
1796366, -0.281250, -0.662842, -0.702881, -0.549316, 1.281738, 0.000000,Sitting
1796386, -0.262329, -0.661499, -0.707520, -0.427246, 2.197266, -0.854492,Sitting
1796406, -0.258301, -0.661743, -0.704956, -0.122070, 0.793457, -1.708984,Sitting
1796426, -0.272583, -0.661133, -0.694580, 0.061035, -0.305176, -1.220704,Sitting
1796446, -0.280396, -0.658570, -0.691650, 0.000000, 0.183105, -0.427246,Sitting
1796466, -0.271240, -0.650635, -0.701660, 0.305176, -0.549316, -0.366211,Sitting
1796486, -0.284424, -0.660767, -0.703369, 0.549316, -1.586914, -0.854492,Sitting
1796506, -0.288818, -0.658814, -0.699463, 0.244141, -1.281738, -0.305176,Sitting
1796526, -0.283203, -0.655152, -0.698975, 0.000000, -0.427246, 0.183105,Sitting
1796546, -0.279419, -0.660156, -0.700928, -0.122070, 0.061035, 0.061035,Sitting
1796566, -0.273071, -0.657837, -0.703858, -0.427246, 0.305176, -0.244141,Sitting
1796586, -0.263428, -0.651978, -0.705322, -0.305176, 0.122070, -0.305176,Sitting
1796606, -0.251465, -0.650146, -0.706299, -0.305176, -0.732422, 0.061035,Sitting
1796626, -0.254150, -0.654907, -0.706787, 0.122070, -2.319336, -0.183105,Sitting
1796646, -0.271118, -0.657959, -0.706055, 0.427246, -2.929687, -1.098633,Sitting
1796666, -0.284180, -0.663574, -0.701782, -0.122070, -2.136231, -0.610352,Sitting
1796686, -0.275757, -0.627808, -0.702637, -0.671386, -1.403808, -0.244141,Sitting
1796706, -0.276245, -0.647583, -0.705811, -0.244141, -1.831054, 0.122070,Sitting
1796726, -0.285278, -0.646729, -0.706909, 0.305176, -1.953124, -0.366211,Sitting
1796746, -0.284546, -0.656006, -0.699463, 0.366211, -1.281738, -0.305176,Sitting
1796766, -0.279053, -0.659668, -0.698486, 0.183105, -0.732422, 0.000000,Sitting
1796786, -0.273193, -0.655518, -0.703125, 0.366211, -0.305176, -0.122070,Sitting
1796806, -0.271240, -0.652588, -0.709839, 0.549316, -0.244141, -0.122070,Sitting
1796826, -0.264893, -0.660767, -0.701416, 0.854492, -1.159668, -0.366211,Sitting
1796846, -0.267334, -0.670288, -0.690186, 0.244141, -2.563476, -0.549316,Sitting
1796866, -0.277466, -0.669068, -0.694580, -0.793457, -2.502442, -0.488281,Sitting
1796886, -0.277832, -0.655274, -0.703613, -1.403808, -2.319336, -0.305176,Sitting
1796906, -0.289307, -0.658081, -0.700806, 0.488281, -3.234863, -1.525878,Sitting
1796926, -0.319336, -0.677979, -0.696778, 1.281738, -0.366211, -1.586914,Sitting
1796946, -0.302979, -0.665528, -0.706909, 0.549316, 4.211426, -1.403808,Sitting
1796966, -0.262573, -0.628418, -0.722412, -0.366211, 6.164550, -0.427246,Sitting
1796986, -0.225220, -0.589478, -0.732666, 0.122070, 4.272462, 0.427246,Sitting
1797006, -0.219971, -0.587524, -0.729370, 1.464844, 1.525878, 0.366211,Sitting
1797026, -0.228394, -0.614746, -0.723877, 3.295898, -1.586914, -0.366211,Sitting
1797046, -0.254761, -0.663086, -0.697998, 3.417968, -4.272462, 0.366211,Sitting
1797066, -0.289185, -0.698853, -0.672241, 2.685546, -5.615234, 0.488281,Sitting
1797086, -0.310547, -0.725220, -0.652588, 1.464844, -5.187988, 0.610352,Sitting
1797106, -0.319702, -0.727051, -0.660034, 0.366211, -3.662109, 0.854492,Sitting
1797126, -0.320190, -0.693848, -0.695801, -0.610352, -2.014160, 0.183105,Sitting
1797146, -0.315552, -0.647339, -0.709106, -1.098633, 0.183105, -0.366211,Sitting
1797166, -0.296387, -0.625000, -0.710694, -0.366211, 1.098633, -0.488281,Sitting
1797186, -0.269409, -0.621460, -0.711182, -0.915527, 2.685546, -0.610352,Sitting
1797206, -0.227417, -0.633667, -0.716431, -0.976562, 1.647949, -0.488281,Sitting
1797226, -0.224487, -0.660645, -0.705322, -1.098633, -1.403808, -1.403808,Sitting
1797246, -0.249878, -0.679444, -0.702515, -1.037598, -3.845214, -1.708984,Sitting
1797266, -0.278198, -0.678223, -0.702759, -1.464844, -2.746581, -0.122070,Sitting
1797286, -0.279419, -0.653809, -0.704224, -0.305176, -1.708984, -0.793457,Sitting
1797306, -0.276733, -0.652222, -0.697510, 0.549316, -2.319336, -0.427246,Sitting
1797326, -0.317383, -0.655152, -0.692749, 0.854492, -1.220704, -1.281738,Sitting
1797346, -0.314453, -0.656616, -0.703247, 0.000000, 4.638672, -0.610352,Sitting
1797366, -0.258911, -0.637207, -0.708130, -0.427246, 3.845214, -0.122070,Sitting
1797386, -0.257446, -0.643799, -0.701294, -0.061035, -0.976562, -1.159668,Sitting
1797406, -0.285767, -0.664185, -0.686646, -0.793457, -3.234863, -1.220704,Sitting
1797426, -0.286011, -0.672119, -0.694092, -1.464844, -2.014160, -0.244141,Sitting
1797446, -0.267700, -0.666382, -0.705933, -1.953124, -0.610352, 0.244141,Sitting
1797466, -0.260986, -0.654907, -0.715088, -1.342773, -1.464844, 0.000000,Sitting
1797486, -0.270508, -0.648316, -0.710205, -0.793457, -2.868652, -0.793457,Sitting
1797506, -0.277344, -0.648438, -0.702637, -0.122070, -2.807617, -0.793457,Sitting
1797526, -0.274414, -0.651367, -0.702271, -0.366211, -1.647949, -0.183105,Sitting
1797546, -0.280518, -0.648194, -0.705811, -0.488281, -1.037598, 0.366211,Sitting
1797566, -0.288940, -0.642700, -0.711548, 15.258788, -1.525878, -1.098633,Sitting
1797586, -0.287109, -0.668335, -0.696778, -0.610352, -1.159668, -0.366211,Sitting
1797606, -0.282227, -0.670776, -0.691772, -0.061035, -1.342773, -0.915527,Sitting
1797626, -0.302612, -0.668335, -0.699585, -0.610352, 0.671386, 0.000000,Sitting
1797646, -0.276978, -0.648316, -0.709595, 0.061035, 2.075196, -1.220704,Sitting
1797666, -0.259522, -0.645386, -0.715820, -0.915527, 2.319336, -0.427246,Sitting
1797686, -0.254395, -0.636108, -0.717163, -0.061035, 0.732422, -1.342773,Sitting
1797706, -0.261597, -0.640747, -0.703736, -0.854492, -0.305176, -0.488281,Sitting
1797726, -0.275024, -0.653564, -0.697022, -0.366211, -1.831054, -0.915527,Sitting
1797746, -0.267822, -0.654297, -0.696900, -1.586914, -3.356933, 0.183105,Sitting
1797766, -0.290772, -0.652344, -0.701294, -1.464844, -4.516602, -0.427246,Sitting
1797786, -0.307129, -0.660522, -0.705933, -0.549316, -2.075196, 0.549316,Sitting
1797806, -0.276245, -0.645752, -0.709961, 0.610352, -0.610352, 0.610352,Sitting
1797826, -0.276367, -0.634400, -0.711060, -0.061035, -0.976562, 1.159668,Sitting
1797846, -0.287964, -0.654663, -0.704346, 1.098633, -2.258301, -0.122070,Sitting
1797866, -0.277100, -0.659302, -0.692139, -1.159668, -1.159668, 0.183105,Sitting
1797886, -0.274414, -0.666504, -0.699585, -1.525878, -1.037598, 0.244141,Sitting
1797906, -0.263306, -0.659424, -0.706909, -2.563476, -2.197266, 0.366211,Sitting
1797926, -0.260498, -0.635986, -0.714112, -2.319336, -4.455568, 0.549316,Sitting
1797946, -0.281128, -0.611572, -0.713257, -0.610352, -5.493162, 1.220704,Sitting
1797966, -0.285767, -0.618530, -0.721680, 1.342773, -4.455568, 0.671386,Sitting
1797986, -0.300293, -0.647461, -0.715210, 2.502442, -2.807617, 0.549316,Sitting
1798006, -0.302979, -0.668335, -0.701050, 2.868652, -1.586914, 0.427246,Sitting
1798026, -0.301514, -0.678711, -0.685913, 0.610352, -0.244141, 1.892090,Sitting
1798046, -0.285522, -0.656128, -0.695557, -0.610352, 0.000000, -0.183105,Sitting
1798066, -0.284546, -0.661377, -0.708984, -0.671386, 0.488281, 1.037598,Sitting
1798086, -0.284668, -0.638306, -0.711182, -1.342773, 0.732422, 0.000000,Sitting
1798106, -0.286865, -0.623169, -0.719116, -1.037598, 0.183105, -0.549316,Sitting
1798126, -0.290527, -0.613404, -0.723145, 0.488281, -0.366211, -0.305176,Sitting
1798146, -0.305298, -0.627808, -0.712280, 1.586914, 0.061035, -0.366211,Sitting
1798166, -0.307373, -0.647461, -0.702393, 2.685546, 1.159668, -0.305176,Sitting
1798186, -0.300415, -0.653198, -0.696167, 2.258301, 2.014160, -0.488281,Sitting
1798206, -0.285645, -0.664429, -0.693360, 2.136231, 1.525878, -0.366211,Sitting
1798226, -0.285400, -0.666016, -0.690674, 1.586914, 0.122070, 0.488281,Sitting
1798246, -0.297485, -0.664551, -0.694946, 1.281738, -1.464844, 0.488281,Sitting
1798266, -0.290405, -0.665528, -0.701294, 0.793457, -0.488281, 0.305176,Sitting
1798286, -0.269531, -0.662110, -0.705322, 0.305176, 0.366211, -0.061035,Sitting
1798306, -0.258667, -0.651489, -0.713989, 0.000000, 0.122070, -0.122070,Sitting
1798326, -0.263550, -0.644776, -0.712280, 0.000000, -1.037598, -0.976562,Sitting
1798346, -0.271729, -0.643066, -0.706665, 0.061035, -1.831054, -1.098633,Sitting
1798366, -0.286987, -0.644409, -0.704956, -0.305176, -0.976562, -0.793457,Sitting
1798386, -0.280884, -0.640991, -0.704346, -0.488281, -0.305176, -0.671386,Sitting
1798406, -0.281738, -0.644409, -0.704712, -0.427246, -1.098633, -1.098633,Sitting
1798426, -0.283691, -0.650879, -0.701294, -0.366211, -2.746581, -1.403808,Sitting
1798446, -0.307861, -0.651734, -0.703491, 0.061035, -2.319336, -0.732422,Sitting
1798466, -0.298950, -0.643188, -0.704590, -0.061035, 0.061035, 0.061035,Sitting
1798486, -0.306396, -0.637207, -0.712280, 1.220704, 0.366211, -0.488281,Sitting
1798506, -0.295044, -0.638794, -0.708862, 2.136231, 0.915527, -0.976562,Sitting
1798526, -0.301148, -0.644898, -0.706299, 2.441407, 1.525878, -0.854492,Sitting
1798546, -0.281372, -0.646606, -0.703003, 1.647949, 2.319336, -0.488281,Sitting
1798566, -0.264893, -0.645630, -0.707642, 2.014160, 1.281738, -0.122070,Sitting
1798586, -0.272827, -0.654785, -0.702026, 1.342773, 0.244141, 0.305176,Sitting
1798606, -0.272339, -0.657959, -0.703613, 1.647949, -0.915527, -0.976562,Sitting
1798626, -0.281616, -0.667114, -0.702637, 0.732422, -1.586914, -0.732422,Sitting
1798646, -0.280274, -0.654541, -0.700562, 0.732422, -1.525878, -0.122070,Sitting
1798666, -0.295654, -0.652100, -0.697388, 1.098633, -0.488281, -0.854492,Sitting
1798686, -0.290772, -0.658570, -0.695435, 1.098633, 0.366211, -0.671386,Sitting
1798706, -0.285400, -0.655762, -0.697754, 1.098633, 0.305176, -0.976562,Sitting
1798726, -0.284424, -0.657593, -0.699341, 1.098633, -0.427246, -0.488281,Sitting
1798746, -0.291016, -0.658936, -0.697632, 0.610352, -0.122070, -0.549316,Sitting
1798766, -0.289063, -0.659546, -0.700195, 0.244141, 0.671386, -0.732422,Sitting
1798786, -0.278198, -0.656616, -0.701050, 0.488281, 0.549316, -0.915527,Sitting
1798806, -0.276611, -0.660767, -0.698853, 0.305176, -0.244141, -1.037598,Sitting
1798826, -0.276978, -0.656860, -0.703125, 0.305176, -0.610352, -1.098633,Sitting
1798846, -0.281006, -0.657104, -0.699707, 0.122070, -0.366211, -0.793457,Sitting
1798866, -0.272461, -0.652832, -0.702637, 0.244141, -0.427246, -0.976562,Sitting
1798886, -0.278809, -0.656006, -0.703491, 0.488281, -0.976562, -1.647949,Sitting
1798906, -0.288696, -0.653687, -0.700562, -0.366211, -0.915527, -1.037598,Sitting
1798926, -0.284058, -0.648804, -0.700684, -0.488281, -0.488281, -0.610352,Sitting
1798946, -0.289307, -0.647949, -0.703125, 0.000000, 0.000000, -0.427246,Sitting
1798966, -0.285522, -0.650269, -0.703491, 0.305176, -0.244141, -0.976562,Sitting
1798986, -0.283081, -0.653809, -0.702637, 0.671386, -0.732422, -1.464844,Sitting
1799006, -0.290772, -0.654541, -0.702271, 0.061035, 0.549316, -0.549316,Sitting
1799026, -0.275024, -0.654907, -0.701904, 0.915527, 0.122070, -1.342773,Sitting
1799046, -0.269409, -0.659180, -0.700928, 0.427246, -1.037598, -0.549316,Sitting
1799066, -0.284546, -0.654053, -0.704102, 0.122070, -0.427246, -0.061035,Sitting
1799086, -0.281494, -0.649292, -0.704224, 0.549316, 0.305176, -1.037598,Sitting
1799106, -0.274658, -0.658447, -0.702393, 0.610352, 0.000000, -0.488281,Sitting
1799126, -0.276978, -0.662598, -0.697266, 0.854492, -0.793457, -0.793457,Sitting
1799146, -0.279053, -0.659058, -0.696411, 0.000000, -0.549316, 0.183105,Sitting
1799166, -0.274902, -0.649414, -0.703247, -0.122070, -1.098633, -0.305176,Sitting
1799186, -0.279297, -0.654419, -0.707642, 0.122070, -1.770019, -0.732422,Sitting
1799206, -0.295776, -0.659302, -0.707886, 1.281738, -1.708984, -1.281738,Sitting
1799226, -0.311646, -0.668945, -0.706909, 2.502442, -0.549316, -1.037598,Sitting
1799246, -0.298950, -0.656250, -0.698242, 2.380371, 3.906249, -1.037598,Sitting
1799266, -0.284180, -0.637329, -0.701904, 3.112792, 7.324218, 0.000000,Sitting
1799286, -0.231079, -0.641724, -0.704102, 2.014160, 6.469726, -0.366211,Sitting
1799306, -0.222656, -0.658325, -0.694946, 1.708984, 0.305176, -0.366211,Sitting
1799326, -0.255737, -0.669312, -0.693482, 1.159668, -3.723144, -0.488281,Sitting
1799346, -0.290894, -0.679077, -0.691284, 0.732422, -2.685546, 0.427246,Sitting
1799366, -0.286133, -0.675781, -0.688232, 0.244141, -1.892090, 0.244141,Sitting
1799386, -0.294434, -0.666626, -0.691284, 0.061035, -2.014160, -0.427246,Sitting
1799406, -0.296021, -0.658936, -0.697876, -0.244141, -1.403808, -1.159668,Sitting
1799426, -0.308838, -0.657959, -0.701660, -0.305176, -0.427246, -0.732422,Sitting
1799446, -0.292236, -0.656738, -0.694702, -0.549316, 0.244141, -1.159668,Sitting
1799466, -0.278809, -0.665894, -0.689575, -1.647949, 0.244141, -0.183105,Sitting
1799486, -0.259644, -0.653687, -0.694824, -2.319336, -0.061035, -0.732422,Sitting
1799506, -0.253418, -0.660767, -0.703980, -2.502442, -1.037598, 0.427246,Sitting
1799526, -0.266358, -0.655274, -0.707154, -2.075196, -1.464844, -0.549316,Sitting
1799546, -0.261230, -0.671753, -0.704590, -1.281738, -2.441407, -0.366211,Sitting
1799566, -0.271729, -0.664185, -0.700684, -1.647949, -1.586914, 0.366211,Sitting
1799586, -0.249023, -0.652100, -0.693848, -3.051757, -1.098633, 0.549316,Sitting
1799606, -0.258545, -0.634522, -0.718140, -2.746581, -3.356933, -0.183105,Sitting
1799626, -0.284180, -0.646851, -0.712036, -2.807617, -4.882814, -1.770019,Sitting
1799646, -0.317017, -0.664429, -0.696411, -3.173828, -4.211426, 1.098633,Sitting
1799666, -0.310913, -0.647949, -0.695068, -3.234863, -1.892090, -0.183105,Sitting
1799686, -0.276367, -0.656494, -0.701172, -2.624511, -0.976562, 0.488281,Sitting
1799706, -0.274048, -0.642090, -0.715820, -1.831054, -1.403808, 0.976562,Sitting
1799726, -0.291260, -0.656494, -0.711670, -0.427246, -2.441407, -0.305176,Sitting
1799746, -0.301636, -0.657837, -0.702271, -0.244141, -1.220704, -0.183105,Sitting
1799766, -0.287842, -0.650879, -0.704468, -0.061035, 1.586914, 0.366211,Sitting
1799786, -0.261841, -0.634522, -0.715820, 0.183105, 1.831054, 0.000000,Sitting
1799806, -0.253784, -0.639648, -0.709839, -0.183105, -1.220704, 0.122070,Sitting
1799826, -0.275635, -0.647583, -0.707154, 0.244141, -3.173828, -0.305176,Sitting
1799846, -0.280762, -0.666992, -0.711914, -0.305176, -2.075196, 0.671386,Sitting
1799866, -0.274536, -0.671875, -0.710816, -1.098633, -0.732422, 0.732422,Sitting
1799886, -0.255493, -0.657471, -0.709717, -1.953124, -1.525878, 0.854492,Sitting
1799906, -0.249146, -0.634155, -0.713989, -1.403808, -3.234863, -0.427246,Sitting
1799926, -0.260254, -0.630249, -0.709961, -2.136231, -4.882814, 0.610352,Sitting
1799946, -0.285156, -0.621338, -0.712402, -0.976562, -7.568358, -1.586914,Sitting
1799966, -0.315308, -0.643677, -0.707031, -1.220704, -7.873534, -1.953124,Sitting
1799986, -0.321533, -0.640137, -0.697998, -1.342773, -7.873534, -2.136231,Sitting
1800006, -0.347778, -0.645020, -0.703247, -1.464844, -5.798338, -1.525878,Sitting
1800026, -0.340454, -0.627442, -0.709473, -2.197266, -3.356933, -0.915527,Sitting
1800046, -0.317993, -0.614258, -0.709717, -1.770019, -1.281738, -1.037598,Sitting
1800066, -0.301880, -0.615845, -0.711670, -0.976562, -0.061035, -0.793457,Sitting
1800086, -0.284424, -0.630493, -0.707886, -0.305176, -0.244141, -1.892090,Sitting
1800106, -0.275757, -0.643799, -0.704468, -0.183105, -0.671386, -1.464844,Sitting
1800126, -0.271362, -0.650513, -0.706787, 0.244141, -1.525878, -0.732422,Sitting
1800146, -0.285645, -0.661011, -0.705444, 0.976562, -2.624511, -0.488281,Sitting
1800166, -0.287598, -0.669190, -0.697754, 0.854492, -2.990722, 0.610352,Sitting
1800186, -0.288086, -0.653687, -0.699585, -0.427246, -3.051757, -1.037598,Sitting
1800206, -0.287476, -0.654541, -0.705811, -0.793457, -1.892090, -0.793457,Sitting
1800226, -0.279419, -0.638916, -0.713135, -1.220704, -2.746581, -0.427246,Sitting
1800246, -0.289673, -0.639893, -0.707520, -1.037598, -4.760742, 1.586914,Sitting
1800266, -0.324341, -0.630249, -0.700318, -0.183105, -4.272462, 0.061035,Sitting
1800286, -0.328735, -0.649170, -0.713867, 1.831054, -1.403808, -2.380371,Sitting
1800306, -0.334106, -0.659912, -0.725464, 2.075196, 2.990722, -1.098633,Sitting
1800326, -0.310425, -0.637329, -0.714966, 2.014160, 5.798338, -0.061035,Sitting
1800346, -0.292847, -0.622314, -0.694702, 2.258301, 4.821778, -1.037598,Sitting
1800366, -0.266602, -0.612427, -0.695435, 1.525878, 3.112792, -0.732422,Sitting
1800386, -0.248657, -0.609863, -0.709351, 1.403808, -0.793457, 0.244141,Sitting
1800406, -0.282715, -0.623169, -0.718018, 0.732422, -3.417968, -5.004884,Sitting
1800426, -0.288696, -0.701660, -0.695190, 1.159668, -5.310058, 1.892090,Sitting
1800446, -0.298340, -0.674194, -0.683350, -1.770019, -5.737304, 2.014160,Sitting
1800466, -0.293945, -0.648194, -0.701782, -2.197266, -8.239746, -1.403808,Sitting
1800486, -0.300781, -0.655762, -0.714112, -1.525878, -8.178714, -1.098633,Sitting
1800506, -0.307495, -0.636353, -0.721802, -1.220704, -6.225584, -1.159668,Sitting
1800526, -0.295044, -0.639404, -0.723999, -0.854492, -2.563476, -0.854492,Sitting
1800546, -0.327881, -0.626831, -0.721192, -0.305176, -0.244141, -0.061035,Sitting
1800566, -0.315186, -0.629028, -0.705933, 0.427246, -0.061035, -1.708984,Sitting
1800586, -0.306519, -0.638916, -0.691895, 0.183105, -0.183105, -1.647949,Sitting
1800606, -0.279907, -0.642212, -0.694824, -0.366211, -0.305176, -1.098633,Sitting
1800626, -0.298584, -0.644043, -0.702148, -0.610352, -1.159668, -0.915527,Sitting
1800646, -0.311279, -0.646240, -0.692993, -0.305176, -2.868652, -1.586914,Sitting
1800666, -0.318115, -0.655762, -0.689209, 0.183105, -2.929687, -0.793457,Sitting
1800686, -0.318359, -0.657471, -0.694336, -0.305176, 0.915527, 0.732422,Sitting
1800706, -0.299927, -0.646973, -0.703491, 0.000000, -0.122070, 1.037598,Sitting
1800726, -0.315918, -0.641113, -0.702148, 0.122070, -0.549316, -0.976562,Sitting
1800746, -0.295166, -0.638550, -0.708130, 0.488281, 0.000000, -0.610352,Sitting
1800766, -0.291504, -0.635864, -0.710938, -0.427246, 1.159668, 1.403808,Sitting
1800786, -0.272949, -0.633301, -0.709229, 0.488281, -0.976562, -0.122070,Sitting
1800806, -0.297485, -0.647339, -0.707031, -0.244141, -2.746581, 0.732422,Sitting
1800826, -0.308472, -0.641480, -0.707398, 0.305176, -2.319336, 0.000000,Sitting
1800846, -0.309448, -0.649170, -0.707642, -0.305176, -0.549316, 0.671386,Sitting
1800866, -0.300049, -0.636597, -0.712524, -0.244141, -0.183105, 0.305176,Sitting
1800886, -0.304688, -0.634888, -0.707520, 0.183105, -2.258301, -0.122070,Sitting
1800906, -0.313477, -0.634644, -0.699951, 0.122070, -2.807617, -0.488281,Sitting
1800926, -0.316650, -0.637818, -0.700440, -0.366211, -2.319336, 0.061035,Sitting
1800946, -0.318970, -0.636841, -0.703125, -0.671386, -1.525878, 0.244141,Sitting
1800966, -0.304199, -0.636230, -0.702759, -0.915527, -1.647949, -0.061035,Sitting
1800986, -0.302979, -0.637329, -0.706055, -0.915527, -2.624511, -0.671386,Sitting
1801006, -0.309204, -0.648438, -0.700806, -0.793457, -3.479003, -0.366211,Sitting
1801026, -0.320313, -0.653198, -0.696900, -1.159668, -2.441407, 0.854492,Sitting
1801046, -0.299316, -0.641602, -0.698853, -0.793457, -1.708984, 0.061035,Sitting
1801066, -0.297608, -0.640991, -0.707276, -0.732422, -2.014160, 0.549316,Sitting
1801086, -0.309204, -0.635742, -0.710571, -0.366211, -2.624511, 0.244141,Sitting
1801106, -0.313232, -0.638306, -0.701172, -0.732422, -1.464844, 0.366211,Sitting
1801126, -0.309082, -0.635498, -0.705933, -0.915527, -1.586914, 0.488281,Sitting
1801146, -0.318115, -0.623657, -0.714356, -0.183105, -1.892090, -0.061035,Sitting
1801166, -0.333252, -0.630005, -0.713867, 0.366211, -0.976562, -0.122070,Sitting
1801186, -0.323242, -0.639160, -0.704102, 0.610352, -0.488281, -0.549316,Sitting
1801206, -0.313232, -0.640625, -0.700440, -0.244141, 0.183105, 0.366211,Sitting
1801226, -0.301270, -0.624634, -0.703247, -0.610352, -0.488281, -0.061035,Sitting
1801246, -0.319702, -0.624756, -0.706909, 0.305176, -1.708984, -0.671386,Sitting
1801266, -0.320679, -0.632568, -0.698975, 0.183105, -1.586914, -0.793457,Sitting
1801286, -0.320801, -0.640381, -0.695435, 0.366211, -1.159668, -0.244141,Sitting
1801306, -0.307495, -0.645630, -0.698364, 0.061035, -1.159668, 0.366211,Sitting
1801326, -0.312622, -0.644043, -0.705078, -0.061035, -2.319336, 0.061035,Sitting
1801346, -0.315552, -0.640015, -0.708008, -0.366211, -1.464844, 0.305176,Sitting
1801366, -0.311768, -0.634766, -0.709351, -0.366211, -1.159668, 0.366211,Sitting
1801386, -0.306030, -0.633179, -0.705688, -0.244141, -1.220704, 0.244141,Sitting
1801406, -0.314087, -0.632324, -0.711792, -0.305176, -1.831054, -0.061035,Sitting
1801426, -0.320313, -0.632324, -0.709839, -0.122070, -1.647949, -0.427246,Sitting
1801446, -0.316650, -0.632690, -0.707154, -0.488281, -0.671386, 0.793457,Sitting
1801466, -0.315674, -0.621216, -0.711304, 0.305176, -0.488281, 0.061035,Sitting
1801486, -0.314941, -0.634278, -0.708252, 0.610352, -1.159668, -1.098633,Sitting
1801506, -0.323364, -0.632935, -0.704102, 0.610352, -1.831054, -0.732422,Sitting
1801526, -0.332153, -0.638672, -0.696900, 0.671386, -1.647949, -0.366211,Sitting
1801546, -0.321533, -0.627808, -0.700440, 0.183105, -0.488281, 0.305176,Sitting
1801566, -0.322022, -0.635986, -0.705200, 0.427246, -0.305176, -0.366211,Sitting
1801586, -0.311157, -0.641602, -0.696289, 0.061035, -1.342773, -0.244141,Sitting
1801606, -0.308106, -0.642334, -0.697632, -0.061035, -2.563476, -0.488281,Sitting
1801626, -0.312378, -0.639771, -0.699585, -0.915527, -2.258301, 0.610352,Sitting
1801646, -0.317505, -0.630860, -0.708496, -0.488281, -2.319336, 0.366211,Sitting
1801666, -0.325928, -0.635620, -0.711182, -0.122070, -1.953124, -0.427246,Sitting
1801686, -0.320801, -0.638794, -0.703003, -0.366211, -1.525878, -0.427246,Sitting
1801706, -0.345459, -0.644654, -0.706055, 0.061035, -1.159668, -1.220704,Sitting
1801726, -0.375000, -0.659790, -0.691895, 0.610352, 0.183105, -2.014160,Sitting
1801746, -0.366211, -0.656006, -0.659058, 0.671386, 2.929687, -3.601074,Sitting
1801766, -0.402222, -0.621460, -0.710938, 3.601074, 11.901852, -4.577638,Sitting
1801786, -0.333618, -0.553589, -0.735352, 4.150392, 18.371584, -1.281738,Sitting
1801806, -0.256958, -0.550904, -0.751099, 4.821778, 18.554690, 0.671386,Sitting
1801826, -0.165772, -0.595581, -0.746338, 3.479003, 10.681150, 0.610352,Sitting
1801846, -0.162231, -0.645996, -0.716187, 2.197266, -0.488281, 0.549316,Sitting
1801866, -0.228149, -0.679199, -0.703613, 0.610352, -7.202148, 0.366211,Sitting
1801886, -0.277222, -0.702271, -0.693115, -0.793457, -10.375976, -0.549316,Sitting
1801906, -0.293579, -0.693604, -0.692383, -1.892090, -10.742184, -1.342773,Sitting
1801926, -0.317383, -0.669434, -0.687256, -5.371092, -9.521484, -1.586914,Sitting
1801946, -0.338379, -0.632080, -0.702515, -3.295898, -6.469726, -1.647949,Sitting
1801966, -0.353882, -0.644654, -0.697998, -1.403808, -3.051757, -3.845214,Sitting
1801986, -0.362427, -0.634888, -0.684692, 0.122070, -2.136231, -4.577638,Sitting
1802006, -0.337646, -0.618652, -0.691895, 0.610352, -1.098633, -3.234863,Sitting
1802026, -0.328858, -0.615112, -0.712036, 1.281738, -1.708984, -2.807617,Sitting
1802047, -0.333740, -0.613404, -0.713989, 0.976562, -3.173828, -2.014160,Sitting
1802067, -0.338623, -0.616455, -0.712158, 0.610352, -3.173828, -1.159668,Sitting
1802087, -0.333008, -0.614014, -0.716431, 1.708984, -1.281738, -0.183105,Sitting
1802107, -0.300171, -0.623535, -0.716797, 2.624511, 0.610352, -0.488281,Sitting
1802127, -0.281738, -0.646240, -0.728394, 3.723144, 0.793457, -0.244141,Sitting
1802147, -0.289551, -0.663086, -0.710449, 3.417968, -1.831054, -0.732422,Sitting
1802167, -0.303223, -0.656860, -0.679199, 0.915527, -3.723144, -2.441407,Sitting
1802187, -0.296753, -0.649414, -0.689942, -0.671386, 0.244141, -1.770019,Sitting
1802207, -0.269775, -0.645874, -0.714600, 0.244141, 1.159668, 1.220704,Sitting
1802227, -0.286377, -0.635742, -0.711792, 1.342773, -0.793457, 0.732422,Sitting
1802247, -0.310547, -0.645874, -0.701416, 3.234863, -2.197266, -1.708984,Sitting
1802267, -0.322754, -0.657471, -0.692383, 2.990722, -0.122070, -0.793457,Sitting
1802287, -0.310547, -0.656372, -0.686646, 2.014160, 2.502442, 1.464844,Sitting
1802307, -0.296387, -0.652466, -0.690674, 1.403808, 1.464844, 0.854492,Sitting
1802327, -0.297119, -0.663574, -0.691406, 0.305176, -2.075196, -0.122070,Sitting
1802347, -0.306763, -0.654663, -0.692383, -0.976562, -4.638672, -0.732422,Sitting
1802367, -0.328491, -0.652344, -0.699463, -2.319336, -4.272462, 0.488281,Sitting
1802387, -0.322022, -0.637451, -0.696411, -2.319336, -3.845214, 0.610352,Sitting
1802407, -0.322022, -0.640381, -0.692749, -1.770019, -5.249022, -0.183105,Sitting
1802427, -0.331543, -0.650635, -0.695679, -1.342773, -4.760742, 0.000000,Sitting
1802447, -0.321411, -0.655274, -0.695557, -1.647949, -2.868652, 0.427246,Sitting
1802467, -0.303955, -0.645996, -0.702881, -1.586914, -1.770019, 0.732422,Sitting
1802487, -0.288086, -0.631958, -0.709473, -1.342773, -2.319336, 0.610352,Sitting
1802507, -0.296265, -0.627564, -0.710571, -0.976562, -3.906249, 0.732422,Sitting
1802527, -0.307373, -0.637818, -0.702148, -1.098633, -4.272462, 0.488281,Sitting
1802547, -0.307739, -0.642212, -0.698853, -1.037598, -3.173828, 0.671386,Sitting
1802567, -0.302734, -0.638916, -0.703491, -1.281738, -2.929687, 0.488281,Sitting
1802587, -0.332642, -0.630615, -0.708008, -0.671386, -4.150392, -1.159668,Sitting
1802607, -0.355469, -0.637940, -0.698120, -0.366211, -3.845214, -1.892090,Sitting
1802627, -0.348633, -0.647095, -0.684204, -1.342773, -0.671386, -0.366211,Sitting
1802647, -0.342285, -0.637329, -0.694580, -1.892090, 0.610352, 0.305176,Sitting
1802667, -0.334595, -0.619995, -0.704956, -1.586914, 1.159668, -1.159668,Sitting
1802687, -0.328858, -0.623902, -0.704224, -0.610352, 1.098633, 0.061035,Sitting
1802707, -0.310913, -0.605469, -0.702881, 0.122070, 0.976562, -1.037598,Sitting
1802727, -0.316772, -0.645874, -0.699829, 1.342773, -0.122070, -0.549316,Sitting
1802747, -0.322144, -0.644043, -0.700195, 0.732422, -0.366211, 0.305176,Sitting
1802767, -0.314453, -0.651734, -0.700806, 0.671386, -1.037598, -0.366211,Sitting
1802787, -0.306274, -0.638916, -0.705200, -0.427246, -1.281738, 1.037598,Sitting
1802807, -0.308716, -0.620606, -0.709473, -0.366211, -2.563476, -0.183105,Sitting
1802827, -0.332153, -0.632812, -0.695923, 0.244141, -3.417968, -0.732422,Sitting
1802847, -0.353027, -0.675659, -0.697144, 1.098633, 0.671386, -1.342773,Sitting
1802867, -0.335449, -0.661255, -0.703858, 1.098633, 4.455568, -0.976562,Sitting
1802887, -0.313477, -0.619629, -0.714722, 2.014160, 5.737304, -1.098633,Sitting
1802907, -0.286865, -0.596558, -0.715210, 2.624511, 5.126952, -2.014160,Sitting
1802927, -0.294678, -0.606445, -0.711304, 2.319336, 3.295898, -1.831054,Sitting
1802947, -0.287109, -0.613159, -0.697998, 1.464844, 1.281738, -1.159668,Sitting
1802967, -0.306152, -0.628662, -0.702637, 1.220704, -0.610352, -0.488281,Sitting
1802987, -0.302246, -0.637940, -0.710816, 1.953124, -2.258301, -0.488281,Sitting
1803007, -0.329102, -0.658203, -0.700318, 2.319336, -3.112792, -0.915527,Sitting
1803027, -0.343628, -0.667969, -0.678711, 2.136231, -3.234863, -0.976562,Sitting
1803047, -0.349976, -0.667847, -0.665650, 0.671386, -2.197266, -0.915527,Sitting
1803067, -0.346802, -0.646973, -0.691162, -0.366211, 0.061035, -1.281738,Sitting
1803087, -0.329468, -0.635498, -0.706421, -0.549316, 0.427246, -1.586914,Sitting
1803107, -0.318359, -0.631226, -0.712769, -0.305176, -0.366211, -1.525878,Sitting
1803127, -0.303833, -0.631592, -0.702637, -0.061035, -1.342773, -1.098633,Sitting
1803147, -0.305176, -0.642090, -0.687744, 0.427246, -2.319336, -0.732422,Sitting
1803167, -0.328369, -0.643311, -0.688477, 0.549316, -1.403808, -0.305176,Sitting
1803187, -0.329102, -0.640869, -0.700073, 0.427246, 1.342773, 0.061035,Sitting
1803207, -0.308594, -0.637695, -0.713623, 0.549316, 3.784179, -0.305176,Sitting
1803227, -0.266602, -0.637207, -0.710083, -0.305176, 3.723144, -0.976562,Sitting
1803247, -0.275757, -0.644287, -0.709351, 0.488281, -1.464844, -2.319336,Sitting
1803267, -0.308472, -0.653687, -0.696289, 0.183105, -5.126952, -2.319336,Sitting
1803287, -0.351685, -0.654175, -0.681641, -0.610352, -2.441407, -0.488281,Sitting
1803307, -0.335083, -0.646729, -0.692261, -1.098633, 0.976562, -0.061035,Sitting
1803327, -0.310791, -0.634033, -0.702393, -1.342773, 2.014160, -1.098633,Sitting
1803347, -0.315796, -0.637329, -0.706909, -0.549316, 1.281738, -2.075196,Sitting
1803367, -0.314697, -0.646240, -0.701294, -0.061035, 1.708984, -1.281738,Sitting
1803387, -0.297852, -0.646606, -0.699219, 0.183105, 1.770019, -0.976562,Sitting
1803407, -0.291382, -0.645386, -0.703980, -0.061035, 0.305176, -0.732422,Sitting
1803427, -0.299072, -0.638672, -0.704590, -0.488281, -1.098633, -1.281738,Sitting
1803447, -0.309326, -0.635254, -0.702148, -0.671386, -1.586914, -1.647949,Sitting
1803467, -0.314453, -0.632935, -0.707031, -0.732422, -1.220704, -1.098633,Sitting
1803487, -0.315674, -0.631714, -0.708984, 0.000000, -1.037598, -0.915527,Sitting
1803507, -0.323486, -0.642212, -0.698608, 0.549316, -1.342773, -1.281738,Sitting
1803527, -0.324707, -0.642944, -0.691772, 0.183105, -0.549316, -0.793457,Sitting
1803547, -0.316162, -0.637940, -0.698608, 0.061035, 0.549316, -0.305176,Sitting
1803567, -0.303833, -0.635132, -0.704956, 0.488281, 0.488281, -0.427246,Sitting
1803587, -0.303101, -0.637818, -0.705444, 0.976562, -0.488281, -0.427246,Sitting
1803607, -0.316162, -0.645874, -0.703980, 1.220704, -0.610352, -0.732422,Sitting
1803627, -0.309814, -0.645752, -0.699707, 0.671386, 0.305176, -0.366211,Sitting
1803647, -0.298950, -0.644165, -0.698364, 0.549316, 0.671386, 0.000000,Sitting
1803667, -0.288208, -0.644531, -0.700195, 0.244141, -0.427246, -0.427246,Sitting
1803687, -0.305908, -0.642578, -0.706787, 0.488281, -1.953124, -0.915527,Sitting
1803707, -0.324707, -0.642212, -0.704956, 0.488281, -1.586914, -0.976562,Sitting
1803727, -0.321289, -0.639404, -0.701782, 0.122070, 1.037598, -0.366211,Sitting
1803747, -0.305908, -0.637451, -0.702393, 0.427246, 0.793457, -0.854492,Sitting
1803767, -0.311035, -0.638184, -0.704346, 0.854492, -0.061035, -1.464844,Sitting
1803787, -0.320190, -0.639160, -0.699951, 0.976562, 0.244141, -1.586914,Sitting
1803807, -0.312988, -0.642334, -0.695557, 0.671386, 1.220704, -1.037598,Sitting
1803827, -0.295410, -0.641602, -0.696411, 0.305176, 0.671386, -0.854492,Sitting
1803847, -0.301270, -0.645996, -0.701172, 0.427246, -0.915527, -1.159668,Sitting
1803867, -0.305298, -0.651612, -0.699585, 0.000000, -1.831054, -1.159668,Sitting
1803887, -0.309570, -0.651123, -0.697266, -0.366211, -1.708984, -0.488281,Sitting
1803907, -0.303101, -0.649048, -0.696900, -0.915527, -1.403808, -0.305176,Sitting
1803927, -0.298584, -0.641358, -0.701660, -1.159668, -1.647949, -0.671386,Sitting
1803947, -0.307739, -0.647705, -0.700928, -0.854492, -3.234863, -1.098633,Sitting
1803967, -0.318848, -0.653564, -0.703858, -0.549316, -2.624511, -1.159668,Sitting
1803987, -0.328125, -0.644287, -0.706299, 0.061035, -0.183105, -0.244141,Sitting
1804007, -0.325317, -0.639771, -0.708984, 1.586914, 1.953124, -1.037598,Sitting
1804027, -0.308594, -0.633789, -0.706909, 1.403808, 4.089356, -0.244141,Sitting
1804047, -0.281128, -0.618164, -0.713135, 1.159668, 4.455568, -0.366211,Sitting
1804067, -0.270386, -0.625977, -0.706665, 0.427246, 1.525878, -0.671386,Sitting
1804087, -0.290039, -0.638794, -0.700562, -0.122070, -1.342773, -0.671386,Sitting
1804107, -0.310303, -0.646118, -0.699219, -0.732422, -2.929687, -1.098633,Sitting
1804127, -0.323608, -0.652588, -0.689331, -1.647949, -4.272462, -1.586914,Sitting
1804147, -0.347534, -0.661499, -0.681152, -3.967285, -3.601074, -0.061035,Sitting
1804167, -0.338745, -0.649048, -0.687012, -4.211426, -1.342773, -0.671386,Sitting
1804187, -0.329956, -0.629272, -0.708130, -3.173828, 1.708984, -0.366211,Sitting
1804207, -0.287476, -0.625610, -0.719849, -0.061035, 2.380371, -1.403808,Sitting
1804227, -0.276123, -0.643677, -0.718018, 1.464844, 0.671386, -1.281738,Sitting
1804247, -0.258789, -0.650024, -0.704834, 1.464844, -1.525878, -0.915527,Sitting
1804267, -0.269165, -0.656616, -0.700440, 0.488281, -3.234863, -0.671386,Sitting
1804287, -0.278687, -0.654175, -0.702026, -0.976562, -4.211426, -0.183105,Sitting
1804307, -0.296997, -0.638306, -0.709595, -1.708984, -4.455568, -0.244141,Sitting
1804327, -0.315308, -0.633301, -0.714600, -1.403808, -4.211426, -0.793457,Sitting
1804347, -0.326904, -0.633911, -0.712646, -1.098633, -3.479003, -0.915527,Sitting
1804367, -0.333496, -0.636230, -0.705566, -0.732422, -1.464844, 0.671386,Sitting
1804387, -0.323120, -0.627320, -0.709595, 1.281738, -0.793457, -1.037598,Sitting
1804407, -0.331421, -0.627320, -0.706787, 1.098633, 0.305176, -0.427246,Sitting
1804427, -0.328735, -0.633789, -0.704346, 1.831054, 1.342773, -0.793457,Sitting
1804447, -0.312988, -0.638062, -0.699707, 0.976562, 1.953124, -0.061035,Sitting
1804467, -0.300171, -0.639282, -0.700440, 0.427246, 1.281738, 0.122070,Sitting
1804487, -0.297119, -0.640015, -0.704956, 0.244141, 0.610352, -0.305176,Sitting
1804507, -0.296631, -0.639038, -0.711304, 0.549316, -0.061035, -0.671386,Sitting
1804527, -0.297974, -0.644898, -0.706909, 0.732422, -0.854492, -0.305176,Sitting
1804547, -0.305664, -0.640991, -0.702393, 1.037598, -1.281738, -0.732422,Sitting
1804567, -0.304688, -0.644287, -0.698486, 0.915527, -1.586914, -0.793457,Sitting
1804587, -0.312500, -0.640625, -0.701416, 0.671386, -1.708984, -0.366211,Sitting
1804607, -0.321167, -0.639404, -0.706177, 0.732422, -0.793457, -0.732422,Sitting
1804627, -0.314697, -0.631836, -0.707398, 0.610352, 0.183105, -0.427246,Sitting
1804647, -0.312256, -0.632568, -0.708984, 0.915527, 0.610352, -0.671386,Sitting
1804667, -0.305664, -0.640869, -0.702393, 0.549316, 0.732422, -0.854492,Sitting
1804687, -0.307007, -0.648194, -0.698364, 0.305176, 0.366211, -0.915527,Sitting
1804707, -0.298706, -0.646973, -0.697754, -0.061035, 0.061035, -0.732422,Sitting
1804727, -0.301025, -0.640259, -0.704468, -0.061035, -0.488281, -0.549316,Sitting
1804747, -0.301270, -0.633057, -0.707398, 0.244141, -1.037598, -0.488281,Sitting
1804767, -0.312866, -0.635742, -0.708130, 1.037598, -1.220704, -0.671386,Sitting
1804787, -0.310669, -0.641724, -0.702759, 0.976562, -0.610352, -0.732422,Sitting
1804807, -0.307373, -0.644776, -0.699463, 0.427246, -0.427246, -0.488281,Sitting
1804827, -0.309937, -0.641480, -0.704102, -0.061035, -0.854492, -0.305176,Sitting
1804847, -0.305054, -0.643555, -0.701294, -0.122070, -0.366211, -0.244141,Sitting
1804867, -0.297363, -0.642944, -0.702881, 0.244141, -0.610352, -0.366211,Sitting
1804887, -0.302490, -0.643311, -0.706909, 0.244141, -1.220704, -0.183105,Sitting
1804907, -0.305542, -0.635498, -0.708496, 0.549316, -1.403808, -0.061035,Sitting
1804927, -0.318359, -0.636353, -0.708252, 1.037598, -0.732422, -0.793457,Sitting
1804947, -0.309448, -0.644531, -0.701660, 0.610352, -0.122070, -0.793457,Sitting
1804967, -0.301148, -0.642334, -0.700806, 0.061035, -0.854492, 0.061035,Sitting
1804987, -0.307617, -0.635254, -0.704102, 0.122070, -0.915527, 0.183105,Sitting
1805007, -0.313843, -0.633911, -0.707520, 0.610352, -0.854492, -0.610352,Sitting
1805027, -0.315186, -0.642578, -0.701538, 0.671386, -0.244141, -0.488281,Sitting
1805047, -0.304321, -0.645996, -0.697876, 0.549316, 0.183105, -0.366211,Sitting
1805067, -0.296509, -0.646240, -0.698975, 0.366211, -0.488281, -0.305176,Sitting
1805087, -0.304443, -0.640137, -0.704224, 0.305176, -1.464844, -0.549316,Sitting
1805107, -0.314331, -0.644043, -0.703125, 0.183105, -1.403808, -0.549316,Sitting
1805127, -0.311401, -0.641724, -0.701904, -0.183105, -0.854492, -0.366211,Sitting
1805147, -0.301880, -0.640015, -0.702271, -0.244141, -0.732422, -0.610352,Sitting
1805167, -0.309326, -0.638794, -0.704712, -0.183105, -1.220704, -0.732422,Sitting
1805187, -0.316040, -0.641846, -0.703003, -0.244141, -0.854492, -0.671386,Sitting
1805207, -0.307861, -0.640625, -0.701904, -0.244141, -0.427246, -0.366211,Sitting
1805227, -0.297608, -0.638184, -0.707398, 0.000000, -0.549316, -0.549316,Sitting
1805247, -0.311279, -0.640869, -0.709229, 0.427246, -1.098633, -0.854492,Sitting
1805267, -0.314087, -0.642090, -0.700684, 0.305176, -0.427246, -0.610352,Sitting
1805287, -0.300415, -0.641236, -0.700195, -0.061035, 0.183105, -0.427246,Sitting
1805307, -0.297119, -0.635986, -0.703369, -0.061035, -0.549316, -0.305176,Sitting
1805327, -0.309814, -0.638550, -0.707520, 0.183105, -1.220704, -0.732422,Sitting
1805347, -0.320923, -0.641968, -0.706299, 0.732422, -0.854492, -0.671386,Sitting
1805367, -0.313721, -0.639648, -0.701172, 0.305176, 0.244141, -0.854492,Sitting
1805387, -0.294678, -0.641358, -0.703369, 0.549316, 0.000000, -0.671386,Sitting
1805407, -0.307373, -0.642944, -0.700928, 0.427246, -0.976562, -0.671386,Sitting
1805427, -0.314209, -0.646240, -0.700684, 0.122070, -1.037598, -0.976562,Sitting
1805447, -0.312378, -0.642822, -0.701172, -0.183105, -0.427246, -0.366211,Sitting
1805467, -0.291626, -0.637818, -0.700073, -0.488281, -0.671386, 0.000000,Sitting
1805487, -0.314209, -0.639526, -0.711914, 0.488281, -2.502442, -0.854492,Sitting
1805507, -0.324829, -0.647339, -0.707764, 0.427246, -1.647949, -1.159668,Sitting
1805527, -0.319702, -0.653076, -0.702637, 0.061035, -0.244141, -0.793457,Sitting
1805547, -0.302002, -0.644409, -0.697266, -0.671386, 0.000000, -0.244141,Sitting
1805567, -0.299438, -0.630860, -0.705200, -0.122070, -0.671386, -0.305176,Sitting
1805587, -0.307861, -0.625977, -0.708374, 0.366211, -0.366211, -0.732422,Sitting
1805607, -0.306641, -0.632446, -0.704956, 0.671386, 0.549316, -0.610352,Sitting
1805627, -0.300903, -0.637329, -0.702881, 0.732422, 0.854492, -0.854492,Sitting
1805647, -0.300659, -0.649292, -0.702393, 0.854492, 0.183105, -0.793457,Sitting
1805667, -0.312012, -0.652466, -0.696289, 0.671386, -0.183105, -0.793457,Sitting
1805687, -0.315308, -0.652344, -0.692261, 0.427246, 0.183105, -0.366211,Sitting
1805707, -0.298462, -0.643066, -0.702515, 0.305176, 0.610352, -0.122070,Sitting
1805727, -0.300537, -0.648926, -0.704468, 0.061035, -0.305176, -0.671386,Sitting
1805747, -0.303345, -0.653564, -0.700073, -0.122070, -1.098633, -0.427246,Sitting
1805767, -0.303223, -0.644409, -0.702026, -0.671386, -1.281738, -0.366211,Sitting
1805787, -0.308350, -0.641968, -0.704102, -1.098633, -0.671386, 0.122070,Sitting
1805807, -0.302124, -0.635376, -0.706177, -0.793457, -0.488281, -0.122070,Sitting
1805827, -0.304443, -0.639038, -0.709473, -0.549316, -0.610352, -0.793457,Sitting
1805847, -0.308350, -0.642944, -0.708374, -0.122070, -0.976562, -0.976562,Sitting
1805867, -0.310425, -0.643433, -0.702148, -0.610352, -1.037598, -0.793457,Sitting
1805887, -0.312744, -0.638672, -0.697510, -1.220704, -1.220704, -0.732422,Sitting
1805907, -0.307617, -0.631958, -0.700073, -1.159668, -1.281738, -0.488281,Sitting
1805927, -0.307739, -0.617920, -0.716187, 0.122070, -0.854492, -1.342773,Sitting
1805947, -0.312378, -0.627930, -0.720215, -0.671386, -0.488281, 0.915527,Sitting
1805967, -0.312866, -0.621460, -0.712036, 0.732422, -1.342773, -0.488281,Sitting
1805987, -0.314941, -0.638062, -0.702881, 0.549316, -0.915527, 0.122070,Sitting
1806007, -0.305908, -0.637818, -0.703736, 0.976562, 0.061035, 0.000000,Sitting
1806027, -0.300293, -0.646362, -0.708252, 1.037598, 0.488281, -0.183105,Sitting
1806047, -0.295044, -0.646973, -0.706177, 0.976562, -0.061035, -0.122070,Sitting
1806067, -0.300903, -0.645874, -0.704346, 1.342773, -1.220704, -0.610352,Sitting
1806087, -0.298950, -0.646606, -0.701660, 0.732422, -1.220704, -0.305176,Sitting
1806107, -0.294800, -0.644287, -0.702393, 0.549316, -1.037598, -0.061035,Sitting
1806127, -0.293335, -0.643799, -0.707520, 0.366211, -1.464844, -0.366211,Sitting
1806147, -0.304321, -0.644287, -0.707276, 0.061035, -1.953124, -0.671386,Sitting
1806167, -0.312012, -0.639282, -0.702148, -0.183105, -1.342773, -0.244141,Sitting
1806187, -0.308838, -0.636230, -0.702759, -0.061035, -0.854492, -0.244141,Sitting
1806207, -0.306885, -0.636353, -0.704590, -0.183105, -1.281738, -0.610352,Sitting
1806227, -0.313843, -0.638550, -0.701416, -0.244141, -1.770019, -0.549316,Sitting
1806247, -0.315308, -0.638184, -0.701782, -0.061035, -1.525878, -0.427246,Sitting
1806267, -0.311890, -0.634155, -0.704956, 0.000000, -0.854492, -0.427246,Sitting
1806287, -0.314209, -0.638794, -0.708252, 0.427246, -1.037598, -0.427246,Sitting
1806307, -0.313721, -0.636597, -0.703003, 0.671386, -1.586914, -0.732422,Sitting
1806327, -0.310425, -0.644776, -0.697144, 0.427246, -1.220704, -0.366211,Sitting
1806347, -0.307373, -0.635498, -0.703491, 0.427246, -1.220704, -0.183105,Sitting
1806367, -0.314697, -0.635742, -0.709351, 0.488281, -0.610352, -0.305176,Sitting
1806387, -0.308960, -0.639771, -0.704102, 0.610352, -0.305176, -0.244141,Sitting
1806407, -0.294922, -0.641602, -0.701904, 0.366211, -0.488281, -0.061035,Sitting
1806427, -0.295898, -0.640625, -0.705444, 0.427246, -1.281738, -0.061035,Sitting
1806447, -0.306885, -0.642700, -0.705811, 0.671386, -1.647949, -0.366211,Sitting
1806467, -0.317261, -0.646606, -0.707764, 0.793457, -1.098633, -0.549316,Sitting
1806487, -0.309326, -0.646851, -0.692627, 0.366211, -0.854492, -0.610352,Sitting
1806507, -0.301392, -0.643677, -0.701172, -0.183105, -0.488281, -0.244141,Sitting
1806527, -0.305054, -0.638794, -0.703247, -0.183105, -1.098633, -0.854492,Sitting
1806547, -0.313355, -0.635498, -0.706543, 0.122070, -1.708984, -0.915527,Sitting
1806567, -0.315674, -0.637695, -0.703736, -0.183105, -1.037598, -0.793457,Sitting
1806587, -0.313843, -0.638184, -0.703125, 0.122070, -0.366211, -0.854492,Sitting
1806607, -0.311035, -0.640869, -0.702881, 0.244141, -0.732422, -1.342773,Sitting
1806627, -0.321655, -0.644898, -0.704468, 0.061035, -0.427246, -1.037598,Sitting
1806647, -0.315430, -0.639526, -0.702881, -0.488281, 0.915527, -0.671386,Sitting
1806667, -0.297363, -0.634766, -0.702271, -0.122070, -0.366211, -0.671386,Sitting
1806687, -0.310181, -0.639771, -0.701294, 0.671386, -2.075196, -0.854492,Sitting
1806707, -0.326050, -0.645752, -0.701904, 0.854492, -0.976562, -0.610352,Sitting
1806727, -0.318359, -0.637818, -0.706543, 0.427246, 1.586914, 0.000000,Sitting
1806747, -0.286011, -0.635010, -0.705322, 0.427246, 1.220704, -0.427246,Sitting
1806767, -0.279419, -0.640259, -0.704712, 0.732422, -1.708984, -0.549316,Sitting
1806787, -0.309326, -0.643433, -0.703613, 0.549316, -2.197266, -0.366211,Sitting
1806807, -0.322876, -0.646484, -0.703247, 0.061035, 0.244141, -0.183105,Sitting
1806827, -0.300415, -0.640381, -0.702881, -0.061035, 0.122070, -0.488281,Sitting
1806847, -0.311890, -0.640625, -0.701172, 0.305176, -0.427246, -0.976562,Sitting
1806867, -0.318237, -0.643311, -0.698120, 0.610352, -0.122070, -0.976562,Sitting
1806887, -0.315918, -0.645508, -0.697876, 0.305176, 0.671386, -0.732422,Sitting
1806907, -0.306519, -0.643311, -0.702148, -0.305176, 0.610352, -0.793457,Sitting
1806927, -0.308472, -0.640625, -0.704712, -0.183105, -0.305176, -0.610352,Sitting
1806947, -0.308350, -0.634522, -0.703003, 0.000000, -0.488281, -1.037598,Sitting
1806967, -0.311890, -0.639771, -0.706055, 0.061035, 0.122070, -0.854492,Sitting
1806987, -0.303955, -0.636475, -0.705811, -0.061035, 0.244141, -0.610352,Sitting
1807007, -0.304199, -0.640503, -0.704468, 0.122070, -0.366211, -1.159668,Sitting
1807027, -0.303101, -0.642212, -0.702881, 0.061035, -0.854492, -0.915527,Sitting
1807047, -0.307983, -0.640747, -0.708618, -0.183105, -0.732422, -0.549316,Sitting
1807067, -0.305908, -0.635498, -0.707031, 0.061035, -0.610352, -0.671386,Sitting
1807087, -0.307129, -0.631348, -0.706421, 0.488281, -0.488281, -1.098633,Sitting
1807107, -0.308350, -0.636353, -0.707520, 0.793457, -0.183105, -1.098633,Sitting
1807127, -0.308350, -0.639893, -0.705444, 0.732422, 0.244141, -0.854492,Sitting
1807147, -0.303711, -0.640747, -0.702148, 0.671386, 0.244141, -0.793457,Sitting
1807167, -0.303467, -0.639526, -0.703736, 0.244141, 0.122070, -1.220704,Sitting
1807187, -0.294312, -0.643921, -0.705444, 0.976562, -0.305176, -0.915527,Sitting
1807207, -0.306152, -0.639526, -0.704346, 0.366211, -0.488281, -0.061035,Sitting
1807227, -0.304932, -0.641724, -0.701050, 0.793457, -0.732422, -1.281738,Sitting
1807247, -0.304810, -0.642944, -0.704590, 0.610352, -0.488281, -0.549316,Sitting
1807267, -0.305054, -0.643188, -0.703736, 0.793457, -0.061035, -0.854492,Sitting
1807287, -0.304688, -0.645020, -0.705322, 0.793457, -0.122070, -0.610352,Sitting
1807307, -0.298950, -0.642456, -0.699341, 0.610352, -0.488281, -0.854492,Sitting
1807327, -0.302979, -0.642822, -0.702271, 0.671386, -0.732422, -0.610352,Sitting
1807347, -0.308960, -0.645386, -0.701172, 0.366211, -0.305176, -0.610352,Sitting
1807367, -0.299683, -0.645874, -0.702271, 0.183105, -0.366211, -0.610352,Sitting
1807387, -0.297974, -0.644409, -0.705688, 0.061035, -0.976562, -0.549316,Sitting
1807407, -0.298950, -0.642578, -0.705200, 0.000000, -1.586914, -0.366211,Sitting
1807427, -0.303833, -0.638428, -0.703736, 0.366211, -1.831054, -0.732422,Sitting
1807447, -0.314697, -0.641602, -0.702881, 0.549316, -1.159668, -0.976562,Sitting
1807467, -0.313599, -0.644531, -0.701050, 0.183105, -0.061035, -0.793457,Sitting
1807487, -0.296753, -0.642944, -0.699829, 0.061035, -0.244141, -0.366211,Sitting
1807507, -0.294556, -0.641358, -0.704102, 0.427246, -1.098633, -0.488281,Sitting
1807527, -0.304810, -0.646973, -0.703003, 0.549316, -1.220704, -0.671386,Sitting
1807547, -0.309692, -0.646118, -0.703125, 0.366211, -0.549316, -0.488281,Sitting
1807567, -0.306030, -0.642822, -0.702759, 0.549316, 0.061035, -0.671386,Sitting
1807587, -0.301514, -0.643433, -0.702881, 0.488281, 0.366211, -0.549316,Sitting
1807607, -0.294434, -0.645020, -0.702881, 0.244141, 0.000000, -0.549316,Sitting
1807627, -0.294556, -0.645386, -0.702393, 0.122070, -0.854492, -0.427246,Sitting
1807647, -0.302612, -0.641602, -0.707398, 0.305176, -1.281738, -0.366211,Sitting
1807667, -0.307983, -0.643799, -0.703491, 0.183105, -0.732422, -0.610352,Sitting
1807687, -0.306519, -0.640137, -0.704712, 0.427246, -0.305176, -0.061035,Sitting
1807707, -0.304199, -0.640381, -0.703980, 0.671386, -0.122070, -0.793457,Sitting
1807727, -0.307373, -0.645874, -0.701904, 0.427246, -0.305176, -0.427246,Sitting
1807747, -0.306396, -0.644654, -0.699707, 0.366211, -0.305176, -0.305176,Sitting
1807767, -0.303589, -0.646484, -0.698608, 0.244141, -0.061035, -0.305176,Sitting
1807787, -0.295288, -0.647705, -0.700684, 0.427246, -0.427246, -0.366211,Sitting
1807807, -0.299927, -0.645752, -0.703858, 0.427246, -0.976562, -0.610352,Sitting
1807827, -0.303223, -0.648194, -0.700318, 0.122070, -1.281738, -0.305176,Sitting
1807847, -0.302734, -0.639404, -0.703613, 0.183105, -1.342773, -0.549316,Sitting
1807867, -0.303101, -0.647827, -0.701294, 0.427246, -1.281738, -0.610352,Sitting
1807887, -0.307861, -0.643799, -0.704102, 0.183105, -0.427246, -0.427246,Sitting
1807907, -0.306152, -0.643311, -0.703980, 0.366211, -0.061035, -0.610352,Sitting
1807927, -0.298828, -0.641602, -0.703491, 0.305176, -0.122070, -0.488281,Sitting
1807947, -0.294434, -0.642944, -0.702759, 0.366211, -0.549316, -0.366211,Sitting
1807967, -0.299561, -0.642578, -0.704346, 0.305176, -0.915527, -0.305176,Sitting
1807987, -0.307495, -0.644531, -0.703369, 0.244141, -0.732422, -0.366211,Sitting
1808007, -0.303101, -0.639648, -0.702148, 0.305176, -0.122070, -0.244141,Sitting
1808027, -0.296753, -0.637818, -0.703247, 0.854492, -0.793457, -0.549316,Sitting
1808047, -0.307007, -0.644654, -0.703858, 0.915527, -1.098633, -0.549316,Sitting
1808067, -0.310059, -0.648926, -0.702393, 0.549316, -1.098633, -0.244141,Sitting
1808087, -0.303833, -0.644898, -0.700562, 0.305176, -1.037598, -0.305176,Sitting
1808107, -0.296875, -0.645508, -0.702637, 0.488281, -1.586914, -0.366211,Sitting
1808127, -0.302734, -0.643921, -0.704956, 0.366211, -1.892090, 0.244141,Sitting
1808147, -0.312866, -0.643066, -0.701416, 0.854492, -1.037598, 0.366211,Sitting
1808167, -0.303833, -0.643188, -0.698975, 0.732422, -0.488281, 0.488281,Sitting
1808187, -0.301270, -0.643677, -0.700562, 0.793457, -0.793457, -0.122070,Sitting
1808207, -0.303955, -0.646851, -0.699097, 0.549316, -0.976562, -0.122070,Sitting
1808227, -0.301880, -0.638062, -0.696045, 0.183105, -1.098633, 0.488281,Sitting
1808247, -0.306885, -0.633301, -0.701294, 0.427246, -0.488281, 1.647949,Sitting
1808267, -0.323120, -0.632568, -0.709961, 1.342773, -0.549316, 0.000000,Sitting
1808287, -0.311524, -0.641480, -0.706543, 1.403808, 0.732422, 0.183105,Sitting
1808307, -0.313110, -0.639526, -0.703613, 1.953124, 0.549316, 2.014160,Sitting
1808327, -0.315186, -0.652100, -0.690430, 1.586914, -0.061035, 1.770019,Sitting
1808347, -0.310425, -0.663940, -0.690430, 0.915527, -0.488281, 1.647949,Sitting
1808367, -0.316284, -0.672363, -0.701294, -0.305176, -3.173828, 0.671386,Sitting
1808387, -0.299561, -0.662354, -0.693848, -1.403808, -2.197266, 0.427246,Sitting
1808407, -0.290161, -0.659912, -0.700806, -2.014160, -0.854492, 0.732422,Sitting
1808427, -0.283814, -0.648316, -0.705322, -1.708984, -1.098633, -0.305176,Sitting
1808447, -0.286987, -0.654175, -0.699707, -1.586914, -2.441407, -0.366211,Sitting
1808467, -0.305298, -0.653198, -0.695801, -1.770019, -3.479003, 0.000000,Sitting
1808487, -0.306274, -0.643799, -0.695435, -1.525878, -3.540038, -0.610352,Sitting
1808507, -0.326172, -0.643799, -0.701782, -1.647949, -1.647949, -0.366211,Sitting
1808527, -0.312744, -0.633179, -0.706787, -0.061035, -0.976562, -0.488281,Sitting
1808547, -0.327393, -0.623047, -0.708862, -0.488281, -0.488281, 1.220704,Sitting
1808567, -0.324585, -0.618042, -0.705688, 0.427246, -0.427246, -0.183105,Sitting
1808587, -0.320190, -0.626831, -0.703247, -0.427246, 0.854492, -0.244141,Sitting
1808607, -0.317627, -0.625000, -0.706421, 0.549316, 0.183105, -0.427246,Sitting
1808627, -0.310791, -0.623169, -0.705811, -0.122070, 0.061035, 0.671386,Sitting
1808647, -0.313721, -0.629395, -0.703125, 0.732422, -0.854492, -0.427246,Sitting
1808667, -0.309937, -0.640869, -0.704224, 1.220704, -1.647949, -0.488281,Sitting
1808687, -0.316284, -0.649414, -0.697266, 1.159668, -1.342773, 0.000000,Sitting
1808707, -0.315918, -0.655640, -0.691772, 0.549316, -0.854492, 0.183105,Sitting
1808727, -0.305298, -0.651612, -0.691040, -0.305176, -0.793457, 0.366211,Sitting
1808747, -0.300659, -0.643433, -0.702026, -0.427246, -1.464844, 0.488281,Sitting
1808767, -0.303223, -0.643555, -0.704102, -0.610352, -2.258301, 0.488281,Sitting
1808787, -0.308472, -0.645996, -0.702026, -0.732422, -2.685546, 0.366211,Sitting
1808807, -0.316162, -0.643188, -0.706055, -1.403808, -2.624511, 0.549316,Sitting
1808827, -0.311890, -0.638306, -0.704834, -1.098633, -2.136231, 0.000000,Sitting
1808847, -0.319824, -0.631836, -0.703369, -0.854492, -2.258301, -0.122070,Sitting
1808867, -0.324097, -0.630127, -0.699219, -0.488281, -2.380371, -0.366211,Sitting
1808887, -0.329102, -0.633545, -0.697632, -0.244141, -2.319336, 0.183105,Sitting
1808907, -0.322632, -0.635376, -0.696533, -0.427246, -2.197266, 0.244141,Sitting
1808927, -0.328247, -0.631348, -0.704346, -0.366211, -1.586914, -0.061035,Sitting
1808947, -0.325073, -0.635620, -0.705566, 0.183105, 0.122070, 1.220704,Sitting
1808967, -0.324341, -0.624512, -0.707276, -0.305176, -0.488281, 0.549316,Sitting
1808987, -0.327148, -0.630982, -0.702148, 0.793457, -2.502442, -2.014160,Sitting
1809007, -0.327637, -0.637573, -0.696778, 0.366211, -1.037598, -0.305176,Sitting
1809027, -0.314087, -0.634522, -0.703369, 0.488281, -0.488281, 0.305176,Sitting
1809047, -0.319336, -0.641358, -0.703003, 0.671386, -1.586914, 0.000000,Sitting
1809067, -0.333496, -0.641602, -0.698486, 1.159668, -1.770019, -0.549316,Sitting
1809087, -0.329590, -0.645386, -0.697510, 0.793457, 0.732422, -0.488281,Sitting
1809107, -0.306641, -0.645386, -0.699951, 0.671386, 1.892090, 0.671386,Sitting
1809127, -0.306519, -0.641968, -0.700440, -0.183105, 1.098633, 0.366211,Sitting
1809147, -0.306396, -0.636719, -0.704224, 0.488281, -0.976562, -1.464844,Sitting
1809167, -0.315064, -0.639893, -0.703736, -0.183105, -1.403808, -1.098633,Sitting
1809187, -0.316406, -0.633057, -0.704590, -0.244141, -0.915527, -0.366211,Sitting
1809207, -0.324951, -0.625488, -0.703980, -0.183105, -1.098633, -0.976562,Sitting
1809227, -0.332031, -0.629028, -0.700684, 0.549316, -1.953124, -1.098633,Sitting
1809247, -0.337891, -0.636963, -0.695435, 0.427246, -0.976562, -1.220704,Sitting
1809267, -0.329712, -0.641236, -0.695923, -0.122070, 0.305176, -0.610352,Sitting
1809287, -0.314209, -0.637818, -0.699707, -0.427246, 0.610352, -0.366211,Sitting
1809307, -0.306885, -0.635620, -0.702637, -0.122070, -0.122070, -0.976562,Sitting
1809327, -0.309570, -0.640869, -0.703736, 0.122070, -0.793457, -0.854492,Sitting
1809347, -0.311279, -0.642334, -0.703980, 0.061035, -0.671386, -0.854492,Sitting
1809367, -0.300415, -0.639648, -0.702393, -0.427246, -1.098633, -0.671386,Sitting
1809387, -0.305908, -0.632812, -0.705933, -0.061035, -2.502442, -0.915527,Sitting
1809407, -0.322998, -0.633301, -0.699951, 0.244141, -3.295898, -1.342773,Sitting
1809427, -0.343140, -0.636963, -0.698486, 0.671386, -2.746581, -1.281738,Sitting
1809447, -0.339722, -0.633423, -0.701416, 0.549316, -1.098633, -1.098633,Sitting
1809467, -0.327759, -0.627442, -0.707398, 0.122070, -0.183105, -0.793457,Sitting
1809487, -0.323486, -0.624390, -0.706543, 0.549316, -0.366211, -0.854492,Sitting
1809507, -0.319458, -0.629028, -0.704102, 1.098633, -0.549316, -0.976562,Sitting
1809527, -0.313355, -0.634888, -0.704102, 1.281738, -0.488281, -1.464844,Sitting
1809547, -0.313599, -0.639771, -0.702393, 1.037598, -0.061035, -1.281738,Sitting
1809567, -0.312744, -0.638428, -0.702637, 0.854492, -0.305176, -0.915527,Sitting
1809587, -0.308350, -0.639893, -0.698242, 0.915527, -1.037598, -1.586914,Sitting
1809607, -0.320679, -0.649170, -0.695068, 0.854492, -1.770019, -1.403808,Sitting
1809627, -0.322632, -0.649536, -0.690064, 0.671386, -2.014160, -1.281738,Sitting
1809647, -0.314209, -0.647217, -0.694336, 0.122070, -1.647949, -0.915527,Sitting
1809667, -0.322266, -0.651734, -0.693604, -0.793457, -1.464844, -0.610352,Sitting
1809687, -0.345825, -0.650513, -0.689575, -0.793457, 0.244141, -0.549316,Sitting
1809707, -0.325073, -0.645630, -0.702637, -0.244141, 3.601074, -0.732422,Sitting
1809727, -0.294922, -0.633301, -0.720825, 0.122070, 4.699708, -1.525878,Sitting
1809747, -0.275391, -0.629761, -0.717652, -0.061035, 2.136231, -1.953124,Sitting
1809767, -0.294312, -0.632324, -0.697754, 0.427246, -2.380371, -2.685546,Sitting
1809787, -0.325195, -0.646606, -0.681641, 1.037598, -4.821778, -2.014160,Sitting
1809807, -0.335083, -0.655274, -0.681641, 0.305176, -2.990722, 0.183105,Sitting
1809827, -0.327759, -0.646362, -0.697998, -0.854492, -0.244141, 1.403808,Sitting
1809847, -0.316895, -0.636841, -0.711914, -1.037598, 0.244141, -0.305176,Sitting
1809867, -0.308106, -0.634766, -0.709961, -0.915527, -0.549316, -1.708984,Sitting
1809887, -0.310669, -0.639282, -0.701660, -0.549316, -0.854492, -1.159668,Sitting
1809907, -0.309204, -0.642578, -0.691284, -0.793457, -0.671386, 0.610352,Sitting
1809927, -0.314697, -0.639282, -0.698486, -0.549316, -1.220704, 0.183105,Sitting
1809947, -0.318115, -0.635742, -0.706299, -0.305176, -0.793457, -0.366211,Sitting
1809967, -0.317993, -0.638428, -0.705811, 0.000000, -0.244141, -0.366211,Sitting
1809987, -0.321533, -0.641846, -0.700195, -0.122070, -0.183105, 0.061035,Sitting
1810007, -0.324707, -0.631836, -0.698242, 0.000000, 0.061035, -0.366211,Sitting
1810027, -0.312744, -0.631470, -0.700928, -0.366211, -0.061035, 0.122070,Sitting
1810047, -0.310547, -0.635986, -0.706665, -0.061035, -0.976562, -0.122070,Sitting
1810067, -0.314819, -0.644898, -0.703247, -0.549316, -2.197266, -0.061035,Sitting
1810087, -0.331421, -0.638794, -0.701050, -0.549316, -1.953124, -0.183105,Sitting
1810107, -0.323730, -0.631714, -0.703613, -0.854492, -0.305176, 0.061035,Sitting
1810127, -0.315552, -0.626465, -0.708130, -0.549316, -1.464844, 0.244141,Sitting
1810147, -0.311890, -0.630371, -0.706787, -0.549316, -2.563476, -0.061035,Sitting
1810167, -0.314697, -0.629395, -0.709595, -0.488281, -2.807617, -0.244141,Sitting
1810187, -0.323853, -0.628540, -0.712891, -0.061035, -2.258301, -0.183105,Sitting
1810207, -0.332398, -0.635010, -0.709473, 0.244141, -0.915527, -0.854492,Sitting
1810227, -0.321899, -0.636230, -0.700318, 0.122070, -0.366211, -1.159668,Sitting
1810247, -0.325806, -0.634644, -0.697754, 0.244141, -0.488281, -1.159668,Sitting
1810267, -0.325562, -0.635620, -0.694946, -0.061035, -0.488281, -1.037598,Sitting
1810287, -0.324829, -0.638672, -0.697266, 0.183105, -0.488281, -0.793457,Sitting
1810307, -0.319824, -0.638916, -0.699463, 0.183105, 0.549316, -0.915527,Sitting
1810327, -0.313232, -0.642334, -0.701904, 0.488281, 0.976562, -0.854492,Sitting
1810347, -0.311157, -0.645264, -0.703613, 0.427246, 0.000000, -1.464844,Sitting
1810367, -0.317017, -0.637940, -0.701660, -0.183105, 0.183105, -1.098633,Sitting
1810387, -0.314209, -0.634033, -0.702148, -0.366211, 0.305176, -0.976562,Sitting
1810407, -0.305908, -0.633301, -0.702515, -0.244141, 0.183105, -0.244141,Sitting
1810427, -0.309692, -0.627564, -0.702271, -0.122070, -0.305176, -1.098633,Sitting
1810447, -0.318604, -0.643799, -0.704346, 0.305176, -1.342773, -1.525878,Sitting
1810467, -0.330444, -0.637207, -0.706909, -0.183105, -0.366211, -0.976562,Sitting
1810487, -0.334106, -0.635498, -0.704224, 0.244141, 1.342773, -0.366211,Sitting
1810507, -0.319336, -0.623291, -0.698120, -0.183105, 1.892090, -1.098633,Sitting
1810527, -0.302734, -0.631226, -0.700318, 0.488281, -0.061035, -1.586914,Sitting
1810547, -0.311646, -0.636230, -0.706421, 0.183105, -0.488281, -0.732422,Sitting
1810567, -0.310669, -0.647217, -0.701538, -0.854492, -0.122070, -0.061035,Sitting
1810587, -0.298096, -0.640259, -0.706787, -0.549316, -1.403808, -1.098633,Sitting
1810607, -0.302734, -0.642578, -0.708862, -1.098633, -2.136231, -0.671386,Sitting
1810627, -0.305420, -0.633789, -0.709229, -0.976562, -1.464844, -0.610352,Sitting
1810647, -0.305420, -0.629272, -0.714234, -0.427246, -1.220704, -0.793457,Sitting
1810667, -0.310913, -0.626221, -0.717407, 0.122070, -1.159668, -1.281738,Sitting
1810687, -0.320679, -0.629028, -0.711182, 0.610352, -0.610352, -1.403808,Sitting
1810707, -0.317261, -0.633057, -0.703491, 0.793457, 0.000000, -0.915527,Sitting
1810727, -0.316528, -0.635864, -0.702759, 0.732422, 0.000000, -0.671386,Sitting
1810747, -0.316284, -0.633057, -0.704712, 0.610352, -0.122070, -0.915527,Sitting
1810767, -0.326782, -0.633911, -0.705444, 0.732422, -0.061035, -0.915527,Sitting
1810787, -0.319092, -0.632935, -0.699463, 0.793457, 0.671386, -0.244141,Sitting
1810807, -0.308106, -0.632812, -0.700928, 1.281738, 0.488281, -0.183105,Sitting
1810827, -0.311279, -0.639404, -0.708130, 1.525878, -0.061035, -0.610352,Sitting
1810847, -0.313599, -0.647705, -0.708130, 1.342773, -0.427246, -0.244141,Sitting
1810867, -0.314453, -0.644165, -0.701782, 0.976562, -0.061035, -0.183105,Sitting
1810887, -0.308838, -0.640991, -0.698120, 0.488281, 0.122070, -0.488281,Sitting
1810907, -0.301392, -0.635620, -0.703736, 0.122070, -0.122070, -0.061035,Sitting
1810927, -0.304321, -0.634155, -0.705688, 0.427246, -0.854492, -0.671386,Sitting
1810947, -0.312134, -0.641480, -0.702881, 0.671386, -1.281738, -0.915527,Sitting
1810967, -0.316284, -0.639648, -0.704102, 0.366211, -0.793457, -0.610352,Sitting
1810987, -0.321045, -0.637329, -0.707276, 0.793457, 0.061035, -0.793457,Sitting
1811007, -0.314453, -0.639038, -0.701904, 0.671386, 0.610352, -0.549316,Sitting
1811027, -0.304077, -0.632202, -0.702881, 0.366211, -0.122070, -1.831054,Sitting
1811047, -0.313599, -0.638428, -0.705200, 0.122070, -0.122070, -0.549316,Sitting
1811067, -0.313477, -0.625610, -0.706299, 0.305176, 0.244141, -0.671386,Sitting
1811087, -0.312988, -0.637573, -0.704712, 0.488281, 0.183105, -1.098633,Sitting
1811107, -0.305176, -0.640381, -0.703980, 0.488281, -0.305176, -1.098633,Sitting
1811127, -0.310669, -0.644898, -0.700440, 0.305176, -0.732422, -0.915527,Sitting
1811147, -0.314697, -0.638794, -0.704224, 0.305176, -0.732422, -0.549316,Sitting
1811167, -0.315918, -0.638184, -0.703369, 0.366211, -0.549316, -0.671386,Sitting
1811187, -0.306519, -0.638794, -0.703613, 0.488281, -0.366211, -0.610352,Sitting
1811207, -0.308472, -0.642944, -0.703980, 0.549316, -0.366211, -1.037598,Sitting
1811227, -0.306885, -0.643188, -0.704712, -0.305176, -0.549316, -0.671386,Sitting
1811247, -0.303833, -0.640137, -0.703613, -0.549316, -0.732422, -0.610352,Sitting
1811267, -0.296387, -0.640869, -0.704712, -0.671386, -1.037598, -0.671386,Sitting
1811287, -0.300049, -0.641602, -0.704956, -0.366211, -1.831054, -0.915527,Sitting
1811307, -0.310059, -0.641602, -0.703613, -0.061035, -2.258301, -0.915527,Sitting
1811327, -0.317871, -0.639404, -0.705933, 0.061035, -1.831054, -0.793457,Sitting
1811347, -0.316040, -0.637573, -0.703613, -0.061035, -1.220704, -0.610352,Sitting
1811367, -0.311646, -0.639404, -0.699951, -0.305176, -0.854492, -0.549316,Sitting
1811387, -0.304566, -0.633545, -0.709839, -0.366211, -0.610352, -0.854492,Sitting
1811407, -0.312500, -0.630127, -0.718628, 0.000000, -0.793457, -1.159668,Sitting
1811427, -0.322510, -0.632446, -0.711060, 0.427246, -0.549316, -0.915527,Sitting
1811447, -0.307983, -0.631348, -0.697510, 0.427246, 1.342773, -0.366211,Sitting
1811467, -0.296875, -0.633423, -0.703613, 1.159668, 1.281738, -0.732422,Sitting
1811487, -0.311890, -0.646118, -0.702026, 1.403808, 0.793457, -1.281738,Sitting
1811507, -0.315064, -0.649780, -0.699219, 1.159668, 0.854492, -1.098633,Sitting
1811527, -0.305176, -0.648316, -0.702881, 0.488281, 1.342773, -0.427246,Sitting
1811547, -0.295532, -0.645874, -0.706421, 0.427246, 0.305176, -0.305176,Sitting
1811567, -0.299927, -0.645020, -0.702271, 0.244141, -0.915527, -0.732422,Sitting
1811587, -0.310547, -0.642212, -0.699707, -0.244141, -1.342773, -0.915527,Sitting
1811607, -0.306274, -0.635864, -0.704346, -0.732422, -0.732422, -0.610352,Sitting
1811627, -0.305298, -0.636597, -0.705200, -0.915527, -0.915527, -0.488281,Sitting
1811647, -0.307983, -0.638794, -0.701904, -0.793457, -1.647949, -0.610352,Sitting
1811667, -0.307129, -0.641480, -0.703613, -0.732422, -1.831054, -0.671386,Sitting
1811687, -0.309082, -0.639526, -0.707764, -0.427246, -1.586914, -0.488281,Sitting
1811707, -0.314819, -0.636353, -0.707398, -0.488281, -1.037598, -0.488281,Sitting
1811727, -0.314819, -0.633667, -0.704956, -0.244141, -0.488281, -0.671386,Sitting
1811747, -0.305054, -0.636841, -0.707398, 0.183105, -0.122070, -0.610352,Sitting
1811767, -0.301636, -0.641968, -0.709839, 0.427246, 0.244141, -0.366211,Sitting
1811787, -0.301514, -0.641236, -0.712891, 0.732422, 0.366211, -0.427246,Sitting
1811807, -0.299194, -0.640137, -0.706787, 0.793457, 0.427246, -0.915527,Sitting
1811827, -0.302612, -0.630615, -0.712036, 0.915527, 0.732422, -0.976562,Sitting
1811847, -0.311890, -0.626953, -0.711548, 0.976562, 1.281738, -0.976562,Sitting
1811867, -0.309082, -0.620850, -0.703613, 0.793457, 0.854492, -0.854492,Sitting
1811887, -0.306152, -0.635254, -0.699463, 0.732422, -0.366211, -0.732422,Sitting
1811907, -0.307129, -0.642944, -0.705078, 0.671386, -1.403808, -0.366211,Sitting
1811927, -0.302612, -0.648560, -0.708374, 0.671386, -2.258301, -0.305176,Sitting
1811947, -0.310669, -0.651612, -0.705933, 0.671386, -2.563476, -0.427246,Sitting
1811967, -0.300781, -0.651367, -0.697144, -0.122070, -1.892090, -0.427246,Sitting
1811987, -0.286621, -0.634766, -0.700806, -0.732422, -1.159668, -0.061035,Sitting
1812007, -0.293457, -0.630127, -0.712524, 0.183105, -1.464844, -0.671386,Sitting
1812027, -0.296631, -0.641968, -0.707642, 0.366211, -2.441407, -0.854492,Sitting
1812047, -0.305420, -0.649048, -0.700806, 0.244141, -2.990722, -0.549316,Sitting
1812067, -0.302856, -0.645508, -0.701538, -0.244141, -2.502442, -0.061035,Sitting
1812087, -0.315918, -0.640503, -0.707764, -0.061035, -2.197266, -0.427246,Sitting
1812107, -0.321167, -0.641236, -0.700318, -0.854492, -1.586914, -0.854492,Sitting
1812127, -0.313477, -0.635742, -0.699219, -1.464844, -1.770019, -0.244141,Sitting
1812147, -0.308228, -0.628296, -0.704102, -1.220704, -2.197266, 0.183105,Sitting
1812167, -0.315918, -0.624146, -0.716919, -0.122070, -1.953124, -0.122070,Sitting
1812187, -0.313965, -0.635498, -0.711182, 1.037598, -1.403808, -0.732422,Sitting
1812207, -0.307617, -0.655396, -0.697632, 1.098633, -0.854492, -0.793457,Sitting
1812227, -0.304443, -0.656494, -0.695068, 0.793457, -0.915527, -0.427246,Sitting
1812247, -0.311646, -0.648071, -0.698608, 0.061035, -1.098633, -0.183105,Sitting
1812267, -0.317139, -0.640625, -0.706665, 0.000000, -0.671386, -0.366211,Sitting
1812287, -0.312378, -0.631226, -0.710571, -0.122070, 0.366211, -0.793457,Sitting
1812307, -0.305542, -0.625488, -0.711548, 0.549316, 0.427246, -0.854492,Sitting
1812327, -0.309814, -0.633545, -0.705078, 1.159668, 0.366211, -1.525878,Sitting
1812347, -0.315918, -0.644043, -0.702148, 0.610352, 0.915527, -0.488281,Sitting
1812367, -0.315552, -0.631714, -0.703369, 1.037598, 1.831054, -0.732422,Sitting
1812387, -0.308472, -0.631226, -0.702148, 1.220704, 1.831054, -0.732422,Sitting
1812407, -0.301148, -0.643799, -0.697022, 1.464844, 0.854492, -0.488281,Sitting
1812427, -0.306274, -0.654053, -0.697144, 1.098633, 0.854492, -0.549316,Sitting
1812447, -0.305298, -0.650757, -0.702271, 0.305176, 0.671386, -1.220704,Sitting
1812467, -0.301270, -0.645752, -0.706543, -0.061035, -0.549316, -0.671386,Sitting
1812487, -0.312988, -0.639771, -0.704102, -0.244141, -0.122070, -0.427246,Sitting
1812507, -0.299805, -0.638062, -0.703247, -0.122070, 0.061035, -0.915527,Sitting
1812527, -0.297852, -0.633667, -0.707154, 0.000000, -0.488281, -0.854492,Sitting
1812547, -0.316528, -0.631226, -0.713623, 0.610352, -0.427246, -1.037598,Sitting
1812567, -0.312256, -0.637207, -0.707886, 0.549316, 0.244141, -0.976562,Sitting
1812587, -0.304688, -0.641602, -0.700806, 0.366211, 0.244141, -0.732422,Sitting
1812607, -0.293823, -0.644043, -0.696411, -0.122070, -0.549316, -0.976562,Sitting
1812627, -0.308106, -0.641236, -0.700195, -0.305176, -1.525878, -0.915527,Sitting
1812647, -0.320923, -0.636719, -0.707520, -0.122070, -0.610352, -0.427246,Sitting
1812667, -0.309937, -0.637940, -0.711792, 0.427246, 1.037598, -0.610352,Sitting
1812687, -0.292236, -0.649170, -0.712280, 1.098633, 1.098633, -1.098633,Sitting
1812707, -0.289307, -0.648438, -0.710327, 0.793457, 0.610352, -1.220704,Sitting
1812727, -0.300293, -0.640747, -0.707764, 0.488281, 0.854492, -1.220704,Sitting
1812747, -0.295776, -0.633911, -0.699097, 0.366211, 0.976562, -0.854492,Sitting
1812767, -0.282349, -0.642334, -0.701782, 0.122070, -0.427246, -0.915527,Sitting
1812787, -0.302734, -0.640137, -0.709106, 0.610352, -1.647949, -0.976562,Sitting
1812807, -0.327759, -0.645386, -0.701782, 1.159668, -1.159668, -0.793457,Sitting
1812827, -0.322144, -0.649414, -0.696900, 1.037598, 0.793457, -0.244141,Sitting
1812847, -0.293579, -0.644776, -0.700562, 0.854492, 1.281738, -0.305176,Sitting
1812867, -0.298462, -0.641968, -0.707764, 1.037598, 0.549316, -0.549316,Sitting
1812887, -0.306885, -0.642822, -0.705444, 0.732422, 0.488281, -0.610352,Sitting
1812907, -0.293945, -0.644531, -0.701782, 0.183105, 0.427246, -0.183105,Sitting
1812927, -0.273316, -0.642090, -0.705811, -0.366211, -0.549316, 0.244141,Sitting
1812947, -0.286987, -0.646240, -0.711060, -0.366211, -2.136231, -0.183105,Sitting
1812967, -0.297119, -0.642090, -0.709595, -0.244141, -2.685546, -0.915527,Sitting
1812987, -0.307129, -0.636475, -0.708496, -0.244141, -1.647949, -0.244141,Sitting
1813007, -0.300171, -0.632812, -0.704102, -0.061035, -1.403808, -0.427246,Sitting
1813027, -0.306274, -0.639038, -0.702759, 0.610352, -2.075196, -0.976562,Sitting
1813047, -0.314331, -0.649170, -0.697876, 0.305176, -1.953124, -0.915527,Sitting
1813067, -0.317139, -0.646973, -0.702637, -0.061035, -0.488281, 0.000000,Sitting
1813087, -0.297852, -0.637573, -0.706421, -0.366211, 0.488281, 0.122070,Sitting
1813107, -0.291870, -0.635742, -0.711304, 0.488281, -0.671386, -0.488281,Sitting
1813127, -0.294678, -0.642578, -0.704224, 0.549316, -1.892090, -1.037598,Sitting
1813147, -0.302124, -0.646973, -0.701538, 0.366211, -1.831054, -0.366211,Sitting
1813167, -0.295044, -0.647217, -0.704346, 0.183105, -0.976562, 0.122070,Sitting
1813187, -0.288208, -0.642700, -0.710816, 0.366211, -1.586914, -0.183105,Sitting
1813207, -0.310791, -0.640015, -0.705688, 0.915527, -2.746581, -1.037598,Sitting
1813227, -0.320190, -0.645386, -0.700806, 0.671386, -1.464844, -0.671386,Sitting
1813247, -0.312134, -0.639771, -0.703247, 0.549316, 0.610352, -0.183105,Sitting
1813267, -0.300049, -0.636719, -0.707276, 0.427246, 1.159668, -0.610352,Sitting
1813287, -0.303467, -0.639893, -0.708008, 1.159668, 0.183105, -1.281738,Sitting
1813307, -0.308960, -0.647217, -0.695068, 0.854492, -0.305176, -1.159668,Sitting
1813327, -0.308838, -0.646729, -0.691895, 0.488281, -0.061035, -0.183105,Sitting
1813347, -0.299683, -0.645020, -0.697266, 0.305176, 0.427246, 0.061035,Sitting
1813367, -0.290772, -0.642334, -0.708252, 0.793457, -0.488281, -0.488281,Sitting
1813387, -0.306030, -0.652344, -0.709839, 1.098633, -1.037598, -1.159668,Sitting
1813407, -0.313599, -0.652100, -0.706787, 0.671386, 0.000000, -0.549316,Sitting
1813427, -0.289917, -0.636475, -0.699707, 0.488281, 0.732422, -0.061035,Sitting
1813447, -0.284912, -0.644165, -0.699585, 0.488281, -0.183105, -0.671386,Sitting
1813467, -0.302490, -0.652832, -0.703003, 0.427246, -0.732422, -1.464844,Sitting
1813487, -0.308838, -0.649780, -0.699097, -0.366211, -0.671386, -0.854492,Sitting
1813507, -0.310791, -0.645874, -0.699097, -0.122070, -0.122070, -0.366211,Sitting
1813527, -0.291748, -0.647095, -0.701904, -0.244141, 0.366211, -0.305176,Sitting
1813547, -0.294312, -0.644898, -0.704102, 0.366211, -0.549316, -1.037598,Sitting
1813567, -0.303589, -0.640259, -0.705933, 0.427246, -0.671386, -0.915527,Sitting
1813587, -0.312744, -0.639526, -0.707398, 0.366211, 0.366211, -0.793457,Sitting
1813607, -0.287964, -0.645386, -0.700073, 0.305176, 0.244141, -0.488281,Sitting
1813627, -0.288452, -0.646973, -0.700684, 0.183105, -0.732422, -0.610352,Sitting
1813647, -0.303101, -0.645874, -0.708740, -0.061035, -0.854492, -0.549316,Sitting
1813667, -0.302124, -0.642212, -0.708618, 0.000000, -0.793457, -0.427246,Sitting
1813687, -0.304688, -0.643066, -0.707642, 0.061035, -0.610352, -0.610352,Sitting
1813707, -0.298096, -0.641968, -0.701904, -0.183105, -0.305176, -0.915527,Sitting
1813727, -0.300659, -0.645386, -0.699707, -0.488281, -0.549316, -0.915527,Sitting
1813747, -0.301148, -0.645630, -0.701416, -0.488281, -0.732422, -0.488281,Sitting
1813767, -0.287476, -0.643921, -0.705322, -0.488281, -0.976562, -0.427246,Sitting
1813787, -0.286377, -0.647095, -0.705811, -0.427246, -1.708984, -0.427246,Sitting
1813807, -0.291626, -0.649536, -0.702515, -0.488281, -2.319336, -0.488281,Sitting
1813827, -0.296753, -0.642700, -0.704956, -1.159668, -2.075196, -0.244141,Sitting
1813847, -0.292847, -0.638428, -0.708252, -1.098633, -2.197266, -0.305176,Sitting
1813867, -0.303101, -0.630005, -0.707642, -0.183105, -3.417968, -0.610352,Sitting
1813887, -0.315796, -0.638184, -0.705322, 0.732422, -3.234863, -0.366211,Sitting
1813907, -0.334961, -0.639526, -0.703491, 1.464844, 0.549316, 0.183105,Sitting
1813927, -0.322022, -0.636597, -0.713745, 2.136231, 5.004884, 0.061035,Sitting
1813947, -0.288574, -0.638794, -0.709595, 3.112792, 4.211426, -0.366211,Sitting
1813967, -0.270874, -0.652344, -0.697266, 2.990722, 0.244141, 0.122070,Sitting
1813987, -0.289551, -0.646606, -0.693604, 1.892090, -2.380371, 0.854492,Sitting
1814007, -0.310547, -0.647827, -0.696167, 0.244141, -2.197266, 1.464844,Sitting
1814027, -0.316528, -0.649414, -0.695557, -0.061035, -3.051757, 0.183105,Sitting
1814047, -0.298096, -0.658081, -0.697510, -1.403808, -1.892090, 0.122070,Sitting
1814067, -0.282715, -0.659058, -0.704712, -1.953124, -2.990722, 0.183105,Sitting
1814087, -0.283081, -0.660034, -0.698975, -2.563476, -5.310058, 0.488281,Sitting
1814107, -0.300293, -0.640137, -0.708862, -2.319336, -3.540038, 0.488281,Sitting
1814127, -0.291748, -0.632324, -0.715576, -1.586914, -2.258301, -0.122070,Sitting
1814147, -0.296265, -0.635986, -0.710327, -0.549316, -3.051757, -0.549316,Sitting
1814167, -0.320679, -0.639648, -0.705566, 0.122070, -3.234863, -0.976562,Sitting
1814187, -0.334106, -0.632080, -0.702881, -0.610352, -1.464844, -0.793457,Sitting
1814207, -0.326416, -0.626953, -0.703613, 0.000000, -0.122070, 0.122070,Sitting
1814227, -0.317383, -0.630127, -0.702881, -0.244141, 0.061035, 0.061035,Sitting
1814247, -0.305664, -0.639404, -0.694336, 0.427246, -1.647949, -1.525878,Sitting
1814267, -0.337158, -0.650391, -0.699707, 0.305176, -0.915527, -1.464844,Sitting
1814287, -0.344360, -0.642700, -0.704102, 0.305176, 2.990722, -1.647949,Sitting
1814307, -0.313477, -0.634400, -0.709473, 1.281738, 4.699708, -0.610352,Sitting
1814327, -0.286377, -0.625610, -0.710694, 2.258301, 2.746581, -0.549316,Sitting
1814347, -0.286133, -0.629028, -0.701660, 2.441407, 0.976562, -0.732422,Sitting
1814367, -0.300537, -0.640747, -0.707764, 2.380371, 0.000000, -0.366211,Sitting
1814387, -0.300293, -0.645386, -0.705933, 1.525878, -0.183105, 0.488281,Sitting
1814407, -0.287598, -0.647705, -0.690308, 0.549316, -1.342773, 0.915527,Sitting
1814427, -0.294190, -0.662842, -0.692261, 0.549316, -2.685546, 0.610352,Sitting
1814447, -0.298218, -0.676392, -0.695190, -0.671386, -2.075196, 0.549316,Sitting
1814467, -0.291016, -0.678223, -0.695190, -1.525878, -1.159668, 0.671386,Sitting
1814487, -0.279541, -0.668457, -0.695923, -2.380371, -1.037598, 0.366211,Sitting
1814507, -0.270386, -0.654297, -0.703369, -2.563476, -1.708984, -0.061035,Sitting
1814527, -0.264404, -0.642334, -0.706909, -2.319336, -3.967285, -1.220704,Sitting
1814547, -0.315308, -0.620606, -0.722412, -0.610352, -4.516602, -1.708984,Sitting
1814567, -0.363892, -0.601562, -0.729248, 0.427246, -1.953124, -1.525878,Sitting
1814587, -0.363892, -0.599610, -0.715210, 1.281738, 0.793457, -0.976562,Sitting
1814607, -0.342163, -0.617676, -0.691895, 1.281738, 1.098633, -0.488281,Sitting
1814627, -0.327148, -0.634888, -0.677246, 0.366211, -0.732422, 0.305176,Sitting
1814647, -0.313843, -0.631714, -0.692017, -0.488281, -1.770019, 1.342773,Sitting
1814667, -0.317505, -0.632568, -0.717163, 0.183105, -1.770019, 1.281738,Sitting
1814687, -0.316650, -0.652344, -0.715698, 0.793457, -1.037598, 0.976562,Sitting
1814707, -0.309937, -0.660156, -0.695801, 0.854492, 0.305176, 1.098633,Sitting
1814727, -0.287354, -0.664551, -0.693970, 0.976562, 2.075196, 1.159668,Sitting
1814747, -0.280151, -0.674927, -0.705566, 1.159668, 3.051757, 1.464844,Sitting
1814767, -0.259644, -0.664185, -0.710816, 0.671386, 2.624511, 1.220704,Sitting
1814787, -0.254639, -0.639160, -0.719360, -0.061035, 1.342773, 1.037598,Sitting
1814807, -0.245850, -0.602661, -0.728394, -0.305176, -1.892090, 0.610352,Sitting
1814827, -0.301270, -0.595703, -0.734009, 0.976562, -5.920409, -1.098633,Sitting
1814847, -0.354492, -0.618652, -0.700806, 0.854492, -7.080076, -2.990722,Sitting
1814867, -0.413330, -0.639038, -0.686890, 1.159668, -2.929687, -2.807617,Sitting
1814887, -0.375610, -0.648438, -0.676270, -0.732422, 2.502442, -1.220704,Sitting
1814907, -0.321777, -0.631592, -0.687500, -0.366211, 3.112792, 0.000000,Sitting
1814927, -0.322998, -0.637818, -0.702637, 0.244141, 1.525878, -1.037598,Sitting
1814947, -0.301270, -0.637085, -0.705078, 0.427246, 1.098633, -0.976562,Sitting
1814967, -0.302979, -0.654541, -0.696900, -0.305176, 1.647949, -0.915527,Sitting
1814987, -0.263184, -0.658447, -0.706909, -0.427246, -0.976562, -0.366211,Sitting
1815007, -0.290649, -0.649536, -0.715576, 0.854492, -2.868652, -1.037598,Sitting
1815027, -0.314575, -0.646606, -0.711548, 1.037598, -0.610352, -0.610352,Sitting
1815047, -0.290894, -0.623047, -0.702637, 0.793457, 1.708984, 0.366211,Sitting
1815067, -0.249512, -0.597900, -0.692261, 0.488281, -0.305176, 0.610352,Sitting
1815087, -0.266724, -0.622681, -0.704102, 2.136231, -6.713866, -0.366211,Sitting
1815107, -0.325195, -0.687744, -0.685791, 0.671386, -8.789064, -1.098633,Sitting
1815127, -0.339844, -0.696289, -0.686157, -2.075196, -5.737304, 0.976562,Sitting
1815147, -0.351807, -0.667236, -0.712524, -3.967285, -0.610352, 1.892090,Sitting
1815167, -0.304321, -0.621338, -0.725830, -2.990722, 1.403808, 1.708984,Sitting
1815187, -0.286621, -0.599487, -0.728638, 0.122070, -1.159668, -0.488281,Sitting
1815207, -0.311401, -0.580200, -0.708862, 1.098633, -3.662109, -0.183105,Sitting
1815227, -0.332764, -0.623535, -0.701172, 2.075196, -3.540038, 0.000000,Sitting
1815247, -0.324341, -0.673950, -0.683350, 0.854492, -1.953124, -0.244141,Sitting
1815267, -0.329712, -0.671021, -0.693970, -0.610352, -1.037598, 0.061035,Sitting
1815287, -0.336182, -0.644898, -0.719116, -1.098633, 0.427246, 0.488281,Sitting
1815307, -0.318726, -0.619507, -0.717041, 0.183105, 1.953124, 1.464844,Sitting
1815327, -0.289673, -0.601562, -0.713623, 2.624511, 3.479003, 0.976562,Sitting
1815347, -0.285767, -0.616455, -0.714844, 4.638672, 2.990722, -0.427246,Sitting
1815367, -0.279907, -0.634644, -0.710449, 3.479003, 1.342773, -0.244141,Sitting
1815387, -0.297974, -0.628296, -0.703491, 3.906249, -3.112792, 0.427246,Sitting
1815407, -0.333984, -0.659058, -0.672486, 3.540038, -5.676268, 2.319336,Sitting
1815427, -0.367798, -0.693237, -0.661743, 3.540038, -6.347656, 2.807617,Sitting
1815447, -0.347168, -0.678101, -0.669678, 2.319336, -2.990722, 2.990722,Sitting
1815467, -0.332153, -0.657349, -0.701172, 0.732422, 1.098633, 3.295898,Sitting
1815487, -0.268677, -0.652344, -0.692505, -2.380371, -2.380371, 2.136231,Sitting
1815507, -0.288940, -0.612549, -0.702026, -4.028321, -8.178714, 1.159668,Sitting
1815527, -0.327515, -0.616699, -0.732788, -3.417968, -7.019042, 0.000000,Sitting
1815547, -0.353027, -0.638306, -0.715820, -2.380371, -1.098633, -1.403808,Sitting
1815567, -0.325317, -0.630982, -0.709961, -1.342773, 0.976562, -3.234863,Sitting
1815587, -0.325928, -0.625244, -0.710694, 0.732422, -1.281738, -3.295898,Sitting
1815607, -0.322876, -0.616089, -0.693604, 2.075196, -1.281738, -1.586914,Sitting
1815627, -0.332886, -0.650879, -0.676148, 4.333496, -0.305176, -0.549316,Sitting
1815647, -0.333618, -0.692017, -0.680786, 1.342773, 1.708984, -0.854492,Sitting
1815667, -0.299438, -0.655152, -0.694702, -1.403808, -0.976562, 0.183105,Sitting
1815687, -0.271851, -0.603760, -0.703125, -1.464844, -4.882814, 0.732422,Sitting
1815707, -0.321045, -0.608887, -0.708496, 0.305176, -5.371092, -1.220704,Sitting
1815727, -0.364258, -0.634888, -0.710694, 2.197266, -0.854492, -2.502442,Sitting
1815747, -0.359497, -0.655029, -0.700440, 2.197266, 5.126952, -3.051757,Sitting
1815767, -0.291748, -0.657593, -0.696289, 1.037598, 6.835936, -1.831054,Sitting
1815787, -0.241455, -0.645630, -0.688477, -0.549316, 1.525878, -0.793457,Sitting
1815807, -0.252075, -0.632812, -0.681641, -1.708984, -7.080076, -0.183105,Sitting
1815827, -0.318848, -0.623291, -0.686768, -2.746581, -12.084960, 0.366211,Sitting
1815847, -0.388184, -0.641358, -0.699951, -2.563476, -10.986324, -0.488281,Sitting
1815867, -0.406616, -0.644898, -0.702515, -1.342773, -0.915527, -0.183105,Sitting
1815887, -0.362549, -0.636597, -0.694580, -0.183105, 4.028321, -0.854492,Sitting
1815907, -0.313110, -0.639038, -0.689697, 1.037598, 4.821778, -1.770019,Sitting
1815927, -0.295654, -0.644287, -0.698120, 1.220704, 2.868652, -1.708984,Sitting
1815947, -0.306396, -0.653076, -0.698853, 0.549316, 0.244141, -1.525878,Sitting
1815967, -0.309082, -0.649048, -0.691528, -0.366211, -0.854492, -0.610352,Sitting
1815987, -0.300415, -0.634522, -0.696167, -0.671386, -1.281738, -0.244141,Sitting
1816007, -0.303833, -0.619263, -0.716064, 0.366211, -2.197266, -0.610352,Sitting
1816027, -0.326416, -0.619263, -0.714234, 2.075196, -3.356933, -1.037598,Sitting
1816047, -0.364746, -0.642944, -0.697266, 3.417968, -3.173828, -0.732422,Sitting
1816067, -0.352295, -0.661621, -0.680420, 3.723144, -0.488281, 0.122070,Sitting
1816087, -0.332031, -0.631958, -0.696778, 4.211426, 0.061035, 0.427246,Sitting
1816107, -0.363159, -0.620239, -0.699341, 5.187988, 2.624511, 0.122070,Sitting
1816127, -0.355347, -0.610840, -0.710205, 4.760742, 7.995604, -0.610352,Sitting
1816147, -0.273560, -0.615845, -0.700440, 3.845214, 7.629394, -1.464844,Sitting
1816167, -0.260620, -0.639282, -0.691650, 2.258301, 0.305176, -1.159668,Sitting
1816187, -0.290894, -0.660889, -0.670410, 2.380371, -6.958006, -1.708984,Sitting
1816207, -0.362549, -0.677124, -0.665894, 0.854492, -8.117676, -0.854492,Sitting
1816227, -0.376831, -0.681763, -0.671753, -0.122070, -2.685546, 0.000000,Sitting
1816247, -0.357544, -0.673096, -0.686035, -0.671386, 2.746581, 1.770019,Sitting
1816267, -0.315308, -0.645752, -0.701904, 0.793457, 3.356933, -0.488281,Sitting
1816287, -0.315064, -0.645874, -0.696167, 1.281738, 4.882814, -1.525878,Sitting
1816307, -0.298340, -0.666870, -0.686279, 1.831054, 3.906249, -3.906249,Sitting
1816327, -0.271118, -0.679810, -0.672486, -0.366211, 1.770019, -2.319336,Sitting
1816347, -0.296875, -0.638184, -0.687012, -1.220704, -1.403808, -0.915527,Sitting
1816367, -0.326050, -0.616944, -0.689331, 0.305176, -3.234863, -0.671386,Sitting
1816387, -0.387451, -0.626587, -0.688599, 3.051757, -1.770019, 1.098633,Sitting
1816407, -0.360962, -0.643799, -0.688477, 4.455568, 4.272462, 2.319336,Sitting
1816427, -0.336304, -0.658570, -0.711060, 5.004884, 8.666994, 0.732422,Sitting
1816447, -0.289429, -0.683228, -0.701050, 3.234863, 8.300784, -0.671386,Sitting
1816467, -0.298218, -0.687256, -0.682862, 1.647949, 3.723144, -1.953124,Sitting
1816487, -0.302734, -0.661133, -0.672730, -0.305176, -0.427246, -3.295898,Sitting
1816507, -0.296631, -0.647705, -0.681030, -0.793457, -2.990722, -2.136231,Sitting
1816527, -0.306763, -0.630005, -0.702271, -1.403808, -3.356933, -1.220704,Sitting
1816547, -0.310547, -0.639648, -0.703003, -1.464844, -0.915527, -2.075196,Sitting
1816567, -0.292725, -0.653198, -0.697632, -1.220704, 0.671386, -2.746581,Sitting
1816587, -0.283203, -0.663696, -0.697022, -0.671386, 0.671386, -2.990722,Sitting
1816607, -0.285156, -0.668945, -0.692627, 0.122070, 0.122070, -3.295898,Sitting
1816627, -0.299316, -0.671875, -0.680176, 0.061035, -0.976562, -3.051757,Sitting
1816647, -0.316406, -0.671143, -0.674805, 0.061035, -0.732422, -3.356933,Sitting
1816667, -0.321411, -0.652344, -0.685425, -0.915527, 1.037598, -2.014160,Sitting
1816687, -0.305542, -0.636475, -0.695801, -1.586914, 0.854492, -1.464844,Sitting
1816707, -0.301270, -0.621216, -0.701172, -1.159668, -2.319336, -2.319336,Sitting
1816727, -0.320557, -0.628540, -0.699951, -0.427246, -3.234863, -1.708984,Sitting
1816747, -0.346680, -0.641113, -0.699707, 0.793457, 0.488281, -0.976562,Sitting
1816767, -0.320190, -0.653687, -0.694458, 1.098633, 2.075196, -0.244141,Sitting
1816787, -0.291504, -0.657349, -0.688232, 1.098633, 1.708984, 0.183105,Sitting
1816807, -0.290894, -0.660278, -0.691650, 1.770019, 0.000000, -0.610352,Sitting
1816827, -0.294556, -0.672486, -0.690796, 1.647949, -0.732422, -0.183105,Sitting
1816847, -0.298340, -0.670166, -0.687256, 1.464844, 0.244141, 0.061035,Sitting
1816867, -0.281494, -0.663940, -0.691650, 0.915527, -0.061035, 0.061035,Sitting
1816887, -0.283203, -0.656494, -0.698364, 0.732422, -1.708984, 0.122070,Sitting
1816907, -0.300659, -0.654053, -0.696900, 1.159668, -1.892090, -1.159668,Sitting
1816927, -0.312256, -0.664551, -0.690918, 0.427246, -0.976562, -0.732422,Sitting
1816947, -0.306519, -0.665039, -0.681885, 0.061035, -0.549316, -1.281738,Sitting
1816967, -0.289795, -0.658325, -0.686890, -1.098633, -1.220704, -1.098633,Sitting
1816987, -0.311524, -0.654907, -0.690064, -1.342773, -2.075196, -1.281738,Sitting
1817007, -0.313965, -0.656494, -0.690064, -1.464844, -2.319336, -1.403808,Sitting
1817027, -0.312256, -0.651123, -0.690064, -1.403808, -1.831054, -0.610352,Sitting
1817047, -0.313477, -0.646484, -0.687012, -1.403808, -1.220704, -0.671386,Sitting
1817067, -0.317749, -0.651489, -0.691284, -0.183105, -1.647949, -0.793457,Sitting
1817087, -0.339356, -0.665405, -0.697998, 1.403808, -0.366211, -0.549316,Sitting
1817107, -0.328247, -0.658570, -0.714356, 2.929687, 3.479003, -0.305176,Sitting
1817127, -0.303101, -0.638306, -0.707642, 2.807617, 6.591796, -0.366211,Sitting
1817147, -0.268555, -0.632568, -0.694214, 2.563476, 5.554198, -0.488281,Sitting
1817167, -0.258423, -0.631226, -0.686035, 1.708984, 2.929687, -0.122070,Sitting
1817187, -0.261963, -0.659912, -0.695801, 1.464844, -1.708984, 0.000000,Sitting
1817207, -0.275513, -0.671387, -0.689575, -0.183105, -5.737304, 0.000000,Sitting
1817227, -0.328613, -0.672241, -0.685425, -1.037598, -8.972170, 0.122070,Sitting
1817247, -0.370483, -0.672730, -0.666504, -0.427246, -6.469726, 0.793457,Sitting
1817267, -0.353272, -0.670776, -0.668335, 0.793457, -0.305176, 0.549316,Sitting
1817287, -0.325440, -0.668945, -0.689820, 0.244141, 3.601074, -0.244141,Sitting
1817307, -0.289673, -0.657593, -0.703125, -0.427246, 3.967285, -0.732422,Sitting
1817327, -0.269898, -0.647705, -0.700440, -0.244141, 1.098633, -0.610352,Sitting
1817347, -0.262085, -0.640259, -0.701416, 0.549316, -2.075196, -1.037598,Sitting
1817367, -0.291504, -0.648316, -0.695435, 0.732422, -3.540038, -0.854492,Sitting
1817387, -0.327637, -0.648316, -0.694336, 0.610352, -2.380371, 0.244141,Sitting
1817407, -0.314941, -0.659668, -0.690186, 2.014160, 1.525878, 0.122070,Sitting
1817427, -0.276856, -0.680420, -0.684082, 1.892090, 0.915527, -0.305176,Sitting
1817447, -0.283081, -0.676514, -0.690430, 0.610352, -0.915527, -0.305176,Sitting
1817467, -0.305420, -0.658203, -0.687134, -1.281738, -2.197266, 0.061035,Sitting
1817487, -0.303345, -0.634522, -0.688843, -0.671386, -3.112792, 0.061035,Sitting
1817507, -0.317383, -0.648194, -0.695435, 1.098633, -2.136231, -0.793457,Sitting
1817527, -0.314575, -0.664795, -0.682251, -0.549316, -0.488281, -0.671386,Sitting
1817547, -0.320313, -0.654175, -0.690430, -1.159668, -0.244141, 0.183105,Sitting
1817567, -0.324707, -0.648560, -0.698730, 1.159668, 0.183105, 0.366211,Sitting
1817587, -0.312500, -0.655518, -0.690674, 3.112792, 1.892090, 0.183105,Sitting
1817607, -0.320801, -0.660645, -0.688843, 4.272462, 3.356933, -0.610352,Sitting
1817627, -0.287720, -0.640503, -0.698120, 1.953124, 3.662109, 0.488281,Sitting
1817647, -0.274170, -0.629150, -0.705566, 0.244141, 1.953124, 2.014160,Sitting
1817667, -0.293701, -0.647583, -0.676392, 1.586914, -2.502442, 0.732422,Sitting
1817687, -0.316528, -0.700440, -0.658447, -0.549316, -5.126952, -0.305176,Sitting
1817707, -0.317261, -0.707031, -0.674072, -3.051757, -3.173828, -0.793457,Sitting
1817727, -0.322876, -0.679444, -0.688232, -1.647949, -0.122070, -0.244141,Sitting
1817747, -0.300171, -0.660645, -0.696411, -0.183105, 3.112792, -0.427246,Sitting
1817767, -0.271484, -0.640747, -0.700195, 1.403808, 2.563476, -0.488281,Sitting
1817787, -0.258423, -0.635498, -0.688110, 0.976562, -1.525878, -0.183105,Sitting
1817807, -0.272583, -0.632812, -0.683350, 1.037598, -6.042480, 0.427246,Sitting
1817827, -0.329102, -0.652954, -0.683472, 1.220704, -6.713866, 0.976562,Sitting
1817847, -0.344482, -0.689820, -0.681274, -2.014160, -2.075196, 1.647949,Sitting
1817867, -0.304443, -0.692749, -0.666870, -3.356933, -4.455568, 0.976562,Sitting
1817887, -0.309448, -0.691772, -0.666992, -5.615234, -5.981444, 0.122070,Sitting
1817907, -0.311768, -0.665650, -0.696045, -6.835936, -4.882814, -0.793457,Sitting
1817927, -0.316772, -0.632690, -0.715698, -6.103514, -3.173828, -1.770019,Sitting
1817947, -0.321655, -0.614624, -0.723877, -4.089356, -0.915527, -2.624511,Sitting
1817967, -0.303711, -0.618652, -0.714112, -1.708984, 0.061035, -2.685546,Sitting
1817987, -0.291016, -0.631714, -0.698975, -0.183105, -0.488281, -2.075196,Sitting
1818007, -0.312866, -0.641236, -0.693237, 0.915527, -0.671386, -1.098633,Sitting
1818027, -0.324219, -0.645996, -0.691406, 1.098633, 0.305176, -1.037598,Sitting
1818047, -0.328247, -0.655640, -0.694092, 0.976562, 0.061035, -0.671386,Sitting
1818067, -0.326172, -0.654907, -0.676148, -0.488281, -0.061035, 0.244141,Sitting
1818087, -0.334351, -0.639526, -0.684937, -0.183105, 1.586914, 0.549316,Sitting
1818107, -0.317871, -0.642944, -0.703369, 0.976562, 3.784179, 0.061035,Sitting
1818127, -0.283814, -0.661377, -0.701538, 1.342773, 3.295898, 0.122070,Sitting
1818147, -0.276489, -0.675293, -0.686157, 0.915527, 0.366211, -0.122070,Sitting
1818167, -0.283325, -0.667969, -0.677246, -0.366211, -1.953124, -0.244141,Sitting
1818187, -0.309937, -0.657471, -0.688965, -0.122070, -2.563476, -0.427246,Sitting
1818207, -0.319946, -0.654663, -0.699829, 0.122070, -1.586914, -0.854492,Sitting
1818227, -0.316895, -0.654297, -0.701904, -0.183105, -0.061035, -0.915527,Sitting
1818247, -0.301025, -0.647583, -0.693848, -1.403808, -0.488281, -0.671386,Sitting
1818267, -0.297485, -0.642090, -0.688965, -1.892090, -1.464844, -1.037598,Sitting
1818287, -0.307495, -0.632690, -0.697388, -2.075196, -2.075196, -0.671386,Sitting
1818307, -0.322754, -0.639160, -0.699219, -1.098633, -1.586914, -1.403808,Sitting
1818327, -0.326538, -0.652100, -0.692749, -0.488281, -0.915527, -0.976562,Sitting
1818347, -0.313965, -0.661255, -0.683960, -0.427246, -0.610352, -0.427246,Sitting
1818367, -0.307007, -0.661255, -0.686524, -0.244141, -0.732422, -0.061035,Sitting
1818387, -0.307373, -0.659790, -0.694946, -0.366211, -0.366211, 0.305176,Sitting
1818407, -0.308716, -0.653076, -0.701294, -0.061035, -0.427246, -0.305176,Sitting
1818427, -0.306396, -0.649536, -0.701660, -0.366211, 0.610352, -1.037598,Sitting
1818447, -0.299927, -0.637818, -0.703369, -0.183105, 0.854492, -0.793457,Sitting
1818467, -0.298584, -0.632080, -0.704346, -0.427246, 0.488281, -1.586914,Sitting
1818487, -0.316895, -0.626465, -0.708496, -0.061035, 0.183105, -1.586914,Sitting
1818507, -0.312378, -0.630737, -0.702026, 0.549316, 0.061035, -0.976562,Sitting
1818527, -0.317749, -0.640747, -0.698486, 1.037598, -0.122070, -0.854492,Sitting
1818547, -0.311279, -0.650024, -0.698486, 1.708984, -0.793457, -1.525878,Sitting
1818567, -0.318359, -0.656738, -0.693848, 1.037598, 0.305176, -0.122070,Sitting
1818587, -0.309204, -0.650024, -0.693482, 0.549316, 1.281738, -0.427246,Sitting
1818607, -0.296753, -0.653442, -0.695557, 0.183105, 0.366211, -1.525878,Sitting
1818627, -0.284302, -0.654785, -0.694214, 0.122070, -1.647949, -0.793457,Sitting
1818647, -0.308228, -0.645020, -0.695801, 0.244141, -2.197266, -0.366211,Sitting
1818667, -0.323242, -0.649658, -0.697632, 0.549316, -0.793457, -1.159668,Sitting
1818687, -0.307617, -0.651734, -0.696533, 0.488281, 0.366211, -1.098633,Sitting
1818707, -0.297974, -0.647583, -0.695801, 0.488281, 1.098633, -0.793457,Sitting
1818727, -0.300171, -0.652832, -0.693848, 0.671386, 0.122070, -1.098633,Sitting
1818747, -0.307861, -0.657715, -0.694824, 0.305176, 0.183105, -0.549316,Sitting
1818767, -0.303101, -0.653687, -0.694824, 0.122070, -0.122070, -1.098633,Sitting
1818787, -0.295654, -0.649780, -0.695923, 0.183105, -0.366211, -0.976562,Sitting
1818807, -0.302856, -0.643311, -0.703858, 0.854492, -0.183105, -0.366211,Sitting
1818827, -0.309082, -0.646118, -0.701050, 1.281738, -0.427246, -0.793457,Sitting
1818847, -0.311524, -0.656982, -0.693360, 0.915527, -0.305176, -0.427246,Sitting
1818867, -0.298096, -0.653687, -0.689942, 0.122070, -0.488281, -0.549316,Sitting
1818887, -0.298218, -0.656250, -0.696167, -0.122070, -0.793457, -0.671386,Sitting
1818907, -0.300293, -0.650269, -0.700684, -0.305176, -0.915527, -0.732422,Sitting
1818927, -0.302856, -0.651123, -0.698608, -0.610352, -1.464844, -0.488281,Sitting
1818947, -0.288330, -0.644654, -0.699097, -0.610352, -2.197266, -0.671386,Sitting
1818967, -0.299805, -0.650635, -0.699219, 0.244141, -2.502442, -1.037598,Sitting
1818987, -0.317383, -0.654663, -0.694580, 0.122070, -1.586914, -0.427246,Sitting
1819007, -0.319702, -0.648316, -0.692261, -0.122070, -1.342773, -1.220704,Sitting
1819027, -0.306641, -0.647949, -0.694092, 0.244141, -0.671386, -0.915527,Sitting
1819047, -0.292969, -0.647217, -0.698364, 0.488281, 0.061035, -0.244141,Sitting
1819067, -0.296021, -0.646606, -0.696289, 0.183105, -0.305176, -0.244141,Sitting
1819087, -0.316162, -0.646606, -0.701538, 0.854492, -1.098633, -0.915527,Sitting
1819107, -0.315796, -0.652710, -0.699585, 0.732422, -0.183105, -1.525878,Sitting
1819127, -0.298584, -0.657715, -0.694702, 0.549316, 1.403808, -0.610352,Sitting
1819147, -0.293579, -0.652100, -0.696778, 0.427246, 1.525878, -0.061035,Sitting
1819167, -0.298706, -0.648804, -0.699707, 0.610352, -0.732422, -1.281738,Sitting
1819187, -0.307129, -0.652466, -0.694824, 0.610352, -0.671386, -1.098633,Sitting
1819207, -0.312500, -0.655152, -0.689087, 0.305176, 0.427246, -0.976562,Sitting
1819227, -0.310913, -0.653076, -0.688843, -0.122070, 1.464844, -0.244141,Sitting
1819247, -0.297241, -0.646851, -0.691650, 0.305176, 0.488281, -1.342773,Sitting
1819267, -0.293579, -0.655884, -0.697510, 0.732422, -0.976562, -0.854492,Sitting
1819287, -0.302368, -0.659058, -0.692017, 0.366211, -1.281738, -0.305176,Sitting
1819307, -0.304566, -0.656250, -0.695312, -0.061035, -1.281738, -0.427246,Sitting
1819327, -0.312012, -0.653564, -0.697876, -0.915527, -0.366211, -0.122070,Sitting
1819347, -0.297608, -0.648438, -0.697998, -0.854492, -0.183105, -0.488281,Sitting
1819367, -0.295044, -0.650879, -0.696289, -0.366211, -0.671386, -0.427246,Sitting
1819387, -0.301514, -0.655152, -0.700073, 0.000000, -0.854492, -0.305176,Sitting
1819407, -0.298584, -0.653564, -0.699829, -0.183105, -0.488281, 0.061035,Sitting
1819427, -0.293579, -0.644776, -0.694580, -0.305176, -0.854492, 0.244141,Sitting
1819447, -0.296265, -0.638672, -0.694214, -0.183105, -2.136231, -0.122070,Sitting
1819467, -0.304321, -0.640991, -0.697998, -0.061035, -2.746581, -0.488281,Sitting
1819487, -0.307251, -0.645508, -0.703247, -0.610352, -2.624511, -0.122070,Sitting
1819507, -0.301270, -0.646484, -0.700195, -0.915527, -2.319336, 0.000000,Sitting
1819527, -0.293579, -0.648804, -0.699585, -0.610352, -2.319336, 0.061035,Sitting
1819547, -0.292480, -0.656006, -0.701782, -0.366211, -2.014160, -0.122070,Sitting
1819567, -0.293091, -0.656494, -0.700318, -0.061035, -2.258301, -0.732422,Sitting
1819587, -0.305298, -0.660522, -0.693604, -0.244141, -2.075196, -1.098633,Sitting
1819607, -0.334717, -0.642578, -0.704834, 0.183105, 0.976562, -1.159668,Sitting
1819627, -0.327271, -0.651856, -0.701660, 1.403808, 3.845214, -2.075196,Sitting
1819647, -0.322510, -0.664795, -0.708618, 3.601074, 4.882814, -1.647949,Sitting
1819667, -0.323242, -0.651001, -0.697144, 4.577638, 6.286620, -2.197266,Sitting
1819687, -0.303101, -0.630615, -0.691406, 4.150392, 8.422854, -0.366211,Sitting
1819707, -0.242188, -0.609131, -0.703613, 2.685546, 6.042480, -0.610352,Sitting
1819727, -0.238525, -0.623657, -0.708496, 2.014160, -0.671386, -0.854492,Sitting
1819747, -0.269287, -0.655029, -0.692383, 0.854492, -5.615234, -0.183105,Sitting
1819767, -0.291626, -0.681274, -0.671997, -0.976562, -7.934570, 0.488281,Sitting
1819787, -0.308716, -0.681152, -0.676636, -1.953124, -9.277344, 0.732422,Sitting
1819807, -0.341431, -0.682373, -0.676880, -2.258301, -8.117676, 0.122070,Sitting
1819827, -0.344849, -0.670288, -0.694092, -1.403808, -0.366211, 0.427246,Sitting
1819847, -0.304077, -0.651734, -0.706665, -0.793457, 2.075196, -0.183105,Sitting
1819867, -0.292480, -0.640625, -0.710205, -0.366211, 1.464844, -1.342773,Sitting
1819887, -0.277832, -0.634400, -0.701294, -0.793457, 1.647949, -0.976562,Sitting
1819907, -0.269775, -0.625000, -0.712402, 0.061035, 1.770019, -0.427246,Sitting
1819927, -0.273560, -0.638062, -0.716553, 0.488281, 0.488281, -0.854492,Sitting
1819947, -0.296021, -0.645752, -0.709106, 1.037598, -1.831054, -1.708984,Sitting
1819967, -0.308350, -0.658570, -0.691650, 1.220704, -1.892090, -0.244141,Sitting
1819987, -0.302979, -0.653687, -0.681396, 0.915527, -2.746581, 0.427246,Sitting
1820007, -0.334473, -0.663696, -0.683106, 1.342773, -1.953124, 0.061035,Sitting
1820027, -0.338989, -0.649658, -0.689697, 1.403808, 1.464844, -0.915527,Sitting
1820047, -0.290527, -0.651734, -0.697266, 1.159668, 3.295898, 0.000000,Sitting
1820067, -0.279419, -0.668213, -0.690918, 0.793457, -0.488281, 0.610352,Sitting
1820087, -0.297608, -0.666748, -0.682251, 0.732422, -3.601074, -1.403808,Sitting
1820107, -0.311524, -0.669922, -0.686279, -1.342773, -2.868652, -0.427246,Sitting
1820127, -0.299194, -0.654419, -0.691650, -2.563476, -0.915527, 0.793457,Sitting
1820147, -0.281982, -0.646851, -0.697388, -2.929687, -3.540038, 0.427246,Sitting
1820167, -0.299561, -0.637451, -0.699585, -0.976562, -4.577638, -5.249022,Sitting
1820187, -0.304810, -0.671265, -0.700684, -1.953124, -2.197266, 0.122070,Sitting
1820207, -0.307251, -0.637573, -0.704712, -1.159668, -1.037598, -0.305176,Sitting
1820227, -0.304321, -0.649170, -0.701660, -0.488281, -1.342773, -2.685546,Sitting
1820247, -0.318726, -0.645386, -0.699097, 0.122070, -0.427246, -2.136231,Sitting
1820267, -0.318359, -0.643921, -0.701172, 0.305176, 2.014160, -1.831054,Sitting
1820287, -0.314575, -0.638062, -0.707886, 0.183105, 2.807617, -0.854492,Sitting
1820307, -0.296265, -0.629761, -0.706177, 1.281738, 1.708984, -1.586914,Sitting
1820327, -0.296387, -0.632690, -0.707642, 1.281738, 2.136231, -0.793457,Sitting
1820347, -0.282349, -0.635254, -0.705688, 1.892090, 2.502442, -1.831054,Sitting
1820368, -0.308838, -0.658447, -0.696900, 2.319336, 2.319336, -2.075196,Sitting
1820388, -0.302124, -0.674072, -0.683716, 1.281738, 3.173828, -2.319336,Sitting
1820408, -0.265747, -0.675049, -0.682495, 0.549316, 0.854492, -2.868652,Sitting
1820428, -0.279297, -0.675659, -0.686279, -0.305176, -1.159668, 0.305176,Sitting
1820448, -0.288574, -0.650269, -0.697388, 0.244141, -1.892090, -0.488281,Sitting
1820468, -0.297485, -0.656128, -0.702637, 0.854492, -2.197266, 0.000000,Sitting
1820488, -0.299683, -0.645752, -0.697144, 0.366211, -0.854492, -0.061035,Sitting
1820508, -0.301758, -0.646240, -0.696533, 0.305176, -0.427246, -1.098633,Sitting
1820528, -0.298462, -0.641846, -0.700073, -0.305176, -0.122070, -1.770019,Sitting
1820548, -0.286011, -0.657715, -0.702026, 0.427246, -1.464844, -0.427246,Sitting
1820568, -0.288574, -0.655152, -0.694458, -1.220704, -0.732422, 0.671386,Sitting
1820588, -0.280151, -0.652466, -0.696778, -0.915527, -1.708984, -0.671386,Sitting
1820608, -0.289429, -0.646240, -0.702881, -0.854492, -2.868652, -0.488281,Sitting
1820628, -0.309204, -0.656982, -0.694702, 0.183105, -2.990722, -0.122070,Sitting
1820648, -0.304199, -0.662720, -0.688721, 0.000000, -1.159668, -0.061035,Sitting
1820668, -0.288086, -0.664429, -0.693482, -0.122070, -0.183105, -0.610352,Sitting
1820688, -0.295532, -0.649170, -0.700684, -0.366211, -2.319336, -0.488281,Sitting
1820708, -0.311768, -0.647339, -0.699219, -0.183105, -1.770019, -0.610352,Sitting
1820728, -0.305908, -0.645874, -0.697998, -0.610352, 0.061035, 0.610352,Sitting
1820748, -0.277100, -0.640747, -0.699829, -0.122070, -0.305176, 0.000000,Sitting
1820768, -0.295898, -0.653198, -0.704712, 0.671386, -2.136231, -0.488281,Sitting
1820788, -0.307861, -0.654053, -0.697144, 1.037598, -1.464844, -0.549316,Sitting
1820808, -0.306274, -0.649780, -0.692139, 1.037598, -1.098633, 0.000000,Sitting
1820828, -0.293579, -0.650635, -0.693360, 1.098633, -1.708984, -0.854492,Sitting
1820848, -0.295776, -0.661743, -0.695312, 2.075196, -2.380371, -0.671386,Sitting
1820868, -0.293213, -0.666260, -0.693970, 2.319336, -1.464844, 1.403808,Sitting
1820888, -0.294190, -0.673218, -0.698486, 0.183105, -2.136231, 4.699708,Sitting
1820908, -0.284058, -0.629639, -0.706055, 0.854492, -4.211426, -4.272462,Sitting
1820928, -0.313355, -0.654663, -0.699463, -2.807617, -1.953124, -1.403808,Sitting
1820948, -0.303223, -0.648804, -0.704224, -0.732422, -0.061035, -1.770019,Sitting
1820968, -0.317139, -0.663208, -0.700318, -0.671386, -1.037598, -0.976562,Sitting
1820988, -0.337769, -0.639038, -0.692993, 1.281738, 0.427246, -2.258301,Sitting
1821008, -0.322388, -0.635742, -0.681519, 1.770019, 3.784179, -2.258301,Sitting
1821028, -0.285522, -0.647827, -0.681519, 1.831054, 4.028321, -0.366211,Sitting
1821048, -0.260498, -0.652344, -0.688721, 0.976562, 0.854492, -0.183105,Sitting
1821068, -0.281982, -0.671387, -0.692749, 0.793457, -3.051757, 0.793457,Sitting
1821088, -0.290039, -0.674194, -0.691406, -0.427246, -4.028321, 0.671386,Sitting
1821108, -0.290649, -0.677002, -0.693604, -1.403808, -3.601074, 1.281738,Sitting
1821128, -0.291382, -0.640869, -0.706543, -1.647949, -2.075196, 0.000000,Sitting
1821148, -0.309570, -0.640137, -0.714722, 0.061035, -1.770019, -1.037598,Sitting
1821168, -0.313721, -0.650024, -0.705688, 0.488281, -1.098633, -1.464844,Sitting
1821188, -0.326294, -0.653809, -0.695557, 0.183105, 0.549316, -1.770019,Sitting
1821208, -0.314331, -0.643555, -0.694946, 0.305176, 1.403808, -1.953124,Sitting
1821228, -0.310303, -0.640869, -0.691772, 0.000000, 1.953124, -0.732422,Sitting
1821248, -0.292114, -0.637451, -0.690552, 0.305176, 2.136231, -0.976562,Sitting
1821268, -0.287720, -0.657471, -0.696045, 0.549316, 0.915527, -0.976562,Sitting
1821288, -0.293945, -0.665650, -0.692383, 0.183105, -0.061035, -1.098633,Sitting
1821308, -0.289551, -0.669556, -0.686157, 0.000000, -0.793457, -0.793457,Sitting
1821328, -0.290649, -0.665039, -0.692627, 0.061035, -0.183105, 0.488281,Sitting
1821348, -0.287232, -0.645630, -0.704956, 0.122070, -0.976562, -1.220704,Sitting
1821368, -0.291992, -0.650513, -0.704712, 0.549316, -2.319336, -1.464844,Sitting
1821388, -0.307373, -0.654053, -0.698730, -0.183105, -1.831054, -0.305176,Sitting
1821408, -0.297974, -0.647583, -0.693604, -0.976562, -0.549316, -0.671386,Sitting
1821428, -0.293701, -0.647583, -0.697510, -1.098633, -0.488281, -0.915527,Sitting
1821448, -0.296997, -0.643188, -0.703491, -0.915527, -0.427246, -1.220704,Sitting
1821468, -0.296997, -0.652588, -0.702026, -0.366211, -0.610352, -0.305176,Sitting
1821488, -0.302612, -0.654663, -0.699219, -0.122070, 0.000000, -0.244141,Sitting
1821508, -0.290161, -0.658570, -0.694092, 0.061035, 0.305176, -1.037598,Sitting
1821528, -0.281128, -0.664185, -0.695557, -0.366211, -0.854492, 1.403808,Sitting
1821548, -0.297730, -0.640015, -0.696533, -0.427246, -1.525878, -0.488281,Sitting
1821568, -0.301148, -0.661621, -0.690674, -0.183105, -2.197266, -0.671386,Sitting
1821588, -0.303711, -0.656128, -0.694458, 0.183105, -2.197266, 0.854492,Sitting
1821608, -0.323853, -0.659302, -0.707154, 0.061035, 0.061035, 2.319336,Sitting
1821628, -0.313965, -0.639771, -0.713013, 1.342773, 1.831054, -0.122070,Sitting
1821648, -0.301148, -0.634033, -0.702393, 2.685546, 3.356933, -2.014160,Sitting
1821668, -0.303955, -0.638428, -0.703003, 2.746581, 4.638672, 0.671386,Sitting
1821688, -0.283814, -0.641724, -0.702759, 1.831054, 3.723144, 0.427246,Sitting
1821708, -0.267090, -0.646973, -0.694458, 1.037598, 0.183105, 0.488281,Sitting
1821728, -0.288574, -0.652344, -0.693237, 0.122070, -1.220704, 0.549316,Sitting
1821748, -0.276123, -0.664917, -0.687866, 0.000000, -1.525878, -0.305176,Sitting
1821768, -0.270020, -0.683716, -0.683838, -1.586914, -2.929687, 0.488281,Sitting
1821788, -0.291138, -0.684570, -0.684814, -2.685546, -5.920409, 1.281738,Sitting
1821808, -0.308716, -0.652222, -0.690674, -2.807617, -5.371092, 0.976562,Sitting
1821828, -0.317627, -0.645752, -0.704468, -2.075196, -3.662109, -0.061035,Sitting
1821848, -0.322388, -0.634888, -0.711914, -0.549316, -1.220704, -1.403808,Sitting
1821868, -0.308594, -0.636108, -0.711792, 0.061035, 1.098633, 0.061035,Sitting
1821888, -0.294190, -0.628052, -0.708984, 0.122070, 1.403808, 0.915527,Sitting
1821908, -0.287842, -0.632568, -0.706055, -0.183105, -0.732422, 0.305176,Sitting
1821928, -0.297363, -0.634888, -0.701172, -0.366211, -2.502442, -0.366211,Sitting
1821948, -0.306763, -0.635254, -0.704834, -0.915527, -2.319336, 0.427246,Sitting
1821968, -0.327148, -0.643188, -0.708984, 0.061035, -0.610352, 0.244141,Sitting
1821988, -0.331787, -0.663574, -0.692261, 0.854492, 0.122070, -0.915527,Sitting
1822008, -0.328613, -0.676148, -0.677368, 0.427246, 1.770019, -0.244141,Sitting
1822048, -0.280518, -0.642212, -0.694946, 0.000000, 0.793457, 0.915527,Sitting
1822068, -0.290161, -0.639404, -0.704468, 0.549316, -0.244141, 0.305176,Sitting
1822088, -0.286743, -0.643433, -0.712036, 0.000000, -0.427246, 0.610352,Sitting
1822108, -0.278564, -0.641236, -0.711914, -0.427246, -0.854492, 0.915527,Sitting
1822128, -0.271606, -0.645264, -0.707031, -0.915527, -1.770019, 0.488281,Sitting
1822148, -0.275879, -0.650879, -0.706543, -0.610352, -2.502442, -0.122070,Sitting
1822168, -0.295654, -0.654419, -0.703613, -0.732422, -3.112792, -0.549316,Sitting
1822188, -0.315918, -0.655884, -0.702759, -0.183105, -2.258301, -0.427246,Sitting
1822208, -0.318604, -0.653320, -0.701416, -0.122070, -0.610352, -0.183105,Sitting
1822228, -0.311401, -0.649414, -0.694092, -0.122070, -0.183105, -0.854492,Sitting
1822248, -0.309937, -0.642212, -0.693482, -0.732422, -0.305176, -0.610352,Sitting
1822268, -0.302002, -0.634644, -0.697998, -0.915527, -0.427246, -0.488281,Sitting
1822288, -0.296143, -0.627564, -0.707276, -1.220704, -0.976562, -0.305176,Sitting
1822308, -0.305786, -0.630249, -0.711792, -0.915527, -1.770019, -0.976562,Sitting
1822328, -0.305298, -0.634888, -0.713135, -0.854492, -1.892090, -1.342773,Sitting
1822348, -0.303345, -0.645752, -0.702393, -1.159668, -1.525878, -1.464844,Sitting
1822368, -0.295044, -0.648804, -0.700562, -0.915527, -1.647949, -1.342773,Sitting
1822388, -0.296997, -0.650757, -0.703369, -0.793457, -2.136231, -1.403808,Sitting
1822408, -0.296631, -0.647339, -0.699585, -1.342773, -2.258301, -1.708984,Sitting
1822428, -0.309692, -0.639893, -0.705078, -0.915527, -1.953124, -1.525878,Sitting
1822448, -0.306641, -0.634033, -0.705200, -0.061035, -1.098633, -1.464844,Sitting
1822468, -0.298950, -0.640991, -0.702393, 0.305176, -1.525878, -1.586914,Sitting
1822488, -0.298340, -0.642334, -0.706909, -0.183105, -1.831054, -0.976562,Sitting
1822508, -0.299561, -0.647461, -0.703003, -0.549316, -2.380371, 0.305176,Sitting
1822528, -0.301880, -0.639282, -0.697510, 0.000000, -3.540038, -2.014160,Sitting
1822548, -0.311890, -0.653442, -0.699341, 0.061035, -2.746581, -2.685546,Sitting
1822568, -0.309326, -0.646851, -0.707642, 0.183105, -1.647949, -1.098633,Sitting
1822588, -0.310425, -0.641968, -0.712036, 0.427246, -1.525878, 0.061035,Sitting
1822608, -0.295410, -0.630371, -0.704590, 2.014160, -2.624511, -2.929687,Sitting
1822628, -0.308472, -0.665161, -0.692871, 0.000000, -2.990722, 1.342773,Sitting
1822648, -0.321411, -0.639648, -0.694092, 0.488281, -1.525878, 0.122070,Sitting
1822668, -0.296631, -0.643311, -0.701782, -0.244141, 1.403808, -1.098633,Sitting
1822688, -0.288818, -0.645264, -0.700073, 0.366211, 0.000000, -2.075196,Sitting
1822708, -0.304810, -0.655029, -0.698730, 0.366211, -1.647949, -1.647949,Sitting
1822728, -0.313110, -0.647339, -0.702026, -0.244141, -2.075196, -0.366211,Sitting
1822748, -0.312256, -0.642822, -0.700806, -0.305176, -2.380371, -0.671386,Sitting
1822768, -0.299927, -0.639893, -0.696411, -0.610352, -2.746581, -1.159668,Sitting
1822788, -0.315552, -0.638550, -0.701416, -0.610352, -2.319336, -0.854492,Sitting
1822808, -0.311768, -0.633911, -0.703613, 0.000000, -1.464844, -1.281738,Sitting
1822828, -0.311157, -0.642456, -0.704712, 0.915527, -1.281738, -1.220704,Sitting
1822848, -0.303955, -0.649658, -0.702881, 1.037598, -1.403808, -0.915527,Sitting
1822868, -0.309692, -0.647095, -0.704102, 1.098633, -1.770019, -0.732422,Sitting
1822888, -0.308838, -0.641236, -0.701416, 1.281738, -1.098633, -0.671386,Sitting
1822908, -0.306152, -0.641846, -0.704468, 1.098633, -0.305176, -0.488281,Sitting
1822928, -0.290161, -0.641846, -0.699951, 0.732422, -0.183105, -0.305176,Sitting
1822948, -0.296753, -0.648682, -0.702759, 1.037598, -0.976562, -0.671386,Sitting
1822968, -0.302368, -0.661133, -0.695679, 0.915527, -0.854492, -0.793457,Sitting
1822988, -0.303955, -0.660767, -0.694580, 0.305176, -0.549316, -0.366211,Sitting
1823008, -0.303345, -0.649902, -0.694946, 0.244141, -0.549316, -0.793457,Sitting
1823028, -0.297974, -0.638550, -0.693848, -0.061035, -1.220704, -0.061035,Sitting
1823048, -0.300781, -0.631958, -0.695190, 1.464844, -2.563476, -0.610352,Sitting
1823068, -0.325684, -0.646851, -0.695557, 0.915527, -2.197266, 3.051757,Sitting
1823088, -0.339966, -0.633423, -0.703125, 1.953124, -2.075196, 2.563476,Sitting
1823108, -0.321899, -0.639648, -0.701172, 1.647949, 1.281738, 0.854492,Sitting
1823128, -0.312622, -0.644776, -0.705688, 1.586914, 3.234863, -0.427246,Sitting
1823148, -0.301025, -0.652466, -0.696655, 1.342773, 2.624511, -2.075196,Sitting
1823168, -0.305176, -0.659546, -0.696167, 0.366211, 1.953124, -0.488281,Sitting
1823188, -0.299805, -0.653076, -0.696045, 0.732422, 0.915527, -1.647949,Sitting
1823208, -0.294434, -0.661377, -0.692139, 0.366211, -0.122070, -1.770019,Sitting
1823228, -0.306152, -0.652832, -0.694092, -0.061035, -0.244141, -1.892090,Sitting
1823248, -0.310425, -0.651734, -0.697388, 0.122070, -0.427246, -2.197266,Sitting
1823268, -0.309082, -0.645508, -0.698853, -0.061035, -0.488281, -1.220704,Sitting
1823288, -0.304810, -0.640015, -0.699341, -0.061035, -0.427246, -1.708984,Sitting
1823308, -0.307983, -0.646973, -0.700195, 0.305176, -0.427246, -2.258301,Sitting
1823328, -0.310059, -0.651489, -0.694580, 0.122070, 0.122070, -1.831054,Sitting
1823348, -0.301025, -0.653442, -0.691650, -0.061035, 0.000000, -1.708984,Sitting
1823368, -0.302612, -0.650635, -0.696533, 0.000000, -0.427246, -1.281738,Sitting
1823388, -0.301148, -0.647949, -0.700562, 0.122070, 0.000000, -1.037598,Sitting
1823408, -0.300659, -0.640869, -0.705322, 0.610352, 0.427246, -1.586914,Sitting
1823428, -0.304443, -0.646606, -0.705322, 1.037598, 1.220704, -1.464844,Sitting
1823448, -0.299194, -0.645142, -0.699951, 0.915527, 1.464844, -1.281738,Sitting
1823468, -0.295898, -0.650024, -0.699341, 1.037598, 1.098633, -1.342773,Sitting
1823488, -0.291138, -0.656372, -0.695801, 0.610352, 0.488281, -1.464844,Sitting
1823508, -0.290527, -0.653809, -0.697388, 0.305176, 0.183105, -1.037598,Sitting
1823528, -0.296387, -0.647583, -0.703369, 0.366211, 0.183105, -0.976562,Sitting
1823548, -0.298340, -0.647217, -0.704346, 0.732422, 0.427246, -1.220704,Sitting
1823568, -0.293579, -0.651489, -0.696045, 1.037598, 0.854492, -1.342773,Sitting
1823588, -0.284668, -0.656250, -0.696533, 0.488281, 0.488281, -0.854492,Sitting
1823608, -0.294800, -0.654053, -0.700195, 0.488281, 0.366211, -0.671386,Sitting
1823628, -0.293335, -0.651123, -0.703247, 0.610352, 0.732422, -1.464844,Sitting
1823648, -0.286621, -0.653931, -0.698608, 0.488281, 0.366211, -1.403808,Sitting
1823668, -0.292358, -0.650879, -0.697998, 0.549316, -0.061035, -0.610352,Sitting
1823688, -0.297608, -0.651001, -0.696167, 0.427246, 0.122070, -0.671386,Sitting
1823708, -0.294678, -0.652466, -0.695068, 0.305176, -0.244141, -0.915527,Sitting
1823728, -0.286621, -0.651489, -0.697388, 0.183105, -0.671386, -0.732422,Sitting
1823748, -0.295776, -0.653442, -0.699585, 0.366211, -0.671386, -0.305176,Sitting
1823768, -0.300903, -0.650757, -0.699219, 0.549316, -1.037598, -0.671386,Sitting
1823788, -0.296631, -0.650879, -0.696655, -0.122070, -1.037598, -0.305176,Sitting
1823808, -0.293091, -0.648316, -0.698364, 0.488281, -1.220704, -0.732422,Sitting
1823828, -0.296143, -0.655152, -0.697876, 0.305176, -0.671386, -0.305176,Sitting
1823848, -0.293457, -0.652832, -0.701050, 0.488281, -0.671386, -0.366211,Sitting
1823868, -0.288330, -0.658325, -0.700562, 0.244141, -0.793457, -0.427246,Sitting
1823888, -0.284058, -0.656738, -0.701050, 0.122070, -1.342773, -0.366211,Sitting
1823908, -0.285034, -0.650391, -0.702271, -0.122070, -1.281738, -0.366211,Sitting
1823928, -0.293335, -0.647461, -0.703003, 0.427246, -1.220704, -0.671386,Sitting
1823948, -0.301392, -0.650269, -0.698364, 0.610352, -0.610352, -0.915527,Sitting
1823968, -0.306030, -0.652710, -0.696655, 0.488281, 0.122070, -1.281738,Sitting
1823988, -0.297119, -0.657349, -0.695068, 0.610352, 0.427246, -1.281738,Sitting
1824008, -0.291748, -0.656006, -0.692261, 0.122070, 0.183105, -0.305176,Sitting
1824028, -0.286987, -0.653564, -0.694824, 0.183105, -0.366211, -0.732422,Sitting
1824048, -0.293701, -0.655274, -0.701904, 0.549316, -0.915527, -0.610352,Sitting
1824068, -0.297974, -0.653687, -0.699707, 0.305176, -0.549316, -0.488281,Sitting
1824088, -0.299316, -0.655274, -0.696655, 0.671386, -0.061035, -0.793457,Sitting
1824108, -0.286377, -0.655274, -0.696167, 0.122070, 0.000000, -0.244141,Sitting
1824128, -0.288818, -0.654297, -0.697754, -0.061035, -0.549316, -0.427246,Sitting
1824148, -0.283569, -0.655152, -0.698120, -0.183105, -1.281738, -0.671386,Sitting
1824168, -0.291260, -0.651489, -0.701050, -0.183105, -1.647949, -0.732422,Sitting
1824188, -0.298950, -0.654175, -0.700318, -0.244141, -1.159668, -0.061035,Sitting
1824208, -0.297852, -0.645752, -0.700684, 0.000000, -0.915527, -0.793457,Sitting
1824228, -0.296875, -0.656494, -0.697266, 0.000000, -0.549316, -0.610352,Sitting
1824248, -0.295288, -0.653320, -0.695801, 0.000000, -0.122070, -0.488281,Sitting
1824268, -0.284668, -0.651489, -0.697998, -0.183105, -0.305176, -0.549316,Sitting
1824288, -0.292969, -0.653076, -0.700440, 0.183105, -0.976562, -0.976562,Sitting
1824308, -0.293335, -0.654907, -0.698120, 0.183105, -0.488281, -0.915527,Sitting
1824328, -0.286377, -0.653198, -0.697510, -0.366211, 0.122070, -0.122070,Sitting
1824348, -0.284180, -0.650269, -0.702393, 0.610352, -1.220704, -1.159668,Sitting
1824368, -0.295410, -0.658936, -0.697266, 0.061035, -1.220704, -0.488281,Sitting
1824388, -0.299072, -0.652466, -0.697632, 0.183105, -0.366211, -0.549316,Sitting
1824408, -0.289673, -0.654541, -0.697510, -0.183105, 0.122070, 0.000000,Sitting
1824428, -0.284302, -0.648071, -0.700684, 0.183105, -1.281738, -0.732422,Sitting
1824448, -0.303467, -0.650757, -0.699097, 0.488281, -0.671386, -0.427246,Sitting
1824468, -0.294556, -0.651001, -0.698975, 0.366211, 0.244141, -0.305176,Sitting
1824488, -0.287354, -0.655274, -0.698975, 0.610352, -0.488281, -0.366211,Sitting
1824508, -0.290894, -0.659912, -0.693726, 0.183105, -1.037598, -0.793457,Sitting
1824528, -0.292480, -0.655518, -0.697754, -0.305176, -0.915527, -0.305176,Sitting
1824548, -0.289185, -0.653687, -0.704102, 0.122070, -0.549316, 0.610352,Sitting
1824568, -0.289185, -0.649536, -0.702026, -0.366211, -1.037598, -0.671386,Sitting
1824588, -0.286499, -0.659180, -0.699951, 0.183105, -2.075196, -1.281738,Sitting
1824608, -0.295288, -0.653320, -0.699341, -0.244141, -1.342773, 0.305176,Sitting
1824628, -0.300903, -0.647339, -0.695801, -0.305176, -0.671386, -0.244141,Sitting
1824648, -0.292358, -0.651856, -0.698120, 0.671386, -0.976562, -0.976562,Sitting
1824668, -0.287842, -0.649780, -0.698608, 0.671386, -1.098633, -1.098633,Sitting
1824688, -0.301514, -0.661011, -0.697022, -0.183105, -0.915527, -0.305176,Sitting
1824708, -0.293823, -0.653320, -0.696167, -0.183105, -1.586914, -0.244141,Sitting
1824728, -0.288818, -0.651489, -0.695190, -0.488281, -2.319336, 0.000000,Sitting
1824748, -0.287232, -0.646118, -0.700928, -0.366211, -2.563476, 0.305176,Sitting
1824768, -0.303589, -0.655029, -0.705933, 0.183105, -1.953124, -0.427246,Sitting
1824788, -0.297119, -0.661865, -0.699219, 0.488281, -0.915527, -0.549316,Sitting
1824808, -0.296753, -0.654541, -0.698853, 0.000000, -0.122070, -0.610352,Sitting
1824828, -0.291016, -0.655152, -0.697266, -0.061035, 0.061035, -0.488281,Sitting
1824848, -0.288086, -0.646118, -0.698364, -0.183105, 0.061035, -0.610352,Sitting
1824868, -0.291016, -0.649902, -0.699463, 0.305176, -0.549316, -0.671386,Sitting
1824888, -0.297241, -0.652832, -0.697266, 0.366211, -0.610352, -0.305176,Sitting
1824908, -0.300293, -0.654663, -0.697144, 0.183105, -0.366211, -0.549316,Sitting
1824928, -0.301758, -0.655640, -0.696045, -0.061035, -0.122070, -0.244141,Sitting
1824948, -0.295288, -0.649170, -0.694458, 0.000000, -0.671386, -0.854492,Sitting
1824968, -0.294678, -0.649292, -0.700806, -0.122070, -0.793457, -0.305176,Sitting
1824988, -0.292847, -0.646362, -0.703858, 1.098633, -0.915527, 0.183105,Sitting
1825008, -0.308716, -0.647461, -0.699707, -0.366211, 0.427246, 0.915527,Sitting
1825028, -0.300537, -0.646851, -0.702515, 1.464844, -0.183105, -2.319336,Sitting
1825048, -0.289917, -0.659424, -0.696900, 0.000000, 0.305176, -1.220704,Sitting
1825068, -0.288574, -0.654053, -0.694580, -0.122070, 0.488281, 0.244141,Sitting
1825088, -0.287720, -0.652466, -0.698120, -0.244141, -0.427246, -1.159668,Sitting
1825108, -0.278564, -0.648316, -0.702759, 1.159668, -2.746581, -2.258301,Sitting
1825128, -0.303223, -0.673584, -0.696533, -0.976562, -0.427246, 4.394532,Sitting
1825148, -0.293579, -0.627808, -0.700806, 0.915527, -1.892090, -1.037598,Sitting
1825168, -0.298462, -0.663696, -0.697510, 0.427246, -1.525878, -2.502442,Sitting
1825188, -0.292358, -0.645874, -0.697266, -0.244141, -0.183105, -0.793457,Sitting
1825208, -0.293579, -0.651978, -0.699585, 0.244141, -0.549316, -0.549316,Sitting
1825228, -0.298706, -0.650757, -0.702271, -0.061035, -1.220704, 0.854492,Sitting
1825248, -0.301392, -0.645630, -0.699829, 0.244141, -1.708984, -0.610352,Sitting
1825268, -0.295410, -0.654907, -0.697388, 0.122070, -0.488281, -0.915527,Sitting
1825288, -0.284302, -0.649536, -0.703125, -0.427246, 0.305176, -0.427246,Sitting
1825308, -0.290772, -0.651367, -0.705200, 0.366211, -0.671386, -0.793457,Sitting
1825328, -0.299438, -0.651978, -0.698975, 0.793457, -1.342773, -0.854492,Sitting
1825348, -0.299805, -0.654907, -0.695312, 0.549316, -0.183105, 0.000000,Sitting
1825368, -0.291138, -0.651367, -0.693604, 0.427246, 0.305176, -0.122070,Sitting
1825388, -0.290527, -0.653809, -0.695190, 0.671386, -0.549316, -0.793457,Sitting
1825408, -0.294678, -0.656128, -0.697388, 0.732422, -1.220704, -0.610352,Sitting
1825428, -0.302490, -0.655029, -0.697754, 0.305176, -0.793457, 0.122070,Sitting
1825448, -0.294800, -0.650635, -0.699097, 0.305176, -0.244141, 0.061035,Sitting
1825468, -0.291748, -0.652222, -0.697754, 0.610352, -0.366211, -0.488281,Sitting
1825488, -0.287842, -0.654907, -0.698486, 0.549316, -1.037598, -0.610352,Sitting
1825508, -0.295410, -0.655640, -0.697632, 0.122070, -1.098633, -0.061035,Sitting
1825528, -0.288818, -0.653931, -0.697022, -0.061035, -1.098633, 0.061035,Sitting
1825548, -0.292114, -0.654419, -0.699585, -0.122070, -1.281738, -0.671386,Sitting
1825568, -0.299683, -0.657104, -0.697144, -0.488281, -1.098633, -0.549316,Sitting
1825588, -0.292969, -0.650635, -0.697632, -0.671386, -1.281738, -0.305176,Sitting
1825608, -0.294434, -0.648926, -0.700073, -0.244141, -1.647949, -0.122070,Sitting
1825628, -0.292725, -0.650757, -0.698486, 0.000000, -1.525878, 0.061035,Sitting
1825648, -0.300903, -0.651612, -0.697266, 0.000000, -1.342773, -0.244141,Sitting
1825668, -0.300171, -0.652832, -0.700562, 0.244141, -1.708984, -0.610352,Sitting
1825688, -0.301025, -0.650269, -0.699341, 0.183105, -1.403808, -0.427246,Sitting
1825708, -0.298096, -0.652100, -0.696655, -0.061035, -0.793457, 0.488281,Sitting
1825728, -0.292847, -0.646606, -0.697388, 0.244141, -1.159668, 0.061035,Sitting
1825748, -0.295044, -0.654297, -0.699341, 0.488281, -1.770019, -0.183105,Sitting
1825768, -0.299072, -0.648560, -0.700684, 0.610352, -1.525878, 0.061035,Sitting
1825788, -0.298462, -0.653809, -0.698364, 0.793457, -0.976562, 0.000000,Sitting
1825808, -0.296875, -0.654053, -0.695068, 0.305176, -0.915527, 0.305176,Sitting
1825828, -0.292114, -0.651734, -0.694946, 0.122070, -1.708984, -0.244141,Sitting
1825848, -0.293091, -0.654541, -0.696045, -0.061035, -2.563476, -0.305176,Sitting
1825868, -0.300903, -0.656494, -0.694580, -0.305176, -2.563476, 0.122070,Sitting
1825888, -0.308350, -0.652832, -0.695679, -0.427246, -1.708984, 0.244141,Sitting
1825908, -0.297485, -0.649414, -0.699463, -0.488281, -1.647949, -0.061035,Sitting
1825928, -0.294312, -0.645386, -0.703247, -0.183105, -2.319336, -0.305176,Sitting
1825948, -0.304321, -0.647461, -0.698853, 0.000000, -2.502442, -0.427246,Sitting
1825968, -0.308594, -0.649780, -0.694580, -0.183105, -2.014160, 0.061035,Sitting
1825988, -0.306641, -0.652832, -0.694824, -0.366211, -1.770019, -0.305176,Sitting
1826008, -0.303833, -0.655274, -0.695923, -0.488281, -1.586914, -0.061035,Sitting
1826028, -0.298340, -0.653198, -0.696289, -0.732422, -1.159668, 0.183105,Sitting
1826048, -0.294190, -0.651734, -0.700440, -0.488281, -1.525878, -0.061035,Sitting
1826068, -0.305786, -0.650391, -0.701294, -0.427246, -2.319336, 0.183105,Sitting
1826088, -0.306641, -0.645142, -0.697754, -0.488281, -2.624511, 0.549316,Sitting
1826108, -0.298340, -0.642090, -0.693237, -0.549316, -2.990722, 0.366211,Sitting
1826128, -0.309692, -0.646851, -0.694458, -0.427246, -2.929687, 0.488281,Sitting
1826148, -0.319946, -0.655640, -0.692505, -1.342773, -1.220704, 1.892090,Sitting
1826168, -0.312866, -0.641724, -0.698853, 0.183105, -1.953124, -1.403808,Sitting
1826188, -0.310303, -0.664673, -0.695435, -0.915527, -1.586914, 0.671386,Sitting
1826208, -0.315430, -0.650757, -0.693237, 0.061035, -0.610352, 1.037598,Sitting
1826228, -0.312134, -0.645630, -0.698608, -0.061035, 0.244141, 0.488281,Sitting
1826248, -0.310303, -0.645630, -0.700318, -0.427246, 0.366211, 0.122070,Sitting
1826268, -0.295776, -0.642578, -0.699341, -0.183105, -0.122070, -0.183105,Sitting
1826288, -0.293335, -0.641113, -0.699707, -0.366211, -1.098633, 0.000000,Sitting
1826308, -0.306274, -0.641480, -0.702637, -0.122070, -1.770019, 0.610352,Sitting
1826328, -0.315918, -0.642334, -0.701904, -0.244141, -2.197266, 0.427246,Sitting
1826348, -0.319092, -0.646240, -0.697022, -0.488281, -1.953124, 0.366211,Sitting
1826368, -0.320313, -0.643188, -0.695312, -0.732422, -1.342773, 0.488281,Sitting
1826388, -0.318726, -0.637207, -0.694092, -1.159668, -0.610352, 0.366211,Sitting
1826408, -0.311279, -0.638794, -0.700195, -0.671386, -0.427246, 0.793457,Sitting
1826428, -0.307129, -0.640625, -0.704224, -0.732422, 0.244141, 0.854492,Sitting
1826448, -0.317627, -0.651245, -0.702759, -0.122070, -0.244141, -0.122070,Sitting
1826468, -0.312500, -0.646973, -0.696411, -0.122070, -0.366211, -0.854492,Sitting
1826488, -0.326660, -0.647461, -0.695801, -0.244141, 0.122070, -0.610352,Sitting
1826508, -0.319092, -0.637940, -0.695312, -0.244141, 0.366211, -0.427246,Sitting
1826528, -0.313965, -0.639160, -0.696411, 0.061035, 0.000000, -0.793457,Sitting
1826548, -0.310547, -0.642456, -0.697998, 0.000000, -0.671386, -0.671386,Sitting
1826568, -0.321899, -0.648438, -0.698486, -0.122070, -1.220704, -0.610352,Sitting
1826588, -0.319336, -0.648438, -0.695801, -0.305176, -0.732422, -0.305176,Sitting
1826608, -0.305786, -0.644654, -0.699951, -0.366211, -0.305176, -0.366211,Sitting
1826628, -0.299927, -0.645508, -0.703736, -0.183105, -0.427246, -0.732422,Sitting
1826648, -0.306519, -0.643188, -0.707154, 0.122070, -0.427246, -0.671386,Sitting
1826668, -0.295532, -0.642212, -0.700318, -0.305176, -0.305176, -0.671386,Sitting
1826688, -0.295776, -0.646729, -0.700684, 0.000000, -1.342773, -0.976562,Sitting
1826708, -0.300781, -0.642090, -0.698608, -0.549316, -1.892090, -1.220704,Sitting
1826728, -0.310669, -0.636841, -0.703613, -0.671386, -2.136231, -1.342773,Sitting
1826748, -0.314453, -0.634888, -0.707642, -0.549316, -2.319336, -1.403808,Sitting
1826768, -0.318237, -0.635742, -0.706543, -0.549316, -2.502442, -1.098633,Sitting
1826788, -0.328735, -0.634888, -0.706665, -0.305176, -2.441407, -1.037598,Sitting
1826808, -0.323364, -0.629028, -0.703980, -0.305176, -1.647949, -1.342773,Sitting
1826828, -0.331421, -0.632935, -0.701416, 0.671386, -0.549316, -1.403808,Sitting
1826848, -0.327515, -0.643433, -0.689087, 1.098633, 0.427246, -0.793457,Sitting
1826868, -0.333252, -0.634155, -0.689942, 1.586914, 2.929687, 0.488281,Sitting
1826888, -0.302368, -0.626343, -0.726074, 1.953124, 5.371092, -1.586914,Sitting
1826908, -0.271240, -0.630860, -0.736206, 3.051757, 5.554198, -1.647949,Sitting
1826928, -0.258545, -0.647949, -0.715698, 2.502442, 2.197266, -2.319336,Sitting
1826948, -0.287720, -0.654541, -0.687134, 2.258301, -1.953124, -4.882814,Sitting
1826968, -0.306641, -0.671143, -0.676392, 1.220704, -3.356933, -3.234863,Sitting
1826988, -0.323730, -0.664551, -0.678589, 0.244141, -3.051757, -1.159668,Sitting
1827008, -0.328247, -0.657959, -0.686035, -0.183105, -2.563476, -1.464844,Sitting
1827028, -0.324341, -0.651978, -0.694336, -0.366211, -0.427246, -1.831054,Sitting
1827048, -0.314819, -0.650513, -0.702881, 0.061035, 2.319336, -2.014160,Sitting
1827068, -0.288086, -0.650757, -0.703247, -0.305176, 3.112792, -1.342773,Sitting
1827088, -0.279175, -0.655152, -0.695557, -0.671386, 0.244141, -2.014160,Sitting
1827108, -0.274536, -0.652588, -0.694214, -1.342773, -2.014160, -2.136231,Sitting
1827128, -0.283325, -0.640747, -0.706299, -1.342773, -3.234863, -1.831054,Sitting
1827148, -0.301270, -0.638428, -0.711914, -1.159668, -2.990722, -1.708984,Sitting
1827168, -0.318359, -0.638794, -0.711060, -0.793457, -2.136231, -2.014160,Sitting
1827188, -0.318115, -0.641236, -0.702881, -0.854492, -0.732422, -2.258301,Sitting
1827208, -0.315186, -0.639404, -0.700562, -0.671386, 0.732422, -1.525878,Sitting
1827228, -0.306274, -0.643188, -0.694336, -0.305176, 0.915527, -1.220704,Sitting
1827248, -0.298462, -0.650146, -0.694336, -0.061035, 0.366211, -1.220704,Sitting
1827268, -0.292358, -0.646240, -0.699585, -0.122070, 0.305176, -0.854492,Sitting
1827288, -0.295898, -0.641480, -0.709595, 0.549316, 0.183105, -0.610352,Sitting
1827308, -0.299194, -0.640869, -0.704956, 1.342773, 0.244141, -0.854492,Sitting
1827328, -0.302002, -0.652344, -0.695679, 1.464844, 0.183105, -1.220704,Sitting
1827348, -0.300537, -0.656372, -0.693848, 0.671386, 0.610352, -0.366211,Sitting
1827368, -0.290039, -0.645630, -0.702393, -0.122070, 0.610352, 0.427246,Sitting
1827388, -0.278198, -0.641602, -0.706787, -0.244141, -1.159668, 0.122070,Sitting
1827408, -0.291748, -0.647705, -0.708618, 0.366211, -2.502442, -0.366211,Sitting
1827428, -0.304199, -0.654419, -0.703247, 0.427246, -2.075196, -0.549316,Sitting
1827448, -0.301636, -0.653564, -0.700928, -0.305176, -0.671386, -0.244141,Sitting
1827468, -0.297241, -0.648926, -0.706177, -0.305176, -0.366211, -0.366211,Sitting
1827488, -0.295288, -0.648438, -0.702026, -0.549316, -0.854492, -0.671386,Sitting
1827508, -0.304443, -0.644165, -0.700928, -0.366211, -1.403808, -0.732422,Sitting
1827528, -0.303101, -0.642212, -0.699219, -0.488281, -0.366211, -0.244141,Sitting
1827548, -0.305176, -0.641724, -0.702148, -0.122070, -0.183105, -0.488281,Sitting
1827568, -0.304443, -0.645020, -0.701538, 0.000000, -0.244141, -0.915527,Sitting
1827588, -0.306274, -0.648560, -0.700928, 0.122070, -0.244141, -0.671386,Sitting
1827608, -0.293213, -0.647095, -0.699463, -0.244141, -0.366211, -0.183105,Sitting
1827628, -0.293823, -0.644287, -0.702881, 0.061035, -1.281738, -0.122070,Sitting
1827648, -0.296875, -0.644776, -0.702881, -0.061035, -1.831054, -0.366211,Sitting
1827668, -0.304566, -0.645874, -0.703125, -0.061035, -1.831054, -0.366211,Sitting
1827688, -0.301636, -0.642944, -0.702881, -0.183105, -1.281738, -0.122070,Sitting
1827708, -0.299683, -0.644409, -0.702637, 0.244141, -0.976562, -0.061035,Sitting
1827728, -0.307617, -0.659790, -0.692505, 0.427246, -0.610352, -0.610352,Sitting
1827748, -0.298828, -0.657349, -0.695068, -1.525878, 1.647949, 0.366211,Sitting
1827768, -0.272339, -0.626709, -0.719360, -1.159668, 0.976562, 0.610352,Sitting
1827788, -0.283569, -0.619385, -0.726807, 0.183105, -1.464844, -0.488281,Sitting
1827808, -0.308594, -0.633423, -0.713135, 1.281738, -2.685546, -1.159668,Sitting
1827828, -0.317505, -0.640991, -0.703858, 1.037598, -1.220704, -0.915527,Sitting
1827848, -0.310791, -0.650269, -0.701172, 0.549316, 0.671386, -0.244141,Sitting
1827868, -0.293091, -0.642578, -0.702271, 0.366211, 0.549316, -0.366211,Sitting
1827888, -0.301392, -0.642090, -0.703980, 0.915527, -0.610352, -1.037598,Sitting
1827908, -0.302124, -0.645508, -0.700928, 1.159668, -1.037598, -0.610352,Sitting
1827928, -0.306152, -0.650635, -0.695923, 0.976562, -0.793457, -0.183105,Sitting
1827948, -0.300903, -0.648926, -0.699585, 0.854492, -0.061035, -0.732422,Sitting
1827968, -0.295044, -0.648194, -0.704224, 0.671386, -0.671386, -0.854492,Sitting
1827988, -0.299194, -0.646729, -0.702881, 0.488281, -0.915527, -0.488281,Sitting
1828008, -0.294312, -0.642090, -0.701172, 0.305176, -0.976562, -0.305176,Sitting
1828028, -0.296997, -0.645874, -0.702515, 0.488281, -1.159668, -0.366211,Sitting
1828048, -0.300415, -0.651123, -0.702026, 0.427246, -0.854492, -0.549316,Sitting
1828068, -0.295654, -0.652832, -0.698975, 0.122070, -0.915527, -0.549316,Sitting
1828088, -0.296753, -0.647949, -0.700318, 0.061035, -1.464844, -0.488281,Sitting
1828108, -0.306763, -0.647095, -0.701904, 0.366211, -1.342773, -0.488281,Sitting
1828128, -0.303589, -0.648194, -0.700684, 0.122070, -0.610352, -0.549316,Sitting
1828148, -0.301148, -0.650391, -0.702271, -0.122070, -0.793457, -0.183105,Sitting
1828168, -0.288086, -0.646240, -0.705200, -0.183105, -1.281738, -0.122070,Sitting
1828188, -0.302490, -0.644654, -0.703491, -0.061035, -1.281738, -0.488281,Sitting
1828208, -0.307251, -0.645264, -0.703247, 0.061035, -0.427246, -0.610352,Sitting
1828228, -0.300415, -0.645386, -0.699463, -0.061035, 0.122070, -0.671386,Sitting
1828248, -0.295532, -0.646362, -0.697144, -0.122070, -0.366211, -0.793457,Sitting
1828268, -0.299561, -0.647583, -0.701538, 0.122070, -0.854492, -0.732422,Sitting
1828288, -0.303223, -0.649658, -0.700684, -0.122070, -0.976562, -0.488281,Sitting
1828308, -0.306152, -0.646606, -0.701660, 0.061035, -0.854492, -0.366211,Sitting
1828328, -0.303955, -0.643433, -0.699341, -0.122070, -0.366211, -0.488281,Sitting
1828348, -0.300781, -0.642822, -0.702759, 0.061035, -0.061035, -0.549316,Sitting
1828368, -0.295166, -0.645386, -0.702881, 0.244141, 0.000000, -0.488281,Sitting
1828388, -0.290894, -0.648926, -0.703003, -0.183105, -0.549316, -0.488281,Sitting
1828408, -0.297852, -0.645996, -0.705200, -0.305176, -1.647949, -0.427246,Sitting
1828428, -0.303955, -0.642822, -0.703980, -0.183105, -1.403808, -0.244141,Sitting
1828448, -0.304443, -0.643677, -0.701538, 0.000000, -0.915527, -0.427246,Sitting
1828468, -0.298950, -0.642456, -0.704346, 0.000000, -0.610352, -0.366211,Sitting
1828488, -0.300781, -0.645630, -0.703247, 0.122070, -0.671386, -0.610352,Sitting
1828508, -0.298828, -0.641846, -0.703980, 0.122070, -0.854492, -0.488281,Sitting
1828528, -0.303589, -0.642944, -0.702515, 0.244141, -0.732422, -0.305176,Sitting
1828548, -0.295532, -0.640259, -0.703125, 0.427246, -0.732422, -0.244141,Sitting
1828568, -0.303711, -0.645996, -0.704224, 0.366211, -0.854492, -0.488281,Sitting
1828588, -0.307617, -0.646729, -0.701904, 0.488281, -0.854492, -0.549316,Sitting
1828608, -0.302246, -0.645752, -0.702881, 0.183105, -0.244141, -0.305176,Sitting
1828628, -0.295776, -0.646484, -0.702148, 0.427246, -1.037598, -0.549316,Sitting
1828648, -0.303711, -0.648926, -0.699829, 0.061035, -1.220704, -0.549316,Sitting
1828668, -0.304443, -0.647461, -0.699219, -0.244141, -0.549316, -0.366211,Sitting
1828688, -0.296631, -0.640259, -0.706543, -0.122070, -0.122070, -0.427246,Sitting
1828708, -0.302490, -0.645264, -0.707276, 0.549316, -0.183105, -0.793457,Sitting
1828728, -0.307129, -0.645264, -0.701294, 0.244141, 0.244141, -0.671386,Sitting
1828748, -0.302246, -0.648560, -0.698730, 0.305176, 0.732422, -0.549316,Sitting
1828768, -0.289795, -0.647095, -0.699463, 0.061035, 0.366211, -0.427246,Sitting
1828788, -0.290161, -0.644531, -0.703369, -0.061035, -0.915527, -0.610352,Sitting
1828808, -0.303711, -0.644898, -0.704712, -0.305176, -2.075196, -0.671386,Sitting
1828828, -0.304688, -0.646484, -0.706299, -0.732422, -1.831054, -0.183105,Sitting
1828848, -0.299438, -0.640747, -0.706543, -0.305176, -1.220704, 0.000000,Sitting
1828868, -0.303955, -0.642944, -0.704224, 0.244141, -0.854492, -0.183105,Sitting
1828888, -0.302734, -0.643921, -0.700195, 0.183105, -0.854492, -0.671386,Sitting
1828908, -0.295532, -0.648194, -0.699219, 0.061035, -1.159668, -0.244141,Sitting
1828928, -0.293335, -0.643311, -0.702026, 0.000000, -1.037598, -0.122070,Sitting
1828948, -0.301148, -0.645996, -0.707398, 0.366211, -0.732422, -0.427246,Sitting
1828968, -0.305664, -0.644165, -0.706909, 0.793457, -0.488281, -1.342773,Sitting
1828988, -0.312866, -0.647461, -0.704956, 0.732422, 0.488281, -1.159668,Sitting
1829008, -0.304443, -0.646240, -0.698120, 0.427246, 1.098633, -0.671386,Sitting
1829028, -0.288330, -0.642578, -0.693360, -0.061035, 0.305176, -0.183105,Sitting
1829048, -0.287109, -0.643311, -0.698608, -0.122070, -1.770019, -0.305176,Sitting
1829068, -0.297852, -0.649658, -0.703613, -0.610352, -3.601074, 0.183105,Sitting
1829088, -0.301758, -0.649536, -0.705933, -0.610352, -3.601074, 0.000000,Sitting
1829108, -0.309326, -0.650146, -0.708862, -0.305176, -2.929687, -0.305176,Sitting
1829128, -0.313843, -0.638306, -0.710694, -0.366211, -1.220704, -0.610352,Sitting
1829148, -0.317871, -0.632935, -0.708618, 0.366211, 0.671386, -1.037598,Sitting
1829168, -0.311279, -0.631470, -0.707520, 0.427246, 2.197266, -1.098633,Sitting
1829188, -0.301148, -0.636597, -0.700806, 0.793457, 2.380371, -1.098633,Sitting
1829208, -0.296875, -0.641358, -0.698853, 1.037598, 1.403808, -0.854492,Sitting
1829228, -0.296753, -0.651734, -0.695557, 0.915527, 0.305176, -0.549316,Sitting
1829248, -0.294922, -0.654663, -0.696655, 0.366211, -0.610352, -0.183105,Sitting
1829268, -0.290649, -0.650024, -0.701294, 0.122070, -1.708984, -0.366211,Sitting
1829288, -0.306152, -0.649658, -0.704712, -0.244141, -1.892090, -0.427246,Sitting
1829308, -0.301392, -0.643066, -0.704346, -0.244141, -1.281738, -0.549316,Sitting
1829328, -0.297608, -0.639893, -0.706909, -0.244141, -0.793457, -0.793457,Sitting
1829348, -0.297730, -0.640747, -0.707276, -0.122070, -0.854492, -0.732422,Sitting
1829368, -0.300537, -0.639282, -0.708252, 0.122070, -0.671386, -0.671386,Sitting
1829388, -0.306519, -0.641602, -0.707031, 0.488281, -0.183105, -0.610352,Sitting
1829408, -0.299316, -0.644287, -0.699707, 0.488281, 0.061035, -0.366211,Sitting
1829428, -0.291748, -0.639893, -0.702271, 0.976562, -0.732422, -0.976562,Sitting
1829448, -0.304688, -0.653564, -0.699585, 0.244141, -0.427246, -0.427246,Sitting
1829468, -0.297852, -0.644898, -0.700928, 0.427246, -0.854492, -0.610352,Sitting
1829488, -0.304810, -0.646973, -0.704956, 0.000000, -0.854492, -0.671386,Sitting
1829508, -0.301880, -0.643921, -0.708130, 0.122070, -1.037598, -0.671386,Sitting
1829528, -0.304199, -0.644898, -0.704346, 0.427246, -0.915527, -0.671386,Sitting
1829548, -0.301148, -0.644654, -0.699707, -0.183105, -0.305176, -0.305176,Sitting
1829568, -0.293457, -0.636353, -0.704590, 0.183105, -0.244141, -0.549316,Sitting
1829588, -0.295410, -0.641236, -0.705811, 0.732422, -1.037598, -1.037598,Sitting
1829608, -0.309204, -0.650024, -0.701050, 0.488281, -0.976562, -0.793457,Sitting
1829628, -0.305420, -0.649414, -0.698364, 0.549316, -0.183105, -0.366211,Sitting
1829648, -0.293701, -0.642578, -0.701294, 0.183105, -0.061035, -0.122070,Sitting
1829668, -0.299561, -0.644531, -0.702759, 0.610352, -0.854492, -1.037598,Sitting
1829688, -0.305176, -0.649414, -0.700928, 0.427246, -0.915527, -0.793457,Sitting
1829708, -0.301758, -0.645996, -0.701172, 0.244141, -0.793457, -0.549316,Sitting
1829728, -0.286987, -0.636353, -0.706421, 0.305176, -1.464844, -0.061035,Sitting
1829748, -0.302612, -0.646240, -0.706055, 0.793457, -2.319336, -0.976562,Sitting
1829768, -0.308838, -0.655396, -0.700806, 0.732422, -1.586914, -0.732422,Sitting
1829788, -0.304688, -0.648194, -0.701904, 0.061035, -0.244141, -0.732422,Sitting
1829808, -0.291260, -0.644776, -0.705200, 0.000000, 0.000000, -0.244141,Sitting
1829828, -0.304443, -0.633789, -0.707398, 0.732422, -0.732422, -1.525878,Sitting
1829848, -0.306641, -0.650146, -0.700073, 0.305176, -0.183105, -0.488281,Sitting
1829868, -0.301148, -0.643188, -0.698242, 0.488281, 0.366211, -0.793457,Sitting
1829888, -0.293457, -0.646362, -0.701172, -0.488281, 0.305176, 0.244141,Sitting
1829908, -0.301148, -0.635498, -0.707520, 1.342773, -0.671386, -1.098633,Sitting
1829928, -0.308716, -0.653687, -0.700684, 0.671386, -0.244141, 0.000000,Sitting
1829948, -0.294312, -0.665894, -0.696045, 0.183105, 0.000000, 0.000000,Sitting
1829968, -0.291382, -0.635986, -0.706421, -0.122070, -0.671386, -0.549316,Sitting
1829988, -0.291504, -0.645630, -0.705688, 0.122070, -1.220704, -0.183105,Sitting
1830008, -0.303223, -0.633179, -0.707398, 0.671386, -1.708984, -1.464844,Sitting
1830028, -0.302002, -0.659180, -0.699951, 0.000000, -0.671386, -0.793457,Sitting
1830048, -0.305542, -0.645874, -0.705078, 0.183105, -0.061035, -0.915527,Sitting
1830068, -0.299316, -0.649658, -0.704102, 0.061035, 0.549316, -1.098633,Sitting
1830088, -0.296997, -0.635742, -0.704468, 0.549316, 0.610352, -0.976562,Sitting
1830108, -0.297608, -0.637085, -0.704834, 1.037598, 0.305176, -1.525878,Sitting
1830128, -0.309204, -0.644654, -0.697876, 0.976562, 0.061035, -1.525878,Sitting
1830148, -0.308472, -0.654907, -0.690552, 1.098633, 0.366211, -0.427246,Sitting
1830168, -0.275879, -0.652466, -0.695801, -0.183105, -0.488281, 0.183105,Sitting
1830188, -0.272949, -0.658814, -0.709351, -0.122070, -2.746581, -0.122070,Sitting
1830208, -0.299438, -0.654663, -0.713501, 0.183105, -3.417968, -0.976562,Sitting
1830228, -0.318848, -0.653809, -0.708130, 0.122070, -1.342773, -1.159668,Sitting
1830248, -0.304932, -0.644043, -0.697998, -0.793457, 1.342773, -0.976562,Sitting
1830268, -0.290894, -0.630615, -0.700806, -0.793457, 1.770019, -1.037598,Sitting
1830288, -0.291748, -0.635132, -0.700440, -0.183105, 0.732422, -1.281738,Sitting
1830308, -0.292114, -0.645996, -0.698730, 0.122070, -0.671386, -0.915527,Sitting
1830328, -0.293335, -0.650391, -0.698730, 0.305176, -1.647949, 0.000000,Sitting
1830348, -0.300781, -0.652954, -0.703369, 0.549316, -1.831054, 0.000000,Sitting
1830368, -0.304932, -0.651001, -0.706787, 0.915527, -1.098633, -0.732422,Sitting
1830388, -0.307739, -0.650879, -0.705200, 0.610352, 1.403808, -1.281738,Sitting
1830408, -0.298096, -0.647217, -0.707886, 0.244141, 2.929687, -1.403808,Sitting
1830428, -0.284424, -0.641846, -0.705811, -0.061035, 3.173828, -1.159668,Sitting
1830448, -0.272583, -0.635742, -0.699341, 0.122070, 1.770019, -1.403808,Sitting
1830468, -0.285034, -0.645874, -0.701294, 0.976562, -0.305176, -1.342773,Sitting
1830488, -0.289551, -0.666260, -0.692871, -0.061035, -0.671386, -0.976562,Sitting
1830508, -0.292603, -0.667236, -0.692139, -0.610352, -1.037598, 0.183105,Sitting
1830528, -0.277466, -0.647095, -0.703003, -0.732422, -2.197266, 0.366211,Sitting
1830548, -0.297241, -0.641968, -0.709229, -0.549316, -2.868652, 0.305176,Sitting
1830568, -0.306763, -0.636597, -0.708740, -0.183105, -2.258301, -0.244141,Sitting
1830588, -0.310181, -0.641724, -0.705933, -0.305176, -0.976562, -0.305176,Sitting
1830608, -0.297363, -0.640869, -0.705688, -0.732422, -0.488281, 0.549316,Sitting
1830628, -0.283447, -0.634888, -0.707276, -0.305176, -1.342773, 0.366211,Sitting
1830648, -0.294556, -0.632690, -0.715088, 0.976562, -2.319336, -0.061035,Sitting
1830668, -0.307617, -0.643677, -0.712769, 1.708984, -1.525878, -0.183105,Sitting
1830688, -0.302734, -0.655396, -0.700318, 1.464844, -0.305176, -0.305176,Sitting
1830708, -0.285767, -0.656738, -0.696045, 0.549316, -0.366211, -0.061035,Sitting
1830728, -0.278564, -0.645020, -0.701416, 0.122070, -1.586914, -0.183105,Sitting
1830748, -0.293213, -0.645020, -0.706055, 0.427246, -2.014160, -0.366211,Sitting
1830768, -0.305298, -0.652954, -0.703858, 0.976562, -1.159668, -0.610352,Sitting
1830788, -0.301636, -0.658570, -0.696655, 0.732422, 0.366211, -0.732422,Sitting
1830808, -0.294312, -0.658325, -0.696167, 0.305176, 0.732422, -0.366211,Sitting
1830828, -0.285645, -0.646484, -0.700440, 0.122070, -0.488281, -0.244141,Sitting
1830848, -0.292358, -0.640991, -0.706421, 0.366211, -1.770019, -0.366211,Sitting
1830868, -0.303833, -0.651612, -0.703736, 0.488281, -2.197266, -0.183105,Sitting
1830888, -0.305786, -0.649780, -0.697876, -0.183105, -1.525878, 0.183105,Sitting
1830908, -0.309204, -0.645264, -0.702026, -0.122070, -1.037598, 0.122070,Sitting
1830928, -0.308228, -0.642700, -0.704468, -0.122070, -0.427246, 0.000000,Sitting
1830948, -0.299805, -0.644531, -0.694946, -0.183105, -0.244141, -0.244141,Sitting
1830968, -0.290772, -0.645264, -0.701294, -0.061035, -0.244141, -0.122070,Sitting
1830988, -0.289795, -0.644409, -0.710571, 0.183105, -0.366211, -0.122070,Sitting
1831008, -0.292847, -0.645386, -0.707764, 0.427246, -1.220704, -0.305176,Sitting
1831028, -0.296631, -0.650391, -0.701538, 0.549316, -1.525878, -0.244141,Sitting
1831048, -0.290405, -0.648438, -0.701660, -0.305176, -1.647949, -0.061035,Sitting
1831068, -0.295532, -0.642700, -0.706787, -0.183105, -2.868652, -0.549316,Sitting
1831088, -0.309814, -0.645142, -0.701660, -0.366211, -2.685546, -0.305176,Sitting
1831108, -0.303955, -0.637940, -0.703491, -0.244141, -1.525878, 0.122070,Sitting
1831128, -0.300903, -0.640869, -0.707276, 0.366211, -0.976562, -0.366211,Sitting
1831148, -0.298462, -0.646606, -0.707031, 0.671386, -1.159668, -0.732422,Sitting
1831168, -0.306396, -0.650513, -0.702026, 0.610352, -1.281738, -0.732422,Sitting
1831188, -0.300293, -0.650879, -0.696411, 0.366211, -0.976562, -0.244141,Sitting
1831208, -0.295166, -0.645508, -0.701050, 0.854492, -0.793457, -0.061035,Sitting
1831228, -0.303345, -0.648682, -0.700440, 0.793457, -1.159668, -0.427246,Sitting
1831248, -0.304321, -0.649536, -0.698364, 0.732422, -0.915527, -0.183105,Sitting
1831268, -0.291992, -0.642334, -0.699951, 0.976562, -1.220704, 0.610352,Sitting
1831288, -0.301758, -0.649292, -0.703247, 1.281738, -1.953124, 0.244141,Sitting
1831308, -0.307861, -0.652222, -0.697632, 0.854492, -2.075196, 0.244141,Sitting
1831328, -0.303589, -0.649170, -0.697266, 0.244141, -1.525878, 0.488281,Sitting
1831348, -0.299072, -0.642822, -0.704712, 0.488281, -1.770019, 0.427246,Sitting
1831368, -0.301392, -0.645630, -0.701050, 0.488281, -2.197266, 0.366211,Sitting
1831388, -0.311890, -0.646851, -0.699951, 0.671386, -2.441407, 0.183105,Sitting
1831408, -0.311279, -0.650269, -0.697510, 0.366211, -1.831054, 0.244141,Sitting
1831428, -0.303833, -0.646240, -0.701050, 0.183105, -1.586914, 0.305176,Sitting
1831448, -0.303833, -0.654053, -0.698730, 0.610352, -2.136231, 0.488281,Sitting
1831468, -0.289917, -0.659668, -0.691895, 0.793457, -3.173828, -0.305176,Sitting
1831488, -0.301270, -0.667725, -0.687256, -2.258301, -4.150392, 0.488281,Sitting
1831508, -0.289673, -0.650513, -0.693237, -2.807617, -5.554198, -0.244141,Sitting
1831528, -0.305420, -0.633545, -0.699951, -2.197266, -7.263182, 0.000000,Sitting
1831548, -0.314575, -0.638916, -0.700195, -1.770019, -7.324218, 0.183105,Sitting
1831568, -0.375855, -0.629150, -0.704102, -3.051757, -3.540038, 2.441407,Sitting
1831588, -0.313965, -0.630493, -0.701172, -0.061035, -4.760742, -0.793457,Sitting
1831608, -0.352905, -0.623047, -0.695923, -0.427246, -2.197266, -1.708984,Sitting
1831628, -0.310425, -0.645996, -0.701416, -0.854492, 1.403808, 3.723144,Sitting
1831648, -0.285400, -0.617432, -0.712280, 0.854492, -0.183105, 2.929687,Sitting
1831668, -0.305786, -0.654053, -0.711426, 2.380371, -3.051757, 6.103514,Sitting
1831688, -0.332275, -0.620728, -0.702026, -3.906249, -2.258301, 2.136231,Sitting
1831708, -0.287598, -0.650879, -0.698242, 6.225584, -4.516602, -3.417968,Sitting
1831728, -0.305908, -0.624024, -0.706177, 2.075196, 0.793457, 2.136231,Sitting
1831748, -0.278198, -0.669190, -0.694580, -0.549316, -0.671386, 4.516602,Sitting
1831768, -0.305908, -0.644531, -0.692993, 1.647949, -5.615234, 1.403808,Sitting
1831788, -0.313721, -0.664307, -0.685669, 0.732422, -6.896972, 3.417968,Sitting
1831808, -0.369751, -0.630737, -0.691162, 2.075196, -3.784179, 1.281738,Sitting
1831828, -0.365234, -0.650269, -0.690064, 1.281738, 2.197266, 2.014160,Sitting
1831848, -0.347412, -0.621216, -0.699463, 0.122070, 5.371092, 2.990722,Sitting
1831868, -0.317871, -0.609375, -0.708618, 1.098633, 2.563476, -4.394532,Sitting
1831888, -0.289917, -0.662476, -0.691895, 3.479003, -8.239746, -0.183105,Sitting
1831908, -0.373901, -0.626831, -0.685913, -2.319336, -5.981444, 2.868652,Sitting
1831928, -0.362915, -0.631836, -0.682007, -0.549316, -2.441407, -1.098633,Sitting
1831948, -0.369629, -0.631470, -0.675537, 0.122070, 4.333496, -3.356933,Sitting
1831968, -0.339966, -0.643921, -0.692383, -1.159668, 6.042480, -2.319336,Sitting
1831988, -0.304932, -0.636353, -0.706909, -1.464844, 8.361816, 0.061035,Sitting
1832008, -0.277100, -0.639160, -0.720703, -0.671386, 2.197266, -1.037598,Sitting
1832028, -0.304932, -0.655518, -0.711670, 1.037598, -4.272462, -1.770019,Sitting
1832048, -0.307007, -0.650146, -0.700562, 0.976562, -6.774902, 0.183105,Sitting
1832068, -0.323364, -0.634033, -0.698364, 1.831054, -4.150392, 1.770019,Sitting
1832088, -0.319702, -0.625610, -0.698975, 2.929687, -1.098633, 1.647949,Sitting
1832108, -0.326294, -0.642456, -0.689575, 3.662109, -0.183105, 0.915527,Sitting
1832128, -0.331909, -0.658814, -0.683472, 3.234863, -0.854492, 0.854492,Sitting
1832148, -0.318604, -0.663574, -0.683228, 2.014160, -2.319336, 1.220704,Sitting
1832168, -0.329102, -0.637940, -0.689087, 1.037598, -4.333496, 2.868652,Sitting
1832188, -0.344605, -0.632935, -0.689209, 1.586914, -4.516602, 2.624511,Sitting
1832208, -0.359253, -0.639526, -0.687378, 1.892090, -2.990722, 1.281738,Sitting
1832228, -0.347656, -0.637695, -0.696533, 1.281738, -0.732422, 0.000000,Sitting
1832248, -0.337402, -0.638428, -0.695190, 1.342773, -0.427246, -0.610352,Sitting
1832268, -0.333984, -0.642334, -0.696778, 1.403808, -0.671386, -0.488281,Sitting
1832288, -0.333984, -0.646729, -0.687012, 0.732422, -0.671386, -0.549316,Sitting
1832308, -0.341064, -0.644287, -0.684937, 0.305176, 0.488281, -1.037598,Sitting
1832328, -0.325195, -0.647339, -0.685181, -0.427246, 1.770019, -1.464844,Sitting
1832348, -0.322754, -0.644531, -0.692749, -0.366211, 1.525878, -1.953124,Sitting
1832368, -0.321289, -0.643555, -0.691772, -0.122070, 0.915527, -2.319336,Sitting
1832388, -0.336548, -0.646729, -0.689087, 0.610352, 0.122070, -2.075196,Sitting
1832408, -0.330688, -0.645752, -0.688599, 0.793457, -0.061035, -1.281738,Sitting
1832428, -0.342041, -0.644165, -0.688232, 0.915527, 0.366211, -1.098633,Sitting
1832448, -0.341064, -0.641602, -0.684692, 0.915527, 0.915527, -0.427246,Sitting
1832468, -0.330933, -0.645264, -0.683106, 0.793457, 1.281738, -0.305176,Sitting
1832488, -0.312012, -0.663696, -0.682251, 0.183105, 0.671386, -0.427246,Sitting
1832508, -0.307861, -0.663940, -0.688232, -0.732422, -0.305176, -0.183105,Sitting
1832528, -0.320068, -0.652100, -0.693848, -0.854492, -0.366211, 0.305176,Sitting
1832548, -0.334106, -0.640137, -0.693604, -0.244141, 1.281738, 0.305176,Sitting
1832568, -0.315064, -0.633789, -0.703858, 0.671386, 3.173828, -0.427246,Sitting
1832588, -0.311890, -0.637940, -0.711182, 1.037598, 4.394532, -0.427246,Sitting
1832608, -0.308960, -0.642944, -0.699341, 1.159668, 2.441407, -1.464844,Sitting
1832628, -0.312866, -0.638184, -0.688354, 0.671386, -1.098633, -1.159668,Sitting
1832648, -0.324951, -0.636108, -0.677734, 0.732422, -5.249022, -0.793457,Sitting
1832668, -0.369507, -0.641968, -0.680176, 0.488281, -4.028321, -0.671386,Sitting
1832688, -0.382080, -0.644776, -0.683594, -0.183105, 0.122070, -0.732422,Sitting
1832708, -0.339478, -0.647461, -0.687378, -1.037598, 2.319336, -1.464844,Sitting
1832728, -0.314087, -0.647217, -0.688965, -1.220704, 1.037598, -1.892090,Sitting
1832748, -0.309448, -0.645386, -0.692383, -1.037598, -1.159668, -1.708984,Sitting
1832768, -0.303345, -0.653076, -0.691284, -1.098633, -2.624511, -1.159668,Sitting
1832788, -0.300537, -0.652466, -0.693604, -1.464844, -3.112792, -0.732422,Sitting
1832808, -0.311035, -0.650391, -0.698364, -1.220704, -2.868652, -1.220704,Sitting
1832828, -0.324097, -0.648071, -0.695190, -0.976562, -1.892090, -1.647949,Sitting
1832848, -0.329224, -0.643311, -0.692505, -1.159668, -1.098633, -1.037598,Sitting
1832868, -0.320801, -0.635986, -0.693604, -0.244141, -0.915527, -1.098633,Sitting
1832888, -0.325073, -0.672486, -0.630737, -1.953124, -2.197266, -0.305176,Sitting
1832908, -0.332764, -0.616821, -0.782471, -4.943848, -0.366211, 1.220704,Sitting
1832928, -0.294312, -0.600220, -0.707642, 8.972170, -2.136231, -3.051757,Sitting
1832948, -0.406982, -0.665650, -0.672974, -3.479003, 0.549316, -0.305176,Sitting
1832968, -0.255737, -0.649658, -0.697754, 5.615234, 2.624511, 0.000000,Sitting
1832988, -0.342651, -0.628662, -0.702637, -0.671386, 1.770019, -3.112792,Sitting
1833008, -0.334839, -0.645508, -0.694458, -0.305176, 0.488281, -1.098633,Sitting
1833028, -0.332520, -0.626831, -0.677246, 2.136231, -1.037598, -1.159668,Sitting
1833048, -0.275391, -0.630860, -0.701416, -0.122070, -2.258301, 0.915527,Sitting
1833068, -0.353394, -0.641480, -0.697998, 0.976562, -3.356933, 0.244141,Sitting
1833088, -0.345581, -0.648804, -0.692627, 0.915527, -2.197266, -0.366211,Sitting
1833108, -0.317383, -0.644776, -0.686279, 0.061035, -1.037598, 0.061035,Sitting
1833128, -0.322632, -0.636475, -0.699829, 1.708984, -1.220704, 0.000000,Sitting
1833148, -0.323120, -0.645020, -0.697022, 2.502442, -0.549316, -0.610352,Sitting
1833168, -0.332764, -0.657227, -0.690796, 2.136231, 0.122070, -0.549316,Sitting
1833188, -0.319336, -0.655396, -0.684570, 1.037598, 0.366211, -0.610352,Sitting
1833208, -0.313843, -0.644165, -0.692383, 0.610352, 0.000000, -0.061035,Sitting
1833228, -0.316895, -0.647217, -0.689820, 0.671386, -0.915527, -0.549316,Sitting
1833248, -0.328858, -0.654053, -0.687500, 0.671386, -1.342773, -0.366211,Sitting
1833268, -0.319458, -0.645996, -0.692749, 0.427246, -0.122070, -0.183105,Sitting
1833288, -0.322754, -0.645508, -0.693970, 1.098633, -0.366211, -0.488281,Sitting
1833308, -0.326538, -0.646118, -0.688110, 1.281738, -0.427246, -0.671386,Sitting
1833328, -0.335083, -0.651856, -0.688965, 1.220704, 0.671386, -0.610352,Sitting
1833348, -0.318482, -0.653809, -0.689087, 0.793457, 1.525878, -0.610352,Sitting
1833368, -0.318970, -0.650635, -0.688721, 0.671386, 1.159668, -1.037598,Sitting
1833388, -0.336182, -0.651612, -0.689697, 0.854492, 1.342773, -1.342773,Sitting
1833408, -0.329224, -0.655396, -0.685425, 0.549316, 1.953124, -1.281738,Sitting
1833428, -0.317139, -0.658814, -0.680542, 0.183105, 2.136231, -1.342773,Sitting
1833448, -0.312866, -0.654541, -0.685425, 0.183105, 1.770019, -1.770019,Sitting
1833468, -0.318237, -0.656250, -0.687256, -0.244141, 1.342773, -1.770019,Sitting
1833488, -0.316040, -0.656494, -0.686157, -0.671386, 0.732422, -1.281738,Sitting
1833508, -0.300293, -0.646484, -0.689575, -1.098633, 0.305176, -0.915527,Sitting
1833528, -0.307617, -0.644776, -0.697510, -0.427246, -1.220704, -1.098633,Sitting
1833548, -0.314575, -0.652466, -0.695190, -0.610352, -1.647949, -1.281738,Sitting
1833568, -0.319214, -0.654663, -0.694946, -1.647949, -1.403808, -1.159668,Sitting
1833588, -0.320068, -0.644409, -0.701782, -1.953124, -0.671386, -0.854492,Sitting
1833608, -0.313721, -0.625610, -0.705688, -1.403808, -0.549316, -0.915527,Sitting
1833628, -0.323608, -0.629883, -0.699707, -0.488281, -0.854492, -1.647949,Sitting
1833648, -0.323730, -0.637451, -0.694580, -0.183105, -0.305176, -1.770019,Sitting
1833668, -0.320435, -0.646851, -0.696289, -0.183105, 0.915527, -1.220704,Sitting
1833688, -0.302124, -0.642212, -0.697876, -0.488281, 1.220704, -0.671386,Sitting
1833708, -0.318115, -0.651489, -0.697022, 0.671386, 0.061035, -1.586914,Sitting
1833728, -0.312256, -0.660889, -0.687744, 0.000000, 0.488281, -1.220704,Sitting
1833748, -0.305176, -0.659912, -0.687012, -0.549316, 0.549316, -0.854492,Sitting
1833768, -0.296387, -0.644776, -0.695679, -0.366211, -0.366211, -0.488281,Sitting
1833788, -0.315186, -0.648438, -0.696533, 0.183105, -1.647949, -1.159668,Sitting
1833808, -0.325073, -0.652954, -0.689820, 0.244141, -1.770019, -1.281738,Sitting
1833828, -0.326172, -0.648438, -0.692139, -0.305176, -0.854492, -0.610352,Sitting
1833848, -0.309448, -0.639771, -0.696045, -0.549316, -1.098633, -0.488281,Sitting
1833868, -0.312012, -0.640137, -0.699341, -0.183105, -1.831054, -0.610352,Sitting
1833888, -0.310303, -0.641602, -0.696289, -0.122070, -2.441407, -0.610352,Sitting
1833908, -0.316040, -0.645386, -0.689942, 0.122070, -2.807617, -0.488281,Sitting
1833928, -0.309326, -0.642700, -0.699463, -0.427246, -3.234863, -0.122070,Sitting
1833948, -0.320679, -0.636963, -0.703613, -0.122070, -2.868652, -0.061035,Sitting
1833968, -0.325073, -0.638306, -0.702393, 0.549316, -2.197266, 0.000000,Sitting
1833988, -0.319946, -0.635986, -0.699341, 1.159668, -1.464844, 0.183105,Sitting
1834008, -0.316284, -0.639648, -0.700195, 1.037598, -0.549316, 0.610352,Sitting
1834028, -0.316895, -0.648926, -0.699219, 1.281738, 0.366211, 0.732422,Sitting
1834048, -0.304566, -0.659668, -0.694824, 0.793457, 1.159668, 0.915527,Sitting
1834068, -0.297241, -0.653564, -0.701172, 0.488281, 2.014160, 1.037598,Sitting
1834088, -0.288208, -0.648316, -0.704102, 0.854492, 1.281738, 0.183105,Sitting
1834108, -0.307251, -0.656250, -0.695801, 1.525878, -0.305176, -0.610352,Sitting
1834128, -0.318970, -0.661987, -0.682984, 1.342773, -0.366211, -0.549316,Sitting
1834148, -0.311035, -0.651245, -0.680176, 0.122070, -0.305176, 0.244141,Sitting
1834168, -0.320923, -0.636841, -0.688354, 0.549316, -2.563476, 0.488281,Sitting
1834188, -0.348145, -0.639404, -0.683960, 0.549316, -3.662109, 0.549316,Sitting
1834208, -0.349732, -0.640747, -0.682495, 0.122070, -2.380371, 1.220704,Sitting
1834228, -0.336792, -0.648560, -0.690430, -0.305176, -0.366211, 2.136231,Sitting
1834248, -0.303589, -0.643677, -0.698975, -0.366211, -2.868652, 1.525878,Sitting
1834268, -0.328858, -0.665772, -0.689331, -0.793457, -5.126952, 0.000000,Sitting
1834288, -0.334839, -0.644165, -0.703003, -0.732422, -3.967285, 0.183105,Sitting
1834308, -0.336182, -0.632690, -0.703980, -0.244141, -0.854492, -0.244141,Sitting
1834328, -0.307007, -0.637085, -0.694458, 0.549316, 0.793457, -0.488281,Sitting
1834348, -0.305176, -0.645630, -0.692871, 0.793457, -0.305176, -1.525878,Sitting
1834368, -0.307373, -0.661255, -0.685913, -0.366211, -1.525878, -0.915527,Sitting
1834388, -0.317993, -0.649902, -0.695801, -0.488281, -0.793457, -0.732422,Sitting
1834408, -0.316162, -0.646973, -0.696045, -0.305176, 0.061035, -1.220704,Sitting
1834428, -0.321533, -0.649658, -0.689575, -0.122070, -0.183105, -1.281738,Sitting
1834448, -0.315308, -0.641480, -0.687256, -0.549316, -0.427246, -1.464844,Sitting
1834468, -0.316528, -0.637207, -0.698730, -0.244141, -0.976562, -1.037598,Sitting
1834488, -0.322876, -0.645264, -0.695435, -0.183105, -1.892090, -1.159668,Sitting
1834508, -0.339600, -0.641968, -0.691772, -0.549316, -1.953124, -1.403808,Sitting
1834528, -0.342285, -0.633423, -0.698730, -0.854492, -0.488281, -0.915527,Sitting
1834548, -0.318970, -0.622803, -0.702759, -0.671386, -0.061035, -0.549316,Sitting
1834568, -0.323486, -0.630493, -0.702026, 0.427246, -1.220704, -0.976562,Sitting
1834588, -0.330078, -0.647949, -0.690674, 0.671386, -1.770019, -1.220704,Sitting
1834608, -0.324707, -0.652466, -0.688721, 0.244141, -0.976562, -0.732422,Sitting
1834628, -0.313965, -0.641602, -0.693848, 0.305176, -0.732422, -0.305176,Sitting
1834648, -0.319824, -0.640015, -0.700684, 0.793457, -1.159668, -0.732422,Sitting
1834668, -0.321289, -0.647217, -0.694580, 1.220704, -1.281738, -1.159668,Sitting
1834688, -0.323730, -0.654175, -0.689209, 0.915527, -0.610352, -0.793457,Sitting
1834708, -0.313721, -0.656616, -0.686646, 0.366211, 0.061035, -0.366211,Sitting
1834728, -0.306152, -0.653320, -0.688721, 0.061035, -0.488281, -0.122070,Sitting
1834748, -0.311157, -0.648926, -0.693970, 0.427246, -0.915527, -0.671386,Sitting
1834768, -0.322632, -0.653442, -0.693726, 0.183105, -0.854492, -0.732422,Sitting
1834788, -0.315796, -0.652954, -0.688721, 0.000000, -0.488281, -0.610352,Sitting
1834808, -0.317749, -0.655029, -0.687500, -0.061035, -0.305176, -0.610352,Sitting
1834828, -0.319214, -0.650757, -0.688232, 0.000000, -0.793457, -0.732422,Sitting
1834848, -0.326294, -0.647095, -0.689453, -0.122070, -1.098633, -0.610352,Sitting
1834868, -0.327515, -0.642822, -0.692261, 0.061035, -0.793457, -0.366211,Sitting
1834888, -0.326172, -0.643066, -0.692749, 0.183105, 0.061035, -0.427246,Sitting
1834908, -0.321045, -0.641846, -0.697632, 0.488281, 0.122070, -0.305176,Sitting
1834928, -0.318482, -0.640869, -0.699219, 0.488281, 0.122070, -0.061035,Sitting
1834948, -0.310913, -0.636230, -0.696533, 0.244141, -0.610352, -0.122070,Sitting
1834968, -0.315064, -0.641480, -0.695557, 0.488281, -1.586914, -0.488281,Sitting
1834988, -0.323608, -0.646729, -0.697510, 0.122070, -1.464844, -0.305176,Sitting
1835008, -0.325928, -0.645508, -0.702515, -0.183105, -0.976562, -0.244141,Sitting
1835028, -0.319458, -0.641968, -0.698486, 0.183105, -1.159668, -0.366211,Sitting
1835048, -0.325195, -0.639160, -0.691162, 0.610352, -1.159668, -0.732422,Sitting
1835068, -0.323975, -0.646240, -0.685303, 0.488281, -0.488281, -0.671386,Sitting
1835088, -0.323608, -0.655274, -0.683960, 0.183105, -0.244141, -0.549316,Sitting
1835108, -0.316284, -0.656128, -0.686157, -0.305176, -0.427246, -0.183105,Sitting
1835128, -0.312622, -0.651245, -0.689575, -0.183105, -0.854492, -0.183105,Sitting
1835148, -0.320923, -0.653320, -0.694580, 0.244141, -1.403808, -0.488281,Sitting
1835168, -0.327148, -0.652954, -0.691040, -0.122070, -1.037598, -0.305176,Sitting
1835188, -0.322510, -0.644776, -0.688965, -0.122070, -0.488281, -0.610352,Sitting
1835208, -0.317017, -0.636353, -0.694580, 0.244141, -0.671386, -1.159668,Sitting
1835228, -0.332031, -0.639038, -0.696533, 0.366211, -0.671386, -0.854492,Sitting
1835248, -0.331665, -0.644531, -0.691650, 0.427246, -0.122070, -0.671386,Sitting
1835268, -0.318604, -0.634766, -0.694458, 0.061035, -0.244141, -0.244141,Sitting
1835288, -0.322998, -0.639404, -0.695190, 0.549316, -1.037598, -0.488281,Sitting
1835308, -0.335816, -0.648682, -0.686890, 0.488281, -1.342773, -0.976562,Sitting
1835328, -0.333130, -0.657471, -0.683472, 0.366211, 0.244141, -0.549316,Sitting
1835348, -0.319580, -0.654419, -0.688721, 0.488281, 2.197266, 0.488281,Sitting
1835368, -0.312012, -0.650269, -0.693115, 1.220704, 2.258301, 0.793457,Sitting
1835388, -0.317871, -0.643311, -0.701050, 1.953124, 2.258301, 0.488281,Sitting
1835408, -0.308594, -0.642700, -0.702881, 1.464844, 3.417968, -0.427246,Sitting
1835428, -0.284546, -0.642944, -0.709595, 0.549316, 2.441407, -0.854492,Sitting
1835448, -0.274902, -0.641602, -0.703369, -0.122070, -1.342773, -1.647949,Sitting
1835468, -0.315308, -0.647217, -0.690308, -0.854492, -5.249022, -1.586914,Sitting
1835488, -0.333374, -0.653198, -0.685913, -0.976562, -5.249022, -1.281738,Sitting
1835508, -0.341797, -0.650757, -0.686646, -1.953124, -4.089356, -0.549316,Sitting
1835528, -0.342407, -0.644654, -0.686768, -1.403808, -3.967285, -0.183105,Sitting
1835548, -0.350098, -0.639526, -0.686524, -1.159668, -2.807617, 0.061035,Sitting
1835568, -0.350464, -0.641236, -0.687866, 0.122070, -0.366211, 0.122070,Sitting
1835588, -0.329346, -0.635620, -0.694824, -0.122070, 2.197266, -0.488281,Sitting
1835608, -0.307617, -0.649536, -0.700073, 0.610352, 2.136231, -0.061035,Sitting
1835628, -0.292358, -0.639404, -0.701904, -0.061035, 0.000000, -0.366211,Sitting
1835648, -0.299316, -0.650146, -0.695068, 0.244141, -2.014160, -0.366211,Sitting
1835668, -0.308838, -0.643188, -0.692017, 0.244141, -2.624511, -0.061035,Sitting
1835688, -0.321045, -0.656250, -0.688721, 0.305176, -1.342773, -0.366211,Sitting
1835708, -0.321289, -0.655396, -0.688477, 0.061035, -0.244141, 0.000000,Sitting
1835728, -0.317261, -0.651367, -0.692139, 0.061035, -0.244141, -0.488281,Sitting
1835748, -0.314331, -0.650879, -0.693970, 0.183105, -1.403808, -0.122070,Sitting
1835768, -0.320679, -0.648682, -0.693237, 0.000000, -1.708984, 0.061035,Sitting
1835788, -0.322388, -0.649902, -0.691528, -0.427246, -1.037598, -0.122070,Sitting
1835808, -0.322388, -0.642334, -0.695312, -1.403808, -0.549316, -0.183105,Sitting
1835828, -0.326294, -0.636108, -0.700928, -0.244141, -1.403808, -0.793457,Sitting
1835848, -0.348389, -0.638306, -0.696778, -1.159668, -0.427246, 0.000000,Sitting
1835868, -0.339966, -0.632202, -0.692383, -0.122070, 0.305176, -1.159668,Sitting
1835888, -0.327148, -0.644043, -0.688354, -0.915527, 1.037598, 0.000000,Sitting
1835908, -0.311401, -0.640503, -0.695923, 0.183105, -1.220704, -0.732422,Sitting
1835928, -0.321899, -0.644898, -0.695435, -0.061035, -2.136231, -0.122070,Sitting
1835948, -0.328369, -0.642578, -0.693848, 0.122070, -1.831054, -0.122070,Sitting
1835968, -0.319946, -0.644287, -0.695312, 0.122070, -1.159668, -0.305176,Sitting
1835988, -0.318482, -0.645996, -0.694580, -0.122070, -1.159668, -0.305176,Sitting
1836008, -0.318115, -0.645630, -0.692139, -0.366211, -1.281738, -0.427246,Sitting
1836028, -0.318726, -0.644409, -0.694214, -0.610352, -1.342773, -0.244141,Sitting
1836048, -0.319580, -0.639526, -0.700195, -0.488281, -1.281738, -0.122070,Sitting
1836068, -0.331421, -0.639160, -0.699585, -0.183105, -1.037598, -0.305176,Sitting
1836088, -0.327393, -0.642822, -0.695068, 0.000000, -0.671386, -0.488281,Sitting
1836108, -0.320313, -0.642456, -0.693115, -0.183105, -0.427246, -0.488281,Sitting
1836128, -0.326538, -0.644165, -0.695435, -0.061035, -0.854492, -0.732422,Sitting
1836148, -0.328003, -0.646484, -0.692383, -0.305176, -0.427246, -0.549316,Sitting
1836168, -0.323120, -0.643921, -0.691772, -0.427246, -0.366211, -0.488281,Sitting
1836188, -0.316650, -0.637207, -0.697022, -0.305176, -0.732422, -0.610352,Sitting
1836208, -0.331299, -0.637085, -0.698120, 0.366211, -1.159668, -0.976562,Sitting
1836228, -0.335571, -0.642822, -0.693482, 0.305176, -0.488281, -1.159668,Sitting
1836248, -0.328003, -0.643066, -0.690918, -0.244141, 0.488281, -0.305176,Sitting
1836268, -0.317261, -0.635742, -0.698975, 0.427246, -0.122070, -0.976562,Sitting
1836288, -0.321655, -0.642456, -0.697754, 0.183105, -0.671386, -0.732422,Sitting
1836308, -0.325562, -0.635132, -0.696167, 0.000000, -1.098633, -1.037598,Sitting
1836328, -0.329956, -0.636353, -0.699219, 0.183105, -0.976562, -0.854492,Sitting
1836348, -0.327515, -0.643066, -0.691650, 0.244141, -0.366211, -0.915527,Sitting
1836368, -0.322144, -0.647705, -0.691162, -0.122070, -0.122070, -0.976562,Sitting
1836388, -0.313965, -0.641724, -0.697510, -0.488281, -0.183105, -0.549316,Sitting
1836408, -0.315796, -0.639038, -0.702881, 0.000000, -0.427246, -0.671386,Sitting
1836428, -0.316162, -0.638916, -0.701660, 0.549316, -0.549316, -0.610352,Sitting
1836448, -0.319336, -0.637940, -0.698120, 0.732422, -0.793457, -1.159668,Sitting
1836468, -0.323364, -0.647095, -0.694824, 0.732422, -0.610352, -0.793457,Sitting
1836488, -0.325195, -0.643066, -0.694336, 0.183105, 0.000000, -0.122070,Sitting
1836508, -0.323730, -0.637207, -0.694458, 0.122070, 0.427246, -0.183105,Sitting
1836528, -0.333374, -0.624390, -0.704590, 0.488281, 1.342773, -0.122070,Sitting
1836548, -0.347290, -0.631348, -0.706665, 1.770019, 2.380371, -1.342773,Sitting
1836568, -0.335938, -0.657837, -0.687622, 1.403808, 4.577638, -1.464844,Sitting
1836588, -0.302612, -0.655762, -0.688110, 0.244141, 4.882814, -0.366211,Sitting
1836608, -0.265015, -0.646240, -0.697754, -0.427246, 2.136231, 0.305176,Sitting
1836628, -0.271118, -0.639526, -0.704834, 0.122070, -2.380371, -0.122070,Sitting
1836648, -0.304443, -0.644165, -0.699951, 0.610352, -4.516602, -0.427246,Sitting
1836668, -0.320679, -0.648926, -0.694946, 0.305176, -3.479003, -0.183105,Sitting
1836688, -0.315674, -0.643555, -0.693848, 0.061035, -2.502442, -0.366211,Sitting
1836708, -0.329590, -0.647217, -0.694214, 0.122070, -2.624511, -0.915527,Sitting
1836728, -0.335449, -0.646484, -0.690552, -0.366211, -2.075196, -0.854492,Sitting
1836748, -0.335449, -0.643433, -0.692139, -0.305176, -1.281738, -0.732422,Sitting
1836768, -0.321045, -0.640625, -0.693482, -0.610352, -0.976562, -0.427246,Sitting
1836788, -0.331909, -0.641358, -0.697754, 0.244141, -0.732422, -1.403808,Sitting
1836808, -0.325073, -0.648194, -0.693482, -0.183105, 0.061035, -0.671386,Sitting
1836828, -0.308594, -0.638916, -0.694458, 0.000000, 0.366211, -0.976562,Sitting
1836848, -0.303345, -0.640869, -0.703369, 0.488281, -0.793457, -1.037598,Sitting
1836868, -0.320679, -0.640137, -0.702515, 0.854492, -0.854492, -0.915527,Sitting
1836888, -0.319336, -0.640259, -0.695679, 0.671386, -0.488281, -0.976562,Sitting
1836908, -0.315674, -0.638306, -0.700195, 0.671386, -0.671386, -0.854492,Sitting
1836928, -0.324951, -0.643066, -0.697876, 0.732422, -0.793457, -1.159668,Sitting
1836948, -0.329102, -0.641724, -0.695557, 0.488281, -0.244141, -0.732422,Sitting
1836968, -0.320923, -0.639771, -0.697754, 0.366211, 0.610352, -0.549316,Sitting
1836988, -0.301270, -0.640503, -0.696655, 0.061035, 0.061035, -0.671386,Sitting
1837008, -0.320679, -0.642944, -0.702271, 0.671386, -2.014160, -1.220704,Sitting
1837028, -0.334351, -0.646729, -0.698486, 0.671386, -1.098633, -0.854492,Sitting
1837048, -0.320435, -0.647705, -0.690308, 0.183105, -0.244141, -0.366211,Sitting
1837068, -0.300781, -0.645264, -0.687866, -0.549316, -1.159668, -0.244141,Sitting
1837088, -0.314209, -0.649658, -0.693237, -0.488281, -2.685546, -0.671386,Sitting
1837108, -0.327271, -0.655884, -0.695801, -0.610352, -2.380371, -0.244141,Sitting
1837128, -0.322632, -0.656006, -0.693848, -0.854492, -1.342773, 0.305176,Sitting
1837148, -0.299805, -0.647827, -0.688477, -0.915527, -1.403808, 0.671386,Sitting
1837168, -0.295532, -0.640869, -0.692871, -0.610352, -3.234863, 0.244141,Sitting
1837188, -0.320068, -0.643188, -0.695068, -0.183105, -4.943848, -0.427246,Sitting
1837208, -0.344238, -0.647583, -0.690796, -0.671386, -3.906249, 0.000000,Sitting
1837228, -0.333130, -0.630371, -0.703736, -0.366211, -0.671386, 0.610352,Sitting
1837248, -0.315552, -0.628662, -0.706543, -0.183105, -1.770019, 0.427246,Sitting
1837268, -0.333862, -0.639038, -0.699219, 0.000000, -3.540038, -0.244141,Sitting
1837288, -0.332031, -0.645020, -0.685913, -1.098633, -2.868652, 0.183105,Sitting
1837308, -0.328613, -0.648804, -0.689209, -1.464844, -1.159668, 0.305176,Sitting
1837328, -0.305298, -0.647583, -0.692627, -1.708984, -1.220704, -0.122070,Sitting
1837348, -0.307251, -0.651001, -0.695312, -1.770019, -2.746581, -0.366211,Sitting
1837368, -0.307373, -0.650146, -0.695801, -2.136231, -3.479003, -0.183105,Sitting
1837388, -0.310303, -0.637329, -0.706909, -2.624511, -3.540038, 0.122070,Sitting
1837408, -0.322388, -0.632690, -0.706177, -2.319336, -4.150392, -0.366211,Sitting
1837428, -0.329346, -0.626343, -0.703247, -2.075196, -4.272462, -1.342773,Sitting
1837448, -0.338745, -0.632690, -0.689331, -1.953124, -2.380371, -0.366211,Sitting
1837468, -0.332520, -0.625122, -0.699951, -1.220704, -2.075196, 0.244141,Sitting
1837488, -0.338135, -0.638062, -0.695557, -0.915527, -2.441407, 0.183105,Sitting
1837508, -0.339233, -0.635254, -0.692383, -0.793457, -1.770019, 0.305176,Sitting
1837528, -0.332031, -0.630737, -0.699585, -0.549316, 0.244141, 0.366211,Sitting
1837548, -0.321045, -0.633545, -0.713867, -0.244141, 0.854492, 0.000000,Sitting
1837568, -0.312378, -0.635620, -0.705811, -1.037598, -0.122070, -0.244141,Sitting
1837588, -0.301392, -0.630982, -0.700562, -0.976562, -2.868652, -0.915527,Sitting
1837608, -0.317139, -0.641236, -0.696411, -1.037598, -4.882814, -0.488281,Sitting
1837628, -0.336060, -0.634033, -0.692627, -2.258301, -4.577638, 0.427246,Sitting
1837648, -0.349365, -0.617432, -0.708618, -1.892090, -4.333496, -0.061035,Sitting
1837668, -0.359497, -0.624146, -0.704224, -0.854492, -4.821778, -0.305176,Sitting
1837688, -0.360474, -0.639160, -0.682251, -1.464844, -5.126952, 0.305176,Sitting
1837708, -0.358887, -0.637451, -0.676392, -2.685546, -4.760742, 1.770019,Sitting
1837728, -0.348755, -0.621826, -0.694946, -2.685546, -3.112792, 1.647949,Sitting
1837748, -0.341553, -0.624146, -0.710694, -1.770019, -1.220704, 1.098633,Sitting
1837768, -0.329224, -0.625610, -0.711304, -1.037598, -0.122070, 0.061035,Sitting
1837788, -0.313721, -0.622314, -0.717163, -0.671386, -0.854492, 0.000000,Sitting
1837808, -0.319824, -0.611206, -0.711792, 0.000000, -2.075196, 0.000000,Sitting
1837828, -0.342774, -0.623657, -0.692749, 1.403808, -1.586914, -0.610352,Sitting
1837848, -0.372559, -0.637451, -0.692505, 2.258301, 2.197266, -0.366211,Sitting
1837868, -0.359253, -0.636353, -0.693604, 1.647949, 5.432128, 0.427246,Sitting
1837888, -0.340332, -0.625366, -0.693482, 1.708984, 2.929687, 0.671386,Sitting
1837908, -0.341431, -0.626099, -0.696778, 1.586914, 1.281738, 0.366211,Sitting
1837928, -0.342896, -0.635010, -0.695923, 1.281738, 1.647949, 0.610352,Sitting
1837948, -0.335327, -0.641602, -0.693604, 0.671386, 2.563476, 1.037598,Sitting
1837968, -0.310547, -0.646118, -0.701050, 0.183105, 1.586914, 0.976562,Sitting
1837988, -0.292603, -0.642334, -0.703613, -0.671386, -2.319336, 1.098633,Sitting
1838008, -0.310669, -0.628174, -0.703858, -1.037598, -6.103514, 1.037598,Sitting
1838028, -0.343994, -0.625000, -0.704346, -1.098633, -6.530760, 0.793457,Sitting
1838048, -0.355957, -0.625488, -0.698730, -1.831054, -4.943848, 1.037598,Sitting
1838068, -0.361938, -0.624756, -0.692017, -1.647949, -3.417968, 0.732422,Sitting
1838088, -0.362427, -0.616455, -0.704346, -1.159668, -2.197266, 0.854492,Sitting
1838108, -0.351196, -0.611572, -0.709717, -0.244141, -2.868652, 1.220704,Sitting
1838128, -0.358276, -0.617920, -0.698486, -0.244141, -4.272462, 1.464844,Sitting
1838148, -0.363281, -0.620484, -0.691406, -1.098633, -3.173828, 1.770019,Sitting
1838168, -0.351685, -0.616089, -0.699097, -0.793457, -1.220704, 1.403808,Sitting
1838188, -0.341919, -0.620728, -0.705933, -0.183105, -1.220704, 0.793457,Sitting
1838208, -0.346680, -0.631348, -0.697632, -0.122070, -2.380371, 0.854492,Sitting
1838228, -0.350464, -0.631836, -0.693360, -0.549316, -2.258301, 0.976562,Sitting
1838248, -0.337280, -0.623291, -0.697998, -0.427246, -2.075196, 0.976562,Sitting
1838268, -0.347900, -0.618042, -0.705566, -0.305176, -2.136231, 1.098633,Sitting
1838288, -0.364014, -0.621460, -0.698853, 0.305176, -2.380371, 0.122070,Sitting
1838308, -0.369751, -0.623413, -0.694336, 0.061035, -1.464844, 0.427246,Sitting
1838328, -0.344605, -0.611694, -0.706543, 0.183105, -0.488281, 0.549316,Sitting
1838348, -0.356812, -0.612915, -0.707764, 1.159668, -1.525878, -0.305176,Sitting
1838368, -0.372925, -0.626099, -0.697022, 1.220704, -1.464844, -0.854492,Sitting
1838388, -0.370972, -0.628540, -0.692627, 0.732422, 0.244141, -0.488281,Sitting
1838408, -0.348877, -0.624634, -0.693237, 0.061035, 0.915527, 0.183105,Sitting
1838428, -0.343628, -0.615601, -0.697632, -0.061035, -0.427246, -0.183105,Sitting
1838448, -0.359497, -0.610596, -0.702881, 0.610352, -1.708984, -1.159668,Sitting
1838468, -0.374146, -0.621094, -0.696289, 0.671386, -0.549316, -1.037598,Sitting
1838488, -0.350708, -0.627686, -0.694702, 1.342773, 0.549316, -0.793457,Sitting
1838508, -0.335571, -0.619751, -0.705078, 0.000000, 0.061035, 0.976562,Sitting
1838528, -0.343994, -0.616333, -0.704834, 0.854492, -2.380371, -0.854492,Sitting
1838548, -0.356079, -0.629517, -0.690064, 0.244141, -1.647949, 0.122070,Sitting
1838568, -0.343994, -0.628174, -0.692627, -0.244141, -1.281738, -0.793457,Sitting
1838588, -0.340332, -0.628906, -0.704468, -0.915527, -2.136231, 0.427246,Sitting
1838608, -0.351685, -0.600708, -0.717529, -0.305176, -4.028321, -0.549316,Sitting
1838628, -0.368408, -0.605225, -0.708862, 0.793457, -3.967285, -0.915527,Sitting
1838648, -0.374268, -0.604980, -0.701050, 1.647949, -2.746581, -0.549316,Sitting
1838668, -0.367676, -0.613404, -0.695801, 1.708984, -1.037598, -0.488281,Sitting
1838688, -0.360840, -0.620239, -0.691650, 1.098633, -1.159668, 0.427246,Sitting
1838709, -0.347412, -0.627197, -0.684082, 0.793457, -2.868652, 0.549316,Sitting
1838729, -0.351563, -0.626709, -0.683716, 0.183105, -4.394532, 0.976562,Sitting
1838749, -0.377808, -0.609497, -0.704346, 1.586914, -2.136231, -0.244141,Sitting
1838769, -0.384766, -0.623169, -0.701050, 2.075196, 0.061035, 0.122070,Sitting
1838789, -0.365601, -0.632568, -0.684082, 2.990722, 0.183105, -1.708984,Sitting
1838809, -0.371704, -0.646240, -0.675781, 1.342773, 0.305176, -1.708984,Sitting
1838829, -0.357666, -0.635864, -0.678711, 0.366211, -0.183105, -0.671386,Sitting
1838849, -0.352295, -0.625732, -0.697022, -0.061035, 0.000000, 0.122070,Sitting
1838869, -0.360352, -0.621582, -0.704102, 1.220704, 0.244141, -0.671386,Sitting
1838889, -0.335327, -0.618652, -0.708740, 1.586914, 0.549316, -1.647949,Sitting
1838909, -0.349365, -0.618652, -0.704468, 2.075196, -0.061035, -1.892090,Sitting
1838929, -0.356690, -0.619263, -0.694580, 2.319336, -0.183105, -2.075196,Sitting
1838949, -0.364624, -0.622681, -0.693115, 2.502442, 0.488281, -1.892090,Sitting
1838969, -0.361450, -0.616455, -0.690552, 2.807617, 0.732422, -1.586914,Sitting
1838989, -0.384033, -0.624512, -0.683716, 2.746581, 0.549316, -1.831054,Sitting
1839009, -0.376953, -0.633545, -0.679566, 1.708984, 1.281738, -1.586914,Sitting
1839029, -0.378662, -0.630493, -0.693360, 1.281738, 2.807617, -1.281738,Sitting
1839049, -0.355347, -0.630982, -0.694336, 1.464844, 2.807617, -1.159668,Sitting
1839069, -0.349365, -0.635620, -0.684692, 2.136231, 1.708984, -0.976562,Sitting
1839089, -0.355347, -0.651612, -0.676026, 1.342773, 0.854492, -1.708984,Sitting
1839109, -0.345703, -0.651978, -0.677368, 0.305176, 1.098633, -1.525878,Sitting
1839129, -0.344482, -0.646729, -0.685547, -0.610352, 1.281738, -1.037598,Sitting
1839149, -0.332764, -0.635376, -0.692993, -1.037598, 0.915527, -1.220704,Sitting
1839169, -0.327393, -0.635376, -0.696655, -1.037598, -0.183105, -1.647949,Sitting
1839189, -0.322754, -0.643433, -0.696655, -1.647949, -1.892090, -2.258301,Sitting
1839209, -0.329712, -0.638794, -0.696411, -2.441407, -2.258301, -2.380371,Sitting
1839229, -0.338867, -0.619629, -0.703491, -2.258301, -1.464844, -2.563476,Sitting
1839249, -0.334106, -0.603028, -0.710571, -1.220704, -1.220704, -2.990722,Sitting
1839269, -0.352783, -0.603760, -0.710449, 0.671386, -1.586914, -3.173828,Sitting
1839289, -0.374512, -0.621948, -0.692627, 2.136231, -0.915527, -3.234863,Sitting
1839309, -0.377564, -0.653442, -0.679321, 1.586914, 1.892090, -1.037598,Sitting
1839329, -0.331787, -0.638672, -0.690430, 0.305176, 3.234863, 0.122070,Sitting
1839349, -0.308228, -0.622070, -0.708252, 0.000000, 0.488281, 0.549316,Sitting
1839369, -0.314819, -0.609741, -0.708862, 0.793457, -1.770019, -0.061035,Sitting
1839389, -0.332520, -0.614136, -0.706543, 1.770019, -2.502442, -0.488281,Sitting
1839409, -0.369507, -0.633911, -0.691772, 2.014160, -0.976562, -0.549316,Sitting
1839429, -0.363403, -0.636963, -0.685425, 1.647949, -0.305176, -0.366211,Sitting
1839449, -0.354736, -0.619873, -0.687256, 1.647949, -1.159668, -0.244141,Sitting
1839469, -0.367432, -0.623413, -0.685303, 2.319336, -1.770019, -0.610352,Sitting
1839489, -0.368774, -0.633057, -0.680664, 2.624511, -2.014160, -0.305176,Sitting
1839509, -0.362183, -0.657959, -0.661987, 1.159668, -2.502442, 0.122070,Sitting
1839529, -0.345825, -0.652344, -0.671265, 0.183105, -2.929687, 0.854492,Sitting
1839549, -0.351807, -0.647461, -0.686157, 0.183105, -2.929687, 1.098633,Sitting
1839569, -0.341309, -0.645020, -0.699829, -0.549316, -3.234863, 0.305176,Sitting
1839589, -0.340332, -0.640503, -0.688721, -0.183105, -3.051757, 0.122070,Sitting
1839609, -0.337891, -0.639893, -0.696655, -0.366211, -1.953124, 0.061035,Sitting
1839629, -0.362061, -0.632935, -0.698486, 0.122070, -2.197266, -0.671386,Sitting
1839649, -0.361938, -0.641358, -0.686524, 0.122070, -1.159668, -1.098633,Sitting
1839669, -0.355591, -0.636230, -0.685669, -0.488281, 0.549316, -0.122070,Sitting
1839689, -0.337402, -0.621582, -0.689575, -0.427246, 0.122070, -0.244141,Sitting
1839709, -0.356812, -0.622925, -0.693604, 0.671386, -1.892090, -0.549316,Sitting
1839729, -0.362305, -0.624878, -0.688354, 0.793457, -2.624511, -0.549316,Sitting
1839749, -0.378174, -0.635864, -0.685547, 0.854492, -1.892090, -0.122070,Sitting
1839769, -0.367676, -0.619385, -0.688232, 0.732422, -0.732422, 0.732422,Sitting
1839789, -0.366211, -0.611572, -0.692871, 1.647949, -0.183105, 0.000000,Sitting
1839809, -0.361694, -0.639160, -0.684814, 2.502442, -0.183105, -1.037598,Sitting
1839829, -0.357788, -0.651734, -0.681030, 1.220704, 0.183105, -0.610352,Sitting
1839849, -0.352295, -0.649536, -0.686402, -0.122070, 1.220704, 0.549316,Sitting
1839869, -0.343506, -0.639771, -0.684814, -0.122070, 2.441407, 0.854492,Sitting
1839889, -0.333618, -0.635498, -0.691528, 0.610352, 3.784179, 0.183105,Sitting
1839909, -0.327637, -0.643433, -0.693848, 1.159668, 3.906249, -0.488281,Sitting
1839929, -0.328858, -0.652588, -0.692017, 0.854492, 2.624511, -0.671386,Sitting
1839949, -0.324341, -0.647095, -0.689087, 0.183105, 0.915527, -0.366211,Sitting
1839969, -0.330444, -0.639282, -0.683350, -0.305176, -2.014160, -0.610352,Sitting
1839989, -0.359131, -0.632812, -0.680176, -0.549316, -3.845214, -1.220704,Sitting
1840009, -0.390137, -0.631836, -0.679077, -0.183105, -3.295898, -1.770019,Sitting
1840029, -0.383667, -0.634400, -0.680908, -1.037598, -1.586914, -1.281738,Sitting
1840049, -0.370850, -0.625000, -0.689087, -1.525878, 0.122070, -0.610352,Sitting
1840069, -0.360962, -0.623413, -0.694458, -1.525878, 1.586914, -1.281738,Sitting
1840089, -0.348511, -0.634766, -0.698364, -0.793457, 1.892090, -2.258301,Sitting
1840109, -0.340576, -0.640503, -0.699341, -1.281738, 2.563476, -2.075196,Sitting
1840129, -0.330444, -0.638428, -0.693726, -1.647949, 2.319336, -1.525878,Sitting
1840149, -0.326538, -0.636841, -0.686646, -1.220704, 0.671386, -1.403808,Sitting
1840169, -0.326538, -0.629028, -0.689453, -1.220704, -0.854492, -0.976562,Sitting
1840189, -0.337524, -0.624024, -0.697266, -0.976562, -2.075196, -0.915527,Sitting
1840209, -0.358276, -0.611938, -0.702515, -0.549316, -2.563476, -0.305176,Sitting
1840229, -0.377197, -0.612793, -0.693726, 0.366211, -2.319336, -0.305176,Sitting
1840249, -0.376587, -0.626343, -0.683838, 0.732422, -1.098633, -0.610352,Sitting
1840269, -0.367310, -0.633423, -0.692749, 0.427246, 0.000000, -0.183105,Sitting
1840289, -0.349732, -0.635742, -0.696045, -0.183105, 1.403808, -0.122070,Sitting
1840309, -0.330200, -0.637818, -0.696778, -0.183105, 0.610352, -0.061035,Sitting
1840329, -0.317261, -0.632812, -0.693237, -0.488281, -0.488281, -0.427246,Sitting
1840349, -0.327026, -0.635254, -0.697266, 0.244141, -0.915527, -0.732422,Sitting
1840369, -0.336792, -0.639526, -0.697144, 0.244141, -0.183105, -0.610352,Sitting
1840389, -0.327515, -0.643311, -0.691772, -0.061035, -0.549316, -0.793457,Sitting
1840409, -0.319336, -0.638550, -0.687744, -0.732422, -2.075196, -0.549316,Sitting
1840429, -0.334839, -0.631104, -0.693604, -0.732422, -3.417968, -0.427246,Sitting
1840449, -0.354004, -0.633545, -0.695923, -0.671386, -3.356933, -0.427246,Sitting
1840469, -0.365723, -0.624024, -0.699097, -0.549316, -1.770019, -0.244141,Sitting
1840489, -0.367066, -0.610596, -0.701904, 0.122070, -0.061035, -0.244141,Sitting
1840509, -0.358154, -0.607300, -0.695679, 0.915527, 0.244141, 0.122070,Sitting
1840529, -0.344360, -0.628906, -0.691040, 1.220704, -0.854492, 0.488281,Sitting
1840549, -0.332031, -0.621948, -0.700318, 0.488281, -1.770019, 0.915527,Sitting
1840569, -0.367310, -0.625122, -0.710571, 1.708984, -1.831054, 0.122070,Sitting
1840589, -0.374512, -0.638428, -0.697510, 1.281738, 0.000000, -0.427246,Sitting
1840609, -0.363770, -0.637695, -0.690674, 0.854492, 2.075196, -0.366211,Sitting
1840629, -0.333984, -0.635864, -0.684204, 0.854492, 2.197266, -0.732422,Sitting
1840649, -0.334717, -0.639282, -0.686279, 0.915527, 1.037598, -0.671386,Sitting
1840669, -0.334351, -0.645508, -0.684326, 0.305176, -0.122070, -0.976562,Sitting
1840689, -0.340820, -0.648438, -0.686402, 0.183105, -0.793457, -0.549316,Sitting
1840709, -0.332886, -0.644776, -0.686157, -0.488281, -0.915527, -0.061035,Sitting
1840729, -0.337646, -0.638062, -0.687866, -0.244141, -1.403808, -0.671386,Sitting
1840749, -0.351196, -0.639160, -0.687256, -0.488281, -1.281738, -0.793457,Sitting
1840769, -0.358032, -0.639893, -0.694702, -0.671386, 0.122070, -0.732422,Sitting
1840789, -0.348755, -0.636353, -0.697144, -0.671386, 0.854492, -0.671386,Sitting
1840809, -0.343872, -0.630127, -0.697266, -0.549316, 0.610352, -1.098633,Sitting
1840829, -0.343750, -0.625488, -0.696289, -0.366211, 0.061035, -1.342773,Sitting
1840849, -0.347412, -0.622803, -0.695068, -0.671386, -0.244141, -1.098633,Sitting
1840869, -0.351318, -0.629395, -0.691650, -1.037598, -0.244141, -0.793457,Sitting
1840889, -0.330322, -0.622925, -0.697632, -1.464844, -0.061035, -0.305176,Sitting
1840909, -0.337402, -0.624878, -0.703613, -1.037598, -1.708984, -0.732422,Sitting
1840929, -0.348511, -0.625122, -0.699219, -0.732422, -3.112792, -0.793457,Sitting
1840949, -0.359863, -0.625122, -0.692139, -1.098633, -2.807617, -0.427246,Sitting
1840969, -0.341675, -0.619629, -0.697754, -1.159668, -1.892090, 0.183105,Sitting
1840989, -0.345459, -0.612549, -0.711792, -0.061035, -1.708984, -0.732422,Sitting
1841009, -0.361816, -0.627197, -0.710449, 1.098633, -1.464844, -1.708984,Sitting
1841029, -0.366333, -0.637329, -0.696778, 1.037598, -0.061035, -1.342773,Sitting
1841049, -0.344482, -0.633179, -0.693726, 0.244141, 1.831054, -0.732422,Sitting
1841069, -0.320923, -0.627442, -0.694702, -0.122070, 1.342773, -0.854492,Sitting
1841089, -0.323242, -0.629517, -0.699097, 0.183105, -0.366211, -1.525878,Sitting
1841109, -0.342896, -0.642822, -0.689087, -0.183105, -0.610352, -1.403808,Sitting
1841129, -0.328003, -0.640381, -0.689087, -0.427246, -0.305176, -0.366211,Sitting
1841149, -0.325684, -0.632080, -0.697998, -0.183105, -1.098633, -0.244141,Sitting
1841169, -0.343384, -0.631958, -0.695312, 0.000000, -2.380371, -0.610352,Sitting
1841189, -0.360718, -0.633301, -0.689942, 0.122070, -1.403808, -0.549316,Sitting
1841209, -0.344360, -0.622437, -0.699463, -0.366211, -0.549316, 0.122070,Sitting
1841229, -0.352783, -0.619873, -0.703247, 0.122070, -1.220704, -0.305176,Sitting
1841249, -0.356812, -0.619019, -0.698853, 0.122070, -1.464844, -0.549316,Sitting
1841269, -0.357788, -0.615967, -0.699341, 0.488281, -1.037598, -0.488281,Sitting
1841289, -0.344849, -0.624878, -0.697998, 0.427246, -0.671386, 0.061035,Sitting
1841309, -0.343628, -0.630127, -0.697022, 0.183105, -1.098633, 0.183105,Sitting
1841329, -0.350464, -0.629761, -0.698975, 0.305176, -1.281738, -0.305176,Sitting
1841349, -0.345093, -0.630982, -0.696167, 0.305176, -0.671386, -0.122070,Sitting
1841369, -0.333008, -0.627442, -0.697388, 0.610352, -0.671386, 0.061035,Sitting
1841389, -0.344971, -0.632446, -0.696289, 0.732422, -1.220704, -0.427246,Sitting
1841409, -0.352295, -0.629761, -0.695312, 0.671386, -0.976562, -0.488281,Sitting
1841429, -0.345093, -0.632690, -0.693970, 0.671386, -0.488281, -0.305176,Sitting
1841449, -0.343994, -0.630615, -0.694702, 0.610352, -0.427246, -0.122070,Sitting
1841469, -0.344238, -0.634888, -0.691772, 0.549316, -0.671386, -0.488281,Sitting
1841489, -0.343994, -0.635010, -0.692261, 0.366211, -0.915527, -0.366211,Sitting
1841509, -0.342285, -0.629272, -0.695801, 0.366211, -1.037598, -0.244141,Sitting
1841529, -0.348877, -0.628906, -0.695801, 0.305176, -1.220704, -0.244141,Sitting
1841549, -0.352295, -0.630860, -0.695068, 0.244141, -1.098633, -0.427246,Sitting
1841569, -0.348022, -0.629395, -0.694580, 0.122070, -0.549316, -0.488281,Sitting
1841589, -0.345459, -0.630371, -0.696045, 0.183105, -0.244141, -0.427246,Sitting
1841609, -0.347656, -0.628784, -0.695557, 0.244141, -0.671386, -0.732422,Sitting
1841629, -0.355347, -0.627808, -0.694092, 0.061035, -0.122070, -0.671386,Sitting
1841649, -0.344360, -0.625977, -0.694092, -0.122070, 0.305176, -0.427246,Sitting
1841669, -0.334839, -0.624878, -0.694580, 0.183105, -0.366211, -0.610352,Sitting
1841689, -0.345093, -0.629517, -0.696655, 0.427246, -1.220704, -1.037598,Sitting
1841709, -0.358887, -0.632324, -0.694580, 0.366211, -0.976562, -1.098633,Sitting
1841729, -0.357788, -0.633545, -0.694092, 0.183105, -0.061035, -0.610352,Sitting
1841749, -0.338623, -0.628052, -0.692993, -0.305176, 0.305176, -0.305176,Sitting
1841769, -0.340210, -0.626465, -0.699707, -0.122070, -0.732422, -0.671386,Sitting
1841789, -0.345215, -0.627442, -0.700318, 0.061035, -1.220704, -0.793457,Sitting
1841809, -0.352173, -0.629639, -0.695068, 0.061035, -0.671386, -0.549316,Sitting
1841829, -0.346680, -0.630982, -0.694580, 0.000000, 0.122070, -0.488281,Sitting
1841849, -0.342651, -0.626587, -0.698120, 0.488281, -0.244141, -1.098633,Sitting
1841869, -0.352539, -0.632935, -0.691650, 0.610352, -0.183105, -1.220704,Sitting
1841889, -0.350220, -0.635010, -0.689209, 0.183105, 0.427246, -0.488281,Sitting
1841909, -0.333130, -0.631836, -0.693115, -0.366211, 0.244141, -0.183105,Sitting
1841929, -0.334961, -0.627197, -0.701416, -0.244141, -1.037598, -0.366211,Sitting
1841949, -0.346436, -0.633789, -0.695923, -0.061035, -1.647949, -0.793457,Sitting
1841969, -0.345825, -0.633667, -0.693237, -0.610352, -1.159668, -0.366211,Sitting
1841989, -0.339600, -0.628418, -0.696655, -1.037598, -0.915527, -0.122070,Sitting
1842009, -0.338867, -0.626099, -0.698364, -1.159668, -1.647949, -0.244141,Sitting
1842029, -0.347900, -0.628174, -0.698242, -0.976562, -2.441407, -0.610352,Sitting
1842049, -0.346436, -0.626343, -0.697632, -1.281738, -2.441407, -0.244141,Sitting
1842069, -0.349243, -0.615845, -0.702759, -0.549316, -1.647949, -0.122070,Sitting
1842089, -0.354492, -0.622192, -0.699951, 0.305176, -1.281738, -0.671386,Sitting
1842109, -0.351440, -0.628906, -0.696167, 0.427246, -0.854492, -0.793457,Sitting
1842129, -0.348511, -0.629272, -0.696411, 0.366211, -0.366211, -0.488281,Sitting
1842149, -0.346314, -0.629150, -0.695679, 0.122070, -0.366211, -0.122070,Sitting
1842169, -0.345459, -0.626465, -0.694702, 0.122070, -0.610352, -0.305176,Sitting
1842189, -0.345215, -0.628906, -0.695190, 0.183105, -0.610352, -0.488281,Sitting
1842209, -0.340698, -0.627808, -0.697754, 0.183105, -0.732422, -0.366211,Sitting
1842229, -0.344605, -0.628540, -0.697510, 0.061035, -1.220704, -0.427246,Sitting
1842249, -0.355713, -0.628906, -0.695801, 0.244141, -1.220704, -0.671386,Sitting
1842269, -0.355713, -0.626709, -0.696289, 0.305176, -0.610352, -0.732422,Sitting
1842289, -0.346191, -0.625244, -0.694702, 0.061035, -0.488281, -0.671386,Sitting
1842309, -0.351929, -0.622803, -0.699219, 0.366211, -0.915527, -0.976562,Sitting
1842329, -0.354126, -0.627320, -0.695923, 0.183105, -0.732422, -0.915527,Sitting
1842349, -0.345825, -0.628174, -0.693970, -0.122070, -0.244141, -0.549316,Sitting
1842369, -0.339233, -0.628296, -0.697510, -0.305176, -0.122070, -0.610352,Sitting
1842389, -0.335571, -0.629150, -0.700073, -0.244141, -0.854492, -0.854492,Sitting
1842409, -0.346680, -0.629517, -0.700562, 0.000000, -1.220704, -1.037598,Sitting
1842429, -0.344116, -0.628784, -0.698242, -0.122070, -0.732422, -0.610352,Sitting
1842449, -0.339356, -0.620239, -0.701660, 0.244141, -0.610352, -0.549316,Sitting
1842469, -0.343018, -0.623291, -0.700562, 0.549316, -1.037598, -1.037598,Sitting
1842489, -0.356323, -0.630371, -0.699951, 0.610352, -0.976562, -1.037598,Sitting
1842509, -0.351440, -0.626099, -0.695068, 0.305176, -0.366211, -0.061035,Sitting
1842529, -0.343506, -0.618164, -0.696411, 0.366211, -0.305176, -0.122070,Sitting
1842549, -0.347900, -0.623413, -0.697144, 0.854492, -1.037598, -0.732422,Sitting
1842569, -0.351685, -0.628540, -0.693360, 0.549316, -1.159668, -0.610352,Sitting
1842589, -0.356445, -0.630005, -0.692383, 0.427246, -0.610352, -0.122070,Sitting
1842609, -0.344605, -0.628540, -0.693482, 0.305176, -0.305176, 0.183105,Sitting
1842629, -0.337891, -0.629883, -0.697998, 0.427246, -1.037598, -0.122070,Sitting
1842649, -0.335449, -0.633301, -0.695679, 0.488281, -2.075196, -0.488281,Sitting
1842669, -0.346436, -0.634888, -0.694092, 0.061035, -2.319336, -0.061035,Sitting
1842689, -0.349121, -0.633057, -0.697266, -0.122070, -1.647949, 0.183105,Sitting
1842709, -0.345337, -0.629028, -0.696900, -0.305176, -1.098633, 0.000000,Sitting
1842729, -0.346314, -0.626831, -0.697510, -0.122070, -1.525878, -0.366211,Sitting
1842749, -0.350952, -0.625122, -0.696900, 0.000000, -1.647949, -0.183105,Sitting
1842769, -0.354492, -0.621704, -0.697632, 0.244141, -1.220704, -0.183105,Sitting
1842789, -0.362427, -0.622070, -0.698242, 0.488281, -0.610352, -0.488281,Sitting
1842809, -0.360596, -0.623657, -0.694824, 0.549316, 0.061035, -0.610352,Sitting
1842829, -0.358154, -0.625977, -0.693970, 0.610352, 0.427246, -0.488281,Sitting
1842849, -0.343872, -0.629639, -0.691895, 0.244141, 0.305176, -0.183105,Sitting
1842869, -0.337769, -0.629761, -0.693604, 0.061035, -0.549316, -0.122070,Sitting
1842889, -0.340332, -0.629395, -0.696167, 0.244141, -1.403808, -0.549316,Sitting
1842909, -0.353272, -0.632080, -0.695801, 0.244141, -1.281738, -0.671386,Sitting
1842929, -0.357544, -0.632568, -0.695557, -0.122070, -0.366211, -0.427246,Sitting
1842949, -0.340698, -0.625122, -0.692993, -0.305176, -0.488281, 0.000000,Sitting
1842969, -0.336792, -0.622925, -0.696167, 0.000000, -1.464844, -0.244141,Sitting
1842989, -0.339600, -0.627320, -0.697998, 0.183105, -1.953124, -0.244141,Sitting
1843009, -0.352051, -0.630127, -0.701660, 0.122070, -1.770019, -0.122070,Sitting
1843029, -0.359497, -0.625854, -0.700806, 0.061035, -1.159668, -0.244141,Sitting
1843049, -0.355225, -0.618652, -0.699951, 0.061035, -0.427246, -0.244141,Sitting
1843069, -0.346680, -0.619385, -0.696900, 0.366211, -0.183105, -0.366211,Sitting
1843089, -0.348145, -0.621582, -0.697876, 0.610352, -0.427246, -0.610352,Sitting
1843109, -0.355957, -0.628418, -0.695923, 0.671386, -0.305176, -0.915527,Sitting
1843129, -0.361450, -0.625122, -0.695435, 0.732422, 0.366211, -0.488281,Sitting
1843149, -0.356201, -0.623169, -0.695801, 0.915527, 1.037598, -0.305176,Sitting
1843169, -0.334595, -0.630615, -0.690796, 0.915527, 0.061035, -0.488281,Sitting
1843189, -0.346314, -0.631714, -0.695312, 1.037598, -0.976562, -0.854492,Sitting
1843209, -0.358032, -0.633911, -0.694336, 0.488281, -1.037598, -0.732422,Sitting
1843229, -0.354736, -0.628052, -0.692505, -0.061035, -0.366211, -0.183105,Sitting
1843249, -0.340698, -0.616211, -0.698975, -0.122070, -0.244141, -0.244141,Sitting
1843269, -0.348999, -0.623291, -0.707031, 0.793457, -1.220704, -0.976562,Sitting
1843289, -0.355469, -0.630860, -0.696778, 0.549316, -1.281738, -0.976562,Sitting
1843309, -0.360962, -0.628784, -0.693360, 0.427246, -0.488281, -0.488281,Sitting
1843329, -0.342041, -0.625122, -0.691528, 0.183105, 0.305176, -0.244141,Sitting
1843349, -0.339600, -0.622925, -0.696533, 0.671386, -0.305176, -0.610352,Sitting
1843369, -0.349732, -0.629883, -0.695679, 1.037598, -0.732422, -1.342773,Sitting
1843389, -0.355225, -0.632568, -0.691895, 0.610352, 0.183105, -0.488281,Sitting
1843409, -0.344116, -0.630127, -0.693970, 0.549316, 1.098633, -0.183105,Sitting
1843429, -0.332398, -0.630127, -0.696533, 0.488281, 0.488281, -0.671386,Sitting
1843449, -0.338257, -0.633911, -0.695435, 0.610352, -0.671386, -1.220704,Sitting
1843469, -0.353149, -0.635010, -0.696533, 0.366211, -0.488281, -0.854492,Sitting
1843489, -0.347412, -0.626709, -0.695801, -0.061035, 0.183105, -0.305176,Sitting
1843509, -0.338379, -0.625000, -0.694336, 0.000000, -0.366211, -0.427246,Sitting
1843529, -0.339478, -0.625000, -0.695190, 0.244141, -1.403808, -0.976562,Sitting
1843549, -0.354248, -0.630371, -0.696655, 0.305176, -1.647949, -1.037598,Sitting
1843569, -0.360108, -0.629150, -0.696289, 0.122070, -0.793457, -0.366211,Sitting
1843589, -0.354492, -0.626953, -0.692749, -0.183105, -0.061035, -0.122070,Sitting
1843609, -0.340332, -0.625854, -0.695923, 0.061035, -0.915527, -0.671386,Sitting
1843629, -0.346680, -0.631958, -0.697022, 0.061035, -1.403808, -0.671386,Sitting
1843649, -0.350708, -0.632446, -0.694336, -0.183105, -1.159668, -0.183105,Sitting
1843669, -0.338989, -0.625366, -0.696533, -0.061035, -1.098633, -0.305176,Sitting
1843689, -0.343384, -0.628784, -0.697876, 0.244141, -1.159668, -0.732422,Sitting
1843709, -0.350464, -0.629883, -0.695923, 0.244141, -0.976562, -0.793457,Sitting
1843729, -0.350098, -0.632324, -0.693848, 0.122070, -0.671386, -0.549316,Sitting
1843749, -0.343018, -0.630127, -0.695190, -0.061035, -0.854492, -0.244141,Sitting
1843769, -0.343262, -0.629272, -0.692993, 0.061035, -1.220704, -0.488281,Sitting
1843789, -0.351563, -0.632568, -0.694336, -0.061035, -1.159668, -0.732422,Sitting
1843809, -0.347778, -0.628906, -0.697144, -0.366211, -0.549316, -0.488281,Sitting
1843829, -0.348022, -0.624390, -0.699585, 0.122070, -0.671386, -0.549316,Sitting
1843849, -0.351807, -0.628662, -0.693848, 0.183105, -0.976562, -0.671386,Sitting
1843869, -0.346314, -0.629883, -0.692627, 0.000000, -0.976562, -0.488281,Sitting
1843889, -0.344605, -0.627686, -0.695312, -0.183105, -0.793457, -0.366211,Sitting
1843909, -0.351196, -0.625610, -0.700562, 0.061035, -0.793457, -0.549316,Sitting
1843929, -0.353760, -0.629639, -0.696289, 0.305176, -0.793457, -0.610352,Sitting
1843949, -0.346680, -0.629761, -0.693237, 0.122070, -0.549316, -0.488281,Sitting
1843969, -0.340576, -0.630860, -0.693604, 0.122070, -0.671386, -0.427246,Sitting
1843989, -0.338501, -0.629272, -0.695068, -0.183105, -1.037598, -0.610352,Sitting
1844009, -0.349609, -0.625000, -0.698486, -0.244141, -1.403808, -0.671386,Sitting
1844029, -0.354004, -0.626953, -0.698120, -0.305176, -1.098633, -0.183105,Sitting
1844049, -0.341309, -0.623902, -0.699341, -0.061035, -0.854492, 0.000000,Sitting
1844069, -0.350586, -0.626587, -0.699951, 0.305176, -1.281738, -0.610352,Sitting
1844089, -0.360352, -0.628418, -0.694458, 0.122070, -0.976562, -0.610352,Sitting
1844109, -0.350220, -0.626099, -0.688843, -0.244141, -0.366211, -0.244141,Sitting
1844129, -0.336060, -0.622192, -0.693970, -0.244141, -0.732422, 0.000000,Sitting
1844149, -0.346314, -0.620728, -0.700440, 0.183105, -1.586914, -0.305176,Sitting
1844169, -0.359741, -0.628418, -0.701172, 0.549316, -1.464844, -0.488281,Sitting
1844189, -0.358521, -0.635376, -0.693970, 0.427246, -0.610352, -0.244141,Sitting
1844209, -0.338623, -0.632690, -0.691528, 0.122070, -0.061035, 0.061035,Sitting
1844229, -0.341064, -0.630127, -0.692993, -0.061035, -0.488281, -0.549316,Sitting
1844249, -0.350464, -0.628784, -0.697632, 0.061035, -0.915527, -0.732422,Sitting
1844269, -0.341309, -0.628540, -0.695068, -0.427246, -0.549316, 0.000000,Sitting
1844289, -0.335693, -0.620850, -0.699341, -0.183105, -0.915527, 0.061035,Sitting
1844309, -0.348022, -0.620972, -0.703003, 0.610352, -1.647949, -0.793457,Sitting
1844329, -0.363648, -0.629272, -0.695801, 0.427246, -1.403808, -1.037598,Sitting
1844349, -0.360962, -0.633911, -0.688110, -0.183105, -0.488281, -0.305176,Sitting
1844369, -0.340454, -0.624268, -0.692139, -0.793457, 0.061035, 0.244141,Sitting
1844389, -0.343628, -0.619019, -0.703491, -0.061035, -0.732422, -0.427246,Sitting
1844409, -0.357422, -0.626587, -0.700195, 0.427246, -1.159668, -1.159668,Sitting
1844429, -0.363525, -0.634400, -0.693237, 0.183105, -0.366211, -0.671386,Sitting
1844449, -0.343140, -0.631348, -0.689942, -0.488281, 0.427246, 0.122070,Sitting
1844469, -0.334595, -0.617188, -0.699585, -0.305176, -0.427246, -0.061035,Sitting
1844489, -0.351929, -0.625244, -0.698120, 0.366211, -1.770019, -0.976562,Sitting
1844509, -0.356934, -0.629272, -0.695068, 0.305176, -1.098633, -0.427246,Sitting
1844529, -0.345093, -0.630005, -0.694092, -0.183105, -0.671386, 0.000000,Sitting
1844549, -0.347778, -0.623902, -0.699219, 0.000000, -1.037598, -0.427246,Sitting
1844569, -0.359619, -0.625488, -0.697388, 0.183105, -1.037598, -0.976562,Sitting
1844589, -0.357666, -0.628174, -0.694336, 0.000000, 0.000000, -0.366211,Sitting
1844609, -0.337402, -0.624146, -0.696045, -0.427246, 0.305176, -0.061035,Sitting
1844629, -0.338257, -0.622070, -0.702393, 0.000000, -0.793457, -0.610352,Sitting
1844649, -0.351318, -0.624878, -0.700318, 0.488281, -1.586914, -1.159668,Sitting
1844669, -0.363037, -0.630737, -0.694214, 0.244141, -0.915527, -0.854492,Sitting
1844689, -0.344727, -0.625977, -0.692261, -0.183105, 0.000000, -0.061035,Sitting
1844709, -0.348389, -0.622681, -0.698975, 0.122070, -0.854492, -0.732422,Sitting
1844729, -0.357300, -0.627686, -0.699097, 0.366211, -1.159668, -0.854492,Sitting
1844749, -0.352539, -0.627930, -0.693237, 0.000000, -0.549316, -0.366211,Sitting
1844769, -0.345215, -0.624146, -0.696045, -0.061035, -0.305176, 0.000000,Sitting
1844789, -0.346802, -0.621948, -0.701050, 0.488281, -0.488281, -0.671386,Sitting
1844809, -0.352417, -0.629150, -0.698364, 0.549316, -0.732422, -1.098633,Sitting
1844829, -0.347656, -0.627686, -0.697022, 0.122070, -0.488281, -0.610352,Sitting
1844849, -0.343140, -0.623657, -0.701172, 0.244141, -0.671386, -0.305176,Sitting
1844869, -0.347412, -0.628296, -0.697754, 0.305176, -1.281738, -0.549316,Sitting
1844889, -0.357544, -0.625610, -0.694458, 0.244141, -1.098633, -0.793457,Sitting
1844909, -0.353638, -0.624878, -0.697388, 0.122070, -0.122070, -0.671386,Sitting
1844929, -0.343994, -0.624024, -0.696167, 0.061035, 0.000000, -0.427246,Sitting
1844949, -0.345703, -0.623779, -0.696411, 0.549316, -0.793457, -0.976562,Sitting
1844969, -0.350708, -0.630493, -0.695190, 0.610352, -0.915527, -1.037598,Sitting
1844989, -0.351929, -0.630615, -0.695312, 0.183105, -0.244141, -0.488281,Sitting
1845009, -0.345459, -0.627197, -0.697632, 0.122070, -0.122070, -0.427246,Sitting
1845029, -0.343994, -0.622070, -0.699097, 0.305176, -0.610352, -0.793457,Sitting
1845049, -0.354004, -0.623657, -0.700195, 0.671386, -0.671386, -0.976562,Sitting
1845069, -0.353272, -0.626587, -0.697388, 0.549316, -0.122070, -0.671386,Sitting
1845089, -0.346802, -0.627686, -0.694458, 0.305176, 0.000000, -0.366211,Sitting
1845109, -0.342407, -0.626953, -0.694214, 0.244141, -0.488281, -0.488281,Sitting
1845129, -0.347046, -0.622192, -0.702393, 0.427246, -0.976562, -0.610352,Sitting
1845149, -0.352417, -0.629028, -0.697022, 0.610352, -0.732422, -0.732422,Sitting
1845169, -0.351318, -0.631836, -0.693237, 0.244141, -0.244141, -0.671386,Sitting
1845189, -0.343994, -0.624390, -0.696411, 0.061035, -0.061035, -0.549316,Sitting
1845209, -0.344727, -0.622314, -0.699829, 0.732422, -0.610352, -0.671386,Sitting
1845229, -0.348999, -0.630860, -0.695923, 0.671386, -0.732422, -0.732422,Sitting
1845249, -0.348267, -0.634400, -0.694458, 0.549316, -0.427246, -0.549316,Sitting
1845269, -0.341675, -0.628296, -0.696411, 0.305176, -0.244141, -0.427246,Sitting
1845289, -0.346314, -0.624146, -0.699707, 0.305176, -0.610352, -0.488281,Sitting
1845309, -0.352661, -0.625122, -0.697022, 0.610352, -0.793457, -0.854492,Sitting
1845329, -0.348877, -0.630615, -0.693360, 0.488281, -0.427246, -0.671386,Sitting
1845349, -0.344605, -0.629517, -0.695068, 0.305176, -0.122070, -0.427246,Sitting
1845369, -0.348633, -0.628052, -0.698364, 0.366211, -0.427246, -0.549316,Sitting
1845389, -0.345215, -0.626709, -0.696045, 0.366211, -0.549316, -0.610352,Sitting
1845409, -0.342041, -0.626465, -0.696778, 0.427246, -0.732422, -0.549316,Sitting
1845429, -0.348389, -0.625854, -0.699219, 0.488281, -0.854492, -0.488281,Sitting
1845449, -0.354736, -0.630615, -0.694458, 0.549316, -0.488281, -0.671386,Sitting
1845469, -0.347168, -0.631470, -0.694092, 0.244141, -0.305176, -0.549316,Sitting
1845489, -0.338013, -0.627320, -0.696900, 0.000000, -0.610352, -0.427246,Sitting
1845509, -0.349243, -0.624756, -0.700318, 0.366211, -1.098633, -0.488281,Sitting
1845529, -0.354858, -0.629150, -0.694824, 0.549316, -0.793457, -0.610352,Sitting
1845549, -0.345459, -0.626221, -0.693237, 0.244141, -0.305176, -0.366211,Sitting
1845569, -0.336792, -0.622437, -0.698853, 0.488281, -0.610352, -0.366211,Sitting
1845589, -0.350342, -0.632324, -0.694580, 0.488281, -1.708984, -0.549316,Sitting
1845609, -0.352295, -0.633057, -0.691040, 0.183105, -1.647949, -0.122070,Sitting
1845629, -0.338135, -0.630127, -0.693237, -0.366211, -1.403808, 0.427246,Sitting
1845649, -0.337280, -0.625732, -0.701660, 0.000000, -2.075196, 0.244141,Sitting
1845669, -0.348633, -0.630127, -0.703980, 0.427246, -2.502442, -0.427246,Sitting
1845689, -0.355713, -0.631348, -0.698608, 0.549316, -1.953124, -0.488281,Sitting
1845709, -0.352783, -0.630615, -0.691528, 0.183105, -0.915527, -0.488281,Sitting
1845729, -0.351929, -0.629150, -0.688477, -0.244141, -0.488281, -0.488281,Sitting
1845749, -0.355835, -0.630127, -0.687988, -0.122070, -0.305176, -0.793457,Sitting
1845769, -0.354492, -0.628418, -0.690064, -0.122070, 0.183105, -0.488281,Sitting
1845789, -0.346924, -0.622803, -0.696411, 0.244141, 0.305176, -0.305176,Sitting
1845809, -0.362549, -0.624512, -0.698608, 1.098633, 0.305176, -1.037598,Sitting
1845829, -0.365234, -0.627686, -0.696900, 1.342773, 1.342773, -1.281738,Sitting
1845849, -0.353149, -0.625854, -0.695068, 1.159668, 2.441407, -1.159668,Sitting
1845869, -0.344727, -0.628418, -0.697144, 1.403808, 2.441407, -1.159668,Sitting
1845889, -0.343018, -0.625732, -0.696900, 1.098633, 2.075196, -1.708984,Sitting
1845909, -0.347290, -0.619995, -0.698364, 1.098633, 1.281738, -1.708984,Sitting
1845929, -0.349365, -0.626099, -0.690918, 1.098633, 0.915527, -1.342773,Sitting
1845949, -0.334106, -0.638184, -0.685547, 0.549316, 0.244141, -1.098633,Sitting
1845969, -0.336548, -0.646973, -0.690674, 0.000000, -0.976562, -1.159668,Sitting
1845989, -0.339111, -0.638306, -0.698853, -0.366211, -1.281738, -0.854492,Sitting
1846009, -0.341919, -0.632324, -0.700073, -0.366211, -1.159668, -0.976562,Sitting
1846029, -0.337524, -0.626831, -0.700440, 0.244141, -0.671386, -0.854492,Sitting
1846049, -0.333984, -0.633301, -0.701416, 0.244141, -0.122070, -1.098633,Sitting
1846069, -0.330078, -0.635132, -0.700806, -0.183105, 0.183105, -0.976562,Sitting
1846089, -0.328247, -0.629517, -0.704346, 0.000000, -0.061035, -0.793457,Sitting
1846109, -0.333984, -0.627564, -0.700195, 0.122070, 0.000000, -0.488281,Sitting
1846129, -0.336060, -0.625610, -0.696655, 0.732422, 0.549316, -0.549316,Sitting
1846149, -0.345093, -0.631714, -0.698120, 1.464844, 0.732422, -1.159668,Sitting
1846169, -0.353638, -0.640625, -0.692261, 1.525878, 0.976562, -1.098633,Sitting
1846189, -0.355957, -0.639893, -0.686157, 0.793457, 1.281738, -0.732422,Sitting
1846209, -0.334961, -0.638672, -0.682373, -0.122070, 0.915527, -0.244141,Sitting
1846229, -0.323975, -0.640015, -0.686279, -1.098633, -0.671386, -0.061035,Sitting
1846249, -0.336792, -0.633423, -0.698730, -1.220704, -2.563476, -0.061035,Sitting
1846269, -0.340454, -0.623169, -0.706299, -0.915527, -2.380371, 0.000000,Sitting
1846289, -0.338745, -0.621094, -0.703980, -0.305176, -2.014160, -0.122070,Sitting
1846309, -0.348389, -0.626099, -0.702881, 0.488281, -1.831054, -0.549316,Sitting
1846329, -0.351563, -0.630249, -0.694092, 0.244141, -1.220704, -0.671386,Sitting
1846349, -0.354248, -0.624024, -0.696778, 0.183105, -0.549316, -0.122070,Sitting
1846369, -0.350098, -0.623291, -0.697510, 0.122070, 0.122070, -0.061035,Sitting
1846389, -0.346680, -0.623902, -0.699951, 0.366211, 0.183105, -0.183105,Sitting
1846409, -0.343018, -0.626953, -0.699829, 0.671386, 0.244141, -0.549316,Sitting
1846429, -0.341675, -0.633301, -0.698975, 0.488281, 0.244141, -0.427246,Sitting
1846449, -0.328003, -0.636230, -0.696900, 0.183105, -0.183105, -0.305176,Sitting
1846469, -0.334595, -0.631714, -0.700318, 0.549316, -1.647949, -0.854492,Sitting
1846489, -0.344482, -0.635498, -0.696167, 0.549316, -1.464844, -1.159668,Sitting
1846509, -0.345825, -0.636597, -0.692749, 0.183105, -0.610352, -1.037598,Sitting
1846529, -0.337402, -0.632690, -0.694092, -0.244141, -0.244141, -0.915527,Sitting
1846549, -0.338867, -0.632446, -0.695068, -0.244141, -0.549316, -0.854492,Sitting
1846569, -0.337646, -0.637329, -0.694214, -0.488281, -0.549316, -0.976562,Sitting
1846589, -0.335938, -0.634400, -0.699707, -0.366211, -0.549316, -0.732422,Sitting
1846609, -0.332275, -0.632324, -0.696655, -0.488281, -0.549316, -0.732422,Sitting
1846629, -0.337402, -0.631592, -0.694336, -0.366211, -0.915527, -0.610352,Sitting
1846649, -0.338867, -0.632202, -0.694092, -0.549316, -1.098633, -0.610352,Sitting
1846669, -0.337036, -0.626099, -0.697998, -0.671386, -1.281738, -0.061035,Sitting
1846689, -0.342407, -0.611084, -0.705688, 0.183105, -1.831054, -0.183105,Sitting
1846709, -0.358154, -0.615356, -0.706055, 1.098633, -1.831054, -0.427246,Sitting
1846729, -0.364258, -0.626465, -0.698608, 1.220704, -0.793457, -0.183105,Sitting
1846749, -0.355347, -0.632568, -0.694092, 0.732422, 0.488281, 0.427246,Sitting
1846769, -0.331177, -0.626221, -0.696411, 0.122070, 0.671386, 0.671386,Sitting
1846789, -0.325928, -0.622314, -0.704468, 0.793457, -0.488281, 0.000000,Sitting
1846809, -0.338257, -0.635864, -0.702148, 1.403808, -1.403808, -0.793457,Sitting
1846829, -0.340698, -0.642822, -0.693237, 1.037598, -1.098633, -0.427246,Sitting
1846849, -0.336914, -0.638062, -0.692627, 0.732422, -0.305176, 0.061035,Sitting
1846869, -0.321655, -0.634888, -0.693604, 0.366211, -0.366211, -0.183105,Sitting
1846889, -0.329834, -0.631592, -0.700806, 0.732422, -1.770019, -0.854492,Sitting
1846909, -0.354004, -0.638306, -0.693604, 0.671386, -1.586914, -0.732422,Sitting
1846929, -0.352783, -0.636353, -0.690430, -0.061035, -0.183105, -0.366211,Sitting
1846949, -0.337280, -0.627075, -0.693237, -0.183105, -0.122070, -0.610352,Sitting
1846969, -0.344971, -0.625122, -0.698975, 0.244141, -0.732422, -1.342773,Sitting
1846989, -0.355347, -0.633545, -0.696655, 0.244141, -0.793457, -1.403808,Sitting
1847009, -0.350708, -0.634155, -0.691284, 0.000000, -0.183105, -0.671386,Sitting
1847029, -0.336304, -0.628662, -0.694702, -0.366211, -0.122070, -0.610352,Sitting
1847049, -0.339478, -0.627564, -0.700318, 0.000000, -0.732422, -1.159668,Sitting
1847069, -0.342407, -0.629761, -0.697754, 0.000000, -1.098633, -1.403808,Sitting
1847089, -0.345703, -0.633423, -0.695190, -0.183105, -0.854492, -1.098633,Sitting
1847109, -0.336792, -0.633423, -0.693482, -0.427246, -0.366211, -0.488281,Sitting
1847129, -0.332886, -0.622803, -0.704346, 0.183105, -1.098633, -1.159668,Sitting
1847149, -0.343262, -0.631104, -0.702393, 0.549316, -1.342773, -1.525878,Sitting
1847169, -0.351318, -0.636719, -0.694214, 0.488281, -0.305176, -0.976562,Sitting
1847189, -0.333130, -0.634400, -0.694214, 0.061035, 0.671386, -0.488281,Sitting
1847209, -0.326172, -0.627808, -0.699585, 0.122070, 0.122070, -0.671386,Sitting
1847229, -0.336182, -0.628784, -0.702148, 0.549316, -0.793457, -1.159668,Sitting
1847249, -0.342896, -0.635132, -0.697388, 0.488281, -0.671386, -0.854492,Sitting
1847269, -0.330444, -0.633057, -0.698242, 0.122070, -0.671386, -0.244141,Sitting
1847289, -0.339356, -0.634155, -0.697754, 0.305176, -1.159668, -0.305176,Sitting
1847309, -0.346558, -0.629272, -0.695679, 0.427246, -0.793457, -0.610352,Sitting
