timestamp,ax,ay,az,gx,gy,gz,activity
141370, 0.096313, -1.293946, -0.132690, -27.709956, -2.258301, -5.310058,Stair-Up
141390, 0.152222, -1.158081, -0.180664, -19.042970, -16.113284, -4.577638,Stair-Up
141410, 0.182861, -1.224244, -0.146484, -13.549804, -25.634760, -3.234863,Stair-Up
141430, 0.135742, -1.386353, -0.103027, -13.671872, -30.029290, 5.065916,Stair-Up
141450, -0.021606, -1.430176, -0.192383, -30.822750, -33.386240, 7.934570,Stair-Up
141470, -0.045776, -1.318238, -0.254761, -39.611820, -38.818360, -0.549316,Stair-Up
141490, 0.097412, -1.228028, -0.232788, -40.344230, -63.964840, -8.239746,Stair-Up
141510, 0.054810, -1.070435, -0.290894, -35.339360, -87.341300, -13.671872,Stair-Up
141530, -0.068115, -0.938843, -0.342407, -26.672360, -91.003400, -14.038084,Stair-Up
141550, -0.083740, -0.838867, -0.363281, -21.484370, -81.726060, -9.094240,Stair-Up
141570, -0.148193, -0.780274, -0.377319, -11.047360, -66.162120, -10.009768,Stair-Up
141590, -0.139526, -0.877075, -0.345459, -3.051757, -39.672860, -13.244628,Stair-Up
141610, -0.081299, -0.900146, -0.307739, -4.455568, -33.874520, -17.578130,Stair-Up
141630, -0.034546, -0.820190, -0.260986, -6.896972, -33.874520, -18.127448,Stair-Up
141650, -0.006104, -0.711182, -0.239380, -3.479003, -37.597660, -14.526364,Stair-Up
141670, -0.040649, -0.635132, -0.229370, 0.671386, -41.259760, -11.779784,Stair-Up
141690, -0.110596, -0.593750, -0.227905, 5.371092, -39.733900, -12.756344,Stair-Up
141710, -0.116211, -0.577759, -0.229248, 6.408690, -36.743170, -13.732908,Stair-Up
141730, -0.048340, -0.548462, -0.216187, 5.310058, -46.936020, -14.892576,Stair-Up
141750, 0.040894, -0.528076, -0.226929, 12.634276, -83.068840, -19.958500,Stair-Up
141770, -0.089478, -0.572998, -0.195313, 25.085448, -107.421860, -27.404780,Stair-Up
141790, -0.176025, -0.710571, -0.169556, 23.132320, -106.689440, -21.240230,Stair-Up
141810, -0.206665, -0.727661, -0.190796, 17.395020, -105.651840, -32.348640,Stair-Up
141830, -0.254517, -0.823608, -0.173096, 19.836430, -82.519500, -18.249516,Stair-Up
141850, -0.240479, -0.876465, -0.179199, 10.070800, -61.462400, -19.836430,Stair-Up
141870, -0.265015, -0.926392, -0.184082, 15.014646, -47.058100, -22.827140,Stair-Up
141890, -0.255737, -1.021728, -0.180054, 8.605960, -37.231450, -26.977532,Stair-Up
141910, -0.192749, -0.993164, -0.182739, 3.234863, -39.978040, -29.357908,Stair-Up
141930, -0.204346, -0.960083, -0.182495, 5.615234, -43.029780, -32.836920,Stair-Up
141950, -0.229736, -0.986328, -0.202393, 10.498044, -38.696300, -33.752440,Stair-Up
141970, -0.255127, -1.027222, -0.231567, 8.239746, -33.264160, -36.376960,Stair-Up
141990, -0.271606, -0.991821, -0.249878, 5.249022, -28.381340, -35.644540,Stair-Up
142010, -0.232178, -0.934692, -0.266968, 7.812498, -27.709956, -35.522460,Stair-Up
142030, -0.267578, -0.977173, -0.249268, 13.793944, -27.099608, -31.677240,Stair-Up
142050, -0.338867, -0.959229, -0.264404, 14.343260, -14.831540, -34.606940,Stair-Up
142070, -0.273316, -0.962769, -0.269898, 17.883300, 16.174320, -25.451652,Stair-Up
142090, -0.256226, -1.130249, -0.243530, 27.465816, 26.550290, -15.808104,Stair-Up
142110, -0.286865, -1.367188, -0.157105, 24.414060, 26.733390, -20.324700,Stair-Up
142130, -0.160278, -1.475586, -0.113892, 16.174320, 19.409180, -20.690910,Stair-Up
142150, -0.179932, -1.651734, -0.115112, 26.245110, -0.183105, -23.681636,Stair-Up
142170, -0.243774, -1.804200, -0.137451, 13.366696, -6.713866, -29.785150,Stair-Up
142190, -0.178833, -1.645142, -0.178589, 0.610352, 0.610352, -26.794430,Stair-Up
142210, -0.278809, -1.444946, -0.212158, 2.075196, 7.812498, -18.737796,Stair-Up
142230, -0.407593, -1.246460, -0.210205, -4.943848, 31.249992, -8.178714,Stair-Up
142250, -0.380249, -0.958618, -0.156860, -2.502442, 77.575700, 12.634276,Stair-Up
142270, -0.277832, -1.022461, -0.131592, 5.554198, 95.397940, 21.911620,Stair-Up
142290, -0.163818, -1.128906, -0.104980, -2.685546, 97.656240, 30.639640,Stair-Up
142310, -0.115723, -1.091431, -0.102783, -10.498044, 89.599600, 36.010750,Stair-Up
142330, -0.073486, -1.018311, -0.094604, -15.747068, 75.744640, 42.968740,Stair-Up
142350, -0.090820, -0.899536, -0.083374, -18.676760, 64.941420, 52.917470,Stair-Up
142370, -0.147583, -0.780762, -0.073486, -21.240230, 62.805160, 57.617180,Stair-Up
142390, -0.072266, -0.707520, -0.067871, -17.089850, 54.687490, 67.260740,Stair-Up
142410, -0.094238, -0.690796, -0.066528, -14.526364, 46.752920, 72.509780,Stair-Up
142430, -0.108154, -0.665650, -0.057007, -15.930172, 41.625960, 75.500500,Stair-Up
142450, -0.084351, -0.643921, -0.030640, -15.991210, 35.766600, 76.232920,Stair-Up
142470, -0.077515, -0.655396, -0.013184, -13.732908, 23.986810, 74.462900,Stair-Up
142490, -0.117798, -0.704712, -0.004272, -14.038084, 30.090330, 62.255850,Stair-Up
142510, -0.033813, -0.759400, -0.008789, -9.582520, 30.822750, 54.992660,Stair-Up
142530, -0.044067, -0.862305, -0.018921, -8.300784, 25.939940, 51.696770,Stair-Up
142550, -0.045654, -0.929199, -0.019043, -6.958006, 13.916012, 39.001470,Stair-Up
142570, -0.084473, -1.005494, -0.011353, -5.615234, 10.314940, 30.517570,Stair-Up
142590, -0.081787, -1.042114, -0.013184, -9.399414, 12.817380, 23.010250,Stair-Up
142610, -0.077393, -1.033081, -0.033691, -10.192870, 15.075680, 16.784670,Stair-Up
142630, -0.078369, -1.031494, -0.057861, -9.460450, 18.066410, 13.000484,Stair-Up
142650, -0.033936, -1.006104, -0.078369, -11.413570, 14.465330, 9.643556,Stair-Up
142670, -0.033203, -0.925049, -0.112061, -9.216310, 6.408690, 5.187988,Stair-Up
142690, -0.047974, -0.934937, -0.101074, -2.990722, -5.615234, 1.342773,Stair-Up
142710, -0.007324, -0.935303, -0.092163, 4.882814, -2.990722, -12.512204,Stair-Up
142730, 0.028442, -1.093628, -0.191528, 3.356933, 5.554198, 5.920409,Stair-Up
142750, 0.129761, -1.130249, -0.250366, -15.136716, -23.254390, 13.977050,Stair-Up
142770, 0.094727, -1.127564, -0.181641, -19.470220, -92.224100, 5.432128,Stair-Up
142790, -0.115112, -1.143311, -0.148804, -13.122556, -138.793960, -17.822270,Stair-Up
142810, -0.268921, -1.292480, -0.186035, -10.803220, -140.991240, -18.127448,Stair-Up
142830, -0.264526, -1.410278, -0.222900, -18.127448, -134.948760, -30.151360,Stair-Up
142850, -0.307617, -1.479004, -0.236206, -27.648920, -125.305160, -39.855960,Stair-Up
142870, -0.320313, -1.403686, -0.268311, -39.123540, -114.562960, -50.598140,Stair-Up
142890, -0.344482, -1.237549, -0.307861, -38.696300, -100.708000, -58.776840,Stair-Up
142910, -0.322632, -1.024902, -0.337402, -31.860350, -71.472180, -57.128900,Stair-Up
142930, -0.338257, -0.931396, -0.337891, -26.000970, -50.415030, -51.940910,Stair-Up
142950, -0.306274, -0.877686, -0.274170, -24.169920, -33.447270, -48.522940,Stair-Up
142970, -0.312500, -0.856568, -0.195313, -21.545408, -14.038084, -41.687000,Stair-Up
142990, -0.242676, -0.865967, -0.164551, -24.291990, -11.108396, -32.897960,Stair-Up
143010, -0.200073, -0.891724, -0.147217, -22.888180, -28.503410, -31.616208,Stair-Up
143030, -0.210083, -0.915283, -0.137451, -24.902340, -46.691880, -28.015130,Stair-Up
143050, -0.193481, -0.873902, -0.143066, -28.625480, -62.438960, -28.076170,Stair-Up
143070, -0.195190, -0.808960, -0.162598, -19.165040, -74.829100, -25.756830,Stair-Up
143090, -0.245361, -0.807129, -0.178589, -10.009768, -78.247080, -16.540530,Stair-Up
143110, -0.292236, -0.808716, -0.202026, -7.141112, -71.228040, -7.934570,Stair-Up
143130, -0.300293, -0.705688, -0.194092, -3.051757, -57.556140, 4.089356,Stair-Up
143150, -0.343018, -0.647095, -0.166992, 2.868652, -43.151840, 5.126952,Stair-Up
143170, -0.327637, -0.599487, -0.156616, 5.981444, -30.334470, 2.868652,Stair-Up
143190, -0.308106, -0.590942, -0.144653, 8.300784, -21.545408, 2.685546,Stair-Up
143210, -0.295654, -0.568237, -0.129517, 7.385252, -14.465330, -2.197266,Stair-Up
143230, -0.264038, -0.572876, -0.111450, 9.521484, -9.826660, -10.070800,Stair-Up
143250, -0.273560, -0.658570, -0.101440, 15.197750, -3.234863, -14.770504,Stair-Up
143270, -0.317383, -0.776123, -0.128052, 10.986324, 6.469726, -14.831540,Stair-Up
143290, -0.288696, -0.823975, -0.136597, 6.591796, 11.718748, -20.141600,Stair-Up
143310, -0.224487, -0.901734, -0.140503, 9.765626, 6.286620, -24.841304,Stair-Up
143330, -0.217163, -1.029053, -0.159180, 8.300784, -6.347656, -30.273430,Stair-Up
143350, -0.307495, -1.152466, -0.179321, 10.253904, 10.986324, -28.015130,Stair-Up
143370, -0.215942, -1.100098, -0.180298, -0.427246, 1.708984, -42.358390,Stair-Up
143390, -0.277344, -1.091309, -0.195679, 8.789064, -7.995604, -36.376960,Stair-Up
143410, -0.327637, -1.095581, -0.203125, 6.225584, -2.380371, -36.071780,Stair-Up
143430, -0.265137, -1.063110, -0.203003, 8.361816, 1.953124, -31.738280,Stair-Up
143450, -0.264893, -1.100830, -0.198486, 14.831540, 2.563476, -26.977532,Stair-Up
143470, -0.281738, -1.187744, -0.193237, 20.202630, 5.126952, -24.047850,Stair-Up
143490, -0.249756, -1.348144, -0.200439, 30.944820, 5.310058, -21.545408,Stair-Up
143510, -0.211670, -1.506714, -0.178223, 26.489250, -3.906249, -23.681636,Stair-Up
143530, -0.257813, -1.445068, -0.176758, 17.333990, -11.230468, -26.428220,Stair-Up
143550, -0.337036, -1.351074, -0.189331, 21.606440, -6.042480, -25.024410,Stair-Up
143570, -0.428101, -1.225830, -0.177979, 10.314940, 25.939940, -14.526364,Stair-Up
143590, -0.412232, -1.063965, -0.131104, 6.713866, 49.804680, -6.042480,Stair-Up
143610, -0.338501, -1.022217, -0.090454, 14.038084, 64.758300, 0.915527,Stair-Up
143630, -0.267212, -1.068726, -0.085693, 13.366696, 73.974620, 10.864256,Stair-Up
143650, -0.212769, -1.033936, -0.085205, 7.690428, 76.538100, 21.118160,Stair-Up
143670, -0.160400, -0.989136, -0.081421, 11.596676, 69.152840, 28.137200,Stair-Up
143690, -0.139771, -0.968506, -0.068604, 11.718748, 57.434080, 35.156260,Stair-Up
143710, -0.142944, -0.879883, -0.052002, 9.338380, 48.583980, 41.503900,Stair-Up
143730, -0.201050, -0.807739, -0.062988, 16.113284, 49.987780, 46.691880,Stair-Up
143750, -0.253174, -0.808350, -0.095459, 16.113284, 65.307640, 54.626460,Stair-Up
143770, -0.248535, -0.768188, -0.089600, 9.094240, 84.350560, 64.147960,Stair-Up
143790, -0.060547, -0.673218, -0.061401, 5.615234, 85.571260, 76.538100,Stair-Up
143810, 0.018311, -0.665405, -0.050537, 15.197750, 59.631340, 77.453620,Stair-Up
143830, -0.125488, -0.736816, -0.033447, 10.498044, 45.898430, 71.472180,Stair-Up
143850, -0.128174, -0.767456, -0.009033, 8.300784, 49.438460, 63.293440,Stair-Up
143870, -0.113037, -0.867066, 0.032227, 3.479003, 52.734360, 64.758300,Stair-Up
143890, -0.074951, -0.922363, 0.033813, -4.211426, 47.546380, 52.124020,Stair-Up
143910, -0.028076, -0.970093, -0.008545, -5.615234, 35.705570, 38.269050,Stair-Up
143930, -0.083984, -1.034668, -0.059570, -11.230468, 29.663080, 33.447270,Stair-Up
143950, -0.049683, -1.029663, -0.072022, -16.967780, 21.606440, 24.780270,Stair-Up
143970, -0.016724, -1.023926, -0.065063, -13.732908, 4.821778, 14.648436,Stair-Up
143990, -0.056274, -1.050171, -0.078735, -11.352536, -8.789064, 6.103514,Stair-Up
144010, -0.119995, -1.098389, -0.120239, -8.056642, -18.005376, 0.610352,Stair-Up
144030, -0.125244, -1.150879, -0.142456, -5.615234, -21.423332, -0.976562,Stair-Up
144050, -0.091309, -1.231812, -0.158936, -0.732422, -26.855464, -0.976562,Stair-Up
144070, -0.103272, -1.327881, -0.189575, -1.220704, -39.062500, -19.470220,Stair-Up
144090, -0.027832, -1.489990, -0.216797, 11.779784, -36.193860, -2.929687,Stair-Up
144110, 0.136963, -1.622436, -0.174438, 5.310058, -48.461900, 5.004884,Stair-Up
144130, 0.095215, -1.541504, -0.153320, -14.831540, -85.998520, 3.112792,Stair-Up
144150, -0.104126, -1.265625, -0.183228, -15.747068, -118.774400, -24.291990,Stair-Up
144170, -0.290283, -1.126587, -0.187500, -13.854978, -108.703600, -15.808104,Stair-Up
144190, -0.289307, -0.935669, -0.184082, -15.991210, -97.534160, -21.057124,Stair-Up
144210, -0.315552, -0.823975, -0.184814, -8.117676, -88.378900, -19.775390,Stair-Up
144230, -0.343628, -0.861816, -0.128540, -4.089356, -61.950680, -22.766110,Stair-Up
144250, -0.286499, -0.934814, -0.060059, -8.117676, -49.255360, -21.728510,Stair-Up
144270, -0.219116, -0.911499, -0.005859, -17.028810, -44.433580, -20.141600,Stair-Up
144290, -0.237549, -0.838135, -0.015137, -14.282224, -37.231450, -12.695310,Stair-Up
144310, -0.282471, -0.780518, -0.065430, -21.118160, -30.395500, -16.784670,Stair-Up
144330, -0.183716, -0.663818, -0.138916, -18.920900, -31.677240, -11.962890,Stair-Up
144350, -0.200317, -0.585938, -0.163696, -12.756344, -42.724600, -18.554690,Stair-Up
144370, -0.180542, -0.589112, -0.142822, -6.103514, -58.044420, -4.455568,Stair-Up
144390, -0.218872, -0.549927, -0.115601, -1.525878, -65.795900, -10.986324,Stair-Up
144410, -0.272095, -0.590210, -0.071289, 6.347656, -64.575200, -8.361816,Stair-Up
144430, -0.293579, -0.620606, -0.028564, 3.967285, -61.950680, -8.789064,Stair-Up
144450, -0.262695, -0.631714, -0.047852, 7.812498, -54.809560, -4.760742,Stair-Up
144470, -0.246338, -0.714112, -0.046387, 10.314940, -56.213370, -2.685546,Stair-Up
144490, -0.258057, -0.775513, -0.016602, 7.629394, -58.166500, -8.422854,Stair-Up
144510, -0.297363, -0.845337, 0.031982, 7.751464, -50.781240, -8.850100,Stair-Up
144530, -0.334473, -0.942139, 0.058838, 2.624511, -41.870110, -10.803220,Stair-Up
144550, -0.360474, -1.000977, 0.029907, -5.004884, -31.677240, -13.977050,Stair-Up
144570, -0.305664, -1.007446, -0.012207, -10.742184, -31.127924, -15.380856,Stair-Up
144590, -0.274902, -0.985474, -0.023315, -9.521484, -35.583500, -21.484370,Stair-Up
144610, -0.276978, -1.009888, -0.008911, -6.164550, -39.001470, -19.775390,Stair-Up
144630, -0.368530, -1.031860, 0.002075, -9.582520, -34.729010, -24.475090,Stair-Up
144650, -0.389526, -1.020508, 0.003906, -8.666994, -28.137200, -24.719230,Stair-Up
144670, -0.304932, -0.993408, 0.002686, -3.662109, -27.893060, -25.451652,Stair-Up
144690, -0.319580, -1.059204, 0.004761, 4.394532, -30.883784, -28.137200,Stair-Up
144710, -0.324219, -1.174805, 0.034790, 8.544924, -27.221676, -28.991692,Stair-Up
144730, -0.285278, -1.368530, 0.099121, 15.380856, -22.705070, -33.020020,Stair-Up
144750, -0.354614, -1.571900, 0.108154, 4.882814, -17.395020, -35.888680,Stair-Up
144770, -0.395264, -1.514160, 0.046265, -14.831540, -7.995604, -39.978040,Stair-Up
144790, -0.383545, -1.261719, -0.031372, -18.554690, 1.037598, -42.053220,Stair-Up
144810, -0.367188, -1.104736, -0.043457, -11.047360, 8.117676, -39.184580,Stair-Up
144830, -0.387329, -1.040650, 0.019897, -5.737304, 14.587400, -36.193860,Stair-Up
144850, -0.453247, -1.051636, 0.086304, 1.892090, 34.057620, -28.137200,Stair-Up
144870, -0.453735, -1.110230, 0.122559, -2.197266, 60.485830, -20.141600,Stair-Up
144890, -0.191406, -0.998413, 0.079834, -3.173828, 78.369140, -5.493162,Stair-Up
144910, -0.086426, -0.960938, -0.003418, 3.540038, 70.556640, 2.807617,Stair-Up
144930, -0.073120, -0.929444, -0.029297, 6.652830, 60.180660, 14.587400,Stair-Up
144950, -0.136475, -0.893188, 0.005127, 8.605960, 49.194320, 20.935052,Stair-Up
144970, -0.236084, -0.824341, 0.038208, 6.591796, 52.734360, 28.381340,Stair-Up
144990, -0.223755, -0.730347, 0.033691, 9.704590, 61.218250, 33.813480,Stair-Up
145010, -0.142090, -0.694946, 0.003418, 15.747068, 58.166500, 37.536620,Stair-Up
145030, -0.145874, -0.704712, -0.007935, 19.653320, 53.527820, 38.269050,Stair-Up
145050, -0.148071, -0.728272, 0.022827, 17.211920, 51.940910, 40.344230,Stair-Up
145070, -0.148315, -0.735352, 0.067749, 15.441892, 49.377430, 37.780760,Stair-Up
145090, -0.210205, -0.787842, 0.071777, 17.944340, 55.603020, 34.179700,Stair-Up
145110, -0.136353, -0.892212, 0.040405, 7.751464, 62.255850, 30.090330,Stair-Up
145130, -0.073730, -0.889648, 0.012451, 7.141112, 51.269520, 23.620600,Stair-Up
145150, -0.111694, -0.955200, 0.004761, 9.643556, 43.395980, 19.409180,Stair-Up
145170, -0.149780, -1.031128, -0.001953, 7.141112, 40.527340, 14.282224,Stair-Up
145190, -0.162354, -1.064087, 0.004639, 1.159668, 43.029780, 10.131832,Stair-Up
145210, -0.111450, -1.030030, -0.002319, -2.685546, 45.288080, 9.033204,Stair-Up
145230, -0.105347, -1.051148, -0.000854, -1.403808, 40.283200, 7.385252,Stair-Up
145250, -0.188843, -1.145508, -0.029297, -1.220704, 38.208020, 3.906249,Stair-Up
145270, -0.184448, -1.211548, -0.049438, -10.864256, 38.452160, 1.647949,Stair-Up
145290, -0.096313, -1.175171, -0.052368, -14.282224, 33.020020, -0.549316,Stair-Up
145310, -0.110230, -1.221924, -0.065430, -8.422854, 26.123040, -0.915527,Stair-Up
145330, -0.176514, -1.427612, -0.089966, -8.056642, 28.015130, -2.563476,Stair-Up
145350, -0.126953, -1.502076, -0.047974, -17.761230, 32.165540, -3.051757,Stair-Up
145370, -0.099854, -1.489258, -0.022461, -22.644040, 33.813480, -5.493162,Stair-Up
145390, -0.088989, -1.482910, -0.044922, -21.545408, 37.231450, -10.192870,Stair-Up
145410, -0.057983, -1.396118, -0.121338, -29.846190, 35.522460, -12.878416,Stair-Up
145430, -0.028564, -1.121826, -0.191772, -36.010750, 28.930660, -10.559080,Stair-Up
145450, 0.019531, -0.838257, -0.224731, -29.174800, 13.305660, -7.446288,Stair-Up
145470, -0.083496, -0.723267, -0.231445, -6.591796, 1.647949, -2.868652,Stair-Up
145490, -0.218872, -0.831299, -0.185181, 7.324218, 8.422854, -4.394532,Stair-Up
145510, -0.242676, -0.965088, -0.128052, -0.854492, 25.329584, -6.042480,Stair-Up
145530, -0.155273, -0.963257, -0.094482, -10.498044, 27.465816, -9.460450,Stair-Up
145550, -0.113281, -0.875732, -0.146118, -19.042970, 13.549804, -17.395020,Stair-Up
145570, -0.039307, -0.756592, -0.168213, -21.606440, 7.873534, -13.427732,Stair-Up
145590, -0.013916, -0.642700, -0.163574, -18.005376, -3.051757, -10.742184,Stair-Up
145610, -0.033325, -0.574219, -0.156616, -12.329100, -16.906740, -7.324218,Stair-Up
145630, -0.129883, -0.544190, -0.143311, -6.103514, -27.709956, -11.047360,Stair-Up
145650, -0.229004, -0.559204, -0.115234, -5.004884, -27.282710, -12.023924,Stair-Up
145670, -0.253052, -0.560669, -0.117065, -5.798338, -20.385740, -14.587400,Stair-Up
145690, -0.232788, -0.579834, -0.109009, -6.225584, -12.145992, -13.549804,Stair-Up
145710, -0.173462, -0.624756, -0.099609, -4.699708, -10.314940, -11.718748,Stair-Up
145730, -0.178589, -0.712402, -0.090210, -1.647949, -13.732908, -12.207030,Stair-Up
145750, -0.203613, -0.825684, -0.093262, 1.403808, -13.122556, -12.817380,Stair-Up
145770, -0.187012, -1.016114, -0.135742, 3.723144, -18.249516, -17.395020,Stair-Up
145790, -0.200928, -1.081299, -0.172852, 4.028321, -23.498530, -20.141600,Stair-Up
145810, -0.208984, -1.124634, -0.189819, 6.958006, -24.047850, -20.874020,Stair-Up
145830, -0.220093, -1.186768, -0.186279, 10.986324, -19.409180, -20.446770,Stair-Up
145850, -0.244629, -1.228516, -0.190674, 8.789064, -13.977050, -19.042970,Stair-Up
145870, -0.275391, -1.183594, -0.217407, 7.873534, -11.291500, -20.812980,Stair-Up
145890, -0.301392, -1.124146, -0.252564, 12.207030, -9.582520, -24.414060,Stair-Up
145910, -0.276245, -1.112427, -0.268066, 19.531250, -9.460450, -25.817870,Stair-Up
145930, -0.234741, -1.156372, -0.211548, 25.573724, -6.469726, -23.193352,Stair-Up
145950, -0.156006, -1.240478, -0.131714, 29.907220, -1.647949, -15.014646,Stair-Up
145970, -0.141480, -1.396973, -0.112305, 32.287600, -4.455568, -8.789064,Stair-Up
145990, -0.222900, -1.424805, -0.113770, 14.282224, -11.291500, -10.131832,Stair-Up
146010, -0.295654, -1.279908, -0.133301, 6.530760, -8.789064, -14.038084,Stair-Up
146030, -0.319092, -1.120484, -0.115845, 2.868652, 1.892090, -14.953610,Stair-Up
146050, -0.353882, -1.026612, -0.074829, 4.577638, 20.507810, -12.451170,Stair-Up
146070, -0.374390, -0.995239, -0.059082, 4.089356, 47.058100, -6.347656,Stair-Up
146090, -0.296631, -0.971680, -0.048096, 3.479003, 67.993180, 2.075196,Stair-Up
146110, -0.210571, -0.969482, -0.043457, 4.211426, 73.486340, 9.399414,Stair-Up
146130, -0.181519, -0.927246, -0.057129, 1.403808, 73.425300, 19.287110,Stair-Up
146150, -0.152954, -0.812378, -0.066528, -0.244141, 73.242200, 31.311030,Stair-Up
146170, -0.157593, -0.692993, -0.050781, 1.220704, 75.256360, 43.701160,Stair-Up
146190, -0.192017, -0.657227, -0.022827, 8.789064, 85.327140, 56.701650,Stair-Up
146210, -0.175659, -0.695923, 0.004395, 5.676268, 87.646460, 64.209000,Stair-Up
146230, -0.138916, -0.675904, -0.009155, 2.075196, 85.083000, 66.833500,Stair-Up
146250, -0.042480, -0.657959, -0.009644, -1.159668, 73.608400, 68.664560,Stair-Up
146270, -0.016479, -0.668945, 0.019043, 0.122070, 53.894040, 65.246600,Stair-Up
146290, -0.054199, -0.717652, 0.049927, 0.915527, 34.057620, 57.556140,Stair-Up
146310, -0.105103, -0.775635, 0.069458, 2.319336, 21.911620, 48.339840,Stair-Up
146330, -0.121704, -0.880737, 0.091919, 5.859374, 17.944340, 38.452160,Stair-Up
146350, -0.128052, -0.993530, 0.088501, 2.807617, 19.287110, 29.846190,Stair-Up
146370, -0.135864, -1.045288, 0.072510, -0.976562, 23.742670, 23.071284,Stair-Up
146390, -0.127808, -1.061890, 0.047241, -2.807617, 27.404780, 15.258788,Stair-Up
146410, -0.127441, -1.059082, 0.027710, -3.662109, 30.578610, 10.437010,Stair-Up
146430, -0.132568, -1.017822, -0.008545, 0.061035, 30.944820, 2.624511,Stair-Up
146450, -0.143188, -1.013184, -0.035034, 1.647949, 29.113768, -1.159668,Stair-Up
146470, -0.153198, -0.973633, -0.044556, 1.831054, 27.709956, -2.441407,Stair-Up
146490, -0.159180, -0.971436, -0.053101, 6.713866, 28.076170, -4.699708,Stair-Up
146510, -0.190186, -1.049316, -0.069092, 9.033204, 34.545900, -6.225584,Stair-Up
146530, -0.199341, -1.102539, -0.091431, 3.723144, 44.006340, -6.713866,Stair-Up
146550, -0.169312, -1.119263, -0.107544, 2.197266, 48.461900, -9.582520,Stair-Up
146570, -0.151733, -1.189698, -0.126953, 5.249022, 49.560540, -14.099120,Stair-Up
146590, -0.163696, -1.330200, -0.160522, 5.920409, 52.307120, -17.150880,Stair-Up
146610, -0.080811, -1.444092, -0.160889, -2.075196, 48.889150, -18.798830,Stair-Up
146630, 0.007080, -1.467530, -0.142456, -10.070800, 29.785150, -20.568840,Stair-Up
146650, -0.009155, -1.448853, -0.143555, -12.817380, -6.958006, -27.893060,Stair-Up
146670, -0.041626, -1.385986, -0.160156, -14.953610, -29.418940, -33.142100,Stair-Up
146690, -0.115845, -1.269532, -0.208862, -16.540530, -43.090810, -36.132820,Stair-Up
146710, -0.189941, -1.109620, -0.259399, -19.042970, -44.250480, -34.118660,Stair-Up
146730, -0.267944, -0.911255, -0.280274, -19.897460, -31.555170, -29.296870,Stair-Up
146750, -0.310913, -0.740356, -0.272217, -14.465330, -9.643556, -21.179192,Stair-Up
146770, -0.307007, -0.748413, -0.262329, -0.549316, 10.559080, -15.624996,Stair-Up
146790, -0.259888, -0.886230, -0.258301, -0.610352, 24.597160, -11.596676,Stair-Up
146810, -0.160522, -0.894898, -0.248169, -9.277344, 24.780270, -4.150392,Stair-Up
146830, -0.090576, -0.870117, -0.221069, -6.408690, 11.291500, 0.061035,Stair-Up
146850, -0.072876, -0.898682, -0.202026, -5.615234, -3.723144, 7.629394,Stair-Up
146870, -0.093384, -0.852661, -0.183838, -6.164550, -23.071284, 17.395020,Stair-Up
146890, -0.133911, -0.816040, -0.190430, -3.967285, -30.456540, 20.874020,Stair-Up
146910, -0.173096, -0.767090, -0.197754, -2.807617, -33.020020, 22.888180,Stair-Up
146930, -0.219605, -0.714722, -0.202759, 0.244141, -28.564450, 23.742670,Stair-Up
146950, -0.221558, -0.677368, -0.199829, 1.953124, -19.836430, 25.451652,Stair-Up
146970, -0.205444, -0.651978, -0.188477, 4.760742, -13.366696, 26.550290,Stair-Up
146990, -0.206543, -0.655029, -0.176880, 6.347656, -9.155274, 27.038570,Stair-Up
147010, -0.190064, -0.657715, -0.157105, 6.591796, -7.507323, 27.587884,Stair-Up
147030, -0.168091, -0.685669, -0.158569, 9.460450, -9.521484, 28.076170,Stair-Up
147050, -0.150513, -0.727051, -0.169189, 10.253904, -14.221190, 27.038570,Stair-Up
147070, -0.166504, -0.765869, -0.179688, 11.108396, -18.737796, 26.428220,Stair-Up
147090, -0.155762, -0.781128, -0.195679, 9.094240, -25.451652, 25.634760,Stair-Up
147110, -0.191528, -0.748413, -0.201172, 8.605960, -28.808590, 23.803708,Stair-Up
147130, -0.203613, -0.760132, -0.199219, 12.695310, -30.761716, 18.981940,Stair-Up
147150, -0.252319, -0.833496, -0.196655, 13.549804, -29.785150, 12.573240,Stair-Up
147170, -0.274658, -0.889404, -0.201416, 11.779784, -21.728510, 5.737304,Stair-Up
147190, -0.246826, -0.943726, -0.210815, 10.864256, -14.892576, -1.098633,Stair-Up
147210, -0.223022, -0.962280, -0.215088, 8.239746, -11.840818, -6.652830,Stair-Up
147230, -0.219727, -0.939697, -0.217651, 8.728030, -9.887696, -11.047360,Stair-Up
147250, -0.228394, -0.935791, -0.218750, 11.596676, -7.202148, -15.502928,Stair-Up
147270, -0.257324, -0.949219, -0.215576, 12.084960, -2.319336, -19.836430,Stair-Up
147290, -0.271851, -0.962402, -0.207764, 13.610836, 4.638672, -25.512690,Stair-Up
147310, -0.235840, -1.094116, -0.177002, 17.211920, 7.812498, -37.475590,Stair-Up
147330, -0.216431, -1.270386, -0.140137, 27.832030, 4.943848, -46.569820,Stair-Up
147350, -0.228638, -1.668091, -0.117676, 34.606940, 0.061035, -58.959950,Stair-Up
147370, -0.214600, -1.764404, -0.169312, -13.000484, -2.746581, -60.363760,Stair-Up
147390, -0.191528, -1.133912, -0.224731, -38.513190, -7.690428, -49.804680,Stair-Up
147410, -0.245850, -0.792358, -0.203125, -6.469726, -10.253904, -47.058100,Stair-Up
147430, -0.303589, -0.829102, -0.163818, 8.056642, 5.920409, -34.362800,Stair-Up
147450, -0.330566, -0.806274, -0.173096, 3.845214, 28.137200, -21.179192,Stair-Up
147470, -0.345093, -0.748047, -0.192505, 6.225584, 44.250480, -16.906740,Stair-Up
147490, -0.318482, -0.765869, -0.168701, 5.371092, 52.673330, -16.601568,Stair-Up
147510, -0.279541, -0.771729, -0.101318, 1.220704, 53.161610, -16.967780,Stair-Up
147530, -0.298950, -0.941650, -0.058838, 2.990722, 48.706040, -23.803708,Stair-Up
147550, -0.299194, -1.080322, -0.044312, -7.202148, 50.903310, -26.550290,Stair-Up
147570, -0.235718, -1.131836, -0.024170, -15.502928, 47.058100, -29.785150,Stair-Up
147590, -0.205688, -1.174927, -0.014282, -16.845708, 36.499030, -30.822750,Stair-Up
147610, -0.224243, -1.165406, -0.028076, -22.888180, 28.869624, -27.587884,Stair-Up
147630, -0.231323, -1.050538, -0.052368, -23.864740, 26.428220, -18.493652,Stair-Up
147650, -0.225342, -0.965454, -0.076660, -17.150880, 26.977532, -6.958006,Stair-Up
147670, -0.233521, -0.933960, -0.102173, -11.779784, 33.935560, 9.338380,Stair-Up
147690, -0.203857, -0.926026, -0.112427, -9.033204, 42.114250, 26.428220,Stair-Up
147710, -0.175049, -0.921753, -0.101440, -7.873534, 42.968740, 39.123540,Stair-Up
147730, -0.172363, -0.913940, -0.089722, -7.263182, 42.663560, 49.316400,Stair-Up
147750, -0.126099, -0.943726, -0.082886, -7.385252, 35.461430, 57.861320,Stair-Up
147770, -0.122559, -0.977173, -0.075684, -8.789064, 27.954100, 58.471670,Stair-Up
147790, -0.076172, -1.010254, -0.076538, -11.413570, 17.639160, 59.387200,Stair-Up
147810, -0.075317, -0.998902, -0.082764, -15.075680, 5.615234, 58.349600,Stair-Up
147830, -0.098022, -1.003418, -0.107300, -13.488768, -2.563476, 55.358880,Stair-Up
147850, -0.118774, -1.052490, -0.122559, -13.671872, -8.666994, 50.292960,Stair-Up
147870, -0.139404, -1.100952, -0.131958, -17.517090, -12.145992, 45.288080,Stair-Up
147890, -0.146606, -1.128784, -0.137695, -21.179192, -11.535644, 40.649400,Stair-Up
147910, -0.100098, -1.201782, -0.106567, -21.057124, -13.000484, 35.217290,Stair-Up
147930, -0.053345, -1.364014, -0.048462, -17.211920, -21.606440, 26.733390,Stair-Up
147950, -0.052368, -1.610352, -0.020386, -18.371584, -38.146980, 5.493162,Stair-Up
147970, -0.072510, -1.310303, -0.210571, -58.776840, -60.852040, 2.136231,Stair-Up
147990, -0.051514, -0.790650, -0.354004, -45.043940, -76.049820, -0.305176,Stair-Up
148010, -0.185059, -0.530762, -0.381104, -26.550290, -80.139160, 4.699708,Stair-Up
148030, -0.424072, -0.386108, -0.368042, -12.512204, -51.391590, 13.671872,Stair-Up
148050, -0.536011, -0.467529, -0.313721, 1.342773, -9.582520, 19.348150,Stair-Up
148070, -0.461914, -0.760010, -0.220093, 10.070800, 29.541010, 18.310550,Stair-Up
148090, -0.309692, -1.046143, -0.180176, -4.516602, 61.828600, 22.827140,Stair-Up
148110, -0.016846, -1.146606, -0.182251, -18.554690, 59.265120, 23.437492,Stair-Up
148130, 0.091309, -1.166260, -0.218384, -25.024410, 26.123040, 22.033690,Stair-Up
148150, 0.096802, -1.035034, -0.270386, -28.015130, -13.061520, 20.751950,Stair-Up
148170, 0.074463, -0.859253, -0.305664, -1.342773, -59.570300, 20.507810,Stair-Up
148190, -0.177124, -0.763306, -0.273560, 1.647949, -63.964840, 18.371584,Stair-Up
148210, -0.349487, -0.760742, -0.255737, 3.417968, -48.278800, 11.474608,Stair-Up
148230, -0.492676, -0.752930, -0.242432, 0.183105, -18.188480, -4.821778,Stair-Up
148250, -0.406860, -0.721680, -0.240845, -6.042480, 30.212400, -14.221190,Stair-Up
148270, -0.161255, -0.691040, -0.264404, -9.826660, 62.622060, -13.122556,Stair-Up
148290, -0.063599, -0.674561, -0.254150, -3.967285, 65.368660, -16.174320,Stair-Up
148310, -0.071411, -0.742798, -0.256348, 6.530760, 52.246080, -21.728510,Stair-Up
148330, -0.062012, -0.797363, -0.290405, 10.986324, 32.775880, -29.479976,Stair-Up
148350, -0.065063, -0.801026, -0.305908, 16.235352, 17.333990, -33.996590,Stair-Up
148370, -0.075684, -0.828369, -0.301148, 20.751950, 3.540038, -38.635260,Stair-Up
148390, -0.124756, -0.846680, -0.294678, 20.996090, -5.004884, -42.724600,Stair-Up
148410, -0.162354, -0.858643, -0.297363, 23.193352, -7.141112, -46.997060,Stair-Up
148430, -0.172485, -0.900391, -0.312988, 23.498530, -7.690428, -50.781240,Stair-Up
148450, -0.139282, -0.907104, -0.318970, 20.629880, -11.779784, -53.344720,Stair-Up
148470, -0.139648, -0.891113, -0.317871, 23.376460, -20.080560, -56.213370,Stair-Up
148490, -0.199829, -0.956177, -0.317993, 29.174800, -24.536130, -59.387200,Stair-Up
148510, -0.222656, -1.048828, -0.317993, 29.174800, -23.437492, -61.706540,Stair-Up
148530, -0.202271, -1.120728, -0.299316, 28.503410, -22.094720, -62.072740,Stair-Up
148550, -0.207397, -1.225220, -0.293701, 31.677240, -23.315424, -63.293440,Stair-Up
148570, -0.224121, -1.371338, -0.286743, 33.142100, -21.667476, -62.622060,Stair-Up
148590, -0.208130, -1.464356, -0.272827, 28.015130, -19.470220, -59.020980,Stair-Up
148610, -0.234375, -1.477662, -0.270752, 30.822750, -9.155274, -54.809560,Stair-Up
148630, -0.238892, -1.605835, -0.294312, 34.790040, 11.657712, -49.499500,Stair-Up
148650, -0.196655, -1.677856, -0.326050, 29.907220, 26.489250, -41.198720,Stair-Up
148670, -0.155884, -1.565430, -0.351318, 17.883300, 35.217290, -31.860350,Stair-Up
148690, -0.138428, -1.238648, -0.322388, 5.920409, 39.794920, -13.854978,Stair-Up
148710, -0.165772, -0.905152, -0.255859, 11.291500, 41.564930, 2.441407,Stair-Up
148730, -0.225098, -0.849243, -0.216309, 31.127924, 49.499500, 11.779784,Stair-Up
148750, -0.214233, -1.001831, -0.187256, 29.357908, 64.575200, 21.240230,Stair-Up
148770, -0.155029, -1.042114, -0.168579, 10.559080, 67.443860, 27.404780,Stair-Up
148790, -0.096191, -0.940918, -0.148560, -1.098633, 56.091300, 26.184080,Stair-Up
148810, -0.042358, -0.863404, -0.123779, -6.530760, 37.170420, 25.512690,Stair-Up
148830, -0.036133, -0.809692, -0.096802, -10.803220, 7.873534, 30.761716,Stair-Up
148850, -0.046265, -0.752197, -0.087769, -12.329100, -7.812498, 36.193860,Stair-Up
148870, -0.086792, -0.719238, -0.094360, -10.803220, -17.211920, 40.283200,Stair-Up
148890, -0.128296, -0.723389, -0.106812, -8.239746, -17.639160, 42.602530,Stair-Up
148910, -0.134033, -0.750610, -0.102295, -7.629394, -13.671872, 44.860830,Stair-Up
148930, -0.148926, -0.757324, -0.082886, -9.155274, -7.080076, 45.715320,Stair-Up
148950, -0.148926, -0.773560, -0.067261, -7.507323, 2.929687, 46.325680,Stair-Up
148970, -0.155762, -0.840698, -0.077881, -6.958006, 13.183590, 46.691880,Stair-Up
148990, -0.157593, -0.893799, -0.092651, -10.803220, 24.963376, 47.180160,Stair-Up
149010, -0.106689, -0.904175, -0.083008, -14.587400, 32.043460, 46.142570,Stair-Up
149030, -0.090088, -0.926026, -0.071411, -13.366696, 32.714850, 42.541500,Stair-Up
149050, -0.121460, -0.986572, -0.091187, -14.831540, 35.034180, 34.301760,Stair-Up
149070, -0.081909, -1.016968, -0.104858, -19.165040, 31.738280, 27.954100,Stair-Up
149090, -0.050415, -0.989380, -0.110474, -18.310550, 24.291990, 22.460930,Stair-Up
149110, -0.050293, -0.987915, -0.120117, -14.892576, 16.723632, 18.493652,Stair-Up
149130, -0.077881, -1.019532, -0.135376, -12.756344, 13.183590, 15.075680,Stair-Up
149150, -0.069214, -1.040284, -0.125366, -14.892576, 9.094240, 11.596676,Stair-Up
149170, -0.054321, -1.029175, -0.124268, -13.916012, 1.220704, 5.981444,Stair-Up
149190, -0.078369, -1.040284, -0.149536, -9.155274, -2.746581, 0.854492,Stair-Up
149210, -0.070923, -1.103516, -0.168701, -4.882814, -2.319336, -3.112792,Stair-Up
149230, -0.041870, -1.186158, -0.176025, -1.953124, -3.723144, -8.666994,Stair-Up
149250, -0.067993, -1.257568, -0.179565, -2.624511, -5.615234, -14.221190,Stair-Up
149270, -0.089966, -1.403686, -0.160645, -0.122070, -6.042480, -28.015130,Stair-Up
149290, -0.034790, -1.513428, -0.151733, -5.371092, -16.296390, -38.696300,Stair-Up
149310, 0.071655, -1.490845, -0.175171, -10.314940, -37.109380, -44.433580,Stair-Up
149330, 0.086426, -1.429688, -0.200928, -11.230468, -61.462400, -45.837400,Stair-Up
149350, -0.007690, -1.314454, -0.183960, -17.761230, -72.143560, -39.489750,Stair-Up
149370, -0.074951, -1.117554, -0.199707, -23.986810, -74.462900, -33.630380,Stair-Up
149390, -0.158325, -0.914429, -0.229980, -23.132320, -65.612800, -26.062010,Stair-Up
149410, -0.177490, -0.827148, -0.248413, -14.038084, -46.081540, -18.981940,Stair-Up
149430, -0.165894, -0.898438, -0.227539, -6.896972, -26.000970, -15.686032,Stair-Up
149450, -0.139160, -0.999268, -0.197510, -12.878416, -11.047360, -13.061520,Stair-Up
149470, -0.074585, -0.956909, -0.187378, -21.911620, -10.925290, -13.061520,Stair-Up
149490, -0.015015, -0.806030, -0.173462, -22.766110, -29.479976, -13.793944,Stair-Up
149510, 0.001465, -0.676880, -0.174927, -19.592290, -45.471180, -10.314940,Stair-Up
149530, -0.058472, -0.587402, -0.188232, -9.887696, -55.541980, -9.704590,Stair-Up
149550, -0.122070, -0.579346, -0.201904, -3.051757, -54.687490, -9.765626,Stair-Up
149570, -0.179321, -0.584473, -0.202271, -2.380371, -48.095700, -10.803220,Stair-Up
149590, -0.234985, -0.565552, -0.200562, -3.173828, -38.208020, -14.099120,Stair-Up
149610, -0.228394, -0.553223, -0.188965, -3.295898, -26.184080, -15.258788,Stair-Up
149630, -0.169556, -0.545288, -0.170288, -3.234863, -17.944340, -12.939450,Stair-Up
149650, -0.137695, -0.571411, -0.165649, 1.586914, -16.784670, -11.108396,Stair-Up
149670, -0.172974, -0.679688, -0.192505, 8.789064, -16.601568, -12.207030,Stair-Up
149690, -0.169067, -0.805786, -0.218018, 9.460450, -16.845708, -14.587400,Stair-Up
149710, -0.130859, -0.903442, -0.220581, 8.361816, -26.123040, -20.874020,Stair-Up
149730, -0.162598, -0.930664, -0.195190, 8.239746, -30.456540, -23.376460,Stair-Up
149750, -0.199829, -0.943848, -0.192993, 8.789064, -27.404780, -24.658200,Stair-Up
149770, -0.202515, -0.954468, -0.218628, 10.803220, -22.949216, -25.573724,Stair-Up
149790, -0.195801, -0.958496, -0.254883, 12.817380, -19.348150, -26.062010,Stair-Up
149810, -0.218506, -0.959717, -0.266602, 14.709470, -14.282224, -24.353020,Stair-Up
149830, -0.223633, -0.948364, -0.253296, 16.174320, -6.713866, -21.667476,Stair-Up
149850, -0.211670, -0.943726, -0.238281, 17.272950, 1.159668, -16.540530,Stair-Up
149870, -0.199707, -0.938965, -0.248413, 18.188480, 7.446288, -10.253904,Stair-Up
149890, -0.179932, -0.947754, -0.244995, 19.409180, 9.643556, -4.943848,Stair-Up
149910, -0.154419, -1.000000, -0.233154, 23.376460, 7.995604, -1.220704,Stair-Up
149930, -0.122925, -1.107666, -0.209839, 25.085448, 1.159668, 4.821778,Stair-Up
149950, -0.134277, -1.189454, -0.195923, 30.578610, -4.821778, 4.943848,Stair-Up
149970, -0.138672, -1.368774, -0.158081, 42.663560, -7.629394, 0.976562,Stair-Up
149990, -0.141113, -1.648438, -0.098999, 45.532220, -10.986324, -6.469726,Stair-Up
150010, -0.185303, -1.736816, -0.157227, 30.761716, -10.986324, -13.244628,Stair-Up
150030, -0.189453, -1.570923, -0.214722, 25.207516, -3.051757, -13.244628,Stair-Up
150050, -0.187988, -1.415528, -0.236328, 26.977532, 11.169430, -9.582520,Stair-Up
150070, -0.278564, -1.265870, -0.208252, 20.385740, 39.001470, 4.150392,Stair-Up
150090, -0.308106, -1.084351, -0.164185, 14.404296, 68.176280, 16.845708,Stair-Up
150110, -0.265869, -1.029541, -0.119019, 21.240230, 86.181620, 22.888180,Stair-Up
150130, -0.185913, -1.107544, -0.091431, 17.944340, 92.895500, 26.977532,Stair-Up
150150, -0.085327, -0.987061, -0.089233, 3.295898, 80.993640, 34.301760,Stair-Up
150170, -0.101563, -0.881470, -0.077881, 4.455568, 66.955580, 34.118660,Stair-Up
150190, -0.134033, -0.800904, -0.063721, 1.770019, 59.692380, 36.743170,Stair-Up
150210, -0.166504, -0.698120, -0.066162, 0.000000, 57.556140, 38.635260,Stair-Up
150230, -0.187256, -0.627808, -0.059570, 0.793457, 61.767570, 41.259760,Stair-Up
150250, -0.173706, -0.591797, -0.046143, 0.122070, 69.946300, 44.067380,Stair-Up
150270, -0.173828, -0.587036, -0.035645, -0.793457, 77.331540, 46.447740,Stair-Up
150290, -0.166748, -0.613648, -0.029907, -1.831054, 81.726060, 45.471180,Stair-Up
150310, -0.132446, -0.673218, -0.017212, -3.234863, 81.115700, 41.748040,Stair-Up
150330, -0.105225, -0.739746, 0.001221, -6.652830, 75.134300, 36.560060,Stair-Up
150350, -0.092651, -0.809692, 0.012207, -8.239746, 65.490740, 28.198240,Stair-Up
150370, -0.070313, -0.958618, -0.010132, -7.751464, 46.264640, 11.108396,Stair-Up
150390, -0.056152, -1.044678, -0.019897, -10.437010, 31.738280, 0.793457,Stair-Up
150410, -0.062988, -1.075806, -0.010376, -15.441892, 17.883300, -6.896972,Stair-Up
150430, -0.088867, -1.073486, -0.006104, -15.930172, 6.958006, -13.916012,Stair-Up
150450, -0.093506, -1.082520, -0.012451, -16.052250, -2.014160, -18.676760,Stair-Up
150470, -0.115601, -1.055786, -0.022461, -16.723632, -7.446288, -19.714360,Stair-Up
150490, -0.134644, -1.016968, -0.022583, -15.258788, -7.324218, -18.066410,Stair-Up
150510, -0.099854, -0.975830, -0.042603, -10.498044, -9.155274, -15.686032,Stair-Up
150530, -0.139282, -0.988648, -0.073242, -2.929687, -5.615234, -10.742184,Stair-Up
150550, -0.143921, -1.057007, -0.088257, 0.793457, 3.845214, -5.004884,Stair-Up
150570, -0.135986, -1.119751, -0.086914, 1.220704, 12.390136, -1.525878,Stair-Up
150590, -0.090820, -1.200806, -0.089722, 2.502442, 18.310550, -0.366211,Stair-Up
150610, -0.094116, -1.313843, -0.098267, 4.638672, 17.883300, -2.990722,Stair-Up
150630, -0.069336, -1.490723, -0.082031, 5.615234, 15.991210, -7.873534,Stair-Up
150650, 0.015259, -1.618042, -0.071167, -7.324218, 3.784179, -13.549804,Stair-Up
150670, 0.033691, -1.574952, -0.093750, -17.150880, -13.671872, -16.662600,Stair-Up
150690, 0.022217, -1.472412, -0.110596, -22.277830, -31.799310, -19.409180,Stair-Up
150710, 0.045410, -1.288452, -0.108887, -25.573724, -50.781240, -17.150880,Stair-Up
150730, 0.033447, -1.101929, -0.138428, -20.385740, -63.659660, -12.329100,Stair-Up
150750, 0.044067, -0.986816, -0.156494, -16.235352, -69.458020, -5.493162,Stair-Up
150770, 0.044678, -0.849610, -0.181397, -15.930172, -68.542500, -0.061035,Stair-Up
150790, 0.000488, -0.754639, -0.189697, -5.859374, -61.340320, 1.220704,Stair-Up
150810, -0.019897, -0.897339, -0.161133, 1.586914, -45.043940, -6.774902,Stair-Up
150830, 0.007324, -0.896484, -0.127075, -9.277344, -37.292480, -9.277344,Stair-Up
150850, 0.005859, -0.802979, -0.101440, -12.207030, -36.438000, -15.258788,Stair-Up
150870, 0.005249, -0.729248, -0.087036, -10.314940, -40.649400, -20.996090,Stair-Up
150890, -0.019165, -0.657349, -0.101440, -5.920409, -46.386710, -25.024410,Stair-Up
150910, -0.065308, -0.626709, -0.120850, 1.281738, -50.231920, -29.418940,Stair-Up
150930, -0.048706, -0.633179, -0.100464, 5.126952, -55.908200, -31.555170,Stair-Up
150950, -0.076416, -0.617432, -0.066772, 6.469726, -65.979020, -34.606940,Stair-Up
150970, -0.152954, -0.595337, -0.065186, 10.498044, -68.908700, -35.949720,Stair-Up
150990, -0.207397, -0.634400, -0.084473, 15.991210, -62.927240, -39.062500,Stair-Up
151010, -0.146973, -0.711914, -0.080688, 16.540530, -57.983390, -39.794920,Stair-Up
151030, -0.137939, -0.778076, -0.055908, 16.113284, -64.514160, -40.344230,Stair-Up
151050, -0.223633, -0.832276, -0.086182, 17.578130, -64.697280, -44.494620,Stair-Up
151070, -0.227539, -0.900879, -0.140869, 18.371584, -62.377920, -48.828120,Stair-Up
151090, -0.180054, -0.970459, -0.142456, 16.784670, -68.725600, -54.382320,Stair-Up
151110, -0.157227, -0.988526, -0.127686, 14.831540, -82.702620, -55.419910,Stair-Up
151130, -0.285889, -1.025146, -0.164429, 17.272950, -84.472640, -56.945790,Stair-Up
151150, -0.355713, -1.058716, -0.187256, 11.352536, -64.941420, -49.133290,Stair-Up
151170, -0.272217, -1.029541, -0.188232, 6.103514, -52.734360, -40.466300,Stair-Up
151190, -0.274780, -0.975464, -0.200684, 8.789064, -53.710930, -30.090330,Stair-Up
151210, -0.334351, -0.983887, -0.215454, 12.084960, -49.926750, -18.615724,Stair-Up
151230, -0.266968, -0.983032, -0.209229, 10.681150, -44.128410, -11.901852,Stair-Up
151250, -0.304199, -0.951660, -0.176514, 14.221190, -38.940440, 1.525878,Stair-Up
151270, -0.389526, -0.995850, -0.169922, 16.052250, -28.564450, 9.765626,Stair-Up
151290, -0.395752, -1.057373, -0.145630, 15.136716, -16.662600, 10.437010,Stair-Up
151310, -0.364014, -1.153198, -0.143433, 18.127448, -6.896972, 12.695310,Stair-Up
151330, -0.305054, -1.347534, -0.137207, 21.240230, -3.662109, 10.437010,Stair-Up
151350, -0.272949, -1.496094, -0.097046, 9.887696, -2.929687, 15.014646,Stair-Up
151370, -0.276001, -1.443848, -0.129272, 1.647949, -1.464844, 19.287110,Stair-Up
151390, -0.207153, -1.413452, -0.151855, 10.559080, 0.915527, 23.254390,Stair-Up
151410, -0.170166, -1.507812, -0.136963, 13.488768, 0.549316, 33.386240,Stair-Up
151430, -0.286621, -1.505249, -0.124390, 3.845214, 4.516602, 42.663560,Stair-Up
151450, -0.368408, -1.411866, -0.116211, 0.915527, 19.958500, 44.982900,Stair-Up
151470, -0.293213, -1.292358, -0.098022, -3.173828, 50.659170, 51.757800,Stair-Up
151490, -0.273316, -1.187134, -0.091553, -4.882814, 68.847660, 57.861320,Stair-Up
151510, -0.285278, -1.161377, -0.045654, 0.976562, 85.815400, 60.363760,Stair-Up
151530, -0.267822, -1.223877, 0.008667, 2.929687, 104.187000, 60.119620,Stair-Up
151550, -0.241943, -1.256226, 0.035889, -4.150392, 123.352040, 63.720700,Stair-Up
151570, -0.162964, -1.211914, 0.048096, -11.352536, 135.437040, 67.993180,Stair-Up
151590, -0.058838, -1.100586, 0.049561, -18.127448, 135.192900, 73.730480,Stair-Up
151610, -0.013672, -0.936157, 0.036621, -18.127448, 126.953100, 79.284680,Stair-Up
151630, -0.023315, -0.799561, 0.051392, -13.000484, 114.074700, 83.679180,Stair-Up
151650, -0.048340, -0.711426, 0.061646, -6.286620, 100.341780, 85.449200,Stair-Up
151670, -0.084351, -0.677246, 0.081299, -2.685546, 90.515120, 85.021960,Stair-Up
151690, -0.079956, -0.616211, 0.089600, -3.906249, 80.749500, 82.702620,Stair-Up
151710, -0.063232, -0.566772, 0.075684, -6.286620, 70.373540, 78.735360,Stair-Up
151730, -0.081787, -0.512940, 0.073120, -3.723144, 60.913080, 72.753920,Stair-Up
151750, -0.105469, -0.555786, 0.089111, 3.112792, 54.504380, 64.147960,Stair-Up
151770, -0.091309, -0.635132, 0.101074, 2.380371, 51.147450, 56.335440,Stair-Up
151790, -0.067871, -0.704224, 0.114014, 1.525878, 44.799800, 46.020500,Stair-Up
151810, -0.050171, -0.775635, 0.097534, 3.234863, 36.865240, 31.982420,Stair-Up
151830, -0.056763, -0.890991, 0.054688, 6.591796, 30.334470, 17.883300,Stair-Up
151850, -0.088867, -0.974365, 0.025146, 1.403808, 20.141600, 0.854492,Stair-Up
151870, -0.092529, -0.976807, 0.014160, -0.488281, 10.192870, -18.615724,Stair-Up
151890, -0.082031, -0.994995, 0.018799, 4.333496, -0.610352, -35.644540,Stair-Up
151910, -0.013428, -1.133667, -0.011230, 12.756344, -17.944340, -55.297840,Stair-Up
151930, 0.032104, -1.151246, -0.033203, 8.728030, -33.386240, -64.209000,Stair-Up
151950, -0.032715, -1.162354, -0.086182, 18.493652, -50.659170, -70.434580,Stair-Up
151970, -0.173096, -1.319092, -0.119995, 24.841304, -49.133290, -85.205060,Stair-Up
151990, -0.065674, -1.568360, -0.058105, 30.151360, -35.949720, -86.120600,Stair-Up
152010, -0.021729, -1.719238, -0.002441, 9.216310, -44.860830, -90.209940,Stair-Up
152030, -0.077393, -1.548218, -0.022339, -2.807617, -58.410640, -96.496560,Stair-Up
152050, -0.200073, -1.434936, -0.101929, 1.464844, -60.363760, -103.088360,Stair-Up
152070, -0.209961, -1.356934, -0.176636, -1.586914, -53.344720, -102.416960,Stair-Up
152090, -0.185669, -1.199463, -0.231812, -6.713866, -51.513660, -97.900360,Stair-Up
152110, -0.227295, -1.029175, -0.251831, -1.464844, -50.292960, -91.796860,Stair-Up
152131, -0.314453, -1.008667, -0.226685, 7.446288, -23.376460, -72.692880,Stair-Up
152151, -0.204468, -1.036133, -0.201660, 1.281738, -6.530760, -58.166500,Stair-Up
152171, -0.089111, -0.983276, -0.187622, -3.540038, -10.131832, -42.358390,Stair-Up
152191, -0.044434, -0.917236, -0.169556, -4.394532, -29.602044, -26.489250,Stair-Up
152211, -0.103027, -0.812378, -0.172974, -0.854492, -58.898920, -17.822270,Stair-Up
152231, -0.200806, -0.746338, -0.164551, 2.136231, -65.612800, -5.493162,Stair-Up
152251, -0.222168, -0.660522, -0.172852, 2.990722, -65.673840, 2.014160,Stair-Up
152271, -0.274048, -0.610596, -0.175903, 6.347656, -63.476560, 4.089356,Stair-Up
152291, -0.291992, -0.592774, -0.158203, 6.347656, -53.344720, 7.141112,Stair-Up
152311, -0.303711, -0.561890, -0.150513, 1.281738, -39.184580, 12.207030,Stair-Up
152331, -0.244019, -0.520020, -0.148804, 0.610352, -29.174800, 14.282224,Stair-Up
152351, -0.203613, -0.550171, -0.131104, 0.305176, -31.433100, 10.681150,Stair-Up
152371, -0.178467, -0.591064, -0.127441, 0.244141, -34.729010, 8.117676,Stair-Up
152391, -0.179688, -0.668213, -0.125244, 2.258301, -38.452160, 3.479003,Stair-Up
152411, -0.244019, -0.803223, -0.120361, 5.371092, -39.001470, -2.258301,Stair-Up
152431, -0.197144, -0.954102, -0.087402, 2.319336, -41.687000, -8.789064,Stair-Up
152451, -0.182129, -1.044068, -0.070923, 2.014160, -52.612300, -16.357424,Stair-Up
152471, -0.290894, -1.156250, -0.120972, 4.272462, -55.358880, -25.878900,Stair-Up
152491, -0.234741, -1.175049, -0.212402, -6.530760, -50.231920, -28.991692,Stair-Up
152511, -0.133423, -1.043213, -0.244141, -7.202148, -57.373040, -25.512690,Stair-Up
152531, -0.153076, -1.021118, -0.217407, 10.253904, -69.335940, -20.202630,Stair-Up
152551, -0.459961, -1.203980, -0.161621, 19.470220, -51.330560, -4.882814,Stair-Up
152571, -0.488770, -1.277710, -0.161377, 18.798830, -12.084960, 6.225584,Stair-Up
152591, -0.360230, -1.449707, -0.152222, 33.874520, 12.329100, 15.747068,Stair-Up
152611, -0.262940, -1.690064, -0.151367, 31.616208, 12.512204, 26.184080,Stair-Up
152631, -0.284302, -1.680542, -0.180664, 22.888180, 12.695310, 41.503900,Stair-Up
152651, -0.360840, -1.573364, -0.184448, 20.935052, 20.996090, 56.274400,Stair-Up
152671, -0.346314, -1.390992, -0.178101, 16.174320, 27.465816, 64.086940,Stair-Up
152691, -0.369263, -1.171875, -0.183228, 14.648436, 33.691410, 73.181160,Stair-Up
152711, -0.439331, -0.982178, -0.144653, 19.714360, 46.691880, 76.477060,Stair-Up
152731, -0.473999, -1.011719, -0.105591, 30.578610, 64.819340, 77.148440,Stair-Up
152751, -0.421143, -1.149170, -0.066528, 28.930660, 85.388160, 73.547360,Stair-Up
152771, -0.294312, -1.129272, -0.012573, 11.718748, 99.365220, 70.373540,Stair-Up
152791, -0.273438, -1.060059, -0.006714, 8.300784, 98.632800, 65.002440,Stair-Up
152811, -0.213135, -0.974610, -0.001587, 3.112792, 94.665500, 63.476560,Stair-Up
152831, -0.177490, -0.878052, 0.019287, -2.197266, 83.374000, 63.049300,Stair-Up
152851, -0.170044, -0.775635, 0.041626, -6.164550, 71.044940, 62.072740,Stair-Up
152871, -0.189331, -0.712158, 0.040161, -7.568358, 61.401360, 61.096180,Stair-Up
152891, -0.207764, -0.682862, 0.033325, -9.765626, 57.495110, 58.410640,Stair-Up
152911, -0.166992, -0.654785, 0.027954, -13.549804, 55.175770, 57.617180,Stair-Up
152931, -0.147339, -0.612061, 0.017334, -14.831540, 46.508780, 54.138180,Stair-Up
152951, -0.160400, -0.600586, 0.007568, -11.169430, 40.588370, 49.255360,Stair-Up
152971, -0.132324, -0.638062, 0.013184, -9.704590, 37.048340, 44.006340,Stair-Up
152991, -0.112427, -0.691406, 0.013672, -8.117676, 32.470710, 37.109380,Stair-Up
153011, -0.072998, -0.718018, 0.019775, -10.559080, 27.893060, 31.127924,Stair-Up
153031, -0.065308, -0.742432, 0.014526, -6.347656, 22.644040, 24.963376,Stair-Up
153051, -0.067749, -0.848999, -0.009033, -0.305176, 19.287110, 16.723632,Stair-Up
153071, -0.021973, -0.976807, -0.001221, -1.159668, 12.878416, 8.361816,Stair-Up
153091, -0.037109, -1.065308, 0.020264, -1.770019, 3.479003, -4.394532,Stair-Up
153111, -0.113403, -1.154297, 0.004517, -1.953124, -0.732422, -19.592290,Stair-Up
153131, -0.153320, -1.227906, -0.023560, -1.647949, 2.258301, -36.926280,Stair-Up
153151, -0.083862, -1.297242, -0.035156, -5.676268, 6.774902, -53.833000,Stair-Up
153171, 0.075073, -1.336182, -0.037720, -5.981444, 2.563476, -56.274400,Stair-Up
153191, 0.058228, -1.435669, -0.062622, -1.770019, -18.737796, -61.523430,Stair-Up
153211, -0.147949, -1.505860, -0.110840, -5.432128, -45.410140, -79.467800,Stair-Up
153231, -0.192261, -1.459228, -0.146118, -6.713866, -61.706540, -98.266580,Stair-Up
153251, -0.192261, -1.344116, -0.179565, -10.131832, -72.814940, -113.098120,Stair-Up
153271, -0.212036, -1.149170, -0.203735, -15.136716, -72.814940, -115.966780,Stair-Up
153291, -0.279419, -0.988892, -0.230835, -8.728030, -60.791000, -106.567360,Stair-Up
153311, -0.338623, -0.962036, -0.246094, 0.000000, -38.696300, -101.074200,Stair-Up
153331, -0.312866, -0.986694, -0.262329, -0.976562, -15.991210, -90.026840,Stair-Up
153351, -0.244141, -0.964356, -0.259155, -1.464844, -7.080076, -81.970200,Stair-Up
153371, -0.200806, -0.939942, -0.203613, -2.685546, -11.779784, -75.744640,Stair-Up
153391, -0.169556, -0.862915, -0.127075, -6.408690, -15.991210, -64.209000,Stair-Up
153411, -0.138550, -0.748535, -0.107544, -7.446288, -17.211920, -47.973620,Stair-Up
153431, -0.136719, -0.639771, -0.167480, 2.014160, -23.254390, -27.954100,Stair-Up
153451, -0.112915, -0.633423, -0.187012, 6.042480, -32.470710, -19.836430,Stair-Up
153471, -0.126465, -0.613037, -0.163086, 9.033204, -47.058100, -16.784670,Stair-Up
153491, -0.179688, -0.600830, -0.121826, 10.253904, -59.448240, -19.531250,Stair-Up
153511, -0.217163, -0.621216, -0.106567, 14.465330, -56.579580, -17.578130,Stair-Up
153531, -0.164307, -0.689697, -0.104004, 12.939450, -50.659170, -15.319820,Stair-Up
153551, -0.119629, -0.721558, -0.122192, 10.192870, -54.016100, -14.465330,Stair-Up
153571, -0.197876, -0.782593, -0.174316, 17.883300, -59.326160, -19.165040,Stair-Up
153591, -0.268066, -0.973755, -0.238770, 25.390620, -59.143060, -29.541010,Stair-Up
153611, -0.231689, -1.193482, -0.213867, 19.226080, -57.861320, -36.438000,Stair-Up
153631, -0.166016, -1.267822, -0.169678, 6.591796, -65.612800, -42.358390,Stair-Up
153651, -0.230225, -1.237427, -0.184692, 3.051757, -71.716320, -43.701160,Stair-Up
153671, -0.235962, -1.248902, -0.205200, 0.183105, -71.228040, -37.475590,Stair-Up
153691, -0.262573, -1.201782, -0.234131, 2.380371, -74.462900, -31.555170,Stair-Up
153711, -0.275635, -1.205322, -0.240112, 7.751464, -74.157740, -23.559568,Stair-Up
153731, -0.306396, -1.213501, -0.220215, 12.084960, -65.246600, -13.122556,Stair-Up
153751, -0.319214, -1.326050, -0.182007, 23.132320, -47.363270, -5.004884,Stair-Up
153771, -0.308228, -1.508545, -0.159546, 18.371584, -28.442380, 2.258301,Stair-Up
153791, -0.287598, -1.461548, -0.167969, 4.760742, -14.770504, 5.249022,Stair-Up
153811, -0.325806, -1.332886, -0.190674, 2.441407, 0.061035, 8.056642,Stair-Up
153831, -0.326294, -1.162598, -0.187500, -2.990722, 22.277830, 15.624996,Stair-Up
153851, -0.318482, -1.000122, -0.146729, -2.075196, 43.090810, 23.010250,Stair-Up
153871, -0.276001, -1.032593, -0.063965, 3.417968, 74.462900, 35.888680,Stair-Up
153891, -0.214966, -1.090576, -0.026245, -2.990722, 86.669900, 44.616690,Stair-Up
153911, -0.154541, -1.094849, 0.001221, -10.253904, 89.050260, 49.926750,Stair-Up
153931, -0.091431, -1.091064, 0.024048, -11.352536, 83.312960, 53.955070,Stair-Up
153951, -0.066772, -1.099366, 0.038086, -14.648436, 73.425300, 57.067860,Stair-Up
153971, -0.058350, -1.032593, 0.035645, -18.798830, 63.171380, 60.241690,Stair-Up
153991, -0.057861, -0.903564, 0.031494, -20.080560, 54.870600, 64.147960,Stair-Up
154011, -0.055542, -0.764893, 0.027710, -18.249516, 48.828120, 69.519040,Stair-Up
154031, -0.098877, -0.656616, 0.022583, -13.183590, 46.325680, 73.913600,Stair-Up
154051, -0.139771, -0.603516, 0.018555, -7.873534, 48.522940, 75.073240,Stair-Up
154071, -0.145508, -0.587280, 0.022095, -5.493162, 53.466780, 74.646000,Stair-Up
154091, -0.156616, -0.603272, 0.042480, -3.723144, 61.279280, 71.350100,Stair-Up
154111, -0.171387, -0.656860, 0.055908, -1.342773, 69.335940, 65.368660,Stair-Up
154131, -0.134888, -0.759888, 0.058105, 1.159668, 79.223640, 59.509270,Stair-Up
154151, -0.086426, -0.865479, 0.020264, 0.976562, 80.017100, 49.621580,Stair-Up
154171, -0.100952, -0.952393, -0.036255, 2.624511, 78.063980, 36.499030,Stair-Up
154191, -0.079224, -1.061646, -0.040405, 2.624511, 72.570800, 21.972650,Stair-Up
154211, -0.072022, -1.154175, 0.001343, -1.464844, 62.438960, 8.972170,Stair-Up
154231, -0.079590, -1.161866, 0.032349, -7.324218, 53.039540, -4.089356,Stair-Up
154251, -0.017456, -1.114136, 0.011597, -10.253904, 37.780760, -12.451170,Stair-Up
154271, 0.000610, -1.069092, -0.047852, -4.089356, 19.836430, -16.235352,Stair-Up
154291, -0.033569, -1.104126, -0.087036, 1.037598, 10.803220, -15.075680,Stair-Up
154311, -0.078003, -1.130371, -0.088135, 4.150392, 4.516602, -12.817380,Stair-Up
154331, -0.119141, -1.252076, -0.117310, 11.779784, 6.835936, -14.282224,Stair-Up
154351, -0.074219, -1.430664, -0.080444, 8.422854, 10.925290, -15.930172,Stair-Up
154371, 0.079834, -1.511719, -0.016724, -7.324218, 15.319820, -15.502928,Stair-Up
154391, 0.141480, -1.404786, -0.067383, -17.944340, 10.803220, -2.014160,Stair-Up
154411, -0.064819, -1.341675, -0.203613, -12.390136, 5.981444, -0.305176,Stair-Up
154431, -0.150269, -1.335572, -0.243042, -18.920900, -4.211426, -2.563476,Stair-Up
154451, -0.043213, -1.112061, -0.267700, -23.071284, -40.039070, -14.160152,Stair-Up
154471, -0.135498, -0.882812, -0.308472, -14.038084, -66.711440, -19.165040,Stair-Up
154491, -0.197632, -0.776245, -0.344482, -3.173828, -60.852040, -13.427732,Stair-Up
154511, -0.180420, -0.782959, -0.355347, 2.319336, -44.494620, -0.122070,Stair-Up
154531, -0.225464, -0.890503, -0.351685, 2.075196, -35.034180, -2.685546,Stair-Up
154551, -0.260498, -0.925049, -0.346069, -2.441407, -24.841304, -8.361816,Stair-Up
154571, -0.175171, -0.880615, -0.336914, -7.934570, -20.324700, -10.314940,Stair-Up
154591, -0.092407, -0.791138, -0.325684, -7.446288, -26.306150, -11.596676,Stair-Up
154611, -0.099487, -0.713501, -0.322876, -5.187988, -34.057620, -9.887696,Stair-Up
154631, -0.134522, -0.636841, -0.295898, -3.417968, -38.696300, -8.911134,Stair-Up
154651, -0.196533, -0.588135, -0.266480, -0.976562, -37.902840, -10.864256,Stair-Up
154671, -0.235962, -0.552734, -0.267822, 0.305176, -30.517570, -13.793944,Stair-Up
154691, -0.229004, -0.543945, -0.284668, -0.366211, -18.859868, -13.061520,Stair-Up
154711, -0.206543, -0.530029, -0.256592, -2.258301, -8.728030, -11.352536,Stair-Up
154731, -0.158569, -0.558106, -0.222168, 0.000000, -2.868652, -6.958006,Stair-Up
154751, -0.157105, -0.687500, -0.215698, 2.380371, -6.408690, -8.361816,Stair-Up
154771, -0.124390, -0.771851, -0.232300, 4.150392, -16.357424, -12.634276,Stair-Up
154791, -0.119141, -0.842896, -0.226440, 7.873534, -28.747552, -19.714360,Stair-Up
154831, -0.173828, -0.999878, -0.211670, 10.681150, -43.212880, -32.470710,Stair-Up
154851, -0.165405, -1.031982, -0.202759, 9.521484, -47.607410, -37.658700,Stair-Up
154871, -0.184692, -1.041382, -0.209595, 12.390136, -51.330560, -42.724600,Stair-Up
154891, -0.183838, -1.063965, -0.223511, 13.183590, -51.818840, -44.921860,Stair-Up
154911, -0.185059, -1.033936, -0.233032, 12.817380, -53.344720, -44.860830,Stair-Up
154931, -0.205444, -1.008057, -0.240234, 18.371584, -55.358880, -45.959460,Stair-Up
154951, -0.236938, -1.065064, -0.238159, 24.963376, -52.734360, -46.997060,Stair-Up
154971, -0.235230, -1.303467, -0.207886, 33.752440, -55.725090, -48.156730,Stair-Up
154991, -0.231323, -1.511353, -0.179443, 36.071780, -64.880380, -53.833000,Stair-Up
155011, -0.269531, -1.671875, -0.161987, 26.489250, -61.035140, -51.574700,Stair-Up
155031, -0.251709, -1.627198, -0.179321, 10.864256, -52.185050, -44.372550,Stair-Up
155051, -0.285645, -1.409546, -0.223633, 2.807617, -40.649400, -35.217290,Stair-Up
155071, -0.344971, -1.186158, -0.251709, 4.028321, -19.592290, -23.559568,Stair-Up
155091, -0.348145, -1.055054, -0.243530, 8.666994, 5.554198, -9.765626,Stair-Up
155111, -0.336182, -1.011108, -0.202148, 11.047360, 28.015130, 3.479003,Stair-Up
155131, -0.293213, -1.015503, -0.136719, 10.375976, 44.128410, 14.709470,Stair-Up
155151, -0.217529, -1.050782, -0.090088, 8.728030, 53.466780, 27.038570,Stair-Up
155171, -0.191528, -1.075928, -0.058594, -3.662109, 52.490220, 43.090810,Stair-Up
155191, -0.147949, -0.982666, -0.045532, -7.446288, 46.936020, 51.208480,Stair-Up
155211, -0.131714, -0.918579, -0.059937, -6.469726, 37.597660, 56.823720,Stair-Up
155231, -0.130615, -0.880982, -0.069580, -3.417968, 28.686520, 60.974110,Stair-Up
155251, -0.149536, -0.847290, -0.071777, -0.610352, 22.033690, 64.697280,Stair-Up
155271, -0.172363, -0.818604, -0.074219, 2.136231, 18.859868, 66.040040,Stair-Up
155291, -0.181519, -0.787232, -0.048462, 3.662109, 19.531250, 65.185560,Stair-Up
155311, -0.220947, -0.738648, -0.028931, 3.479003, 28.198240, 66.406260,Stair-Up
155331, -0.243164, -0.737061, -0.011963, 2.136231, 42.480460, 69.274900,Stair-Up
155351, -0.139038, -0.727417, 0.017700, -1.037598, 42.175280, 67.138680,Stair-Up
155371, -0.115723, -0.689820, 0.021851, -0.793457, 28.625480, 56.945790,Stair-Up
155391, -0.199097, -0.693237, 0.034180, 0.122070, 35.217290, 45.227040,Stair-Up
155411, -0.205078, -0.738404, 0.036377, -3.601074, 47.241200, 37.292480,Stair-Up
155431, -0.191284, -0.761719, 0.017212, -6.408690, 50.231920, 27.038570,Stair-Up
155451, -0.177002, -0.810303, 0.006226, -4.943848, 49.804680, 15.441892,Stair-Up
155471, -0.158569, -0.868896, -0.000488, -6.530760, 47.973620, 2.624511,Stair-Up
155491, -0.163696, -0.900391, -0.010132, -7.568358, 46.325680, -7.873534,Stair-Up
155511, -0.146362, -0.911377, -0.019897, -8.117676, 41.687000, -19.409180,Stair-Up
155531, -0.121582, -0.912476, -0.032227, -5.065916, 32.226570, -28.320310,Stair-Up
155551, -0.075195, -0.926026, -0.053223, 1.647949, 15.686032, -36.315920,Stair-Up
155571, -0.024536, -0.951782, -0.081177, 6.591796, -9.826660, -38.757330,Stair-Up
155591, -0.072510, -0.954102, -0.077759, 10.314940, -32.348640, -41.564930,Stair-Up
155611, -0.176147, -0.964722, -0.051758, 8.239746, -33.081060, -34.851080,Stair-Up
155631, -0.224487, -0.985962, -0.086060, 8.850100, -29.602044, -34.790040,Stair-Up
155651, -0.250244, -1.010498, -0.095581, 2.258301, -20.568840, -34.423840,Stair-Up
155671, -0.216553, -0.979736, -0.106323, -1.220704, -12.023924, -31.799310,Stair-Up
155691, -0.258301, -1.017456, -0.133545, 1.220704, -0.244141, -29.846190,Stair-Up
155711, -0.229248, -1.133667, -0.133667, -0.305176, 11.413570, -28.930660,Stair-Up
155731, -0.133057, -1.276368, -0.088623, 0.305176, 10.131832, -29.846190,Stair-Up
155751, -0.069824, -1.459839, -0.041870, -2.685546, -2.990722, -31.555170,Stair-Up
155771, -0.010986, -1.480713, -0.061279, -20.080560, -24.780270, -31.738280,Stair-Up
155791, -0.066772, -1.216309, -0.148071, -29.724120, -43.884270, -29.602044,Stair-Up
155811, -0.141724, -1.013916, -0.188965, -14.953610, -54.504380, -28.625480,Stair-Up
155831, -0.284180, -1.020264, -0.167603, -5.737304, -58.959950, -29.052730,Stair-Up
155851, -0.331909, -0.947754, -0.152832, -14.892576, -41.503900, -25.878900,Stair-Up
155871, -0.255737, -0.796875, -0.161987, -15.563964, -19.836430, -14.953610,Stair-Up
155891, -0.192383, -0.743652, -0.175293, -5.493162, -7.324218, -4.577638,Stair-Up
155911, -0.160767, -0.820068, -0.183594, 2.014160, -2.624511, 4.943848,Stair-Up
155931, -0.134277, -0.895264, -0.171875, 3.051757, -8.422854, 8.178714,Stair-Up
155951, -0.143921, -0.926392, -0.154297, 5.004884, -18.310550, 6.652830,Stair-Up
155971, -0.160767, -0.960571, -0.152222, 6.530760, -22.521970, 4.760742,Stair-Up
155991, -0.144409, -0.935791, -0.170898, 2.624511, -24.414060, 5.676268,Stair-Up
156011, -0.127686, -0.852173, -0.187012, 4.577638, -28.015130, 6.469726,Stair-Up
156031, -0.172730, -0.815918, -0.180542, 9.033204, -27.648920, 8.239746,Stair-Up
156051, -0.171143, -0.791138, -0.170044, 10.559080, -23.315424, 10.314940,Stair-Up
156071, -0.137329, -0.788086, -0.166382, 13.244628, -30.029290, 9.460450,Stair-Up
156091, -0.124878, -0.803711, -0.164673, 15.624996, -42.053220, 8.361816,Stair-Up
156111, -0.145386, -0.822144, -0.155640, 16.662600, -52.307120, 6.286620,Stair-Up
156131, -0.182007, -0.844727, -0.138184, 16.967780, -57.495110, 4.211426,Stair-Up
156151, -0.223022, -0.866455, -0.131714, 15.869140, -55.480940, 2.624511,Stair-Up
156171, -0.243774, -0.893921, -0.145874, 15.869140, -49.194320, 0.000000,Stair-Up
156191, -0.258057, -0.927002, -0.162842, 15.563964, -39.001470, -2.197266,Stair-Up
156211, -0.255005, -0.939087, -0.163696, 14.587400, -26.916500, -4.577638,Stair-Up
156231, -0.264771, -0.951050, -0.174438, 15.686032, -15.197750, -6.774902,Stair-Up
156251, -0.272949, -0.961792, -0.182495, 13.732908, -4.760742, -9.338380,Stair-Up
156271, -0.271973, -0.928711, -0.188843, 13.305660, 10.864256, -11.596676,Stair-Up
156291, -0.250244, -0.946411, -0.178467, 14.343260, 16.418460, -14.099120,Stair-Up
156311, -0.250732, -0.991944, -0.158569, 11.840818, 20.141600, -14.953610,Stair-Up
156331, -0.239990, -1.004272, -0.151733, 8.850100, 21.728510, -16.906740,Stair-Up
156351, -0.203125, -1.051758, -0.152344, 10.742184, 16.784670, -19.409180,Stair-Up
156371, -0.200073, -1.117188, -0.159058, 8.972170, 10.803220, -19.714360,Stair-Up
156391, -0.205322, -1.143555, -0.144531, 6.469726, 8.728030, -17.272950,Stair-Up
156411, -0.209717, -1.240967, -0.125000, 13.366696, 7.629394, -16.357424,Stair-Up
156431, -0.214966, -1.394043, -0.117310, 11.535644, 7.141112, -16.052250,Stair-Up
156451, -0.195557, -1.553223, -0.100708, 11.596676, 5.981444, -17.089850,Stair-Up
156471, -0.167236, -1.531738, -0.097046, -16.967780, 0.854492, -14.343260,Stair-Up
156491, -0.202026, -0.839478, -0.161011, -24.230950, 0.305176, 1.892090,Stair-Up
156511, -0.275513, -0.622681, -0.215820, 0.976562, 10.559080, 15.075680,Stair-Up
156531, -0.329224, -0.673218, -0.202148, 16.174320, 33.325200, 25.146480,Stair-Up
156551, -0.314209, -0.797119, -0.154419, 18.859868, 54.687490, 28.869624,Stair-Up
156571, -0.318359, -0.938721, -0.089111, 15.747068, 71.716320, 29.907220,Stair-Up
156591, -0.253418, -1.121948, -0.023193, 12.023924, 80.017100, 25.268550,Stair-Up
156611, -0.104492, -1.275513, 0.024414, -5.798338, 76.110840, 24.841304,Stair-Up
156631, 0.043701, -1.189820, 0.019165, -26.916500, 53.649900, 29.907220,Stair-Up
156651, 0.049194, -0.989868, -0.029541, -23.620600, 23.132320, 35.400400,Stair-Up
156671, 0.015259, -0.936646, -0.059082, -10.925290, -1.281738, 40.527340,Stair-Up
156691, -0.037842, -0.979004, -0.060181, -4.699708, -18.310550, 43.579090,Stair-Up
156711, -0.168945, -0.945312, -0.049316, -6.591796, -20.874020, 44.372550,Stair-Up
156731, -0.202271, -0.916992, -0.052856, -5.615234, -10.620116, 39.367680,Stair-Up
156751, -0.166016, -0.945068, -0.046997, -4.821778, 2.197266, 41.381820,Stair-Up
156771, -0.107910, -0.960694, -0.023560, -3.601074, 12.878416, 42.114250,Stair-Up
156791, -0.100342, -0.985962, 0.017334, -7.568358, 17.272950, 40.039070,Stair-Up
156811, -0.110230, -0.966309, 0.018311, -9.033204, 17.395020, 35.644540,Stair-Up
156831, -0.099731, -0.968506, -0.010132, -7.202148, 13.610836, 26.672360,Stair-Up
156851, -0.107422, -0.984986, -0.005493, -7.934570, 9.582520, 17.333990,Stair-Up
156871, -0.113770, -0.978028, -0.003052, -9.460450, 7.812498, 9.521484,Stair-Up
156891, -0.123291, -0.953736, -0.001343, -11.230468, 8.483890, 2.258301,Stair-Up
156911, -0.141235, -0.933106, -0.015137, -10.742184, 10.437010, -5.004884,Stair-Up
156931, -0.172485, -0.936157, -0.047485, -9.826660, 17.883300, -17.150880,Stair-Up
156951, -0.140869, -0.927612, -0.068481, -8.850100, 20.324700, -23.559568,Stair-Up
156971, -0.123169, -0.934204, -0.080078, -5.554198, 19.836430, -28.930660,Stair-Up
156991, -0.135864, -0.991333, -0.084595, -1.281738, 19.836430, -33.447270,Stair-Up
157011, -0.170288, -1.083374, -0.103516, 0.244141, 22.888180, -38.818360,Stair-Up
157031, -0.148071, -1.188843, -0.119873, -0.732422, 25.878900, -44.433580,Stair-Up
157051, -0.082764, -1.257202, -0.124634, -5.493162, 21.301268, -48.156730,Stair-Up
157071, -0.049805, -1.338623, -0.106689, -4.455568, 7.446288, -52.978500,Stair-Up
157091, 0.007324, -1.455933, -0.054443, -4.333496, -13.244628, -58.959950,Stair-Up
157111, 0.064819, -1.557740, -0.033325, -7.141112, -45.166000, -63.659660,Stair-Up
157131, 0.015259, -1.602173, -0.040405, -10.803220, -78.613300, -72.021500,Stair-Up
157151, -0.157105, -1.507690, -0.102051, -18.127448, -99.792460, -80.871560,Stair-Up
157171, -0.226440, -1.273804, -0.171997, -24.780270, -95.947260, -80.261240,Stair-Up
157191, -0.313965, -0.937378, -0.238037, -26.245110, -73.608400, -70.617700,Stair-Up
157211, -0.372681, -0.670654, -0.265381, -9.338380, -36.926280, -55.358880,Stair-Up
157231, -0.435425, -0.723633, -0.255493, 10.498044, 8.117676, -40.283200,Stair-Up
157251, -0.377808, -0.867554, -0.231445, 5.249022, 49.743640, -29.479976,Stair-Up
157271, -0.211304, -0.870484, -0.192993, -2.868652, 69.091800, -19.165040,Stair-Up
157291, -0.037842, -0.838745, -0.143921, -6.347656, 59.936520, -9.338380,Stair-Up
157311, 0.032227, -0.767822, -0.116943, -7.324218, 36.010750, -0.915527,Stair-Up
157331, -0.024170, -0.710938, -0.109131, -1.892090, 17.883300, 6.347656,Stair-Up
157351, -0.024170, -0.721070, -0.118530, 2.807617, 6.164550, 11.596676,Stair-Up
157371, -0.010132, -0.785400, -0.085693, 4.638672, -8.361816, 18.981940,Stair-Up
157391, -0.003174, -0.797730, -0.048462, 1.953124, -14.770504, 24.719230,Stair-Up
157411, -0.011475, -0.764038, -0.067505, 0.976562, -15.686032, 31.616208,Stair-Up
157431, 0.024170, -0.736084, -0.114502, 3.723144, -16.723632, 37.597660,Stair-Up
157451, 0.027466, -0.742432, -0.120605, 7.629394, -23.437492, 40.039070,Stair-Up
157471, -0.009399, -0.769287, -0.127197, 11.413570, -29.663080, 38.879400,Stair-Up
157491, -0.083374, -0.814820, -0.140991, 13.061520, -29.907220, 34.606940,Stair-Up
157511, -0.104492, -0.854614, -0.174316, 11.657712, -24.047850, 31.677240,Stair-Up
157531, -0.099243, -0.860596, -0.234985, 10.009768, -18.798830, 29.174800,Stair-Up
157551, -0.128052, -0.888428, -0.245850, 11.413570, -16.784670, 24.230950,Stair-Up
157571, -0.159790, -0.946045, -0.233154, 13.427732, -13.183590, 17.639160,Stair-Up
157591, -0.172119, -1.026734, -0.247803, 11.047360, -10.253904, 5.615234,Stair-Up
157611, -0.169067, -1.039185, -0.268433, 9.948730, -10.437010, -1.281738,Stair-Up
157631, -0.118896, -1.031982, -0.278564, 10.925290, -16.235352, -6.652830,Stair-Up
157651, -0.145874, -1.041870, -0.257446, 14.404296, -21.057124, -9.399414,Stair-Up
157671, -0.178711, -1.084595, -0.230469, 15.624996, -19.714360, -12.084960,Stair-Up
157691, -0.177734, -1.157104, -0.207520, 16.235352, -20.874020, -17.517090,Stair-Up
157711, -0.166626, -1.228638, -0.195923, 17.211920, -24.841304, -24.291990,Stair-Up
157731, -0.159424, -1.383057, -0.179077, 27.221676, -29.541010, -31.616208,Stair-Up
157751, -0.177979, -1.646606, -0.150269, 29.418940, -32.226570, -39.489750,Stair-Up
157771, -0.210938, -1.807862, -0.133545, 11.352536, -30.151360, -46.142570,Stair-Up
157791, -0.209717, -1.541138, -0.156128, -18.859868, -24.108880, -44.311520,Stair-Up
157811, -0.281128, -1.002564, -0.214111, -8.850100, -0.671386, -27.221676,Stair-Up
157831, -0.354736, -0.927246, -0.179199, 0.793457, 34.484870, -9.521484,Stair-Up
157851, -0.335449, -0.992920, -0.113403, 4.455568, 66.711440, 4.882814,Stair-Up
157871, -0.330322, -1.063110, -0.092651, -3.356933, 90.148900, 14.648436,Stair-Up
157891, -0.238525, -1.020752, -0.072144, -14.343260, 106.018040, 26.245110,Stair-Up
157911, -0.075928, -0.922363, -0.043091, -19.592290, 98.449700, 38.330080,Stair-Up
157931, -0.049805, -0.814697, -0.054810, -18.249516, 78.796400, 48.461900,Stair-Up
157951, -0.088989, -0.733643, -0.059204, -17.028810, 64.514160, 59.020980,Stair-Up
157971, -0.082031, -0.663086, -0.059082, -16.113284, 51.452620, 67.260740,Stair-Up
157991, -0.107422, -0.611084, -0.055176, -12.939450, 39.855960, 71.655300,Stair-Up
158011, -0.169800, -0.611450, -0.054810, -9.887696, 38.085940, 73.303240,Stair-Up
158031, -0.172730, -0.692627, -0.035889, -8.911134, 46.142570, 70.190440,Stair-Up
158051, -0.150635, -0.760742, -0.022827, -11.596676, 48.889150, 64.575200,Stair-Up
158071, -0.126343, -0.812988, -0.001465, -12.939450, 48.767080, 56.152340,Stair-Up
158091, -0.110718, -0.886719, 0.019897, -13.610836, 46.508780, 46.325680,Stair-Up
158111, -0.090576, -0.962891, 0.014282, -13.977050, 42.480460, 36.254890,Stair-Up
158131, -0.056763, -1.028198, 0.023682, -17.944340, 33.752440, 26.550290,Stair-Up
158151, -0.039307, -1.023438, 0.030884, -20.812980, 20.568840, 18.127448,Stair-Up
158171, -0.063721, -1.002442, 0.017334, -17.272950, 9.460450, 11.291500,Stair-Up
158191, -0.072144, -1.016602, -0.015991, -10.498044, 0.122070, 3.662109,Stair-Up
158211, -0.091553, -1.055664, -0.041870, -5.737304, -5.615234, -2.075196,Stair-Up
158231, -0.076782, -1.056274, -0.041260, -3.967285, -6.103514, -3.356933,Stair-Up
158251, -0.097534, -1.034668, -0.058960, 3.845214, 0.305176, -0.244141,Stair-Up
158271, -0.133911, -1.128784, -0.060059, 10.742184, 12.634276, -0.976562,Stair-Up
158291, -0.082642, -1.238404, -0.036133, 7.324218, 29.541010, -1.098633,Stair-Up
158311, -0.070557, -1.261475, -0.062988, -0.976562, 50.537100, 3.417968,Stair-Up
158331, -0.107056, -1.274048, -0.157837, -6.652830, 70.800800, 8.422854,Stair-Up
158351, -0.154053, -1.371948, -0.192261, -1.464844, 74.218760, 1.770019,Stair-Up
158371, -0.085083, -1.526978, -0.151733, -7.202148, 68.176280, -14.465330,Stair-Up
158391, -0.028320, -1.447632, -0.179321, -22.399900, 49.926750, -24.597160,Stair-Up
158411, -0.035034, -1.226685, -0.227173, -20.446770, 27.465816, -34.545900,Stair-Up
158431, 0.039429, -1.089112, -0.281372, -7.812498, -1.831054, -48.217760,Stair-Up
158451, 0.056885, -0.966797, -0.298828, -1.403808, -30.456540, -49.743640,Stair-Up
158471, -0.111938, -0.854370, -0.333984, 12.329100, -39.306640, -40.771480,Stair-Up
158491, -0.150635, -0.886230, -0.353882, 15.686032, -33.203130, -39.733900,Stair-Up
158511, -0.107056, -0.936279, -0.301880, 14.282224, -27.832030, -41.442860,Stair-Up
158531, -0.066528, -0.941162, -0.224243, 8.178714, -28.808590, -38.330080,Stair-Up
158551, -0.076660, -0.868530, -0.170166, 0.915527, -33.508300, -34.362800,Stair-Up
158571, -0.097534, -0.760498, -0.186523, -0.732422, -40.954580, -27.526850,Stair-Up
158591, -0.095703, -0.659424, -0.198975, 2.563476, -51.574700, -26.306150,Stair-Up
158611, -0.100464, -0.600220, -0.212158, 7.385252, -60.791000, -20.812980,Stair-Up
158631, -0.139648, -0.558838, -0.225342, 12.329100, -67.199720, -19.165040,Stair-Up
158651, -0.198853, -0.546021, -0.185791, 15.014646, -63.903800, -18.676760,Stair-Up
158671, -0.228149, -0.559937, -0.157837, 15.319820, -45.532220, -14.099120,Stair-Up
158691, -0.194458, -0.632690, -0.151245, 11.657712, -27.832030, -8.972170,Stair-Up
158711, -0.224365, -0.702271, -0.162231, 12.878416, -25.817870, -14.038084,Stair-Up
158731, -0.195923, -0.792603, -0.186401, 13.549804, -25.695796, -16.845708,Stair-Up
158751, -0.114014, -0.842041, -0.168945, 16.967780, -36.804200, -22.949216,Stair-Up
158771, -0.125000, -0.939453, -0.161621, 24.414060, -44.677720, -24.353020,Stair-Up
158791, -0.149414, -1.053589, -0.183838, 22.705070, -49.255360, -23.986810,Stair-Up
158811, -0.197632, -1.088623, -0.222290, 20.446770, -51.635740, -26.245110,Stair-Up
158831, -0.232788, -1.090088, -0.237793, 18.859868, -49.560540, -29.541010,Stair-Up
158851, -0.208252, -1.060181, -0.253052, 18.676760, -49.926750, -32.470710,Stair-Up
158871, -0.261230, -1.025269, -0.276367, 20.568840, -42.724600, -31.066890,Stair-Up
158891, -0.275879, -1.023194, -0.293945, 21.301268, -27.526850, -27.404780,Stair-Up
158911, -0.266724, -1.052124, -0.299438, 21.484370, -6.835936, -20.996090,Stair-Up
158931, -0.255859, -1.135376, -0.279053, 22.644040, 3.112792, -19.409180,Stair-Up
158951, -0.230591, -1.254394, -0.243286, 22.033690, 10.620116, -16.540530,Stair-Up
158971, -0.194580, -1.427978, -0.209717, 25.451652, 9.826660, -17.700200,Stair-Up
158991, -0.195190, -1.669312, -0.195435, 26.306150, 6.652830, -21.972650,Stair-Up
159011, -0.166016, -1.782471, -0.178833, 8.239746, 3.906249, -24.780270,Stair-Up
159031, -0.133057, -1.515503, -0.210205, -11.535644, -0.854492, -16.784670,Stair-Up
159051, -0.208862, -1.224244, -0.256958, -4.455568, 2.441407, -7.141112,Stair-Up
159071, -0.294800, -1.100098, -0.261108, -1.953124, 22.216790, 5.920409,Stair-Up
159091, -0.310913, -0.978882, -0.256714, -4.455568, 48.461900, 19.592290,Stair-Up
159111, -0.301636, -0.929077, -0.228516, -0.854492, 71.228040, 27.832030,Stair-Up
159131, -0.258057, -1.068238, -0.147095, -7.019042, 98.754860, 33.752440,Stair-Up
159151, -0.165161, -1.077759, -0.080933, -21.362300, 101.196280, 36.010750,Stair-Up
159171, -0.096558, -1.011597, -0.040527, -28.869624, 87.402320, 36.315920,Stair-Up
159191, -0.078125, -0.929077, -0.023315, -33.020020, 67.810060, 37.475590,Stair-Up
159211, -0.066895, -0.827515, -0.032837, -34.545900, 50.476060, 40.771480,Stair-Up
159231, -0.089722, -0.742066, -0.053711, -30.822750, 38.208020, 44.433580,Stair-Up
159251, -0.128296, -0.710327, -0.060791, -28.076170, 31.555170, 46.691880,Stair-Up
159271, -0.169922, -0.691772, -0.041382, -27.526850, 31.860350, 47.668440,Stair-Up
159291, -0.198364, -0.673462, -0.020142, -28.564450, 39.367680, 48.400870,Stair-Up
159311, -0.175415, -0.673706, 0.001709, -28.015130, 48.950180, 48.095700,Stair-Up
159331, -0.155151, -0.722046, 0.018188, -26.428220, 54.809560, 46.203600,Stair-Up
159351, -0.126709, -0.826904, 0.018677, -26.245110, 55.053700, 39.184580,Stair-Up
159371, -0.108032, -0.877686, 0.027588, -26.428220, 49.194320, 33.264160,Stair-Up
159391, -0.086182, -0.916992, 0.046753, -23.437492, 40.039070, 27.160640,Stair-Up
159411, -0.059082, -0.996460, 0.059204, -16.662600, 31.616208, 22.583000,Stair-Up
159431, -0.015259, -1.117554, 0.063965, -14.221190, 26.367180, 19.836430,Stair-Up
159451, 0.012817, -1.164185, 0.059937, -20.812980, 25.573724, 23.437492,Stair-Up
159471, -0.047729, -1.214722, 0.076538, -14.282224, 34.790040, 28.991692,Stair-Up
159491, -0.139526, -1.352417, 0.005249, -12.451170, 64.575200, 35.400400,Stair-Up
159511, -0.036865, -1.398560, -0.052734, -23.742670, 75.744640, 41.381820,Stair-Up
159531, 0.151123, -1.208374, -0.084839, -28.259270, 49.987780, 37.902840,Stair-Up
159551, 0.162842, -1.062866, -0.136597, -3.601074, 28.442380, 31.188960,Stair-Up
159571, 0.144287, -1.317627, -0.091064, 16.906740, 6.408690, 1.647949,Stair-Up
159591, 0.163452, -1.373536, 0.001465, 9.033204, -13.305660, -21.606440,Stair-Up
159611, 0.133545, -1.274414, -0.020874, 7.446288, -25.573724, -41.992180,Stair-Up
159631, 0.223633, -1.226807, -0.107910, 9.033204, -32.348640, -53.894040,Stair-Up
159651, 0.295166, -1.132080, -0.198853, 11.901852, -49.072260, -56.701650,Stair-Up
159671, 0.202759, -1.046265, -0.223389, 16.845708, -62.988270, -60.119620,Stair-Up
159691, 0.127075, -0.960816, -0.221924, 23.193352, -63.354480, -61.889640,Stair-Up
159711, 0.046875, -0.944092, -0.226685, 29.541010, -51.391590, -59.204090,Stair-Up
159731, 0.024658, -0.990112, -0.263550, 31.555170, -31.555170, -58.898920,Stair-Up
159751, 0.065430, -0.996826, -0.270264, 24.963376, -18.798830, -58.166500,Stair-Up
159771, 0.041504, -0.902954, -0.226563, 18.859868, -17.150880, -56.152340,Stair-Up
159791, -0.028198, -0.704468, -0.186035, 16.479492, -12.390136, -52.734360,Stair-Up
159811, -0.017212, -0.627564, -0.225220, 23.254390, -11.047360, -45.898430,Stair-Up
159831, -0.056396, -0.649902, -0.274536, 27.038570, -15.258788, -40.588370,Stair-Up
159851, -0.094360, -0.675781, -0.283203, 23.315424, -17.822270, -31.799310,Stair-Up
159871, -0.116089, -0.628540, -0.255859, 20.324700, -23.376460, -27.893060,Stair-Up
159891, -0.144409, -0.641602, -0.226318, 24.963376, -27.526850, -26.489250,Stair-Up
159911, -0.177490, -0.728638, -0.254272, 27.160640, -22.338860, -24.169920,Stair-Up
159931, -0.171387, -0.795776, -0.283203, 21.545408, -15.747068, -21.118160,Stair-Up
159951, -0.152588, -0.810669, -0.286255, 20.935052, -16.052250, -23.559568,Stair-Up
159971, -0.175415, -0.893188, -0.284668, 24.169920, -16.296390, -26.611320,Stair-Up
159991, -0.177246, -1.003540, -0.295166, 23.254390, -14.587400, -28.930660,Stair-Up
160011, -0.114136, -1.096436, -0.317017, 18.676760, -21.179192, -29.785150,Stair-Up
160031, -0.125244, -1.080200, -0.324707, 16.967780, -29.357908, -28.076170,Stair-Up
160051, -0.153564, -1.093872, -0.322144, 19.897460, -33.447270, -25.817870,Stair-Up
160071, -0.161499, -1.169068, -0.313477, 19.409180, -35.766600, -23.193352,Stair-Up
160091, -0.151611, -1.202393, -0.301270, 14.953610, -39.611820, -18.127448,Stair-Up
160111, -0.159546, -1.218994, -0.305542, 16.052250, -45.104970, -13.854978,Stair-Up
160131, -0.181885, -1.302246, -0.299194, 19.348150, -46.447740, -8.178714,Stair-Up
160151, -0.211426, -1.456055, -0.308472, 27.099608, -41.320790, -7.202148,Stair-Up
160171, -0.256226, -1.620850, -0.320679, 15.808104, -26.733390, -2.685546,Stair-Up
160191, -0.229614, -1.491700, -0.319458, -4.882814, -10.314940, 6.042480,Stair-Up
160211, -0.202637, -1.202759, -0.300903, -14.770504, 2.380371, 18.981940,Stair-Up
160231, -0.240723, -0.949707, -0.261353, -13.305660, 29.418940, 43.090810,Stair-Up
160251, -0.226929, -0.979126, -0.222046, -8.239746, 46.691880, 50.598140,Stair-Up
160271, -0.169434, -1.150269, -0.171631, -12.573240, 53.100580, 53.649900,Stair-Up
160291, -0.063843, -1.178955, -0.103516, -29.174800, 41.748040, 57.312000,Stair-Up
160311, -0.040894, -1.092652, -0.041016, -32.958990, 16.479492, 57.373040,Stair-Up
160331, -0.040649, -1.065308, -0.014893, -28.991692, -5.798338, 59.082020,Stair-Up
160351, -0.022949, -1.056763, -0.028687, -28.076170, -23.498530, 63.293440,Stair-Up
160371, -0.027832, -0.977051, -0.047852, -26.672360, -35.644540, 67.199720,Stair-Up
160391, -0.071777, -0.861938, -0.052612, -24.536130, -40.466300, 71.228040,Stair-Up
160411, -0.148804, -0.721070, -0.040405, -20.874020, -34.240730, 73.669440,Stair-Up
160431, -0.219727, -0.617798, -0.010010, -14.587400, -15.136716, 72.753920,Stair-Up
160451, -0.276123, -0.608032, -0.005371, -6.469726, 33.874520, 72.021500,Stair-Up
160471, -0.251709, -0.635620, -0.001709, -11.657712, 57.739250, 64.697280,Stair-Up
160491, -0.242554, -0.644776, 0.011841, -11.352536, 77.270520, 57.556140,Stair-Up
160511, -0.212891, -0.714966, 0.044434, -12.145992, 91.064440, 46.569820,Stair-Up
160531, -0.157471, -0.797608, 0.066772, -14.160152, 100.097640, 39.123540,Stair-Up
160551, -0.138062, -0.884400, 0.065063, -17.822270, 102.722160, 32.531740,Stair-Up
160571, -0.108521, -0.962891, 0.051514, -19.836430, 99.548320, 24.719230,Stair-Up
160591, -0.076538, -1.033570, 0.032471, -20.507810, 89.904760, 15.380856,Stair-Up
160611, -0.063721, -1.098633, 0.016113, -17.822270, 74.707040, 4.577638,Stair-Up
160631, -0.084595, -1.154908, 0.009644, -16.906740, 60.302720, -3.723144,Stair-Up
160651, -0.081665, -1.141358, 0.010498, -19.775390, 48.156730, -8.911134,Stair-Up
160671, -0.076172, -1.057984, -0.055176, -5.859374, 33.752440, -10.559080,Stair-Up
160691, -0.091797, -1.148194, -0.109131, 5.432128, 33.630380, -8.972170,Stair-Up
160711, -0.096802, -1.208008, -0.146606, 6.042480, 42.846670, -2.990722,Stair-Up
160731, -0.111084, -1.207398, -0.171021, 7.751464, 56.640620, -0.976562,Stair-Up
160751, -0.113037, -1.243164, -0.213257, 10.681150, 76.232920, 0.732422,Stair-Up
160771, -0.024780, -1.357666, -0.199463, 13.732908, 94.665500, -1.342773,Stair-Up
160791, 0.124146, -1.466309, -0.173340, 5.554198, 94.055160, -8.544924,Stair-Up
160811, 0.180298, -1.349976, -0.194336, -6.469726, 77.087400, -20.874020,Stair-Up
160831, 0.233521, -1.151856, -0.194092, 1.281738, 49.621580, -38.085940,Stair-Up
160851, 0.361328, -1.044556, -0.205688, 13.671872, 11.718748, -58.227530,Stair-Up
160871, 0.341064, -0.954712, -0.314087, 30.090330, -14.099120, -67.016600,Stair-Up
160891, 0.266358, -0.897095, -0.416626, 34.973150, -9.033204, -68.176280,Stair-Up
160911, 0.194580, -0.851318, -0.356201, 33.203130, 13.427732, -62.499990,Stair-Up
160931, 0.178223, -0.883301, -0.235352, 29.296870, 40.588370, -59.753410,Stair-Up
160951, 0.230347, -0.953491, -0.155396, 17.028810, 56.823720, -52.185050,Stair-Up
160971, 0.284546, -0.928833, -0.137695, 6.774902, 50.842280, -49.316400,Stair-Up
160991, 0.297974, -0.886841, -0.149414, 8.972170, 21.911620, -48.767080,Stair-Up
161011, 0.232666, -0.888306, -0.161133, 14.709470, -16.967780, -51.757800,Stair-Up
161031, 0.191895, -0.874268, -0.177002, 15.747068, -48.645010, -47.302240,Stair-Up
161051, 0.170898, -0.803345, -0.167603, 14.221190, -72.143560, -36.804200,Stair-Up
161071, 0.082153, -0.756958, -0.158691, 18.615724, -84.594700, -27.282710,Stair-Up
161091, -0.026855, -0.777832, -0.171265, 18.676760, -82.824700, -21.484370,Stair-Up
161111, -0.074341, -0.755005, -0.194458, 13.977050, -64.636240, -15.563964,Stair-Up
161131, -0.065430, -0.747192, -0.193848, 15.502928, -52.673330, -14.648436,Stair-Up
161151, -0.037842, -0.774536, -0.215942, 14.892576, -42.358390, -12.573240,Stair-Up
161171, -0.027710, -0.782959, -0.239502, 15.380856, -37.658700, -11.840818,Stair-Up
161191, -0.064697, -0.821655, -0.255005, 18.676760, -31.921380, -12.695310,Stair-Up
161211, -0.040527, -0.867310, -0.252319, 16.540530, -28.442380, -11.474608,Stair-Up
161231, -0.034790, -0.875732, -0.244995, 16.235352, -28.747552, -7.812498,Stair-Up
161251, -0.029785, -0.900269, -0.260376, 16.906740, -28.198240, -2.441407,Stair-Up
161271, -0.009399, -0.916504, -0.289917, 16.845708, -30.822750, 3.479003,Stair-Up
161291, -0.024048, -0.935303, -0.312012, 18.005376, -36.010750, 6.225584,Stair-Up
161311, -0.001709, -0.923218, -0.302002, 16.357424, -42.114250, 8.483890,Stair-Up
161331, -0.057129, -0.961182, -0.310791, 22.949216, -46.386710, 8.056642,Stair-Up
161351, -0.073608, -1.040772, -0.332520, 22.888180, -40.710440, 8.361816,Stair-Up
161371, -0.053833, -1.096924, -0.356934, 21.728510, -37.231450, 8.605960,Stair-Up
161391, -0.071289, -1.162232, -0.358887, 21.850580, -35.278320, 7.507323,Stair-Up
161411, -0.060181, -1.230225, -0.344849, 21.362300, -31.738280, 7.812498,Stair-Up
161431, -0.070068, -1.326294, -0.330444, 24.658200, -30.395500, 6.591796,Stair-Up
161451, -0.074341, -1.513062, -0.323242, 31.433100, -28.808590, 3.051757,Stair-Up
161471, -0.053223, -1.710572, -0.337769, 22.644040, -26.367180, 1.831054,Stair-Up
161491, -0.030884, -1.561890, -0.370117, -2.441407, -23.681636, 7.690428,Stair-Up
161511, -0.071289, -1.223999, -0.394898, -2.807617, -16.418460, 15.686032,Stair-Up
161531, -0.132568, -1.092041, -0.365845, 0.671386, 0.366211, 24.353020,Stair-Up
161551, -0.122803, -0.984863, -0.328735, -5.676268, 30.883784, 37.841800,Stair-Up
161571, -0.123901, -1.021851, -0.317627, -6.530760, 45.288080, 42.297360,Stair-Up
161591, -0.088867, -1.096680, -0.307129, -16.540530, 58.105460, 48.217760,Stair-Up
161611, -0.001587, -1.121216, -0.254028, -30.151360, 58.837880, 53.161610,Stair-Up
161631, 0.059326, -1.074829, -0.194702, -40.710440, 42.907700, 55.969230,Stair-Up
161651, 0.071167, -1.016846, -0.153809, -46.691880, 16.540530, 56.701650,Stair-Up
161671, 0.091064, -0.919068, -0.133423, -51.330560, -16.601568, 56.823720,Stair-Up
161691, 0.058472, -0.781128, -0.140015, -47.302240, -49.011220, 54.870600,Stair-Up
161711, 0.017700, -0.698975, -0.140259, -40.710440, -76.599140, 51.513660,Stair-Up
161731, -0.046875, -0.641480, -0.127197, -33.996590, -94.482400, 47.729480,Stair-Up
161751, -0.126465, -0.600464, -0.106812, -29.418940, -98.571760, 42.419420,Stair-Up
161771, -0.204956, -0.582764, -0.098755, -22.949216, -84.167460, 32.897960,Stair-Up
161791, -0.234375, -0.620972, -0.092651, -19.104010, -65.368660, 24.719230,Stair-Up
161811, -0.212647, -0.666016, -0.070923, -21.667476, -42.785640, 18.920900,Stair-Up
161831, -0.212524, -0.698975, -0.060425, -22.583000, -19.958500, 14.038084,Stair-Up
161851, -0.233398, -0.782104, -0.077271, -19.470220, -0.244141, 3.479003,Stair-Up
161871, -0.201782, -0.910278, -0.099487, -16.357424, 12.084960, -11.718748,Stair-Up
161891, -0.176270, -1.012574, -0.122925, -13.366696, 15.319820, -29.846190,Stair-Up
161911, -0.190064, -1.097656, -0.117188, -13.549804, 19.592290, -44.128410,Stair-Up
161931, -0.161133, -1.140625, -0.095825, -14.526364, 25.207516, -53.466780,Stair-Up
161951, -0.132690, -1.197266, -0.086060, -14.709470, 32.348640, -54.504380,Stair-Up
161971, -0.054321, -1.226562, -0.086426, -19.348150, 36.743170, -49.804680,Stair-Up
161991, 0.031006, -1.234131, -0.156128, -12.756344, 28.808590, -34.240730,Stair-Up
162011, 0.099609, -1.297852, -0.187622, -3.051757, 11.169430, -28.320310,Stair-Up
162031, 0.134888, -1.387574, -0.193115, 3.967285, -7.812498, -25.268550,Stair-Up
162051, 0.142090, -1.481446, -0.151733, 7.141112, -24.963376, -29.357908,Stair-Up
162071, 0.095337, -1.447754, -0.155762, 3.112792, -42.297360, -39.917000,Stair-Up
162091, -0.016602, -1.273804, -0.269409, 3.845214, -47.851560, -49.621580,Stair-Up
162111, -0.021362, -1.097778, -0.387207, 12.451170, -46.264640, -57.312000,Stair-Up
162131, -0.023193, -0.969482, -0.453125, 18.005376, -32.958990, -58.593740,Stair-Up
162151, -0.027954, -0.874512, -0.451050, 15.502928, -2.319336, -38.818360,Stair-Up
162171, -0.035278, -0.780274, -0.371948, 10.742184, 24.291990, -27.099608,Stair-Up
162191, -0.031616, -0.769898, -0.319336, 8.483890, 40.466300, -21.911620,Stair-Up
162211, 0.077759, -0.771118, -0.306885, 1.586914, 47.485340, -16.906740,Stair-Up
162231, 0.191895, -0.737305, -0.344482, -0.793457, 28.564450, -13.366696,Stair-Up
162251, 0.220337, -0.658447, -0.349243, 1.403808, -4.638672, -11.840818,Stair-Up
162271, 0.138794, -0.625732, -0.330444, 9.277344, -35.766600, -12.756344,Stair-Up
162291, 0.066528, -0.604980, -0.313232, 10.681150, -51.391590, -13.427732,Stair-Up
162311, 0.027954, -0.576904, -0.317017, 11.840818, -58.898920, -10.559080,Stair-Up
162331, -0.032471, -0.584351, -0.326416, 12.756344, -57.495110, -9.033204,Stair-Up
162351, -0.078247, -0.632446, -0.315674, 12.390136, -48.400870, -7.934570,Stair-Up
162371, -0.101807, -0.692749, -0.308350, 10.742184, -36.254890, -7.019042,Stair-Up
162391, -0.087280, -0.735352, -0.284546, 7.995604, -28.442380, -6.835936,Stair-Up
162411, -0.049316, -0.782959, -0.274658, 11.230468, -29.418940, -5.859374,Stair-Up
162431, -0.060913, -0.899780, -0.273560, 15.075680, -34.851080, -3.906249,Stair-Up
162451, -0.047852, -0.945923, -0.252319, 14.953610, -46.203600, -5.981444,Stair-Up
162471, -0.090576, -0.972412, -0.253296, 18.310550, -50.842280, -7.568358,Stair-Up
162491, -0.131104, -1.016358, -0.283814, 17.395020, -44.189440, -6.713866,Stair-Up
162511, -0.133667, -1.007690, -0.313599, 14.587400, -37.292480, -6.896972,Stair-Up
162531, -0.126221, -0.972046, -0.328125, 17.272950, -32.165540, -8.728030,Stair-Up
162551, -0.145142, -0.986328, -0.334473, 20.751950, -24.108880, -8.178714,Stair-Up
162571, -0.137817, -1.008912, -0.332275, 20.385740, -15.686032, -6.225584,Stair-Up
162591, -0.127808, -1.043457, -0.334106, 23.620600, -9.826660, -5.432128,Stair-Up
162611, -0.121948, -1.096802, -0.344605, 23.498530, -4.638672, -4.272462,Stair-Up
162631, -0.099365, -1.101562, -0.339478, 22.644040, -4.211426, -3.723144,Stair-Up
162651, -0.105713, -1.160889, -0.311524, 31.799310, -5.798338, -4.760742,Stair-Up
162671, -0.177856, -1.331910, -0.304321, 38.574220, 0.366211, -8.911134,Stair-Up
162691, -0.168945, -1.509522, -0.334839, 32.104500, 15.991210, -15.014646,Stair-Up
162711, -0.042358, -1.475464, -0.337646, 10.253904, 23.010250, -13.000484,Stair-Up
162731, -0.033325, -1.224732, -0.312012, 4.272462, 18.493652, -8.056642,Stair-Up
162751, -0.124268, -1.103150, -0.282105, 8.728030, 20.751950, -4.028321,Stair-Up
162771, -0.120483, -1.051026, -0.264893, 5.798338, 30.029290, 5.432128,Stair-Up
162791, -0.095459, -1.050415, -0.252686, 9.338380, 34.240730, 10.681150,Stair-Up
162811, -0.099365, -1.145508, -0.245361, 7.629394, 37.658700, 15.380856,Stair-Up
162831, -0.076416, -1.132812, -0.218506, -6.408690, 39.550780, 22.644040,Stair-Up
162851, -0.062378, -1.010010, -0.178955, -8.300784, 31.372068, 29.541010,Stair-Up
162871, -0.069336, -0.946045, -0.123413, -11.474608, 27.465816, 35.888680,Stair-Up
162891, -0.065186, -0.872070, -0.117920, -15.258788, 24.902340, 43.395980,Stair-Up
162911, -0.074463, -0.805908, -0.138306, -13.916012, 22.583000, 48.889150,Stair-Up
162931, -0.081177, -0.792847, -0.139526, -14.343260, 19.714360, 54.077140,Stair-Up
162951, -0.089478, -0.748047, -0.110352, -16.906740, 15.808104, 57.189930,Stair-Up
162971, -0.114746, -0.706909, -0.080322, -15.319820, 15.075680, 58.654780,Stair-Up
162991, -0.141480, -0.730835, -0.066406, -13.488768, 18.859868, 58.959950,Stair-Up
163011, -0.147339, -0.780762, -0.061401, -16.784670, 23.254390, 57.373040,Stair-Up
163031, -0.136841, -0.797241, -0.052368, -19.653320, 24.230950, 52.062980,Stair-Up
163051, -0.131592, -0.811524, -0.050415, -20.141600, 23.193352, 45.532220,Stair-Up
163071, -0.119141, -0.843872, -0.051758, -15.624996, 20.080560, 32.470710,Stair-Up
163091, -0.089722, -0.946778, -0.038208, -12.939450, 16.052250, 23.986810,Stair-Up
163111, -0.090210, -0.986450, -0.022461, -15.380856, 10.986324, 16.113284,Stair-Up
163131, -0.112061, -0.971070, -0.030884, -14.587400, 7.995604, 9.399414,Stair-Up
163151, -0.126587, -0.972534, -0.056152, -9.460450, 6.652830, 2.014160,Stair-Up
163171, -0.115112, -1.008789, -0.061401, -6.347656, 6.896972, -2.807617,Stair-Up
163191, -0.103882, -1.038696, -0.057617, -2.441407, 8.666994, -5.004884,Stair-Up
163211, -0.110230, -1.106079, -0.065430, 0.976562, 13.366696, -5.859374,Stair-Up
163231, -0.090210, -1.149414, -0.085205, 1.037598, 18.737796, -5.310058,Stair-Up
163251, -0.085571, -1.180420, -0.122314, 5.493162, 23.742670, -5.981444,Stair-Up
163271, -0.059692, -1.278076, -0.140015, 9.643556, 30.944820, -7.263182,Stair-Up
163291, 0.077515, -1.330688, -0.052124, 5.126952, 36.071780, -7.568358,Stair-Up
163311, 0.124634, -1.487183, -0.011841, 11.596676, 28.991692, -10.803220,Stair-Up
163331, 0.144287, -1.567383, -0.022827, -1.708984, 18.127448, -16.845708,Stair-Up
163351, 0.247925, -1.405396, -0.080444, -7.202148, 0.000000, -25.146480,Stair-Up
163371, 0.267212, -1.316284, -0.126221, 4.089356, -20.874020, -39.672860,Stair-Up
163391, 0.244385, -1.197754, -0.172607, 1.037598, -31.311030, -47.424300,Stair-Up
163411, 0.185425, -1.016114, -0.199585, 4.882814, -35.461430, -54.199210,Stair-Up
163431, 0.115112, -0.929688, -0.212402, 9.338380, -31.249992, -58.410640,Stair-Up
163451, 0.071167, -0.908081, -0.238037, 11.108396, -20.446770, -56.762680,Stair-Up
163471, 0.060425, -0.919556, -0.257324, 13.183590, -18.371584, -58.593740,Stair-Up
163491, 0.009766, -0.958130, -0.261841, 17.150880, -20.019532, -60.913080,Stair-Up
163511, 0.042847, -0.958862, -0.216797, 10.498044, -30.517570, -58.898920,Stair-Up
163531, 0.012695, -0.869629, -0.194580, 10.559080, -42.663560, -54.687490,Stair-Up
163551, -0.028809, -0.783081, -0.205811, 10.925290, -49.804680, -48.034660,Stair-Up
163571, -0.071045, -0.693115, -0.221191, 11.413570, -52.917470, -40.100100,Stair-Up
163591, -0.091553, -0.602783, -0.238159, 12.817380, -51.391590, -33.142100,Stair-Up
163611, -0.135498, -0.557251, -0.240479, 13.671872, -46.508780, -25.024410,Stair-Up
163631, -0.160034, -0.536011, -0.222290, 13.061520, -41.015620, -22.399900,Stair-Up
163651, -0.181641, -0.543213, -0.211304, 13.977050, -36.071780, -21.667476,Stair-Up
163671, -0.154175, -0.596192, -0.208008, 14.099120, -32.836920, -20.690910,Stair-Up
163691, -0.150147, -0.661377, -0.223267, 13.732908, -35.095220, -19.958500,Stair-Up
163711, -0.166748, -0.738892, -0.240601, 15.869140, -38.696300, -22.033690,Stair-Up
163731, -0.147949, -0.902710, -0.249634, 17.211920, -45.166000, -23.925780,Stair-Up
163751, -0.167114, -0.989380, -0.252686, 15.808104, -47.302240, -22.705070,Stair-Up
163771, -0.164185, -1.043946, -0.253296, 12.512204, -48.095700, -20.080560,Stair-Up
163791, -0.183472, -1.061768, -0.285400, 12.084960, -48.461900, -17.517090,Stair-Up
163811, -0.179932, -1.078492, -0.330566, 12.207030, -47.485340, -12.817380,Stair-Up
163831, -0.163086, -1.072022, -0.329590, 12.390136, -46.508780, -5.187988,Stair-Up
163851, -0.188110, -1.075684, -0.318359, 15.258788, -42.663560, 3.051757,Stair-Up
163871, -0.206299, -1.093994, -0.310303, 14.953610, -31.616208, 12.329100,Stair-Up
163891, -0.187256, -1.110962, -0.317139, 15.930172, -21.606440, 20.019532,Stair-Up
163911, -0.178223, -1.172486, -0.318726, 21.118160, -15.991210, 23.437492,Stair-Up
163931, -0.186646, -1.321167, -0.306274, 27.648920, -10.559080, 23.803708,Stair-Up
163951, -0.137573, -1.668824, -0.258667, 26.794430, -5.432128, 20.690910,Stair-Up
163971, -0.082153, -1.795776, -0.185547, 7.934570, -5.981444, 21.911620,Stair-Up
163991, -0.032593, -1.508667, -0.190918, -19.348150, -13.183590, 32.653820,Stair-Up
164011, -0.086670, -1.156250, -0.246826, -7.385252, -15.502928, 42.785640,Stair-Up
164031, -0.085938, -1.094604, -0.249878, 3.112792, -9.216310, 55.480940,Stair-Up
164051, -0.138306, -1.065674, -0.223022, 2.624511, 3.723144, 67.504900,Stair-Up
164071, -0.151611, -1.040406, -0.165039, 0.427246, 19.714360, 74.462900,Stair-Up
164091, -0.142944, -1.027832, -0.111206, -5.981444, 35.095220, 81.359840,Stair-Up
164111, -0.132446, -0.968628, -0.090210, -13.244628, 45.227040, 83.801260,Stair-Up
164131, -0.105835, -0.926880, -0.078857, -14.038084, 46.142570, 81.542960,Stair-Up
164151, -0.064697, -0.926514, -0.062012, -15.441892, 39.428720, 77.941900,Stair-Up
164171, -0.057983, -0.845703, -0.031128, -20.324700, 26.855464, 75.073240,Stair-Up
164191, -0.041748, -0.750000, -0.008057, -19.958500, 19.531250, 73.486340,Stair-Up
164211, -0.065552, -0.678223, -0.010620, -14.221190, 15.991210, 72.814940,Stair-Up
164231, -0.122559, -0.665894, -0.036377, -9.155274, 17.089850, 68.786640,Stair-Up
164251, -0.138672, -0.676880, -0.052979, -7.690428, 21.484370, 62.316880,Stair-Up
164271, -0.152710, -0.662842, -0.049561, -7.934570, 25.756830, 53.100580,Stair-Up
164291, -0.182129, -0.660400, -0.045898, -6.286620, 33.081060, 42.480460,Stair-Up
164311, -0.177856, -0.689697, -0.041870, -5.981444, 41.687000, 30.273430,Stair-Up
164331, -0.144775, -0.729370, -0.034546, -7.324218, 45.898430, 18.737796,Stair-Up
164351, -0.129883, -0.768188, -0.020020, -8.300784, 44.738760, 6.408690,Stair-Up
164371, -0.130249, -0.806152, -0.006958, -9.277344, 41.198720, -5.004884,Stair-Up
164391, -0.105957, -0.905762, -0.007568, -3.601074, 27.893060, -26.184080,Stair-Up
164411, -0.090088, -0.978882, 0.005615, -5.676268, 16.174320, -37.597660,Stair-Up
164431, -0.102783, -0.965088, 0.004883, -6.164550, 6.042480, -46.630850,Stair-Up
164451, -0.110962, -0.925537, -0.021118, -1.037598, -0.671386, -53.894040,Stair-Up
164471, -0.093994, -0.922486, -0.055542, 7.568358, -6.164550, -58.532700,Stair-Up
164491, -0.115601, -0.953003, -0.073120, 15.136716, -4.821778, -59.936520,Stair-Up
164511, -0.169678, -0.974610, -0.096924, 17.089850, 7.141112, -58.288560,Stair-Up
164531, -0.224243, -0.968628, -0.110596, 15.869140, 25.695796, -57.250960,Stair-Up
164551, -0.217896, -0.960816, -0.109253, 14.465330, 43.945300, -55.847160,Stair-Up
164571, -0.201172, -0.993286, -0.107544, 15.441892, 59.448240, -53.771960,Stair-Up
164591, -0.128174, -1.067627, -0.105713, 13.916012, 68.237320, -50.231920,Stair-Up
164611, -0.014526, -1.131958, -0.136719, 9.277344, 48.706040, -44.372550,Stair-Up
164631, -0.036743, -1.186036, -0.155273, 13.916012, 26.428220, -44.433580,Stair-Up
164651, -0.007690, -1.353882, -0.129150, 17.517090, 3.295898, -43.701160,Stair-Up
164671, 0.014038, -1.456665, -0.111206, 5.493162, -23.742670, -43.701160,Stair-Up
164691, -0.026733, -1.308106, -0.138062, -6.774902, -46.997060, -39.489750,Stair-Up
164711, -0.088135, -1.110962, -0.202637, -0.122070, -62.866200, -36.926280,Stair-Up
164731, -0.154663, -1.055298, -0.254883, 6.347656, -66.162120, -31.249992,Stair-Up
164751, -0.216675, -0.989258, -0.271729, 4.699708, -55.419910, -23.193352,Stair-Up
164771, -0.262573, -0.884033, -0.266602, 0.610352, -34.301760, -12.817380,Stair-Up
164791, -0.235474, -0.787476, -0.264282, 1.342773, -12.145992, -1.892090,Stair-Up
164811, -0.165161, -0.787842, -0.278320, 6.774902, 3.051757, 9.826660,Stair-Up
164831, -0.090820, -0.942017, -0.282593, 10.192870, 5.493162, 21.667476,Stair-Up
164851, -0.050171, -1.054688, -0.266358, 12.634276, -10.803220, 20.446770,Stair-Up
164871, 0.016724, -1.130249, -0.202026, 8.361816, -29.052730, 19.104010,Stair-Up
164891, 0.048218, -1.077026, -0.169067, -1.342773, -45.593250, 26.245110,Stair-Up
164911, -0.059448, -0.942749, -0.201416, -2.807617, -56.335440, 29.846190,Stair-Up
164931, -0.118042, -0.861450, -0.247437, -0.549316, -54.199210, 33.386240,Stair-Up
164951, -0.106079, -0.794922, -0.285278, 1.464844, -52.246080, 33.142100,Stair-Up
164971, -0.144409, -0.736450, -0.305054, 4.699708, -46.447740, 31.555170,Stair-Up
164991, -0.173706, -0.703736, -0.288452, 5.615234, -34.362800, 29.357908,Stair-Up
165011, -0.199951, -0.688232, -0.264526, 5.676268, -21.484370, 25.268550,Stair-Up
165031, -0.211426, -0.702881, -0.240723, 4.211426, -8.972170, 19.470220,Stair-Up
165051, -0.150879, -0.735474, -0.221314, 1.464844, -3.906249, 8.605960,Stair-Up
165071, -0.133179, -0.768921, -0.210938, 0.854492, -7.629394, 0.915527,Stair-Up
165091, -0.110718, -0.808960, -0.203491, 0.610352, -13.854978, -4.516602,Stair-Up
165111, -0.110352, -0.840210, -0.202393, 2.624511, -23.254390, -11.291500,Stair-Up
165131, -0.138794, -0.889160, -0.197022, 4.516602, -27.709956, -16.235352,Stair-Up
165151, -0.151489, -0.916870, -0.205811, 6.774902, -27.099608, -20.629880,Stair-Up
165171, -0.158691, -1.016114, -0.223999, 13.732908, -23.498530, -25.085448,Stair-Up
165191, -0.134277, -1.110108, -0.228272, 10.559080, -19.226080, -26.855464,Stair-Up
165211, -0.126587, -1.109620, -0.237915, 9.094240, -17.578130, -27.404780,Stair-Up
165231, -0.162598, -1.105347, -0.246216, 11.291500, -11.596676, -26.550290,Stair-Up
165251, -0.161499, -1.166504, -0.221314, 14.343260, -2.929687, -24.902340,Stair-Up
165271, -0.139160, -1.411744, -0.190064, 17.944340, 5.676268, -27.038570,Stair-Up
165291, -0.096680, -1.506348, -0.163208, 2.929687, 2.563476, -29.724120,Stair-Up
165311, -0.078857, -1.410156, -0.150757, -4.211426, -10.925290, -32.714850,Stair-Up
165331, -0.119751, -1.283448, -0.173218, -8.117676, -23.315424, -32.043460,Stair-Up
165351, -0.143677, -1.093384, -0.200562, -10.925290, -28.198240, -24.719230,Stair-Up
165371, -0.186157, -0.904785, -0.224487, -6.652830, -28.076170, -16.723632,Stair-Up
165391, -0.266602, -0.781128, -0.250366, -0.915527, -14.770504, -5.981444,Stair-Up
165411, -0.305664, -0.720703, -0.238037, 1.159668, 9.094240, 5.126952,Stair-Up
165431, -0.321533, -0.766358, -0.199829, 7.385252, 36.499030, 12.756344,Stair-Up
165451, -0.298828, -0.939331, -0.183105, 5.981444, 61.340320, 17.333990,Stair-Up
165471, -0.227173, -1.078492, -0.172730, -2.746581, 75.378440, 18.310550,Stair-Up
165491, -0.118896, -1.134888, -0.137817, -13.977050, 70.007340, 14.038084,Stair-Up
165511, -0.076416, -1.087524, -0.129150, -16.357424, 51.086420, 12.145992,Stair-Up
165531, -0.106567, -1.039795, -0.132935, -14.404296, 35.522460, 12.634276,Stair-Up
165551, -0.111328, -1.016846, -0.128784, -14.831540, 24.169920, 16.845708,Stair-Up
165571, -0.158936, -0.954346, -0.127808, -17.517090, 15.014646, 21.362300,Stair-Up
165591, -0.216309, -0.887573, -0.118530, -18.249516, 14.770504, 26.611320,Stair-Up
165611, -0.211060, -0.847046, -0.114380, -19.165040, 20.019532, 33.264160,Stair-Up
165631, -0.187012, -0.847412, -0.116333, -17.761230, 24.841304, 40.039070,Stair-Up
165651, -0.148926, -0.894287, -0.094482, -20.080560, 23.742670, 45.837400,Stair-Up
165671, -0.140747, -0.880005, -0.079834, -23.559568, 16.784670, 49.133290,Stair-Up
165691, -0.137939, -0.867188, -0.067017, -21.972650, 8.239746, 49.499500,Stair-Up
165711, -0.132324, -0.894776, -0.071167, -18.249516, -3.601074, 48.095700,Stair-Up
165731, -0.140625, -0.922363, -0.066406, -18.798830, -9.155274, 45.166000,Stair-Up
165751, -0.144043, -0.911133, -0.054199, -20.202630, -13.305660, 41.625960,Stair-Up
165771, -0.166138, -0.894287, -0.058838, -19.165040, -14.648436, 37.170420,Stair-Up
165791, -0.167725, -0.912110, -0.070557, -15.930172, -11.779784, 33.630380,Stair-Up
165811, -0.130859, -0.992188, -0.074219, -13.244628, -9.948730, 31.860350,Stair-Up
165831, -0.109985, -1.083618, -0.057251, -13.183590, -11.352536, 30.517570,Stair-Up
165851, -0.105591, -1.152710, -0.064087, -13.916012, -12.207030, 27.221676,Stair-Up
165871, -0.081787, -1.212158, -0.074707, -9.460450, -15.808104, 21.484370,Stair-Up
165891, -0.062988, -1.360352, -0.073120, -2.990722, -24.475090, 12.512204,Stair-Up
165911, -0.064331, -1.384400, -0.095947, -11.657712, -31.555170, 5.126952,Stair-Up
165931, -0.106812, -1.202270, -0.184204, -8.544924, -41.625960, -8.850100,Stair-Up
165951, -0.180908, -0.944092, -0.263916, -4.333496, -36.132820, -14.953610,Stair-Up
165971, -0.236328, -0.797730, -0.288574, 9.277344, -18.676760, -18.310550,Stair-Up
165991, -0.286865, -0.782104, -0.317017, 16.052250, 10.375976, -18.127448,Stair-Up
166011, -0.323486, -0.784668, -0.325195, 12.207030, 46.752920, -14.770504,Stair-Up
166031, -0.267944, -0.777954, -0.277344, 7.446288, 79.406740, -10.925290,Stair-Up
166051, -0.166748, -0.836182, -0.225342, 6.347656, 96.435540, -7.324218,Stair-Up
166071, -0.069336, -0.924072, -0.207764, 3.479003, 97.717260, -6.103514,Stair-Up
166091, 0.008057, -0.987793, -0.223022, 3.723144, 85.815400, -5.432128,Stair-Up
166111, 0.087524, -1.038330, -0.259155, 5.554198, 58.105460, -7.263182,Stair-Up
166131, 0.128906, -1.003906, -0.280640, 4.333496, 20.568840, -6.896972,Stair-Up
166151, 0.125122, -0.845947, -0.251221, 10.437010, -38.879400, -5.187988,Stair-Up
166171, 0.098633, -0.789917, -0.235718, 15.258788, -80.444320, -6.103514,Stair-Up
166191, -0.025146, -0.766846, -0.242065, 21.545408, -109.497040, -11.413570,Stair-Up
166211, -0.121460, -0.796509, -0.236938, 20.202630, -117.004380, -15.502928,Stair-Up
166231, -0.157471, -0.789062, -0.239502, 14.160152, -115.417460, -21.118160,Stair-Up
166251, -0.195557, -0.762695, -0.219482, 9.582520, -109.191880, -27.465816,Stair-Up
166271, -0.199341, -0.749024, -0.214844, 8.911134, -100.585920, -33.203130,Stair-Up
166291, -0.239868, -0.773316, -0.224731, 9.826660, -89.721660, -38.757330,Stair-Up
166311, -0.249512, -0.806885, -0.233765, 9.277344, -76.232920, -44.677720,Stair-Up
166331, -0.232422, -0.828736, -0.243164, 10.070800, -67.810060, -50.842280,Stair-Up
166351, -0.255127, -0.890747, -0.239258, 14.465330, -60.852040, -57.373040,Stair-Up
166371, -0.243530, -0.933960, -0.220703, 9.704590, -49.133290, -61.889640,Stair-Up
166391, -0.273316, -0.942505, -0.210083, 11.779784, -40.405260, -63.842760,Stair-Up
166411, -0.284668, -0.997314, -0.209106, 13.183590, -29.479976, -63.781730,Stair-Up
166431, -0.289429, -1.076904, -0.220215, 13.793944, -18.615724, -62.316880,Stair-Up
166451, -0.258301, -1.144165, -0.224731, 11.352536, -12.084960, -59.814440,Stair-Up
166471, -0.244263, -1.201660, -0.202759, 14.709470, -8.911134, -55.419910,Stair-Up
166491, -0.236694, -1.406860, -0.196777, 26.733390, -7.385252, -51.879880,Stair-Up
166511, -0.176758, -1.642090, -0.185913, 17.639160, -15.014646, -46.752920,Stair-Up
166531, -0.109131, -1.619507, -0.182495, 7.324218, -41.625960, -42.358390,Stair-Up
166551, -0.200195, -1.488282, -0.175415, -2.197266, -61.645500, -34.729010,Stair-Up
166571, -0.228272, -1.194092, -0.158447, -12.634276, -59.509270, -16.540530,Stair-Up
166591, -0.243164, -0.870484, -0.215576, 0.671386, -40.527340, 15.258788,Stair-Up
166611, -0.311768, -0.786865, -0.234131, 6.164550, -21.118160, 31.311030,Stair-Up
166631, -0.357178, -0.806885, -0.218262, 15.869140, 3.356933, 38.879400,Stair-Up
166651, -0.372192, -0.951050, -0.170532, 15.869140, 28.137200, 40.771480,Stair-Up
166671, -0.380127, -1.029419, -0.114868, 4.943848, 51.452620, 38.085940,Stair-Up
166691, -0.336914, -1.098755, -0.052124, -3.906249, 71.594240, 33.874520,Stair-Up
166711, -0.228027, -1.129150, -0.044312, -18.371584, 82.702620, 31.494136,Stair-Up
166731, -0.150024, -1.038208, -0.067749, -30.395500, 80.810540, 33.752440,Stair-Up
166751, -0.119507, -0.947876, -0.082031, -29.418940, 71.350100, 36.987310,Stair-Up
166771, -0.081909, -0.922241, -0.070923, -27.832030, 57.739250, 42.358390,Stair-Up
166791, -0.057251, -0.901001, -0.052979, -26.367180, 39.733900, 48.400870,Stair-Up
166811, -0.083862, -0.886597, -0.044067, -21.667476, 11.962890, 55.541980,Stair-Up
166831, -0.110107, -0.895630, -0.042847, -19.714360, 1.892090, 60.241690,Stair-Up
166851, -0.114746, -0.897339, -0.036377, -19.714360, -2.807617, 63.049300,Stair-Up
166871, -0.128784, -0.886353, -0.035156, -19.104010, -2.685546, 64.697280,Stair-Up
166891, -0.138062, -0.892212, -0.028442, -16.967780, -0.427246, 63.049300,Stair-Up
166911, -0.137085, -0.923828, -0.013062, -14.587400, 3.723144, 60.241690,Stair-Up
166931, -0.107178, -0.939697, -0.002563, -16.418460, 4.272462, 55.236800,Stair-Up
166951, -0.101563, -0.913818, -0.015747, -14.587400, 1.342773, 48.339840,Stair-Up
166971, -0.138306, -0.917603, -0.031982, -9.826660, 2.075196, 40.771480,Stair-Up
166991, -0.144287, -0.959229, -0.046753, -6.347656, 5.432128, 32.775880,Stair-Up
167011, -0.141602, -0.990479, -0.038208, -8.239746, 10.559080, 26.428220,Stair-Up
167031, -0.129517, -1.039185, -0.046387, -4.089356, 18.249516, 17.150880,Stair-Up
167051, -0.123291, -1.085572, -0.089233, -4.394532, 21.606440, 10.986324,Stair-Up
167071, -0.080566, -1.086060, -0.108276, -4.760742, 16.235352, 4.211426,Stair-Up
167091, -0.059692, -1.179078, -0.082886, 11.901852, 5.615234, -4.882814,Stair-Up
167111, -0.073975, -1.331910, -0.095337, 4.028321, -1.586914, -12.878416,Stair-Up
167131, -0.091187, -1.213868, -0.116699, -5.981444, -6.042480, -17.700200,Stair-Up
167151, -0.104736, -1.111816, -0.167114, 0.183105, -17.333990, -28.076170,Stair-Up
167171, -0.129639, -0.940186, -0.222290, -4.333496, -25.146480, -31.433100,Stair-Up
167191, -0.186768, -0.753296, -0.257935, 4.760742, -24.536130, -33.447270,Stair-Up
167211, -0.238892, -0.735962, -0.251465, 16.052250, -14.404296, -33.630380,Stair-Up
167231, -0.244873, -0.854004, -0.228516, 20.507810, 1.525878, -32.592780,Stair-Up
167251, -0.211426, -0.991944, -0.231445, 11.047360, 22.460930, -32.775880,Stair-Up
167271, -0.146851, -1.015381, -0.237427, 7.873534, 26.245110, -33.630380,Stair-Up
167291, -0.083618, -1.024414, -0.220947, 7.568358, 16.357424, -34.851080,Stair-Up
167311, -0.083618, -1.014404, -0.207886, 7.446288, 0.610352, -35.034180,Stair-Up
167331, -0.100586, -0.943482, -0.205811, 5.981444, -11.535644, -32.043460,Stair-Up
167351, -0.132446, -0.860718, -0.209961, 8.789064, -18.066410, -27.465816,Stair-Up
167371, -0.176880, -0.811402, -0.218262, 10.986324, -16.723632, -22.338860,Stair-Up
167391, -0.195923, -0.769409, -0.226929, 11.047360, -11.901852, -18.188480,Stair-Up
167411, -0.196777, -0.736206, -0.208496, 12.207030, -7.934570, -17.395020,Stair-Up
167431, -0.207886, -0.744873, -0.193848, 14.526364, -5.065916, -18.493652,Stair-Up
167451, -0.223755, -0.770996, -0.185425, 13.488768, -1.708984, -21.057124,Stair-Up
167471, -0.198730, -0.798584, -0.191895, 14.648436, -1.708984, -27.099608,Stair-Up
167491, -0.199463, -0.828858, -0.197510, 14.770504, -3.295898, -30.700680,Stair-Up
167511, -0.207275, -0.847656, -0.195923, 16.418460, -5.371092, -34.790040,Stair-Up
167531, -0.237061, -0.885132, -0.205322, 17.883300, -6.103514, -38.879400,Stair-Up
167551, -0.248779, -0.893677, -0.225342, 17.089850, -1.953124, -40.344230,Stair-Up
167571, -0.238892, -0.889404, -0.252808, 18.005376, 3.356933, -38.085940,Stair-Up
167591, -0.225830, -0.908936, -0.243408, 20.202630, 6.042480, -34.729010,Stair-Up
167611, -0.250366, -0.976807, -0.234619, 22.338860, 11.047360, -30.456540,Stair-Up
167631, -0.240967, -1.084595, -0.233398, 23.010250, 15.563964, -27.893060,Stair-Up
167651, -0.204346, -1.199707, -0.252075, 20.385740, 14.892576, -25.695796,Stair-Up
167671, -0.169556, -1.269288, -0.257202, 16.479492, 6.835936, -23.193352,Stair-Up
167691, -0.149780, -1.237549, -0.220947, 12.390136, -10.009768, -15.319820,Stair-Up
167711, -0.213013, -1.410522, -0.235962, 31.127924, -14.465330, -12.634276,Stair-Up
167731, -0.250855, -1.683350, -0.242065, 19.165040, -9.338380, -10.314940,Stair-Up
167751, -0.209839, -1.622803, -0.268433, -3.845214, -4.577638, -6.103514,Stair-Up
167771, -0.194946, -1.308594, -0.255493, -20.568840, -7.690428, 1.831054,Stair-Up
167791, -0.199219, -0.895874, -0.195068, -28.198240, -4.150392, 17.272950,Stair-Up
167811, -0.250366, -0.699707, -0.175293, -6.835936, 9.460450, 37.414560,Stair-Up
167831, -0.251099, -0.901001, -0.172119, 7.507323, 27.221676, 44.372550,Stair-Up
167851, -0.245117, -1.123902, -0.171631, -5.554198, 41.503900, 51.452620,Stair-Up
167871, -0.202148, -1.211304, -0.115723, -13.549804, 44.128410, 47.851560,Stair-Up
167891, -0.157349, -1.289917, -0.051392, -25.390620, 41.625960, 42.480460,Stair-Up
167911, -0.033203, -1.052368, 0.019165, -47.607410, 33.020020, 50.231920,Stair-Up
167931, -0.009155, -0.862305, -0.027466, -34.057620, 17.456060, 54.138180,Stair-Up
167951, -0.055298, -0.854980, -0.078247, -23.376460, 8.850100, 59.509270,Stair-Up
167971, -0.072266, -0.835938, -0.091309, -19.531250, 3.967285, 63.903800,Stair-Up
167991, -0.121582, -0.803833, -0.065063, -15.014646, 1.464844, 63.049300,Stair-Up
168011, -0.189453, -0.801270, -0.036621, -11.108396, 9.765626, 59.020980,Stair-Up
168031, -0.223511, -0.835694, -0.011230, -11.230468, 27.099608, 55.664060,Stair-Up
168051, -0.199097, -0.895142, -0.015015, -11.840818, 43.701160, 48.461900,Stair-Up
168071, -0.145020, -0.914551, -0.041016, -17.395020, 52.917470, 39.855960,Stair-Up
168091, -0.139648, -0.862671, -0.061035, -18.493652, 57.556140, 30.273430,Stair-Up
168111, -0.139771, -0.815674, -0.061768, -16.845708, 59.448240, 20.446770,Stair-Up
168131, -0.165405, -0.797608, -0.056274, -11.230468, 62.194820, 5.859374,Stair-Up
168151, -0.135986, -0.821533, -0.045410, -11.596676, 65.734860, 0.976562,Stair-Up
168171, -0.121216, -0.861694, -0.054932, -7.873534, 65.673840, -5.371092,Stair-Up
168191, -0.123291, -0.945679, -0.088623, -3.723144, 65.795900, -13.122556,Stair-Up
168211, -0.085083, -1.051148, -0.110107, -0.915527, 63.415520, -20.446770,Stair-Up
168231, -0.050903, -1.147095, -0.092407, -1.953124, 55.969230, -26.611320,Stair-Up
168251, -0.028076, -1.215576, -0.076416, -1.464844, 45.227040, -31.311030,Stair-Up
168271, -0.014526, -1.307618, -0.086548, 4.333496, 33.020020, -38.513190,Stair-Up
168291, 0.021606, -1.444946, -0.121582, 8.300784, 20.080560, -45.349110,Stair-Up
168311, 0.024902, -1.502808, -0.163940, 1.892090, 5.249022, -49.194320,Stair-Up
168331, 0.001953, -1.465698, -0.183960, 2.807617, -7.568358, -54.626460,Stair-Up
168351, 0.007446, -1.458496, -0.161011, 0.610352, -20.019532, -62.866200,Stair-Up
168371, -0.005371, -1.311402, -0.171143, -2.502442, -23.498530, -67.504900,Stair-Up
168391, 0.001343, -1.191772, -0.265625, 5.737304, -22.155760, -76.538100,Stair-Up
168411, -0.068970, -1.056763, -0.387573, 10.681150, -13.366696, -85.388160,Stair-Up
168431, -0.112793, -0.908203, -0.469605, 20.507810, 7.385252, -91.369600,Stair-Up
168451, -0.095215, -0.955078, -0.424805, 30.212400, 36.254890, -85.205060,Stair-Up
168471, 0.055664, -1.070801, -0.277100, 16.235352, 66.650400, -65.307640,Stair-Up
168491, 0.260132, -1.074952, -0.176758, 4.516602, 80.566400, -37.536620,Stair-Up
168511, 0.321655, -1.085450, -0.148682, -3.173828, 67.199720, -20.874020,Stair-Up
168531, 0.397827, -1.008057, -0.178101, -9.643556, 31.249992, -11.230468,Stair-Up
168551, 0.446655, -0.865234, -0.197876, -4.272462, -21.301268, -9.216310,Stair-Up
168571, 0.372803, -0.811035, -0.165649, 5.126952, -79.589840, 0.244141,Stair-Up
168591, 0.251831, -0.755982, -0.165527, 1.281738, -89.355460, 7.446288,Stair-Up
168611, 0.165527, -0.703491, -0.174805, 0.549316, -88.439920, 10.620116,Stair-Up
168631, 0.127808, -0.697144, -0.168701, 1.098633, -83.557100, 8.789064,Stair-Up
168651, 0.093140, -0.712891, -0.158447, 0.183105, -74.340840, 9.277344,Stair-Up
168671, 0.080322, -0.716675, -0.151855, -2.563476, -62.499990, 11.657712,Stair-Up
168691, 0.049072, -0.718872, -0.147705, -1.647949, -52.795400, 14.282224,Stair-Up
168711, 0.023560, -0.731568, -0.158936, 0.183105, -44.738760, 16.052250,Stair-Up
168731, -0.000977, -0.744873, -0.172363, 2.807617, -39.611820, 18.249516,Stair-Up
168751, -0.034546, -0.751831, -0.180542, 7.385252, -34.423840, 20.324700,Stair-Up
168771, -0.057983, -0.777100, -0.181763, 11.291500, -27.893060, 23.498530,Stair-Up
168791, -0.073730, -0.769654, -0.164307, 12.634276, -14.282224, 30.151360,Stair-Up
168811, -0.083374, -0.757690, -0.154907, 15.014646, -1.159668, 34.606940,Stair-Up
168831, -0.081543, -0.762207, -0.171143, 16.174320, 17.395020, 40.771480,Stair-Up
168851, -0.132568, -0.797852, -0.227783, 18.310550, 33.813480, 44.982900,Stair-Up
168871, -0.207275, -0.845459, -0.275269, 15.869140, 46.508780, 40.588370,Stair-Up
168891, -0.218384, -0.856934, -0.288086, 12.145992, 55.114740, 33.142100,Stair-Up
168911, -0.174683, -0.908325, -0.298340, 13.183590, 62.988270, 24.047850,Stair-Up
168931, -0.023315, -1.007202, -0.335327, 11.840818, 58.349600, 19.592290,Stair-Up
168951, 0.070557, -0.967163, -0.367920, 9.948730, 1.770019, -16.418460,Stair-Up
168971, -0.157471, -1.145020, -0.348267, 26.611320, 14.709470, 10.620116,Stair-Up
168991, 0.040283, -1.139282, -0.371582, 12.756344, -10.375976, 10.314940,Stair-Up
169011, -0.059692, -1.286377, -0.402100, 29.235832, -41.870110, -9.155274,Stair-Up
169031, -0.111938, -1.499634, -0.368896, 33.874520, -47.302240, -6.774902,Stair-Up
169051, -0.099121, -1.560791, -0.343628, 25.451652, -48.706040, -15.380856,Stair-Up
169071, -0.101318, -1.587646, -0.309570, 20.751950, -45.898430, -15.014646,Stair-Up
169091, -0.120483, -1.452759, -0.292236, 7.385252, -37.658700, -10.314940,Stair-Up
169111, -0.119019, -1.211792, -0.282715, -2.990722, -33.142100, 0.366211,Stair-Up
169131, -0.180176, -0.972534, -0.253296, -1.525878, -21.057124, 16.418460,Stair-Up
169151, -0.221436, -0.922363, -0.237305, 5.737304, -3.051757, 15.380856,Stair-Up
169171, -0.194336, -1.064698, -0.225464, 9.948730, 18.798830, 24.963376,Stair-Up
169191, -0.262329, -1.098144, -0.221069, -7.507323, 42.236320, 26.672360,Stair-Up
169211, -0.192261, -1.003052, -0.172607, -13.732908, 58.288560, 13.610836,Stair-Up
169231, -0.107422, -0.946655, -0.092529, -35.949720, 60.974110, 33.386240,Stair-Up
169251, -0.052368, -0.806519, -0.079956, -23.498530, 49.133290, 41.259760,Stair-Up
169271, -0.057495, -0.814453, -0.087402, -25.390620, 30.029290, 40.710440,Stair-Up
169291, -0.064819, -0.763184, -0.094971, -21.606440, 13.244628, 42.663560,Stair-Up
169311, -0.091064, -0.742310, -0.086182, -18.981940, -0.732422, 38.269050,Stair-Up
169371, -0.181519, -0.728638, -0.084839, -14.831540, 6.530760, 24.047850,Stair-Up
169391, -0.169312, -0.791016, -0.085205, -17.028810, 14.831540, 20.751950,Stair-Up
169411, -0.153442, -0.831909, -0.081055, -20.324700, 20.263670, 17.944340,Stair-Up
169431, -0.132324, -0.863770, -0.069580, -20.385740, 19.348150, 13.122556,Stair-Up
169451, -0.096191, -0.960571, -0.054688, -16.357424, 10.437010, 5.981444,Stair-Up
169471, -0.071899, -1.036744, -0.063232, -15.563964, 3.112792, 4.150392,Stair-Up
169491, -0.046265, -1.086426, -0.063599, -15.624996, -5.493162, 3.479003,Stair-Up
169511, -0.051514, -1.160034, -0.079712, -8.605960, -12.878416, 1.342773,Stair-Up
169531, -0.075195, -1.309814, -0.099121, -1.586914, -15.624996, -4.333496,Stair-Up
169551, -0.056885, -1.409424, -0.115479, -5.676268, -13.427732, -8.483890,Stair-Up
169571, -0.084106, -1.375977, -0.154053, -10.681150, -7.263182, -12.390136,Stair-Up
169591, -0.161377, -1.319824, -0.174316, -8.911134, 9.216310, -18.981940,Stair-Up
169611, -0.241089, -1.388550, -0.141480, -5.249022, 42.663560, -33.691410,Stair-Up
169631, -0.232422, -1.429688, -0.127930, -22.155760, 94.482400, -48.217760,Stair-Up
169651, -0.012451, -1.245606, -0.207153, -34.973150, 126.159640, -74.584960,Stair-Up
169671, 0.134888, -1.037476, -0.291138, -14.770504, 113.708480, -76.599140,Stair-Up
169691, 0.209229, -0.925415, -0.362061, -2.685546, 89.111300, -73.120140,Stair-Up
169711, 0.250244, -0.831177, -0.372925, 12.695310, 53.405750, -65.856940,Stair-Up
169731, 0.273316, -0.771484, -0.298096, 24.169920, 28.930660, -56.640620,Stair-Up
169751, 0.216431, -0.780274, -0.289917, 30.822750, 20.874020, -43.334950,Stair-Up
169771, 0.135132, -0.825806, -0.309937, 27.954100, 21.728510, -35.461430,Stair-Up
169791, 0.126099, -0.814331, -0.298828, 16.113284, 13.671872, -29.785150,Stair-Up
169811, 0.129761, -0.692749, -0.259033, 10.070800, 2.624511, -28.564450,Stair-Up
169831, 0.208984, -0.575073, -0.192383, 8.972170, -8.300784, -22.155760,Stair-Up
169851, 0.230103, -0.500854, -0.212524, 13.732908, -19.531250, -13.305660,Stair-Up
169871, 0.143799, -0.539062, -0.264160, 18.615724, -32.653820, -8.117676,Stair-Up
169891, 0.147339, -0.583130, -0.258545, 16.357424, -59.692380, -6.774902,Stair-Up
169911, 0.115234, -0.613404, -0.243774, 20.874020, -80.078140, -6.469726,Stair-Up
169931, 0.091797, -0.685303, -0.211548, 21.789548, -92.224100, -4.150392,Stair-Up
169951, 0.089966, -0.746094, -0.182617, 20.446770, -96.984840, 1.037598,Stair-Up
169971, 0.064697, -0.815186, -0.182373, 19.714360, -99.365220, 5.310058,Stair-Up
169991, 0.027954, -0.904907, -0.195313, 16.357424, -104.797340, 9.704590,Stair-Up
170011, 0.014282, -0.924805, -0.209961, 12.268064, -114.685040, 7.812498,Stair-Up
170031, -0.007568, -0.914062, -0.222534, 15.319820, -125.244120, 7.324218,Stair-Up
170051, -0.061523, -0.923706, -0.235596, 19.653320, -134.216320, 2.441407,Stair-Up
170071, -0.111206, -0.931396, -0.229980, 22.155760, -134.399440, -2.258301,Stair-Up
170091, -0.185669, -0.919678, -0.240356, 23.437492, -119.079560, -12.756344,Stair-Up
170111, -0.317627, -0.943848, -0.293335, 22.460930, -93.261700, -18.432620,Stair-Up
170131, -0.286987, -0.932129, -0.306030, 17.517090, -61.157220, -20.263670,Stair-Up
170151, -0.257568, -0.920166, -0.312500, 17.150880, -34.606940, -20.935052,Stair-Up
170171, -0.236328, -0.947510, -0.312866, 19.104010, -9.704590, -20.568840,Stair-Up
170191, -0.184448, -0.997437, -0.309937, 20.874020, 5.493162, -19.409180,Stair-Up
170211, -0.174438, -1.059814, -0.311890, 25.329584, 11.108396, -20.812980,Stair-Up
170231, -0.142944, -1.162232, -0.283936, 28.381340, 11.657712, -21.179192,Stair-Up
170251, -0.105103, -1.287964, -0.256226, 31.860350, 7.446288, -21.911620,Stair-Up
170271, -0.095703, -1.459351, -0.233643, 34.362800, 2.929687, -22.521970,Stair-Up
170291, -0.084473, -1.612061, -0.216431, 26.977532, 1.159668, -20.996090,Stair-Up
170311, -0.079346, -1.680786, -0.215454, 16.723632, -0.976562, -18.005376,Stair-Up
170331, -0.128052, -1.621460, -0.257202, 6.408690, 2.380371, -13.549804,Stair-Up
170351, -0.118408, -1.464844, -0.313599, -0.183105, 9.338380, -4.699708,Stair-Up
170371, -0.125488, -1.280640, -0.336060, -4.028321, 18.920900, 3.967285,Stair-Up
170391, -0.163086, -1.095093, -0.333740, -6.774902, 33.447270, 17.028810,Stair-Up
170411, -0.199219, -0.977173, -0.305298, -4.211426, 52.978500, 28.015130,Stair-Up
170431, -0.183960, -0.991211, -0.274048, -2.868652, 72.876000, 35.644540,Stair-Up
170451, -0.158203, -1.002564, -0.251343, -12.634276, 87.158180, 39.001470,Stair-Up
170472, -0.128784, -0.917603, -0.213501, -23.010250, 94.970680, 41.442860,Stair-Up
170492, -0.110962, -0.808716, -0.161987, -30.334470, 95.764140, 41.870110,Stair-Up
170512, -0.062012, -0.640869, -0.097168, -35.827640, 85.693340, 43.823240,Stair-Up
170532, -0.056885, -0.600220, -0.094238, -33.020020, 73.852540, 45.043940,Stair-Up
170552, -0.060425, -0.596070, -0.088745, -34.118660, 60.668940, 43.701160,Stair-Up
170572, -0.075195, -0.572754, -0.083130, -33.081060, 47.851560, 40.161120,Stair-Up
170592, -0.096924, -0.579224, -0.087769, -28.015130, 36.193860, 33.142100,Stair-Up
170612, -0.115234, -0.678589, -0.087769, -21.362300, 27.343748, 24.353020,Stair-Up
170632, -0.112183, -0.789795, -0.053345, -24.291990, 21.179192, 17.517090,Stair-Up
170652, -0.076660, -0.846070, 0.008545, -24.658200, 15.258788, 9.704590,Stair-Up
170672, -0.079590, -0.950806, 0.021118, -20.263670, 12.268064, 3.784179,Stair-Up
170692, -0.089722, -1.098022, -0.002441, -20.874020, 12.268064, -1.892090,Stair-Up
170712, -0.059937, -1.199829, 0.000610, -28.076170, 10.437010, -5.004884,Stair-Up
170732, -0.001343, -1.113282, 0.046265, -35.034180, -5.371092, -5.920409,Stair-Up
170752, -0.027710, -1.074463, 0.032593, -25.695796, -9.887696, -0.366211,Stair-Up
170772, -0.021240, -1.160400, -0.018555, -15.747068, -9.643556, 6.164550,Stair-Up
170792, 0.025635, -1.227295, -0.063843, -13.977050, -11.352536, 14.648436,Stair-Up
170812, 0.043335, -1.242432, -0.077393, -6.103514, -15.991210, 20.996090,Stair-Up
170832, 0.027832, -1.303223, -0.087280, 2.807617, -15.869140, 23.803708,Stair-Up
170852, 0.034546, -1.380738, -0.124756, 10.009768, -7.263182, 25.024410,Stair-Up
170872, 0.162476, -1.485352, -0.137207, 10.437010, 0.061035, 22.338860,Stair-Up
170892, 0.348145, -1.471924, -0.048340, 2.929687, -8.789064, 17.089850,Stair-Up
170912, 0.334473, -1.314698, -0.026367, 5.737304, -28.503410, 9.216310,Stair-Up
170932, 0.115112, -1.238892, -0.131958, 19.836430, -40.405260, -9.582520,Stair-Up
170952, -0.032104, -1.101929, -0.270020, 11.413570, -31.555170, -38.635260,Stair-Up
170972, 0.054077, -0.852295, -0.329590, 13.732908, -17.639160, -46.264640,Stair-Up
170992, 0.080811, -0.764771, -0.350464, 24.841304, 1.159668, -41.748040,Stair-Up
171012, 0.053345, -0.798706, -0.334717, 25.451652, 23.681636, -34.118660,Stair-Up
171032, -0.000366, -0.833374, -0.314453, 19.409180, 44.006340, -27.770990,Stair-Up
171052, 0.029175, -0.854126, -0.291016, 10.803220, 54.626460, -26.428220,Stair-Up
171072, 0.138916, -0.773926, -0.265259, 0.427246, 42.846670, -25.878900,Stair-Up
171092, 0.190186, -0.652710, -0.266113, 2.441407, 14.587400, -21.484370,Stair-Up
171112, 0.174072, -0.564453, -0.285645, 7.263182, -18.371584, -16.601568,Stair-Up
171132, 0.103272, -0.562866, -0.287842, 15.380856, -41.076650, -11.779784,Stair-Up
171152, 0.040283, -0.585327, -0.256104, 15.258788, -56.579580, -10.864256,Stair-Up
171172, -0.061523, -0.605225, -0.209229, 15.136716, -65.856940, -13.610836,Stair-Up
171192, -0.117554, -0.671753, -0.215332, 14.221190, -58.593740, -13.977050,Stair-Up
171212, -0.120972, -0.738892, -0.216675, 10.681150, -46.691880, -12.817380,Stair-Up
171232, -0.081177, -0.807739, -0.205444, 11.047360, -41.564930, -14.221190,Stair-Up
171252, -0.075806, -0.889893, -0.205933, 14.343260, -42.175280, -17.578130,Stair-Up
171272, -0.068604, -0.964356, -0.222656, 16.357424, -43.884270, -20.812980,Stair-Up
171312, -0.106445, -1.029908, -0.249268, 22.399900, -48.950180, -29.418940,Stair-Up
171332, -0.131836, -1.028564, -0.256104, 24.108880, -44.433580, -31.555170,Stair-Up
171352, -0.135986, -1.035156, -0.263184, 26.428220, -37.597660, -32.165540,Stair-Up
171372, -0.163086, -1.085938, -0.272705, 29.296870, -28.808590, -32.226570,Stair-Up
171392, -0.156128, -1.173584, -0.267334, 27.465816, -15.624996, -30.944820,Stair-Up
171412, -0.153564, -1.197510, -0.269043, 24.780270, -7.324218, -28.625480,Stair-Up
171432, -0.128784, -1.208862, -0.281982, 25.146480, -3.173828, -25.695796,Stair-Up
171452, -0.135254, -1.260498, -0.293091, 31.066890, 0.183105, -23.132320,Stair-Up
171472, -0.150879, -1.431030, -0.337646, 39.123540, 5.615234, -22.644040,Stair-Up
171492, -0.180908, -1.606079, -0.333130, 27.404780, 12.756344, -20.324700,Stair-Up
171512, -0.171387, -1.535644, -0.283447, 4.455568, 24.353020, -16.662600,Stair-Up
171532, -0.129883, -1.301514, -0.269653, -7.690428, 39.123540, -3.356933,Stair-Up
171552, -0.090576, -1.102295, -0.288574, -11.352536, 46.203600, 8.117676,Stair-Up
171572, -0.137939, -1.029786, -0.278442, -12.390136, 66.101100, 32.653820,Stair-Up
171592, -0.067017, -0.976685, -0.231934, -15.991210, 70.007340, 39.978040,Stair-Up
171612, -0.089844, -1.023438, -0.172485, -20.202630, 61.157220, 46.936020,Stair-Up
171632, -0.073853, -0.993164, -0.148682, -28.747552, 56.274400, 49.865720,Stair-Up
171652, -0.039063, -0.946655, -0.127686, -31.677240, 44.799800, 50.109860,Stair-Up
171672, -0.032471, -0.902710, -0.099854, -33.813480, 30.700680, 50.354000,Stair-Up
171692, -0.063599, -0.845459, -0.077393, -35.888680, 21.118160, 51.940910,Stair-Up
171712, -0.074951, -0.795532, -0.067749, -36.438000, 14.648436, 52.124020,Stair-Up
171732, -0.094727, -0.775391, -0.077393, -33.447270, 12.084960, 52.429190,Stair-Up
171752, -0.105835, -0.807373, -0.070068, -34.240730, 12.084960, 52.917470,Stair-Up
171772, -0.105469, -0.802979, -0.049927, -38.696300, 11.840818, 52.917470,Stair-Up
171792, -0.107788, -0.771973, -0.025757, -38.696300, 11.169430, 51.086420,Stair-Up
171812, -0.101807, -0.796387, -0.020630, -33.874520, 11.901852, 48.339840,Stair-Up
171832, -0.080322, -0.876465, -0.010498, -34.301760, 12.084960, 44.433580,Stair-Up
171852, -0.082397, -0.880737, -0.009155, -32.531740, 9.582520, 39.855960,Stair-Up
171872, -0.096558, -0.899902, 0.002319, -27.832030, 7.507323, 32.714850,Stair-Up
171892, -0.098755, -0.936524, -0.007324, -21.850580, 9.521484, 26.367180,Stair-Up
171912, -0.104736, -0.994141, -0.037476, -17.700200, 15.624996, 21.362300,Stair-Up
171932, -0.084961, -1.021973, -0.034424, -20.202630, 21.545408, 18.432620,Stair-Up
171952, -0.082275, -0.976685, -0.035400, -18.676760, 26.306150, 16.296390,Stair-Up
171972, -0.104736, -0.989624, -0.073242, -9.887696, 31.738280, 11.230468,Stair-Up
171992, -0.092041, -1.066528, -0.097168, -7.324218, 40.039070, 8.300784,Stair-Up
172012, -0.046387, -1.065186, -0.101318, -12.084960, 43.701160, 6.835936,Stair-Up
172032, -0.044189, -1.019288, -0.114746, -6.652830, 44.860830, 3.295898,Stair-Up
172052, -0.040527, -1.220337, -0.182739, 10.253904, 51.940910, -8.605960,Stair-Up
172072, 0.017700, -1.405030, -0.183472, 6.164550, 52.246080, -17.211920,Stair-Up
172092, 0.116211, -1.414795, -0.164185, -5.615234, 40.466300, -22.766110,Stair-Up
172112, 0.128174, -1.399780, -0.174927, 6.469726, 20.141600, -31.188960,Stair-Up
172132, 0.134155, -1.528564, -0.187256, 13.793944, -0.061035, -39.611820,Stair-Up
172152, 0.317871, -1.520874, -0.205566, 9.094240, -27.709956, -44.860830,Stair-Up
172172, 0.407593, -1.367920, -0.224487, 17.333990, -67.932140, -49.438460,Stair-Up
172192, 0.243652, -1.195435, -0.295898, 20.874020, -87.890600, -48.522940,Stair-Up
172212, 0.105225, -0.936768, -0.345093, 25.207516, -81.481900, -49.255360,Stair-Up
172232, -0.038818, -0.782227, -0.396851, 36.865240, -51.452620, -52.734360,Stair-Up
172252, -0.105225, -0.761963, -0.436035, 39.123540, -3.356933, -52.124020,Stair-Up
172272, 0.008179, -0.736816, -0.356567, 20.996090, 41.687000, -49.499500,Stair-Up
172292, 0.043457, -0.687256, -0.297485, 19.165040, 38.635260, -52.490220,Stair-Up
172312, 0.069580, -0.703980, -0.241333, 15.869140, 25.512690, -50.781240,Stair-Up
172332, 0.152100, -0.685669, -0.214844, 7.446288, 2.380371, -41.015620,Stair-Up
172352, 0.147095, -0.617310, -0.213623, 7.934570, -31.555170, -34.973150,Stair-Up
172372, 0.046997, -0.611084, -0.230835, 11.535644, -55.358880, -29.418940,Stair-Up
172392, -0.036743, -0.623413, -0.244385, 10.864256, -66.406260, -23.010250,Stair-Up
172412, -0.129517, -0.627564, -0.246948, 9.521484, -65.856940, -18.981940,Stair-Up
172432, -0.179565, -0.655640, -0.226685, 8.300784, -53.771960, -13.671872,Stair-Up
172452, -0.143311, -0.708008, -0.219605, 7.568358, -43.945300, -10.681150,Stair-Up
172472, -0.110230, -0.756592, -0.235840, 7.446288, -40.527340, -7.568358,Stair-Up
172492, -0.101929, -0.832398, -0.255249, 11.108396, -43.640120, -6.347656,Stair-Up
172512, -0.097046, -0.887573, -0.239868, 12.695310, -48.461900, -5.798338,Stair-Up
172532, -0.104004, -0.927734, -0.239990, 13.793944, -51.940910, -4.699708,Stair-Up
172552, -0.129028, -0.964478, -0.263794, 13.854978, -49.377430, -1.403808,Stair-Up
172572, -0.120239, -0.986450, -0.279541, 13.000484, -46.936020, 2.014160,Stair-Up
172592, -0.130981, -0.988037, -0.290894, 14.038084, -45.104970, 4.089356,Stair-Up
172612, -0.137451, -1.012452, -0.308228, 15.869140, -41.015620, 5.676268,Stair-Up
172632, -0.152710, -1.025269, -0.329102, 14.526364, -33.203130, 8.728030,Stair-Up
172652, -0.146240, -0.998047, -0.339600, 13.122556, -23.925780, 11.291500,Stair-Up
172672, -0.154541, -0.999390, -0.338501, 16.113284, -15.686032, 12.023924,Stair-Up
172692, -0.149414, -1.081665, -0.333862, 19.348150, -7.873534, 10.070800,Stair-Up
172712, -0.054199, -1.158326, -0.320679, 13.366696, -9.460450, 7.568358,Stair-Up
172732, -0.052124, -1.103272, -0.317627, 13.610836, -15.869140, 7.751464,Stair-Up
172752, -0.073975, -1.180786, -0.303833, 28.198240, -20.751950, 3.479003,Stair-Up
172772, -0.069458, -1.454102, -0.275391, 36.193860, -24.047850, -2.075196,Stair-Up
172792, -0.098389, -1.691284, -0.282837, 29.785150, -21.484370, -8.483890,Stair-Up
172812, -0.104614, -1.709473, -0.293701, 10.498044, -15.991210, -14.282224,Stair-Up
172832, -0.078247, -1.459961, -0.305176, -0.305176, -11.962890, -13.061520,Stair-Up
172852, -0.115845, -1.233643, -0.296753, 0.366211, -4.760742, -6.469726,Stair-Up
172872, -0.175903, -1.069458, -0.275757, -1.159668, 13.977050, 6.774902,Stair-Up
172892, -0.203491, -0.985108, -0.264038, 2.563476, 37.597660, 16.784670,Stair-Up
172912, -0.177124, -1.036744, -0.239990, -0.427246, 58.166500, 25.329584,Stair-Up
172932, -0.130737, -0.994263, -0.185059, -16.479492, 76.416040, 35.888680,Stair-Up
172952, -0.097656, -0.958740, -0.138672, -23.071284, 81.115700, 39.428720,Stair-Up
172972, -0.029419, -0.937134, -0.091309, -32.653820, 75.073240, 43.701160,Stair-Up
172992, 0.016724, -0.856445, -0.065918, -40.161120, 58.410640, 46.997060,Stair-Up
173012, 0.021484, -0.768066, -0.072266, -40.405260, 35.827640, 48.583980,Stair-Up
173032, -0.013794, -0.714112, -0.089844, -35.888680, 14.526364, 47.302240,Stair-Up
173052, -0.043579, -0.701416, -0.080200, -32.592780, -2.075196, 44.738760,Stair-Up
173072, -0.053955, -0.704956, -0.060425, -28.259270, -16.052250, 39.855960,Stair-Up
173092, -0.097290, -0.715698, -0.032959, -27.893060, -22.766110, 35.034180,Stair-Up
173112, -0.120117, -0.705322, -0.019165, -27.709956, -22.521970, 30.212400,Stair-Up
173132, -0.132446, -0.718384, -0.021973, -23.620600, -19.836430, 23.620600,Stair-Up
173152, -0.119995, -0.838135, -0.011963, -19.409180, -12.756344, 13.977050,Stair-Up
173172, -0.101563, -0.896240, 0.004639, -20.507810, -8.056642, 9.704590,Stair-Up
173192, -0.116211, -0.921753, 0.016113, -20.507810, -3.356933, 3.234863,Stair-Up
173212, -0.123413, -0.972290, 0.000488, -16.723632, 1.464844, -2.136231,Stair-Up
173232, -0.093140, -1.037354, -0.013062, -13.732908, 3.295898, -7.263182,Stair-Up
173252, -0.053589, -1.067627, -0.020508, -12.268064, 4.272462, -7.751464,Stair-Up
173272, -0.054321, -1.072144, -0.035522, -8.544924, 6.530760, -4.821778,Stair-Up
173292, -0.088989, -1.137818, -0.064941, 1.708984, 11.535644, -3.845214,Stair-Up
173312, -0.101318, -1.295532, -0.109131, 8.483890, 22.033690, -3.356933,Stair-Up
173332, -0.048584, -1.396606, -0.124023, 1.342773, 32.165540, -2.014160,Stair-Up
173352, -0.016724, -1.363038, -0.140747, -2.136231, 38.574220, 0.427246,Stair-Up
173372, -0.010986, -1.458374, -0.169556, 7.446288, 47.241200, -8.117676,Stair-Up
173392, 0.079224, -1.512818, -0.155151, -2.197266, 40.771480, -17.272950,Stair-Up
173412, 0.091797, -1.359131, -0.195190, -2.990722, 19.409180, -28.564450,Stair-Up
173432, 0.055298, -1.245484, -0.267334, 8.056642, -0.976562, -42.053220,Stair-Up
173452, 0.090576, -1.133789, -0.306641, 7.324218, -14.587400, -40.893540,Stair-Up
173472, 0.107300, -0.919190, -0.334839, 8.483890, -30.212400, -34.179700,Stair-Up
173492, 0.130005, -0.756104, -0.354858, 17.395020, -48.400870, -22.460930,Stair-Up
173512, 0.086182, -0.722656, -0.351318, 27.526850, -60.180660, -9.216310,Stair-Up
173532, -0.011719, -0.772583, -0.316772, 26.794430, -55.786120, 1.953124,Stair-Up
173552, -0.031494, -0.786377, -0.281738, 18.432620, -49.438460, 6.713866,Stair-Up
173572, -0.061279, -0.766846, -0.252197, 11.962890, -49.377430, 5.798338,Stair-Up
173592, -0.084473, -0.704834, -0.246582, 3.417968, -48.767080, 0.366211,Stair-Up
173612, -0.074463, -0.624878, -0.249390, 1.220704, -46.447740, 0.122070,Stair-Up
173632, -0.115723, -0.580688, -0.255982, 3.601074, -42.358390, -1.098633,Stair-Up
173652, -0.145020, -0.595215, -0.254150, 5.065916, -32.287600, -2.014160,Stair-Up
173672, -0.133545, -0.624878, -0.228027, 4.089356, -23.071284, -3.417968,Stair-Up
173692, -0.112305, -0.674194, -0.214966, 4.882814, -19.348150, -4.882814,Stair-Up
173712, -0.122192, -0.721802, -0.210815, 4.394532, -18.066410, -5.920409,Stair-Up
173732, -0.092773, -0.773926, -0.197510, 5.065916, -20.690910, -6.530760,Stair-Up
173752, -0.090454, -0.831909, -0.200562, 7.324218, -26.672360, -7.507323,Stair-Up
173772, -0.093140, -0.894287, -0.200684, 8.483890, -30.822750, -8.178714,Stair-Up
173792, -0.098389, -0.925537, -0.190552, 7.629394, -32.775880, -8.850100,Stair-Up
173812, -0.141846, -0.931641, -0.191772, 8.850100, -31.921380, -10.803220,Stair-Up
173832, -0.137329, -0.929444, -0.207764, 9.582520, -31.127924, -13.183590,Stair-Up
173852, -0.104248, -0.902588, -0.218384, 11.352536, -34.973150, -15.869140,Stair-Up
173872, -0.116333, -0.889648, -0.218018, 17.272950, -40.954580, -17.211920,Stair-Up
173892, -0.168701, -0.926514, -0.219971, 19.958500, -42.114250, -19.714360,Stair-Up
173912, -0.171997, -0.955078, -0.223511, 19.592290, -40.405260, -22.033690,Stair-Up
173932, -0.192505, -0.997070, -0.219971, 20.141600, -38.208020, -25.207516,Stair-Up
173952, -0.175781, -1.010742, -0.219238, 16.479492, -36.560060, -27.587884,Stair-Up
173972, -0.190796, -0.999146, -0.222778, 16.357424, -35.034180, -28.564450,Stair-Up
173992, -0.216919, -1.022705, -0.227417, 18.005376, -28.930660, -28.808590,Stair-Up
174012, -0.203613, -1.079834, -0.237427, 19.348150, -22.094720, -28.442380,Stair-Up
174032, -0.204346, -1.155762, -0.255249, 17.944340, -13.732908, -27.160640,Stair-Up
174052, -0.195435, -1.176270, -0.234741, 18.676760, -7.629394, -25.634760,Stair-Up
174072, -0.181885, -1.284180, -0.206299, 26.672360, -4.455568, -25.146480,Stair-Up
174092, -0.183594, -1.478150, -0.187378, 30.029290, -1.586914, -26.489250,Stair-Up
174112, -0.195068, -1.722168, -0.181519, 32.714850, 0.183105, -31.616208,Stair-Up
174132, -0.144897, -1.816528, -0.177002, 9.704590, 0.732422, -35.705570,Stair-Up
174152, -0.108643, -1.510010, -0.218506, -4.882814, -3.479003, -26.184080,Stair-Up
174172, -0.183105, -1.289795, -0.234985, 7.873534, 1.342773, -14.465330,Stair-Up
174192, -0.228027, -1.209106, -0.215820, 5.737304, 15.869140, 1.342773,Stair-Up
174212, -0.276733, -1.045654, -0.202148, 2.319336, 33.752440, 17.456060,Stair-Up
174232, -0.307861, -0.965576, -0.180542, 7.263182, 54.626460, 28.869624,Stair-Up
174252, -0.235474, -0.960083, -0.125122, -2.807617, 80.200200, 40.466300,Stair-Up
174272, -0.179077, -0.888672, -0.113281, -9.521484, 89.538560, 48.767080,Stair-Up
174292, -0.136963, -0.810791, -0.107666, -12.573240, 88.623040, 54.199210,Stair-Up
174312, -0.121094, -0.741211, -0.100342, -13.061520, 83.679180, 58.105460,Stair-Up
174332, -0.124390, -0.701416, -0.083008, -13.244628, 79.162600, 60.180660,Stair-Up
174352, -0.138672, -0.689453, -0.066650, -15.441892, 78.491220, 61.279280,Stair-Up
174372, -0.147583, -0.673950, -0.061523, -20.385740, 81.298800, 62.072740,Stair-Up
174392, -0.139771, -0.662598, -0.049316, -23.864740, 83.801260, 60.913080,Stair-Up
174412, -0.107788, -0.691162, -0.035156, -25.390620, 79.467800, 57.434080,Stair-Up
174432, -0.092896, -0.733765, -0.020264, -27.526850, 69.519040, 50.903310,Stair-Up
174452, -0.080566, -0.781860, -0.001709, -30.029290, 57.617180, 43.579090,Stair-Up
174472, -0.051270, -0.819946, 0.026733, -31.494136, 33.447270, 30.517570,Stair-Up
174492, -0.060425, -0.882935, 0.040527, -28.564450, 18.249516, 20.080560,Stair-Up
174512, -0.067749, -0.959839, 0.040649, -28.442380, 4.882814, 10.498044,Stair-Up
174532, -0.088501, -0.993164, 0.040039, -28.076170, -7.629394, -0.183105,Stair-Up
174552, -0.095581, -1.021606, 0.050415, -24.291990, -17.456060, -9.887696,Stair-Up
174572, -0.085571, -1.014893, 0.063965, -24.475090, -23.620600, -15.563964,Stair-Up
174592, -0.104248, -0.951782, 0.053833, -19.836430, -23.620600, -16.235352,Stair-Up
174612, -0.107056, -0.921875, 0.023804, -10.986324, -19.165040, -14.587400,Stair-Up
174632, -0.105103, -0.904907, -0.004028, -3.967285, -11.962890, -10.314940,Stair-Up
174652, -0.120850, -0.867432, -0.028809, 4.394532, 0.793457, -5.737304,Stair-Up
174672, -0.131104, -0.862427, -0.052246, 14.465330, 16.418460, -2.380371,Stair-Up
174692, -0.171265, -0.907593, -0.067505, 23.742670, 44.189440, -3.356933,Stair-Up
174712, -0.177246, -0.951660, -0.081787, 29.296870, 64.819340, -6.225584,Stair-Up
174732, -0.202393, -1.032349, -0.104492, 31.677240, 85.144020, -10.070800,Stair-Up
174752, -0.183228, -1.088623, -0.104736, 27.282710, 102.661100, -14.831540,Stair-Up
174772, -0.135986, -1.119263, -0.115356, 29.052730, 112.731900, -20.629880,Stair-Up
174792, -0.127930, -1.243774, -0.148804, 33.691410, 117.553700, -29.418940,Stair-Up
174812, -0.072022, -1.384766, -0.148682, 30.090330, 117.431620, -35.461430,Stair-Up
174832, 0.011963, -1.514893, -0.148315, 28.747552, 102.233880, -44.311520,Stair-Up
174852, 0.059326, -1.596192, -0.196045, 26.977532, 78.430200, -50.476060,Stair-Up
174872, 0.071655, -1.644776, -0.269898, 27.282710, 51.757800, -54.748520,Stair-Up
174892, 0.072876, -1.607300, -0.305786, 21.240230, 26.245110, -56.884760,Stair-Up
174912, 0.062012, -1.310425, -0.339722, 11.474608, -4.455568, -48.156730,Stair-Up
174932, -0.014526, -1.143677, -0.370483, 11.169430, -11.901852, -39.184580,Stair-Up
174952, -0.050659, -1.036744, -0.393799, 5.737304, -5.065916, -25.573724,Stair-Up
174972, -0.042480, -0.921509, -0.379272, -2.624511, 3.540038, -11.230468,Stair-Up
174992, -0.012207, -0.861816, -0.334595, -6.103514, 7.080076, 0.610352,Stair-Up
175012, -0.009888, -0.865601, -0.300415, -12.695310, 8.178714, 10.986324,Stair-Up
175032, 0.026611, -0.848022, -0.291016, -21.606440, 5.432128, 19.714360,Stair-Up
175052, 0.081177, -0.859497, -0.295532, -22.705070, -5.554198, 24.780270,Stair-Up
175072, 0.115967, -0.889160, -0.274536, -27.832030, -23.864740, 29.418940,Stair-Up
175092, 0.121826, -0.854248, -0.235107, -31.738280, -43.884270, 34.179700,Stair-Up
175112, 0.149902, -0.800659, -0.167114, -33.935560, -61.950680, 38.391120,Stair-Up
175132, 0.149414, -0.687378, -0.127441, -31.005852, -81.359840, 48.522940,Stair-Up
175152, 0.091064, -0.692139, -0.142456, -24.963376, -87.158180, 51.513660,Stair-Up
175172, 0.091797, -0.738159, -0.133545, -21.789548, -90.454080, 50.964340,Stair-Up
175192, 0.064453, -0.769287, -0.120483, -19.226080, -90.454080, 45.532220,Stair-Up
175212, 0.051147, -0.788574, -0.110840, -20.141600, -88.684060, 40.405260,Stair-Up
175232, 0.044434, -0.743408, -0.109619, -20.141600, -84.350560, 35.156260,Stair-Up
175252, 0.048340, -0.714844, -0.118164, -16.479492, -80.444320, 29.846190,Stair-Up
175272, 0.038696, -0.707154, -0.122192, -12.268064, -76.416040, 23.986810,Stair-Up
175292, -0.040039, -0.738770, -0.136230, -6.408690, -70.800800, 14.892576,Stair-Up
175312, -0.073730, -0.779541, -0.137695, -4.943848, -58.471670, 5.615234,Stair-Up
175332, -0.052856, -0.810669, -0.134155, -5.187988, -49.804680, -0.061035,Stair-Up
175352, -0.052490, -0.798096, -0.148804, -1.464844, -42.358390, -8.239746,Stair-Up
175372, -0.047852, -0.813843, -0.144043, 2.441407, -38.024910, -13.244628,Stair-Up
175392, -0.089111, -0.812500, -0.142456, 6.347656, -39.489750, -22.399900,Stair-Up
175412, -0.143066, -0.821167, -0.140381, 11.352536, -33.996590, -31.738280,Stair-Up
175432, -0.131104, -0.822876, -0.158569, 14.038084, -24.658200, -38.635260,Stair-Up
175452, -0.089355, -0.813721, -0.188355, 19.165040, -20.507810, -43.334950,Stair-Up
175472, -0.084717, -0.830200, -0.204224, 26.000970, -23.315424, -49.072260,Stair-Up
175492, -0.116943, -0.864624, -0.212280, 30.761716, -25.573724, -55.175770,Stair-Up
175512, -0.117798, -0.884278, -0.207520, 33.508300, -28.259270, -61.218250,Stair-Up
175532, -0.088135, -0.912598, -0.201660, 36.926280, -33.447270, -66.528340,Stair-Up
175552, -0.012695, -0.935181, -0.203125, 37.475590, -49.133290, -69.152840,Stair-Up
175572, 0.092529, -0.996704, -0.229980, 46.874990, -100.402800, -69.396980,Stair-Up
175592, -0.105957, -1.135132, -0.203247, 49.133290, -126.647920, -66.711440,Stair-Up
175612, -0.349609, -1.256470, -0.146362, 38.146980, -125.671360, -65.795900,Stair-Up
175632, -0.381104, -1.371094, -0.125977, 34.729010, -113.830560, -68.664560,Stair-Up
175652, -0.419312, -1.666626, -0.149902, 33.630380, -96.069320, -67.871100,Stair-Up
175672, -0.381836, -1.835450, -0.184937, 8.972170, -67.810060, -58.288560,Stair-Up
175692, -0.239258, -1.775391, -0.214233, -2.929687, -55.847160, -49.194320,Stair-Up
175712, -0.214966, -1.565308, -0.240601, -14.343260, -57.189930, -35.949720,Stair-Up
175732, -0.308472, -1.161621, -0.265991, -22.766110, -41.809080, -14.709470,Stair-Up
175752, -0.343994, -0.744507, -0.275635, -14.831540, -17.639160, 10.009768,Stair-Up
175772, -0.384888, -0.600586, -0.249878, 8.483890, 6.958006, 43.640120,Stair-Up
175792, -0.422363, -0.751343, -0.201416, 16.601568, 53.649900, 42.480460,Stair-Up
175812, -0.388184, -0.874634, -0.147217, 7.751464, 79.162600, 45.776360,Stair-Up
175832, -0.311646, -0.996094, -0.074463, -2.075196, 96.008280, 45.776360,Stair-Up
175852, -0.209717, -1.114258, -0.002075, -17.395020, 99.792460, 42.907700,Stair-Up
175872, -0.108887, -1.128784, 0.019531, -32.592780, 90.087860, 39.855960,Stair-Up
175892, -0.102661, -1.089112, 0.006714, -40.771480, 77.514660, 39.611820,Stair-Up
175912, -0.049927, -1.025146, -0.018799, -42.541500, 63.415520, 39.428720,Stair-Up
175932, 0.005005, -0.988281, -0.016235, -38.452160, 43.518060, 40.893540,Stair-Up
175952, -0.022827, -0.945068, -0.015015, -34.851080, 24.963376, 43.212880,Stair-Up
175972, -0.091431, -0.911621, -0.021973, -29.418940, 16.723632, 45.654280,Stair-Up
175992, -0.151611, -0.911255, -0.014648, -25.634760, 18.005376, 48.034660,Stair-Up
176012, -0.147705, -0.974610, 0.018433, -23.315424, 29.418940, 49.011220,Stair-Up
176032, -0.105957, -1.019898, 0.041992, -28.808590, 35.644540, 51.513660,Stair-Up
176052, -0.087280, -0.989990, 0.044678, -32.775880, 38.757330, 52.490220,Stair-Up
176072, -0.087769, -0.967041, 0.025757, -30.273430, 39.306640, 52.001940,Stair-Up
176092, -0.080322, -0.972656, 0.010742, -25.207516, 36.376960, 47.729480,Stair-Up
176112, -0.085083, -1.010376, 0.003906, -19.653320, 33.386240, 41.870110,Stair-Up
176132, -0.094971, -1.022217, 0.003418, -19.897460, 33.142100, 37.109380,Stair-Up
176152, -0.107788, -0.991211, -0.000610, -18.798830, 35.339360, 32.043460,Stair-Up
176172, -0.128540, -0.980713, -0.011841, -15.624996, 39.550780, 26.611320,Stair-Up
176192, -0.134277, -1.006470, -0.040894, -12.145992, 45.349110, 21.057124,Stair-Up
176212, -0.113159, -1.034668, -0.063599, -12.756344, 48.522940, 15.258788,Stair-Up
176232, -0.060547, -0.989136, -0.084473, -11.108396, 47.180160, 14.343260,Stair-Up
176252, -0.067139, -0.999024, -0.140869, -5.187988, 48.278800, 14.526364,Stair-Up
176272, -0.067383, -1.065064, -0.180054, -3.234863, 50.109860, 14.587400,Stair-Up
176292, -0.019165, -1.068848, -0.178955, -8.789064, 43.151840, 11.657712,Stair-Up
176312, -0.046265, -1.023560, -0.202148, -3.662109, 29.724120, 4.394532,Stair-Up
176332, -0.093384, -1.062134, -0.222168, 3.417968, 21.911620, -8.178714,Stair-Up
176352, -0.066895, -1.156738, -0.235840, 7.019042, 20.996090, -18.493652,Stair-Up
176372, -0.005493, -1.229370, -0.239624, 5.065916, 16.906740, -28.564450,Stair-Up
176392, 0.000366, -1.280518, -0.253540, 6.469726, 7.995604, -40.283200,Stair-Up
176412, -0.029663, -1.369141, -0.266480, 12.573240, 0.732422, -57.006820,Stair-Up
176432, -0.001953, -1.524414, -0.292480, 18.188480, -9.521484, -81.481900,Stair-Up
176452, -0.038940, -1.543091, -0.348877, 14.709470, -14.770504, -92.224100,Stair-Up
176472, -0.102417, -1.405274, -0.393921, 13.916012, -11.535644, -100.952120,Stair-Up
176492, -0.152954, -1.246582, -0.439819, 7.568358, 5.432128, -102.722160,Stair-Up
176512, -0.092285, -0.984375, -0.457886, -6.286620, 35.217290, -91.003400,Stair-Up
176532, -0.040039, -0.763916, -0.483765, -2.319336, 58.349600, -79.223640,Stair-Up
176552, -0.081055, -0.741577, -0.469971, 1.342773, 80.505360, -72.937020,Stair-Up
176572, 0.018555, -0.742920, -0.424438, -10.375976, 94.116200, -63.964840,Stair-Up
176592, 0.173828, -0.713501, -0.402222, -13.427732, 81.604000, -53.833000,Stair-Up
176612, 0.282715, -0.756348, -0.385010, -15.197750, 43.518060, -39.794920,Stair-Up
176632, 0.295654, -0.763062, -0.369019, -17.822270, -4.821778, -22.827140,Stair-Up
176652, 0.235230, -0.776734, -0.307251, -15.441892, -61.889640, -0.122070,Stair-Up
176672, 0.294312, -0.809570, -0.239136, -15.075680, -91.552720, 13.916012,Stair-Up
176692, 0.195435, -0.807739, -0.226440, -12.939450, -111.389140, 28.747552,Stair-Up
176712, 0.091797, -0.782959, -0.236572, -16.113284, -113.037100, 39.611820,Stair-Up
176732, 0.068359, -0.729126, -0.270264, -13.977050, -103.576640, 48.278800,Stair-Up
176752, 0.073730, -0.730347, -0.273316, -9.094240, -91.979960, 51.208480,Stair-Up
176772, 0.080078, -0.739380, -0.255005, -7.324218, -76.782240, 52.856440,Stair-Up
176792, 0.025513, -0.730347, -0.255615, -5.798338, -57.617180, 51.757800,Stair-Up
176812, -0.004883, -0.739990, -0.271729, -5.981444, -35.034180, 48.095700,Stair-Up
176832, 0.059570, -0.759400, -0.291016, -5.493162, -16.601568, 46.569820,Stair-Up
176852, 0.144653, -0.794312, -0.291626, -4.516602, -10.559080, 45.837400,Stair-Up
176872, 0.086548, -0.817505, -0.269653, -3.906249, -8.056642, 45.349110,Stair-Up
176892, 0.083862, -0.795044, -0.263794, -4.455568, -9.399414, 41.442860,Stair-Up
176912, 0.090088, -0.779785, -0.267700, 0.976562, -13.610836, 35.583500,Stair-Up
176932, 0.090088, -0.783447, -0.275757, 4.455568, -20.874020, 30.212400,Stair-Up
176952, 0.038208, -0.758789, -0.290039, 8.728030, -26.000970, 22.033690,Stair-Up
176972, 0.003784, -0.726929, -0.297119, 14.038084, -25.146480, 11.535644,Stair-Up
176992, -0.024658, -0.716919, -0.309814, 22.033690, -22.277830, -0.305176,Stair-Up
177012, -0.082642, -0.747681, -0.335571, 31.005852, -15.380856, -14.709470,Stair-Up
177032, -0.087036, -0.802368, -0.346924, 36.438000, -5.126952, -29.418940,Stair-Up
177052, -0.053223, -0.858398, -0.341675, 43.457020, 2.746581, -43.457020,Stair-Up
177072, -0.083130, -0.950318, -0.332275, 51.208480, 8.850100, -57.495110,Stair-Up
177092, -0.159302, -1.147339, -0.335693, 54.016100, 25.390620, -86.547840,Stair-Up
177112, -0.041382, -1.210083, -0.348145, 50.720200, 39.733900, -95.092760,Stair-Up
177132, 0.058105, -1.283081, -0.370972, 60.852040, 42.968740, -98.022440,Stair-Up
177152, 0.090820, -1.548340, -0.377441, 75.866700, 40.710440, -95.764140,Stair-Up
177172, 0.088013, -1.778809, -0.379883, 63.354480, 37.658700, -89.477520,Stair-Up
177192, 0.019287, -1.683350, -0.389038, 41.381820, 37.475590, -75.195320,Stair-Up
177212, -0.018799, -1.468872, -0.372314, 23.986810, 40.405260, -57.067860,Stair-Up
177232, -0.049438, -1.178711, -0.328125, 3.051757, 48.034660, -31.860350,Stair-Up
177252, -0.089111, -0.941406, -0.226685, 0.671386, 57.617180, -7.995604,Stair-Up
177272, -0.057739, -1.014893, -0.197266, 6.469726, 67.749040, 10.986324,Stair-Up
177292, 0.019409, -1.118896, -0.221924, -10.375976, 67.932140, 31.311030,Stair-Up
177312, 0.061035, -0.963989, -0.216675, -16.784670, 37.658700, 47.485340,Stair-Up
177332, 0.010864, -0.901489, -0.173340, -15.991210, 16.052250, 53.466780,Stair-Up
177352, -0.022949, -0.801026, -0.135498, -18.005376, 3.417968, 61.096180,Stair-Up
177372, -0.055054, -0.726807, -0.124756, -16.845708, -2.380371, 66.711440,Stair-Up
177392, -0.069580, -0.712036, -0.120728, -18.432620, -3.051757, 71.899440,Stair-Up
177412, -0.069336, -0.696533, -0.104980, -22.399900, -4.028321, 75.378440,Stair-Up
177432, -0.089233, -0.695923, -0.086304, -22.521970, -5.187988, 75.317400,Stair-Up
177452, -0.093994, -0.739746, -0.071533, -23.315424, -3.295898, 73.852540,Stair-Up
177472, -0.071899, -0.780518, -0.065430, -26.794430, -3.356933, 71.289060,Stair-Up
177492, -0.048584, -0.806274, -0.052734, -27.038570, -7.141112, 67.443860,Stair-Up
177512, -0.041870, -0.863037, -0.039307, -22.521970, -14.709470, 62.194820,Stair-Up
177532, -0.051636, -0.980469, -0.060913, -15.136716, -25.878900, 51.452620,Stair-Up
177552, -0.043335, -1.029786, -0.062378, -14.770504, -31.982420, 46.569820,Stair-Up
177572, -0.060547, -1.002564, -0.045410, -15.075680, -37.963880, 40.771480,Stair-Up
177592, -0.108643, -0.968750, -0.028687, -9.460450, -38.818360, 35.156260,Stair-Up
177612, -0.163086, -0.992676, -0.033203, -2.990722, -30.334470, 29.174800,Stair-Up
177632, -0.189819, -1.040039, -0.068970, -2.014160, -14.465330, 23.742670,Stair-Up
177652, -0.178101, -1.029419, -0.082153, -6.286620, 2.807617, 19.104010,Stair-Up
177672, -0.131470, -0.981445, -0.070557, -6.164550, 19.653320, 16.174320,Stair-Up
177692, -0.134644, -0.985840, -0.080444, -4.638672, 36.926280, 16.845708,Stair-Up
177712, -0.169556, -1.025635, -0.106079, -5.432128, 51.147450, 15.991210,Stair-Up
177732, -0.166626, -1.056519, -0.125732, -5.920409, 63.171380, 11.169430,Stair-Up
177752, -0.073486, -1.139160, -0.181763, 0.671386, 69.152840, 1.953124,Stair-Up
177772, -0.032104, -1.246826, -0.212769, 3.784179, 68.481460, -3.784179,Stair-Up
177792, -0.003418, -1.342530, -0.221314, 2.380371, 66.223160, -7.995604,Stair-Up
177812, 0.009766, -1.429322, -0.200317, 2.685546, 58.593740, -18.127448,Stair-Up
177832, 0.098755, -1.529541, -0.139893, 5.798338, 43.090810, -29.907220,Stair-Up
177852, 0.157471, -1.587036, -0.178223, 5.798338, 21.301268, -38.818360,Stair-Up
177872, 0.113892, -1.520264, -0.244751, 2.441407, 5.004884, -48.034660,Stair-Up
177892, 0.109863, -1.355347, -0.295776, 2.014160, -7.690428, -58.288560,Stair-Up
177912, 0.114502, -1.171753, -0.340576, 2.868652, -17.639160, -61.035140,Stair-Up
177932, 0.073120, -0.957154, -0.323853, -1.281738, -23.803708, -56.701650,Stair-Up
177952, 0.055176, -0.764160, -0.293823, 4.028321, -23.254390, -46.508780,Stair-Up
177972, -0.003662, -0.870728, -0.276245, 15.075680, -9.948730, -34.667980,Stair-Up
177992, -0.009644, -0.953125, -0.256348, 3.967285, -8.972170, -32.714850,Stair-Up
178012, -0.019165, -0.879517, -0.239868, -2.380371, -16.174320, -35.400400,Stair-Up
178032, 0.002197, -0.799316, -0.223145, -3.112792, -29.235832, -35.766600,Stair-Up
178052, 0.005005, -0.726196, -0.198608, -5.859374, -41.442860, -31.127924,Stair-Up
178072, -0.041992, -0.637695, -0.184814, -5.676268, -49.011220, -26.123040,Stair-Up
178092, -0.096680, -0.612305, -0.216919, -0.366211, -51.879880, -23.315424,Stair-Up
178112, -0.114746, -0.634888, -0.253174, -0.549316, -50.659170, -21.728510,Stair-Up
178132, -0.104004, -0.624146, -0.247803, -1.892090, -48.828120, -19.775390,Stair-Up
178152, -0.128906, -0.633911, -0.232300, 0.244141, -45.654280, -19.104010,Stair-Up
178172, -0.136475, -0.679688, -0.207031, -0.610352, -39.123540, -17.822270,Stair-Up
178192, -0.097656, -0.750854, -0.216064, 2.380371, -32.470710, -14.526364,Stair-Up
178212, -0.090698, -0.842774, -0.247681, 4.516602, -31.616208, -12.695310,Stair-Up
178232, -0.079712, -0.892700, -0.261475, 2.807617, -33.203130, -12.207030,Stair-Up
178252, -0.077271, -0.887207, -0.245361, 3.601074, -37.841800, -12.756344,Stair-Up
178272, -0.092041, -0.886719, -0.248413, 7.202148, -38.696300, -11.718748,Stair-Up
178292, -0.094971, -0.902100, -0.292603, 10.192870, -36.621100, -9.887696,Stair-Up
178312, -0.075806, -0.919312, -0.317505, 13.061520, -34.912120, -8.361816,Stair-Up
178332, -0.093018, -0.924927, -0.313599, 15.014646, -33.813480, -7.568358,Stair-Up
178352, -0.119873, -0.922730, -0.296265, 16.967780, -32.897960, -8.361816,Stair-Up
178372, -0.149170, -0.951050, -0.281006, 18.798830, -27.954100, -8.361816,Stair-Up
178392, -0.133545, -0.984619, -0.277222, 16.845708, -19.714360, -7.324218,Stair-Up
178412, -0.108643, -1.063232, -0.310059, 16.784670, -16.479492, -7.446288,Stair-Up
178432, -0.081177, -1.069336, -0.321289, 18.310550, -17.883300, -7.141112,Stair-Up
178452, -0.094116, -1.203980, -0.298950, 33.325200, -21.423332, -10.742184,Stair-Up
178472, -0.127930, -1.538940, -0.271729, 46.508780, -19.653320, -16.967780,Stair-Up
178492, -0.122192, -1.862793, -0.278931, 37.475590, -11.169430, -23.803708,Stair-Up
178512, -0.067749, -1.922242, -0.301270, 16.845708, -5.004884, -25.024410,Stair-Up
178532, -0.056885, -1.651246, -0.332764, 0.488281, -4.150392, -18.066410,Stair-Up
178552, -0.110352, -1.296509, -0.340454, -3.173828, 3.051757, -4.943848,Stair-Up
178572, -0.197876, -1.001221, -0.317383, -4.943848, 21.301268, 10.742184,Stair-Up
178592, -0.238037, -0.835083, -0.293579, 3.967285, 45.837400, 24.536130,Stair-Up
178612, -0.242065, -0.912110, -0.303833, 9.704590, 71.716320, 32.470710,Stair-Up
178632, -0.156616, -0.921387, -0.286621, -9.887696, 98.449700, 44.494620,Stair-Up
178652, -0.127930, -0.876099, -0.239624, -12.329100, 97.290020, 44.311520,Stair-Up
178672, -0.102295, -0.828980, -0.185303, -16.418460, 86.547840, 42.541500,Stair-Up
178692, -0.058228, -0.738159, -0.145874, -18.798830, 69.946300, 42.480460,Stair-Up
178712, -0.030151, -0.660767, -0.105103, -16.662600, 52.856440, 41.992180,Stair-Up
178732, -0.033569, -0.642578, -0.069214, -14.343260, 42.846670, 43.579090,Stair-Up
178752, -0.046143, -0.653687, -0.028564, -16.967780, 37.048340, 45.104970,Stair-Up
178772, -0.072510, -0.660278, 0.007568, -21.728510, 34.057620, 43.212880,Stair-Up
178792, -0.105835, -0.673706, 0.010132, -23.437492, 33.020020, 39.550780,Stair-Up
178812, -0.121948, -0.762085, -0.019653, -22.521970, 33.203130, 33.020020,Stair-Up
178852, 0.015015, -0.944702, -0.004395, -30.456540, 7.446288, 19.714360,Stair-Up
178872, 0.010620, -0.985718, -0.022949, -23.193352, -6.286620, 16.113284,Stair-Up
178892, 0.013184, -1.097900, -0.045410, -15.747068, -13.793944, 15.014646,Stair-Up
178912, 0.024414, -1.188599, -0.035278, -15.136716, -20.446770, 14.282224,Stair-Up
178932, 0.031494, -1.224610, -0.017456, -13.916012, -27.038570, 13.366696,Stair-Up
178952, 0.013306, -1.250122, -0.043335, -6.774902, -27.587884, 12.634276,Stair-Up
178972, -0.043579, -1.355225, -0.137207, 2.197266, -15.624996, 12.390136,Stair-Up
178992, -0.041748, -1.414673, -0.231567, -3.906249, 5.004884, 13.061520,Stair-Up
179012, 0.037109, -1.317627, -0.285400, -4.089356, 18.615724, 11.230468,Stair-Up
179032, 0.098877, -1.283081, -0.215820, 4.333496, 27.038570, 7.812498,Stair-Up
179052, 0.186157, -1.349732, -0.091309, 10.498044, 39.855960, -1.464844,Stair-Up
179072, 0.162720, -1.338623, -0.042114, -0.732422, 37.841800, -14.648436,Stair-Up
179092, 0.051758, -1.219727, -0.109131, -6.774902, 38.757330, -24.536130,Stair-Up
179112, 0.072388, -1.058838, -0.181030, -12.573240, 34.118660, -33.264160,Stair-Up
179132, 0.122925, -0.912476, -0.203857, -10.742184, 23.864740, -38.085940,Stair-Up
179152, 0.181274, -0.845093, -0.193481, -7.629394, 13.427732, -33.813480,Stair-Up
179172, 0.169312, -0.799683, -0.179932, -4.455568, -3.906249, -31.311030,Stair-Up
179192, 0.122803, -0.768677, -0.179688, -1.586914, -21.240230, -30.639640,Stair-Up
179212, 0.091919, -0.741699, -0.198975, 0.244141, -40.161120, -30.334470,Stair-Up
179232, 0.036133, -0.723999, -0.225464, 3.479003, -53.527820, -31.249992,Stair-Up
179252, 0.013428, -0.702393, -0.221436, 0.671386, -62.561020, -29.296870,Stair-Up
179272, -0.012451, -0.612793, -0.211670, -1.953124, -68.237320, -28.686520,Stair-Up
179292, -0.078125, -0.505371, -0.210449, 4.150392, -65.002440, -24.719230,Stair-Up
179312, -0.098389, -0.532349, -0.231323, 11.779784, -57.678220, -22.399900,Stair-Up
179332, -0.118408, -0.602905, -0.239868, 12.512204, -48.828120, -20.385740,Stair-Up
179352, -0.128052, -0.644898, -0.225220, 13.610836, -39.001470, -20.568840,Stair-Up
179372, -0.124756, -0.723267, -0.195923, 15.747068, -30.029290, -22.155760,Stair-Up
179392, -0.116455, -0.821655, -0.184692, 17.822270, -22.949216, -24.108880,Stair-Up
179412, -0.092773, -0.931641, -0.192139, 18.737796, -20.263670, -26.367180,Stair-Up
179432, -0.074097, -1.010864, -0.228516, 19.042970, -22.216790, -28.625480,Stair-Up
179452, -0.057495, -1.027466, -0.266358, 17.883300, -27.343748, -28.503410,Stair-Up
179472, -0.046509, -0.982422, -0.271729, 21.911620, -34.484870, -27.893060,Stair-Up
179492, -0.080933, -0.976929, -0.269653, 30.700680, -34.118660, -25.695796,Stair-Up
179512, -0.117798, -0.949463, -0.290527, 30.273430, -17.150880, -19.042970,Stair-Up
179532, -0.131958, -0.915405, -0.303345, 30.334470, -5.065916, -15.747068,Stair-Up
179552, -0.160889, -0.912842, -0.302246, 30.639640, 4.455568, -16.357424,Stair-Up
179572, -0.154419, -0.934814, -0.280029, 27.160640, 12.573240, -18.432620,Stair-Up
179592, -0.104492, -0.933838, -0.267212, 23.925780, 16.357424, -20.629880,Stair-Up
179612, -0.080444, -0.952637, -0.284424, 23.559568, 15.319820, -21.423332,Stair-Up
179632, -0.059937, -0.997314, -0.306396, 24.291990, 11.230468, -22.644040,Stair-Up
179652, -0.031494, -1.065308, -0.326660, 25.024410, 3.784179, -22.644040,Stair-Up
179672, -0.022339, -1.118408, -0.320435, 25.573724, -3.967285, -22.399900,Stair-Up
179692, -0.020142, -1.183350, -0.312866, 25.085448, -7.629394, -18.737796,Stair-Up
179712, -0.027832, -1.233887, -0.309692, 23.986810, -8.911134, -13.366696,Stair-Up
179732, 0.003784, -1.429200, -0.265259, 28.991692, -10.314940, -7.812498,Stair-Up
179752, 0.019531, -1.636230, -0.235596, 28.076170, -13.671872, -6.225584,Stair-Up
179772, -0.015747, -1.786866, -0.241699, 15.502928, -17.150880, -4.943848,Stair-Up
179792, -0.022949, -1.693116, -0.259155, -4.333496, -17.639160, -2.868652,Stair-Up
179812, -0.005005, -1.452270, -0.297730, -9.704590, -17.883300, 1.831054,Stair-Up
179832, -0.059937, -1.272950, -0.333374, -10.620116, -10.620116, 11.413570,Stair-Up
179852, -0.103638, -1.080200, -0.340088, -16.174320, 4.760742, 24.414060,Stair-Up
179872, -0.151978, -0.906860, -0.326050, -13.427732, 21.728510, 33.752440,Stair-Up
179892, -0.189087, -0.887085, -0.279297, -12.207030, 42.907700, 40.832510,Stair-Up
179912, -0.158936, -0.885010, -0.213135, -22.766110, 62.194820, 47.363270,Stair-Up
179932, -0.109985, -0.821533, -0.170898, -31.799310, 71.838400, 50.354000,Stair-Up
179952, -0.026733, -0.761963, -0.120728, -37.780760, 66.467300, 52.551260,Stair-Up
179972, 0.020508, -0.729980, -0.073975, -39.978040, 50.842280, 54.016100,Stair-Up
179992, 0.024292, -0.697632, -0.063354, -36.438000, 32.165540, 53.466780,Stair-Up
180012, -0.002686, -0.694824, -0.068848, -31.066890, 15.502928, 50.415030,Stair-Up
180032, -0.034180, -0.705688, -0.070557, -23.986810, 1.403808, 43.823240,Stair-Up
180052, -0.078491, -0.764648, -0.058594, -15.624996, -7.263182, 34.606940,Stair-Up
180072, -0.120117, -0.829102, -0.048584, -14.465330, -8.789064, 25.634760,Stair-Up
180092, -0.145752, -0.843140, -0.025269, -16.723632, -2.868652, 18.676760,Stair-Up
180112, -0.146362, -0.861816, 0.002686, -15.991210, 7.507323, 13.244628,Stair-Up
180132, -0.134033, -0.916748, 0.028076, -16.723632, 21.240230, 10.620116,Stair-Up
180152, -0.087036, -0.964722, 0.054688, -21.728510, 36.010750, 10.681150,Stair-Up
180172, 0.026611, -0.949463, 0.065186, -26.855464, 46.325680, 15.136716,Stair-Up
180192, 0.036377, -0.945923, 0.088135, -26.245110, 50.720200, 19.348150,Stair-Up
180212, 0.050903, -0.975708, 0.072144, -26.000970, 52.978500, 23.559568,Stair-Up
180232, -0.014160, -1.000977, -0.018066, -24.902340, 47.363270, 22.827140,Stair-Up
180252, -0.166382, -1.045044, -0.122314, -23.803708, 48.706040, 15.197750,Stair-Up
180272, -0.144775, -1.086304, -0.145264, -22.949216, 64.941420, 2.258301,Stair-Up
180292, 0.090820, -1.148560, -0.149536, -17.395020, 70.800800, -4.821778,Stair-Up
180312, 0.164063, -1.214722, -0.160278, -11.718748, 57.800280, -11.169430,Stair-Up
180332, 0.163086, -1.236084, -0.193970, -7.873534, 42.236320, -15.197750,Stair-Up
180352, 0.174683, -1.325562, -0.210938, 3.234863, 22.460930, -24.047850,Stair-Up
180372, 0.161255, -1.445557, -0.168945, 4.577638, 1.342773, -38.085940,Stair-Up
180392, 0.222534, -1.391968, -0.169556, 6.164550, -31.311030, -49.499500,Stair-Up
180412, 0.192749, -1.350586, -0.204712, 13.488768, -49.133290, -52.368160,Stair-Up
180432, 0.121338, -1.286499, -0.262573, 11.657712, -56.762680, -50.415030,Stair-Up
180452, 0.053955, -1.084228, -0.343140, 9.887696, -50.109860, -40.771480,Stair-Up
180472, 0.056152, -0.879272, -0.385132, 12.329100, -37.353520, -26.123040,Stair-Up
180492, 0.014282, -0.812378, -0.367920, 21.972650, -17.028810, -13.793944,Stair-Up
180512, 0.046387, -0.885498, -0.307129, 21.728510, 2.990722, -1.831054,Stair-Up
180532, 0.083252, -0.935303, -0.265747, 10.864256, 10.803220, 5.432128,Stair-Up
180552, 0.100708, -0.915039, -0.269043, 6.896972, 12.878416, 8.300784,Stair-Up
180572, 0.153809, -0.884522, -0.271484, -1.159668, -2.319336, 5.798338,Stair-Up
180592, 0.191162, -0.730713, -0.276001, -1.342773, -27.099608, 1.953124,Stair-Up
180612, 0.116333, -0.620850, -0.325928, 6.408690, -52.734360, -3.234863,Stair-Up
180632, 0.100342, -0.577881, -0.325928, 7.385252, -62.499990, -6.286620,Stair-Up
180652, 0.008423, -0.564820, -0.326050, 12.207030, -60.241690, -11.901852,Stair-Up
180672, -0.045044, -0.583740, -0.321289, 9.887696, -49.682610, -12.695310,Stair-Up
180692, -0.046875, -0.595825, -0.305786, 8.056642, -38.452160, -13.122556,Stair-Up
180712, -0.027222, -0.636108, -0.293579, 8.178714, -30.456540, -12.451170,Stair-Up
180732, 0.009766, -0.690430, -0.276245, 7.934570, -29.663080, -9.216310,Stair-Up
180752, -0.022583, -0.745239, -0.282105, 9.460450, -30.822750, -5.737304,Stair-Up
180772, -0.040161, -0.799316, -0.290649, 10.498044, -33.081060, -6.164550,Stair-Up
180792, -0.039063, -0.857178, -0.293457, 12.512204, -35.949720, -7.385252,Stair-Up
180812, -0.025513, -0.902100, -0.276123, 11.840818, -39.123540, -8.361816,Stair-Up
180832, -0.059692, -0.929810, -0.256592, 14.221190, -41.992180, -10.620116,Stair-Up
180852, -0.091553, -0.966187, -0.270874, 15.747068, -38.696300, -12.817380,Stair-Up
180872, -0.094360, -0.982666, -0.302979, 15.808104, -33.203130, -14.526364,Stair-Up
180892, -0.081909, -0.990479, -0.314819, 18.371584, -29.541010, -15.869140,Stair-Up
180912, -0.071899, -1.002808, -0.297363, 21.667476, -26.916500, -15.563964,Stair-Up
180932, -0.055786, -1.034424, -0.269775, 25.634760, -25.085448, -15.014646,Stair-Up
180952, -0.077026, -1.073242, -0.273193, 29.663080, -21.789548, -13.977050,Stair-Up
180972, -0.084961, -1.161133, -0.285522, 36.987310, -18.371584, -16.784670,Stair-Up
180992, -0.039429, -1.335816, -0.258667, 46.630850, -19.775390, -21.484370,Stair-Up
181012, -0.066406, -1.549072, -0.250488, 48.950180, -19.592290, -26.306150,Stair-Up
181032, -0.101074, -1.663208, -0.271973, 39.001470, -11.535644, -30.273430,Stair-Up
181052, -0.097168, -1.441284, -0.305664, 21.057124, 2.319336, -27.404780,Stair-Up
181072, -0.160400, -1.253174, -0.325440, 20.080560, 13.854978, -22.460930,Stair-Up
181092, -0.210449, -1.100708, -0.321777, 12.084960, 34.729010, -12.451170,Stair-Up
181112, -0.189331, -0.980103, -0.275879, 9.582520, 53.955070, -1.525878,Stair-Up
181132, -0.161621, -1.007812, -0.234375, 8.728030, 65.307640, 7.202148,Stair-Up
181152, -0.134522, -1.050293, -0.219116, -3.417968, 72.021500, 17.700200,Stair-Up
181172, -0.105469, -1.020264, -0.212769, -10.253904, 68.786640, 28.137200,Stair-Up
181192, -0.097290, -0.997314, -0.185303, -21.484370, 61.584460, 27.893060,Stair-Up
181212, -0.075317, -0.964234, -0.146973, -29.724120, 51.208480, 37.353520,Stair-Up
181232, 0.008423, -0.819458, -0.143188, -28.137200, 27.282710, 36.926280,Stair-Up
181252, -0.062988, -0.835938, -0.123779, -28.503410, 11.352536, 46.569820,Stair-Up
181272, -0.061523, -0.746704, -0.114990, -25.573724, -3.295898, 55.969230,Stair-Up
181292, -0.079956, -0.727173, -0.101685, -24.414060, -8.300784, 57.861320,Stair-Up
181312, -0.121216, -0.740356, -0.096924, -21.484370, -5.065916, 62.622060,Stair-Up
181332, -0.147705, -0.778320, -0.087158, -21.728510, 3.479003, 63.110340,Stair-Up
181352, -0.149292, -0.828003, -0.066528, -21.972650, 11.840818, 61.645500,Stair-Up
181372, -0.144775, -0.873779, -0.047241, -24.475090, 18.737796, 57.434080,Stair-Up
181392, -0.129150, -0.908814, -0.047485, -24.047850, 24.963376, 51.757800,Stair-Up
181412, -0.101318, -0.972290, -0.045166, -22.033690, 28.320310, 44.494620,Stair-Up
181432, -0.079712, -1.036866, -0.040283, -23.498530, 28.747552, 38.391120,Stair-Up
181452, -0.065430, -1.034668, -0.030029, -27.221676, 25.817870, 32.104500,Stair-Up
181472, -0.071777, -1.002076, -0.028931, -25.085448, 21.362300, 26.062010,Stair-Up
181492, -0.078003, -1.039551, -0.058594, -17.028810, 18.981940, 17.028810,Stair-Up
181512, -0.070068, -1.082398, -0.073486, -15.136716, 19.897460, 13.061520,Stair-Up
181532, -0.068726, -1.086426, -0.072388, -14.770504, 22.460930, 11.413570,Stair-Up
181552, -0.073364, -1.116822, -0.086670, -7.141112, 26.672360, 7.690428,Stair-Up
181572, -0.073364, -1.260498, -0.108276, 0.976562, 34.057620, 1.647949,Stair-Up
181592, -0.041138, -1.418824, -0.101807, -1.953124, 39.306640, -7.385252,Stair-Up
181612, 0.022461, -1.480591, -0.075439, -8.789064, 38.391120, -17.272950,Stair-Up
181632, 0.082764, -1.429810, -0.077637, -11.901852, 27.038570, -30.090330,Stair-Up
181652, 0.118286, -1.314942, -0.109619, -5.004884, 7.446288, -43.151840,Stair-Up
181672, 0.172363, -1.171265, -0.124512, -1.159668, -12.390136, -57.739250,Stair-Up
181692, 0.198853, -1.010132, -0.179321, 12.451170, -29.235832, -68.908700,Stair-Up
181712, -0.049194, -0.982422, -0.304688, 32.897960, -25.207516, -95.397940,Stair-Up
181732, -0.002197, -0.946045, -0.320801, 23.132320, 1.281738, -94.909660,Stair-Up
181752, 0.049805, -0.855347, -0.258789, 14.648436, 25.512690, -83.068840,Stair-Up
181772, 0.107300, -0.832642, -0.194336, 13.977050, 43.945300, -68.786640,Stair-Up
181792, 0.240967, -0.895386, -0.174561, 8.789064, 43.212880, -53.710930,Stair-Up
181812, 0.288452, -0.860230, -0.177979, 0.671386, 20.324700, -41.503900,Stair-Up
181832, 0.273193, -0.765625, -0.183472, 2.990722, -13.854978, -36.071780,Stair-Up
181852, 0.216064, -0.726807, -0.186768, 8.972170, -40.832510, -30.822750,Stair-Up
181872, 0.168091, -0.708008, -0.202148, 11.352536, -58.654780, -26.550290,Stair-Up
181892, 0.093872, -0.699585, -0.213135, 13.549804, -64.147960, -23.376460,Stair-Up
181912, 0.033569, -0.711182, -0.217529, 12.023924, -55.847160, -18.676760,Stair-Up
181932, -0.000610, -0.713257, -0.202881, 10.253904, -41.687000, -12.207030,Stair-Up
181952, 0.025757, -0.736816, -0.202148, 10.681150, -36.743170, -6.896972,Stair-Up
181972, 0.040771, -0.771973, -0.220337, 12.451170, -37.780760, -1.281738,Stair-Up
181992, 0.052002, -0.795654, -0.228027, 13.244628, -41.381820, 2.258301,Stair-Up
182012, 0.004761, -0.845581, -0.218262, 16.784670, -47.241200, 1.953124,Stair-Up
182032, -0.045288, -0.901245, -0.227539, 16.784670, -50.354000, -0.549316,Stair-Up
182052, -0.065308, -0.929688, -0.234741, 14.953610, -52.001940, -2.563476,Stair-Up
182072, -0.070801, -0.941528, -0.251587, 16.845708, -50.476060, -1.525878,Stair-Up
182092, -0.062256, -0.948486, -0.274780, 15.258788, -48.217760, 0.305176,Stair-Up
182112, -0.092896, -0.939087, -0.285889, 18.066410, -46.447740, 3.112792,Stair-Up
182132, -0.141968, -0.958496, -0.287598, 19.287110, -41.687000, 3.234863,Stair-Up
182152, -0.155396, -1.012085, -0.300415, 19.531250, -30.578610, 5.615234,Stair-Up
182172, -0.144531, -1.024048, -0.300659, 17.578130, -22.338860, 7.690428,Stair-Up
182192, -0.129761, -1.039673, -0.304199, 18.127448, -15.136716, 10.009768,Stair-Up
182212, -0.120361, -1.041870, -0.313232, 16.662600, -11.169430, 12.451170,Stair-Up
182232, -0.137329, -1.043457, -0.309570, 19.958500, -9.338380, 12.329100,Stair-Up
182252, -0.137817, -1.115234, -0.303345, 25.146480, -5.554198, 11.108396,Stair-Up
182272, -0.143677, -1.251099, -0.311768, 30.944820, 0.000000, 8.422854,Stair-Up
182292, -0.125855, -1.456177, -0.295288, 32.348640, 4.638672, 4.455568,Stair-Up
182312, -0.088867, -1.569092, -0.282715, 22.155760, 5.737304, 2.136231,Stair-Up
182332, -0.088745, -1.560425, -0.295410, 17.395020, 6.774902, 2.380371,Stair-Up
182352, -0.066895, -1.493286, -0.295654, 10.070800, 9.216310, 6.835936,Stair-Up
182372, -0.146606, -1.183350, -0.299072, 0.976562, 23.010250, 21.362300,Stair-Up
182392, -0.198730, -1.011719, -0.285034, -1.953124, 43.457020, 30.090330,Stair-Up
182412, -0.141357, -0.929932, -0.245117, 0.549316, 56.335440, 35.888680,Stair-Up
182432, -0.218140, -0.995117, -0.227905, -2.868652, 75.317400, 40.649400,Stair-Up
182452, -0.144653, -0.976074, -0.207275, -12.451170, 90.087860, 43.579090,Stair-Up
182472, -0.118530, -0.957031, -0.170410, -22.460930, 93.017560, 35.766600,Stair-Up
182492, -0.015137, -0.942627, -0.104736, -23.803708, 78.613300, 41.625960,Stair-Up
182512, -0.055664, -0.879761, -0.078247, -33.691410, 61.523430, 37.902840,Stair-Up
182532, -0.025269, -0.829712, -0.070679, -33.752440, 46.020500, 40.649400,Stair-Up
182552, -0.013184, -0.784790, -0.066406, -34.912120, 25.451652, 40.405260,Stair-Up
182572, -0.027832, -0.757568, -0.067505, -32.714850, 8.911134, 42.175280,Stair-Up
182592, -0.056396, -0.693604, -0.042114, -32.531740, -10.681150, 43.701160,Stair-Up
182612, -0.095459, -0.683472, -0.030151, -28.503410, -15.563964, 43.212880,Stair-Up
182632, -0.104126, -0.716919, -0.025635, -25.390620, -15.075680, 42.480460,Stair-Up
182652, -0.114990, -0.768555, -0.016846, -24.597160, -12.268064, 40.527340,Stair-Up
182672, -0.114502, -0.811768, -0.010986, -24.780270, -7.690428, 37.658700,Stair-Up
182692, -0.116455, -0.846802, -0.013184, -23.742670, -5.126952, 32.592780,Stair-Up
182712, -0.108398, -0.898438, -0.002808, -19.653320, -3.845214, 25.024410,Stair-Up
182732, -0.109863, -0.956299, -0.001587, -15.563964, -3.051757, 17.395020,Stair-Up
182752, -0.113403, -0.986328, -0.017578, -12.573240, -0.854492, 10.253904,Stair-Up
182772, -0.110718, -0.977539, -0.033691, -10.131832, 1.770019, 5.432128,Stair-Up
182792, -0.131470, -0.955444, -0.053711, -4.333496, 5.493162, -1.708984,Stair-Up
182812, -0.147461, -0.936646, -0.073364, 2.563476, 15.197750, -5.859374,Stair-Up
182832, -0.167847, -0.922363, -0.087891, 5.493162, 23.803708, -9.399414,Stair-Up
182852, -0.175415, -0.902954, -0.109619, 8.605960, 35.339360, -11.352536,Stair-Up
182872, -0.172119, -0.910156, -0.133179, 12.207030, 47.607410, -12.939450,Stair-Up
182892, -0.169922, -0.955444, -0.158691, 16.235352, 60.241690, -15.624996,Stair-Up
182912, -0.160156, -1.031860, -0.168823, 17.333990, 72.509780, -18.615724,Stair-Up
182932, -0.132690, -1.085816, -0.177979, 17.517090, 83.129860, -21.545408,Stair-Up
182952, -0.129639, -1.163208, -0.198120, 19.958500, 90.698220, -25.634760,Stair-Up
182972, -0.100952, -1.301758, -0.209839, 22.155760, 95.642060, -32.592780,Stair-Up
182992, -0.004517, -1.450074, -0.189575, 15.991210, 92.224100, -36.071780,Stair-Up
183012, 0.069824, -1.516358, -0.191772, 12.817380, 64.331060, -40.710440,Stair-Up
183032, 0.124634, -1.587280, -0.234497, 17.822270, 33.203130, -46.874990,Stair-Up
183052, 0.119141, -1.565430, -0.292969, 15.441892, 3.356933, -48.278800,Stair-Up
183072, 0.086182, -1.385254, -0.336182, 15.380856, -21.179192, -47.119130,Stair-Up
183092, 0.000488, -1.262207, -0.364746, 20.141600, -33.752440, -45.715320,Stair-Up
183112, -0.078613, -1.105225, -0.388672, 11.718748, -29.296870, -36.743170,Stair-Up
183132, -0.118896, -0.934082, -0.386475, 9.338380, -11.901852, -25.390620,Stair-Up
183152, -0.104492, -0.864990, -0.362793, 5.310058, 8.056642, -14.160152,Stair-Up
183172, -0.065430, -0.815796, -0.334351, -3.356933, 27.832030, 0.671386,Stair-Up
183192, -0.029907, -0.799927, -0.329712, -8.178714, 39.489750, 11.840818,Stair-Up
183212, 0.023071, -0.814331, -0.321899, -14.709470, 34.790040, 15.624996,Stair-Up
183232, 0.074219, -0.786133, -0.307129, -22.094720, 5.615234, 19.836430,Stair-Up
183252, 0.129395, -0.713013, -0.277954, -24.414060, -20.568840, 23.620600,Stair-Up
183272, 0.099731, -0.679932, -0.268677, -21.850580, -44.006340, 27.099608,Stair-Up
183292, 0.068115, -0.692627, -0.249878, -21.911620, -61.401360, 30.029290,Stair-Up
183312, 0.048096, -0.684937, -0.224365, -21.423332, -75.195320, 30.517570,Stair-Up
183332, -0.010254, -0.697144, -0.212036, -18.676760, -81.909160, 29.724120,Stair-Up
183352, -0.050049, -0.719604, -0.229614, -16.723632, -80.932600, 28.564450,Stair-Up
183372, -0.055420, -0.743286, -0.238159, -14.221190, -76.110840, 27.282710,Stair-Up
183392, -0.058960, -0.768433, -0.223877, -12.939450, -69.519040, 26.977532,Stair-Up
183412, -0.085938, -0.772095, -0.213501, -13.000484, -59.814440, 28.076170,Stair-Up
183432, -0.106445, -0.777344, -0.215698, -10.559080, -48.034660, 27.587884,Stair-Up
183452, -0.103760, -0.811035, -0.224854, -7.751464, -32.287600, 24.230950,Stair-Up
183472, -0.092896, -0.815186, -0.233521, -5.981444, -24.047850, 20.874020,Stair-Up
183492, -0.099976, -0.813232, -0.230347, -1.281738, -17.761230, 16.174320,Stair-Up
183512, -0.115356, -0.822388, -0.238525, 1.892090, -10.925290, 9.887696,Stair-Up
183532, -0.107544, -0.824463, -0.244385, 5.187988, -4.943848, 3.906249,Stair-Up
183552, -0.105713, -0.838501, -0.251465, 9.460450, -0.122070, -2.502442,Stair-Up
183572, -0.100220, -0.857544, -0.239502, 9.765626, 5.981444, -6.103514,Stair-Up
183592, -0.086304, -0.840576, -0.236206, 10.314940, 9.094240, -9.399414,Stair-Up
183612, -0.084229, -0.843750, -0.242065, 13.793944, 9.643556, -13.549804,Stair-Up
183632, -0.067261, -0.854614, -0.254639, 16.967780, 7.751464, -18.920900,Stair-Up
183652, -0.074707, -0.881714, -0.265991, 20.935052, 4.760742, -24.475090,Stair-Up
183672, -0.092285, -0.899536, -0.260376, 22.399900, -0.854492, -32.043460,Stair-Up
183692, -0.074829, -0.887818, -0.268677, 25.268550, -3.356933, -36.987310,Stair-Up
183712, -0.074219, -0.898316, -0.289429, 28.076170, -4.821778, -41.015620,Stair-Up
183732, -0.086304, -0.915161, -0.307861, 29.663080, -5.554198, -45.043940,Stair-Up
183752, -0.090576, -0.922119, -0.310059, 29.846190, -6.164550, -48.706040,Stair-Up
183772, -0.083740, -0.922486, -0.295044, 31.127924, -6.530760, -50.842280,Stair-Up
183792, -0.087769, -0.978516, -0.286377, 34.851080, -6.408690, -51.269520,Stair-Up
183812, -0.093628, -1.069946, -0.303345, 35.034180, -4.638672, -51.391590,Stair-Up
183832, -0.077759, -1.132080, -0.292603, 33.691410, -4.638672, -50.659170,Stair-Up
183852, -0.066772, -1.272339, -0.273560, 41.198720, -7.568358, -53.527820,Stair-Up
183872, -0.078125, -1.431885, -0.265137, 33.508300, -7.934570, -53.588860,Stair-Up
183892, -0.072388, -1.451416, -0.267456, 24.169920, -10.131832, -53.222640,Stair-Up
183912, -0.094238, -1.360352, -0.290283, 14.831540, -12.207030, -49.743640,Stair-Up
183932, -0.110474, -1.154053, -0.304566, 7.324218, -10.986324, -40.100100,Stair-Up
183952, -0.138550, -0.974487, -0.308838, 7.385252, -5.798338, -27.587884,Stair-Up
183972, -0.158691, -0.886719, -0.310181, 7.751464, 5.065916, -13.427732,Stair-Up
183992, -0.160645, -0.845093, -0.308472, 4.638672, 16.967780, -0.244141,Stair-Up
184012, -0.159790, -0.820435, -0.294312, 0.000000, 26.611320, 9.826660,Stair-Up
184032, -0.169434, -0.840576, -0.258911, -2.563476, 33.691410, 14.770504,Stair-Up
184052, -0.157959, -0.910767, -0.223755, -6.958006, 38.879400, 15.686032,Stair-Up
184072, -0.121582, -0.990601, -0.206787, -12.084960, 40.466300, 14.465330,Stair-Up
184092, -0.082397, -1.074952, -0.197266, -16.479492, 36.926280, 12.023924,Stair-Up
184112, -0.060791, -1.132568, -0.182373, -25.756830, 24.902340, 9.582520,Stair-Up
184132, -0.064087, -1.116455, -0.166260, -29.357908, 16.113284, 9.521484,Stair-Up
184152, -0.060791, -1.082154, -0.143433, -32.653820, 8.056642, 12.939450,Stair-Up
184172, -0.064453, -1.051148, -0.133545, -32.592780, 2.929687, 18.859868,Stair-Up
184192, -0.048828, -1.049194, -0.132690, -35.278320, 0.854492, 28.747552,Stair-Up
184212, -0.028442, -1.005127, -0.135986, -38.208020, -2.441407, 40.161120,Stair-Up
184232, -0.040649, -0.982300, -0.131958, -36.560060, -6.042480, 49.499500,Stair-Up
184252, -0.047852, -1.007446, -0.115845, -35.583500, -7.263182, 57.434080,Stair-Up
184272, -0.039673, -1.019776, -0.092773, -38.574220, -8.056642, 63.415520,Stair-Up
184292, -0.039063, -0.985596, -0.090332, -39.489750, -9.155274, 67.016600,Stair-Up
184312, -0.052124, -0.977051, -0.101685, -37.048340, -8.605960, 67.932140,Stair-Up
184332, -0.038086, -0.994263, -0.113770, -35.827640, -8.544924, 64.758300,Stair-Up
184352, -0.036987, -0.980347, -0.119019, -35.156260, -9.765626, 59.326160,Stair-Up
184372, -0.032227, -0.954468, -0.121582, -34.912120, -7.446288, 53.955070,Stair-Up
184392, -0.038330, -0.927002, -0.150635, -32.897960, -2.014160, 48.034660,Stair-Up
184412, -0.006104, -0.936035, -0.178589, -30.273430, 2.868652, 41.748040,Stair-Up
184432, -0.007080, -0.986816, -0.194580, -26.184080, 5.737304, 33.752440,Stair-Up
184452, -0.020996, -1.065796, -0.207642, -26.428220, 11.779784, 25.939940,Stair-Up
184472, 0.016235, -1.105225, -0.202881, -28.930660, 14.038084, 18.127448,Stair-Up
184492, 0.049805, -1.191528, -0.175171, -20.629880, 9.704590, 7.080076,Stair-Up
184512, 0.059082, -1.332154, -0.163818, -18.798830, 1.831054, -3.479003,Stair-Up
184532, 0.063965, -1.398194, -0.170166, -18.920900, -13.610836, -17.517090,Stair-Up
184552, 0.048584, -1.162720, -0.264893, -22.521970, -49.072260, -36.376960,Stair-Up
184572, -0.002441, -0.837280, -0.314697, -14.282224, -64.636240, -39.978040,Stair-Up
184592, -0.082764, -0.604370, -0.340820, -2.929687, -63.720700, -34.545900,Stair-Up
184612, -0.157837, -0.503052, -0.349487, 10.437010, -41.442860, -25.207516,Stair-Up
184632, -0.196289, -0.577637, -0.323120, 15.319820, -6.774902, -17.211920,Stair-Up
184652, -0.172730, -0.695801, -0.284302, 9.094240, 24.291990, -12.634276,Stair-Up
184672, -0.140259, -0.810425, -0.246704, 5.065916, 45.104970, -15.502928,Stair-Up
184692, -0.027710, -0.975342, -0.225220, 1.281738, 50.048820, -22.644040,Stair-Up
184712, 0.121582, -1.047608, -0.202881, -6.835936, 29.479976, -27.526850,Stair-Up
184732, 0.183350, -0.983032, -0.199707, -6.164550, -10.498044, -29.785150,Stair-Up
184752, 0.166260, -0.891602, -0.225830, 6.225584, -54.138180, -31.311030,Stair-Up
184772, 0.064453, -0.782471, -0.250244, 21.362300, -96.557600, -29.663080,Stair-Up
184792, -0.023071, -0.675904, -0.295654, 36.193860, -109.558100, -31.372068,Stair-Up
184812, -0.197510, -0.692261, -0.364624, 49.255360, -95.092760, -34.545900,Stair-Up
184832, -0.263672, -0.762207, -0.386597, 47.851560, -58.898920, -37.353520,Stair-Up
184852, -0.267578, -0.793335, -0.345825, 42.236320, -19.042970, -41.625960,Stair-Up
184872, -0.240723, -0.850220, -0.303223, 36.926280, 17.089850, -46.081540,Stair-Up
184892, -0.168701, -0.893433, -0.315186, 30.334470, 40.710440, -49.804680,Stair-Up
184912, -0.063965, -0.904419, -0.340210, 27.770990, 47.424300, -50.842280,Stair-Up
184932, 0.075195, -0.892944, -0.354736, 30.639640, 27.221676, -51.757800,Stair-Up
184952, 0.095947, -0.891968, -0.364258, 39.550780, -7.141112, -52.856440,Stair-Up
184972, 0.015015, -0.934448, -0.359009, 45.471180, -31.127924, -52.612300,Stair-Up
184992, -0.034790, -0.993530, -0.348877, 41.198720, -44.006340, -49.621580,Stair-Up
185012, -0.103882, -0.984375, -0.372925, 38.574220, -42.907700, -47.851560,Stair-Up
185032, -0.172974, -1.004272, -0.422730, 36.010750, -28.442380, -45.898430,Stair-Up
185052, -0.158691, -1.061158, -0.464111, 33.447270, -13.610836, -44.738760,Stair-Up
185072, -0.115356, -1.144288, -0.451660, 32.226570, -7.263182, -44.128410,Stair-Up
185092, -0.092285, -1.232300, -0.420654, 30.395500, -6.591796, -41.748040,Stair-Up
185112, -0.079956, -1.301636, -0.406128, 29.968260, -6.835936, -37.353520,Stair-Up
185132, -0.059692, -1.416504, -0.382202, 31.616208, -9.521484, -31.433100,Stair-Up
185152, -0.041626, -1.564087, -0.352661, 31.799310, -13.305660, -24.780270,Stair-Up
185172, -0.041870, -1.690064, -0.353516, 25.573724, -16.296390, -16.418460,Stair-Up
185192, -0.063110, -1.643921, -0.370239, 12.207030, -15.563964, -4.089356,Stair-Up
185212, -0.088501, -1.448486, -0.379761, 6.164550, -5.004884, 17.089850,Stair-Up
185232, -0.117554, -1.341553, -0.337646, -4.882814, 10.620116, 35.400400,Stair-Up
185252, -0.129150, -1.181641, -0.270142, -16.296390, 27.770990, 51.940910,Stair-Up
185272, -0.101440, -1.127808, -0.210205, -20.080560, 39.306640, 63.964840,Stair-Up
185292, -0.044067, -1.134034, -0.169189, -31.860350, 42.968740, 75.134300,Stair-Up
185312, 0.014771, -1.080566, -0.126221, -41.259760, 36.315920, 83.984360,Stair-Up
185332, 0.036743, -1.037354, -0.087891, -44.372550, 20.141600, 88.195780,Stair-Up
185352, 0.043213, -1.005127, -0.042969, -48.095700, 1.037598, 91.979960,Stair-Up
185372, 0.047607, -0.915772, -0.054443, -48.095700, -16.662600, 96.191400,Stair-Up
185392, 0.040039, -0.852905, -0.057617, -44.189440, -31.799310, 100.219700,Stair-Up
185412, 0.009888, -0.799561, -0.041504, -40.039070, -42.846670, 103.332500,Stair-Up
185432, -0.068604, -0.746826, -0.023682, -32.287600, -44.006340, 103.454560,Stair-Up
185452, -0.098389, -0.762940, -0.020996, -28.747552, -36.987310, 101.623520,Stair-Up
185472, -0.125366, -0.766724, -0.028564, -29.052730, -28.198240, 96.984840,Stair-Up
185492, -0.153076, -0.769531, -0.034546, -27.954100, -18.005376, 88.867160,Stair-Up
185512, -0.149536, -0.774292, -0.033081, -26.000970, -8.789064, 77.514660,Stair-Up
185532, -0.131104, -0.805908, -0.018433, -22.399900, 1.464844, 67.138680,Stair-Up
185552, -0.123291, -0.831543, -0.009277, -21.545408, 10.620116, 57.373040,Stair-Up
185572, -0.130493, -0.860718, -0.013428, -18.737796, 18.737796, 46.020500,Stair-Up
185592, -0.123047, -0.878540, -0.027344, -16.662600, 23.742670, 32.592780,Stair-Up
185612, -0.112061, -0.902588, -0.063477, -10.437010, 26.977532, 19.714360,Stair-Up
185632, -0.110352, -0.919922, -0.081665, -9.338380, 26.672360, 9.216310,Stair-Up
185652, -0.122192, -0.879395, -0.068848, -3.784179, 28.198240, -4.028321,Stair-Up
185672, -0.125366, -0.874634, -0.080688, 1.098633, 30.639640, -11.474608,Stair-Up
185692, -0.130249, -0.885498, -0.109131, 5.004884, 34.912120, -17.517090,Stair-Up
185712, -0.114014, -0.891236, -0.117676, 7.812498, 37.902840, -22.827140,Stair-Up
185732, -0.102905, -0.897583, -0.129028, 12.634276, 38.757330, -28.381340,Stair-Up
185752, -0.115723, -0.926392, -0.161499, 17.822270, 41.503900, -34.606940,Stair-Up
185772, -0.090820, -0.961426, -0.185547, 20.568840, 45.715320, -39.367680,Stair-Up
185792, -0.076660, -1.006470, -0.186646, 22.705070, 47.302240, -42.968740,Stair-Up
185812, -0.077881, -1.106690, -0.198120, 29.052730, 47.729480, -49.865720,Stair-Up
185832, -0.083374, -1.303589, -0.212891, 32.653820, 46.447740, -59.692380,Stair-Up
185852, -0.017700, -1.486450, -0.190186, 25.329584, 36.438000, -68.969740,Stair-Up
185872, 0.088135, -1.590576, -0.173950, 21.179192, -1.953124, -83.068840,Stair-Up
185892, 0.083740, -1.664917, -0.173950, 21.606440, -30.395500, -89.416500,Stair-Up
185912, 0.031616, -1.641846, -0.224854, 17.883300, -54.443350, -95.153800,Stair-Up
185932, -0.033813, -1.492066, -0.300171, 13.671872, -70.129400, -97.412100,Stair-Up
185952, -0.042236, -1.281006, -0.339478, 14.221190, -81.359840, -95.581040,Stair-Up
185972, -0.046631, -1.090454, -0.326172, 14.648436, -90.881340, -84.411600,Stair-Up
185992, -0.075806, -0.902344, -0.300415, 17.517090, -97.656240, -70.068360,Stair-Up
186012, -0.119507, -0.806274, -0.278442, 26.428220, -99.975560, -55.603020,Stair-Up
186032, -0.192505, -0.829102, -0.236694, 31.738280, -91.003400, -44.921860,Stair-Up
186052, -0.190674, -0.845337, -0.208130, 24.536130, -78.735360, -36.254890,Stair-Up
186072, -0.213623, -0.793457, -0.163696, 17.639160, -68.542500, -33.142100,Stair-Up
186092, -0.198608, -0.717407, -0.103272, 7.690428, -53.588860, -28.686520,Stair-Up
186112, -0.156128, -0.621948, -0.117188, 3.662109, -49.621580, -23.803708,Stair-Up
186132, -0.144775, -0.565674, -0.177246, 7.873534, -51.025380, -16.601568,Stair-Up
186172, -0.159668, -0.603882, -0.169434, 11.047360, -62.377920, -5.310058,Stair-Up
186192, -0.198975, -0.655884, -0.173340, 11.901852, -61.523430, -1.403808,Stair-Up
186212, -0.161011, -0.720215, -0.175903, 10.009768, -62.561020, 2.502442,Stair-Up
186232, -0.159302, -0.782959, -0.177124, 10.559080, -65.612800, 7.446288,Stair-Up
186252, -0.138672, -0.850830, -0.181152, 11.169430, -73.364260, 10.070800,Stair-Up
186272, -0.162598, -0.923706, -0.166016, 13.916012, -79.345700, 12.084960,Stair-Up
186292, -0.188110, -0.977783, -0.165283, 10.986324, -80.749500, 13.916012,Stair-Up
186312, -0.251831, -0.943970, -0.234619, 15.014646, -73.303240, 14.465330,Stair-Up
186332, -0.243774, -0.943604, -0.242920, 16.845708, -61.706540, 17.639160,Stair-Up
186352, -0.233154, -0.933106, -0.207397, 19.348150, -51.940910, 20.690910,Stair-Up
186372, -0.306763, -0.953491, -0.199341, 19.775390, -34.179700, 25.451652,Stair-Up
186392, -0.300537, -0.968628, -0.226074, 16.723632, -12.817380, 27.954100,Stair-Up
186412, -0.249878, -0.969116, -0.251709, 15.441892, -0.976562, 29.296870,Stair-Up
186432, -0.242310, -0.983887, -0.239258, 15.991210, 4.943848, 27.343748,Stair-Up
186452, -0.199707, -0.996460, -0.209961, 14.038084, 6.958006, 25.024410,Stair-Up
186472, -0.203369, -0.988648, -0.201294, 13.244628, 8.056642, 21.850580,Stair-Up
186492, -0.227295, -0.991089, -0.207397, 12.084960, 13.977050, 18.615724,Stair-Up
186512, -0.217651, -1.011963, -0.203491, 12.817380, 19.897460, 13.305660,Stair-Up
186532, -0.186035, -1.081055, -0.188599, 10.070800, 25.268550, 4.882814,Stair-Up
186552, -0.136475, -1.084228, -0.175049, 12.145992, 19.653320, -1.892090,Stair-Up
186572, -0.150513, -1.195679, -0.150513, 22.460930, 12.023924, -8.789064,Stair-Up
186592, -0.182983, -1.433838, -0.136230, 30.639640, 9.948730, -19.042970,Stair-Up
186612, -0.199829, -1.678833, -0.120117, 23.010250, 13.977050, -31.249992,Stair-Up
186632, -0.143433, -1.744019, -0.102539, 2.868652, 12.634276, -41.564930,Stair-Up
186652, -0.155151, -1.513306, -0.114014, -15.869140, 10.437010, -43.457020,Stair-Up
186672, -0.220947, -1.249390, -0.143311, -13.000484, 19.836430, -38.391120,Stair-Up
186692, -0.255615, -1.065064, -0.172852, -14.648436, 38.940440, -28.015130,Stair-Up
186712, -0.237671, -0.886475, -0.147705, -9.338380, 59.570300, -11.901852,Stair-Up
186732, -0.198730, -0.911133, -0.100952, 4.455568, 70.739760, -0.854492,Stair-Up
186752, -0.182739, -1.006470, -0.042480, -8.972170, 83.496060, 16.540530,Stair-Up
186772, -0.095215, -0.933960, -0.010376, -12.145992, 78.308120, 24.475090,Stair-Up
186792, -0.079590, -0.923462, -0.004639, -11.047360, 67.749040, 30.822750,Stair-Up
186812, -0.064453, -0.893433, 0.005371, -17.150880, 57.250960, 37.414560,Stair-Up
186832, -0.050903, -0.799072, -0.002319, -17.272950, 43.395980, 41.687000,Stair-Up
186852, -0.066040, -0.731690, -0.000610, -13.732908, 31.005852, 44.189440,Stair-Up
186872, -0.086670, -0.689575, -0.000977, -9.948730, 22.460930, 45.166000,Stair-Up
186892, -0.138428, -0.674316, -0.000366, -6.713866, 21.240230, 44.494620,Stair-Up
186912, -0.167236, -0.686279, -0.003418, -4.760742, 26.794430, 41.748040,Stair-Up
186932, -0.170532, -0.721436, 0.007324, -4.760742, 35.217290, 37.414560,Stair-Up
186952, -0.147339, -0.762085, 0.034546, -7.385252, 44.860830, 34.484870,Stair-Up
186972, -0.124390, -0.832886, 0.040649, -10.375976, 54.382320, 30.517570,Stair-Up
187012, -0.086792, -0.966553, 0.008179, -9.643556, 53.222640, 18.859868,Stair-Up
187032, -0.068115, -1.035156, 0.002930, -10.437010, 46.936020, 12.512204,Stair-Up
187052, -0.068848, -1.049194, -0.004639, -12.939450, 41.381820, 7.568358,Stair-Up
187072, -0.071167, -1.034790, -0.044556, -11.840818, 38.696300, 5.432128,Stair-Up
187092, -0.085938, -1.044190, -0.104248, -9.399414, 33.813480, 1.953124,Stair-Up
187112, -0.090210, -1.053345, -0.106079, -8.239746, 29.296870, -1.098633,Stair-Up
187132, -0.059814, -1.096436, -0.090942, -5.920409, 27.282710, -2.441407,Stair-Up
187152, -0.043335, -1.138672, -0.109619, -7.141112, 24.841304, -0.610352,Stair-Up
187172, -0.038208, -1.230591, -0.128540, 1.281738, 17.639160, -3.234863,Stair-Up
187192, 0.017090, -1.462646, -0.171143, 0.671386, 0.488281, -10.559080,Stair-Up
187212, 0.031006, -1.441406, -0.186768, -7.812498, -11.901852, -11.108396,Stair-Up
187232, 0.009766, -1.414795, -0.163574, -0.732422, -22.583000, -16.845708,Stair-Up
187252, -0.027222, -1.541016, -0.116943, 0.183105, -29.418940, -23.498530,Stair-Up
187272, -0.073242, -1.525391, -0.149536, -12.939450, -30.334470, -30.578610,Stair-Up
187292, -0.110962, -1.337524, -0.227417, -19.592290, -29.968260, -37.109380,Stair-Up
187312, -0.100952, -1.172364, -0.285767, -15.869140, -31.188960, -40.588370,Stair-Up
187332, -0.100586, -1.030030, -0.302002, -17.639160, -30.212400, -35.888680,Stair-Up
187352, -0.098755, -0.816040, -0.289917, -16.479492, -21.850580, -24.597160,Stair-Up
187372, -0.123535, -0.709595, -0.280518, -4.028321, -6.469726, -12.817380,Stair-Up
187392, -0.145508, -0.767578, -0.268799, 0.793457, 9.704590, -7.385252,Stair-Up
187412, -0.132202, -0.812622, -0.230591, -9.094240, 34.484870, -2.990722,Stair-Up
187432, -0.078613, -0.756592, -0.220703, -18.127448, 41.259760, -1.464844,Stair-Up
187452, 0.008789, -0.648071, -0.220825, -22.521970, 35.522460, 0.671386,Stair-Up
187472, 0.026001, -0.542603, -0.227173, -19.042970, 19.409180, 3.173828,Stair-Up
187492, 0.003662, -0.504517, -0.233643, -11.291500, 0.366211, 3.295898,Stair-Up
187512, -0.014771, -0.532715, -0.230591, -4.638672, -17.272950, 2.014160,Stair-Up
187532, -0.039673, -0.583130, -0.212158, -2.441407, -31.311030, 0.061035,Stair-Up
187552, -0.084473, -0.621948, -0.206177, -0.915527, -37.780760, -1.586914,Stair-Up
187572, -0.111328, -0.685425, -0.210205, 0.366211, -38.208020, -4.577638,Stair-Up
187592, -0.111572, -0.758667, -0.206909, 1.586914, -36.560060, -7.507323,Stair-Up
187612, -0.112549, -0.825318, -0.212036, 2.136231, -34.240730, -11.230468,Stair-Up
187632, -0.077881, -0.895386, -0.251221, 4.333496, -34.118660, -15.502928,Stair-Up
187652, -0.088989, -0.932373, -0.265015, 6.469726, -34.057620, -18.066410,Stair-Up
187672, -0.089478, -0.937744, -0.251831, 4.516602, -33.752440, -20.385740,Stair-Up
187692, -0.114624, -0.907227, -0.262085, 6.713866, -32.958990, -22.521970,Stair-Up
187712, -0.133789, -0.912476, -0.272095, 9.399414, -29.968260, -25.695796,Stair-Up
187732, -0.142334, -0.930664, -0.288452, 11.596676, -25.634760, -28.442380,Stair-Up
187752, -0.140259, -0.936646, -0.287354, 12.268064, -20.935052, -31.860350,Stair-Up
187772, -0.129639, -0.922974, -0.264771, 13.854978, -17.272950, -34.667980,Stair-Up
187792, -0.131592, -0.935547, -0.236328, 18.615724, -13.549804, -36.926280,Stair-Up
187812, -0.138184, -1.027344, -0.227417, 24.169920, -8.361816, -38.391120,Stair-Up
187832, -0.153687, -1.122803, -0.251709, 25.085448, -3.967285, -40.039070,Stair-Up
187852, -0.130737, -1.211304, -0.241211, 34.057620, -6.469726, -47.058100,Stair-Up
187872, -0.149902, -1.452759, -0.251343, 55.480940, -6.103514, -52.734360,Stair-Up
187892, -0.139648, -1.857666, -0.265015, 57.434080, 0.122070, -55.175770,Stair-Up
187912, -0.080444, -1.969971, -0.239136, 29.174800, 5.004884, -47.973620,Stair-Up
187932, -0.088257, -1.688965, -0.246948, 15.686032, 5.432128, -35.949720,Stair-Up
187952, -0.145264, -1.414917, -0.307983, 14.404296, 12.023924, -22.094720,Stair-Up
187972, -0.202637, -1.131348, -0.319458, 5.249022, 29.052730, -2.014160,Stair-Up
187992, -0.242554, -0.864502, -0.290527, 7.873534, 45.043940, 13.366696,Stair-Up
188012, -0.295410, -0.870850, -0.277100, 19.592290, 63.842760, 18.920900,Stair-Up
188032, -0.268555, -0.933228, -0.267578, 4.943848, 83.251940, 27.160640,Stair-Up
188052, -0.232666, -0.832764, -0.249146, -5.920409, 94.116200, 32.592780,Stair-Up
188072, -0.109253, -0.775024, -0.165405, -13.427732, 94.848600, 36.743170,Stair-Up
188092, -0.083496, -0.710205, -0.124634, -22.460930, 84.838860, 42.236320,Stair-Up
188112, -0.082764, -0.639038, -0.122681, -24.291990, 72.753920, 44.982900,Stair-Up
188132, -0.065430, -0.640747, -0.143677, -22.338860, 57.312000, 45.410140,Stair-Up
188152, -0.060913, -0.670776, -0.146362, -22.949216, 40.466300, 46.081540,Stair-Up
188172, -0.075073, -0.687988, -0.118164, -24.536130, 24.291990, 44.555660,Stair-Up
188192, -0.051636, -0.689820, -0.053223, -25.329584, 11.962890, 40.527340,Stair-Up
188212, -0.053711, -0.729736, -0.025513, -20.935052, 8.911134, 40.405260,Stair-Up
188232, -0.092773, -0.875854, -0.022827, -19.409180, 12.329100, 40.405260,Stair-Up
188252, -0.073608, -1.018433, -0.015381, -28.320310, 14.465330, 38.879400,Stair-Up
188272, -0.020020, -1.057496, -0.004272, -33.813480, 6.469726, 33.325200,Stair-Up
188292, -0.021606, -1.116211, -0.010376, -30.029290, -10.742184, 24.475090,Stair-Up
188312, 0.009277, -1.187012, -0.005859, -26.794430, -16.662600, 22.949216,Stair-Up
188332, 0.047974, -1.212524, -0.005127, -28.076170, -23.498530, 25.146480,Stair-Up
188352, 0.020874, -1.184448, -0.017212, -22.766110, -28.808590, 26.428220,Stair-Up
188372, -0.014526, -1.220581, -0.051514, -11.169430, -25.329584, 26.550290,Stair-Up
188392, -0.047363, -1.344971, -0.096191, -4.516602, -15.136716, 25.512690,Stair-Up
188412, -0.053955, -1.373291, -0.111084, -14.892576, -2.441407, 22.705070,Stair-Up
188432, -0.041748, -1.195923, -0.111084, -21.118160, 13.732908, 21.362300,Stair-Up
188452, -0.035400, -1.149658, -0.106567, -12.329100, 30.395500, 18.188480,Stair-Up
188472, -0.114624, -1.299927, -0.075684, -13.977050, 47.180160, 11.413570,Stair-Up
188492, -0.078735, -1.362305, -0.073120, -30.578610, 62.255850, -5.981444,Stair-Up
188512, 0.172485, -1.173096, -0.167236, -37.780760, 60.119620, -28.625480,Stair-Up
188532, 0.308960, -1.076660, -0.241943, -27.099608, 35.888680, -35.034180,Stair-Up
188552, 0.311035, -0.974121, -0.284058, -18.310550, -6.286620, -35.278320,Stair-Up
188572, 0.190796, -0.885254, -0.272949, -4.760742, -43.457020, -32.226570,Stair-Up
188592, 0.088623, -0.879028, -0.268066, 6.225584, -60.424800, -28.869624,Stair-Up
188612, 0.040771, -0.870728, -0.302856, 4.882814, -56.640620, -21.850580,Stair-Up
188632, 0.037720, -0.834839, -0.329956, 3.723144, -43.273920, -17.761230,Stair-Up
188652, 0.015259, -0.806152, -0.304566, -3.173828, -31.860350, -15.869140,Stair-Up
188672, 0.006104, -0.692627, -0.267090, -10.131832, -25.390620, -15.136716,Stair-Up
188692, -0.009521, -0.572998, -0.237671, -8.911134, -27.893060, -15.136716,Stair-Up
188712, -0.022339, -0.512085, -0.236450, -5.004884, -31.494136, -17.211920,Stair-Up
188732, -0.008667, -0.468384, -0.254883, 1.342773, -37.597660, -17.272950,Stair-Up
188752, -0.038208, -0.522095, -0.265015, 10.864256, -42.236320, -20.263670,Stair-Up
188772, -0.052246, -0.625977, -0.226563, 15.014646, -46.447740, -23.193352,Stair-Up
188793, -0.064087, -0.723755, -0.173462, 18.615724, -48.706040, -28.503410,Stair-Up
188813, -0.025513, -0.809570, -0.125855, 18.371584, -46.264640, -29.785150,Stair-Up
188833, -0.029663, -0.859741, -0.142334, 20.080560, -42.541500, -28.869624,Stair-Up
188853, -0.092651, -0.919434, -0.185181, 20.629880, -37.597660, -29.418940,Stair-Up
188873, -0.082642, -0.945679, -0.216064, 21.667476, -33.508300, -33.935560,Stair-Up
188893, -0.081055, -0.945679, -0.238281, 26.245110, -31.799310, -39.062500,Stair-Up
188913, -0.104492, -0.937134, -0.271606, 35.217290, -23.315424, -44.982900,Stair-Up
188933, -0.109009, -0.953980, -0.305176, 38.818360, -15.624996, -48.400870,Stair-Up
188953, -0.109009, -0.993408, -0.303711, 42.236320, -5.859374, -49.743640,Stair-Up
188973, -0.112549, -1.087646, -0.294312, 44.128410, 2.380371, -49.987780,Stair-Up
188993, -0.130981, -1.180908, -0.289917, 41.809080, 6.347656, -48.950180,Stair-Up
189013, -0.123657, -1.228882, -0.290649, 37.597660, 5.432128, -49.804680,Stair-Up
189033, -0.028198, -1.283692, -0.283081, 40.771480, 0.183105, -45.715320,Stair-Up
189053, 0.031006, -1.394165, -0.306152, 48.461900, -25.512690, -49.621580,Stair-Up
189073, -0.086792, -1.635376, -0.336182, 67.138680, -19.470220, -29.663080,Stair-Up
189093, -0.167847, -1.822266, -0.368774, 36.926280, -5.798338, -31.188960,Stair-Up
189113, -0.142212, -1.645630, -0.409912, 26.550290, 0.793457, -17.395020,Stair-Up
189133, -0.210327, -1.392212, -0.377197, -4.211426, -1.525878, -35.095220,Stair-Up
189153, -0.121338, -0.972290, -0.400635, 13.671872, 17.822270, -11.169430,Stair-Up
189173, -0.194336, -1.076416, -0.355225, -3.784179, 67.321800, 49.316400,Stair-Up
189193, -0.165894, -0.928467, -0.325806, -22.644040, 93.261700, 57.067860,Stair-Up
189213, -0.082764, -0.945312, -0.284424, -17.578130, 108.032200, 64.941420,Stair-Up
189233, 0.189819, -0.917847, -0.257690, -25.146480, 43.884270, 47.790520,Stair-Up
189253, -0.082397, -0.776734, -0.253906, -24.658200, 1.159668, 45.471180,Stair-Up
189273, -0.172485, -0.798096, -0.229370, -33.752440, 2.746581, 54.504380,Stair-Up
189293, -0.038818, -0.648926, -0.199951, -31.799310, -14.099120, 51.696770,Stair-Up
189313, -0.186157, -0.664307, -0.164795, -28.259270, -20.202630, 55.053700,Stair-Up
189333, -0.216919, -0.675415, -0.144287, -29.785150, -10.925290, 56.457510,Stair-Up
189353, -0.218628, -0.724121, -0.109375, -37.109380, 8.056642, 58.593740,Stair-Up
189373, -0.162354, -0.771118, -0.072632, -36.865240, 16.418460, 58.593740,Stair-Up
189393, -0.129761, -0.830688, -0.042603, -37.231450, 22.155760, 56.457510,Stair-Up
189433, -0.085205, -0.989258, -0.007202, -34.423840, 30.090330, 49.865720,Stair-Up
189453, -0.057251, -1.047608, 0.023315, -33.996590, 27.648920, 43.395980,Stair-Up
189473, -0.045532, -1.077759, 0.022461, -31.677240, 25.451652, 36.926280,Stair-Up
189493, -0.056396, -1.126954, -0.005981, -27.160640, 25.146480, 31.311030,Stair-Up
189513, -0.039673, -1.134522, -0.018188, -30.944820, 22.766110, 27.038570,Stair-Up
189533, -0.036865, -1.058350, -0.030151, -27.526850, 16.052250, 23.376460,Stair-Up
189553, -0.072754, -1.048462, -0.040649, -16.845708, 12.451170, 18.981940,Stair-Up
189573, -0.060425, -1.105469, -0.062744, -9.399414, 19.104010, 15.991210,Stair-Up
189593, -0.055420, -1.148072, -0.098022, -4.394532, 26.977532, 15.441892,Stair-Up
189613, -0.074585, -1.226196, -0.141480, 2.075196, 40.222160, 13.793944,Stair-Up
189633, -0.074707, -1.353882, -0.168701, 3.723144, 55.603020, 10.742184,Stair-Up
189653, -0.044556, -1.458984, -0.153687, 0.183105, 66.223160, 4.577638,Stair-Up
189673, -0.005371, -1.472046, -0.142334, -7.385252, 65.734860, -2.685546,Stair-Up
189693, -0.002319, -1.343018, -0.171509, -9.033204, 57.434080, -12.207030,Stair-Up
189713, 0.052368, -1.214234, -0.227783, -0.793457, 41.992180, -21.789548,Stair-Up
189733, 0.068970, -1.071289, -0.293823, 5.981444, 18.432620, -29.052730,Stair-Up
189753, 0.005371, -0.874756, -0.330322, 12.390136, 0.854492, -33.752440,Stair-Up
189773, -0.041138, -0.689575, -0.329956, 20.202630, -5.981444, -35.400400,Stair-Up
189793, -0.098022, -0.594971, -0.309204, 35.217290, 4.028321, -32.653820,Stair-Up
189813, -0.152100, -0.689942, -0.306519, 35.766600, 26.123040, -29.663080,Stair-Up
189833, -0.106079, -0.763550, -0.299805, 24.414060, 44.372550, -26.123040,Stair-Up
189853, -0.057251, -0.777710, -0.275391, 15.014646, 52.307120, -21.972650,Stair-Up
189873, 0.024902, -0.773316, -0.239746, 5.371092, 49.072260, -15.075680,Stair-Up
189893, 0.100952, -0.739136, -0.232422, 2.380371, 30.395500, -9.277344,Stair-Up
189913, 0.121094, -0.737549, -0.267334, 6.530760, 4.516602, -5.004884,Stair-Up
189933, 0.132935, -0.743652, -0.316895, 9.582520, -21.423332, 0.366211,Stair-Up
189953, 0.068359, -0.740601, -0.328613, 14.343260, -40.649400, 3.906249,Stair-Up
189973, -0.009033, -0.756470, -0.322998, 15.686032, -48.339840, 4.760742,Stair-Up
189993, -0.079468, -0.762940, -0.313232, 16.296390, -41.564930, 5.798338,Stair-Up
190013, -0.107422, -0.864624, -0.329102, 14.953610, -15.991210, 6.286620,Stair-Up
190033, -0.067871, -0.893799, -0.347168, 9.094240, -2.136231, 7.446288,Stair-Up
190053, -0.043945, -0.894165, -0.340820, 9.643556, 3.601074, 7.019042,Stair-Up
190073, -0.046997, -0.922608, -0.328491, 9.887696, 7.751464, 7.446288,Stair-Up
190093, -0.030396, -0.945068, -0.329346, 10.559080, 7.751464, 6.469726,Stair-Up
190113, -0.023438, -0.975098, -0.336060, 12.695310, 2.624511, 3.662109,Stair-Up
190133, -0.027100, -1.010254, -0.331787, 14.831540, -6.042480, -1.403808,Stair-Up
190153, -0.041870, -1.046753, -0.307617, 18.249516, -12.695310, -6.958006,Stair-Up
190173, -0.060059, -1.097900, -0.276856, 20.019532, -15.991210, -11.962890,Stair-Up
190193, -0.067261, -1.129272, -0.256470, 21.484370, -18.859868, -17.089850,Stair-Up
190213, -0.077515, -1.145264, -0.252686, 26.672360, -21.911620, -22.399900,Stair-Up
190233, -0.083252, -1.305786, -0.229492, 43.945300, -18.554690, -31.921380,Stair-Up
190253, -0.119141, -1.528564, -0.233032, 50.903310, -11.657712, -40.710440,Stair-Up
190273, -0.152466, -1.628052, -0.246216, 37.048340, -0.122070, -47.607410,Stair-Up
190293, -0.195068, -1.450684, -0.275269, 24.841304, 16.906740, -52.001940,Stair-Up
190313, -0.257935, -1.260864, -0.268799, 17.211920, 42.541500, -50.415030,Stair-Up
190333, -0.273804, -1.116455, -0.189819, 7.873534, 73.974620, -40.344230,Stair-Up
190353, -0.201904, -1.059936, -0.122681, 2.197266, 94.421360, -30.090330,Stair-Up
190373, -0.163208, -1.035522, -0.116455, -8.972170, 104.675280, -16.052250,Stair-Up
190393, -0.077515, -0.942505, -0.120850, -21.728510, 101.806620, 0.915527,Stair-Up
190413, 0.008911, -0.817017, -0.119995, -26.062010, 84.655740, 18.676760,Stair-Up
190433, 0.034546, -0.721924, -0.125977, -25.085448, 60.974110, 36.560060,Stair-Up
190453, -0.022583, -0.634400, -0.147339, -20.019532, 27.954100, 54.504380,Stair-Up
190473, -0.046265, -0.605347, -0.135986, -19.470220, 11.718748, 61.706540,Stair-Up
190493, -0.090942, -0.581177, -0.122803, -16.357424, 0.427246, 62.866200,Stair-Up
190513, -0.136597, -0.621338, -0.098633, -14.770504, -2.746581, 61.157220,Stair-Up
190533, -0.144653, -0.665405, -0.080933, -15.747068, -1.647949, 55.725090,Stair-Up
190553, -0.149902, -0.731201, -0.071411, -13.732908, 0.061035, 46.142570,Stair-Up
190573, -0.141357, -0.806641, -0.048950, -14.526364, 0.366211, 34.912120,Stair-Up
190593, -0.135254, -0.873902, -0.014526, -13.977050, 0.305176, 22.949216,Stair-Up
190613, -0.113770, -0.945190, 0.014038, -14.831540, 0.183105, 11.779784,Stair-Up
190633, -0.092529, -1.015747, 0.035278, -14.526364, -0.915527, 3.784179,Stair-Up
190653, -0.058960, -1.078370, 0.069092, -17.578130, -4.882814, -3.173828,Stair-Up
190673, -0.022217, -1.055908, 0.077393, -20.629880, -12.878416, -4.455568,Stair-Up
190693, -0.015869, -1.022095, 0.043335, -17.578130, -13.977050, 0.122070,Stair-Up
190713, 0.007202, -1.073120, 0.012451, -10.620116, -16.784670, 4.455568,Stair-Up
190733, -0.049438, -1.163452, -0.037231, -7.995604, -15.441892, 6.164550,Stair-Up
190753, -0.128052, -1.225952, -0.090576, -12.084960, -5.981444, 4.089356,Stair-Up
190773, -0.084717, -1.216186, -0.166260, -11.535644, 8.117676, -1.037598,Stair-Up
190793, -0.038208, -1.269776, -0.249512, -1.770019, 21.789548, -5.615234,Stair-Up
190813, -0.028442, -1.399170, -0.271362, 0.183105, 39.733900, -11.657712,Stair-Up
190833, 0.015381, -1.459717, -0.210327, -8.850100, 54.138180, -13.610836,Stair-Up
190853, 0.015625, -1.421143, -0.205200, -10.192870, 59.326160, -21.911620,Stair-Up
190873, 0.073853, -1.410400, -0.212402, -11.718748, 61.523430, -28.076170,Stair-Up
190893, 0.176270, -1.291016, -0.244019, -12.390136, 44.067380, -27.770990,Stair-Up
190913, 0.128540, -1.158081, -0.283691, -11.901852, 22.460930, -28.015130,Stair-Up
190933, 0.075195, -0.973999, -0.312134, -6.835936, 4.577638, -28.747552,Stair-Up
190953, 0.004883, -0.816528, -0.316528, -1.220704, 2.990722, -25.085448,Stair-Up
190973, -0.037964, -0.752197, -0.330688, 5.920409, 13.732908, -19.226080,Stair-Up
190993, -0.080444, -0.826904, -0.335816, 8.178714, 32.287600, -16.296390,Stair-Up
191013, -0.058228, -0.883667, -0.308838, -0.061035, 49.621580, -13.854978,Stair-Up
191033, -0.005859, -0.889160, -0.294922, -5.065916, 56.518540, -11.901852,Stair-Up
191053, 0.041992, -0.870972, -0.284790, -9.094240, 53.283680, -9.033204,Stair-Up
191073, 0.070435, -0.846802, -0.294190, -8.544924, 41.992180, -6.835936,Stair-Up
191093, 0.047241, -0.808960, -0.317505, -7.873534, 30.883784, -5.920409,Stair-Up
191113, 0.009033, -0.743408, -0.325195, -10.620116, 24.353020, -3.906249,Stair-Up
191133, -0.022949, -0.696655, -0.326904, -9.033204, 25.939940, -1.037598,Stair-Up
191153, -0.054199, -0.739014, -0.305298, -9.216310, 35.400400, 1.647949,Stair-Up
191173, -0.017334, -0.773926, -0.306274, -15.258788, 44.433580, 6.347656,Stair-Up
191193, 0.024414, -0.760498, -0.312256, -18.127448, 43.457020, 9.948730,Stair-Up
191213, 0.035645, -0.790772, -0.308228, -15.380856, 38.635260, 12.817380,Stair-Up
191233, 0.047607, -0.844238, -0.308594, -16.357424, 34.179700, 17.639160,Stair-Up
191253, 0.056396, -0.864014, -0.322266, -18.188480, 30.273430, 21.972650,Stair-Up
191273, 0.078613, -0.885132, -0.294067, -20.324700, 23.071284, 23.986810,Stair-Up
191293, 0.103516, -0.857910, -0.265137, -24.414060, 14.892576, 28.015130,Stair-Up
191313, 0.106934, -0.817261, -0.287964, -21.850580, 4.638672, 30.456540,Stair-Up
191333, 0.083984, -0.819092, -0.314087, -18.188480, -5.126952, 31.127924,Stair-Up
191353, 0.074219, -0.759888, -0.317261, -16.479492, -6.896972, 30.639640,Stair-Up
191373, 0.024170, -0.747681, -0.317627, -10.070800, -4.272462, 27.343748,Stair-Up
191393, -0.005981, -0.791626, -0.317993, -8.666994, 3.540038, 23.193352,Stair-Up
191413, 0.010620, -0.787476, -0.334961, -7.812498, 10.375976, 20.263670,Stair-Up
191433, 0.023682, -0.811646, -0.336670, -1.342773, 11.840818, 15.686032,Stair-Up
191453, 0.031372, -0.859863, -0.321167, 2.380371, 11.413570, 13.793944,Stair-Up
191473, 0.028687, -0.894043, -0.310181, 6.164550, 9.826660, 11.657712,Stair-Up
191493, 0.037842, -0.935059, -0.305664, 10.498044, 6.164550, 10.925290,Stair-Up
191513, 0.022583, -0.966064, -0.307129, 14.892576, 1.647949, 10.131832,Stair-Up
191533, 0.006348, -1.022828, -0.301758, 22.766110, 0.671386, 8.361816,Stair-Up
191553, -0.011597, -1.189820, -0.278809, 35.034180, 0.793457, 3.601074,Stair-Up
191573, -0.020264, -1.377564, -0.260620, 44.189440, 2.258301, -2.258301,Stair-Up
191593, -0.010498, -1.523804, -0.272705, 42.053220, 3.173828, -5.371092,Stair-Up
191613, -0.034424, -1.519410, -0.298828, 38.696300, 5.920409, -6.164550,Stair-Up
191633, -0.056274, -1.388672, -0.310181, 35.156260, 14.343260, -2.807617,Stair-Up
191653, -0.091797, -1.220459, -0.294922, 31.433100, 27.038570, 2.380371,Stair-Up
191673, -0.145142, -1.017334, -0.278320, 22.460930, 44.799800, 9.094240,Stair-Up
191693, -0.166870, -0.833008, -0.261353, 20.751950, 59.143060, 13.427732,Stair-Up
191713, -0.169922, -0.840088, -0.223877, 27.404780, 66.833500, 12.023924,Stair-Up
191733, -0.113647, -0.995728, -0.178589, 22.338860, 69.519040, 12.084960,Stair-Up
191753, -0.028809, -1.035278, -0.139526, 7.629394, 60.668940, 16.174320,Stair-Up
191773, 0.028564, -0.957154, -0.109619, 0.793457, 29.357908, 22.949216,Stair-Up
191793, -0.004272, -0.933350, -0.118408, 3.540038, 10.253904, 27.099608,Stair-Up
191813, -0.022339, -0.947388, -0.127441, 3.112792, -5.004884, 28.930660,Stair-Up
191833, -0.085327, -0.912598, -0.135986, 3.540038, -13.244628, 27.832030,Stair-Up
191853, -0.135498, -0.885498, -0.152710, 3.051757, -9.704590, 25.695796,Stair-Up
191873, -0.142700, -0.847046, -0.153931, -0.244141, -0.488281, 25.390620,Stair-Up
191893, -0.155762, -0.808228, -0.146729, -1.708984, 11.962890, 25.695796,Stair-Up
191913, -0.159180, -0.771973, -0.163086, -3.784179, 25.939940, 25.329584,Stair-Up
191933, -0.157227, -0.740723, -0.187988, -2.746581, 37.597660, 23.376460,Stair-Up
191953, -0.145630, -0.741821, -0.186523, -3.479003, 45.532220, 19.897460,Stair-Up
191973, -0.135864, -0.713257, -0.163574, -5.065916, 48.645010, 15.808104,Stair-Up
191993, -0.151001, -0.718018, -0.165405, -0.488281, 50.964340, 5.493162,Stair-Up
192013, -0.134522, -0.806030, -0.154785, 0.000000, 50.964340, -2.380371,Stair-Up
192033, -0.116455, -0.871826, -0.144287, -3.845214, 47.668440, -9.521484,Stair-Up
192053, -0.103149, -0.873657, -0.144531, -7.934570, 41.259760, -15.563964,Stair-Up
192073, -0.105469, -0.883057, -0.147827, -4.516602, 32.470710, -21.728510,Stair-Up
192093, -0.107666, -0.968750, -0.140381, -3.051757, 25.817870, -25.817870,Stair-Up
192113, -0.078003, -1.005738, -0.130615, -7.080076, 19.714360, -25.268550,Stair-Up
192133, -0.092896, -1.023926, -0.159668, -4.699708, 15.258788, -22.705070,Stair-Up
192153, -0.095703, -1.084595, -0.188477, -3.967285, 16.296390, -17.089850,Stair-Up
192173, -0.078980, -1.159912, -0.190186, -5.126952, 19.714360, -9.704590,Stair-Up
192193, -0.060913, -1.280274, -0.131104, -1.770019, 20.751950, -3.417968,Stair-Up
192213, 0.028931, -1.599121, -0.115723, -10.192870, 11.230468, -1.525878,Stair-Up
192233, 0.046997, -1.336792, -0.213745, -27.282710, -1.708984, 4.333496,Stair-Up
192253, -0.007324, -1.065064, -0.312134, -7.934570, -10.009768, 1.464844,Stair-Up
192273, -0.084717, -1.050415, -0.312134, 2.319336, -10.192870, -1.159668,Stair-Up
192293, -0.134522, -0.975098, -0.296265, -5.310058, 3.417968, 1.342773,Stair-Up
192313, -0.100342, -0.807617, -0.306152, -13.000484, 22.033690, 11.535644,Stair-Up
192333, -0.039551, -0.709229, -0.310791, -10.192870, 36.804200, 22.583000,Stair-Up
192353, 0.038940, -0.806274, -0.296143, -7.019042, 41.137680, 31.372068,Stair-Up
192373, 0.085083, -0.917847, -0.254395, -13.732908, 30.334470, 34.118660,Stair-Up
192393, 0.120728, -0.936646, -0.232422, -16.052250, 7.995604, 30.517570,Stair-Up
192413, 0.140747, -0.923462, -0.223511, -13.854978, -20.080560, 26.306150,Stair-Up
192433, 0.077637, -0.871704, -0.240479, -6.225584, -50.903310, 23.803708,Stair-Up
192453, 0.022705, -0.833130, -0.265869, -0.305176, -58.959950, 23.010250,Stair-Up
192473, -0.062378, -0.795532, -0.282593, 3.173828, -52.062980, 22.094720,Stair-Up
192493, -0.132935, -0.760376, -0.292358, 4.272462, -33.081060, 19.775390,Stair-Up
192513, -0.157959, -0.739746, -0.304810, 4.821778, -8.544924, 17.211920,Stair-Up
192533, -0.107544, -0.759278, -0.310547, 5.004884, 10.192870, 15.197750,Stair-Up
192553, -0.081299, -0.767090, -0.312866, 5.126952, 22.460930, 16.113284,Stair-Up
192573, -0.068604, -0.786133, -0.316895, 6.530760, 30.395500, 17.150880,Stair-Up
192593, -0.044922, -0.826050, -0.321045, 8.422854, 30.517570, 15.808104,Stair-Up
192613, -0.035889, -0.859741, -0.319824, 8.605960, 25.878900, 13.305660,Stair-Up
192633, -0.027466, -0.871826, -0.327026, 8.605960, 18.005376, 10.070800,Stair-Up
192653, -0.027100, -0.852661, -0.320801, 7.629394, 2.990722, 5.004884,Stair-Up
192673, -0.025269, -0.831787, -0.313355, 10.437010, -10.253904, 0.976562,Stair-Up
192693, -0.043457, -0.834595, -0.334961, 15.258788, -22.338860, -2.868652,Stair-Up
192713, -0.079224, -0.852539, -0.355347, 20.080560, -27.221676, -5.981444,Stair-Up
192733, -0.110352, -0.898438, -0.364258, 23.803708, -25.756830, -10.070800,Stair-Up
192753, -0.142822, -0.964600, -0.353027, 26.245110, -18.737796, -15.563964,Stair-Up
192773, -0.136719, -1.104370, -0.297485, 32.165540, -9.399414, -22.277830,Stair-Up
192793, -0.089722, -1.398438, -0.281006, 41.198720, -6.530760, -32.104500,Stair-Up
192813, -0.036011, -1.572022, -0.269287, 22.583000, -12.084960, -35.827640,Stair-Up
192833, -0.019165, -1.383545, -0.253662, 10.375976, -22.949216, -34.057620,Stair-Up
192853, -0.053345, -1.218872, -0.228149, 15.686032, -37.292480, -32.287600,Stair-Up
192873, -0.140747, -1.116700, -0.222778, 13.488768, -34.240730, -18.615724,Stair-Up
192893, -0.185181, -1.022950, -0.224609, 9.155274, -23.681636, -12.268064,Stair-Up
192913, -0.250366, -0.981568, -0.214722, 8.728030, -6.713866, -9.094240,Stair-Up
192933, -0.257690, -1.025146, -0.191528, 4.821778, 13.732908, -9.338380,Stair-Up
192953, -0.223145, -1.038696, -0.160156, -5.187988, 29.846190, -8.239746,Stair-Up
192973, -0.173950, -0.991577, -0.146240, -10.253904, 36.621100, -7.629394,Stair-Up
192993, -0.141846, -0.957398, -0.139771, -12.084960, 32.897960, -7.141112,Stair-Up
193013, -0.137329, -0.902832, -0.131592, -13.427732, 25.451652, -5.126952,Stair-Up
193053, -0.162842, -0.865112, -0.117554, -11.535644, 16.296390, 0.244141,Stair-Up
193073, -0.160278, -0.901612, -0.109131, -13.122556, 13.488768, 3.173828,Stair-Up
193093, -0.156982, -0.886475, -0.089355, -18.005376, 7.507323, 7.751464,Stair-Up
193113, -0.145752, -0.878418, -0.085693, -18.188480, 2.624511, 9.460450,Stair-Up
193133, -0.124023, -0.882812, -0.080933, -17.028810, -4.089356, 11.413570,Stair-Up
193153, -0.137573, -0.901001, -0.076172, -15.563964, -10.253904, 12.023924,Stair-Up
193173, -0.155640, -0.923584, -0.060059, -14.587400, -13.793944, 11.413570,Stair-Up
193193, -0.170044, -0.946411, -0.051270, -13.244628, -14.770504, 8.728030,Stair-Up
193213, -0.172241, -0.969116, -0.053833, -12.329100, -12.939450, 6.103514,Stair-Up
193233, -0.176270, -0.987427, -0.054443, -11.779784, -9.033204, 3.479003,Stair-Up
193253, -0.162476, -0.994019, -0.049805, -11.596676, -4.272462, 1.770019,Stair-Up
193273, -0.164307, -0.988037, -0.071411, -11.779784, 1.525878, 2.929687,Stair-Up
193313, -0.150391, -1.102784, -0.122559, -2.258301, 14.587400, 6.347656,Stair-Up
193333, -0.149780, -1.177490, -0.129517, -5.249022, 24.597160, 8.483890,Stair-Up
193353, -0.108398, -1.176636, -0.140259, -10.864256, 31.127924, 10.253904,Stair-Up
193373, -0.097534, -1.152588, -0.160278, -9.216310, 33.630380, 10.131832,Stair-Up
193393, -0.067627, -1.226196, -0.180420, -2.502442, 32.897960, 7.934570,Stair-Up
193413, -0.031128, -1.257935, -0.219116, -8.178714, 28.076170, 7.446288,Stair-Up
193433, -0.005371, -1.156128, -0.252686, -5.493162, 17.822270, 6.408690,Stair-Up
193453, -0.037231, -1.084473, -0.282837, -3.845214, 11.047360, 5.920409,Stair-Up
193473, -0.061035, -0.957276, -0.298462, -5.493162, 12.512204, 8.300784,Stair-Up
193493, -0.068604, -0.899414, -0.324219, -2.075196, 15.502928, 7.446288,Stair-Up
193513, -0.080688, -0.858765, -0.318848, -7.080076, 19.042970, 8.178714,Stair-Up
193533, -0.022461, -0.831787, -0.286255, -5.615234, 17.761230, 7.751464,Stair-Up
193553, 0.024048, -0.890503, -0.278198, -6.286620, 10.131832, 10.314940,Stair-Up
193573, 0.029663, -0.931152, -0.275879, -5.432128, -2.380371, 11.047360,Stair-Up
193593, 0.026489, -0.980957, -0.275391, -1.098633, -17.028810, 8.239746,Stair-Up
193613, 0.000977, -1.001099, -0.265991, -0.610352, -28.991692, 5.859374,Stair-Up
193633, -0.015503, -0.932617, -0.249268, -2.319336, -36.499030, 5.310058,Stair-Up
193653, -0.063110, -0.837524, -0.243286, 0.610352, -37.170420, 6.225584,Stair-Up
193673, -0.117554, -0.786255, -0.254028, 2.136231, -30.090330, 7.324218,Stair-Up
193693, -0.134277, -0.747681, -0.263916, 3.417968, -20.141600, 7.080076,Stair-Up
193713, -0.151123, -0.729736, -0.260742, 4.333496, -10.559080, 4.760742,Stair-Up
193733, -0.163574, -0.723267, -0.249756, 4.577638, -1.586914, 1.342773,Stair-Up
193753, -0.137695, -0.722778, -0.242188, 5.432128, 5.676268, -5.004884,Stair-Up
193773, -0.131104, -0.739502, -0.249756, 8.178714, 5.920409, -9.765626,Stair-Up
193793, -0.118286, -0.770630, -0.255371, 10.559080, 3.906249, -13.671872,Stair-Up
193813, -0.125977, -0.787720, -0.256592, 12.817380, 1.586914, -17.272950,Stair-Up
193833, -0.133545, -0.805298, -0.255249, 15.441892, 0.793457, -19.836430,Stair-Up
193853, -0.146240, -0.829956, -0.263306, 19.042970, 1.892090, -21.728510,Stair-Up
193873, -0.156982, -0.864868, -0.285156, 20.568840, 6.164550, -22.399900,Stair-Up
193893, -0.162354, -0.882935, -0.298950, 22.827140, 11.779784, -22.583000,Stair-Up
193913, -0.180176, -0.963501, -0.302856, 26.794430, 18.981940, -23.437492,Stair-Up
193933, -0.153564, -1.079834, -0.283325, 26.916500, 25.939940, -23.498530,Stair-Up
193953, -0.137939, -1.232788, -0.242676, 30.761716, 28.869624, -23.437492,Stair-Up
193973, -0.082031, -1.605469, -0.242188, 26.916500, 27.404780, -24.169920,Stair-Up
193993, -0.015747, -1.551392, -0.232178, 10.253904, 15.991210, -19.897460,Stair-Up
194013, -0.052002, -1.383301, -0.245850, 13.610836, 2.746581, -15.747068,Stair-Up
194033, -0.116455, -1.261841, -0.242798, 10.742184, -0.061035, -6.652830,Stair-Up
194053, -0.176514, -1.096680, -0.271606, 5.859374, 3.784179, 1.281738,Stair-Up
194073, -0.234985, -0.905640, -0.270630, 2.014160, 14.160152, 7.690428,Stair-Up
194093, -0.274902, -0.840698, -0.247070, 8.728030, 30.456540, 10.253904,Stair-Up
194113, -0.276367, -0.953247, -0.232544, 6.774902, 51.391590, 10.192870,Stair-Up
194133, -0.227783, -0.981445, -0.217041, -3.906249, 69.641120, 10.864256,Stair-Up
194153, -0.186279, -0.988892, -0.194336, -4.943848, 77.636740, 7.263182,Stair-Up
194173, -0.147461, -1.018311, -0.170532, -10.009768, 77.392600, 4.882814,Stair-Up
194193, -0.119995, -0.920654, -0.139893, -16.174320, 68.237320, 6.774902,Stair-Up
194213, -0.098999, -0.885864, -0.131104, -16.540530, 59.082020, 10.253904,Stair-Up
194233, -0.094482, -0.868530, -0.130005, -19.104010, 49.560540, 15.563964,Stair-Up
194253, -0.096680, -0.850830, -0.123657, -21.057124, 39.611820, 19.775390,Stair-Up
194273, -0.111328, -0.845581, -0.112061, -22.766110, 30.090330, 21.911620,Stair-Up
194293, -0.105103, -0.851074, -0.095093, -23.986810, 22.460930, 23.559568,Stair-Up
194313, -0.091431, -0.864136, -0.078125, -24.902340, 13.977050, 24.047850,Stair-Up
194333, -0.093872, -0.882446, -0.063965, -23.132320, 6.896972, 23.681636,Stair-Up
194353, -0.089600, -0.937500, -0.053711, -21.606440, 0.671386, 22.338860,Stair-Up
194373, -0.085449, -0.976196, -0.039429, -21.606440, -5.310058, 20.385740,Stair-Up
194393, -0.092651, -1.000732, -0.038940, -19.042970, -9.277344, 17.333990,Stair-Up
194413, -0.112305, -1.050171, -0.089355, -15.991210, -4.089356, 15.747068,Stair-Up
194433, -0.119263, -1.107056, -0.101074, -15.136716, 5.187988, 16.845708,Stair-Up
194453, -0.110230, -1.179810, -0.090820, -15.380856, 15.808104, 18.859868,Stair-Up
194473, -0.094971, -1.331055, -0.090820, -8.666994, 27.832030, 19.775390,Stair-Up
194493, -0.030518, -1.569092, -0.096802, -7.629394, 36.071780, 19.104010,Stair-Up
194513, 0.080322, -1.621216, -0.124268, -21.423332, 31.372068, 19.592290,Stair-Up
194533, 0.101440, -1.311036, -0.205322, -30.578610, 15.502928, 22.521970,Stair-Up
194553, 0.014526, -0.807862, -0.343140, -21.728510, 8.972170, 21.850580,Stair-Up
194573, -0.115479, -0.519776, -0.419434, 11.230468, 19.470220, 24.475090,Stair-Up
194593, -0.235596, -0.677002, -0.409546, 31.555170, 49.865720, 20.141600,Stair-Up
194613, -0.260498, -0.841675, -0.311890, 11.657712, 89.843740, 20.751950,Stair-Up
194633, -0.152222, -0.828491, -0.152100, -9.948730, 129.699700, 13.549804,Stair-Up
194653, -0.001587, -0.889160, -0.104736, -19.897460, 127.075180, 7.446288,Stair-Up
194673, 0.145264, -0.897339, -0.124023, -24.108880, 94.238260, 0.732422,Stair-Up
194693, 0.218994, -0.915894, -0.173828, -16.052250, 37.109380, -8.666994,Stair-Up
194713, 0.218262, -0.935913, -0.210449, -6.103514, -23.681636, -11.962890,Stair-Up
194733, 0.149536, -0.898438, -0.208374, 0.854492, -68.664560, -8.972170,Stair-Up
194753, 0.093018, -0.819458, -0.208374, 7.019042, -98.510720, -0.793457,Stair-Up
194773, -0.033691, -0.764038, -0.216553, 16.357424, -107.543920, 8.422854,Stair-Up
194793, -0.158081, -0.773316, -0.226563, 19.042970, -91.857900, 16.113284,Stair-Up
194813, -0.197632, -0.768921, -0.258545, 17.089850, -61.279280, 20.446770,Stair-Up
194833, -0.212158, -0.769043, -0.302368, 16.418460, -26.184080, 19.348150,Stair-Up
194853, -0.120850, -0.780884, -0.351807, 12.207030, 18.005376, 13.549804,Stair-Up
194873, -0.095703, -0.766724, -0.375366, 14.770504, 35.949720, 5.432128,Stair-Up
194893, -0.081421, -0.811768, -0.377808, 16.784670, 53.649900, 0.000000,Stair-Up
194913, -0.033447, -0.866333, -0.372681, 15.563964, 61.950680, -6.591796,Stair-Up
194933, 0.005981, -0.897339, -0.356201, 12.634276, 61.828600, -10.681150,Stair-Up
194953, 0.050537, -0.901734, -0.360840, 11.840818, 52.978500, -13.366696,Stair-Up
194973, 0.048706, -0.927612, -0.375488, 14.099120, 40.100100, -15.808104,Stair-Up
194993, 0.057617, -0.962036, -0.382446, 12.207030, 25.512690, -14.465330,Stair-Up
195013, 0.058716, -0.985352, -0.362915, 15.136716, 6.591796, -16.235352,Stair-Up
195033, 0.028931, -1.077881, -0.342651, 18.371584, -9.399414, -17.944340,Stair-Up
195053, -0.004639, -1.181885, -0.318726, 18.371584, -22.338860, -24.719230,Stair-Up
195073, -0.038696, -1.421631, -0.270874, 28.137200, -42.114250, -36.682140,Stair-Up
195093, -0.043579, -1.523438, -0.279419, 16.601568, -55.297840, -47.302240,Stair-Up
195113, -0.064087, -1.316650, -0.289917, 9.094240, -66.894540, -54.931630,Stair-Up
195133, -0.104126, -1.166992, -0.280640, 18.432620, -74.401860, -60.913080,Stair-Up
195153, -0.172730, -1.113404, -0.263062, 17.944340, -69.396980, -57.556140,Stair-Up
195173, -0.244873, -0.986084, -0.273316, 11.413570, -52.734360, -50.659170,Stair-Up
195193, -0.309937, -0.874024, -0.263550, 11.474608, -30.822750, -43.884270,Stair-Up
195213, -0.332275, -0.870117, -0.254883, 13.366696, -4.211426, -37.109380,Stair-Up
195233, -0.326782, -0.912964, -0.256226, 8.605960, 27.343748, -25.939940,Stair-Up
195253, -0.298950, -0.933960, -0.245850, 4.089356, 55.297840, -16.174320,Stair-Up
195273, -0.255859, -0.998657, -0.224854, -13.916012, 77.453620, -7.385252,Stair-Up
195293, -0.212158, -1.014038, -0.193970, -7.568358, 83.251940, -1.464844,Stair-Up
195313, -0.154053, -0.977783, -0.174316, -12.145992, 80.810540, 4.516602,Stair-Up
195333, -0.117676, -0.930298, -0.164429, -13.916012, 70.739760, 11.718748,Stair-Up
195353, -0.101807, -0.905884, -0.161377, -14.221190, 58.349600, 19.409180,Stair-Up
195373, -0.089722, -0.889526, -0.161255, -15.136716, 45.043940, 27.404780,Stair-Up
195393, -0.085205, -0.891480, -0.154175, -16.357424, 32.287600, 35.217290,Stair-Up
195413, -0.090332, -0.885986, -0.147583, -18.615724, 21.667476, 42.053220,Stair-Up
195433, -0.091553, -0.884400, -0.136597, -20.263670, 14.526364, 47.851560,Stair-Up
195453, -0.078491, -0.911011, -0.123413, -20.690910, 7.873534, 51.696770,Stair-Up
195473, -0.067261, -0.948730, -0.111694, -21.057124, 1.831054, 54.260240,Stair-Up
195493, -0.058838, -0.995850, -0.111816, -21.240230, -4.516602, 56.152340,Stair-Up
195513, -0.052246, -1.037964, -0.135376, -23.498530, -8.361816, 56.274400,Stair-Up
195533, -0.056030, -1.004883, -0.144775, -25.024410, -9.643556, 55.847160,Stair-Up
195553, -0.067261, -1.034302, -0.151978, -19.958500, -6.652830, 53.771960,Stair-Up
195573, -0.040894, -1.123413, -0.138550, -21.545408, -1.037598, 51.818840,Stair-Up
195593, 0.015503, -1.195679, -0.117676, -22.460930, 0.549316, 48.461900,Stair-Up
195613, 0.066528, -1.349488, -0.087036, -13.061520, -7.873534, 38.024910,Stair-Up
195633, 0.083862, -1.527588, -0.086670, -12.695310, -23.742670, 25.207516,Stair-Up
195653, 0.097900, -1.532349, -0.101685, -16.540530, -45.349110, 10.803220,Stair-Up
195673, 0.036743, -1.153809, -0.221558, -27.526850, -59.997550, 3.173828,Stair-Up
195693, -0.072388, -0.654907, -0.366455, -7.141112, -59.265120, 0.427246,Stair-Up
195713, -0.253418, -0.559570, -0.419067, 31.555170, -4.455568, 2.197266,Stair-Up
195733, -0.317139, -0.769531, -0.331665, 20.202630, 56.640620, 11.169430,Stair-Up
195753, -0.251831, -0.833984, -0.236328, 9.033204, 105.773900, 18.371584,Stair-Up
195773, -0.177979, -0.971070, -0.168335, -2.441407, 137.817400, 20.080560,Stair-Up
195793, 0.028931, -1.060791, -0.135986, -16.845708, 135.314960, 17.211920,Stair-Up
195813, 0.204956, -1.035278, -0.134033, -21.484370, 92.956520, 13.122556,Stair-Up
195833, 0.270020, -0.927856, -0.159424, -16.235352, 31.066890, 9.948730,Stair-Up
195853, 0.240723, -0.810181, -0.215088, -1.464844, -27.954100, 11.352536,Stair-Up
195873, 0.140869, -0.734619, -0.252808, 11.779784, -69.152840, 13.793944,Stair-Up
195893, 0.029907, -0.675781, -0.266724, 21.301268, -89.172340, 15.380856,Stair-Up
195913, -0.118164, -0.686646, -0.262085, 27.954100, -84.106440, 14.038084,Stair-Up
195933, -0.253540, -0.768066, -0.245850, 19.775390, -43.273920, 5.737304,Stair-Up
195953, -0.267334, -0.775757, -0.248657, 14.099120, -10.131832, -3.173828,Stair-Up
195973, -0.175781, -0.801636, -0.267456, 9.704590, 12.084960, -11.779784,Stair-Up
195993, -0.097900, -0.807129, -0.274414, 12.451170, 16.967780, -19.653320,Stair-Up
196013, -0.082031, -0.827026, -0.292480, 16.540530, 17.517090, -23.376460,Stair-Up
196033, -0.068359, -0.832642, -0.312988, 20.629880, 12.573240, -25.939940,Stair-Up
196053, -0.087646, -0.851196, -0.308106, 27.465816, 6.103514, -29.357908,Stair-Up
196073, -0.124268, -0.901489, -0.306030, 29.479976, 5.126952, -32.348640,Stair-Up
196093, -0.150879, -0.923340, -0.309204, 29.174800, 9.521484, -35.522460,Stair-Up
196113, -0.155640, -0.987549, -0.317017, 33.447270, 15.991210, -40.466300,Stair-Up
196133, -0.137329, -1.085816, -0.313843, 32.653820, 21.179192, -45.166000,Stair-Up
196153, -0.130127, -1.213257, -0.278687, 37.658700, 24.963376, -52.612300,Stair-Up
196173, -0.116821, -1.440796, -0.266480, 40.954580, 23.864740, -60.119620,Stair-Up
196193, -0.099365, -1.553223, -0.255982, 27.404780, 21.118160, -62.866200,Stair-Up
196213, -0.096802, -1.471680, -0.271240, 18.249516, 13.732908, -63.720700,Stair-Up
196233, -0.103882, -1.314942, -0.280274, 9.826660, 7.202148, -56.213370,Stair-Up
196253, -0.132202, -1.072388, -0.275879, 0.122070, 3.601074, -40.649400,Stair-Up
196273, -0.159302, -0.842163, -0.269775, 3.784179, 7.019042, -22.644040,Stair-Up
196293, -0.192261, -0.864502, -0.270630, 16.662600, 15.686032, -10.009768,Stair-Up
196313, -0.261597, -1.014893, -0.272217, 11.779784, 30.944820, 0.000000,Stair-Up
196333, -0.296753, -1.045410, -0.259399, 0.671386, 51.940910, 3.784179,Stair-Up
196353, -0.266968, -1.097900, -0.217651, -3.112792, 68.054200, 1.708984,Stair-Up
196373, -0.160645, -1.105225, -0.162354, -21.728510, 76.843260, 3.906249,Stair-Up
196393, -0.131470, -0.982544, -0.155640, -25.451652, 72.387700, 9.155274,Stair-Up
196413, -0.092651, -0.909668, -0.157349, -24.108880, 62.622060, 16.357424,Stair-Up
196433, -0.086914, -0.859009, -0.167969, -22.766110, 51.757800, 24.841304,Stair-Up
196453, -0.096069, -0.847900, -0.159790, -21.972650, 42.541500, 32.653820,Stair-Up
196473, -0.127564, -0.849610, -0.144165, -25.329584, 35.766600, 38.024910,Stair-Up
196493, -0.140869, -0.851440, -0.123047, -28.381340, 32.592780, 41.259760,Stair-Up
196513, -0.123779, -0.882690, -0.106323, -31.066890, 29.785150, 42.480460,Stair-Up
196533, -0.083008, -0.924438, -0.088745, -34.301760, 24.414060, 43.334950,Stair-Up
196553, -0.050171, -0.953858, -0.069702, -35.766600, 13.549804, 42.907700,Stair-Up
196573, -0.050415, -0.992920, -0.061523, -34.423840, 0.732422, 40.893540,Stair-Up
196593, -0.022095, -1.024414, -0.043335, -34.973150, -21.179192, 37.902840,Stair-Up
196613, -0.031738, -1.011230, -0.040039, -31.860350, -35.522460, 35.705570,Stair-Up
196633, -0.045410, -1.022950, -0.051758, -26.794430, -43.029780, 35.400400,Stair-Up
196653, -0.062988, -1.066772, -0.082764, -23.193352, -42.907700, 37.231450,Stair-Up
196673, -0.088989, -1.119019, -0.093018, -24.047850, -36.010750, 39.978040,Stair-Up
196693, -0.081787, -1.162476, -0.064331, -20.935052, -27.038570, 40.954580,Stair-Up
196713, -0.041382, -1.388306, -0.038086, -8.361816, -23.254390, 35.888680,Stair-Up
196733, 0.006226, -1.566284, -0.035889, -16.784670, -25.451652, 28.747552,Stair-Up
196753, 0.027832, -1.508912, -0.047241, -23.254390, -40.771480, 19.653320,Stair-Up
196773, -0.014282, -1.140503, -0.151855, -27.343748, -57.678220, 11.779784,Stair-Up
196793, -0.079834, -0.669068, -0.274414, -13.305660, -59.265120, 11.535644,Stair-Up
196813, -0.265015, -0.431885, -0.330688, 33.020020, -31.494136, 15.319820,Stair-Up
196833, -0.383057, -0.592163, -0.331909, 40.405260, 20.751950, 18.615724,Stair-Up
196853, -0.425659, -0.711792, -0.310547, 31.738280, 81.359840, 17.639160,Stair-Up
196873, -0.329712, -0.874390, -0.260376, 28.808590, 126.525860, 8.911134,Stair-Up
196893, -0.176392, -1.055786, -0.180908, 14.648436, 151.306200, 2.136231,Stair-Up
196913, 0.037354, -1.100586, -0.148438, 1.647949, 144.226100, -0.488281,Stair-Up
196933, 0.162109, -1.071656, -0.147095, 0.122070, 104.125960, -3.112792,Stair-Up
196953, 0.285156, -0.977661, -0.164307, 2.197266, 37.963880, -1.159668,Stair-Up
196973, 0.353882, -0.808960, -0.229736, 18.371584, -51.879880, 0.427246,Stair-Up
196993, 0.142578, -0.753784, -0.278564, 41.564930, -115.783680, 0.793457,Stair-Up
197013, -0.062500, -0.781860, -0.278320, 44.738760, -128.540080, 6.530760,Stair-Up
197033, -0.279053, -0.757324, -0.219727, 38.024910, -104.919400, 7.385252,Stair-Up
197053, -0.366211, -0.801392, -0.197632, 28.930660, -67.626960, 0.305176,Stair-Up
197073, -0.358887, -0.828369, -0.226685, 18.676760, -26.977532, -7.507323,Stair-Up
197093, -0.277588, -0.819824, -0.239502, 11.352536, 7.080076, -12.939450,Stair-Up
197113, -0.160889, -0.798096, -0.251099, 12.573240, 19.531250, -18.005376,Stair-Up
197133, -0.134399, -0.807373, -0.272461, 19.836430, 16.296390, -23.620600,Stair-Up
197153, -0.157227, -0.850342, -0.273560, 25.085448, 11.779784, -27.282710,Stair-Up
197173, -0.196533, -0.889648, -0.268188, 25.024410, 13.244628, -28.503410,Stair-Up
197193, -0.206787, -0.894776, -0.253418, 22.277830, 19.531250, -27.404780,Stair-Up
197213, -0.198120, -0.916260, -0.251587, 21.789548, 25.268550, -25.756830,Stair-Up
197233, -0.195923, -0.972778, -0.266113, 23.254390, 29.235832, -24.230950,Stair-Up
197253, -0.178467, -1.094238, -0.255005, 22.949216, 32.104500, -25.817870,Stair-Up
197273, -0.155762, -1.129394, -0.222290, 18.737796, 29.235832, -27.587884,Stair-Up
197293, -0.171265, -1.097412, -0.188721, 17.089850, 26.062010, -28.808590,Stair-Up
197313, -0.185059, -1.219971, -0.172241, 34.240730, 23.437492, -33.142100,Stair-Up
197333, -0.193115, -1.566528, -0.161865, 35.156260, 24.536130, -38.146980,Stair-Up
197353, -0.152222, -1.737305, -0.153198, 20.996090, 23.498530, -43.823240,Stair-Up
197373, -0.157227, -1.652466, -0.209351, -2.685546, 21.240230, -43.395980,Stair-Up
197393, -0.162354, -1.146851, -0.213135, -27.832030, 24.291990, -27.648920,Stair-Up
197413, -0.199219, -0.671997, -0.197144, -11.108396, 33.386240, -7.873534,Stair-Up
197433, -0.276367, -0.787232, -0.200806, 25.756830, 54.138180, 6.774902,Stair-Up
197453, -0.284668, -1.115234, -0.188599, 11.413570, 80.505360, 18.798830,Stair-Up
197473, -0.238770, -1.149658, -0.111938, -7.019042, 97.900360, 17.639160,Stair-Up
197493, -0.135254, -1.164551, -0.063599, -18.920900, 96.130360, 17.700200,Stair-Up
197513, -0.038940, -0.999634, -0.058350, -31.494136, 83.801260, 24.230950,Stair-Up
197533, -0.018311, -0.839722, -0.091187, -23.681636, 64.697280, 30.700680,Stair-Up
197553, -0.036011, -0.825195, -0.115967, -16.357424, 45.959460, 36.865240,Stair-Up
197573, -0.080078, -0.823975, -0.118164, -15.869140, 32.348640, 40.588370,Stair-Up
197593, -0.120605, -0.814697, -0.093018, -16.052250, 25.878900, 41.870110,Stair-Up
197613, -0.148438, -0.835571, -0.049194, -18.676760, 26.428220, 41.137680,Stair-Up
197633, -0.128906, -0.845825, -0.030762, -23.620600, 29.724120, 41.015620,Stair-Up
197653, -0.088867, -0.865845, -0.026489, -23.071284, 27.954100, 37.841800,Stair-Up
197673, -0.065063, -0.934326, -0.028931, -20.874020, 21.301268, 32.775880,Stair-Up
197693, -0.066162, -0.957398, -0.028564, -23.254390, 6.347656, 22.155760,Stair-Up
197713, -0.091919, -0.898071, -0.016846, -20.568840, -1.770019, 13.427732,Stair-Up
197733, -0.114502, -0.869263, -0.010010, -14.160152, -5.187988, 4.577638,Stair-Up
197753, -0.134277, -0.889038, -0.021484, -9.277344, -2.014160, -2.380371,Stair-Up
197773, -0.135376, -0.911011, -0.027588, -10.192870, 5.432128, -6.652830,Stair-Up
197793, -0.146240, -0.895752, -0.029785, -10.070800, 10.986324, -11.291500,Stair-Up
197813, -0.147217, -0.935669, -0.056885, -2.868652, 16.418460, -16.784670,Stair-Up
197833, -0.112549, -1.071167, -0.086060, 2.502442, 22.460930, -19.409180,Stair-Up
197853, -0.070557, -1.232422, -0.087524, 5.615234, 22.460930, -20.568840,Stair-Up
197873, -0.032104, -1.385986, -0.087524, 4.516602, 19.653320, -22.766110,Stair-Up
197893, 0.004883, -1.456788, -0.129150, 3.051757, 12.451170, -23.010250,Stair-Up
197913, 0.014893, -1.602784, -0.186157, 7.873534, -0.244141, -24.169920,Stair-Up
197933, 0.028442, -1.562744, -0.197144, -2.807617, -8.605960, -21.606440,Stair-Up
197953, -0.014648, -1.387085, -0.210815, 1.708984, -15.136716, -19.714360,Stair-Up
197973, -0.060059, -1.393433, -0.197754, 10.559080, -19.104010, -23.681636,Stair-Up
197993, -0.127441, -1.429200, -0.199585, 7.995604, -10.070800, -27.770990,Stair-Up
198013, -0.188477, -1.391114, -0.202393, -3.601074, 27.709956, -24.719230,Stair-Up
198033, -0.019165, -1.196167, -0.171509, -27.526850, 74.951180, -12.145992,Stair-Up
198053, 0.178589, -0.878052, -0.201538, -28.198240, 97.961400, 0.366211,Stair-Up
198073, 0.232178, -0.744629, -0.279297, -9.765626, 112.915020, 2.990722,Stair-Up
198093, 0.312500, -0.772095, -0.317749, -0.488281, 115.478500, 3.173828,Stair-Up
198113, 0.376709, -0.782959, -0.283569, 5.859374, 91.369600, -7.812498,Stair-Up
198133, 0.332031, -0.811646, -0.192139, 8.911134, 39.184580, -28.381340,Stair-Up
198153, 0.324219, -0.758911, -0.168335, 2.868652, 11.352536, -30.273430,Stair-Up
198173, 0.296753, -0.715942, -0.172485, -1.953124, -12.329100, -24.902340,Stair-Up
198193, 0.298950, -0.692627, -0.191528, -3.540038, -38.818360, -18.859868,Stair-Up
198213, 0.225586, -0.690308, -0.210693, -2.380371, -66.406260, -15.930172,Stair-Up
198233, 0.172852, -0.690308, -0.196533, -1.464844, -87.158180, -12.878416,Stair-Up
198253, 0.107910, -0.703491, -0.189453, 1.525878, -98.815900, -8.911134,Stair-Up
198273, 0.035278, -0.732056, -0.199585, 1.892090, -101.196280, -5.310058,Stair-Up
198293, -0.009644, -0.742066, -0.211914, 2.380371, -97.961400, -2.380371,Stair-Up
198313, -0.042114, -0.765747, -0.218262, 6.164550, -91.369600, -0.793457,Stair-Up
198333, -0.052002, -0.807862, -0.220093, 7.385252, -81.115700, 3.356933,Stair-Up
198353, -0.078003, -0.809692, -0.226807, 8.972170, -62.805160, 11.169430,Stair-Up
198373, -0.092651, -0.838013, -0.231812, 11.962890, -49.987780, 14.587400,Stair-Up
198393, -0.095215, -0.852295, -0.231689, 13.122556, -39.733900, 15.319820,Stair-Up
198413, -0.113159, -0.857178, -0.223511, 16.357424, -31.921380, 14.160152,Stair-Up
198433, -0.117798, -0.856812, -0.220581, 17.395020, -25.146480, 11.779784,Stair-Up
198453, -0.119385, -0.832886, -0.227173, 19.775390, -18.127448, 10.253904,Stair-Up
198473, -0.123535, -0.842896, -0.233276, 22.644040, -11.840818, 7.385252,Stair-Up
198493, -0.139160, -0.855713, -0.249634, 24.658200, -5.126952, 3.784179,Stair-Up
198513, -0.135620, -0.864014, -0.273438, 26.123040, -1.098633, -1.098633,Stair-Up
198533, -0.117065, -0.875366, -0.281250, 29.418940, -1.281738, -6.713866,Stair-Up
198553, -0.124756, -0.915283, -0.292847, 33.447270, -0.976562, -11.413570,Stair-Up
198573, -0.112915, -1.050904, -0.278564, 39.672860, -3.784179, -21.545408,Stair-Up
198593, -0.074585, -1.215942, -0.255371, 44.372550, -9.826660, -29.113768,Stair-Up
198613, -0.055786, -1.381348, -0.249512, 43.029780, -19.287110, -33.752440,Stair-Up
198633, -0.050659, -1.531494, -0.251587, 46.447740, -30.944820, -38.635260,Stair-Up
198653, -0.071655, -1.733520, -0.271851, 48.828120, -40.466300, -44.250480,Stair-Up
198673, -0.106201, -1.791748, -0.280762, 33.142100, -38.818360, -42.480460,Stair-Up
198693, -0.118286, -1.627320, -0.269287, 23.498530, -31.494136, -35.949720,Stair-Up
198713, -0.161011, -1.488282, -0.209595, 17.700200, -19.470220, -25.146480,Stair-Up
198733, -0.208862, -1.271118, -0.183716, -0.793457, 3.173828, -7.995604,Stair-Up
198753, -0.186768, -0.977173, -0.182129, -7.019042, 32.897960, 11.352536,Stair-Up
198773, -0.124756, -0.859619, -0.195190, -0.976562, 49.438460, 24.475090,Stair-Up
198793, -0.140137, -0.932251, -0.120972, 2.014160, 66.650400, 43.395980,Stair-Up
198813, -0.173462, -0.931152, -0.036865, -15.563964, 77.209480, 47.241200,Stair-Up
198833, -0.040039, -0.850586, 0.002686, -16.357424, 71.533200, 52.124020,Stair-Up
198853, -0.076904, -0.868652, -0.008179, -18.127448, 69.213880, 49.682610,Stair-Up
198873, 0.027832, -0.866699, -0.000854, -20.263670, 51.513660, 59.692380,Stair-Up
198893, -0.061646, -0.787964, -0.005981, -20.812980, 35.522460, 56.457510,Stair-Up
198913, -0.100098, -0.764648, -0.004639, -16.784670, 31.066890, 54.992660,Stair-Up
198933, -0.108398, -0.752075, 0.002075, -17.578130, 27.526850, 51.086420,Stair-Up
198953, -0.122925, -0.733398, 0.019043, -16.296390, 27.221676, 47.546380,Stair-Up
198973, -0.115601, -0.734986, 0.037964, -16.052250, 28.991692, 43.701160,Stair-Up
198993, -0.115723, -0.743652, 0.038086, -14.648436, 32.043460, 39.917000,Stair-Up
199013, -0.130981, -0.805786, 0.033203, -11.962890, 38.635260, 31.249992,Stair-Up
199033, -0.118652, -0.882324, 0.048584, -10.864256, 41.625960, 24.047850,Stair-Up
199053, -0.091431, -0.936035, 0.065430, -13.061520, 42.236320, 17.395020,Stair-Up
199073, -0.075195, -0.946167, 0.060547, -13.610836, 45.410140, 12.329100,Stair-Up
199093, -0.077393, -0.978516, 0.034546, -11.779784, 46.081540, 8.361816,Stair-Up
199113, -0.098511, -1.013306, 0.013184, -10.742184, 46.142570, 2.990722,Stair-Up
199133, -0.100952, -1.046020, 0.007202, -11.108396, 47.119130, -1.220704,Stair-Up
199153, -0.093384, -1.039917, -0.010254, -9.948730, 46.508780, -5.493162,Stair-Up
199173, -0.094971, -1.057007, -0.040649, -5.493162, 48.645010, -8.300784,Stair-Up
199193, -0.090088, -1.087158, -0.070313, -5.249022, 55.114740, -5.676268,Stair-Up
199213, -0.098633, -1.088257, -0.089111, -5.554198, 59.936520, -3.417968,Stair-Up
199233, -0.108887, -1.153931, -0.131470, 3.051757, 68.542500, -5.004884,Stair-Up
199253, -0.090942, -1.223755, -0.171631, 2.929687, 77.636740, -4.455568,Stair-Up
199273, -0.103882, -1.274292, -0.191772, 2.746581, 87.524400, -4.760742,Stair-Up
199293, -0.115356, -1.468262, -0.174683, 12.084960, 97.167960, -11.352536,Stair-Up
199313, -0.001343, -1.687256, -0.130249, 0.366211, 98.327620, -23.986810,Stair-Up
199333, 0.119385, -1.606202, -0.115234, -17.089850, 89.172340, -32.531740,Stair-Up
199353, 0.182983, -1.419922, -0.131958, -22.583000, 71.899440, -33.813480,Stair-Up
199373, 0.202515, -1.228150, -0.176880, -24.902340, 42.785640, -35.827640,Stair-Up
199393, 0.206055, -1.046143, -0.195313, -26.245110, 14.953610, -31.127924,Stair-Up
199413, 0.253418, -0.858521, -0.221069, -23.620600, -10.864256, -21.179192,Stair-Up
199433, 0.252319, -0.774292, -0.251343, -12.023924, -32.897960, -10.803220,Stair-Up
199453, 0.226074, -0.843872, -0.238647, -7.995604, -57.922360, 3.234863,Stair-Up
199473, 0.152466, -0.834961, -0.204224, -14.587400, -69.641120, 7.446288,Stair-Up
199493, 0.108398, -0.780518, -0.180542, -19.226080, -75.500500, 8.850100,Stair-Up
199513, 0.109375, -0.710571, -0.190430, -21.667476, -79.467800, 10.192870,Stair-Up
199533, 0.113403, -0.633789, -0.192749, -22.277830, -87.829560, 10.620116,Stair-Up
199553, 0.068359, -0.580688, -0.195557, -15.686032, -96.191400, 9.277344,Stair-Up
199573, -0.011597, -0.589356, -0.195801, -10.009768, -99.731440, 5.249022,Stair-Up
199593, -0.060669, -0.600586, -0.195923, -6.774902, -96.740700, 0.854492,Stair-Up
199613, -0.083984, -0.624268, -0.197998, -2.685546, -89.538560, -2.990722,Stair-Up
199633, -0.104248, -0.665772, -0.197144, 0.549316, -78.674340, -6.774902,Stair-Up
199653, -0.103394, -0.684692, -0.186157, 0.549316, -66.101100, -9.338380,Stair-Up
199673, -0.135986, -0.690186, -0.178833, 6.164550, -48.950180, -15.808104,Stair-Up
199693, -0.148071, -0.735718, -0.184937, 12.145992, -38.635260, -21.911620,Stair-Up
199713, -0.154907, -0.794556, -0.202271, 16.540530, -31.188960, -29.907220,Stair-Up
199733, -0.145874, -0.834106, -0.207397, 19.958500, -24.658200, -38.269050,Stair-Up
199753, -0.138672, -0.865356, -0.197632, 24.047850, -18.676760, -45.227040,Stair-Up
199773, -0.166138, -0.913208, -0.201904, 28.320310, -12.451170, -52.001940,Stair-Up
199793, -0.182007, -0.952026, -0.219849, 30.639640, -3.540038, -57.922360,Stair-Up
199813, -0.166504, -0.972534, -0.254272, 32.531740, 7.202148, -59.997550,Stair-Up
199833, -0.146118, -0.987915, -0.282471, 35.461430, 16.113284, -59.020980,Stair-Up
199853, -0.140015, -1.020508, -0.276489, 39.245610, 22.033690, -57.617180,Stair-Up
199873, -0.111694, -1.078003, -0.254028, 41.809080, 26.184080, -54.321280,Stair-Up
199893, -0.073364, -1.192505, -0.262085, 46.203600, 20.324700, -46.936020,Stair-Up
199913, -0.100098, -1.334961, -0.259033, 50.354000, 16.967780, -41.503900,Stair-Up
199933, -0.072022, -1.604492, -0.238892, 58.349600, 10.559080, -39.001470,Stair-Up
199953, -0.062012, -1.883545, -0.231812, 46.508780, 2.197266, -36.132820,Stair-Up
199973, -0.082764, -1.835938, -0.261597, 25.939940, 2.075196, -26.611320,Stair-Up
199993, -0.091309, -1.591553, -0.284302, 17.578130, 0.305176, -17.333990,Stair-Up
200013, -0.179565, -1.360108, -0.300171, 14.770504, 8.117676, -4.394532,Stair-Up
200033, -0.252808, -1.144776, -0.291626, 8.422854, 30.456540, 10.742184,Stair-Up
200053, -0.247925, -0.982788, -0.265625, 8.666994, 54.748520, 24.108880,Stair-Up
200073, -0.240601, -0.982666, -0.251465, 10.192870, 76.049820, 34.057620,Stair-Up
200093, -0.180176, -1.010742, -0.231567, -0.305176, 84.716780, 37.536620,Stair-Up
200113, -0.192139, -0.978394, -0.161743, -23.620600, 111.816400, 53.527820,Stair-Up
200133, -0.001099, -0.846436, -0.134033, -27.465816, 97.167960, 54.443350,Stair-Up
200153, -0.043945, -0.819336, -0.118896, -28.503410, 76.171900, 61.584460,Stair-Up
200173, -0.082886, -0.727173, -0.103027, -34.545900, 64.880380, 59.753410,Stair-Up
200193, -0.006836, -0.681519, -0.087402, -34.179700, 43.029780, 50.659170,Stair-Up
200213, -0.039429, -0.739990, -0.082031, -26.123040, 27.770990, 67.443860,Stair-Up
200233, -0.063965, -0.725098, -0.064209, -30.578610, 14.831540, 60.241690,Stair-Up
200253, -0.079224, -0.773926, -0.033203, -26.855464, 9.033204, 62.194820,Stair-Up
200273, -0.083130, -0.821289, -0.001343, -27.160640, 3.967285, 55.297840,Stair-Up
200293, -0.065918, -0.898071, 0.037720, -26.611320, 3.112792, 52.368160,Stair-Up
200313, -0.041504, -0.963867, 0.067139, -30.944820, 2.868652, 48.217760,Stair-Up
200333, -0.018555, -0.976196, 0.090210, -36.254890, 3.234863, 42.419420,Stair-Up
200353, -0.028564, -1.001221, 0.075928, -33.081060, 3.356933, 39.123540,Stair-Up
200373, -0.048462, -1.091186, 0.049927, -28.686520, 1.892090, 32.104500,Stair-Up
200393, -0.048828, -1.130127, 0.026245, -34.179700, -0.793457, 28.076170,Stair-Up
200413, -0.041016, -1.027954, 0.014526, -34.301760, -4.272462, 24.597160,Stair-Up
200433, -0.038452, -0.969116, 0.020996, -22.705070, -5.310058, 23.498530,Stair-Up
200453, -0.055786, -1.038574, 0.015625, -11.901852, -0.244141, 23.376460,Stair-Up
200473, -0.071167, -1.109009, 0.005859, -10.864256, 10.314940, 23.010250,Stair-Up
200493, -0.079712, -1.124268, -0.021973, -9.887696, 22.583000, 22.277830,Stair-Up
200513, -0.086914, -1.157349, -0.059448, -3.356933, 31.249992, 16.296390,Stair-Up
200533, -0.084595, -1.215454, -0.079590, -1.525878, 41.259760, 7.995604,Stair-Up
200553, -0.057251, -1.192994, -0.058838, -3.601074, 51.635740, -4.699708,Stair-Up
200573, -0.021606, -1.267334, 0.009399, 5.554198, 52.062980, -18.859868,Stair-Up
200593, 0.019287, -1.373291, -0.014771, 5.554198, 45.959460, -30.334470,Stair-Up
200613, 0.016724, -1.379517, -0.085327, 2.075196, 35.034180, -43.273920,Stair-Up
200633, 0.047485, -1.274414, -0.120117, 2.014160, 21.118160, -50.170890,Stair-Up
200653, 0.033691, -1.159546, -0.145874, 8.911134, -0.427246, -57.983390,Stair-Up
200673, -0.025757, -1.031982, -0.204956, 9.887696, -5.737304, -58.105460,Stair-Up
200693, -0.032837, -0.869141, -0.290039, 10.131832, 5.371092, -46.752920,Stair-Up
200713, -0.024414, -0.792358, -0.342896, 17.150880, 16.174320, -38.024910,Stair-Up
200733, 0.002808, -0.828491, -0.350098, 20.568840, 21.484370, -33.386240,Stair-Up
200753, 0.008179, -0.855957, -0.334106, 19.042970, 24.841304, -27.526850,Stair-Up
200773, 0.055664, -0.838013, -0.306519, 14.404296, 15.258788, -20.080560,Stair-Up
200793, 0.078125, -0.749146, -0.289063, 9.643556, -0.549316, -14.770504,Stair-Up
200813, 0.019043, -0.674316, -0.281982, 10.437010, -15.563964, -10.314940,Stair-Up
200833, -0.024658, -0.658081, -0.279785, 10.864256, -25.634760, -9.826660,Stair-Up
200853, -0.041382, -0.659912, -0.280029, 10.131832, -33.996590, -8.789064,Stair-Up
200873, -0.060425, -0.674561, -0.282349, 9.887696, -39.489750, -10.070800,Stair-Up
200893, -0.054565, -0.720581, -0.253174, 9.521484, -41.992180, -10.742184,Stair-Up
200913, -0.062500, -0.773438, -0.221802, 7.934570, -42.053220, -9.765626,Stair-Up
200933, -0.094116, -0.832154, -0.212158, 6.469726, -39.184580, -9.826660,Stair-Up
200953, -0.081909, -0.884278, -0.228516, 4.394532, -36.254890, -9.765626,Stair-Up
200973, -0.052246, -0.903320, -0.237915, 3.173828, -39.367680, -10.498044,Stair-Up
200993, -0.059692, -0.889160, -0.229614, 6.225584, -47.363270, -10.742184,Stair-Up
201013, -0.079102, -0.877686, -0.220581, 9.948730, -47.973620, -10.864256,Stair-Up
201033, -0.102173, -0.890747, -0.217163, 12.634276, -42.175280, -10.009768,Stair-Up
201053, -0.143311, -0.907593, -0.229004, 13.305660, -34.362800, -10.437010,Stair-Up
201073, -0.180420, -0.913330, -0.250000, 12.756344, -24.353020, -14.038084,Stair-Up
201093, -0.161621, -0.920410, -0.255615, 11.596676, -15.136716, -17.272950,Stair-Up
201113, -0.131714, -0.925659, -0.239258, 11.047360, -10.742184, -19.775390,Stair-Up
201133, -0.130371, -0.946533, -0.223022, 12.939450, -7.995604, -21.606440,Stair-Up
201153, -0.134644, -1.005494, -0.234741, 15.563964, -6.042480, -24.169920,Stair-Up
201173, -0.116699, -1.069214, -0.248169, 15.930172, -7.446288, -27.038570,Stair-Up
201193, -0.091675, -1.103882, -0.262207, 17.883300, -13.183590, -28.869624,Stair-Up
201213, -0.086670, -1.134034, -0.228272, 20.446770, -18.066410, -24.353020,Stair-Up
201233, -0.079346, -1.263428, -0.198975, 32.653820, -19.958500, -21.118160,Stair-Up
201253, -0.092529, -1.557862, -0.188477, 39.855960, -18.127448, -20.385740,Stair-Up
201273, -0.112549, -1.814942, -0.203735, 32.470710, -12.817380, -22.277830,Stair-Up
201293, -0.106934, -1.815918, -0.222656, 13.366696, -9.765626, -22.949216,Stair-Up
201313, -0.082642, -1.523926, -0.260254, 4.699708, -9.948730, -17.578130,Stair-Up
201333, -0.153564, -1.276001, -0.297119, 9.948730, -2.014160, -7.934570,Stair-Up
201353, -0.256958, -1.109742, -0.314697, 5.676268, 22.338860, 4.760742,Stair-Up
201373, -0.250488, -0.927856, -0.307983, 0.732422, 45.104970, 17.211920,Stair-Up
201393, -0.261230, -0.876953, -0.296021, 4.455568, 69.274900, 25.024410,Stair-Up
201413, -0.210205, -0.887329, -0.284668, -7.324218, 83.190900, 35.766600,Stair-Up
201433, -0.161743, -0.770874, -0.222534, -21.484370, 88.928200, 40.100100,Stair-Up
201453, -0.107300, -0.736328, -0.189819, -26.123040, 79.345700, 41.015620,Stair-Up
201473, -0.074341, -0.736206, -0.166748, -31.127924, 60.729970, 40.649400,Stair-Up
201493, -0.065674, -0.725342, -0.148804, -34.301760, 38.879400, 39.917000,Stair-Up
201513, -0.091553, -0.724732, -0.123901, -34.729010, 19.165040, 36.254890,Stair-Up
201533, -0.101318, -0.748535, -0.108765, -33.447270, 3.479003, 32.653820,Stair-Up
201553, -0.109375, -0.802612, -0.089478, -29.785150, -10.253904, 27.832030,Stair-Up
201573, -0.111572, -0.877197, -0.057129, -28.320310, -20.263670, 23.925780,Stair-Up
201593, -0.098511, -0.913696, -0.007690, -29.052730, -25.268550, 21.606440,Stair-Up
201613, -0.089478, -0.928345, 0.022339, -27.282710, -21.606440, 23.071284,Stair-Up
201633, -0.094360, -0.980591, 0.037354, -24.597160, -7.263182, 27.221676,Stair-Up
201653, -0.064331, -1.078614, 0.058594, -28.381340, 4.089356, 31.127924,Stair-Up
201673, 0.019287, -1.044068, 0.079590, -34.057620, 12.573240, 36.987310,Stair-Up
201693, 0.019775, -0.999268, 0.080200, -34.118660, 18.249516, 47.485340,Stair-Up
201713, -0.049683, -1.005860, 0.044922, -30.029290, 25.878900, 53.405750,Stair-Up
201733, -0.094360, -1.092896, -0.031494, -24.230950, 34.118660, 56.579580,Stair-Up
201753, -0.084106, -1.186402, -0.093018, -23.254390, 32.836920, 52.734360,Stair-Up
201773, -0.035400, -1.208252, -0.099976, -20.385740, 23.803708, 46.386710,Stair-Up
201793, -0.017700, -1.264282, -0.092285, -16.296390, 20.385740, 39.489750,Stair-Up
201813, -0.019897, -1.276734, -0.126465, -18.554690, 26.916500, 38.085940,Stair-Up
201833, -0.045654, -1.235840, -0.193848, -19.104010, 36.010750, 32.226570,Stair-Up
201853, -0.052002, -1.243408, -0.238037, -9.399414, 41.625960, 14.221190,Stair-Up
201873, 0.110230, -1.346802, -0.211304, -9.948730, 32.043460, 3.723144,Stair-Up
201893, 0.130005, -1.234986, -0.244019, -7.202148, 18.371584, -0.549316,Stair-Up
201913, 0.035034, -1.163940, -0.289551, 3.479003, 9.765626, -12.573240,Stair-Up
201933, 0.009644, -1.087891, -0.311768, 2.014160, 1.708984, -24.414060,Stair-Up
201953, -0.011475, -0.915772, -0.343384, 3.417968, -6.530760, -27.343748,Stair-Up
201973, -0.034668, -0.857544, -0.333740, 7.019042, -8.972170, -32.897960,Stair-Up
201993, -0.009888, -0.828125, -0.316040, 9.460450, -8.056642, -31.066890,Stair-Up
202013, -0.025879, -0.836792, -0.307617, 12.451170, -9.826660, -31.249992,Stair-Up
202033, -0.019043, -0.845459, -0.301514, 10.864256, -13.122556, -30.395500,Stair-Up
202053, -0.027222, -0.795776, -0.293579, 8.117676, -21.423332, -28.442380,Stair-Up
202073, -0.062378, -0.716187, -0.252564, 5.737304, -28.442380, -23.376460,Stair-Up
202093, -0.083130, -0.595337, -0.272827, 7.324218, -28.686520, -19.348150,Stair-Up
202113, -0.095703, -0.550781, -0.293823, 9.094240, -29.846190, -15.014646,Stair-Up
202133, -0.127930, -0.543701, -0.291016, 12.084960, -28.930660, -13.427732,Stair-Up
202153, -0.154175, -0.571778, -0.267212, 14.160152, -24.475090, -14.770504,Stair-Up
202173, -0.145874, -0.628540, -0.242310, 13.671872, -17.456060, -15.686032,Stair-Up
202193, -0.139038, -0.697998, -0.226929, 11.108396, -13.305660, -15.930172,Stair-Up
202213, -0.144531, -0.757690, -0.236450, 9.948730, -11.901852, -17.700200,Stair-Up
202233, -0.105225, -0.821167, -0.242310, 10.192870, -15.624996, -19.958500,Stair-Up
202253, -0.075684, -0.871826, -0.232178, 12.939450, -26.062010, -21.301268,Stair-Up
202273, -0.104492, -0.925171, -0.229858, 16.052250, -32.958990, -22.155760,Stair-Up
202293, -0.154053, -0.952271, -0.260498, 16.784670, -36.193860, -22.155760,Stair-Up
202313, -0.150757, -0.926636, -0.269409, 18.798830, -35.949720, -23.437492,Stair-Up
202333, -0.183716, -0.919556, -0.270386, 21.850580, -29.968260, -22.705070,Stair-Up
202353, -0.230225, -0.916260, -0.309814, 24.902340, -15.075680, -22.766110,Stair-Up
202373, -0.236084, -0.959839, -0.342163, 26.916500, 5.859374, -22.399900,Stair-Up
202393, -0.187744, -1.017944, -0.341064, 26.489250, 19.836430, -22.399900,Stair-Up
202413, -0.206055, -1.112183, -0.324707, 29.968260, 29.174800, -24.780270,Stair-Up
202433, -0.162354, -1.226929, -0.310059, 27.038570, 35.522460, -27.526850,Stair-Up
202453, -0.115479, -1.265015, -0.297974, 22.644040, 32.104500, -27.709956,Stair-Up
202473, -0.091064, -1.272339, -0.292480, 25.695796, 21.667476, -27.832030,Stair-Up
202493, -0.091675, -1.385864, -0.315064, 37.292480, 11.596676, -28.564450,Stair-Up
202513, -0.092285, -1.674194, -0.349487, 34.545900, 6.286620, -26.672360,Stair-Up
202533, -0.156250, -1.560181, -0.358643, 17.700200, 13.610836, -21.545408,Stair-Up
202553, -0.171265, -1.351440, -0.338745, 12.634276, 21.911620, -15.808104,Stair-Up
202573, -0.186401, -1.203736, -0.319214, 3.845214, 33.020020, -4.150392,Stair-Up
202593, -0.177979, -1.013550, -0.304810, -6.225584, 41.992180, 8.483890,Stair-Up
202613, -0.171387, -0.912842, -0.281494, -3.906249, 43.457020, 16.601568,Stair-Up
202633, -0.160156, -0.963989, -0.260376, -4.760742, 41.076650, 22.033690,Stair-Up
202653, -0.147461, -0.959595, -0.247681, -14.953610, 38.574220, 28.930660,Stair-Up
202673, -0.138184, -0.879028, -0.231812, -19.470220, 32.958990, 32.409680,Stair-Up
202693, -0.130127, -0.828736, -0.202759, -20.935052, 26.000970, 34.545900,Stair-Up
202713, -0.127564, -0.777466, -0.176880, -25.817870, 22.888180, 40.588370,Stair-Up
202733, -0.117310, -0.688232, -0.149780, -31.066890, 18.615724, 49.316400,Stair-Up
202753, -0.119873, -0.664673, -0.140625, -31.127924, 13.427732, 52.368160,Stair-Up
202773, -0.124146, -0.676636, -0.133667, -31.005852, 7.202148, 52.917470,Stair-Up
202793, -0.124146, -0.710694, -0.123901, -29.052730, 0.793457, 51.208480,Stair-Up
202813, -0.119263, -0.769043, -0.109619, -26.977532, -3.662109, 48.583980,Stair-Up
202833, -0.117554, -0.835083, -0.089966, -27.038570, -5.798338, 46.691880,Stair-Up
202853, -0.114868, -0.883301, -0.065918, -26.855464, -7.934570, 43.395980,Stair-Up
202873, -0.112549, -0.936279, -0.050781, -24.963376, -9.887696, 38.940440,Stair-Up
202893, -0.098755, -0.968506, -0.045044, -24.536130, -12.023924, 34.851080,Stair-Up
202913, -0.098267, -0.966431, -0.058105, -21.301268, -13.244628, 29.846190,Stair-Up
202933, -0.099121, -0.972412, -0.066040, -16.052250, -12.084960, 25.085448,Stair-Up
202953, -0.103394, -0.968384, -0.043945, -13.854978, -6.469726, 20.263670,Stair-Up
202973, -0.137817, -0.966797, -0.045654, -9.704590, 0.122070, 16.235352,Stair-Up
202993, -0.139526, -0.992920, -0.084717, -4.272462, 8.239746, 10.131832,Stair-Up
203013, -0.106689, -1.045776, -0.138306, 2.319336, 14.526364, 4.638672,Stair-Up
203033, -0.093750, -1.063965, -0.157715, 2.746581, 22.399900, 2.929687,Stair-Up
203053, -0.137451, -1.068360, -0.163574, 7.629394, 36.804200, 0.488281,Stair-Up
203073, -0.228149, -1.177978, -0.173706, 17.211920, 62.683100, -7.507323,Stair-Up
203093, -0.324829, -1.445435, -0.172119, 18.737796, 110.290500, -20.141600,Stair-Up
203113, -0.176025, -1.754639, -0.118408, 2.380371, 152.893100, -36.254890,Stair-Up
203133, 0.089722, -1.705566, -0.145386, -20.935052, 159.423840, -44.311520,Stair-Up
203153, 0.160522, -1.462158, -0.203857, -15.319820, 135.437040, -53.649900,Stair-Up
203173, 0.292725, -1.248780, -0.280396, 7.263182, 74.890140, -56.274400,Stair-Up
203193, 0.274780, -1.043457, -0.358032, 14.953610, 36.865240, -48.950180,Stair-Up
203213, 0.238892, -0.838135, -0.396362, 21.667476, 15.502928, -36.987310,Stair-Up
203233, 0.161621, -0.764893, -0.406616, 25.085448, 12.145992, -25.024410,Stair-Up
203253, 0.131348, -0.791992, -0.374634, 20.935052, 10.925290, -20.996090,Stair-Up
203273, 0.081543, -0.863404, -0.327271, 13.671872, 10.009768, -21.728510,Stair-Up
203293, 0.168091, -0.905518, -0.291260, 0.488281, -1.708984, -21.606440,Stair-Up
203313, 0.243897, -0.843628, -0.303345, -4.028321, -39.123540, -20.751950,Stair-Up
203333, 0.199219, -0.771973, -0.300049, -4.760742, -80.200200, -16.113284,Stair-Up
203353, 0.161377, -0.683472, -0.322632, -3.295898, -113.891580, -8.056642,Stair-Up
203373, 0.083496, -0.600708, -0.316040, -0.305176, -134.399440, -1.831054,Stair-Up
203393, -0.097656, -0.603394, -0.280396, 2.441407, -127.075180, 6.103514,Stair-Up
203413, -0.180420, -0.613892, -0.265747, -5.554198, -108.032200, 7.690428,Stair-Up
203433, -0.212402, -0.605225, -0.255737, -11.108396, -86.059560, 3.967285,Stair-Up
203453, -0.182983, -0.631592, -0.263672, -13.488768, -66.467300, 1.525878,Stair-Up
203473, -0.121094, -0.674805, -0.263916, -13.610836, -53.344720, 1.220704,Stair-Up
203493, -0.100586, -0.718018, -0.257813, -11.474608, -46.203600, 2.075196,Stair-Up
203513, -0.094849, -0.754883, -0.251221, -7.019042, -44.494620, 1.403808,Stair-Up
203533, -0.093628, -0.799316, -0.247070, -1.159668, -46.264640, -0.976562,Stair-Up
203553, -0.102661, -0.840332, -0.245605, 4.333496, -47.424300, -3.234863,Stair-Up
203573, -0.117554, -0.874024, -0.237915, 7.812498, -43.823240, -4.516602,Stair-Up
203593, -0.122314, -0.890869, -0.232788, 10.009768, -37.780760, -5.554198,Stair-Up
203613, -0.146240, -0.912232, -0.255737, 14.343260, -25.085448, -7.507323,Stair-Up
203633, -0.131836, -0.915161, -0.265747, 15.624996, -17.883300, -9.460450,Stair-Up
203653, -0.135620, -0.904297, -0.278564, 20.202630, -12.023924, -11.779784,Stair-Up
203673, -0.133911, -0.931519, -0.285645, 24.902340, -6.042480, -14.709470,Stair-Up
203693, -0.123535, -0.967163, -0.284424, 26.855464, 1.159668, -15.624996,Stair-Up
203713, -0.109375, -1.017944, -0.278564, 30.090330, 4.821778, -17.578130,Stair-Up
203733, -0.080688, -1.060303, -0.285278, 30.883784, 5.737304, -18.005376,Stair-Up
203753, -0.057739, -1.083740, -0.297608, 34.851080, 4.211426, -17.333990,Stair-Up
203773, -0.046753, -1.209228, -0.274902, 45.837400, -1.159668, -19.287110,Stair-Up
203793, -0.037598, -1.492798, -0.252930, 54.687490, -8.361816, -24.414060,Stair-Up
203813, -0.056274, -1.689820, -0.288086, 46.569820, -9.460450, -27.893060,Stair-Up
203833, -0.030151, -1.663086, -0.310181, 35.522460, -8.483890, -31.738280,Stair-Up
203853, -0.009766, -1.498780, -0.304443, 26.611320, -12.756344, -26.367180,Stair-Up
203873, -0.096069, -1.207154, -0.308106, 20.690910, -22.949216, -33.630380,Stair-Up
203893, -0.203247, -1.122436, -0.298462, 19.226080, 6.713866, -1.953124,Stair-Up
203913, -0.138916, -0.931274, -0.293945, 10.192870, 18.920900, -0.244141,Stair-Up
203933, -0.160645, -0.916016, -0.268677, 15.930172, 23.132320, 2.685546,Stair-Up
203953, -0.170288, -0.957031, -0.236694, 2.868652, 36.315920, 9.521484,Stair-Up
203973, -0.118530, -0.878174, -0.218994, -4.333496, 41.076650, 15.686032,Stair-Up
203993, -0.103638, -0.852173, -0.201172, -4.760742, 38.269050, 19.592290,Stair-Up
204013, -0.116943, -0.827026, -0.174561, -10.192870, 33.264160, 21.606440,Stair-Up
204033, -0.098267, -0.729248, -0.163574, -13.610836, 20.446770, 11.352536,Stair-Up
204053, -0.126343, -0.737183, -0.148438, -14.770504, 13.183590, 16.479492,Stair-Up
204073, -0.124023, -0.687378, -0.145996, -13.916012, 10.620116, 17.944340,Stair-Up
204093, -0.146729, -0.698364, -0.137573, -14.038084, 9.643556, 17.211920,Stair-Up
204113, -0.149780, -0.718384, -0.125732, -13.610836, 11.718748, 17.028810,Stair-Up
204133, -0.141602, -0.755737, -0.110718, -15.624996, 14.526364, 16.662600,Stair-Up
204153, -0.127930, -0.792969, -0.090942, -15.258788, 17.333990, 16.174320,Stair-Up
204173, -0.119141, -0.881226, -0.068726, -14.465330, 18.615724, 15.075680,Stair-Up
204193, -0.097168, -0.989380, -0.038818, -16.723632, 16.296390, 12.817380,Stair-Up
204213, -0.061401, -1.036377, -0.014160, -21.545408, 7.568358, 9.826660,Stair-Up
204233, -0.039063, -1.012818, -0.003540, -21.240230, -3.662109, 6.958006,Stair-Up
204253, -0.014648, -1.022217, 0.000244, -15.197750, -12.390136, 6.713866,Stair-Up
204273, -0.024780, -1.045166, -0.004883, -12.512204, -21.179192, 9.033204,Stair-Up
204293, -0.080811, -1.025269, -0.029907, -8.239746, -20.385740, 9.155274,Stair-Up
204313, -0.113770, -1.042603, -0.057129, -2.929687, -15.136716, 6.530760,Stair-Up
204333, -0.109375, -1.107910, -0.087646, 2.380371, -3.356933, 4.638672,Stair-Up
204353, -0.096436, -1.203125, -0.123413, 1.708984, 12.084960, 5.676268,Stair-Up
204373, -0.109741, -1.266602, -0.176025, -0.915527, 29.479976, 5.676268,Stair-Up
204393, -0.106567, -1.343262, -0.188965, -4.760742, 46.752920, 3.845214,Stair-Up
204413, -0.047485, -1.388550, -0.171997, -10.375976, 56.335440, -1.220704,Stair-Up
204433, -0.006592, -1.462280, -0.133301, -11.779784, 54.565420, -7.263182,Stair-Up
204453, 0.058228, -1.511719, -0.127564, -19.287110, 44.860830, -14.282224,Stair-Up
204473, 0.142334, -1.406006, -0.155762, -27.893060, 21.972650, -14.099120,Stair-Up
204493, 0.189331, -1.182740, -0.203613, -16.784670, -33.508300, -17.028810,Stair-Up
204513, 0.106201, -1.031860, -0.250610, -11.779784, -59.631340, -14.221190,Stair-Up
204533, 0.047607, -0.837280, -0.307739, -10.192870, -67.382820, -6.103514,Stair-Up
204553, -0.010132, -0.698975, -0.333984, -2.563476, -62.133780, 4.760742,Stair-Up
204573, -0.052368, -0.721314, -0.314575, -0.061035, -43.090810, 14.648436,Stair-Up
204593, -0.069946, -0.788940, -0.276489, -7.812498, -20.935052, 23.315424,Stair-Up
204613, -0.044067, -0.801514, -0.236938, -18.615724, -9.460450, 26.489250,Stair-Up
204633, 0.012329, -0.781128, -0.209839, -22.338860, -11.962890, 24.841304,Stair-Up
204653, 0.072022, -0.752320, -0.207153, -23.376460, -27.404780, 23.193352,Stair-Up
204673, 0.079590, -0.694214, -0.215454, -18.615724, -48.461900, 20.568840,Stair-Up
204693, 0.036621, -0.665528, -0.230103, -10.009768, -66.589360, 16.662600,Stair-Up
204713, -0.094360, -0.690064, -0.234619, 1.525878, -74.829100, 8.056642,Stair-Up
204733, -0.143555, -0.697998, -0.222656, 2.807617, -65.612800, 3.356933,Stair-Up
204753, -0.157593, -0.678223, -0.198364, 2.258301, -51.818840, 1.342773,Stair-Up
204773, -0.161377, -0.666382, -0.195435, 2.624511, -32.958990, 3.845214,Stair-Up
204793, -0.154785, -0.681030, -0.200928, 3.234863, -15.869140, 6.774902,Stair-Up
204813, -0.149048, -0.746582, -0.227905, 7.202148, -5.676268, 4.760742,Stair-Up
204833, -0.126587, -0.807984, -0.226807, 6.225584, -0.122070, 2.441407,Stair-Up
204853, -0.111328, -0.809082, -0.210938, 7.019042, 1.159668, 0.915527,Stair-Up
204873, -0.105713, -0.821533, -0.198120, 10.192870, -0.244141, -1.953124,Stair-Up
204893, -0.102905, -0.852295, -0.209351, 13.916012, -0.183105, -4.760742,Stair-Up
204913, -0.113525, -0.884033, -0.241211, 17.456060, -0.122070, -8.666994,Stair-Up
204933, -0.135864, -0.891724, -0.267456, 20.324700, -1.953124, -19.409180,Stair-Up
204953, -0.151123, -0.857910, -0.269409, 23.437492, 1.525878, -24.780270,Stair-Up
204973, -0.160645, -0.855835, -0.273682, 26.489250, 9.704590, -28.259270,Stair-Up
204993, -0.156006, -0.871582, -0.284546, 25.756830, 18.249516, -30.517570,Stair-Up
205013, -0.151611, -0.858276, -0.295288, 25.695796, 23.071284, -33.691410,Stair-Up
205033, -0.140747, -0.872314, -0.296631, 27.099608, 23.620600, -37.597660,Stair-Up
205053, -0.127930, -0.886841, -0.305908, 27.709956, 20.507810, -39.855960,Stair-Up
205073, -0.090332, -0.906128, -0.313477, 26.123040, 7.934570, -43.457020,Stair-Up
205093, -0.110474, -0.928711, -0.304443, 35.644540, 2.197266, -41.259760,Stair-Up
205113, -0.160889, -1.055054, -0.290649, 28.869624, 4.394532, -38.024910,Stair-Up
205133, -0.105591, -1.114014, -0.289185, 31.799310, -1.037598, -36.926280,Stair-Up
205153, -0.121826, -1.444458, -0.255737, 38.146980, -7.629394, -38.146980,Stair-Up
205173, -0.100220, -1.704956, -0.237427, 31.249992, -7.202148, -34.057620,Stair-Up
205193, -0.050659, -1.695801, -0.259766, 6.958006, -15.197750, -31.372068,Stair-Up
205213, -0.066895, -1.333862, -0.266235, -6.042480, -26.306150, -20.019532,Stair-Up
205233, -0.102295, -1.070190, -0.246948, -0.854492, -33.569340, -7.507323,Stair-Up
205253, -0.152466, -0.955444, -0.232910, 2.624511, -30.273430, 4.394532,Stair-Up
205273, -0.180054, -0.931152, -0.247314, 0.976562, -11.535644, 27.099608,Stair-Up
205293, -0.160522, -0.871582, -0.260620, -4.516602, -0.610352, 32.531740,Stair-Up
205313, -0.166626, -0.824951, -0.247437, -1.037598, 8.911134, 34.179700,Stair-Up
205333, -0.185669, -0.862427, -0.213745, -6.896972, 22.033690, 39.245610,Stair-Up
205353, -0.147339, -0.797852, -0.189819, -10.986324, 28.869624, 37.475590,Stair-Up
205373, -0.151978, -0.872925, -0.163452, -5.676268, 31.311030, 25.817870,Stair-Up
205393, -0.143311, -0.964844, -0.145508, -8.056642, 33.447270, 15.502928,Stair-Up
205413, -0.129761, -1.014648, -0.140137, -8.972170, 32.226570, 1.525878,Stair-Up
205433, -0.162720, -1.071900, -0.139404, -8.117676, 31.616208, -13.305660,Stair-Up
205453, -0.179077, -1.116578, -0.134888, -11.291500, 34.118660, -26.611320,Stair-Up
205473, -0.168823, -1.097412, -0.113037, -17.028810, 37.353520, -35.095220,Stair-Up
205493, -0.156982, -1.034424, -0.095581, -20.935052, 41.748040, -35.522460,Stair-Up
205513, -0.153687, -0.985474, -0.102661, -22.949216, 46.203600, -30.517570,Stair-Up
205533, -0.144653, -0.948853, -0.115845, -25.268550, 52.612300, -20.019532,Stair-Up
205553, -0.113281, -0.935913, -0.125732, -25.634760, 56.457510, -7.446288,Stair-Up
205573, -0.074585, -0.945435, -0.113770, -26.367180, 54.748520, 4.821778,Stair-Up
205593, -0.055542, -0.928101, -0.080933, -28.137200, 46.813960, 19.958500,Stair-Up
205613, -0.057983, -0.932984, -0.072998, -26.428220, 39.184580, 24.536130,Stair-Up
205633, -0.057983, -0.976318, -0.080322, -25.390620, 31.738280, 25.939940,Stair-Up
205653, -0.045044, -0.998779, -0.088745, -28.198240, 23.498530, 25.695796,Stair-Up
205673, -0.033081, -0.960816, -0.087158, -30.090330, 13.671872, 25.268550,Stair-Up
205693, -0.030273, -0.933716, -0.090210, -26.794430, 3.723144, 24.047850,Stair-Up
205713, -0.019043, -0.962158, -0.109619, -23.437492, -3.112792, 24.536130,Stair-Up
205733, 0.004761, -1.020996, -0.128662, -23.559568, -7.263182, 27.038570,Stair-Up
205753, 0.019897, -1.068238, -0.128662, -26.306150, -12.023924, 29.602044,Stair-Up
205773, 0.017456, -1.122925, -0.147705, -27.282710, -16.906740, 29.113768,Stair-Up
205793, 0.038452, -1.179566, -0.159546, -33.203130, -20.812980, 28.808590,Stair-Up
205813, 0.121582, -1.202759, -0.147827, -31.860350, -37.048340, 25.451652,Stair-Up
205833, 0.134399, -1.317994, -0.146240, -31.188960, -54.321280, 20.874020,Stair-Up
205853, 0.097412, -1.345826, -0.155640, -32.165540, -67.321800, 16.723632,Stair-Up
205873, 0.051392, -1.331665, -0.154175, -32.409680, -81.176740, 8.544924,Stair-Up
205893, 0.019897, -1.207032, -0.174072, -37.719730, -91.918940, 5.737304,Stair-Up
205913, -0.007446, -0.889648, -0.206665, -38.513190, -96.923800, 8.666994,Stair-Up
205933, -0.052856, -0.625977, -0.257202, -24.536130, -89.050260, 17.333990,Stair-Up
205953, -0.088745, -0.578247, -0.284912, -8.056642, -70.678720, 26.550290,Stair-Up
205973, -0.131592, -0.638916, -0.305786, -4.028321, -45.471180, 32.836920,Stair-Up
205993, -0.171753, -0.698242, -0.300171, -5.004884, -18.554690, 33.508300,Stair-Up
206013, -0.143433, -0.765747, -0.254395, -8.972170, 0.061035, 26.062010,Stair-Up
206033, -0.043701, -0.783447, -0.221558, -14.343260, 9.094240, 13.122556,Stair-Up
206053, 0.013916, -0.780029, -0.219360, -12.207030, -2.502442, 0.610352,Stair-Up
206073, 0.043335, -0.770386, -0.221802, -5.493162, -26.245110, -14.038084,Stair-Up
206093, 0.020508, -0.748413, -0.238159, 5.981444, -54.443350, -29.907220,Stair-Up
206113, -0.029541, -0.744507, -0.238892, 18.188480, -76.599140, -45.288080,Stair-Up
206133, -0.053223, -0.741455, -0.248657, 26.367180, -93.811020, -57.556140,Stair-Up
206153, -0.137451, -0.744629, -0.273682, 37.353520, -97.045880, -67.749040,Stair-Up
206173, -0.196655, -0.820557, -0.279419, 41.015620, -85.144020, -75.561540,Stair-Up
206193, -0.246826, -0.892334, -0.274292, 40.283200, -62.561020, -81.359840,Stair-Up
206213, -0.278442, -0.937256, -0.281860, 34.790040, -34.851080, -85.876460,Stair-Up
206233, -0.246826, -0.927734, -0.288208, 30.822750, -10.986324, -88.684060,Stair-Up
206253, -0.195190, -0.914795, -0.312500, 33.325200, 9.460450, -87.585440,Stair-Up
206273, -0.190064, -0.929810, -0.338623, 37.597660, 16.418460, -84.411600,Stair-Up
206293, -0.194702, -0.939453, -0.352905, 39.001470, 22.460930, -78.063980,Stair-Up
206313, -0.221680, -0.942383, -0.365356, 39.978040, 26.428220, -72.265640,Stair-Up
206333, -0.250244, -0.979736, -0.361816, 41.076650, 31.555170, -67.199720,Stair-Up
206353, -0.253906, -1.065674, -0.359741, 38.757330, 37.902840, -60.119620,Stair-Up
206373, -0.226685, -1.124146, -0.371094, 33.142100, 39.855960, -51.269520,Stair-Up
206393, -0.190064, -1.156128, -0.362793, 32.897960, 35.034180, -42.236320,Stair-Up
206413, -0.171997, -1.251343, -0.338013, 32.958990, 31.921380, -33.020020,Stair-Up
206433, -0.093506, -1.349854, -0.307739, 27.099608, 33.325200, -18.798830,Stair-Up
206453, -0.082397, -1.456421, -0.310425, 27.648920, 25.451652, -8.972170,Stair-Up
206473, -0.054932, -1.737061, -0.290772, 22.521970, 9.765626, 0.061035,Stair-Up
206493, 0.059570, -1.674072, -0.308472, 6.347656, -7.690428, 12.207030,Stair-Up
206513, 0.046875, -1.483887, -0.309448, 6.652830, -23.498530, 29.296870,Stair-Up
206533, -0.055542, -1.413940, -0.267456, 3.295898, -24.536130, 45.776360,Stair-Up
206553, -0.105347, -1.300049, -0.239380, -8.422854, -15.502928, 59.753410,Stair-Up
206573, -0.127197, -1.150635, -0.200195, -16.052250, -6.652830, 68.481460,Stair-Up
206593, -0.134399, -1.064209, -0.135254, -19.470220, 0.244141, 71.960460,Stair-Up
206613, -0.113647, -0.998047, -0.099487, -21.484370, 5.432128, 73.913600,Stair-Up
206633, -0.121216, -0.970581, -0.089478, -17.883300, 10.925290, 74.462900,Stair-Up
206653, -0.097778, -0.999878, -0.070190, -17.150880, 18.188480, 75.927740,Stair-Up
206673, -0.041260, -0.998413, -0.024536, -21.911620, 21.423332, 78.186040,Stair-Up
206693, 0.052368, -0.955933, 0.020996, -27.770990, 26.000970, 92.529280,Stair-Up
206713, 0.024292, -0.962158, 0.035767, -34.912120, 16.235352, 99.365220,Stair-Up
206733, -0.020630, -0.941162, 0.032471, -37.658700, -0.427246, 98.632800,Stair-Up
206753, -0.020874, -0.901489, 0.011719, -37.780760, -22.216790, 92.834460,Stair-Up
206773, -0.008179, -0.869385, 0.004761, -33.996590, -40.710440, 88.867160,Stair-Up
206793, -0.012695, -0.903687, 0.013550, -24.414060, -54.016100, 82.885720,Stair-Up
206813, -0.055298, -1.044678, 0.051392, -19.775390, -61.035140, 74.035660,Stair-Up
206833, -0.067505, -1.054688, 0.073730, -29.785150, -59.265120, 66.406260,Stair-Up
206853, -0.088745, -0.918335, 0.052246, -31.433100, -56.274400, 58.166500,Stair-Up
206873, -0.109619, -0.822388, 0.015747, -21.606440, -52.917470, 46.569820,Stair-Up
206893, -0.129028, -0.791504, -0.017700, -14.404296, -44.494620, 38.085940,Stair-Up
206913, -0.161743, -0.738159, -0.012451, -7.751464, -26.428220, 23.681636,Stair-Up
206933, -0.210449, -0.717285, -0.004395, -3.295898, -9.948730, 9.704590,Stair-Up
206953, -0.251587, -0.713989, -0.020264, -0.366211, 11.718748, -3.417968,Stair-Up
206973, -0.232910, -0.743652, -0.049316, 3.601074, 33.203130, -17.822270,Stair-Up
206993, -0.186279, -0.805542, -0.051758, 1.647949, 48.828120, -30.944820,Stair-Up
207013, -0.177979, -0.798340, -0.046021, -0.305176, 61.218250, -41.076650,Stair-Up
207033, -0.199097, -0.815064, -0.049072, 1.708984, 71.716320, -53.771960,Stair-Up
207053, -0.182007, -0.890015, -0.071533, 6.164550, 81.176740, -66.101100,Stair-Up
207073, -0.148560, -1.024902, -0.094727, 7.507323, 87.829560, -77.880860,Stair-Up
207093, -0.085083, -1.101196, -0.093140, 1.281738, 89.904760, -84.411600,Stair-Up
207114, -0.062012, -1.109864, -0.120605, 4.394532, 86.730940, -86.120600,Stair-Up
207134, -0.082031, -1.256348, -0.190308, 8.361816, 83.618160, -88.928200,Stair-Up
207154, -0.020142, -1.340942, -0.209961, 1.708984, 79.467800, -85.083000,Stair-Up
207174, 0.118652, -1.357056, -0.154663, -0.366211, 57.250960, -79.162600,Stair-Up
207194, 0.345703, -1.466675, -0.087524, 9.277344, -6.835936, -77.819840,Stair-Up
207214, 0.332764, -1.591675, -0.122681, 17.211920, -86.791960, -75.805680,Stair-Up
207234, 0.138672, -1.675049, -0.139893, 16.906740, -140.808100, -72.937020,Stair-Up
207254, 0.040039, -1.576050, -0.155273, 3.295898, -173.706000, -67.932140,Stair-Up
207274, -0.146606, -1.335816, -0.195557, -3.601074, -184.814400, -62.988270,Stair-Up
207294, -0.372192, -1.081421, -0.244873, -13.549804, -157.348680, -55.603020,Stair-Up
207314, -0.459106, -0.821778, -0.307129, -13.916012, -72.937020, -31.066890,Stair-Up
207334, -0.360840, -0.757446, -0.357666, -5.249022, -29.296870, -23.681636,Stair-Up
207354, -0.262085, -0.827637, -0.339966, -4.638672, -2.502442, -11.901852,Stair-Up
207374, -0.252075, -0.852661, -0.320313, -1.770019, 13.854978, -7.141112,Stair-Up
207394, -0.177368, -0.885254, -0.304810, -4.638672, 18.066410, -3.295898,Stair-Up
207414, -0.087646, -0.788574, -0.315186, -7.751464, 4.577638, -0.061035,Stair-Up
207434, -0.099121, -0.655762, -0.313477, -4.577638, -11.718748, 6.408690,Stair-Up
207454, -0.113892, -0.588135, -0.314941, 0.183105, -20.507810, 14.770504,Stair-Up
207474, -0.151001, -0.565796, -0.310669, 1.220704, -22.338860, 20.629880,Stair-Up
207494, -0.173462, -0.572754, -0.304688, 2.319336, -17.333990, 25.695796,Stair-Up
207514, -0.155762, -0.619873, -0.300171, -0.305176, -13.427732, 28.503410,Stair-Up
207534, -0.153687, -0.641236, -0.290405, -2.197266, -13.183590, 27.770990,Stair-Up
207554, -0.097046, -0.683594, -0.273926, -0.305176, -17.395020, 26.489250,Stair-Up
207574, -0.101318, -0.722778, -0.268066, 2.380371, -21.301268, 25.756830,Stair-Up
207594, -0.128418, -0.760742, -0.303711, 5.249022, -18.554690, 24.719230,Stair-Up
207614, -0.165649, -0.759888, -0.355957, 5.798338, -7.324218, 25.207516,Stair-Up
207634, -0.170044, -0.806030, -0.350952, 10.253904, 4.699708, 21.118160,Stair-Up
207654, -0.152222, -0.899414, -0.312134, 10.498044, 14.282224, 16.113284,Stair-Up
207674, -0.148926, -0.948975, -0.300293, 5.676268, 22.521970, 12.390136,Stair-Up
207694, -0.116821, -0.947144, -0.299683, 3.845214, 24.902340, 4.821778,Stair-Up
207714, -0.067383, -0.943848, -0.287354, 4.028321, 19.042970, -0.427246,Stair-Up
207734, -0.071289, -0.923340, -0.288208, 7.141112, 9.765626, -5.187988,Stair-Up
207754, -0.092041, -0.925415, -0.279785, 12.878416, 2.197266, -11.108396,Stair-Up
207774, -0.104126, -0.951294, -0.301270, 17.517090, 0.183105, -13.977050,Stair-Up
207794, -0.140137, -0.982666, -0.311279, 20.507810, 2.746581, -18.493652,Stair-Up
207814, -0.131592, -1.049316, -0.298340, 25.634760, 5.798338, -25.146480,Stair-Up
207834, -0.129395, -1.143066, -0.264893, 28.747552, 7.019042, -33.020020,Stair-Up
207854, -0.124268, -1.272705, -0.226196, 35.400400, 7.141112, -40.893540,Stair-Up
207874, -0.121704, -1.491700, -0.216187, 46.569820, 3.479003, -52.673330,Stair-Up
207894, -0.144043, -1.764282, -0.269409, 47.912590, 7.507323, -62.988270,Stair-Up
207914, -0.110840, -1.747803, -0.338257, 24.169920, 17.395020, -60.668940,Stair-Up
207934, -0.134888, -1.400757, -0.369873, 18.249516, 26.306150, -49.682610,Stair-Up
207954, -0.219360, -1.211914, -0.309082, 18.188480, 40.588370, -34.973150,Stair-Up
207974, -0.218628, -0.997192, -0.240112, 13.732908, 70.495620, -3.601074,Stair-Up
207994, -0.170654, -1.045044, -0.243774, 16.845708, 80.078140, 11.108396,Stair-Up
208014, -0.112671, -1.042480, -0.264404, 5.859374, 80.139160, 26.916500,Stair-Up
208034, -0.121094, -0.907715, -0.282471, 4.150392, 72.570800, 36.438000,Stair-Up
208054, -0.146851, -0.828491, -0.242310, 7.141112, 62.316880, 38.208020,Stair-Up
208074, -0.104736, -0.753662, -0.147949, 3.540038, 59.387200, 40.954580,Stair-Up
208094, -0.117188, -0.697144, -0.093018, -0.488281, 63.720700, 49.987780,Stair-Up
208114, -0.188355, -0.708862, -0.113037, -6.469726, 71.716320, 54.077140,Stair-Up
208134, -0.175659, -0.772949, -0.115601, -16.845708, 81.848140, 57.189930,Stair-Up
208154, -0.069214, -0.793335, -0.101807, -30.334470, 75.317400, 57.067860,Stair-Up
208174, -0.016235, -0.786865, -0.098022, -32.653820, 55.114740, 53.588860,Stair-Up
208194, 0.013916, -0.837769, -0.093994, -35.522460, 18.310550, 49.987780,Stair-Up
208214, 0.002808, -0.870850, -0.099487, -32.104500, -5.187988, 47.302240,Stair-Up
208234, 0.008423, -0.936402, -0.081421, -30.273430, -26.550290, 43.823240,Stair-Up
208254, 0.010254, -0.972656, -0.053467, -27.404780, -46.020500, 39.611820,Stair-Up
208274, -0.014648, -0.985718, -0.031006, -25.878900, -57.006820, 37.170420,Stair-Up
208294, -0.061646, -0.976807, -0.031494, -23.559568, -60.180660, 35.339360,Stair-Up
208314, -0.114990, -0.977417, -0.041016, -20.751950, -56.335440, 31.738280,Stair-Up
208334, -0.136475, -0.976196, -0.044434, -18.981940, -46.936020, 27.404780,Stair-Up
208354, -0.149902, -0.986450, -0.057861, -14.038084, -33.142100, 23.193352,Stair-Up
208374, -0.153442, -1.038940, -0.068604, -12.268064, -15.014646, 20.080560,Stair-Up
208394, -0.133545, -1.036621, -0.070190, -14.953610, 3.723144, 18.493652,Stair-Up
208414, -0.110840, -0.991577, -0.070801, -13.122556, 25.329584, 16.540530,Stair-Up
208434, -0.121582, -0.990112, -0.097168, -9.155274, 39.245610, 14.221190,Stair-Up
208454, -0.120605, -1.030274, -0.135742, -7.507323, 56.213370, 12.451170,Stair-Up
208474, -0.085083, -1.062378, -0.153320, -11.657712, 66.589360, 10.498044,Stair-Up
208494, -0.040161, -1.079834, -0.138550, -9.826660, 69.824240, 4.943848,Stair-Up
208514, -0.016968, -1.171020, -0.120239, -10.131832, 69.030760, 1.098633,Stair-Up
208534, 0.035522, -1.284790, -0.113647, -7.263182, 59.997550, -8.239746,Stair-Up
208554, 0.083252, -1.410767, -0.139282, -6.225584, 42.602530, -18.676760,Stair-Up
208574, 0.086426, -1.457398, -0.188477, -5.493162, 13.854978, -32.592780,Stair-Up
208594, 0.064453, -1.425660, -0.212158, -2.685546, -20.568840, -50.659170,Stair-Up
208614, 0.047241, -1.293457, -0.226440, -0.061035, -49.560540, -62.805160,Stair-Up
208634, -0.033447, -1.066528, -0.257935, 4.455568, -71.594240, -68.237320,Stair-Up
208654, -0.098267, -0.964600, -0.275269, 7.568358, -70.373540, -65.124520,Stair-Up
208674, -0.149048, -0.926026, -0.291992, 7.324218, -59.326160, -61.645500,Stair-Up
208694, -0.165039, -0.900513, -0.282593, 4.455568, -44.921860, -57.556140,Stair-Up
208714, -0.138916, -0.885986, -0.265015, 2.746581, -35.339360, -54.931630,Stair-Up
208734, -0.103882, -0.852539, -0.254272, 1.464844, -31.005852, -51.696770,Stair-Up
208754, -0.076416, -0.802246, -0.238892, 1.281738, -27.770990, -45.227040,Stair-Up
208774, -0.050415, -0.751709, -0.236450, 3.051757, -26.611320, -36.682140,Stair-Up
208794, -0.100342, -0.745606, -0.242920, 8.056642, -29.785150, -31.005852,Stair-Up
208814, -0.142456, -0.769409, -0.265869, 10.620116, -27.893060, -30.395500,Stair-Up
208834, -0.133911, -0.751343, -0.281982, 7.019042, -24.841304, -27.404780,Stair-Up
208854, -0.114990, -0.660034, -0.265625, 7.690428, -26.672360, -24.108880,Stair-Up
208874, -0.128784, -0.671387, -0.256348, 10.253904, -26.184080, -20.202630,Stair-Up
208894, -0.128052, -0.721802, -0.255982, 10.314940, -25.817870, -17.272950,Stair-Up
208914, -0.129517, -0.749146, -0.264893, 8.483890, -26.672360, -14.404296,Stair-Up
208934, -0.122070, -0.767944, -0.272705, 10.681150, -30.944820, -13.977050,Stair-Up
208954, -0.132080, -0.819336, -0.271118, 11.779784, -34.301760, -13.061520,Stair-Up
208974, -0.142456, -0.842652, -0.269531, 11.596676, -33.691410, -10.559080,Stair-Up
208994, -0.146606, -0.877320, -0.271973, 12.634276, -31.799310, -8.239746,Stair-Up
209014, -0.151367, -0.896484, -0.276001, 11.596676, -26.062010, -4.333496,Stair-Up
209034, -0.144409, -0.896851, -0.273560, 10.803220, -19.042970, 0.366211,Stair-Up
209054, -0.129517, -0.901245, -0.270996, 10.986324, -15.258788, 4.211426,Stair-Up
209074, -0.134155, -0.903076, -0.272705, 12.634276, -11.108396, 7.812498,Stair-Up
209094, -0.128296, -0.907959, -0.276733, 13.916012, -6.347656, 8.972170,Stair-Up
209114, -0.119385, -0.907593, -0.274780, 16.052250, -2.807617, 8.666994,Stair-Up
209134, -0.132080, -0.928223, -0.268433, 19.104010, -0.915527, 5.187988,Stair-Up
209154, -0.140381, -0.942993, -0.268677, 20.080560, 3.723144, 1.770019,Stair-Up
209174, -0.132202, -0.930542, -0.280518, 22.033690, 6.652830, -2.136231,Stair-Up
209194, -0.133789, -0.925171, -0.289795, 26.611320, 8.361816, -5.859374,Stair-Up
209214, -0.148193, -0.960205, -0.290894, 30.334470, 11.535644, -7.812498,Stair-Up
209234, -0.142700, -1.107056, -0.251221, 42.053220, 13.305660, -14.160152,Stair-Up
209254, -0.129517, -1.398926, -0.202393, 46.447740, 15.502928, -19.714360,Stair-Up
209274, -0.100586, -1.648926, -0.215088, 40.405260, 15.991210, -24.108880,Stair-Up
209294, -0.056274, -1.612183, -0.246704, 20.507810, 5.981444, -23.620600,Stair-Up
209314, -0.087036, -1.489502, -0.248413, 25.939940, -1.586914, -19.775390,Stair-Up
209334, -0.150513, -1.476929, -0.244385, 23.376460, 2.746581, -10.803220,Stair-Up
209354, -0.176636, -1.338868, -0.253784, 11.291500, 17.700200, 2.990722,Stair-Up
209374, -0.200439, -1.148316, -0.274170, 5.676268, 35.766600, 15.808104,Stair-Up
209394, -0.236938, -1.037598, -0.269409, 2.136231, 57.434080, 26.489250,Stair-Up
209414, -0.218140, -1.040894, -0.234985, 0.061035, 76.599140, 32.104500,Stair-Up
209434, -0.183960, -1.091309, -0.195435, -9.338380, 87.280260, 35.461430,Stair-Up
209454, -0.129028, -1.035156, -0.165527, -20.935052, 89.843740, 39.978040,Stair-Up
209474, -0.068726, -0.948975, -0.140747, -25.756830, 81.298800, 45.227040,Stair-Up
209494, -0.040527, -0.861084, -0.114258, -28.198240, 68.115240, 49.011220,Stair-Up
209514, -0.059448, -0.786499, -0.093994, -26.306150, 50.781240, 56.335440,Stair-Up
209534, -0.070557, -0.776612, -0.093506, -25.817870, 42.663560, 60.058580,Stair-Up
209554, -0.091187, -0.781616, -0.086182, -27.526850, 37.780760, 60.546860,Stair-Up
209574, -0.102173, -0.756348, -0.069214, -31.066890, 34.057620, 59.814440,Stair-Up
209594, -0.111694, -0.735962, -0.049194, -29.907220, 30.456540, 55.908200,Stair-Up
209614, -0.104370, -0.768433, -0.025269, -30.334470, 26.672360, 51.269520,Stair-Up
209634, -0.088867, -0.803711, -0.010986, -29.968260, 22.399900, 47.058100,Stair-Up
209654, -0.083130, -0.841187, 0.003052, -29.418940, 17.150880, 41.748040,Stair-Up
209674, -0.085083, -0.870117, 0.022461, -26.733390, 11.474608, 34.606940,Stair-Up
209694, -0.084839, -0.891846, 0.019409, -22.155760, 6.774902, 25.573724,Stair-Up
209714, -0.112061, -0.953858, 0.003418, -14.831540, 4.760742, 15.747068,Stair-Up
209734, -0.146484, -1.012452, -0.003174, -14.526364, 9.094240, -0.183105,Stair-Up
209754, -0.177612, -0.983032, -0.016968, -14.465330, 16.113284, -9.033204,Stair-Up
209774, -0.193726, -0.947998, -0.043213, -11.535644, 28.259270, -14.892576,Stair-Up
209794, -0.183716, -0.949341, -0.059570, -9.094240, 42.480460, -16.235352,Stair-Up
209814, -0.168091, -0.973267, -0.063477, -7.446288, 52.917470, -16.479492,Stair-Up
209834, -0.151611, -0.991699, -0.054443, -5.554198, 60.485830, -15.197750,Stair-Up
209854, -0.130005, -1.041992, -0.065186, 0.122070, 65.490740, -14.099120,Stair-Up
209874, -0.087524, -1.130127, -0.090942, 3.540038, 68.359400, -12.451170,Stair-Up
209894, -0.054810, -1.176392, -0.099976, 1.525878, 68.725600, -8.178714,Stair-Up
209914, -0.064819, -1.182129, -0.127441, 5.310058, 65.734860, -7.934570,Stair-Up
209934, -0.076294, -1.252320, -0.168091, 9.948730, 66.833500, -9.399414,Stair-Up
209954, -0.031372, -1.344482, -0.200806, 3.234863, 66.772460, -9.155274,Stair-Up
209974, 0.014160, -1.322876, -0.152222, 1.098633, 60.485830, -11.962890,Stair-Up
209994, 0.091431, -1.310181, -0.114624, 4.943848, 41.931140, -18.127448,Stair-Up
210014, 0.183228, -1.213379, -0.218140, 13.305660, 24.047850, -25.512690,Stair-Up
210034, 0.204224, -1.172120, -0.394898, 33.264160, 19.836430, -28.747552,Stair-Up
210054, 0.056641, -1.217408, -0.424072, 32.104500, 28.442380, -37.231450,Stair-Up
210074, -0.016113, -1.053833, -0.324341, 14.099120, 47.851560, -40.344230,Stair-Up
210094, -0.017822, -0.863281, -0.243042, 4.943848, 69.519040, -37.902840,Stair-Up
210114, 0.122437, -0.815064, -0.219849, -5.187988, 89.050260, -27.709956,Stair-Up
210134, 0.310669, -0.770752, -0.256714, -14.404296, 79.284680, -11.657712,Stair-Up
210154, 0.327026, -0.789185, -0.272705, -9.033204, 38.696300, -10.437010,Stair-Up
210174, 0.353394, -0.870117, -0.193115, -15.441892, -39.672860, -7.385252,Stair-Up
210194, 0.317749, -0.776123, -0.143066, -12.023924, -87.585440, -2.990722,Stair-Up
210214, 0.225830, -0.800049, -0.155640, -8.544924, -120.971660, 0.671386,Stair-Up
210234, 0.151855, -0.789795, -0.192383, -8.117676, -142.273000, 2.685546,Stair-Up
210254, 0.068481, -0.763672, -0.200439, -6.713866, -151.428240, -2.136231,Stair-Up
210274, 0.044678, -0.718384, -0.187256, -7.202148, -149.292000, -6.652830,Stair-Up
210294, -0.057251, -0.680664, -0.185425, -2.563476, -134.582520, -14.404296,Stair-Up
210314, -0.175537, -0.719849, -0.217285, -1.647949, -103.637680, -22.338860,Stair-Up
210334, -0.171265, -0.719238, -0.267700, -4.028321, -73.547360, -27.709956,Stair-Up
210354, -0.169556, -0.727295, -0.301636, 0.244141, -50.476060, -31.860350,Stair-Up
210374, -0.144653, -0.770264, -0.304321, 2.136231, -30.090330, -30.151360,Stair-Up
210394, -0.126953, -0.774536, -0.264160, 6.042480, -12.512204, -23.864740,Stair-Up
210414, -0.139282, -0.804932, -0.243408, 10.192870, -6.591796, -20.324700,Stair-Up
210434, -0.137817, -0.843384, -0.243408, 11.352536, -2.136231, -15.136716,Stair-Up
210454, -0.116821, -0.869995, -0.246704, 11.779784, -4.028321, -11.840818,Stair-Up
210474, -0.112793, -0.891358, -0.242554, 14.465330, -10.925290, -9.826660,Stair-Up
210494, -0.134766, -0.928711, -0.249268, 18.798830, -16.540530, -8.972170,Stair-Up
210514, -0.142578, -0.994141, -0.266724, 22.460930, -18.066410, -7.080076,Stair-Up
210534, -0.144043, -1.050293, -0.269287, 22.338860, -18.188480, -4.394532,Stair-Up
210554, -0.131958, -1.095948, -0.263794, 24.291990, -19.409180, -1.464844,Stair-Up
210574, -0.126221, -1.145874, -0.264771, 26.367180, -21.057124, 1.342773,Stair-Up
210594, -0.110596, -1.214356, -0.270874, 34.057620, -25.634760, 3.112792,Stair-Up
210614, -0.166016, -1.640992, -0.279419, 55.664060, -27.221676, -3.601074,Stair-Up
210634, -0.162354, -1.834839, -0.304566, 36.621100, -17.700200, -4.882814,Stair-Up
210654, -0.136841, -1.633057, -0.323730, 19.287110, -9.582520, 1.403808,Stair-Up
210674, -0.146362, -1.381592, -0.318359, 16.479492, -0.610352, 11.047360,Stair-Up
210694, -0.215454, -1.183472, -0.316162, 8.239746, 18.920900, 26.794430,Stair-Up
210714, -0.234497, -0.972656, -0.312378, 4.394532, 41.687000, 39.489750,Stair-Up
210734, -0.186279, -0.944702, -0.307739, 10.681150, 53.161610, 45.104970,Stair-Up
210754, -0.171021, -0.989258, -0.314575, 5.249022, 63.903800, 50.048820,Stair-Up
210774, -0.135620, -0.933594, -0.296509, -3.967285, 71.594240, 53.894040,Stair-Up
210794, -0.126465, -0.874878, -0.249023, -6.591796, 71.350100, 52.673330,Stair-Up
210814, -0.121460, -0.831543, -0.211060, -15.075680, 69.335940, 52.307120,Stair-Up
210834, -0.071411, -0.694702, -0.187378, -20.385740, 55.541980, 52.429190,Stair-Up
210854, -0.060425, -0.639526, -0.186890, -19.775390, 40.527340, 50.964340,Stair-Up
210874, -0.047974, -0.596314, -0.161743, -18.066410, 28.259270, 50.292960,Stair-Up
210894, -0.062866, -0.592774, -0.144653, -15.441892, 19.897460, 49.560540,Stair-Up
210914, -0.099121, -0.622437, -0.128296, -15.014646, 13.977050, 44.616690,Stair-Up
210934, -0.123657, -0.681641, -0.122559, -13.183590, 12.512204, 37.170420,Stair-Up
210954, -0.136353, -0.777588, -0.110352, -13.793944, 12.817380, 26.672360,Stair-Up
210974, -0.119995, -0.853760, -0.090332, -15.991210, 11.779784, 15.258788,Stair-Up
210994, -0.113892, -0.909180, -0.070190, -16.174320, 7.690428, 2.746581,Stair-Up
211014, -0.102417, -0.951782, -0.052490, -15.747068, 1.953124, -9.033204,Stair-Up
211034, -0.095459, -0.985840, -0.043701, -13.244628, -4.455568, -18.371584,Stair-Up
211054, -0.121216, -1.043335, -0.055420, -9.033204, -11.962890, -30.212400,Stair-Up
211074, -0.125977, -1.043335, -0.062744, -10.009768, -12.023924, -33.447270,Stair-Up
211094, -0.140137, -1.005738, -0.068604, -8.605960, -9.216310, -33.935560,Stair-Up
211114, -0.159790, -0.983521, -0.081055, -5.310058, -3.173828, -32.104500,Stair-Up
211134, -0.164063, -1.011841, -0.097778, 0.488281, 6.713866, -29.052730,Stair-Up
211154, -0.134644, -1.073730, -0.123413, 2.502442, 17.272950, -23.498530,Stair-Up
211174, -0.104126, -1.093384, -0.130737, 3.051757, 24.047850, -17.700200,Stair-Up
211194, -0.133545, -1.148926, -0.150391, 12.695310, 32.409680, -15.197750,Stair-Up
211214, -0.128906, -1.327637, -0.190064, 15.502928, 47.668440, -12.512204,Stair-Up
211234, -0.041992, -1.437988, -0.187744, 6.469726, 55.236800, -10.498044,Stair-Up
211254, 0.016113, -1.483643, -0.138428, 1.586914, 49.743640, -10.742184,Stair-Up
211274, -0.004272, -1.538574, -0.152588, -1.098633, 34.057620, -17.150880,Stair-Up
211294, -0.030151, -1.602906, -0.167114, -8.972170, 18.676760, -31.127924,Stair-Up
211314, 0.075684, -1.438599, -0.223267, -23.010250, 2.136231, -43.579090,Stair-Up
211334, 0.182251, -1.169434, -0.327515, -16.113284, -29.602044, -48.583980,Stair-Up
211354, 0.228027, -0.979492, -0.353516, -6.042480, -54.687490, -44.677720,Stair-Up
211374, 0.191162, -0.828980, -0.346558, -1.403808, -62.011710, -30.212400,Stair-Up
211394, 0.041626, -0.717774, -0.402466, 3.356933, -55.847160, -25.817870,Stair-Up
211414, -0.008667, -0.775269, -0.406494, 7.324218, -40.893540, -27.648920,Stair-Up
211434, 0.105469, -0.850708, -0.344971, -3.356933, -36.682140, -25.573724,Stair-Up
211454, 0.148682, -0.782593, -0.279053, -12.329100, -46.874990, -19.104010,Stair-Up
211474, 0.159912, -0.703736, -0.224121, -14.770504, -55.969230, -10.803220,Stair-Up
211494, 0.099243, -0.605957, -0.232666, -13.732908, -73.181160, -1.220704,Stair-Up
211514, 0.056763, -0.561524, -0.234253, -11.962890, -82.824700, -2.685546,Stair-Up
211534, 0.058716, -0.515991, -0.225952, -7.995604, -91.491680, -5.493162,Stair-Up
211554, 0.003784, -0.512451, -0.216309, 0.549316, -93.688960, -10.375976,Stair-Up
211574, -0.039063, -0.584473, -0.180908, 7.385252, -88.745100, -16.052250,Stair-Up
211594, -0.049316, -0.659058, -0.162354, 11.413570, -81.542960, -20.812980,Stair-Up
211614, -0.057617, -0.723877, -0.162109, 17.028810, -73.425300, -23.925780,Stair-Up
211634, -0.044312, -0.812622, -0.160400, 21.423332, -63.964840, -24.475090,Stair-Up
211654, -0.045410, -0.865356, -0.142090, 20.874020, -55.175770, -22.949216,Stair-Up
211674, -0.065796, -0.898804, -0.126831, 24.108880, -47.790520, -23.742670,Stair-Up
211694, -0.090820, -0.967896, -0.136475, 26.367180, -37.231450, -22.827140,Stair-Up
211714, -0.132690, -0.979980, -0.169678, 18.493652, -22.766110, -23.437492,Stair-Up
211734, -0.119873, -0.945190, -0.195435, 23.498530, -14.892576, -24.536130,Stair-Up
211754, -0.118774, -0.993896, -0.245239, 27.282710, -10.192870, -27.099608,Stair-Up
211774, -0.118286, -1.002442, -0.278442, 26.489250, -4.882814, -27.770990,Stair-Up
211794, -0.122437, -0.995606, -0.279907, 27.526850, -1.647949, -28.564450,Stair-Up
211814, -0.125000, -1.017700, -0.254517, 29.296870, -0.122070, -30.212400,Stair-Up
211834, -0.139771, -1.068848, -0.259766, 32.775880, 2.624511, -30.944820,Stair-Up
211854, -0.100098, -1.116089, -0.290649, 30.761716, 0.366211, -32.104500,Stair-Up
211874, -0.044067, -1.130738, -0.300659, 35.888680, -13.244628, -33.142100,Stair-Up
211894, -0.077026, -1.284180, -0.291748, 48.645010, -24.536130, -34.545900,Stair-Up
211914, -0.108643, -1.519898, -0.310791, 49.438460, -22.827140, -31.799310,Stair-Up
211934, -0.078003, -1.638184, -0.279541, 18.371584, -15.869140, -23.315424,Stair-Up
211954, -0.068237, -1.346558, -0.261841, 7.507323, -16.662600, -10.864256,Stair-Up
211974, -0.143066, -1.196534, -0.261841, 9.460450, -13.610836, 0.854492,Stair-Up
211994, -0.169678, -1.098144, -0.257324, 3.967285, -1.281738, 15.808104,Stair-Up
212014, -0.107910, -1.065796, -0.258667, 7.873534, -3.906249, 22.460930,Stair-Up
212034, -0.200439, -1.112549, -0.252686, 7.446288, 3.234863, 23.864740,Stair-Up
212054, -0.148804, -1.120484, -0.227661, -0.488281, 19.165040, 39.184580,Stair-Up
212074, -0.187134, -1.038818, -0.191040, -12.756344, 22.338860, 37.170420,Stair-Up
212094, -0.180908, -0.999146, -0.161377, -4.028321, 44.250480, 52.001940,Stair-Up
212114, -0.079712, -1.019654, -0.142090, -27.160640, 35.095220, 52.246080,Stair-Up
212134, -0.094482, -0.842652, -0.140381, -15.197750, 29.541010, 62.438960,Stair-Up
212154, -0.077148, -0.832642, -0.102905, -26.123040, 31.127924, 70.129400,Stair-Up
212174, -0.072998, -0.746948, -0.082275, -25.085448, 27.587884, 77.697760,Stair-Up
212194, -0.090088, -0.717896, -0.075562, -21.179192, 25.512690, 79.467800,Stair-Up
212214, -0.105347, -0.742920, -0.076294, -19.653320, 27.526850, 81.298800,Stair-Up
212234, -0.104248, -0.760254, -0.065186, -20.019532, 30.029290, 79.162600,Stair-Up
212254, -0.105591, -0.788696, -0.041260, -21.118160, 31.066890, 74.401860,Stair-Up
212274, -0.117432, -0.807739, -0.021240, -21.728510, 31.921380, 66.833500,Stair-Up
212294, -0.103882, -0.836914, -0.004395, -21.789548, 32.226570, 56.335440,Stair-Up
212314, -0.089600, -0.884278, -0.002075, -19.287110, 31.311030, 44.738760,Stair-Up
212334, -0.087524, -0.960449, -0.007690, -18.005376, 28.198240, 30.151360,Stair-Up
212354, -0.086182, -0.982300, -0.006104, -22.033690, 22.460930, 17.028810,Stair-Up
212374, -0.073120, -0.979004, 0.002930, -15.624996, 8.361816, -2.197266,Stair-Up
212394, -0.067749, -1.049805, -0.005493, -10.681150, 0.854492, -9.948730,Stair-Up
212414, -0.053833, -1.081177, -0.026978, -10.803220, -5.432128, -14.404296,Stair-Up
212434, -0.017334, -1.054078, -0.030518, -7.629394, -7.873534, -16.174320,Stair-Up
212454, 0.001221, -1.081788, -0.046387, -0.854492, -5.065916, -11.230468,Stair-Up
212474, -0.012207, -1.225952, -0.080688, 10.009768, 1.525878, -8.666994,Stair-Up
212494, 0.025391, -1.470215, -0.077148, 6.835936, 11.779784, -9.277344,Stair-Up
212514, 0.172974, -1.561646, 0.024048, -7.507323, 11.779784, -12.634276,Stair-Up
212534, 0.252075, -1.516358, 0.077148, -11.901852, -4.821778, -20.080560,Stair-Up
212554, 0.275024, -1.452026, 0.042603, -8.789064, -22.155760, -32.836920,Stair-Up
212574, 0.276978, -1.376587, 0.006470, -2.746581, -44.555660, -48.156730,Stair-Up
212594, 0.074707, -1.158081, -0.076294, 10.925290, -69.824240, -80.566400,Stair-Up
212614, 0.005615, -1.021973, -0.142700, 17.883300, -63.110340, -98.571760,Stair-Up
212634, -0.030884, -0.908081, -0.193848, 20.507810, -39.672860, -96.679660,Stair-Up
212654, -0.028198, -0.852661, -0.179077, 22.583000, -6.652830, -88.867160,Stair-Up
212674, 0.007935, -0.901123, -0.132080, 26.184080, 17.883300, -81.298800,Stair-Up
212694, -0.011108, -0.967041, -0.104004, 25.329584, 28.381340, -77.453620,Stair-Up
212714, -0.031372, -0.983521, -0.095215, 22.521970, 31.494136, -75.561540,Stair-Up
212734, 0.043701, -0.931274, -0.087769, 20.996090, 16.113284, -75.439460,Stair-Up
212754, 0.040405, -0.833008, -0.114258, 26.794430, -8.361816, -71.533200,Stair-Up
212774, -0.028809, -0.748535, -0.160522, 34.667980, -24.902340, -66.467300,Stair-Up
212794, -0.046509, -0.719482, -0.188965, 41.625960, -33.508300, -56.396480,Stair-Up
212814, -0.114624, -0.677490, -0.204956, 48.767080, -54.687490, -47.241200,Stair-Up
212834, -0.221680, -0.753906, -0.200562, 49.011220, -51.818840, -42.297360,Stair-Up
212854, -0.219849, -0.780518, -0.184082, 36.499030, -42.724600, -37.963880,Stair-Up
212874, -0.228516, -0.744019, -0.185425, 31.005852, -33.142100, -31.127924,Stair-Up
212894, -0.184814, -0.784302, -0.227295, 27.221676, -32.531740, -27.893060,Stair-Up
212914, -0.176758, -0.842896, -0.275391, 27.038570, -32.714850, -21.545408,Stair-Up
212934, -0.169556, -0.919434, -0.298828, 21.484370, -34.790040, -15.075680,Stair-Up
212954, -0.180542, -0.954712, -0.293823, 21.301268, -38.513190, -9.460450,Stair-Up
212974, -0.226685, -1.031738, -0.289795, 19.409180, -36.193860, -4.516602,Stair-Up
212994, -0.220947, -1.065186, -0.308594, 11.901852, -30.639640, 1.159668,Stair-Up
213014, -0.214844, -1.037842, -0.327759, 6.835936, -23.071284, 9.826660,Stair-Up
213034, -0.194946, -1.020264, -0.328247, 3.295898, -7.751464, 26.672360,Stair-Up
213054, -0.138062, -1.004639, -0.297119, -2.746581, -2.624511, 36.254890,Stair-Up
213074, -0.148682, -0.973389, -0.284546, -1.953124, -0.244141, 41.992180,Stair-Up
213094, -0.168335, -1.002320, -0.254272, -7.263182, 4.150392, 45.898430,Stair-Up
213114, -0.155151, -0.982544, -0.215820, -13.000484, 3.662109, 46.569820,Stair-Up
213134, -0.122070, -0.968750, -0.187988, -11.352536, -7.873534, 40.588370,Stair-Up
213154, -0.161987, -1.014160, -0.171997, -9.033204, -10.131832, 38.879400,Stair-Up
213174, -0.155762, -1.071656, -0.151733, -7.751464, -7.263182, 35.827640,Stair-Up
213194, -0.147339, -1.166504, -0.145386, -2.136231, -5.981444, 32.470710,Stair-Up
213214, -0.109497, -1.292603, -0.117065, -2.624511, -0.671386, 32.226570,Stair-Up
213234, -0.069214, -1.346314, -0.097412, -5.371092, 5.737304, 37.231450,Stair-Up
213254, -0.097046, -1.468018, -0.095215, 9.460450, 15.136716, 38.452160,Stair-Up
213274, -0.100098, -1.767334, -0.071533, 17.028810, 22.338860, 33.142100,Stair-Up
213294, -0.073975, -1.900024, -0.053345, -2.807617, 30.395500, 28.686520,Stair-Up
213314, -0.033203, -1.629517, -0.071533, -22.033690, 35.766600, 32.409680,Stair-Up
213334, -0.032349, -1.289551, -0.106689, -18.249516, 39.978040, 41.748040,Stair-Up
213354, -0.094971, -1.091919, -0.109741, -14.465330, 54.992660, 57.495110,Stair-Up
213374, -0.102295, -0.986938, -0.088135, -7.995604, 72.998060, 73.730480,Stair-Up
213394, -0.100464, -1.074707, -0.059937, -2.929687, 85.510240, 82.092260,Stair-Up
213414, -0.062866, -1.158936, -0.010620, -18.310550, 94.543440, 91.064440,Stair-Up
213434, -0.024414, -1.068116, 0.014526, -31.127924, 93.078600, 94.299300,Stair-Up
213454, 0.014648, -0.987427, 0.022339, -34.301760, 70.983900, 92.407200,Stair-Up
213474, 0.043701, -0.859619, 0.012939, -36.743170, 48.583980, 91.918940,Stair-Up
213494, 0.044189, -0.772217, 0.020142, -31.249992, 24.597160, 88.378900,Stair-Up
213514, 0.017456, -0.728638, 0.010742, -21.606440, 5.310058, 83.862300,Stair-Up
213534, -0.024048, -0.730835, 0.002808, -15.319820, -7.507323, 77.270520,Stair-Up
213554, -0.050903, -0.726074, 0.017334, -13.122556, -15.869140, 69.091800,Stair-Up
213574, -0.099487, -0.696289, 0.029419, -11.962890, -16.601568, 59.936520,Stair-Up
213594, -0.137451, -0.676270, 0.027344, -10.803220, -10.925290, 50.170890,Stair-Up
213614, -0.147583, -0.677856, 0.019409, -9.277344, -2.685546, 39.062500,Stair-Up
213634, -0.143066, -0.704346, 0.013916, -8.483890, 5.310058, 27.526850,Stair-Up
213654, -0.129395, -0.725342, 0.019409, -9.155274, 11.596676, 16.052250,Stair-Up
213674, -0.119385, -0.731201, 0.037476, -7.324218, 23.559568, 0.427246,Stair-Up
213694, -0.111206, -0.776612, 0.049072, -5.004884, 30.212400, -7.507323,Stair-Up
213714, -0.133423, -0.817749, 0.027222, -3.173828, 36.315920, -17.639160,Stair-Up
213734, -0.149780, -0.853394, -0.041626, 1.342773, 42.114250, -24.902340,Stair-Up
213754, -0.182983, -0.914185, -0.105469, 5.737304, 43.518060, -36.132820,Stair-Up
213774, -0.189453, -0.940796, -0.112915, 6.591796, 43.518060, -46.569820,Stair-Up
213794, -0.243652, -0.870117, -0.178833, 12.512204, 44.067380, -57.861320,Stair-Up
213814, -0.350098, -0.884766, -0.280762, 25.634760, 63.049300, -67.016600,Stair-Up
213834, -0.302612, -0.958252, -0.286133, 23.559568, 87.341300, -68.176280,Stair-Up
213854, -0.275391, -0.969360, -0.261230, 23.010250, 102.966300, -68.969740,Stair-Up
213874, -0.278931, -1.007202, -0.231323, 21.179192, 114.685040, -69.641120,Stair-Up
213894, -0.223877, -1.023926, -0.217285, 13.061520, 111.206040, -66.345240,Stair-Up
213914, -0.161987, -0.981812, -0.244629, 11.047360, 97.290020, -62.683100,Stair-Up
213934, -0.097900, -0.961914, -0.245728, 9.826660, 76.904300, -55.297840,Stair-Up
213954, -0.062622, -0.975708, -0.240479, 11.901852, 47.180160, -49.316400,Stair-Up
213974, -0.101685, -1.032349, -0.232300, 12.207030, 16.662600, -44.555660,Stair-Up
213994, -0.107788, -1.070801, -0.186035, 7.263182, -4.821778, -37.841800,Stair-Up
214014, -0.038086, -1.102295, -0.142578, 5.493162, -24.597160, -27.160640,Stair-Up
214034, -0.089355, -1.258057, -0.109375, 11.657712, -44.616690, -17.883300,Stair-Up
214054, -0.069824, -1.447632, -0.109985, 7.080076, -61.462400, -10.253904,Stair-Up
214074, -0.017578, -1.471924, -0.151001, -1.464844, -83.435040, -2.197266,Stair-Up
214094, -0.012329, -1.296387, -0.181641, -5.310058, -108.764640, 5.310058,Stair-Up
214114, -0.086548, -1.067627, -0.200317, 3.295898, -124.267560, 17.395020,Stair-Up
214134, -0.270020, -0.871704, -0.213623, 9.521484, -108.703600, 25.451652,Stair-Up
214154, -0.361816, -0.895874, -0.235474, 9.460450, -73.120140, 29.357908,Stair-Up
214174, -0.301270, -0.904419, -0.264038, -2.441407, -29.541010, 32.043460,Stair-Up
214194, -0.159424, -0.818115, -0.281860, -12.390136, 0.976562, 34.118660,Stair-Up
214214, -0.081421, -0.729614, -0.291260, -10.070800, 18.554690, 31.372068,Stair-Up
214234, -0.019165, -0.741455, -0.283203, -7.324218, 25.817870, 25.817870,Stair-Up
214254, 0.012329, -0.775269, -0.246338, -7.202148, 22.888180, 15.991210,Stair-Up
214274, 0.032471, -0.812012, -0.192749, -6.347656, 10.253904, 1.770019,Stair-Up
214294, 0.052856, -0.896118, -0.192383, -1.281738, -6.225584, -11.352536,Stair-Up
214314, 0.090698, -0.981812, -0.208374, -2.563476, -29.235832, -18.859868,Stair-Up
214334, 0.081787, -0.978394, -0.202393, 3.967285, -70.129400, -19.470220,Stair-Up
214354, 0.000854, -0.938354, -0.211060, 7.324218, -82.458480, -22.216790,Stair-Up
214374, -0.067017, -0.909424, -0.239502, 12.512204, -78.796400, -20.263670,Stair-Up
214394, -0.136230, -0.870972, -0.252564, 14.892576, -65.307640, -21.850580,Stair-Up
214414, -0.182739, -0.864746, -0.228272, 16.662600, -46.020500, -23.559568,Stair-Up
214434, -0.212769, -0.844116, -0.203125, 13.916012, -24.169920, -27.465816,Stair-Up
214454, -0.214355, -0.827026, -0.188477, 13.122556, -0.793457, -30.578610,Stair-Up
214474, -0.165161, -0.828125, -0.181030, 13.183590, 15.930172, -32.775880,Stair-Up
214494, -0.142212, -0.842285, -0.190796, 16.418460, 23.132320, -34.912120,Stair-Up
214514, -0.135254, -0.879517, -0.197388, 19.531250, 24.169920, -38.269050,Stair-Up
214534, -0.116821, -0.901978, -0.202515, 22.155760, 19.592290, -41.931140,Stair-Up
214554, -0.116577, -0.926148, -0.192017, 26.000970, 11.291500, -45.043940,Stair-Up
214574, -0.135620, -0.926392, -0.194946, 27.038570, 7.873534, -44.860830,Stair-Up
214594, -0.139893, -0.936402, -0.215698, 28.686520, 5.798338, -43.701160,Stair-Up
214614, -0.153564, -0.949707, -0.232666, 28.259270, 3.967285, -40.893540,Stair-Up
214634, -0.152100, -0.949707, -0.247681, 28.381340, 1.586914, -37.414560,Stair-Up
214654, -0.158447, -0.978272, -0.252441, 30.761716, -1.586914, -34.179700,Stair-Up
214674, -0.161499, -1.037598, -0.260498, 30.639640, -2.502442, -29.296870,Stair-Up
214694, -0.144775, -1.089722, -0.256592, 27.221676, -4.333496, -22.399900,Stair-Up
214714, -0.121216, -1.120606, -0.230103, 25.512690, -12.817380, -16.174320,Stair-Up
214734, -0.148804, -1.254883, -0.224731, 33.447270, -21.545408, -12.390136,Stair-Up
214754, -0.187622, -1.469727, -0.256104, 30.334470, -22.827140, -10.437010,Stair-Up
214774, -0.184326, -1.628906, -0.254272, 19.592290, -29.357908, -13.366696,Stair-Up
214794, -0.197510, -1.594482, -0.239014, 2.868652, -34.851080, -13.793944,Stair-Up
214814, -0.173706, -1.217652, -0.227783, -21.362300, -33.935560, 0.122070,Stair-Up
214834, -0.161865, -0.756958, -0.251709, -21.240230, -28.869624, 21.606440,Stair-Up
214854, -0.216797, -0.531372, -0.291016, -2.136231, -17.944340, 44.616690,Stair-Up
214874, -0.305786, -0.600830, -0.286865, 10.681150, 4.333496, 60.424800,Stair-Up
214894, -0.351440, -0.781128, -0.257324, 10.620116, 37.597660, 67.932140,Stair-Up
214914, -0.358887, -0.960694, -0.216309, 4.394532, 69.702160, 66.772460,Stair-Up
214934, -0.296997, -1.203003, -0.117310, -7.080076, 93.627900, 60.791000,Stair-Up
214954, -0.189453, -1.354736, -0.007813, -32.897960, 106.628400, 53.222640,Stair-Up
214974, -0.036987, -1.332520, 0.038086, -53.710930, 101.867660, 51.269520,Stair-Up
214994, 0.088257, -1.232056, 0.005249, -60.241690, 61.828600, 54.077140,Stair-Up
215014, 0.134033, -1.124390, -0.011230, -60.607900, 27.709956, 60.241690,Stair-Up
215034, 0.098877, -1.015747, -0.028198, -47.119130, -5.920409, 63.964840,Stair-Up
215054, -0.000366, -0.994263, -0.016113, -37.597660, -27.404780, 66.162120,Stair-Up
215074, -0.079346, -0.969849, -0.005127, -32.836920, -34.851080, 66.650400,Stair-Up
215094, -0.136719, -0.960083, -0.008179, -27.465816, -30.273430, 63.659660,Stair-Up
215114, -0.156006, -1.001709, -0.005127, -25.512690, -15.380856, 61.035140,Stair-Up
215134, -0.132080, -1.022950, 0.005249, -29.479976, 2.258301, 58.593740,Stair-Up
215154, -0.123169, -0.981201, 0.007690, -31.494136, 18.249516, 55.236800,Stair-Up
215174, -0.110840, -0.957031, 0.013672, -29.418940, 30.822750, 49.316400,Stair-Up
215194, -0.084839, -0.941528, 0.017456, -28.076170, 36.987310, 42.175280,Stair-Up
215214, -0.084961, -0.902954, 0.010864, -21.606440, 39.184580, 28.076170,Stair-Up
215234, -0.082153, -0.893433, 0.012573, -17.822270, 41.809080, 19.897460,Stair-Up
215254, -0.082520, -0.903442, 0.003540, -12.207030, 44.433580, 11.779784,Stair-Up
215274, -0.093628, -0.918457, -0.014038, -9.338380, 47.546380, 4.089356,Stair-Up
215294, -0.095215, -0.926636, -0.037231, -4.272462, 51.757800, -3.540038,Stair-Up
215314, -0.085449, -0.968018, -0.063599, 2.624511, 55.786120, -10.925290,Stair-Up
215334, -0.075684, -1.048462, -0.089722, 8.178714, 61.279280, -17.089850,Stair-Up
215354, -0.043213, -1.135132, -0.093262, 11.840818, 64.819340, -22.338860,Stair-Up
215374, 0.003662, -1.223755, -0.086548, 15.624996, 62.133780, -28.808590,Stair-Up
215394, 0.067017, -1.343262, -0.082764, 24.108880, 51.208480, -37.109380,Stair-Up
215414, 0.139282, -1.531006, -0.077881, 30.639640, 29.907220, -49.255360,Stair-Up
215434, 0.131958, -1.617798, -0.099487, 21.179192, -7.019042, -69.030760,Stair-Up
215454, 0.078491, -1.444702, -0.159302, 20.996090, -33.020020, -85.998520,Stair-Up
215474, 0.027832, -1.301270, -0.232056, 31.066890, -45.959460, -98.999000,Stair-Up
215494, 0.033081, -1.209473, -0.307129, 33.996590, -48.767080, -101.257300,Stair-Up
215514, -0.006592, -1.109497, -0.315674, 34.851080, -40.405260, -98.937960,Stair-Up
215534, -0.040283, -1.000122, -0.294312, 29.663080, -19.714360, -90.148900,Stair-Up
215554, -0.058716, -0.899414, -0.291260, 28.137200, 2.441407, -81.481900,Stair-Up
215574, -0.054810, -0.876343, -0.303833, 29.357908, 18.676760, -76.416040,Stair-Up
215594, 0.013672, -0.908447, -0.315308, 29.296870, 22.155760, -71.533200,Stair-Up
215614, 0.065674, -0.959473, -0.294556, 26.428220, 13.671872, -66.589360,Stair-Up
215634, 0.092529, -0.958252, -0.249512, 17.395020, 2.685546, -55.847160,Stair-Up
215654, 0.096924, -0.828491, -0.213135, 7.080076, -19.409180, -37.597660,Stair-Up
215674, 0.058838, -0.777954, -0.224854, 7.202148, -31.921380, -26.672360,Stair-Up
215694, 0.024048, -0.760864, -0.242188, 7.629394, -40.588370, -17.700200,Stair-Up
215714, 0.007324, -0.730957, -0.251587, 6.530760, -44.433580, -9.338380,Stair-Up
215734, -0.021484, -0.705322, -0.247192, 7.385252, -47.058100, -2.807617,Stair-Up
215754, -0.041870, -0.714722, -0.219360, 7.324218, -48.095700, 1.464844,Stair-Up
215774, -0.025269, -0.726807, -0.187134, 4.333496, -50.292960, 5.676268,Stair-Up
215794, -0.017578, -0.720825, -0.176392, 3.479003, -57.617180, 9.033204,Stair-Up
215814, -0.025757, -0.756714, -0.184082, 2.868652, -74.829100, 11.779784,Stair-Up
215834, -0.108765, -0.753540, -0.191650, 5.920409, -74.462900, 9.521484,Stair-Up
215854, -0.073975, -0.817139, -0.175049, 5.554198, -70.434580, 19.348150,Stair-Up
215874, -0.076660, -0.768188, -0.189331, 8.361816, -78.491220, 22.644040,Stair-Up
215894, -0.124146, -0.848022, -0.208618, 16.540530, -72.937020, 24.047850,Stair-Up
215914, -0.136719, -0.920654, -0.227905, 13.122556, -59.204090, 27.770990,Stair-Up
215934, -0.136353, -0.917603, -0.245117, 11.718748, -50.903310, 27.038570,Stair-Up
215954, -0.185181, -0.912598, -0.249634, 14.709470, -40.405260, 23.254390,Stair-Up
215974, -0.183594, -0.941650, -0.277588, 16.784670, -23.437492, 20.629880,Stair-Up
215994, -0.098877, -0.911621, -0.306885, 15.808104, -17.333990, 18.371584,Stair-Up
216014, -0.151733, -0.925293, -0.314575, 26.367180, -8.300784, 11.474608,Stair-Up
216034, -0.145996, -1.000732, -0.295410, 18.554690, 0.793457, 0.122070,Stair-Up
216054, -0.145142, -1.066284, -0.265259, 25.268550, 25.695796, 5.920409,Stair-Up
216074, -0.114624, -1.199463, -0.241211, 14.587400, 45.043940, 23.803708,Stair-Up
216094, 0.068726, -1.050660, -0.227417, 20.141600, 14.587400, 4.272462,Stair-Up
216114, -0.101074, -1.428345, -0.168701, 34.973150, 36.132820, 33.142100,Stair-Up
216134, 0.039673, -1.547730, -0.190308, 19.714360, 2.929687, -9.521484,Stair-Up
216154, -0.052856, -1.762329, -0.203125, 33.081060, -7.751464, -4.455568,Stair-Up
216174, -0.050781, -1.784912, -0.177124, 4.760742, -10.742184, -14.892576,Stair-Up
216194, -0.034424, -1.430908, -0.189575, 1.586914, -14.892576, -22.705070,Stair-Up
216214, -0.197876, -1.366944, -0.197144, 0.183105, 10.620116, 10.437010,Stair-Up
216234, -0.138184, -1.158204, -0.207642, -14.221190, 43.457020, 37.780760,Stair-Up
216254, -0.110474, -0.883667, -0.210815, -7.141112, 39.550780, 21.240230,Stair-Up
216274, -0.173340, -1.002564, -0.186768, 5.432128, 55.114740, 43.762200,Stair-Up
216294, -0.135010, -0.960816, -0.170166, -17.150880, 67.932140, 50.720200,Stair-Up
216314, -0.105957, -0.798828, -0.142456, -15.014646, 74.401860, 61.218250,Stair-Up
216334, -0.065552, -0.825195, -0.125610, -16.601568, 73.120140, 65.979020,Stair-Up
216354, -0.043335, -0.797608, -0.113403, -24.963376, 66.284200, 68.908700,Stair-Up
216374, -0.030518, -0.737549, -0.104004, -24.536130, 52.368160, 67.321800,Stair-Up
216394, -0.065308, -0.728882, -0.096802, -21.667476, 40.222160, 62.072740,Stair-Up
216414, -0.088135, -0.753540, -0.081787, -21.667476, 33.264160, 56.396480,Stair-Up
216434, -0.090088, -0.788696, -0.083862, -23.376460, 27.343748, 51.025380,Stair-Up
216454, -0.090454, -0.801636, -0.079834, -26.000970, 18.676760, 44.128410,Stair-Up
216474, -0.089600, -0.813477, -0.071777, -25.146480, 10.009768, 36.987310,Stair-Up
216494, -0.109985, -0.856201, -0.066895, -22.583000, 4.699708, 29.541010,Stair-Up
216514, -0.098755, -0.921143, -0.051514, -23.315424, -0.122070, 22.155760,Stair-Up
216534, -0.087891, -0.905518, -0.027710, -25.756830, -10.803220, 11.596676,Stair-Up
216554, -0.086304, -0.889771, -0.033325, -20.935052, -14.038084, 7.080076,Stair-Up
216574, -0.105225, -0.930298, -0.058350, -15.075680, -14.709470, 2.441407,Stair-Up
216594, -0.116699, -1.010010, -0.070068, -11.474608, -11.779784, -1.464844,Stair-Up
216614, -0.099121, -1.037110, -0.057617, -14.160152, -9.155274, -4.577638,Stair-Up
216634, -0.102905, -1.017944, -0.056519, -10.253904, -5.920409, -8.789064,Stair-Up
216654, -0.113892, -1.096802, -0.075073, 0.610352, 1.159668, -13.549804,Stair-Up
216674, -0.073608, -1.274170, -0.095947, 4.821778, 8.911134, -17.883300,Stair-Up
216694, -0.044312, -1.365967, -0.101318, -1.281738, 15.624996, -21.606440,Stair-Up
216714, -0.025879, -1.371704, -0.085327, -3.051757, 20.202630, -25.939940,Stair-Up
216734, 0.058228, -1.430298, -0.036499, 1.525878, 19.470220, -32.714850,Stair-Up
216754, 0.236084, -1.553711, 0.074951, -3.112792, -0.732422, -44.372550,Stair-Up
216774, 0.273804, -1.479980, 0.077637, -3.234863, -27.282710, -54.565420,Stair-Up
216794, 0.184326, -1.387207, 0.017578, 4.455568, -54.687490, -68.054200,Stair-Up
216814, 0.108154, -1.260864, -0.066528, 9.765626, -66.345240, -77.453620,Stair-Up
216834, 0.105225, -1.081421, -0.146729, 15.014646, -64.392100, -80.688460,Stair-Up
216854, 0.063477, -0.926270, -0.201294, 19.958500, -47.058100, -73.913600,Stair-Up
216874, 0.031616, -0.818360, -0.189941, 23.986810, -23.681636, -66.833500,Stair-Up
216894, -0.065918, -0.829590, -0.125732, 25.451652, -2.014160, -66.223160,Stair-Up
216914, -0.061401, -0.796265, -0.094360, 14.709470, 15.991210, -70.495620,Stair-Up
216934, 0.068970, -0.726807, -0.113525, 14.587400, 21.118160, -70.983900,Stair-Up
216954, 0.078857, -0.708984, -0.139771, 18.981940, 10.009768, -65.856940,Stair-Up
216974, 0.051147, -0.618042, -0.145508, 24.353020, -15.014646, -59.265120,Stair-Up
216994, -0.001221, -0.580811, -0.157715, 36.499030, -29.785150, -55.358880,Stair-Up
217014, -0.041138, -0.631104, -0.162476, 43.884270, -36.621100, -52.368160,Stair-Up
217034, -0.028320, -0.690186, -0.139038, 42.663560, -38.635260, -47.363270,Stair-Up
217054, -0.065918, -0.725586, -0.114258, 38.452160, -40.039070, -44.006340,Stair-Up
217074, -0.123169, -0.747437, -0.107422, 34.057620, -39.367680, -43.945300,Stair-Up
217094, -0.116211, -0.787964, -0.109009, 32.714850, -40.832510, -45.959460,Stair-Up
217114, -0.061768, -0.858154, -0.120850, 33.813480, -48.828120, -48.828120,Stair-Up
217134, -0.013672, -0.922486, -0.144897, 34.057620, -63.842760, -48.950180,Stair-Up
217154, 0.000610, -0.980713, -0.182617, 40.100100, -87.646460, -49.926750,Stair-Up
217174, -0.083740, -1.073608, -0.214844, 44.799800, -104.370100, -50.781240,Stair-Up
217194, -0.175415, -1.143433, -0.262695, 36.743170, -103.820780, -44.677720,Stair-Up
217214, -0.147339, -1.114746, -0.290161, 36.621100, -103.210440, -37.414560,Stair-Up
217234, -0.219482, -1.141480, -0.297852, 36.254890, -97.900360, -26.306150,Stair-Up
217254, -0.281006, -1.161866, -0.295532, 27.709956, -76.477060, -11.718748,Stair-Up
217274, -0.233276, -1.162598, -0.321899, 25.207516, -58.349600, 3.356933,Stair-Up
217294, -0.232788, -1.256226, -0.336792, 26.245110, -43.640120, 15.930172,Stair-Up
217314, -0.204834, -1.339722, -0.312866, 17.639160, -26.428220, 29.235832,Stair-Up
217334, -0.190308, -1.342286, -0.311401, 13.305660, -14.709470, 37.414560,Stair-Up
217354, -0.223267, -1.397828, -0.334717, 18.493652, -1.159668, 43.884270,Stair-Up
217374, -0.242310, -1.654175, -0.340332, 25.390620, 16.662600, 47.424300,Stair-Up
217394, -0.230347, -1.859253, -0.280396, 1.342773, 39.672860, 50.781240,Stair-Up
217414, -0.120483, -1.436036, -0.200806, -36.743170, 57.128900, 64.697280,Stair-Up
217434, -0.144287, -1.176148, -0.180786, -32.958990, 66.040040, 76.599140,Stair-Up
217454, -0.129883, -1.092774, -0.159546, -32.958990, 79.834000, 92.712380,Stair-Up
217474, -0.056519, -1.114380, -0.123413, -28.991692, 79.406740, 103.088360,Stair-Up
217494, -0.102783, -1.201538, -0.082275, -33.081060, 85.327140, 106.384260,Stair-Up
217514, 0.000732, -1.210450, -0.018188, -46.813960, 75.683600, 109.924300,Stair-Up
217534, 0.006470, -1.079834, 0.008057, -48.034660, 58.532700, 108.642560,Stair-Up
217554, -0.023315, -1.016236, -0.008057, -43.945300, 49.621580, 107.360820,Stair-Up
217574, -0.019897, -0.972290, -0.023560, -43.395980, 43.273920, 106.567360,Stair-Up
217594, 0.014038, -0.896851, 0.001099, -44.555660, 35.156260, 107.055640,Stair-Up
217614, -0.015869, -0.802612, 0.013184, -42.663560, 28.686520, 106.872540,Stair-Up
217634, -0.079224, -0.729492, 0.008057, -38.513190, 29.724120, 104.248040,Stair-Up
217654, -0.082397, -0.740845, 0.016846, -36.132820, 32.958990, 99.487300,Stair-Up
217674, -0.071045, -0.752808, 0.028320, -38.818360, 35.095220, 93.994120,Stair-Up
217694, -0.065186, -0.733398, 0.024536, -36.804200, 34.790040, 85.205060,Stair-Up
217714, -0.086426, -0.774170, -0.017700, -29.296870, 35.400400, 73.425300,Stair-Up
217734, -0.113647, -0.865845, -0.061523, -24.291990, 42.175280, 61.889640,Stair-Up
217754, -0.080688, -0.889526, -0.033569, -29.846190, 46.997060, 51.208480,Stair-Up
217774, -0.063477, -0.833008, 0.009888, -25.695796, 47.180160, 39.001470,Stair-Up
217794, -0.077026, -0.831787, 0.028076, -19.592290, 48.095700, 26.733390,Stair-Up
217814, -0.083740, -0.848022, 0.008423, -15.258788, 49.255360, 12.817380,Stair-Up
217834, -0.074463, -0.854492, -0.024170, -10.375976, 45.410140, -1.525878,Stair-Up
217854, -0.057495, -0.843262, -0.043579, 1.892090, 32.897960, -23.437492,Stair-Up
217874, -0.062134, -0.868286, -0.047607, 11.779784, 28.076170, -34.240730,Stair-Up
217894, -0.069336, -0.930542, -0.046509, 19.226080, 26.245110, -43.823240,Stair-Up
217914, -0.074219, -1.043579, -0.080078, 30.883784, 27.221676, -54.016100,Stair-Up
217934, -0.062988, -1.227173, -0.095703, 36.132820, 29.174800, -64.758300,Stair-Up
217954, -0.010986, -1.347534, -0.093262, 31.555170, 30.456540, -72.265640,Stair-Up
217974, 0.032959, -1.377076, -0.053223, 33.264160, 22.583000, -80.749500,Stair-Up
217994, 0.060303, -1.493408, -0.055786, 42.419420, 16.357424, -90.576160,Stair-Up
218014, 0.051147, -1.605835, -0.117798, 37.597660, 13.366696, -96.008280,Stair-Up
218034, 0.031006, -1.507935, -0.175293, 27.587884, 7.934570, -100.952120,Stair-Up
218054, 0.079834, -1.336670, -0.283081, 30.273430, 9.033204, -99.914540,Stair-Up
218074, 0.016968, -1.104736, -0.353149, 18.737796, -0.976562, -72.937020,Stair-Up
218094, -0.108398, -0.875000, -0.324585, 18.432620, -16.174320, -66.406260,Stair-Up
218114, -0.182251, -0.788818, -0.319946, 24.414060, -20.996090, -62.011710,Stair-Up
218134, -0.136963, -0.817139, -0.357666, 26.245110, -18.737796, -54.077140,Stair-Up
218154, -0.034790, -0.904053, -0.381348, 20.751950, -23.071284, -43.701160,Stair-Up
218174, 0.024780, -0.877564, -0.323242, 9.094240, -41.198720, -34.545900,Stair-Up
218194, -0.025024, -0.814087, -0.256470, 9.094240, -51.818840, -24.658200,Stair-Up
218214, -0.043579, -0.815552, -0.219605, 8.117676, -53.161610, -16.845708,Stair-Up
218234, -0.060303, -0.805542, -0.239990, 9.948730, -47.912590, -11.474608,Stair-Up
218254, -0.031250, -0.798950, -0.301758, 12.329100, -40.405260, -9.765626,Stair-Up
218274, 0.032227, -0.800781, -0.317627, 14.587400, -39.550780, -9.948730,Stair-Up
218294, -0.044189, -0.761230, -0.232788, 23.010250, -55.358880, -25.390620,Stair-Up
218314, -0.157349, -0.857544, -0.207764, 25.451652, -40.039070, -19.958500,Stair-Up
218334, -0.019409, -0.804077, -0.247559, 18.066410, -43.029780, -24.475090,Stair-Up
218354, -0.045044, -0.777222, -0.257446, 28.259270, -56.091300, -29.113768,Stair-Up
218374, -0.090942, -0.835571, -0.261108, 28.808590, -60.974110, -30.517570,Stair-Up
218394, -0.133789, -0.820312, -0.287598, 29.235832, -60.241690, -30.761716,Stair-Up
218414, -0.223755, -0.823364, -0.275024, 32.592780, -44.311520, -33.386240,Stair-Up
218434, -0.181274, -0.861206, -0.269775, 28.015130, -19.958500, -28.686520,Stair-Up
218454, -0.114746, -0.847046, -0.268311, 27.893060, -11.596676, -29.418940,Stair-Up
218474, -0.137329, -0.886353, -0.287842, 36.010750, -5.859374, -31.738280,Stair-Up
218494, -0.100586, -0.979858, -0.262695, 34.790040, 3.173828, -29.541010,Stair-Up
218514, 0.033081, -1.023682, -0.185181, 32.592780, 10.192870, -20.874020,Stair-Up
218534, 0.025879, -1.099366, -0.171997, 32.226570, 4.211426, -17.883300,Stair-Up
218554, 0.057983, -1.174805, -0.191895, 28.869624, -9.521484, -14.343260,Stair-Up
218574, 0.054810, -1.202515, -0.234375, 27.038570, -34.118660, -14.648436,Stair-Up
218594, 0.042480, -1.200562, -0.242676, 28.198240, -58.349600, -15.624996,Stair-Up
218614, 0.059692, -1.265625, -0.205688, 36.132820, -79.101560, -14.221190,Stair-Up
218634, -0.016357, -1.510376, -0.219971, 52.307120, -90.332000, -14.953610,Stair-Up
218654, -0.170532, -1.906860, -0.318115, 41.503900, -87.219220, -14.709470,Stair-Up
218674, -0.220581, -1.890992, -0.310059, 0.854492, -74.829100, -13.732908,Stair-Up
218694, -0.193726, -1.514160, -0.274170, -15.991210, -59.631340, -5.065916,Stair-Up
218714, -0.193604, -1.261963, -0.237427, -20.446770, -41.625960, 14.221190,Stair-Up
218734, -0.182129, -1.051392, -0.216797, -18.005376, -3.845214, 50.231920,Stair-Up
218754, -0.162354, -1.128052, -0.188965, -12.756344, 5.432128, 66.040040,Stair-Up
218774, -0.209717, -1.144654, -0.148682, -22.338860, 13.549804, 74.035660,Stair-Up
218794, -0.207031, -1.040406, -0.104248, -28.808590, 26.489250, 81.787100,Stair-Up
218814, -0.175049, -0.947510, -0.064819, -29.052730, 36.743170, 86.059560,Stair-Up
218834, -0.153809, -0.884278, -0.031616, -30.151360, 46.813960, 90.881340,Stair-Up
218854, -0.145874, -0.811890, -0.011841, -31.066890, 57.128900, 94.482400,Stair-Up
218874, -0.144653, -0.763794, -0.000488, -28.686520, 64.025900, 94.848600,Stair-Up
218894, -0.132446, -0.748291, 0.020142, -27.160640, 67.993180, 93.017560,Stair-Up
218914, -0.126953, -0.741944, 0.043823, -26.367180, 71.044940, 89.782700,Stair-Up
218934, -0.116943, -0.754883, 0.070190, -25.146480, 73.486340, 84.533660,Stair-Up
218954, -0.081299, -0.821411, 0.096558, -26.306150, 74.035660, 75.378440,Stair-Up
218974, -0.048096, -0.825684, 0.117432, -29.968260, 70.678720, 69.641120,Stair-Up
218994, -0.020508, -0.829834, 0.128784, -28.320310, 64.392100, 63.354480,Stair-Up
219014, -0.005127, -0.882935, 0.116089, -22.888180, 58.044420, 57.617180,Stair-Up
219034, -0.003540, -0.944092, 0.092529, -23.742670, 52.978500, 50.964340,Stair-Up
219054, 0.002197, -0.951904, 0.074585, -23.010250, 44.433580, 42.907700,Stair-Up
219074, -0.029541, -0.942383, 0.062012, -18.066410, 35.766600, 31.494136,Stair-Up
219094, -0.057129, -0.931885, 0.039185, -12.451170, 34.729010, 22.399900,Stair-Up
219114, -0.058716, -0.952759, 0.017334, -5.126952, 39.672860, 16.052250,Stair-Up
219134, -0.033691, -1.018311, 0.008179, 1.464844, 50.720200, 12.756344,Stair-Up
219154, -0.025757, -1.143188, -0.009644, 5.187988, 62.316880, 11.291500,Stair-Up
219174, -0.034668, -1.336792, -0.058716, 2.685546, 78.308120, 1.831054,Stair-Up
219194, 0.002075, -1.403320, -0.090820, -5.004884, 87.219220, -6.225584,Stair-Up
219214, 0.053589, -1.420776, -0.099121, -11.108396, 86.425760, -14.099120,Stair-Up
219234, 0.131958, -1.409912, -0.110718, -10.559080, 69.152840, -26.550290,Stair-Up
219254, 0.166504, -1.371704, -0.129150, -4.211426, 42.541500, -41.687000,Stair-Up
219274, 0.161011, -1.297120, -0.212280, 5.004884, 12.512204, -50.537100,Stair-Up
219294, 0.155029, -1.199829, -0.293091, 15.319820, -19.287110, -60.485830,Stair-Up
219314, 0.091797, -1.084228, -0.339356, 24.230950, -41.259760, -63.903800,Stair-Up
219334, -0.042480, -0.980591, -0.353149, 26.855464, -39.611820, -60.913080,Stair-Up
219354, -0.067749, -0.896606, -0.331909, 25.207516, -23.986810, -59.143060,Stair-Up
219374, -0.038940, -0.867432, -0.275635, 24.536130, -6.225584, -55.969230,Stair-Up
219394, 0.042114, -0.845947, -0.245483, 17.150880, 8.483890, -46.752920,Stair-Up
219414, 0.052979, -0.807495, -0.229492, 17.578130, 3.112792, -44.433580,Stair-Up
219434, 0.057129, -0.777832, -0.200562, 18.066410, -11.169430, -41.992180,Stair-Up
219454, 0.039917, -0.713501, -0.190552, 18.737796, -27.343748, -40.344230,Stair-Up
219474, 0.017944, -0.649170, -0.208862, 23.132320, -41.687000, -39.672860,Stair-Up
219494, -0.025513, -0.631958, -0.237061, 31.188960, -52.612300, -40.832510,Stair-Up
219514, -0.042114, -0.652100, -0.217163, 35.034180, -54.748520, -42.175280,Stair-Up
219534, -0.017578, -0.650513, -0.163208, 35.278320, -48.339840, -38.635260,Stair-Up
219554, -0.062744, -0.677856, -0.133545, 35.827640, -34.851080, -31.982420,Stair-Up
219574, -0.135376, -0.760864, -0.133301, 32.653820, -19.165040, -27.343748,Stair-Up
219594, -0.122192, -0.828369, -0.150147, 28.442380, -10.009768, -27.404780,Stair-Up
219614, -0.025757, -0.913696, -0.195068, 34.057620, -19.226080, -32.348640,Stair-Up
219634, 0.050659, -0.917603, -0.186523, 32.653820, -50.170890, -49.560540,Stair-Up
219654, -0.033203, -0.941528, -0.172974, 52.734360, -53.283680, -41.381820,Stair-Up
219674, -0.162354, -1.090210, -0.179565, 39.550780, -32.165540, -26.550290,Stair-Up
219694, -0.092163, -0.979004, -0.234253, 30.212400, -31.738280, -26.306150,Stair-Up
219714, -0.041626, -0.923828, -0.267334, 45.715320, -53.588860, -45.410140,Stair-Up
219734, -0.103638, -1.066650, -0.257935, 46.691880, -58.654780, -39.489750,Stair-Up
219754, -0.176758, -1.088135, -0.273682, 37.536620, -51.269520, -36.010750,Stair-Up
219774, -0.182495, -1.122559, -0.297852, 37.658700, -44.189440, -36.499030,Stair-Up
219794, -0.140991, -1.175293, -0.325073, 33.508300, -44.921860, -38.024910,Stair-Up
219814, -0.118530, -1.188599, -0.312500, 29.602044, -61.767570, -29.296870,Stair-Up
219834, -0.140625, -1.213990, -0.299316, 30.273430, -45.532220, -22.216790,Stair-Up
219854, -0.151855, -1.336914, -0.316406, 35.705570, -39.306640, -16.418460,Stair-Up
219874, -0.168213, -1.568360, -0.335327, 35.339360, -32.775880, -12.695310,Stair-Up
219894, -0.196899, -1.718262, -0.341187, 20.874020, -25.390620, -10.253904,Stair-Up
219914, -0.165161, -1.691650, -0.277466, -0.427246, -16.906740, -2.563476,Stair-Up
219934, -0.078369, -1.422852, -0.251099, -17.333990, -10.192870, 18.005376,Stair-Up
219954, -0.086182, -1.191650, -0.251465, -20.629880, -5.371092, 41.625960,Stair-Up
219974, -0.122559, -1.077026, -0.210693, -20.629880, 4.638672, 62.927240,Stair-Up
219994, -0.083618, -1.094482, -0.143799, -20.385740, 7.812498, 77.819840,Stair-Up
220014, -0.068115, -1.118164, -0.099976, -23.254390, 3.967285, 88.012680,Stair-Up
220034, -0.047607, -1.102539, -0.064697, -46.752920, -4.089356, 97.290020,Stair-Up
220054, -0.005371, -1.040162, 0.016235, -30.517570, -13.854978, 99.975560,Stair-Up
220074, -0.071045, -1.000732, 0.031860, -30.578610, -17.456060, 98.999000,Stair-Up
220094, -0.103760, -0.943726, 0.048950, -32.836920, -14.038084, 96.679660,Stair-Up
220114, -0.081299, -0.846314, 0.075928, -34.729010, -10.375976, 93.749980,Stair-Up
220134, -0.089111, -0.731323, 0.074829, -29.174800, -4.821778, 90.393060,Stair-Up
220154, -0.123657, -0.680054, 0.053833, -20.446770, 5.615234, 84.899880,Stair-Up
220174, -0.156250, -0.685669, 0.044189, -13.183590, 19.470220, 77.880860,Stair-Up
220194, -0.179077, -0.720581, 0.062256, -10.986324, 34.484870, 68.664560,Stair-Up
220214, -0.170532, -0.757446, 0.095215, -12.268064, 50.170890, 59.875480,Stair-Up
220234, -0.141113, -0.768677, 0.110962, -15.869140, 63.842760, 51.818840,Stair-Up
220254, -0.129272, -0.805786, 0.096313, -12.084960, 82.763660, 40.588370,Stair-Up
220274, -0.039307, -0.939697, 0.098267, -18.493652, 88.317860, 35.766600,Stair-Up
220294, 0.104736, -0.938843, 0.119263, -19.470220, 64.575200, 29.907220,Stair-Up
220314, 0.103149, -0.944946, 0.091064, -5.554198, 20.263670, 15.991210,Stair-Up
220334, -0.042725, -1.089966, 0.040771, 8.850100, -3.417968, 7.568358,Stair-Up
220354, -0.019531, -1.214722, 0.014404, 4.028321, -16.906740, 0.793457,Stair-Up
220374, -0.034424, -1.208496, -0.004150, 3.479003, -29.724120, -5.126952,Stair-Up
220394, -0.158325, -1.254517, -0.026978, 10.375976, -20.019532, -8.361816,Stair-Up
220414, -0.206421, -1.376099, -0.044189, 4.577638, 11.718748, -8.544924,Stair-Up
220434, -0.201172, -1.398804, -0.068359, -8.300784, 46.264640, -11.535644,Stair-Up
220454, -0.126953, -1.333374, -0.067627, -17.028810, 76.782240, -18.066410,Stair-Up
220474, 0.007568, -1.338990, -0.033447, -17.883300, 91.491680, -31.066890,Stair-Up
220494, 0.061401, -1.217652, -0.067627, -18.432620, 86.547840, -40.954580,Stair-Up
220514, 0.049561, -1.146240, -0.122070, -7.202148, 75.927740, -50.537100,Stair-Up
220534, 0.083618, -1.121460, -0.141113, 2.319336, 58.776840, -58.349600,Stair-Up
220554, 0.110352, -1.031494, -0.139038, 4.516602, 38.269050, -59.082020,Stair-Up
220574, 0.098389, -0.891113, -0.163696, 8.911134, 22.949216, -53.649900,Stair-Up
220594, 0.075195, -0.784912, -0.212280, 11.962890, 21.179192, -40.710440,Stair-Up
220614, 0.100220, -0.726074, -0.258057, 12.329100, 23.925780, -27.893060,Stair-Up
220634, 0.115845, -0.698242, -0.276733, 14.709470, 17.639160, -21.240230,Stair-Up
220654, 0.045288, -0.745606, -0.264404, 16.418460, 6.774902, -23.193352,Stair-Up
220674, 0.016357, -0.774170, -0.239380, 9.704590, 1.281738, -25.939940,Stair-Up
220694, 0.063354, -0.721924, -0.238770, 2.380371, -3.845214, -26.123040,Stair-Up
220714, 0.099976, -0.660522, -0.264526, 10.986324, -13.916012, -22.705070,Stair-Up
220734, 0.061646, -0.722412, -0.290039, 16.967780, -26.245110, -26.550290,Stair-Up
220754, 0.023804, -0.779297, -0.278198, 16.967780, -34.240730, -27.648920,Stair-Up
220774, -0.000366, -0.787110, -0.250488, 21.667476, -43.151840, -32.226570,Stair-Up
220794, -0.007446, -0.849854, -0.236694, 25.695796, -49.560540, -32.775880,Stair-Up
220814, -0.015503, -0.867920, -0.209351, 26.672360, -57.861320, -38.085940,Stair-Up
220834, -0.124390, -0.911621, -0.212647, 28.625480, -40.832510, -24.291990,Stair-Up
220854, -0.025635, -0.887207, -0.215576, 20.263670, -42.663560, -24.902340,Stair-Up
220874, -0.090332, -0.859986, -0.222168, 30.273430, -43.579090, -20.751950,Stair-Up
220894, -0.115479, -0.913208, -0.204346, 27.770990, -37.719730, -20.019532,Stair-Up
220914, -0.060791, -0.871094, -0.188843, 31.188960, -54.931630, -28.015130,Stair-Up
220934, -0.202271, -0.989990, -0.209595, 33.996590, -42.114250, -17.822270,Stair-Up
220954, -0.147461, -0.987671, -0.210938, 26.000970, -34.118660, -21.301268,Stair-Up
220974, -0.117432, -0.973389, -0.224854, 28.625480, -42.785640, -27.221676,Stair-Up
220994, -0.140625, -1.059570, -0.235230, 36.315920, -46.264640, -30.761716,Stair-Up
221014, -0.138672, -1.176636, -0.228394, 29.357908, -43.212880, -29.602044,Stair-Up
221034, -0.114502, -1.185181, -0.226807, 22.766110, -46.386710, -29.724120,Stair-Up
221054, -0.091553, -1.170776, -0.242554, 30.090330, -56.701650, -34.851080,Stair-Up
221074, -0.176636, -1.329956, -0.246582, 30.456540, -51.940910, -22.827140,Stair-Up
221094, -0.173706, -1.392456, -0.265381, 27.526850, -41.992180, -19.836430,Stair-Up
221114, -0.161011, -1.526612, -0.261719, 32.409680, -41.076650, -25.756830,Stair-Up
221134, -0.237305, -1.646973, -0.233521, 10.559080, -19.897460, -17.700200,Stair-Up
221154, -0.217041, -1.528564, -0.225342, 0.061035, -4.211426, -8.361816,Stair-Up
221174, -0.202148, -1.374512, -0.229492, -11.230468, 6.774902, 2.929687,Stair-Up
221194, -0.197144, -1.145386, -0.212647, -21.057124, 17.700200, 18.371584,Stair-Up
221214, -0.176147, -0.955566, -0.175781, -20.690910, 28.503410, 42.724600,Stair-Up
221234, -0.222534, -0.946411, -0.164307, -8.361816, 40.527340, 53.894040,Stair-Up
221254, -0.194824, -1.036133, -0.159424, -12.390136, 54.321280, 61.767570,Stair-Up
221274, -0.070068, -1.038086, -0.142212, -16.540530, 53.466780, 77.636740,Stair-Up
221294, -0.210449, -0.965576, -0.131714, -24.719230, 57.189930, 73.303240,Stair-Up
221314, -0.144165, -0.920532, -0.091187, -29.296870, 64.209000, 73.669440,Stair-Up
221334, -0.042603, -0.806641, -0.067505, -24.597160, 58.044420, 79.101560,Stair-Up
221354, -0.109131, -0.672486, -0.067505, -30.151360, 55.725090, 76.538100,Stair-Up
221374, -0.098999, -0.669556, -0.080078, -18.676760, 54.626460, 79.101560,Stair-Up
221394, -0.088623, -0.680176, -0.057007, -23.376460, 49.560540, 73.486340,Stair-Up
221414, -0.050659, -0.644409, -0.011353, -21.423332, 45.166000, 72.570800,Stair-Up
221434, -0.072754, -0.675171, 0.013184, -16.540530, 41.870110, 66.101100,Stair-Up
221454, -0.093262, -0.782349, 0.019409, -15.075680, 44.433580, 59.631340,Stair-Up
221474, -0.076782, -0.883301, 0.032471, -23.132320, 47.729480, 52.185050,Stair-Up
221494, -0.045532, -0.922730, 0.049072, -29.663080, 44.006340, 40.893540,Stair-Up
221514, -0.029785, -0.943604, 0.034912, -29.235832, 33.203130, 26.428220,Stair-Up
221534, -0.018433, -1.010986, 0.012207, -25.756830, 20.935052, 12.207030,Stair-Up
221554, 0.007202, -1.025024, 0.000732, -27.648920, 5.249022, 0.305176,Stair-Up
221574, 0.012573, -0.962769, 0.001099, -16.540530, -18.798830, -12.390136,Stair-Up
221594, -0.026733, -1.007812, -0.020020, -3.662109, -23.620600, -16.967780,Stair-Up
221614, -0.064697, -1.127198, -0.042603, 1.037598, -18.859868, -18.554690,Stair-Up
221634, -0.073975, -1.191894, -0.060547, 2.136231, -9.033204, -22.216790,Stair-Up
221654, -0.080566, -1.269532, -0.090332, 6.469726, 2.746581, -25.878900,Stair-Up
221674, -0.070679, -1.399536, -0.100708, 7.629394, 12.451170, -31.555170,Stair-Up
221694, -0.027710, -1.463135, -0.076904, -0.793457, 21.362300, -35.339360,Stair-Up
221714, 0.046021, -1.409790, -0.036865, -6.408690, 26.733390, -33.874520,Stair-Up
221734, 0.120483, -1.446045, 0.002441, -1.892090, 17.822270, -35.644540,Stair-Up
221754, 0.111084, -1.467652, -0.041016, -2.258301, 2.319336, -40.771480,Stair-Up
221774, 0.047852, -1.400269, -0.105835, -3.662109, -13.610836, -49.011220,Stair-Up
221794, 0.044312, -1.110962, -0.187622, -3.356933, -40.405260, -60.241690,Stair-Up
221814, -0.013306, -0.872314, -0.235107, 3.662109, -52.673330, -59.753410,Stair-Up
221834, -0.115723, -0.709717, -0.267944, 14.587400, -47.180160, -52.124020,Stair-Up
221854, -0.156250, -0.674561, -0.292358, 23.742670, -25.329584, -45.043940,Stair-Up
221874, -0.117432, -0.739624, -0.298462, 24.841304, -1.708984, -38.024910,Stair-Up
221894, -0.071411, -0.765991, -0.268066, 16.357424, 10.925290, -32.165540,Stair-Up
221914, -0.068359, -0.733521, -0.222290, 9.460450, 17.089850, -27.954100,Stair-Up
221934, -0.027710, -0.684692, -0.194214, 3.356933, 15.380856, -23.376460,Stair-Up
221954, 0.012207, -0.638062, -0.204224, 4.699708, 4.455568, -19.348150,Stair-Up
221974, 0.036377, -0.648071, -0.234985, 10.070800, -10.070800, -15.930172,Stair-Up
221994, 0.068481, -0.687744, -0.252564, 13.305660, -27.038570, -12.512204,Stair-Up
222014, 0.004883, -0.739136, -0.216675, 17.761230, -47.851560, -11.047360,Stair-Up
222034, -0.036011, -0.796387, -0.191284, 17.211920, -50.598140, -10.803220,Stair-Up
222054, -0.063232, -0.858887, -0.204712, 16.723632, -48.461900, -10.986324,Stair-Up
222074, -0.070435, -0.937256, -0.235474, 14.465330, -45.349110, -11.108396,Stair-Up
222094, -0.037354, -0.949707, -0.246582, 11.596676, -46.936020, -11.169430,Stair-Up
222114, -0.050781, -0.932862, -0.238647, 14.160152, -49.499500, -11.169430,Stair-Up
222134, -0.083862, -0.920654, -0.259033, 16.662600, -46.386710, -8.605960,Stair-Up
222154, -0.110962, -0.912232, -0.283569, 16.540530, -37.902840, -6.286620,Stair-Up
222174, -0.102539, -0.887940, -0.297363, 15.930172, -29.663080, -3.112792,Stair-Up
222194, -0.101807, -0.883057, -0.293213, 14.770504, -23.193352, -0.488281,Stair-Up
222214, -0.086426, -0.873047, -0.279541, 11.169430, -20.935052, 1.770019,Stair-Up
222234, -0.065186, -0.870850, -0.262207, 10.131832, -23.803708, 4.211426,Stair-Up
222254, -0.047852, -0.899902, -0.248413, 6.713866, -29.846190, 5.554198,Stair-Up
222274, -0.028931, -0.903687, -0.234009, 5.065916, -39.306640, 6.469726,Stair-Up
222294, -0.021484, -0.940308, -0.231079, 6.896972, -50.415030, 6.591796,Stair-Up
222314, -0.051147, -0.976807, -0.226196, 4.394532, -57.189930, 4.699708,Stair-Up
222334, -0.061035, -0.968018, -0.235107, 7.141112, -57.922360, 6.408690,Stair-Up
222354, -0.072388, -0.976929, -0.258057, 6.958006, -54.931630, 4.455568,Stair-Up
222374, -0.065063, -0.973633, -0.263794, 8.605960, -51.330560, 5.065916,Stair-Up
222394, -0.068848, -0.964112, -0.248901, 8.117676, -47.241200, 4.516602,Stair-Up
222414, -0.080200, -0.928833, -0.231567, 8.178714, -41.748040, 4.272462,Stair-Up
222434, -0.073242, -0.897339, -0.220825, 11.535644, -38.574220, 0.671386,Stair-Up
222454, -0.089966, -0.939942, -0.240723, 16.601568, -30.883784, -4.089356,Stair-Up
222474, -0.068604, -0.962646, -0.217773, 20.263670, -27.954100, -9.155274,Stair-Up
222494, -0.049927, -1.112793, -0.170288, 30.822750, -27.770990, -17.761230,Stair-Up
222514, -0.070679, -1.320923, -0.158325, 26.916500, -26.062010, -25.817870,Stair-Up
222534, -0.073608, -1.425904, -0.154785, 17.761230, -25.268550, -36.682140,Stair-Up
222554, -0.054443, -1.428711, -0.149414, 7.385252, -30.212400, -45.837400,Stair-Up
222574, -0.047974, -1.293091, -0.133545, -2.197266, -39.245610, -47.729480,Stair-Up
222594, -0.033813, -1.102784, -0.134155, -4.028321, -46.569820, -41.015620,Stair-Up
222614, -0.058228, -0.958618, -0.174805, 0.793457, -45.776360, -27.465816,Stair-Up
222634, -0.076660, -0.882568, -0.204346, 5.676268, -36.438000, -11.230468,Stair-Up
222654, -0.125366, -0.865234, -0.199951, 9.582520, -23.437492, 2.319336,Stair-Up
222674, -0.180542, -0.982910, -0.178711, 10.375976, 2.502442, 11.901852,Stair-Up
222694, -0.137207, -1.090210, -0.143799, -1.342773, 19.165040, 18.554690,Stair-Up
222714, -0.056641, -1.105103, -0.098755, -12.817380, 23.315424, 20.751950,Stair-Up
222734, -0.031860, -1.123291, -0.079224, -19.714360, 19.409180, 22.460930,Stair-Up
222754, 0.007446, -1.116333, -0.089966, -26.977532, 10.925290, 25.146480,Stair-Up
222774, 0.033203, -1.050538, -0.109619, -30.090330, -5.554198, 26.794430,Stair-Up
222794, 0.026245, -0.989990, -0.119263, -26.306150, -23.925780, 28.259270,Stair-Up
222814, -0.014038, -0.957031, -0.116211, -23.010250, -36.254890, 29.907220,Stair-Up
222834, -0.057861, -0.923950, -0.106934, -22.277830, -41.259760, 31.738280,Stair-Up
222854, -0.102539, -0.889282, -0.109619, -20.324700, -39.428720, 31.249992,Stair-Up
222874, -0.130371, -0.911255, -0.096680, -19.348150, -30.883784, 31.066890,Stair-Up
222894, -0.077393, -0.925415, -0.073853, -24.902340, -20.141600, 30.700680,Stair-Up
222914, -0.064575, -0.916504, -0.061157, -25.329584, -17.578130, 28.808590,Stair-Up
222934, -0.051392, -0.915528, -0.057739, -24.902340, -16.723632, 26.489250,Stair-Up
222954, -0.050537, -0.913940, -0.062866, -23.193352, -19.409180, 22.399900,Stair-Up
222974, -0.055542, -0.921875, -0.067505, -20.019532, -23.498530, 17.028810,Stair-Up
222994, -0.056274, -0.920776, -0.063965, -18.676760, -27.343748, 10.681150,Stair-Up
223014, -0.071899, -0.891602, -0.058472, -16.296390, -27.954100, 5.554198,Stair-Up
223034, -0.074585, -0.871826, -0.059204, -12.878416, -25.451652, 0.549316,Stair-Up
223054, -0.082886, -0.902588, -0.073120, -7.995604, -20.874020, -3.601074,Stair-Up
223074, -0.080322, -0.965332, -0.093140, -8.056642, -16.723632, -8.117676,Stair-Up
223094, -0.060547, -0.996338, -0.098267, -9.277344, -13.732908, -12.023924,Stair-Up
223114, -0.037354, -1.086914, -0.097290, -8.972170, -12.512204, -16.174320,Stair-Up
223134, -0.006226, -1.151490, -0.090332, -12.634276, -13.916012, -18.615724,Stair-Up
223154, 0.053955, -1.248413, -0.040039, -6.896972, -23.986810, -23.071284,Stair-Up
223174, 0.078735, -1.432496, -0.021973, -6.408690, -43.884270, -31.677240,Stair-Up
223194, 0.052490, -1.459473, -0.043457, -12.023924, -63.781730, -39.978040,Stair-Up
223214, 0.004761, -1.272705, -0.148804, -19.287110, -83.374000, -46.386710,Stair-Up
223234, -0.070557, -0.925659, -0.263794, -11.169430, -87.890600, -47.668440,Stair-Up
223254, -0.118530, -0.755860, -0.313599, 6.652830, -81.054660, -41.259760,Stair-Up
223274, -0.157837, -0.731812, -0.298218, 17.578130, -62.561020, -35.400400,Stair-Up
223294, -0.196655, -0.786133, -0.237427, 20.080560, -30.944820, -27.038570,Stair-Up
223314, -0.166748, -0.913818, -0.187256, 17.150880, 0.488281, -20.202630,Stair-Up
223334, -0.074219, -1.055786, -0.124023, -0.976562, 24.353020, -15.014646,Stair-Up
223354, 0.035889, -1.061890, -0.118286, -6.591796, 17.150880, -14.831540,Stair-Up
223374, 0.086182, -1.040650, -0.141968, -7.507323, -8.666994, -16.235352,Stair-Up
223394, 0.077271, -0.924438, -0.200684, -5.493162, -37.475590, -14.099120,Stair-Up
223414, 0.048462, -0.794434, -0.265137, 5.065916, -56.823720, -8.361816,Stair-Up
223434, 0.022095, -0.738404, -0.258057, 15.380856, -68.237320, -1.037598,Stair-Up
223454, -0.023193, -0.715332, -0.207642, 21.911620, -76.660160, 2.685546,Stair-Up
223474, -0.141846, -0.728272, -0.179932, 25.817870, -70.678720, 3.356933,Stair-Up
223494, -0.219727, -0.780029, -0.175537, 20.874020, -51.513660, 2.502442,Stair-Up
223514, -0.206787, -0.786865, -0.186279, 14.770504, -32.775880, -1.281738,Stair-Up
223534, -0.159546, -0.803223, -0.192627, 12.512204, -21.301268, -6.835936,Stair-Up
223554, -0.095459, -0.840454, -0.207886, 14.221190, -19.348150, -14.465330,Stair-Up
223574, -0.095093, -0.884033, -0.218994, 17.089850, -21.118160, -18.005376,Stair-Up
223594, -0.082275, -0.921753, -0.229492, 20.996090, -23.437492, -20.385740,Stair-Up
223614, -0.103638, -0.931885, -0.255371, 23.437492, -23.681636, -20.690910,Stair-Up
223634, -0.134155, -0.931885, -0.276001, 27.526850, -20.080560, -20.996090,Stair-Up
223654, -0.144287, -0.955566, -0.283691, 29.113768, -13.366696, -20.751950,Stair-Up
223674, -0.143677, -0.962891, -0.281250, 32.043460, -2.624511, -18.798830,Stair-Up
223694, -0.126953, -1.080078, -0.284668, 36.193860, 11.657712, -16.967780,Stair-Up
223714, -0.073364, -1.208740, -0.252319, 27.709956, 23.803708, -13.000484,Stair-Up
223734, -0.023438, -1.260132, -0.208740, 21.850580, 30.517570, -8.422854,Stair-Up
223754, -0.007935, -1.439209, -0.180298, 26.000970, 24.963376, -10.559080,Stair-Up
223774, -0.069092, -1.666260, -0.244873, 5.737304, 18.493652, -13.366696,Stair-Up
223794, -0.034912, -1.577393, -0.300659, -6.103514, 6.408690, -17.211920,Stair-Up
223814, -0.050537, -1.347778, -0.316895, -15.441892, -8.972170, -17.089850,Stair-Up
223834, -0.116455, -1.023316, -0.287964, -24.963376, -9.216310, -5.676268,Stair-Up
223854, -0.152832, -0.726562, -0.270020, -21.972650, -0.366211, 11.779784,Stair-Up
223874, -0.186401, -0.692627, -0.264771, -8.666994, 12.023924, 20.996090,Stair-Up
223894, -0.191772, -0.875488, -0.256836, -4.943848, 34.362800, 39.489750,Stair-Up
223914, -0.176392, -0.991577, -0.240479, -21.484370, 53.405750, 43.151840,Stair-Up
223934, -0.082764, -1.069092, -0.191284, -21.667476, 54.199210, 39.672860,Stair-Up
223954, -0.055176, -1.189454, -0.122437, -33.142100, 48.522940, 36.438000,Stair-Up
223974, -0.016724, -1.142090, -0.081299, -46.752920, 39.550780, 36.071780,Stair-Up
223994, 0.014404, -1.013306, -0.114502, -44.982900, 13.916012, 33.691410,Stair-Up
224014, 0.007202, -0.956787, -0.116577, -45.776360, -2.075196, 35.339360,Stair-Up
224034, 0.009766, -0.880737, -0.097412, -43.762200, -16.418460, 37.353520,Stair-Up
224054, -0.041016, -0.842407, -0.086792, -40.222160, -27.160640, 38.696300,Stair-Up
224074, -0.102539, -0.837402, -0.075317, -39.062500, -28.137200, 39.367680,Stair-Up
224094, -0.104004, -0.850708, -0.064087, -39.611820, -24.658200, 39.672860,Stair-Up
224114, -0.078735, -0.865601, -0.054688, -39.917000, -24.414060, 39.184580,Stair-Up
224134, -0.058960, -0.875244, -0.046997, -38.818360, -27.465816, 37.414560,Stair-Up
224154, -0.051880, -0.876343, -0.040527, -36.438000, -32.104500, 35.400400,Stair-Up
224174, -0.041992, -0.878174, -0.031860, -31.799310, -36.254890, 32.592780,Stair-Up
224194, -0.042847, -0.887085, -0.026733, -26.977532, -40.161120, 29.357908,Stair-Up
224214, -0.080200, -0.903564, -0.031738, -21.240230, -42.724600, 22.705070,Stair-Up
224234, -0.105225, -0.898682, -0.040283, -16.662600, -39.245610, 17.028810,Stair-Up
224254, -0.110107, -0.966797, -0.055176, -7.751464, -32.592780, 9.704590,Stair-Up
224294, -0.065430, -1.161866, -0.073730, -8.483890, -16.418460, -3.601074,Stair-Up
224314, -0.023193, -1.136475, -0.066040, -6.164550, -16.052250, -9.399414,Stair-Up
224354, -0.028198, -1.297364, -0.082642, -1.342773, -23.132320, -24.658200,Stair-Up
224374, -0.038208, -1.226562, -0.127319, 1.159668, -32.531740, -34.301760,Stair-Up
224394, -0.073120, -1.049316, -0.179688, 1.647949, -44.738760, -43.518060,Stair-Up
224414, -0.140259, -0.867432, -0.216675, 14.282224, -42.541500, -48.156730,Stair-Up
224434, -0.197876, -0.818360, -0.274658, 25.878900, -17.333990, -45.959460,Stair-Up
224454, -0.183960, -0.848755, -0.248169, 29.541010, 4.882814, -43.762200,Stair-Up
224474, -0.167114, -0.940064, -0.220947, 28.076170, 23.681636, -39.917000,Stair-Up
224494, -0.156250, -0.999146, -0.218384, 22.949216, 38.085940, -36.865240,Stair-Up
224514, -0.078735, -1.036133, -0.219971, 18.981940, 42.480460, -34.423840,Stair-Up
224534, 0.002075, -1.035522, -0.223145, 17.822270, 28.991692, -33.264160,Stair-Up
224554, 0.001587, -0.985474, -0.225220, 18.188480, 7.751464, -31.616208,Stair-Up
224574, -0.036499, -0.908203, -0.234985, 20.996090, -9.094240, -29.174800,Stair-Up
224594, -0.084229, -0.844360, -0.242310, 23.925780, -17.395020, -26.062010,Stair-Up
224614, -0.112305, -0.803711, -0.252197, 26.184080, -19.042970, -22.277830,Stair-Up
224634, -0.134155, -0.802734, -0.256958, 27.160640, -17.272950, -19.104010,Stair-Up
224654, -0.151001, -0.792236, -0.226318, 20.202630, -7.812498, -12.512204,Stair-Up
224674, -0.134277, -0.783081, -0.220215, 17.944340, -4.577638, -9.338380,Stair-Up
224694, -0.111816, -0.813354, -0.230347, 18.005376, -10.009768, -9.399414,Stair-Up
224714, -0.101929, -0.849976, -0.249512, 17.150880, -18.066410, -9.094240,Stair-Up
224734, -0.086182, -0.879272, -0.251221, 18.249516, -29.052730, -9.643556,Stair-Up
224754, -0.138062, -0.912354, -0.249878, 19.165040, -29.846190, -6.652830,Stair-Up
224774, -0.146240, -0.918213, -0.268066, 17.883300, -28.747552, -6.713866,Stair-Up
224794, -0.175049, -0.943848, -0.286011, 21.057124, -24.780270, -7.019042,Stair-Up
224814, -0.195435, -0.991333, -0.296753, 20.019532, -15.136716, -7.812498,Stair-Up
224834, -0.178711, -1.014770, -0.299194, 18.737796, -6.652830, -9.765626,Stair-Up
224854, -0.165039, -1.090698, -0.292603, 20.874020, 0.061035, -10.925290,Stair-Up
224874, -0.137207, -1.228516, -0.277466, 15.075680, 5.065916, -11.596676,Stair-Up
224894, -0.096558, -1.343994, -0.252197, 18.920900, 1.586914, -11.901852,Stair-Up
224914, -0.086670, -1.562866, -0.241821, 15.380856, -5.493162, -14.099120,Stair-Up
224934, -0.096191, -1.563232, -0.235474, -3.784179, -8.850100, -11.169430,Stair-Up
224954, -0.128662, -1.412720, -0.245117, -7.995604, -10.681150, -5.126952,Stair-Up
224974, -0.135986, -1.275269, -0.249634, -14.160152, -17.395020, -6.469726,Stair-Up
224994, -0.179321, -1.138428, -0.240967, -20.690910, -13.793944, 5.798338,Stair-Up
225014, -0.175537, -0.913452, -0.220825, -25.573724, -2.258301, 15.563964,Stair-Up
225034, -0.183228, -0.828125, -0.203735, -15.563964, 10.803220, 32.104500,Stair-Up
225054, -0.222534, -0.938477, -0.191162, -15.258788, 21.911620, 38.146980,Stair-Up
225074, -0.218018, -1.015137, -0.177856, -21.911620, 36.621100, 41.748040,Stair-Up
225094, -0.132202, -1.130371, -0.149658, -29.846190, 43.579090, 36.987310,Stair-Up
225114, -0.074463, -1.133179, -0.107300, -37.597660, 39.001470, 36.193860,Stair-Up
225134, -0.071533, -1.051758, -0.098877, -42.175280, 34.301760, 37.719730,Stair-Up
225154, -0.068115, -0.962036, -0.108643, -41.503900, 29.113768, 39.306640,Stair-Up
225174, -0.061279, -0.912232, -0.099854, -39.428720, 21.423332, 41.503900,Stair-Up
225194, -0.080933, -0.868896, -0.084229, -39.855960, 15.258788, 43.579090,Stair-Up
225214, -0.096436, -0.824951, -0.067505, -40.588370, 12.451170, 45.837400,Stair-Up
225234, -0.081909, -0.786621, -0.046021, -41.809080, 9.338380, 47.180160,Stair-Up
225254, -0.076050, -0.759644, -0.029785, -39.062500, 5.187988, 48.095700,Stair-Up
225274, -0.083374, -0.788818, -0.027100, -34.484870, 1.220704, 46.081540,Stair-Up
225294, -0.081665, -0.817505, -0.019287, -32.775880, -2.258301, 41.992180,Stair-Up
225314, -0.181763, -0.850098, -0.009888, -25.207516, 6.774902, 31.982420,Stair-Up
225334, -0.174072, -0.892456, -0.007813, -25.817870, 20.141600, 22.888180,Stair-Up
225354, -0.104126, -0.888306, -0.015381, -23.925780, 25.085448, 11.962890,Stair-Up
225374, -0.082031, -0.877197, -0.022217, -18.737796, 28.991692, 5.859374,Stair-Up
225394, -0.034302, -0.910034, -0.028564, -8.789064, 31.677240, 1.464844,Stair-Up
225414, 0.024902, -1.023682, -0.006836, -0.488281, 29.724120, -2.868652,Stair-Up
225434, 0.075684, -1.124268, 0.013794, 0.793457, 23.681636, -7.873534,Stair-Up
225455, 0.071289, -1.141724, -0.004639, -2.746581, 16.174320, -12.634276,Stair-Up
225475, 0.078980, -1.150635, 0.005127, 9.399414, 5.065916, -21.850580,Stair-Up
225495, 0.123047, -1.321289, 0.002563, 12.329100, -21.301268, -35.034180,Stair-Up
225515, 0.093872, -1.206543, -0.022583, 8.483890, -37.658700, -39.917000,Stair-Up
225535, 0.000854, -1.088746, -0.099854, 11.657712, -54.077140, -47.851560,Stair-Up
225555, -0.123535, -0.949951, -0.198242, 18.066410, -50.659170, -51.147450,Stair-Up
225575, -0.168823, -0.851196, -0.297608, 25.146480, -36.682140, -48.950180,Stair-Up
225595, -0.126343, -0.846192, -0.297119, 33.752440, -26.550290, -49.499500,Stair-Up
225615, -0.129883, -0.925415, -0.266358, 37.475590, -18.249516, -47.241200,Stair-Up
225635, -0.161377, -0.979736, -0.274048, 35.034180, -6.591796, -46.203600,Stair-Up
225655, -0.103272, -1.016236, -0.287720, 33.264160, 1.342773, -42.907700,Stair-Up
225675, -0.051758, -1.035522, -0.299805, 33.447270, -3.723144, -41.198720,Stair-Up
225695, -0.039307, -1.009400, -0.299805, 30.517570, -14.526364, -37.109380,Stair-Up
225715, -0.057861, -0.917236, -0.305176, 33.325200, -32.104500, -30.151360,Stair-Up
225735, -0.162964, -0.825318, -0.326782, 34.545900, -22.766110, -24.780270,Stair-Up
225755, -0.118408, -0.799316, -0.326660, 29.907220, -19.348150, -18.188480,Stair-Up
225775, -0.109985, -0.787598, -0.334473, 28.625480, -20.385740, -11.962890,Stair-Up
225795, -0.081421, -0.791382, -0.323730, 16.845708, -45.104970, -19.165040,Stair-Up
225815, -0.155029, -0.755860, -0.303345, 33.447270, -43.273920, -21.423332,Stair-Up
225835, -0.114624, -0.882446, -0.277222, 23.498530, -45.471180, -20.324700,Stair-Up
225855, -0.135254, -0.881714, -0.264893, 19.226080, -50.720200, -19.165040,Stair-Up
225875, -0.177124, -0.935181, -0.245972, 20.874020, -50.354000, -19.409180,Stair-Up
225895, -0.179688, -0.999634, -0.263184, 19.592290, -43.762200, -17.944340,Stair-Up
225915, -0.148193, -1.017456, -0.316284, 15.380856, -47.607410, -13.000484,Stair-Up
225935, -0.210205, -0.987183, -0.332275, 21.850580, -39.123540, -7.934570,Stair-Up
225955, -0.253174, -1.012696, -0.333862, 19.165040, -17.883300, -4.150392,Stair-Up
225975, -0.247681, -1.055054, -0.353760, 20.202630, -4.150392, -5.859374,Stair-Up
225995, -0.241821, -1.173828, -0.344849, 20.996090, 13.000484, -2.868652,Stair-Up
226015, -0.193604, -1.235352, -0.278198, 4.333496, 24.230950, 3.479003,Stair-Up
226035, -0.138062, -1.287720, -0.246338, 13.000484, 19.104010, 0.610352,Stair-Up
226055, -0.174072, -1.572876, -0.240234, 10.009768, 16.601568, -2.746581,Stair-Up
226075, -0.120361, -1.604004, -0.240234, -15.014646, 16.723632, -1.708984,Stair-Up
226095, -0.120850, -1.374634, -0.248047, -26.245110, 8.300784, 0.976562,Stair-Up
226115, -0.160278, -1.110230, -0.230835, -32.897960, 7.385252, 9.948730,Stair-Up
226135, -0.182617, -0.863892, -0.228516, -32.897960, 15.808104, 24.963376,Stair-Up
226155, -0.212647, -0.889893, -0.223633, -12.512204, 38.452160, 39.733900,Stair-Up
226175, -0.209595, -1.075684, -0.196777, -21.118160, 54.687490, 43.823240,Stair-Up
226195, -0.189087, -1.145508, -0.167847, -28.076170, 66.284200, 41.870110,Stair-Up
226215, -0.148682, -1.234742, -0.112671, -36.071780, 71.472180, 36.315920,Stair-Up
226235, -0.064209, -1.206665, -0.072876, -51.269520, 69.580100, 36.132820,Stair-Up
226255, -0.030518, -1.060059, -0.070557, -54.443350, 56.640620, 36.865240,Stair-Up
226275, -0.024048, -0.979004, -0.092651, -50.415030, 42.419420, 39.672860,Stair-Up
226295, 0.001221, -0.921997, -0.119507, -46.630850, 28.076170, 44.921860,Stair-Up
226315, -0.015381, -0.883545, -0.106445, -42.419420, 13.488768, 50.354000,Stair-Up
226335, -0.060547, -0.862915, -0.076172, -40.283200, 4.394532, 54.687490,Stair-Up
226355, -0.089233, -0.841553, -0.060303, -41.137680, 2.929687, 58.593740,Stair-Up
226375, -0.066528, -0.824219, -0.056396, -40.222160, 2.014160, 62.133780,Stair-Up
226395, -0.057373, -0.826904, -0.051880, -38.269050, -0.915527, 61.584460,Stair-Up
226415, -0.050903, -0.835327, -0.046265, -35.217290, -6.103514, 58.593740,Stair-Up
226435, -0.061646, -0.831909, -0.039795, -31.555170, -13.183590, 52.551260,Stair-Up
226455, -0.064697, -0.819946, -0.032959, -26.489250, -20.019532, 43.762200,Stair-Up
226475, -0.089111, -0.827881, -0.049683, -17.456060, -23.376460, 34.423840,Stair-Up
226495, -0.090698, -0.858521, -0.063110, -14.221190, -21.179192, 26.489250,Stair-Up
226515, -0.083130, -0.859986, -0.066650, -10.803220, -16.113284, 20.751950,Stair-Up
226535, -0.098389, -0.919434, -0.068115, -3.173828, -10.742184, 12.451170,Stair-Up
226555, -0.079956, -1.051514, -0.068237, -0.183105, -2.929687, 4.455568,Stair-Up
226575, -0.052002, -1.117554, -0.070679, -4.272462, 1.281738, -3.479003,Stair-Up
226595, 0.015991, -1.245484, -0.044678, 4.577638, -6.835936, -21.301268,Stair-Up
226615, 0.013062, -1.245240, -0.068970, 6.286620, -19.897460, -35.034180,Stair-Up
226635, -0.033691, -1.201050, -0.098633, 12.451170, -35.705570, -51.147450,Stair-Up
226655, -0.066650, -0.993896, -0.135254, 12.573240, -48.278800, -64.392100,Stair-Up
226675, -0.037109, -0.777710, -0.218628, 28.259270, -61.035140, -70.129400,Stair-Up
226695, -0.165894, -0.750610, -0.304321, 48.339840, -57.434080, -71.655300,Stair-Up
226715, -0.222534, -0.903564, -0.279175, 46.142570, -24.291990, -63.415520,Stair-Up
226735, -0.170288, -0.967285, -0.223633, 30.639640, 2.624511, -55.664060,Stair-Up
226755, -0.150879, -0.996582, -0.213745, 26.306150, 15.014646, -55.541980,Stair-Up
226775, -0.119019, -1.064209, -0.240723, 24.047850, 17.578130, -58.471670,Stair-Up
226795, -0.059814, -1.074219, -0.261597, 22.338860, 10.314940, -60.485830,Stair-Up
226815, -0.037109, -0.939087, -0.249634, 27.770990, -15.136716, -58.532700,Stair-Up
226835, -0.114624, -0.880982, -0.253662, 34.118660, -21.240230, -52.551260,Stair-Up
226855, -0.179810, -0.833618, -0.263794, 34.790040, -12.512204, -44.677720,Stair-Up
226875, -0.191162, -0.795532, -0.280640, 35.156260, 2.380371, -35.034180,Stair-Up
226895, -0.173340, -0.795654, -0.268799, 34.606940, 13.854978, -27.832030,Stair-Up
226915, -0.175415, -0.811035, -0.249756, 33.386240, 20.690910, -23.132320,Stair-Up
226935, -0.147217, -0.842041, -0.271851, 33.447270, 21.362300, -20.751950,Stair-Up
226955, -0.099976, -0.842041, -0.293701, 33.203130, 3.417968, -33.691410,Stair-Up
226975, -0.119995, -0.910522, -0.303711, 35.522460, -9.948730, -27.893060,Stair-Up
226995, -0.100586, -0.929321, -0.287476, 32.043460, -36.254890, -37.780760,Stair-Up
227015, -0.244385, -0.971436, -0.265747, 37.048340, -32.897960, -32.775880,Stair-Up
227035, -0.132080, -1.016724, -0.323364, 15.930172, -21.545408, -18.432620,Stair-Up
227055, -0.166626, -0.937744, -0.369873, 15.624996, -27.465816, -15.624996,Stair-Up
227075, -0.191162, -0.978882, -0.377930, 28.076170, -24.597160, -12.817380,Stair-Up
227095, -0.236206, -1.183472, -0.370728, 19.042970, -13.183590, -0.732422,Stair-Up
227115, -0.218018, -1.204590, -0.363159, 18.798830, 5.676268, 4.089356,Stair-Up
227135, -0.213379, -1.393066, -0.319092, 15.014646, 18.676760, 11.657712,Stair-Up
227155, -0.141724, -1.611084, -0.296021, 7.995604, 13.061520, 6.530760,Stair-Up
227175, -0.087402, -1.672486, -0.248901, -6.713866, 5.554198, 5.981444,Stair-Up
227195, -0.129761, -1.614258, -0.226440, -26.550290, 0.549316, 13.000484,Stair-Up
227215, -0.079590, -1.327393, -0.209961, -38.513190, -9.033204, 18.920900,Stair-Up
227235, -0.089355, -1.108765, -0.197510, -36.438000, -12.268064, 36.865240,Stair-Up
227255, -0.177368, -0.887818, -0.207397, -33.264160, 0.732422, 62.194820,Stair-Up
227275, -0.138672, -0.882935, -0.207275, -22.338860, 4.333496, 62.194820,Stair-Up
227295, -0.219849, -1.077148, -0.156860, -18.432620, 23.803708, 73.486340,Stair-Up
227315, -0.237061, -1.107056, -0.131958, -41.564930, 39.184580, 55.847160,Stair-Up
227335, -0.082153, -1.100342, -0.077026, -30.334470, 42.358390, 57.495110,Stair-Up
227355, -0.158569, -1.121948, -0.046753, -53.161610, 43.090810, 45.959460,Stair-Up
227375, -0.055054, -0.947266, -0.044556, -49.499500, 42.968740, 47.363270,Stair-Up
227395, -0.043579, -0.944458, -0.052612, -45.715320, 32.592780, 41.503900,Stair-Up
227415, -0.045044, -0.926148, -0.044800, -46.508780, 24.536130, 43.762200,Stair-Up
227435, -0.039795, -0.860230, -0.030884, -45.837400, 13.793944, 42.114250,Stair-Up
227455, -0.085449, -0.829346, -0.031128, -39.428720, 7.324218, 41.564930,Stair-Up
227475, -0.081421, -0.846924, -0.028931, -35.583500, 7.812498, 40.161120,Stair-Up
227495, -0.073730, -0.840820, -0.015259, -36.621100, 6.591796, 39.062500,Stair-Up
227515, -0.077881, -0.808594, -0.006714, -33.447270, 4.760742, 35.705570,Stair-Up
227535, -0.082153, -0.804077, 0.001221, -27.954100, 3.356933, 30.578610,Stair-Up
227555, -0.069214, -0.827637, 0.004395, -22.583000, 2.563476, 25.695796,Stair-Up
227575, -0.056763, -0.849610, 0.004883, -18.981940, 2.014160, 20.263670,Stair-Up
227595, -0.070801, -0.860718, -0.003784, -13.366696, 1.220704, 13.977050,Stair-Up
227615, -0.109375, -0.876831, -0.026001, -8.361816, 3.234863, 4.882814,Stair-Up
227635, -0.120850, -0.921631, -0.055908, -0.854492, 9.521484, -3.723144,Stair-Up
227655, -0.100464, -1.008057, -0.075562, 3.784179, 16.601568, -11.657712,Stair-Up
227675, -0.080322, -1.084595, -0.093140, 4.394532, 22.583000, -15.747068,Stair-Up
227695, -0.057007, -1.234986, -0.068726, 14.587400, 26.794430, -25.756830,Stair-Up
227715, -0.053589, -1.373169, -0.070313, 11.108396, 25.451652, -36.132820,Stair-Up
227735, -0.038208, -1.406372, -0.111328, 11.901852, 15.136716, -50.720200,Stair-Up
227755, -0.029663, -1.210083, -0.197388, -1.586914, -2.807617, -59.875480,Stair-Up
227775, -0.043701, -0.782349, -0.281128, 5.065916, -16.906740, -60.241690,Stair-Up
227795, -0.117798, -0.585327, -0.313599, 31.372068, -24.719230, -56.701650,Stair-Up
227815, -0.182251, -0.677002, -0.308960, 46.997060, -15.380856, -50.659170,Stair-Up
227835, -0.239502, -0.800781, -0.305298, 44.982900, 7.690428, -42.480460,Stair-Up
227855, -0.278076, -0.933594, -0.305908, 42.480460, 35.705570, -39.001470,Stair-Up
227875, -0.209106, -1.093506, -0.292603, 35.522460, 59.448240, -37.841800,Stair-Up
227895, -0.091187, -1.172852, -0.302979, 23.925780, 68.664560, -34.423840,Stair-Up
227915, -0.006348, -1.007812, -0.311890, 14.282224, 50.354000, -25.085448,Stair-Up
227935, -0.000977, -0.885498, -0.330078, 20.446770, 29.602044, -17.700200,Stair-Up
227955, -0.031494, -0.813721, -0.347778, 23.254390, 12.695310, -8.178714,Stair-Up
227975, -0.080811, -0.746948, -0.356323, 24.963376, 5.065916, 1.464844,Stair-Up
227995, -0.124268, -0.724243, -0.333008, 24.108880, 4.577638, 7.507323,Stair-Up
228015, -0.154053, -0.733521, -0.307739, 20.874020, 7.934570, 10.803220,Stair-Up
228035, -0.164673, -0.763916, -0.286499, 16.784670, 12.207030, 9.887696,Stair-Up
228055, -0.139282, -0.811157, -0.286011, 14.038084, 12.756344, 5.249022,Stair-Up
228075, -0.106323, -0.855713, -0.304321, 11.779784, 8.117676, 0.793457,Stair-Up
228095, -0.091919, -0.875122, -0.317505, 11.108396, -1.342773, -2.197266,Stair-Up
228115, -0.116211, -0.883789, -0.315552, 13.122556, -8.972170, -3.906249,Stair-Up
228135, -0.139160, -0.925415, -0.325073, 15.502928, -8.666994, -1.586914,Stair-Up
228155, -0.161133, -0.972534, -0.336182, 17.089850, -1.831054, 1.586914,Stair-Up
228175, -0.168945, -1.027832, -0.322510, 15.747068, 9.216310, 5.798338,Stair-Up
228195, -0.181152, -1.081910, -0.326294, 17.272950, 22.888180, 8.117676,Stair-Up
228215, -0.186523, -1.184570, -0.316040, 16.052250, 40.283200, 8.972170,Stair-Up
228235, -0.134644, -1.299072, -0.280029, 15.869140, 50.537100, 6.530760,Stair-Up
228255, -0.099365, -1.556885, -0.283814, 23.925780, 53.833000, -1.525878,Stair-Up
228275, -0.059448, -1.740601, -0.286743, 1.098633, 56.030260, -3.784179,Stair-Up
228295, 0.005859, -1.511597, -0.299072, -20.935052, 46.874990, 1.281738,Stair-Up
228315, 0.020264, -1.227906, -0.288086, -21.667476, 27.038570, 6.713866,Stair-Up
228335, 0.006592, -1.055176, -0.282471, -21.789548, 9.399414, 19.714360,Stair-Up
228355, -0.094604, -0.807862, -0.273926, -23.803708, 7.446288, 35.949720,Stair-Up
228375, -0.070923, -0.795044, -0.243408, -15.441892, -0.976562, 31.677240,Stair-Up
228395, -0.129028, -0.910889, -0.203247, -14.831540, -4.089356, 29.846190,Stair-Up
228415, -0.149658, -0.946289, -0.169922, -19.287110, 1.708984, 21.850580,Stair-Up
228435, -0.155273, -1.025513, -0.146118, -20.263670, 11.840818, 13.305660,Stair-Up
228455, -0.158447, -1.066650, -0.131470, -29.724120, 19.653320, 3.479003,Stair-Up
228475, -0.154297, -0.994995, -0.127808, -35.705570, 25.939940, -3.234863,Stair-Up
228495, -0.134644, -0.934082, -0.123779, -36.254890, 28.930660, -5.981444,Stair-Up
228515, -0.099609, -0.892334, -0.113403, -36.010750, 29.296870, -3.723144,Stair-Up
228535, -0.083130, -0.858643, -0.089478, -35.583500, 29.418940, 2.563476,Stair-Up
228555, -0.077393, -0.841431, -0.065308, -34.423840, 28.503410, 10.437010,Stair-Up
228575, -0.077271, -0.866944, -0.041748, -32.348640, 22.888180, 19.592290,Stair-Up
228595, -0.062012, -0.883179, -0.033569, -32.897960, 16.540530, 23.437492,Stair-Up
228615, -0.046631, -0.875977, -0.044067, -31.249992, 7.080076, 25.024410,Stair-Up
228635, -0.042725, -0.885986, -0.070068, -25.390620, 0.488281, 26.000970,Stair-Up
228655, -0.053223, -0.934448, -0.099243, -21.728510, -2.685546, 26.855464,Stair-Up
228675, -0.059814, -0.962524, -0.106079, -20.935052, -5.859374, 25.817870,Stair-Up
228695, -0.081055, -0.957642, -0.134277, -19.042970, -7.202148, 22.888180,Stair-Up
228715, -0.106201, -0.991944, -0.167847, -13.610836, -1.586914, 20.141600,Stair-Up
228735, -0.081421, -1.112061, -0.153320, -11.901852, 6.408690, 17.761230,Stair-Up
228755, -0.025757, -1.180420, -0.124878, -18.371584, 9.643556, 15.319820,Stair-Up
228775, 0.015015, -1.164429, -0.098145, -19.531250, 5.432128, 13.122556,Stair-Up
228795, 0.052002, -1.283448, -0.093750, -9.460450, -16.662600, 0.366211,Stair-Up
228815, 0.013672, -1.293824, -0.120972, 1.159668, -31.127924, -8.911134,Stair-Up
228835, -0.030518, -1.297364, -0.213867, 5.859374, -46.813960, -22.949216,Stair-Up
228855, -0.081421, -0.930176, -0.324341, -5.493162, -50.292960, -27.526850,Stair-Up
228875, -0.148071, -0.467041, -0.376709, 15.136716, -45.227040, -24.719230,Stair-Up
228895, -0.291992, -0.467163, -0.358398, 51.208480, -23.864740, -25.878900,Stair-Up
228915, -0.336060, -0.719971, -0.308228, 53.466780, 19.531250, -19.592290,Stair-Up
228935, -0.240112, -0.863770, -0.264404, 35.278320, 63.781730, -10.498044,Stair-Up
228955, -0.043701, -0.913452, -0.197266, 23.986810, 77.087400, -6.652830,Stair-Up
228975, 0.048218, -0.996826, -0.160156, 17.822270, 68.176280, -3.479003,Stair-Up
228995, 0.108765, -1.033448, -0.143433, 8.300784, 47.912590, -3.234863,Stair-Up
229015, 0.187378, -1.037354, -0.205444, 12.451170, 0.183105, -2.685546,Stair-Up
229035, 0.176147, -0.939087, -0.285034, 12.878416, -29.113768, 3.723144,Stair-Up
229055, 0.074829, -0.816284, -0.334473, 23.071284, -42.907700, 8.789064,Stair-Up
229075, -0.010864, -0.765625, -0.324951, 29.174800, -47.058100, 10.498044,Stair-Up
229095, -0.140137, -0.740112, -0.311401, 36.865240, -36.560060, 6.103514,Stair-Up
229115, -0.342285, -0.800049, -0.263916, 34.179700, -2.929687, -2.746581,Stair-Up
229135, -0.418823, -0.831299, -0.228027, 15.319820, 56.579580, -10.925290,Stair-Up
229155, -0.071899, -0.768311, -0.225342, -0.976562, 92.956520, -14.038084,Stair-Up
229175, 0.128784, -0.716797, -0.281738, 9.277344, 78.796400, -18.249516,Stair-Up
229195, 0.054932, -0.821045, -0.312256, 20.263670, 56.701650, -21.179192,Stair-Up
229215, 0.073120, -0.875488, -0.322266, 19.775390, 37.353520, -19.409180,Stair-Up
229235, 0.095215, -0.865845, -0.317017, 31.616208, 0.000000, -21.362300,Stair-Up
229255, 0.045044, -0.924927, -0.305908, 37.475590, -13.488768, -20.446770,Stair-Up
229275, -0.000488, -0.969971, -0.312012, 37.780760, -20.935052, -20.507810,Stair-Up
229295, -0.049927, -0.981690, -0.318482, 38.940440, -23.864740, -24.414060,Stair-Up
229315, -0.103027, -0.993164, -0.331543, 39.550780, -16.357424, -26.123040,Stair-Up
229335, -0.111084, -1.049927, -0.328858, 40.039070, -3.540038, -27.465816,Stair-Up
229355, -0.069092, -1.145508, -0.293091, 42.480460, 5.737304, -29.235832,Stair-Up
229375, -0.047852, -1.429200, -0.271851, 57.922360, 7.446288, -35.461430,Stair-Up
229395, -0.061279, -1.916260, -0.240112, 59.448240, 8.300784, -45.715320,Stair-Up
229415, -0.087646, -2.172974, -0.307129, 13.854978, 12.023924, -55.053700,Stair-Up
229435, -0.066895, -1.472778, -0.281006, -49.194320, 2.990722, -43.884270,Stair-Up
229455, -0.029663, -0.610230, -0.152954, -2.624511, -46.203600, -25.695796,Stair-Up
229475, -0.182495, -0.919068, -0.180786, 19.165040, -26.794430, -1.647949,Stair-Up
229495, -0.139526, -1.077026, -0.212158, -14.282224, 13.305660, 23.620600,Stair-Up
229515, -0.041504, -1.013794, -0.227783, -18.127448, 19.042970, 24.475090,Stair-Up
229535, -0.045410, -1.164307, -0.217896, -12.817380, 13.183590, 21.362300,Stair-Up
229555, -0.057495, -1.218872, -0.161865, -29.907220, 13.427732, 22.033690,Stair-Up
229575, -0.032227, -1.045044, -0.119141, -39.672860, 13.610836, 22.888180,Stair-Up
229595, -0.034546, -0.903809, -0.118652, -34.606940, 12.939450, 26.733390,Stair-Up
229615, -0.046265, -0.857666, -0.134888, -29.907220, 16.601568, 33.081060,Stair-Up
229635, -0.041626, -0.840210, -0.137817, -27.832030, 23.071284, 41.381820,Stair-Up
229655, -0.055298, -0.821900, -0.128540, -26.672360, 24.841304, 45.471180,Stair-Up
229675, -0.147949, -0.816895, -0.084839, -25.939940, 33.752440, 49.499500,Stair-Up
229695, -0.135132, -0.830078, -0.060059, -27.465816, 44.433580, 50.720200,Stair-Up
229715, -0.061768, -0.892578, -0.032715, -27.587884, 49.499500, 51.391590,Stair-Up
229735, -0.000977, -0.964600, -0.004517, -31.982420, 47.058100, 51.330560,Stair-Up
229755, -0.001465, -0.974243, 0.007935, -35.766600, 39.428720, 48.828120,Stair-Up
229775, -0.017944, -0.974121, 0.005615, -31.433100, 25.329584, 42.236320,Stair-Up
229795, -0.045166, -1.012818, 0.000366, -26.672360, 11.718748, 32.104500,Stair-Up
229815, -0.063477, -1.033326, 0.002197, -26.306150, 4.028321, 22.705070,Stair-Up
229835, -0.057983, -1.004028, -0.000610, -23.986810, 0.244141, 14.160152,Stair-Up
229855, -0.065430, -0.983643, -0.012329, -18.432620, -0.488281, 6.958006,Stair-Up
229875, -0.097534, -1.017578, -0.013794, -11.718748, 1.647949, 0.671386,Stair-Up
229895, -0.265381, -1.112061, -0.033691, -9.338380, 16.906740, -16.174320,Stair-Up
229915, -0.142456, -1.135864, -0.058838, -14.343260, 44.616690, -22.338860,Stair-Up
229935, 0.051025, -1.093384, -0.113647, -15.930172, 59.814440, -19.592290,Stair-Up
229955, 0.056519, -1.065674, -0.171753, -11.779784, 66.101100, -14.160152,Stair-Up
229975, 0.046753, -1.023926, -0.197876, -14.587400, 68.725600, -8.178714,Stair-Up
229995, 0.098999, -1.014648, -0.178467, -4.699708, 66.467300, -9.460450,Stair-Up
230035, 0.209839, -1.358154, -0.179810, 6.652830, 46.752920, -21.789548,Stair-Up
230055, 0.216919, -1.471192, -0.217407, 4.760742, 22.277830, -33.447270,Stair-Up
230075, 0.162354, -1.216064, -0.278442, -13.488768, -4.821778, -39.611820,Stair-Up
230095, 0.115234, -0.725830, -0.338867, -1.098633, -21.911620, -36.315920,Stair-Up
230115, -0.054443, -0.575928, -0.406616, 42.358390, -17.272950, -25.085448,Stair-Up
230135, -0.141113, -0.680786, -0.424438, 42.541500, 19.165040, -15.563964,Stair-Up
230155, -0.131714, -0.745117, -0.387695, 34.057620, 59.448240, -7.141112,Stair-Up
230175, -0.055786, -0.826416, -0.287354, 23.010250, 83.801260, -1.831054,Stair-Up
230195, 0.041138, -0.870362, -0.179443, 6.469726, 89.050260, 2.441407,Stair-Up
230215, 0.072632, -0.841187, -0.135620, -1.953124, 80.383280, 4.577638,Stair-Up
230235, 0.081421, -0.841919, -0.146729, -3.417968, 65.673840, 5.126952,Stair-Up
230255, 0.144531, -0.847656, -0.207397, 0.366211, 41.076650, 5.126952,Stair-Up
230275, 0.124756, -0.859253, -0.265991, 9.216310, 12.817380, 3.173828,Stair-Up
230295, 0.071533, -0.886597, -0.282471, 17.333990, -6.713866, 0.793457,Stair-Up
230315, 0.040161, -0.900635, -0.253662, 21.545408, -17.517090, 0.488281,Stair-Up
230335, -0.072388, -0.932251, -0.232300, 24.291990, -9.399414, 1.342773,Stair-Up
230355, -0.078247, -0.936157, -0.236084, 17.944340, 11.535644, 5.676268,Stair-Up
230375, -0.047607, -0.897705, -0.260254, 14.587400, 31.372068, 12.023924,Stair-Up
230395, 0.008179, -0.872925, -0.276001, 13.244628, 41.992180, 18.981940,Stair-Up
230415, -0.003418, -0.853882, -0.276611, 14.587400, 39.855960, 24.658200,Stair-Up
230435, -0.084595, -0.848511, -0.252686, 13.793944, 38.879400, 25.146480,Stair-Up
230455, -0.059692, -0.850952, -0.223999, 10.253904, 43.823240, 26.306150,Stair-Up
230475, -0.017456, -0.864746, -0.221436, 9.155274, 43.701160, 27.465816,Stair-Up
230495, 0.031372, -0.901123, -0.203247, 8.666994, 40.649400, 28.198240,Stair-Up
230515, 0.111328, -0.912354, -0.198853, 4.272462, 27.221676, 30.517570,Stair-Up
230535, 0.054077, -0.885010, -0.214844, 12.145992, 29.541010, 32.348640,Stair-Up
230555, 0.009399, -1.101318, -0.255737, 22.949216, 36.621100, 42.114250,Stair-Up
230575, -0.032593, -1.243164, -0.251587, 28.930660, 16.235352, 29.907220,Stair-Up
230595, -0.094849, -1.395630, -0.197998, 31.066890, -4.150392, 16.601568,Stair-Up
230615, -0.119873, -1.484375, -0.186035, 30.151360, -16.784670, 0.549316,Stair-Up
230635, -0.129639, -1.593140, -0.197632, 29.541010, -24.169920, -13.000484,Stair-Up
230655, -0.100830, -1.664307, -0.226685, 24.353020, -29.907220, -22.521970,Stair-Up
230675, -0.105225, -1.634278, -0.255737, 18.188480, -34.240730, -24.536130,Stair-Up
230695, -0.154053, -1.503418, -0.291260, 10.986324, -30.700680, -18.798830,Stair-Up
230715, -0.195435, -1.272705, -0.302124, 0.732422, -12.634276, -6.347656,Stair-Up
230735, -0.193359, -1.097290, -0.237183, -0.854492, 19.531250, 16.540530,Stair-Up
230755, -0.142090, -1.117066, -0.155762, 0.427246, 49.316400, 35.644540,Stair-Up
230775, -0.082153, -1.286744, -0.057617, -19.775390, 71.411140, 56.152340,Stair-Up
230795, 0.026733, -1.205322, -0.024658, -33.325200, 63.232410, 62.805160,Stair-Up
230815, 0.082153, -1.099366, 0.013794, -35.400400, 39.733900, 68.054200,Stair-Up
230835, 0.093872, -0.959229, 0.000366, -35.217290, 13.732908, 75.134300,Stair-Up
230855, 0.040405, -0.855469, -0.019775, -27.832030, -1.403808, 82.580560,Stair-Up
230875, 0.023926, -0.792847, -0.022583, -24.780270, -9.765626, 89.416500,Stair-Up
230895, -0.038574, -0.709351, -0.026123, -18.981940, -15.441892, 91.125460,Stair-Up
230915, -0.115234, -0.664307, -0.039429, -11.596676, -12.207030, 86.669900,Stair-Up
230935, -0.147217, -0.673462, -0.039551, -5.798338, -3.234863, 79.772960,Stair-Up
230955, -0.155518, -0.695557, -0.016479, -3.295898, 9.216310, 70.739760,Stair-Up
230975, -0.138550, -0.706177, 0.014038, -4.577638, 26.062010, 63.659660,Stair-Up
230995, -0.125122, -0.769531, 0.033447, -6.713866, 48.950180, 51.757800,Stair-Up
231015, -0.113159, -0.823730, 0.017212, -8.483890, 57.312000, 41.809080,Stair-Up
231035, -0.117188, -0.871704, -0.004517, -11.718748, 63.842760, 31.127924,Stair-Up
231055, -0.078003, -0.892090, -0.008667, -13.732908, 65.490740, 20.935052,Stair-Up
231075, -0.048462, -0.928589, -0.006226, -8.666994, 61.462400, 9.338380,Stair-Up
231095, -0.040649, -1.025757, -0.012939, -5.004884, 57.006820, -0.122070,Stair-Up
231115, -0.034424, -1.083008, -0.034790, -6.835936, 50.354000, -9.887696,Stair-Up
231135, -0.028687, -1.057251, -0.057495, -3.356933, 40.954580, -19.165040,Stair-Up
231155, -0.042725, -1.083984, -0.082153, 8.117676, 35.705570, -26.733390,Stair-Up
231175, -0.052246, -1.155152, -0.089844, 11.291500, 35.705570, -32.531740,Stair-Up
231195, -0.018311, -1.183960, -0.113403, 14.709470, 40.039070, -35.339360,Stair-Up
231215, -0.040649, -1.371338, -0.119629, 20.996090, 48.889150, -40.832510,Stair-Up
231235, 0.026855, -1.512696, -0.045288, 16.113284, 51.330560, -47.302240,Stair-Up
231255, 0.101563, -1.559448, -0.010376, 7.934570, 41.320790, -55.175770,Stair-Up
231275, 0.104248, -1.502930, -0.048828, 6.530760, 20.751950, -66.467300,Stair-Up
231295, 0.110718, -1.395874, -0.113403, 9.338380, -1.159668, -75.866700,Stair-Up
231315, 0.109863, -1.236206, -0.182129, 14.953610, -26.062010, -79.834000,Stair-Up
231335, 0.057739, -1.014893, -0.232666, 18.188480, -43.518060, -77.392600,Stair-Up
231355, -0.029541, -0.810425, -0.259155, 25.695796, -44.372550, -67.688000,Stair-Up
231375, -0.083496, -0.762940, -0.250244, 34.545900, -26.733390, -60.546860,Stair-Up
231395, -0.070801, -0.848633, -0.244385, 35.400400, -2.563476, -52.429190,Stair-Up
231415, -0.031738, -0.912354, -0.224976, 6.958006, 10.864256, -45.043940,Stair-Up
231435, 0.035400, -0.764038, -0.183960, 8.483890, 3.906249, -39.123540,Stair-Up
231455, 0.064087, -0.665405, -0.179565, 9.399414, -12.695310, -33.874520,Stair-Up
231475, 0.060059, -0.607178, -0.200073, 15.380856, -32.226570, -28.808590,Stair-Up
231495, 0.029419, -0.586792, -0.235596, 21.057124, -48.461900, -25.634760,Stair-Up
231515, -0.001343, -0.601318, -0.250855, 26.428220, -60.119620, -23.193352,Stair-Up
231535, -0.051147, -0.649048, -0.233276, 22.155760, -77.575700, -33.081060,Stair-Up
231555, -0.154785, -0.694214, -0.203125, 33.386240, -63.537590, -17.028810,Stair-Up
231575, 0.030396, -0.805908, -0.227417, 10.070800, -100.585920, -9.399414,Stair-Up
231595, -0.096069, -0.665650, -0.213013, 43.334950, -93.872060, -24.841304,Stair-Up
231615, -0.373169, -0.982178, -0.204712, 35.766600, -37.536620, -10.559080,Stair-Up
231635, -0.014404, -0.986694, -0.217529, 14.038084, -35.400400, -10.314940,Stair-Up
231655, -0.128418, -0.973755, -0.230347, 28.991692, -45.959460, -16.967780,Stair-Up
231675, -0.089844, -1.096314, -0.271729, 23.864740, -44.799800, -11.108396,Stair-Up
231695, -0.102295, -1.050171, -0.293945, 16.967780, -45.227040, -6.835936,Stair-Up
231715, -0.122314, -1.025757, -0.276733, 20.507810, -41.137680, -7.019042,Stair-Up
231735, -0.118164, -1.066650, -0.284546, 21.423332, -32.592780, 0.122070,Stair-Up
231755, -0.143311, -1.068970, -0.286011, 11.779784, -22.338860, 8.666994,Stair-Up
231775, -0.117065, -1.030640, -0.286011, 15.808104, -19.104010, 10.009768,Stair-Up
231795, -0.085693, -1.097900, -0.259277, 14.831540, -29.602044, 4.394532,Stair-Up
231815, -0.133911, -1.149170, -0.239136, 17.578130, -25.146480, 7.080076,Stair-Up
231835, -0.123901, -1.381714, -0.229614, 28.686520, -18.188480, -0.366211,Stair-Up
231855, -0.115723, -1.694458, -0.221069, 13.366696, -12.634276, -10.742184,Stair-Up
231875, -0.100342, -1.730225, -0.197022, -8.666994, -11.413570, -14.526364,Stair-Up
231895, -0.077393, -1.514648, -0.210571, -12.634276, -13.366696, -10.620116,Stair-Up
231915, -0.095093, -1.390625, -0.226074, -13.427732, -9.033204, 1.037598,Stair-Up
231935, -0.068848, -1.239136, -0.200317, -20.874020, 4.028321, 21.057124,Stair-Up
231955, -0.049316, -1.114136, -0.174438, -16.418460, 12.878416, 38.574220,Stair-Up
231975, -0.120850, -1.113892, -0.159180, -15.747068, 23.498530, 51.818840,Stair-Up
231995, -0.139160, -1.081421, -0.134399, -24.963376, 39.855960, 62.438960,Stair-Up
232015, -0.091553, -0.991699, -0.101440, -29.296870, 47.241200, 66.467300,Stair-Up
232035, -0.077026, -0.918823, -0.073730, -31.372068, 48.217760, 67.321800,Stair-Up
232055, -0.072998, -0.832764, -0.055176, -34.790040, 49.072260, 67.810060,Stair-Up
232075, -0.057617, -0.648682, -0.033447, -34.912120, 46.386710, 66.711440,Stair-Up
232095, -0.084595, -0.569946, -0.028320, -30.090330, 45.349110, 64.331060,Stair-Up
232115, -0.106567, -0.539551, -0.026978, -27.587884, 45.104970, 59.997550,Stair-Up
232135, -0.123657, -0.522095, -0.024902, -26.855464, 46.020500, 53.833000,Stair-Up
232155, -0.130493, -0.534546, -0.013184, -23.376460, 46.386710, 44.616690,Stair-Up
232175, -0.124512, -0.614380, 0.003662, -22.766110, 44.433580, 33.081060,Stair-Up
232195, -0.090576, -0.674805, 0.033081, -27.832030, 39.367680, 22.155760,Stair-Up
232215, -0.066162, -0.733643, 0.048218, -25.085448, 30.639640, 10.986324,Stair-Up
232235, -0.056030, -0.886475, 0.050415, -22.644040, 20.263670, -0.305176,Stair-Up
232255, -0.033325, -0.997925, 0.051392, -28.991692, 8.300784, -8.911134,Stair-Up
232275, -0.009521, -1.013672, 0.051147, -29.907220, -7.690428, -17.456060,Stair-Up
232295, -0.019165, -1.099366, 0.025146, -14.404296, -31.066890, -27.648920,Stair-Up
232315, -0.022949, -1.172486, 0.004395, -9.338380, -36.499030, -28.198240,Stair-Up
232335, -0.005127, -1.166992, -0.006836, -8.178714, -35.949720, -24.108880,Stair-Up
232355, 0.001709, -1.125977, -0.020996, 2.868652, -28.442380, -16.906740,Stair-Up
232375, -0.001587, -1.227051, -0.057373, 19.226080, -14.343260, -9.277344,Stair-Up
232395, -0.042480, -1.407959, -0.109009, 24.902340, 6.530760, -2.136231,Stair-Up
232415, -0.057129, -1.472900, -0.147583, 14.770504, 31.005852, 0.427246,Stair-Up
232435, -0.037354, -1.415894, -0.145996, 14.343260, 51.269520, -1.098633,Stair-Up
232455, 0.038940, -1.505127, -0.040771, 24.108880, 53.588860, -13.610836,Stair-Up
232475, 0.177734, -1.574707, 0.025757, 17.639160, 41.259760, -27.893060,Stair-Up
232495, 0.259399, -1.446167, -0.089355, 15.380856, 44.311520, -29.113768,Stair-Up
232515, 0.178467, -1.165284, -0.274780, 7.263182, 8.728030, -17.028810,Stair-Up
232535, 0.004761, -0.956543, -0.303711, 10.925290, -9.765626, -26.489250,Stair-Up
232555, -0.029297, -0.781372, -0.306885, 12.207030, -9.338380, -27.038570,Stair-Up
232575, -0.018555, -0.710327, -0.351196, 22.216790, -6.042480, -28.747552,Stair-Up
232595, -0.071777, -0.821900, -0.369507, 21.728510, 7.629394, -26.672360,Stair-Up
232615, -0.077271, -0.848511, -0.346314, 9.277344, 20.080560, -28.625480,Stair-Up
232635, -0.072876, -0.783936, -0.329712, 4.577638, 20.568840, -34.179700,Stair-Up
232655, -0.072510, -0.733521, -0.322022, 4.150392, 15.991210, -38.879400,Stair-Up
232675, -0.028320, -0.674805, -0.313355, 4.333496, 7.385252, -35.766600,Stair-Up
232695, -0.032715, -0.635254, -0.306152, 7.812498, -3.479003, -31.921380,Stair-Up
232715, -0.082397, -0.633179, -0.299194, 9.277344, -7.263182, -26.123040,Stair-Up
232735, -0.119019, -0.672486, -0.286377, 9.155274, -11.169430, -23.010250,Stair-Up
232755, -0.111084, -0.684326, -0.259033, 7.446288, -13.427732, -22.094720,Stair-Up
232775, -0.109741, -0.687744, -0.224976, 5.981444, -13.549804, -18.920900,Stair-Up
232795, -0.105225, -0.722778, -0.213745, 7.202148, -11.535644, -14.648436,Stair-Up
232815, -0.104004, -0.777710, -0.209351, 6.835936, -9.887696, -10.131832,Stair-Up
232835, -0.077026, -0.839356, -0.203857, 9.216310, -10.864256, -7.385252,Stair-Up
232855, -0.061768, -0.898438, -0.217651, 9.521484, -14.770504, -3.356933,Stair-Up
232875, -0.096802, -0.918823, -0.232910, 11.352536, -18.859868, -1.586914,Stair-Up
232895, -0.114624, -0.961182, -0.225586, 12.573240, -16.540530, 0.854492,Stair-Up
232915, -0.115723, -0.988892, -0.233643, 11.230468, -11.413570, 4.150392,Stair-Up
232935, -0.124878, -1.002808, -0.253540, 10.559080, -4.638672, 7.751464,Stair-Up
232955, -0.090942, -1.052490, -0.244873, 10.986324, 3.417968, 13.061520,Stair-Up
232975, -0.074707, -1.118164, -0.231934, 14.038084, 4.943848, 15.441892,Stair-Up
232995, -0.067017, -1.208984, -0.227051, 12.145992, 5.310058, 16.540530,Stair-Up
233015, -0.053345, -1.207886, -0.230713, 8.117676, 2.746581, 17.272950,Stair-Up
233035, -0.040161, -1.197632, -0.227539, 13.183590, -1.953124, 16.845708,Stair-Up
233055, -0.057373, -1.261230, -0.229248, 18.005376, -2.990722, 17.395020,Stair-Up
233075, -0.059326, -1.385254, -0.243286, 25.451652, 0.610352, 15.319820,Stair-Up
233095, -0.071289, -1.539917, -0.251343, 24.780270, 4.577638, 11.901852,Stair-Up
233115, -0.090332, -1.569092, -0.256348, 15.197750, 13.854978, 8.056642,Stair-Up
233135, -0.078003, -1.456055, -0.238037, 6.774902, 20.141600, 6.652830,Stair-Up
233155, -0.096680, -1.280030, -0.215210, 1.464844, 23.437492, 6.652830,Stair-Up
233175, -0.074463, -0.953247, -0.203491, -8.300784, 30.761716, 16.784670,Stair-Up
233195, -0.096436, -0.824829, -0.172730, 1.647949, 32.287600, 26.428220,Stair-Up
233215, -0.138794, -0.872559, -0.150879, 5.981444, 38.879400, 24.047850,Stair-Up
233235, -0.157715, -0.957154, -0.129761, -6.774902, 49.621580, 25.268550,Stair-Up
233255, -0.050415, -0.862915, -0.116089, -7.690428, 46.630850, 31.249992,Stair-Up
233275, -0.123169, -0.814087, -0.088867, -14.831540, 42.053220, 26.489250,Stair-Up
233295, -0.107544, -0.719360, -0.064209, -13.061520, 43.701160, 31.860350,Stair-Up
233315, -0.097290, -0.700928, -0.059082, -14.709470, 44.067380, 34.606940,Stair-Up
233335, -0.076782, -0.652832, -0.048828, -15.624996, 43.823240, 38.146980,Stair-Up
233355, -0.074097, -0.631470, -0.035278, -14.160152, 43.640120, 40.466300,Stair-Up
233375, -0.106567, -0.653442, -0.030762, -10.742184, 43.945300, 39.855960,Stair-Up
233395, -0.118896, -0.768433, -0.016357, -12.390136, 47.912590, 33.813480,Stair-Up
233415, -0.093262, -0.822388, 0.000000, -15.624996, 45.959460, 27.282710,Stair-Up
233435, -0.064575, -0.867188, 0.024292, -16.540530, 40.527340, 20.202630,Stair-Up
233455, -0.046265, -0.914795, 0.030151, -15.869140, 32.714850, 14.099120,Stair-Up
233475, -0.041260, -0.990479, 0.013794, -13.061520, 22.827140, 7.934570,Stair-Up
233495, -0.020508, -1.054810, 0.008057, -14.160152, 12.390136, 3.540038,Stair-Up
233515, -0.026611, -1.050049, 0.015381, -14.587400, 1.770019, 0.305176,Stair-Up
233535, -0.058838, -1.032104, 0.007813, -9.521484, -3.295898, -2.685546,Stair-Up
233555, -0.072510, -1.067749, -0.003174, -5.004884, -2.197266, -3.662109,Stair-Up
233575, -0.083374, -1.071167, -0.013184, -4.821778, 1.464844, -3.845214,Stair-Up
233595, -0.061646, -1.060547, -0.008423, 1.281738, 4.028321, -4.577638,Stair-Up
233615, -0.062012, -1.243652, 0.006836, 17.944340, 6.347656, -9.338380,Stair-Up
233635, -0.038696, -1.329956, 0.027710, 8.422854, 16.784670, -9.338380,Stair-Up
233655, 0.047241, -1.210694, -0.008789, 6.164550, 22.705070, -10.253904,Stair-Up
233675, 0.114868, -1.219482, -0.069702, 23.254390, 29.357908, -15.197750,Stair-Up
233695, 0.180786, -1.345093, -0.100220, 19.287110, 35.217290, -20.935052,Stair-Up
233715, 0.158691, -1.325074, -0.091675, 12.268064, 33.874520, -33.447270,Stair-Up
233735, 0.168945, -1.278809, -0.107178, 12.207030, 24.414060, -54.443350,Stair-Up
233755, 0.223511, -1.226929, -0.166870, 12.451170, 17.272950, -66.101100,Stair-Up
233775, 0.386963, -1.188599, -0.218018, 11.413570, -0.854492, -64.270040,Stair-Up
233795, 0.501709, -1.073975, -0.268433, 15.197750, -46.508780, -58.227530,Stair-Up
233815, 0.270752, -0.993652, -0.297608, 23.620600, -75.378440, -52.062980,Stair-Up
233835, 0.174561, -1.038940, -0.285767, 27.770990, -74.279800, -42.846670,Stair-Up
233855, 0.111694, -1.086182, -0.284302, 23.193352, -72.509780, -38.269050,Stair-Up
233875, 0.045410, -1.071534, -0.254028, 15.747068, -68.542500, -35.827640,Stair-Up
233895, 0.076782, -0.975708, -0.177734, 11.169430, -68.969740, -34.423840,Stair-Up
233915, 0.086060, -0.884278, -0.120972, 13.244628, -74.707040, -31.249992,Stair-Up
233935, 0.049072, -0.845947, -0.101074, 16.113284, -72.631840, -26.916500,Stair-Up
233955, 0.039795, -0.810303, -0.097046, 9.033204, -60.852040, -13.122556,Stair-Up
233975, -0.004150, -0.709106, -0.096313, 4.028321, -55.541980, -4.516602,Stair-Up
233995, -0.079590, -0.643555, -0.086792, 5.920409, -46.813960, 0.061035,Stair-Up
234015, -0.068604, -0.640991, -0.083984, 6.835936, -39.184580, 4.028321,Stair-Up
234035, -0.038086, -0.619873, -0.088867, 5.981444, -38.574220, 5.004884,Stair-Up
234055, -0.039185, -0.637818, -0.104858, 12.268064, -35.827640, 7.751464,Stair-Up
234075, -0.034058, -0.704712, -0.081055, 11.474608, -39.184580, 8.300784,Stair-Up
234095, -0.077515, -0.752075, -0.055298, 10.925290, -39.367680, 8.422854,Stair-Up
234115, -0.102783, -0.817261, -0.060303, 10.009768, -37.109380, 8.728030,Stair-Up
234135, -0.112549, -0.881226, -0.114502, 10.864256, -33.447270, 7.690428,Stair-Up
234155, -0.048706, -0.922608, -0.159668, 10.009768, -30.395500, 9.155274,Stair-Up
234175, -0.014648, -0.958984, -0.155640, 15.075680, -38.818360, 8.178714,Stair-Up
234195, -0.094971, -1.007568, -0.153564, 18.310550, -40.466300, 7.263182,Stair-Up
234215, -0.152710, -1.061158, -0.179810, 17.822270, -32.287600, 5.187988,Stair-Up
234235, -0.088013, -1.073120, -0.198853, 17.761230, -29.968260, 1.953124,Stair-Up
234255, 0.006592, -1.078614, -0.166260, 23.986810, -40.832510, 0.732422,Stair-Up
234275, 0.077393, -1.181030, -0.210938, 49.255360, -72.265640, -2.929687,Stair-Up
234295, 0.153564, -1.279786, -0.208008, 53.466780, -94.604460, 4.699708,Stair-Up
234315, 0.030151, -1.343750, -0.123413, 63.049300, -105.529760, 5.676268,Stair-Up
234335, -0.145020, -1.551148, -0.013550, 57.006820, -83.068840, 9.094240,Stair-Up
234355, -0.167114, -1.652588, 0.036499, 38.330080, -51.818840, 6.469726,Stair-Up
234375, -0.149780, -1.621582, 0.021851, 18.066410, -34.179700, 2.197266,Stair-Up
234395, -0.132568, -1.476074, -0.020142, 2.136231, -16.296390, 2.868652,Stair-Up
234415, -0.091797, -1.280884, -0.057007, -7.324218, -9.216310, 3.601074,Stair-Up
234435, -0.139893, -1.118774, -0.080444, -8.972170, -1.037598, 5.676268,Stair-Up
234455, -0.153687, -1.004028, -0.082031, -10.437010, 9.033204, 8.666994,Stair-Up
234475, -0.153076, -0.946655, -0.070435, -6.958006, 18.005376, 10.192870,Stair-Up
234495, -0.158691, -0.938477, -0.031128, -15.747068, 24.719230, 7.934570,Stair-Up
234515, -0.234009, -0.860596, -0.017334, -21.606440, 33.020020, 4.943848,Stair-Up
234535, -0.232300, -0.807739, -0.004761, -25.634760, 42.297360, -0.183105,Stair-Up
234555, -0.197510, -0.756714, -0.007690, -27.526850, 47.973620, -2.868652,Stair-Up
234575, -0.144409, -0.714844, 0.002197, -29.357908, 45.715320, -2.563476,Stair-Up
234595, -0.133057, -0.669922, 0.006470, -29.602044, 42.480460, 0.732422,Stair-Up
234615, -0.140747, -0.631348, 0.010376, -28.808590, 40.527340, 6.164550,Stair-Up
234635, -0.146606, -0.612671, 0.006348, -22.827140, 38.452160, 10.253904,Stair-Up
234655, -0.141724, -0.673828, 0.021118, -18.005376, 38.452160, 14.160152,Stair-Up
234675, -0.103882, -0.742798, 0.038452, -18.005376, 37.475590, 17.761230,Stair-Up
234695, -0.103394, -0.805176, 0.038330, -16.906740, 34.973150, 19.775390,Stair-Up
234715, -0.106567, -0.933472, 0.032715, -14.770504, 31.616208, 20.385740,Stair-Up
234735, -0.055420, -1.037354, 0.062500, -18.249516, 25.817870, 21.911620,Stair-Up
234755, 0.016113, -1.059570, 0.102661, -23.315424, 14.831540, 23.742670,Stair-Up
234775, -0.025635, -1.072144, 0.071045, -19.470220, 12.145992, 27.648920,Stair-Up
234795, -0.068970, -1.091431, 0.018433, -21.789548, 23.803708, 32.470710,Stair-Up
234815, -0.077515, -1.061036, 0.023560, -19.531250, 40.405260, 37.414560,Stair-Up
234835, -0.047607, -1.062500, 0.022095, -14.831540, 52.795400, 34.362800,Stair-Up
234855, 0.059814, -1.048218, 0.001831, -15.747068, 59.936520, 26.977532,Stair-Up
234875, 0.177612, -1.013916, -0.030396, -13.977050, 65.246600, 21.362300,Stair-Up
234895, 0.248901, -1.098999, -0.026245, -3.540038, 59.814440, 8.483890,Stair-Up
234915, 0.238037, -1.306519, 0.032471, -0.305176, 41.259760, -11.657712,Stair-Up
234935, 0.161499, -1.434814, 0.111206, -18.920900, 24.536130, -46.752920,Stair-Up
234955, 0.314941, -1.415894, 0.128174, -20.019532, 19.470220, -60.852040,Stair-Up
234975, 0.413452, -1.450318, 0.056641, -17.333990, 9.033204, -64.453140,Stair-Up
234995, 0.423462, -1.398804, -0.107910, -20.080560, 6.958006, -55.297840,Stair-Up
235015, 0.431519, -1.202515, -0.199463, -20.446770, 3.356933, -43.029780,Stair-Up
235035, 0.361816, -0.990723, -0.199829, -7.690428, -2.441407, -32.226570,Stair-Up
235055, 0.259766, -0.873535, -0.163086, 0.305176, -2.746581, -23.132320,Stair-Up
235075, 0.245728, -0.790283, -0.144531, 7.812498, 1.098633, -18.127448,Stair-Up
235095, 0.244263, -0.806641, -0.113770, 16.601568, -6.713866, -18.310550,Stair-Up
235115, 0.167847, -0.906006, -0.075195, 17.211920, -14.404296, -24.291990,Stair-Up
235135, 0.159180, -0.938599, -0.051880, 9.521484, -20.935052, -30.029290,Stair-Up
235155, 0.149048, -0.898560, -0.075928, 8.239746, -31.188960, -33.874520,Stair-Up
235175, 0.162231, -0.847778, -0.118164, 8.850100, -38.391120, -31.311030,Stair-Up
235195, 0.131714, -0.781860, -0.152222, 15.380856, -43.518060, -26.550290,Stair-Up
235215, 0.059204, -0.772217, -0.175293, 24.291990, -42.114250, -20.874020,Stair-Up
235235, 0.024048, -0.790528, -0.175781, 27.160640, -38.269050, -17.333990,Stair-Up
235255, -0.043823, -0.779297, -0.191772, 29.602044, -30.273430, -14.770504,Stair-Up
235275, -0.116943, -0.781494, -0.221314, 30.944820, -15.869140, -15.014646,Stair-Up
235295, -0.078857, -0.775635, -0.260376, 29.052730, -2.441407, -14.404296,Stair-Up
235315, -0.005859, -0.771362, -0.259155, 27.832030, -3.967285, -14.404296,Stair-Up
235335, -0.028809, -0.778442, -0.239258, 28.198240, -16.052250, -16.235352,Stair-Up
235355, -0.090210, -0.820435, -0.197632, 25.634760, -19.775390, -17.150880,Stair-Up
235375, -0.082397, -0.878906, -0.165527, 19.531250, -25.939940, -15.624996,Stair-Up
235395, -0.073608, -0.945068, -0.175049, 17.700200, -33.020020, -13.793944,Stair-Up
235415, -0.063232, -0.985962, -0.202759, 12.451170, -40.039070, -8.728030,Stair-Up
235435, -0.107788, -0.978272, -0.227295, 13.000484, -45.227040, -5.493162,Stair-Up
235455, -0.137939, -1.006714, -0.224365, 13.916012, -46.874990, -2.807617,Stair-Up
235475, -0.140381, -1.018799, -0.201294, 16.052250, -48.461900, -2.075196,Stair-Up
235495, -0.154541, -1.042725, -0.202026, 19.165040, -47.912590, -0.793457,Stair-Up
235515, -0.174316, -1.094849, -0.215454, 22.216790, -41.198720, 3.479003,Stair-Up
235535, -0.158081, -1.159180, -0.205566, 20.202630, -33.813480, 7.995604,Stair-Up
235555, -0.144165, -1.164795, -0.181397, 17.822270, -28.015130, 12.817380,Stair-Up
235575, -0.153687, -1.175415, -0.174561, 19.958500, -23.437492, 15.808104,Stair-Up
235595, -0.208130, -1.514282, -0.177124, 38.146980, -8.789064, 16.052250,Stair-Up
235615, -0.139282, -1.845948, -0.144653, 22.399900, 3.173828, 15.197750,Stair-Up
235635, -0.092285, -1.806519, -0.118164, -7.141112, 8.117676, 21.606440,Stair-Up
235655, -0.100708, -1.509034, -0.125488, -18.981940, 11.413570, 31.555170,Stair-Up
235675, -0.106201, -1.286011, -0.137329, -18.493652, 22.583000, 47.912590,Stair-Up
235695, -0.079834, -1.121948, -0.128906, -19.531250, 39.062500, 68.176280,Stair-Up
235715, -0.056396, -1.039307, -0.104492, -13.793944, 49.255360, 82.580560,Stair-Up
235735, -0.025146, -1.045410, -0.080200, -11.169430, 49.255360, 90.209940,Stair-Up
235755, -0.185303, -1.073364, -0.028442, -17.333990, 60.913080, 97.778300,Stair-Up
235775, -0.146851, -0.944702, -0.020142, -17.150880, 75.744640, 77.392600,Stair-Up
235795, -0.075317, -1.043335, 0.004517, -19.531250, 75.683600, 82.397440,Stair-Up
235815, -0.052246, -0.893677, 0.022095, -29.235832, 73.181160, 71.716320,Stair-Up
235835, -0.028076, -0.783447, 0.031494, -34.301760, 63.293440, 66.101100,Stair-Up
235855, -0.026367, -0.653320, 0.024536, -30.883784, 52.917470, 65.307640,Stair-Up
235875, -0.041260, -0.604248, 0.013550, -23.254390, 43.640120, 63.110340,Stair-Up
235895, -0.048462, -0.620117, 0.003418, -16.296390, 36.926280, 60.913080,Stair-Up
235915, -0.052002, -0.664551, 0.002319, -13.610836, 31.982420, 58.715810,Stair-Up
235935, -0.055298, -0.703491, 0.015625, -13.305660, 28.442380, 55.358880,Stair-Up
235955, -0.057373, -0.736816, 0.037476, -13.549804, 26.916500, 49.987780,Stair-Up
235975, -0.073120, -0.771973, 0.048706, -13.671872, 27.282710, 42.724600,Stair-Up
235995, -0.078613, -0.823120, 0.044312, -13.977050, 29.479976, 34.118660,Stair-Up
236015, -0.056641, -0.883423, 0.042236, -12.817380, 28.686520, 22.583000,Stair-Up
236035, -0.020752, -0.974854, 0.048462, -15.014646, 19.409180, 2.624511,Stair-Up
236055, -0.029785, -0.969971, 0.044678, -13.977050, 12.634276, -9.460450,Stair-Up
236075, -0.041016, -0.992920, 0.036865, -8.117676, 6.103514, -22.216790,Stair-Up
236095, -0.028320, -1.071778, 0.038940, -3.662109, 1.953124, -31.005852,Stair-Up
236115, -0.001709, -1.108765, 0.009888, -3.540038, -0.061035, -36.926280,Stair-Up
236135, 0.009766, -1.107666, -0.043213, 2.990722, -3.234863, -40.710440,Stair-Up
236155, -0.009644, -1.237427, -0.093994, 19.348150, -3.601074, -45.837400,Stair-Up
236175, -0.020630, -1.498902, -0.120972, 24.536130, -0.671386, -50.720200,Stair-Up
236195, -0.010132, -1.711060, -0.067261, 13.732908, 3.234863, -55.664060,Stair-Up
236215, 0.060669, -1.772217, -0.009888, 1.403808, 0.427246, -61.157220,Stair-Up
236235, 0.098145, -1.774170, -0.026367, -6.225584, -10.314940, -65.429700,Stair-Up
236255, 0.101196, -1.437378, -0.158447, -21.423332, -25.146480, -63.781730,Stair-Up
236275, 0.084839, -1.133301, -0.288940, -12.023924, -40.283200, -62.438960,Stair-Up
236295, -0.046875, -0.893921, -0.351074, 1.586914, -47.180160, -61.706540,Stair-Up
236315, -0.151001, -0.748535, -0.330933, 12.817380, -34.301760, -58.166500,Stair-Up
236335, -0.162598, -0.732666, -0.291626, 22.399900, -12.145992, -57.373040,Stair-Up
236355, -0.139282, -0.810059, -0.251343, 21.118160, 9.033204, -57.373040,Stair-Up
236375, -0.103027, -0.844604, -0.213989, 11.657712, 21.850580, -58.593740,Stair-Up
236395, -0.090088, -0.836914, -0.185425, 7.141112, 24.353020, -63.598620,Stair-Up
236415, -0.056519, -0.820435, -0.176758, 1.892090, 15.930172, -67.626960,Stair-Up
236435, -0.010010, -0.738892, -0.197022, -0.305176, -2.197266, -69.824240,Stair-Up
236455, 0.008423, -0.663574, -0.230469, 4.760742, -22.644040, -66.101100,Stair-Up
236475, -0.013306, -0.686890, -0.239258, 13.671872, -44.616690, -55.114740,Stair-Up
236495, -0.058594, -0.714966, -0.217896, 13.183590, -53.039540, -46.020500,Stair-Up
236515, -0.126099, -0.743042, -0.194702, 12.023924, -52.612300, -38.391120,Stair-Up
236535, -0.130737, -0.796387, -0.172119, 7.019042, -43.518060, -27.709956,Stair-Up
236555, -0.076172, -0.810425, -0.162231, 0.915527, -36.560060, -15.991210,Stair-Up
236575, -0.039063, -0.814209, -0.175659, 0.000000, -37.658700, -5.554198,Stair-Up
236595, -0.039307, -0.826782, -0.186157, 0.854492, -41.870110, 2.441407,Stair-Up
236615, -0.054932, -0.840698, -0.188721, 2.075196, -44.555660, 9.826660,Stair-Up
236635, -0.061401, -0.838989, -0.188110, 5.126952, -47.912590, 12.817380,Stair-Up
236655, -0.098267, -0.867066, -0.211182, 10.620116, -46.203600, 13.854978,Stair-Up
236675, -0.115967, -0.902222, -0.223267, 9.826660, -39.611820, 14.953610,Stair-Up
236695, -0.119141, -0.890625, -0.226807, 12.268064, -29.846190, 13.305660,Stair-Up
236715, -0.136475, -0.908692, -0.240234, 14.404296, -21.240230, 11.962890,Stair-Up
236735, -0.146851, -0.909058, -0.271240, 15.319820, -11.962890, 8.789064,Stair-Up
236755, -0.150879, -0.888062, -0.283081, 16.662600, -4.028321, 6.347656,Stair-Up
236775, -0.137939, -0.889648, -0.260498, 20.629880, 0.183105, 2.929687,Stair-Up
236795, -0.140259, -0.954956, -0.240845, 23.986810, 6.347656, 1.464844,Stair-Up
236815, -0.104004, -1.043946, -0.234741, 24.414060, 12.145992, 0.915527,Stair-Up
236835, -0.040894, -1.137696, -0.222290, 25.390620, 8.422854, 1.098633,Stair-Up
236855, -0.028320, -1.275146, -0.190918, 31.616208, -1.403808, -1.098633,Stair-Up
236875, -0.056152, -1.487915, -0.154053, 36.926280, -6.652830, -4.089356,Stair-Up
236895, -0.009399, -1.795776, -0.117065, 32.226570, -5.981444, -5.676268,Stair-Up
236915, 0.128906, -1.859253, -0.030029, -15.563964, -16.296390, 16.479492,Stair-Up
236935, 0.012695, -1.298584, -0.099365, -22.338860, -31.616208, 33.508300,Stair-Up
236955, -0.119995, -1.117554, -0.143921, -2.563476, -32.226570, 44.799800,Stair-Up
236975, -0.077271, -1.078125, -0.211426, 1.525878, -26.306150, 60.302720,Stair-Up
236995, -0.056641, -1.011963, -0.208008, 1.892090, -37.048340, 69.030760,Stair-Up
237015, -0.141357, -0.979126, -0.125122, 19.836430, -36.865240, 63.476560,Stair-Up
237035, -0.204224, -1.044190, -0.065674, 21.728510, -21.118160, 68.481460,Stair-Up
237055, -0.332764, -1.009888, -0.067017, 10.742184, 30.517570, 76.477060,Stair-Up
237075, -0.216431, -0.965698, -0.065186, 3.051757, 62.316880, 67.626960,Stair-Up
237095, -0.117188, -0.866699, -0.047852, 11.535644, 84.411600, 48.400870,Stair-Up
237115, -0.082153, -0.918579, -0.056152, -8.361816, 84.411600, 60.974110,Stair-Up
237135, -0.150757, -0.706177, -0.043457, 6.225584, 96.130360, 63.720700,Stair-Up
237155, -0.154907, -0.781250, -0.040771, 2.075196, 102.478000, 57.800280,Stair-Up
237175, -0.135010, -0.750854, -0.026978, -4.455568, 105.285640, 55.297840,Stair-Up
237195, -0.115723, -0.704468, -0.020020, -6.835936, 99.426260, 47.058100,Stair-Up
237215, -0.109131, -0.691162, -0.012085, -7.812498, 91.613760, 40.283200,Stair-Up
237235, -0.066772, -0.680542, -0.004761, -8.911134, 83.374000, 34.545900,Stair-Up
237255, -0.053223, -0.712036, -0.003540, -6.835936, 72.387700, 30.029290,Stair-Up
237275, -0.058105, -0.755371, -0.001221, -7.812498, 60.424800, 23.376460,Stair-Up
237295, -0.054443, -0.771729, 0.007690, -9.460450, 49.682610, 16.906740,Stair-Up
237315, -0.057373, -0.792480, 0.012085, -6.958006, 40.161120, 8.422854,Stair-Up
237335, -0.085083, -0.887940, 0.013550, -5.371092, 30.883784, -6.408690,Stair-Up
237355, -0.068970, -0.992798, 0.020874, -11.535644, 26.306150, -16.601568,Stair-Up
237375, -0.063110, -0.956177, 0.008179, -14.221190, 17.456060, -25.268550,Stair-Up
237395, -0.074341, -0.932984, 0.003906, -8.483890, 8.178714, -35.034180,Stair-Up
237415, -0.072144, -1.010620, 0.000000, -1.525878, 3.784179, -40.832510,Stair-Up
237455, -0.088989, -1.056885, -0.066406, -1.892090, -1.892090, -45.166000,Stair-Up
237475, -0.148315, -1.087402, -0.129395, 5.126952, 1.281738, -48.339840,Stair-Up
237495, -0.160034, -1.220459, -0.140747, 7.385252, 11.840818, -48.095700,Stair-Up
237515, -0.073364, -1.400269, -0.052246, 7.629394, 16.967780, -45.532220,Stair-Up
237535, 0.046631, -1.716553, 0.042236, 14.282224, 8.850100, -47.119130,Stair-Up
237555, 0.096313, -1.711426, -0.019409, -27.282710, -22.338860, -36.560060,Stair-Up
237575, 0.045166, -1.189576, -0.183960, -21.118160, -45.715320, -32.287600,Stair-Up
237595, 0.000366, -0.862671, -0.277222, -2.990722, -60.485830, -24.719230,Stair-Up
237615, -0.138794, -0.607422, -0.285400, 5.371092, -53.466780, -6.774902,Stair-Up
237635, -0.328980, -0.495972, -0.311890, 20.080560, -17.700200, 2.380371,Stair-Up
237655, -0.387329, -0.571533, -0.333984, 13.366696, 26.855464, 18.188480,Stair-Up
237675, -0.281494, -0.570923, -0.306396, 5.310058, 53.527820, 19.897460,Stair-Up
237695, -0.186035, -0.662720, -0.261230, 3.479003, 58.593740, 19.958500,Stair-Up
237715, -0.117798, -0.781616, -0.221802, -0.244141, 57.983390, 20.385740,Stair-Up
237735, 0.013550, -0.935425, -0.211548, -2.807617, 43.090810, 19.897460,Stair-Up
237755, 0.103882, -1.073242, -0.188232, -8.850100, 9.155274, 19.775390,Stair-Up
237775, 0.059326, -1.084106, -0.156982, -18.676760, -43.334950, 20.141600,Stair-Up
237795, 0.030518, -1.010132, -0.163818, -17.333990, -74.951180, 18.127448,Stair-Up
237815, -0.025879, -0.922730, -0.199829, -11.230468, -97.290020, 16.357424,Stair-Up
237835, -0.084961, -0.843628, -0.244751, -6.042480, -103.332500, 17.944340,Stair-Up
237855, -0.142578, -0.757202, -0.279297, 2.929687, -96.679660, 16.784670,Stair-Up
237875, -0.270020, -0.752564, -0.283814, 15.075680, -66.711440, 11.108396,Stair-Up
237895, -0.329468, -0.828980, -0.296143, 13.122556, -8.850100, 7.690428,Stair-Up
237915, -0.204834, -0.778076, -0.315186, 2.441407, 38.452160, 5.615234,Stair-Up
237935, -0.152832, -0.713867, -0.323242, 9.704590, 58.410640, -7.690428,Stair-Up
237955, -0.138550, -0.796021, -0.307495, 11.474608, 67.016600, -17.639160,Stair-Up
237975, -0.112427, -0.830688, -0.284790, 15.563964, 80.932600, -20.141600,Stair-Up
237995, -0.022339, -0.860840, -0.255737, 14.038084, 77.941900, -21.362300,Stair-Up
238015, 0.000366, -0.892090, -0.267822, 17.028810, 60.546860, -21.179192,Stair-Up
238035, 0.008057, -0.898560, -0.266602, 17.822270, 40.283200, -21.728510,Stair-Up
238055, 0.025391, -0.919190, -0.254272, 21.362300, 13.549804, -23.742670,Stair-Up
238075, -0.013062, -0.968140, -0.239014, 26.550290, -5.249022, -23.498530,Stair-Up
238095, -0.045654, -1.027710, -0.234985, 25.329584, -13.549804, -22.033690,Stair-Up
238115, -0.052490, -1.042114, -0.235230, 23.193352, -20.385740, -21.423332,Stair-Up
238135, -0.098267, -1.085694, -0.231812, 30.578610, -25.756830, -26.000970,Stair-Up
238155, -0.144653, -1.320679, -0.234985, 43.090810, -23.864740, -36.743170,Stair-Up
238175, -0.171875, -1.565796, -0.235230, 38.879400, -15.136716, -46.142570,Stair-Up
238215, -0.167969, -1.495240, -0.283814, -20.935052, 11.596676, -52.124020,Stair-Up
238235, -0.161499, -0.760498, -0.249512, -31.127924, 15.014646, -28.442380,Stair-Up
238255, -0.236206, -0.481445, -0.212891, 1.647949, 23.193352, -6.958006,Stair-Up
238275, -0.244507, -0.782837, -0.227295, 13.122556, 52.734360, 17.700200,Stair-Up
238295, -0.209717, -0.932495, -0.227173, -10.742184, 76.355000, 41.198720,Stair-Up
238315, -0.191406, -0.957642, -0.187378, -8.728030, 79.223640, 43.151840,Stair-Up
238335, -0.153931, -1.162598, -0.114624, -11.169430, 75.195320, 40.344230,Stair-Up
238355, -0.049927, -1.216919, -0.045166, -32.104500, 67.993180, 43.090810,Stair-Up
238375, 0.054565, -1.089600, -0.006714, -37.658700, 45.776360, 44.860830,Stair-Up
238395, 0.099976, -1.062744, 0.001099, -33.020020, 11.657712, 46.203600,Stair-Up
238415, 0.083496, -1.030518, -0.026245, -32.287600, -23.986810, 48.828120,Stair-Up
238435, 0.007202, -0.953858, -0.040649, -26.611320, -64.392100, 49.194320,Stair-Up
238455, -0.021973, -0.930054, -0.022827, -21.850580, -86.547840, 45.959460,Stair-Up
238475, -0.093262, -0.930298, -0.004028, -18.981940, -96.313460, 42.419420,Stair-Up
238495, -0.110107, -0.936768, 0.007446, -18.615724, -94.665500, 39.978040,Stair-Up
238515, -0.113647, -0.947876, 0.016602, -18.859868, -88.867160, 37.780760,Stair-Up
238535, -0.130371, -0.941406, 0.011475, -19.226080, -79.162600, 34.851080,Stair-Up
238555, -0.128662, -0.935913, 0.000244, -17.028810, -68.115240, 31.860350,Stair-Up
238575, -0.127441, -0.943604, -0.006470, -13.610836, -58.593740, 25.756830,Stair-Up
238595, -0.142212, -0.944214, -0.021606, -10.253904, -47.729480, 20.080560,Stair-Up
238615, -0.169189, -0.932984, -0.034058, -7.324218, -33.508300, 12.756344,Stair-Up
238635, -0.181030, -0.914185, -0.041260, -4.455568, -14.831540, 5.981444,Stair-Up
238655, -0.177490, -0.911011, -0.054199, -0.976562, 15.747068, -2.197266,Stair-Up
238675, -0.162720, -0.940430, -0.068359, 1.281738, 33.386240, -7.934570,Stair-Up
238695, -0.167847, -0.995362, -0.072632, 2.563476, 50.781240, -14.709470,Stair-Up
238715, -0.132935, -1.034912, -0.067993, -0.427246, 66.772460, -18.127448,Stair-Up
238735, -0.110352, -1.096070, -0.088501, 5.310058, 75.195320, -25.329584,Stair-Up
238755, -0.090820, -1.267700, -0.082031, 6.835936, 81.726060, -33.386240,Stair-Up
238775, 0.021729, -1.364258, -0.026611, -1.892090, 77.087400, -38.635260,Stair-Up
238795, 0.101440, -1.423706, -0.002930, 5.493162, 53.527820, -49.499500,Stair-Up
238815, 0.099976, -1.574585, -0.016846, 12.023924, 24.047850, -62.866200,Stair-Up
238835, 0.052124, -1.654786, -0.051758, 15.319820, -5.676268, -76.232920,Stair-Up
238855, 0.014893, -1.614624, -0.076294, 13.977050, -35.339360, -89.294400,Stair-Up
238875, -0.111328, -1.315552, -0.171997, 13.977050, -50.598140, -95.153800,Stair-Up
238895, -0.092285, -1.051758, -0.269043, 9.460450, -42.297360, -83.068840,Stair-Up
238915, -0.121216, -0.794434, -0.305054, 14.099120, -26.550290, -66.772460,Stair-Up
238935, -0.206543, -0.747925, -0.298096, 19.165040, 5.371092, -43.823240,Stair-Up
238955, -0.224365, -0.820557, -0.286255, 13.183590, 39.550780, -29.724120,Stair-Up
238975, -0.256958, -0.839478, -0.386841, 1.525878, 62.866200, -23.315424,Stair-Up
238995, -0.133179, -0.825562, -0.457398, -4.333496, 73.059100, -13.854978,Stair-Up
239015, 0.077148, -0.807373, -0.399658, -3.601074, 51.452620, -7.629394,Stair-Up
239035, 0.438110, -0.724854, -0.123901, -7.934570, 8.850100, 0.427246,Stair-Up
239055, 0.533203, -0.631104, 0.039429, -2.868652, -24.536130, 19.958500,Stair-Up
239075, 0.197144, -0.723633, -0.006104, 0.610352, -33.142100, 26.550290,Stair-Up
239095, 0.144897, -0.825318, -0.142944, -27.954100, -27.221676, 23.864740,Stair-Up
239115, 0.228516, -0.739746, -0.214233, -25.756830, -39.733900, 16.113284,Stair-Up
239135, 0.215698, -0.775757, -0.256958, -19.653320, -48.583980, 14.892576,Stair-Up
239155, 0.193604, -0.799683, -0.272217, -13.854978, -58.105460, 15.563964,Stair-Up
239175, 0.196167, -0.817505, -0.272827, -4.882814, -69.396980, 15.014646,Stair-Up
239195, 0.205933, -0.844604, -0.273071, 3.295898, -80.688460, 18.188480,Stair-Up
239215, 0.187012, -0.847290, -0.288818, 8.117676, -90.087860, 21.301268,Stair-Up
239235, 0.152710, -0.856812, -0.286255, 11.291500, -94.299300, 25.085448,Stair-Up
239255, 0.106201, -0.859009, -0.225342, 10.314940, -101.318340, 25.268550,Stair-Up
239275, 0.014526, -0.839844, -0.170166, 11.413570, -108.398420, 19.165040,Stair-Up
239295, -0.056763, -0.848022, -0.161011, 13.244628, -103.698700, 11.108396,Stair-Up
239315, -0.097412, -0.881958, -0.197998, 13.366696, -86.547840, -0.366211,Stair-Up
239335, -0.097900, -0.917847, -0.204346, 15.808104, -74.462900, -7.507323,Stair-Up
239355, -0.102417, -0.961792, -0.177856, 16.479492, -64.392100, -15.136716,Stair-Up
239395, -0.154785, -0.946533, -0.166138, 14.465330, -38.574220, -26.000970,Stair-Up
239415, -0.131226, -0.903198, -0.158447, 14.648436, -25.024410, -28.869624,Stair-Up
239435, -0.110352, -0.919556, -0.131348, 20.507810, -16.174320, -32.348640,Stair-Up
239455, -0.109497, -0.981201, -0.104492, 21.911620, -12.573240, -38.024910,Stair-Up
239475, -0.152832, -1.015625, -0.098022, 21.484370, -5.920409, -43.395980,Stair-Up
239495, -0.155518, -1.078492, -0.085449, 25.451652, -3.723144, -50.964340,Stair-Up
239515, -0.123169, -1.275269, -0.066284, 35.095220, -7.568358, -61.706540,Stair-Up
239535, -0.135620, -1.730103, -0.050293, 37.719730, -11.962890, -69.458020,Stair-Up
239555, -0.237061, -1.954224, -0.058838, 18.981940, -15.258788, -72.937020,Stair-Up
239575, -0.350586, -1.823975, -0.046387, -1.892090, -12.268064, -66.650400,Stair-Up
239595, -0.382324, -1.576660, -0.025024, -9.643556, 4.882814, -48.339840,Stair-Up
239615, -0.166504, -1.333008, -0.045166, -14.953610, 32.714850, -13.122556,Stair-Up
239635, 0.047852, -1.106202, -0.130249, -11.352536, 47.180160, 28.137200,Stair-Up
239655, -0.027466, -1.001221, -0.151489, 4.333496, 47.241200, 62.011710,Stair-Up
239675, -0.138184, -1.051514, -0.143677, 14.648436, 41.625960, 79.345700,Stair-Up
239695, -0.212036, -1.067871, -0.098999, 14.343260, 38.269050, 90.820300,Stair-Up
239715, -0.251343, -1.023560, -0.036621, 13.671872, 38.208020, 93.811020,Stair-Up
239735, -0.264771, -0.981568, 0.010864, 10.192870, 44.311520, 93.566880,Stair-Up
239755, -0.242798, -0.877930, 0.029297, -1.220704, 65.979020, 95.581040,Stair-Up
239775, -0.196167, -0.812622, 0.029175, -6.042480, 75.317400, 96.069320,Stair-Up
239795, -0.165649, -0.744995, 0.022095, -9.704590, 77.148440, 94.360340,Stair-Up
239815, -0.148438, -0.690308, 0.016724, -8.789064, 74.951180, 92.163060,Stair-Up
239835, -0.129272, -0.688965, 0.014648, -7.385252, 70.495620, 88.989240,Stair-Up
239855, -0.101196, -0.687622, 0.023560, -8.422854, 63.903800, 86.059560,Stair-Up
239875, -0.101807, -0.686402, 0.035889, -7.873534, 57.189930, 81.848140,Stair-Up
239895, -0.110107, -0.712524, 0.059448, -7.629394, 53.283680, 76.843260,Stair-Up
239915, -0.104736, -0.762573, 0.072266, -7.019042, 50.170890, 70.373540,Stair-Up
239935, -0.089600, -0.845947, 0.086670, -8.422854, 47.302240, 62.683100,Stair-Up
239955, -0.075684, -0.906494, 0.094116, -12.329100, 44.860830, 53.466780,Stair-Up
239975, -0.061279, -0.933960, 0.078613, -16.845708, 38.269050, 34.912120,Stair-Up
239995, -0.070435, -0.942017, 0.053467, -14.526364, 32.714850, 20.935052,Stair-Up
240015, -0.096313, -0.968628, 0.034668, -11.657712, 30.883784, 7.385252,Stair-Up
240035, -0.107544, -0.955444, 0.033691, -13.854978, 32.348640, -4.028321,Stair-Up
240055, -0.105347, -0.898071, 0.024292, -8.789064, 36.499030, -14.709470,Stair-Up
240075, -0.118286, -0.932495, -0.005371, 1.708984, 45.288080, -23.620600,Stair-Up
240095, -0.099365, -1.017700, -0.026245, 5.615234, 56.030260, -30.029290,Stair-Up
240115, -0.017700, -1.041992, -0.025635, 5.859374, 57.617180, -34.851080,Stair-Up
240135, 0.102905, -1.027588, -0.031738, 15.991210, 37.292480, -39.917000,Stair-Up
240155, 0.090210, -1.239136, -0.021240, 44.372550, 11.901852, -48.767080,Stair-Up
240175, 0.099121, -1.630127, 0.025513, 43.762200, -3.173828, -58.593740,Stair-Up
240195, 0.052734, -1.758301, -0.007202, 22.399900, -22.888180, -79.956060,Stair-Up
240215, -0.104614, -1.803955, -0.062256, 14.221190, -28.259270, -98.388660,Stair-Up
240235, -0.218140, -1.714600, -0.111084, -6.713866, -19.165040, -110.595680,Stair-Up
240255, -0.184814, -1.373169, -0.146484, -26.794430, -1.647949, -110.839820,Stair-Up
240275, 0.003296, -0.959229, -0.180420, -30.334470, 20.568840, -90.820300,Stair-Up
240295, 0.190796, -0.743896, -0.184204, -6.896972, 35.583500, -62.561020,Stair-Up
240315, 0.221924, -0.895996, -0.117310, 18.920900, 38.574220, -42.053220,Stair-Up
240335, 0.147339, -1.098633, -0.044800, 9.704590, 34.301760, -32.287600,Stair-Up
240355, 0.133545, -0.985962, -0.025879, -4.089356, 20.874020, -32.470710,Stair-Up
240375, 0.145142, -0.798218, -0.042725, -0.854492, 2.075196, -34.729010,Stair-Up
240395, 0.163086, -0.675049, -0.074585, 6.835936, -17.700200, -35.583500,Stair-Up
240415, 0.093872, -0.528564, -0.068237, 18.310550, -45.837400, -36.071780,Stair-Up
240435, -0.005859, -0.499390, -0.043335, 25.085448, -58.471670, -37.658700,Stair-Up
240455, -0.077148, -0.519898, -0.028320, 29.113768, -66.040040, -39.245610,Stair-Up
240475, -0.090088, -0.567627, -0.033691, 29.785150, -74.279800, -41.076650,Stair-Up
240495, -0.054321, -0.622803, -0.040771, 31.616208, -89.599600, -45.104970,Stair-Up
240515, -0.115845, -0.682984, -0.067505, 33.813480, -101.562480, -48.278800,Stair-Up
240535, -0.181152, -0.757446, -0.099487, 35.705570, -100.830060, -50.781240,Stair-Up
240555, -0.205078, -0.868042, -0.142212, 39.306640, -93.566880, -52.490220,Stair-Up
240575, -0.210327, -1.014893, -0.149902, 35.339360, -89.782700, -52.612300,Stair-Up
240595, -0.210571, -1.067505, -0.129150, 26.367180, -90.393060, -53.039540,Stair-Up
240615, -0.249268, -1.079712, -0.125610, 23.315424, -83.251940, -48.583980,Stair-Up
240635, -0.257935, -1.084228, -0.203369, 18.371584, -63.232410, -32.348640,Stair-Up
240655, -0.240112, -1.075196, -0.257813, 19.836430, -56.396480, -19.653320,Stair-Up
240675, -0.231079, -1.063721, -0.264893, 20.690910, -46.813960, -2.929687,Stair-Up
240695, -0.248535, -1.079468, -0.239990, 21.911620, -34.118660, 13.427732,Stair-Up
240715, -0.256714, -1.101562, -0.209229, 18.310550, -18.554690, 27.038570,Stair-Up
240735, -0.201660, -1.147828, -0.182983, 17.700200, -10.131832, 36.987310,Stair-Up
240755, -0.160400, -1.206177, -0.166992, 12.512204, -10.375976, 42.907700,Stair-Up
240775, -0.121460, -1.237061, -0.135742, 9.216310, -15.014646, 48.706040,Stair-Up
240795, -0.119995, -1.399780, -0.105347, 18.554690, -18.981940, 52.185050,Stair-Up
240815, -0.159790, -1.650269, -0.091797, 14.709470, -10.803220, 54.931630,Stair-Up
240835, -0.154175, -1.824829, -0.111206, 1.892090, 0.244141, 49.865720,Stair-Up
240855, -0.094971, -1.616578, -0.104614, -24.291990, 1.220704, 42.724600,Stair-Up
240875, -0.133911, -1.371582, -0.092773, -21.362300, 7.507323, 42.602530,Stair-Up
240895, -0.197632, -1.224976, -0.099731, -15.563964, 25.695796, 47.241200,Stair-Up
240915, -0.207031, -1.147339, -0.101318, -9.582520, 50.048820, 54.809560,Stair-Up
240935, -0.136230, -1.168946, -0.064331, -4.760742, 65.002440, 60.791000,Stair-Up
240955, -0.076416, -1.149902, -0.025513, -9.277344, 68.664560, 67.993180,Stair-Up
240975, -0.073486, -1.062744, 0.006836, -9.948730, 70.190440, 76.538100,Stair-Up
240995, -0.059570, -1.010376, 0.027100, -7.995604, 71.533200, 83.129860,Stair-Up
241015, -0.055054, -0.940186, 0.022827, -11.535644, 71.411140, 89.111300,Stair-Up
241035, -0.072266, -0.823486, 0.026489, -13.122556, 70.678720, 91.979960,Stair-Up
241055, -0.082764, -0.710938, 0.020996, -11.108396, 68.847660, 90.881340,Stair-Up
241075, -0.141724, -0.615967, 0.015137, -6.225584, 72.570800, 84.716780,Stair-Up
241095, -0.136475, -0.585571, 0.019287, -4.760742, 79.162600, 78.979500,Stair-Up
241115, -0.128906, -0.573242, 0.032715, -4.821778, 84.655740, 72.143560,Stair-Up
241135, -0.134522, -0.563599, 0.042114, -6.164550, 88.623040, 64.086940,Stair-Up
241155, -0.131958, -0.593384, 0.038330, -4.455568, 90.270980, 53.527820,Stair-Up
241175, -0.110474, -0.698364, 0.045044, -4.943848, 88.989240, 41.625960,Stair-Up
241195, -0.069702, -0.789917, 0.066528, -13.061520, 83.801260, 29.418940,Stair-Up
241215, -0.037842, -0.833252, 0.081177, -18.981940, 74.829100, 15.502928,Stair-Up
241235, -0.021484, -0.895386, 0.073853, -18.432620, 62.255850, 0.793457,Stair-Up
241255, -0.005249, -1.036499, 0.073486, -16.113284, 47.729480, -15.014646,Stair-Up
241275, 0.027832, -1.132568, 0.072388, -22.338860, 31.311030, -29.174800,Stair-Up
241295, 0.024780, -1.093262, 0.030640, -20.629880, 4.272462, -46.020500,Stair-Up
241315, 0.017456, -1.138428, -0.009033, -3.479003, -6.835936, -55.175770,Stair-Up
241335, 0.046631, -1.328980, -0.022949, 9.643556, -7.385252, -59.204090,Stair-Up
241355, 0.084717, -1.472534, 0.003784, 4.028321, -0.793457, -56.274400,Stair-Up
241375, 0.120117, -1.500854, 0.041016, 0.244141, 1.831054, -54.748520,Stair-Up
241395, 0.084595, -1.520630, 0.023926, 3.601074, 1.770019, -58.227530,Stair-Up
241415, -0.000244, -1.578980, -0.082764, 6.286620, 10.375976, -65.368660,Stair-Up
241435, 0.022095, -1.541626, -0.169556, -1.647949, 13.916012, -74.829100,Stair-Up
241455, 0.108276, -1.279663, -0.242188, -2.075196, 6.713866, -84.228500,Stair-Up
241475, 0.108765, -1.019898, -0.293579, 7.934570, 0.488281, -79.223640,Stair-Up
241495, 0.072388, -0.863770, -0.318970, 19.958500, 6.713866, -64.819340,Stair-Up
241515, 0.084106, -0.896606, -0.271729, 29.418940, 25.024410, -41.687000,Stair-Up
241535, 0.094604, -0.969360, -0.233765, 24.597160, 26.000970, -35.034180,Stair-Up
241555, 0.079102, -0.929321, -0.180908, 11.962890, 16.540530, -32.531740,Stair-Up
241575, 0.089966, -0.796387, -0.155518, 5.920409, 0.122070, -32.165540,Stair-Up
241595, 0.078857, -0.668701, -0.166626, 7.385252, -18.676760, -29.174800,Stair-Up
241615, 0.026367, -0.599610, -0.217651, 15.441892, -38.513190, -28.930660,Stair-Up
241635, -0.044189, -0.598999, -0.266724, 23.681636, -53.283680, -32.958990,Stair-Up
241655, -0.036743, -0.601318, -0.229858, 24.169920, -58.837880, -35.217290,Stair-Up
241675, -0.020752, -0.574219, -0.169556, 24.414060, -60.974110, -32.470710,Stair-Up
241695, -0.106812, -0.601318, -0.142334, 26.367180, -60.363760, -32.836920,Stair-Up
241715, -0.148926, -0.682862, -0.124023, 23.132320, -54.199210, -32.653820,Stair-Up
241735, -0.063232, -0.741577, -0.118408, 19.958500, -61.035140, -34.729010,Stair-Up
241755, -0.061157, -0.812256, -0.136230, 25.878900, -71.594240, -34.423840,Stair-Up
241795, -0.035767, -0.981568, -0.177612, 32.958990, -97.595200, -35.095220,Stair-Up
241815, -0.122070, -1.039062, -0.209106, 35.217290, -105.651840, -34.790040,Stair-Up
241835, -0.176147, -1.059082, -0.221558, 32.714850, -104.125960, -33.264160,Stair-Up
241855, -0.154541, -1.055542, -0.231934, 34.484870, -104.187000, -30.456540,Stair-Up
241875, -0.218018, -1.111450, -0.228882, 35.034180, -94.665500, -23.864740,Stair-Up
241895, -0.220215, -1.130982, -0.237549, 27.160640, -76.293960, -12.390136,Stair-Up
241915, -0.176147, -1.093018, -0.265259, 26.123040, -68.969740, -3.601074,Stair-Up
241935, -0.213501, -1.095459, -0.271606, 30.029290, -60.913080, 5.798338,Stair-Up
241955, -0.220703, -1.240967, -0.218262, 36.865240, -46.752920, 12.939450,Stair-Up
241975, -0.264404, -1.514893, -0.212280, 43.762200, -29.357908, 15.747068,Stair-Up
241995, -0.322266, -1.846436, -0.225464, 31.005852, -3.540038, 14.038084,Stair-Up
242015, -0.182495, -1.831543, -0.193604, -6.591796, 9.033204, 16.235352,Stair-Up
242035, -0.038696, -1.424561, -0.176514, -16.784670, -0.061035, 25.573724,Stair-Up
242055, -0.126221, -1.234375, -0.205688, -3.723144, 1.037598, 41.992180,Stair-Up
242075, -0.182617, -1.154541, -0.196167, -6.652830, 19.897460, 61.340320,Stair-Up
242095, -0.171631, -1.098999, -0.147705, -2.441407, 33.020020, 72.021500,Stair-Up
242115, -0.203735, -1.191650, -0.112061, 1.770019, 44.677720, 74.646000,Stair-Up
242135, -0.196289, -1.242432, -0.072266, -11.474608, 61.279280, 77.758800,Stair-Up
242155, -0.135864, -1.166626, -0.029053, -21.484370, 77.270520, 77.819840,Stair-Up
242175, -0.076416, -1.033081, 0.008057, -28.503410, 80.444320, 79.223640,Stair-Up
242195, -0.059570, -0.891113, -0.007080, -29.785150, 79.406740, 81.359840,Stair-Up
242215, -0.057739, -0.784790, -0.012329, -27.221676, 75.134300, 82.458480,Stair-Up
242235, -0.048950, -0.702637, -0.007080, -25.634760, 68.481460, 83.312960,Stair-Up
242255, -0.062500, -0.624146, 0.004395, -23.193352, 63.293440, 82.702620,Stair-Up
242275, -0.089844, -0.599487, 0.014282, -18.676760, 63.049300, 81.665020,Stair-Up
242295, -0.104614, -0.644165, 0.027710, -15.930172, 64.880380, 77.209480,Stair-Up
242315, -0.094238, -0.727539, 0.045410, -19.104010, 66.345240, 71.716320,Stair-Up
242335, -0.082031, -0.759522, 0.057495, -25.939940, 65.673840, 63.842760,Stair-Up
242355, -0.055176, -0.764282, 0.063721, -29.113768, 62.255850, 54.443350,Stair-Up
242375, -0.013550, -0.782593, 0.068237, -24.597160, 45.410140, 41.320790,Stair-Up
242395, 0.018555, -0.927490, 0.061646, -14.526364, 28.015130, 29.296870,Stair-Up
242415, 0.003540, -1.053955, 0.065918, -16.845708, 14.099120, 18.676760,Stair-Up
242435, 0.017822, -1.034058, 0.075684, -20.324700, -2.685546, 5.676268,Stair-Up
242455, -0.025757, -0.976929, 0.045410, -10.070800, -20.446770, -9.521484,Stair-Up
242475, -0.049438, -1.063965, 0.002197, 6.713866, -27.282710, -23.742670,Stair-Up
242495, -0.037720, -1.177978, -0.031128, 7.934570, -25.695796, -29.724120,Stair-Up
242515, -0.083130, -1.163818, -0.054077, 4.272462, -18.310550, -33.447270,Stair-Up
242535, -0.106689, -1.174438, -0.080200, 14.953610, -9.582520, -41.137680,Stair-Up
242555, -0.055664, -1.450440, -0.073486, 35.888680, -6.408690, -54.260240,Stair-Up
242575, 0.092651, -1.780884, -0.019287, 26.733390, -18.554690, -65.124520,Stair-Up
242595, 0.467774, -1.650146, -0.023193, 6.713866, -119.323700, -69.763200,Stair-Up
242615, 0.157471, -1.359620, -0.105225, 30.578610, -184.753400, -68.298340,Stair-Up
242635, -0.281860, -1.366700, -0.201050, 20.446770, -181.640600, -60.668940,Stair-Up
242655, -0.394287, -1.115845, -0.246216, 0.427246, -145.690920, -49.926750,Stair-Up
242675, -0.497681, -0.934692, -0.235107, -0.061035, -104.309060, -40.832510,Stair-Up
242695, -0.542603, -0.926514, -0.229614, -0.549316, -55.053700, -40.344230,Stair-Up
242715, -0.453735, -0.962402, -0.251343, -12.084960, -7.629394, -34.606940,Stair-Up
242735, -0.320923, -0.893555, -0.238525, -22.521970, 24.108880, -29.602044,Stair-Up
242755, -0.163818, -0.810059, -0.233521, -20.812980, 26.489250, -28.991692,Stair-Up
242775, -0.159790, -0.758667, -0.232178, -18.249516, 8.544924, -35.583500,Stair-Up
242795, -0.229614, -0.667969, -0.214478, -16.052250, -0.549316, -38.208020,Stair-Up
242815, -0.246948, -0.589844, -0.179443, -8.666994, -1.892090, -41.381820,Stair-Up
242835, -0.244995, -0.587646, -0.159546, -5.065916, 3.845214, -40.405260,Stair-Up
242855, -0.205811, -0.583252, -0.154053, -3.601074, 6.469726, -39.062500,Stair-Up
242875, -0.184204, -0.582276, -0.142822, -1.342773, 6.958006, -34.240730,Stair-Up
242895, -0.167114, -0.617798, -0.140747, 1.525878, 3.295898, -28.015130,Stair-Up
242915, -0.168579, -0.679810, -0.130005, 4.516602, -2.014160, -22.155760,Stair-Up
242935, -0.128418, -0.763794, -0.118408, 4.638672, -10.009768, -15.808104,Stair-Up
242955, -0.093262, -0.803589, -0.145142, 5.920409, -22.521970, -10.375976,Stair-Up
242975, -0.093872, -0.857056, -0.168213, 9.460450, -31.372068, -4.760742,Stair-Up
242995, -0.062988, -0.944824, -0.161377, 11.779784, -37.658700, 2.502442,Stair-Up
243015, -0.068848, -1.016114, -0.138062, 10.742184, -48.400870, 7.385252,Stair-Up
243035, -0.172241, -1.087646, -0.147339, 13.061520, -56.640620, 6.896972,Stair-Up
243055, -0.185181, -1.107300, -0.172485, 12.817380, -52.856440, 4.089356,Stair-Up
243075, -0.167847, -1.122314, -0.191650, 15.930172, -50.170890, -0.183105,Stair-Up
243095, -0.171875, -1.112549, -0.196045, 17.272950, -47.607410, -3.356933,Stair-Up
243115, -0.211914, -1.095093, -0.194946, 21.362300, -38.513190, -4.699708,Stair-Up
243135, -0.230835, -1.146118, -0.196167, 28.991692, -25.329584, -7.202148,Stair-Up
243155, -0.226318, -1.357056, -0.212524, 43.579090, -16.906740, -15.136716,Stair-Up
243175, -0.259766, -1.673828, -0.213745, 43.151840, -9.765626, -25.573724,Stair-Up
243195, -0.258545, -1.855469, -0.174194, 23.193352, -0.732422, -35.888680,Stair-Up
243215, -0.213745, -1.676392, -0.146729, -1.647949, 5.126952, -38.513190,Stair-Up
243235, -0.240723, -1.351440, -0.179199, -7.568358, 16.540530, -29.235832,Stair-Up
243255, -0.224731, -0.987305, -0.232178, -6.835936, 31.005852, -6.164550,Stair-Up
243275, -0.406128, -0.923340, -0.181030, 5.920409, 66.345240, 10.620116,Stair-Up
243295, -0.354736, -0.966553, -0.136108, 4.943848, 104.736300, 13.427732,Stair-Up
243315, -0.274292, -1.044068, -0.105225, -0.061035, 127.929680, 38.085940,Stair-Up
243335, -0.178711, -0.896240, -0.101807, -10.437010, 125.976540, 28.930660,Stair-Up
243355, -0.178955, -0.850220, -0.069824, -6.835936, 128.112800, 40.039070,Stair-Up
243375, -0.098389, -0.796021, -0.041626, -17.395020, 115.722640, 44.921860,Stair-Up
243395, -0.089600, -0.691040, -0.036743, -18.310550, 91.369600, 48.095700,Stair-Up
243415, -0.124512, -0.666870, -0.029297, -15.930172, 70.373540, 47.302240,Stair-Up
243435, -0.111084, -0.676514, -0.032715, -18.249516, 55.725090, 50.109860,Stair-Up
243455, -0.107788, -0.669556, -0.030640, -20.446770, 43.945300, 52.307120,Stair-Up
243475, -0.124756, -0.693360, 0.001343, -20.812980, 38.818360, 52.368160,Stair-Up
243495, -0.123169, -0.750977, 0.022217, -22.094720, 45.776360, 53.039540,Stair-Up
243515, -0.117188, -0.821289, 0.027344, -24.291990, 55.786120, 52.001940,Stair-Up
243535, -0.100586, -0.905152, 0.041870, -27.465816, 63.720700, 49.743640,Stair-Up
243555, -0.092163, -1.005005, 0.062012, -28.625480, 67.321800, 42.785640,Stair-Up
243575, -0.076660, -1.132690, 0.065796, -29.357908, 67.993180, 32.775880,Stair-Up
243595, -0.006470, -1.246216, 0.075439, -33.264160, 61.889640, 22.460930,Stair-Up
243615, 0.064453, -1.281128, 0.074219, -37.719730, 46.813960, 15.563964,Stair-Up
243635, 0.071899, -1.250488, 0.038574, -35.095220, 26.000970, 10.803220,Stair-Up
243655, 0.059937, -1.255249, -0.010254, -25.146480, 9.277344, 7.385252,Stair-Up
243675, 0.131348, -1.297974, -0.040649, -19.958500, -6.591796, 7.934570,Stair-Up
243695, 0.135132, -1.211304, -0.053101, -10.803220, -32.592780, 8.605960,Stair-Up
243715, 0.084717, -1.271118, -0.058960, 2.319336, -35.644540, 1.464844,Stair-Up
243735, 0.091553, -1.376709, -0.029297, 1.525878, -32.836920, -6.958006,Stair-Up
243755, 0.143311, -1.363892, -0.020996, 0.183105, -36.438000, -22.155760,Stair-Up
243776, 0.113159, -1.370362, -0.059570, 7.324218, -39.794920, -41.687000,Stair-Up
243796, 0.076416, -1.326782, -0.101440, 3.540038, -34.973150, -57.373040,Stair-Up
243816, 0.054565, -1.142944, -0.168457, -1.281738, -27.343748, -64.147960,Stair-Up
243836, 0.022339, -0.948120, -0.195068, 3.417968, -14.282224, -64.758300,Stair-Up
243856, 0.037842, -0.856079, -0.213623, 7.568358, 1.586914, -56.884760,Stair-Up
243876, 0.023438, -0.854004, -0.231323, 12.145992, 13.610836, -47.790520,Stair-Up
243896, 0.021240, -0.855835, -0.184326, 7.202148, 18.798830, -46.081540,Stair-Up
243916, 0.041382, -0.802002, -0.163452, 4.028321, 6.164550, -45.410140,Stair-Up
243936, 0.031616, -0.709473, -0.167236, 4.638672, -12.329100, -46.325680,Stair-Up
243956, 0.032227, -0.625854, -0.186035, 9.155274, -32.470710, -45.349110,Stair-Up
243976, -0.006958, -0.571533, -0.199829, 15.808104, -51.025380, -42.907700,Stair-Up
243996, -0.089844, -0.561402, -0.210449, 20.446770, -60.058580, -41.564930,Stair-Up
244016, -0.110718, -0.567871, -0.218262, 18.005376, -72.021500, -38.574220,Stair-Up
244036, -0.274658, -0.538574, -0.196533, 25.817870, -50.598140, -36.376960,Stair-Up
244056, -0.193481, -0.631958, -0.171997, 17.150880, -39.733900, -33.996590,Stair-Up
244076, -0.179810, -0.663208, -0.153564, 23.132320, -34.667980, -29.296870,Stair-Up
244096, -0.182983, -0.798340, -0.173584, 21.118160, -27.038570, -26.855464,Stair-Up
244116, -0.105591, -0.864624, -0.205566, 22.766110, -36.743170, -20.874020,Stair-Up
244136, -0.126343, -0.966553, -0.204346, 31.799310, -46.752920, -21.484370,Stair-Up
244156, -0.148438, -1.085450, -0.224487, 32.043460, -49.377430, -18.249516,Stair-Up
244176, -0.155151, -1.095826, -0.250000, 28.015130, -48.339840, -15.014646,Stair-Up
244196, -0.139893, -1.057496, -0.259155, 28.808590, -51.330560, -12.084960,Stair-Up
244216, -0.175903, -1.061158, -0.260864, 32.653820, -54.809560, -9.338380,Stair-Up
244236, -0.230957, -1.095459, -0.258057, 30.944820, -47.912590, -5.249022,Stair-Up
244256, -0.215576, -1.092408, -0.263916, 26.611320, -36.010750, 1.159668,Stair-Up
244276, -0.182129, -1.107544, -0.271851, 27.587884, -30.883784, 5.737304,Stair-Up
244296, -0.195068, -1.187744, -0.255493, 29.479976, -23.620600, 10.314940,Stair-Up
244316, -0.213379, -1.354858, -0.216187, 33.569340, -12.268064, 12.023924,Stair-Up
244336, -0.215210, -1.839112, -0.217041, 34.545900, 13.061520, 2.807617,Stair-Up
244356, -0.111206, -1.927124, -0.212647, 5.676268, -2.258301, 3.723144,Stair-Up
244376, -0.094482, -1.640503, -0.203369, -20.141600, -3.601074, -8.850100,Stair-Up
244396, 0.150513, -1.270996, -0.283814, -18.066410, -52.246080, -5.981444,Stair-Up
244416, -0.240112, -1.101440, -0.240479, 10.070800, -26.428220, 22.277830,Stair-Up
244436, -0.322022, -1.078003, -0.201172, -24.902340, 58.898920, 38.818360,Stair-Up
244456, -0.138184, -0.959595, -0.130981, -17.639160, 78.247080, 48.278800,Stair-Up
244476, -0.002197, -1.078858, -0.117432, -7.446288, 70.373540, 81.298800,Stair-Up
244496, 0.011353, -0.934448, -0.078491, -24.414060, 35.461430, 51.452620,Stair-Up
244516, -0.150879, -0.862793, -0.060181, -3.112792, 43.579090, 70.739760,Stair-Up
244536, -0.086670, -0.896851, -0.022217, -15.502928, 51.086420, 69.335940,Stair-Up
244556, -0.029907, -0.709229, 0.055542, -16.906740, 43.579090, 75.073240,Stair-Up
244576, -0.037354, -0.640869, 0.069580, -12.939450, 37.719730, 75.134300,Stair-Up
244596, -0.069214, -0.630005, 0.046631, -9.704590, 33.447270, 74.096700,Stair-Up
244616, -0.089478, -0.624146, 0.016724, -7.629394, 30.395500, 69.213880,Stair-Up
244636, -0.108398, -0.631958, 0.007813, -4.577638, 26.184080, 60.119620,Stair-Up
244656, -0.129272, -0.647461, 0.016724, -2.380371, 23.925780, 47.851560,Stair-Up
244676, -0.142578, -0.665039, 0.038818, -1.647949, 25.146480, 34.729010,Stair-Up
244696, -0.141357, -0.700318, 0.056030, -0.610352, 29.235832, 22.338860,Stair-Up
244716, -0.151001, -0.754517, 0.050659, -0.732422, 33.447270, 9.277344,Stair-Up
244736, -0.133667, -0.809692, 0.031250, -2.014160, 38.330080, -2.807617,Stair-Up
244756, -0.079956, -0.838745, 0.036255, -4.577638, 38.635260, -12.756344,Stair-Up
244776, -0.074097, -0.895752, 0.033936, -2.624511, 37.475590, -23.254390,Stair-Up
244796, -0.109619, -0.956543, 0.007080, -3.417968, 39.794920, -29.052730,Stair-Up
244816, -0.122314, -1.009400, -0.013550, -5.798338, 39.428720, -36.315920,Stair-Up
244836, -0.114746, -1.012085, -0.017334, -9.582520, 35.034180, -42.968740,Stair-Up
244856, -0.072266, -0.990845, -0.018066, -7.202148, 26.367180, -46.997060,Stair-Up
244876, -0.057373, -1.010254, -0.036865, 0.000000, 16.723632, -48.278800,Stair-Up
244896, -0.050049, -1.082886, -0.059570, 5.554198, 10.009768, -47.363270,Stair-Up
244916, -0.057495, -1.163940, -0.081177, 9.460450, 4.821778, -43.884270,Stair-Up
244936, -0.070435, -1.219116, -0.096313, 10.742184, -0.610352, -43.334950,Stair-Up
244956, -0.071411, -1.273316, -0.119263, 17.639160, -0.976562, -43.762200,Stair-Up
244996, 0.000732, -1.532227, -0.041260, 11.901852, 13.854978, -37.963880,Stair-Up
245016, 0.068359, -1.731446, 0.022705, 16.967780, 3.845214, -36.315920,Stair-Up
245036, 0.138794, -1.939576, 0.049927, 6.286620, -16.357424, -32.958990,Stair-Up
245056, 0.208740, -1.832520, 0.041504, -16.296390, -43.151840, -23.864740,Stair-Up
245076, 0.224243, -1.348267, -0.036743, -24.230950, -71.105960, -13.366696,Stair-Up
245096, 0.127319, -0.980591, -0.197998, -1.220704, -85.693340, -11.047360,Stair-Up
245116, -0.114136, -0.813110, -0.338257, 13.183590, -67.565940, -16.906740,Stair-Up
245136, -0.179321, -0.734131, -0.321289, 18.249516, -31.494136, -31.738280,Stair-Up
245156, -0.145752, -0.741699, -0.237183, 18.554690, 3.112792, -45.776360,Stair-Up
245176, -0.071167, -0.775635, -0.187134, 8.361816, 32.470710, -51.330560,Stair-Up
245196, 0.000732, -0.766236, -0.163574, 2.258301, 49.865720, -51.757800,Stair-Up
245216, 0.040649, -0.907349, -0.136230, 1.525878, 50.781240, -46.386710,Stair-Up
245236, 0.113281, -0.895874, -0.167847, 1.281738, 23.437492, -41.687000,Stair-Up
245256, 0.048584, -0.840820, -0.216187, 10.253904, -14.526364, -30.273430,Stair-Up
245276, -0.093262, -0.797730, -0.224243, 25.024410, -29.235832, -28.503410,Stair-Up
245296, -0.063110, -0.776123, -0.190674, 33.508300, -32.409680, -20.812980,Stair-Up
245316, -0.010620, -0.689697, -0.138062, 35.461430, -40.344230, -20.324700,Stair-Up
245336, 0.050659, -0.572632, -0.083618, 46.508780, -45.166000, -15.319820,Stair-Up
245356, -0.036133, -0.594116, -0.041016, 53.771960, -34.606940, -1.281738,Stair-Up
245376, -0.184448, -0.683228, -0.032227, 46.997060, -2.990722, 11.047360,Stair-Up
245396, -0.139771, -0.710327, -0.023560, 24.291990, 2.929687, 16.113284,Stair-Up
245416, -0.075439, -0.645752, -0.034668, 20.812980, -6.347656, 17.822270,Stair-Up
245436, -0.014160, -0.687622, -0.107178, 12.817380, -43.762200, 25.573724,Stair-Up
245456, -0.014648, -0.701172, -0.150391, 12.695310, -56.701650, 32.714850,Stair-Up
245476, 0.032593, -0.710938, -0.151733, 16.357424, -76.782240, 35.705570,Stair-Up
245496, -0.025269, -0.752564, -0.087769, 22.216790, -83.129860, 34.179700,Stair-Up
245516, -0.080078, -0.834595, -0.047485, 25.695796, -70.434580, 36.804200,Stair-Up
245536, -0.149780, -0.938232, -0.071899, 18.310550, -58.471670, 36.438000,Stair-Up
245556, -0.179199, -0.986572, -0.109985, 14.953610, -50.048820, 26.611320,Stair-Up
245576, -0.149658, -1.044922, -0.123901, 11.230468, -47.424300, 25.085448,Stair-Up
245596, -0.167358, -1.040284, -0.136719, 14.648436, -33.813480, 13.488768,Stair-Up
245616, -0.177246, -0.994873, -0.144897, 7.263182, -31.860350, 9.399414,Stair-Up
245636, -0.157471, -1.006592, -0.169067, 12.695310, -23.071284, 3.479003,Stair-Up
245656, -0.097900, -1.152588, -0.166504, 20.385740, -25.512690, 2.685546,Stair-Up
245676, -0.153564, -1.340210, -0.123901, 21.667476, -28.808590, 6.713866,Stair-Up
245696, -0.243530, -1.496094, -0.079468, 22.705070, -21.423332, -3.601074,Stair-Up
245716, -0.270264, -1.846558, -0.007690, 27.954100, -4.455568, -7.263182,Stair-Up
245736, -0.230713, -2.172364, 0.025391, 0.488281, 3.784179, -28.991692,Stair-Up
245756, -0.208496, -1.947022, -0.034180, -47.363270, 11.413570, -41.564930,Stair-Up
245776, -0.046997, -1.403931, -0.091553, -43.395980, 8.666994, 1.037598,Stair-Up
245796, -0.284180, -0.967896, -0.081421, -58.349600, -5.126952, -1.098633,Stair-Up
245816, -0.232788, -0.565552, -0.072632, -36.315920, 21.728510, 27.343748,Stair-Up
245836, -0.112183, -0.550293, -0.038696, -7.507323, 40.710440, 57.312000,Stair-Up
245856, -0.094238, -0.715942, -0.002563, 3.051757, 35.339360, 78.369140,Stair-Up
245876, -0.175903, -0.852661, 0.057129, 22.033690, 44.067380, 97.045880,Stair-Up
245896, -0.294678, -1.136353, 0.186768, 9.765626, 50.720200, 95.336900,Stair-Up
245916, -0.137573, -1.192749, 0.263428, 0.244141, 52.551260, 91.125460,Stair-Up
245936, -0.097900, -1.181519, 0.253540, -13.610836, 49.987780, 94.604460,Stair-Up
245956, -0.031982, -1.053223, 0.177124, -12.817380, 46.386710, 94.421360,Stair-Up
245976, -0.011841, -0.996216, 0.134522, -7.873534, 38.330080, 99.060040,Stair-Up
245996, -0.132935, -0.940308, 0.123535, 0.366211, 21.911620, 93.994120,Stair-Up
246016, -0.300293, -0.910645, 0.132690, 4.516602, 15.258788, 80.505360,Stair-Up
246036, -0.374146, -0.846070, 0.146606, 3.967285, 18.005376, 66.650400,Stair-Up
246056, -0.403320, -0.795532, 0.150269, 6.347656, 29.785150, 54.565420,Stair-Up
246076, -0.361328, -0.804444, 0.127564, 6.103514, 49.072260, 48.583980,Stair-Up
246096, -0.307251, -0.817383, 0.089233, 0.976562, 72.387700, 45.776360,Stair-Up
246116, -0.267212, -0.827637, 0.102539, -2.807617, 81.909160, 42.968740,Stair-Up
246136, -0.236694, -0.848877, 0.084717, -3.479003, 85.693340, 41.076650,Stair-Up
246156, -0.216553, -0.899048, 0.078125, -7.019042, 90.637200, 37.963880,Stair-Up
246176, -0.115112, -0.904541, 0.088989, -16.174320, 91.186500, 37.841800,Stair-Up
246196, -0.074097, -0.867676, 0.085083, -16.906740, 81.237760, 32.409680,Stair-Up
246216, -0.142334, -0.958252, 0.082275, -9.399414, 76.538100, 22.766110,Stair-Up
246236, -0.124878, -1.162598, 0.085449, -8.911134, 74.096700, 4.943848,Stair-Up
246256, -0.101685, -1.314576, 0.057617, -18.615724, 62.927240, -15.624996,Stair-Up
246276, -0.094849, -1.329956, 0.012939, -28.320310, 48.828120, -37.170420,Stair-Up
246296, -0.041382, -1.317627, -0.001343, -26.550290, 16.052250, -68.237320,Stair-Up
246316, 0.045044, -1.335938, 0.061157, -21.911620, 1.953124, -84.899880,Stair-Up
246336, 0.062378, -1.323730, 0.073486, -12.084960, -16.479492, -100.769020,Stair-Up
246356, 0.033203, -1.383423, 0.021484, 0.183105, -29.785150, -116.271960,Stair-Up
246376, -0.003784, -1.460572, -0.047607, 6.164550, -39.672860, -129.821800,Stair-Up
246396, -0.053711, -1.391724, -0.108032, -2.868652, -45.593250, -135.131840,Stair-Up
246416, -0.086060, -1.127808, -0.167725, -2.807617, -44.555660, -134.216320,Stair-Up
246436, -0.074585, -0.998047, -0.204224, 7.324218, -33.569340, -128.295900,Stair-Up
246456, -0.004639, -0.995606, -0.233154, 18.554690, -12.451170, -114.379860,Stair-Up
246476, -0.023315, -1.101318, -0.218018, 15.075680, 8.300784, -99.121060,Stair-Up
246496, 0.017578, -1.086914, -0.169556, 3.906249, 23.498530, -89.965800,Stair-Up
246516, 0.086182, -0.953736, -0.146606, -7.873534, 15.258788, -76.232920,Stair-Up
246536, 0.114990, -0.707886, -0.163696, -1.770019, 2.380371, -61.645500,Stair-Up
246556, 0.098999, -0.657959, -0.206177, 13.061520, -12.634276, -47.424300,Stair-Up
246576, 0.056641, -0.702515, -0.237671, 20.385740, -26.062010, -36.926280,Stair-Up
246596, 0.035767, -0.741944, -0.236206, 14.282224, -53.161610, -18.981940,Stair-Up
246616, -0.028931, -0.588867, -0.206055, 28.137200, -58.105460, -33.142100,Stair-Up
246636, -0.086548, -0.697022, -0.139160, 29.357908, -57.800280, -21.362300,Stair-Up
246656, -0.055298, -0.689087, -0.095825, 33.813480, -47.546380, -20.568840,Stair-Up
246676, -0.107178, -0.796875, -0.076904, 32.897960, -27.099608, -0.427246,Stair-Up
246696, -0.061523, -0.837402, -0.065308, 19.470220, -20.141600, 5.004884,Stair-Up
246716, -0.025024, -0.739624, -0.047485, 26.855464, -32.104500, -12.634276,Stair-Up
246736, -0.144043, -0.855469, -0.035645, 25.939940, -20.629880, -4.516602,Stair-Up
246756, -0.109741, -0.874878, -0.099854, 28.381340, -12.207030, 0.610352,Stair-Up
246776, -0.065186, -0.963013, -0.147095, 30.212400, -12.268064, 2.197266,Stair-Up
246796, -0.003052, -0.995484, -0.152954, 28.625480, -21.789548, 7.446288,Stair-Up
246816, -0.027710, -1.032715, -0.148560, 34.667980, -34.790040, 8.483890,Stair-Up
246836, -0.072266, -1.114990, -0.208130, 35.949720, -37.536620, 14.343260,Stair-Up
246856, -0.063110, -1.137574, -0.221680, 26.794430, -41.442860, 21.301268,Stair-Up
246876, -0.051025, -1.047852, -0.223999, 24.902340, -56.579580, 9.155274,Stair-Up
246896, -0.047485, -1.097046, -0.212036, 39.794920, -66.955580, 19.104010,Stair-Up
246916, -0.189697, -1.455444, -0.147339, 46.386710, -36.438000, 65.124520,Stair-Up
246936, -0.150147, -1.683716, -0.154785, 34.606940, -33.386240, 12.817380,Stair-Up
246956, -0.168823, -2.010010, -0.153076, -0.061035, -26.733390, 21.484370,Stair-Up
246976, -0.083130, -1.591064, -0.230835, -29.602044, -43.823240, 8.422854,Stair-Up
246996, -0.203980, -1.260376, -0.290283, -16.784670, -23.803708, 41.259760,Stair-Up
247016, -0.168579, -1.068360, -0.288574, -15.869140, 24.475090, 51.879880,Stair-Up
247036, -0.053589, -1.119385, -0.196655, -0.549316, 47.912590, 76.416040,Stair-Up
247056, -0.173218, -1.229858, -0.151123, -21.423332, 50.292960, 77.026380,Stair-Up
247076, -0.190918, -1.064820, -0.135010, -24.475090, 74.096700, 76.293960,Stair-Up
247096, -0.187256, -1.051636, -0.092407, -39.428720, 88.928200, 76.477060,Stair-Up
247116, 0.001587, -0.836426, -0.093750, -37.536620, 74.829100, 65.612800,Stair-Up
247136, -0.094482, -0.864624, -0.049805, -26.977532, 79.834000, 91.613760,Stair-Up
247156, -0.060547, -0.754761, -0.033569, -38.085940, 70.129400, 74.340840,Stair-Up
247176, -0.081055, -0.700928, -0.022095, -29.479976, 55.847160, 76.843260,Stair-Up
247196, -0.073608, -0.655029, -0.000244, -25.451652, 50.598140, 73.059100,Stair-Up
247236, -0.068970, -0.686279, 0.068604, -20.446770, 40.832510, 56.884760,Stair-Up
247256, -0.083130, -0.710449, 0.096924, -22.216790, 39.001470, 46.142570,Stair-Up
247276, -0.085449, -0.701416, 0.111938, -23.010250, 36.926280, 33.264160,Stair-Up
247296, -0.103272, -0.705322, 0.108032, -21.118160, 34.362800, 18.554690,Stair-Up
247316, -0.117798, -0.735352, 0.091675, -18.066410, 32.897960, 3.356933,Stair-Up
247336, -0.116211, -0.778320, 0.077881, -14.404296, 30.395500, -12.573240,Stair-Up
247356, -0.126709, -0.819946, 0.064697, -10.986324, 28.442380, -27.832030,Stair-Up
247376, -0.139160, -0.836548, 0.058838, -8.117676, 28.503410, -41.320790,Stair-Up
247396, -0.155151, -0.869263, 0.060303, 1.281738, 33.813480, -58.593740,Stair-Up
247416, -0.144531, -0.906006, 0.055298, 4.699708, 42.541500, -64.575200,Stair-Up
247436, -0.129883, -0.915405, 0.035278, 8.178714, 51.940910, -66.345240,Stair-Up
247456, -0.134766, -0.964722, -0.005737, 17.395020, 63.964840, -64.636240,Stair-Up
247476, -0.140625, -1.098633, -0.043701, 21.728510, 78.308120, -59.631340,Stair-Up
247496, -0.092651, -1.152588, -0.031006, 15.808104, 88.439920, -50.781240,Stair-Up
247516, -0.030029, -1.164429, -0.044800, 23.559568, 88.439920, -44.738760,Stair-Up
247536, -0.048340, -1.350830, -0.077637, 35.400400, 89.782700, -39.733900,Stair-Up
247556, 0.041870, -1.555054, -0.053223, 27.526850, 88.012680, -34.057620,Stair-Up
247576, 0.213745, -1.573975, -0.026489, 15.502928, 67.688000, -31.799310,Stair-Up
247596, 0.224487, -1.457276, -0.087280, 16.174320, 42.785640, -32.287600,Stair-Up
247616, 0.088745, -1.548584, -0.193481, 29.724120, 11.169430, -41.015620,Stair-Up
247636, -0.074951, -1.520508, -0.250122, 15.441892, -7.690428, -55.908200,Stair-Up
247656, -0.030762, -1.270020, -0.297730, 1.770019, 2.441407, -60.058580,Stair-Up
247676, 0.102539, -1.008301, -0.364136, -1.098633, 17.333990, -41.503900,Stair-Up
247696, 0.128540, -0.809692, -0.395996, 1.831054, 14.465330, -18.615724,Stair-Up
247716, 0.104980, -0.769165, -0.372803, 11.779784, 6.286620, -7.202148,Stair-Up
247736, 0.126221, -0.829224, -0.338501, 7.141112, 4.211426, 2.502442,Stair-Up
247756, 0.192993, -0.816040, -0.298340, -0.061035, -4.272462, 9.582520,Stair-Up
247776, 0.275269, -0.827515, -0.273682, 0.000000, -24.047850, 14.770504,Stair-Up
247796, 0.292358, -0.779907, -0.263550, -5.859374, -50.292960, 19.836430,Stair-Up
247816, 0.237549, -0.691040, -0.279175, -0.793457, -70.495620, 21.972650,Stair-Up
247836, 0.158325, -0.654663, -0.280029, 6.103514, -88.562000, 16.357424,Stair-Up
247856, 0.091187, -0.622314, -0.260986, 9.460450, -88.012680, 10.925290,Stair-Up
247876, 0.007935, -0.617554, -0.243897, 13.366696, -75.683600, 7.812498,Stair-Up
247896, -0.073120, -0.659180, -0.229492, 14.282224, -53.100580, 6.530760,Stair-Up
247916, -0.091187, -0.676758, -0.199585, 9.582520, -27.587884, 8.544924,Stair-Up
247936, -0.074463, -0.691162, -0.165283, 10.131832, -5.310058, 10.742184,Stair-Up
247956, -0.044312, -0.768799, -0.158081, 13.183590, 10.498044, 13.427732,Stair-Up
247976, -0.055420, -0.867310, -0.160400, 10.986324, 18.371584, 14.282224,Stair-Up
247996, -0.071289, -0.933350, -0.172852, 7.568358, 22.705070, 13.671872,Stair-Up
248016, -0.046997, -0.972656, -0.185181, 5.493162, 21.179192, 8.605960,Stair-Up
248036, -0.005127, -1.006470, -0.197022, 6.469726, 14.465330, 5.310058,Stair-Up
248056, 0.025757, -1.018555, -0.201172, 7.690428, 0.488281, 3.112792,Stair-Up
248076, 0.001587, -1.019654, -0.193848, 11.657712, -4.760742, 2.502442,Stair-Up
248096, -0.032593, -1.077515, -0.192383, 19.287110, -5.126952, -0.732422,Stair-Up
248116, -0.060913, -1.168457, -0.189697, 22.583000, -4.028321, -4.943848,Stair-Up
248136, -0.108398, -1.228638, -0.185669, 22.399900, -4.943848, -12.756344,Stair-Up
248156, -0.121582, -1.237549, -0.169312, 19.165040, -2.685546, -21.301268,Stair-Up
248176, -0.084473, -1.185181, -0.169312, 19.836430, 0.793457, -26.367180,Stair-Up
248196, -0.064209, -1.214356, -0.168701, 30.395500, 2.563476, -30.578610,Stair-Up
248216, -0.084595, -1.384278, -0.174561, 37.780760, 4.577638, -34.240730,Stair-Up
248236, -0.159668, -1.548950, -0.181885, 31.311030, 9.582520, -38.696300,Stair-Up
248256, -0.187744, -1.599854, -0.198242, 22.705070, 20.690910, -39.733900,Stair-Up
248276, -0.191040, -1.466553, -0.205444, -2.197266, 38.574220, -29.235832,Stair-Up
248296, -0.201904, -1.137940, -0.201660, -15.136716, 56.823720, -12.878416,Stair-Up
248316, -0.216187, -0.879395, -0.148682, -10.803220, 75.622560, 4.699708,Stair-Up
248336, -0.201782, -0.884522, -0.103394, 3.417968, 94.604460, 20.812980,Stair-Up
248356, -0.190430, -1.025391, -0.097778, -3.784179, 105.773900, 32.958990,Stair-Up
248376, -0.174805, -0.963867, -0.078613, -21.667476, 105.834940, 41.198720,Stair-Up
248396, -0.163208, -0.840942, -0.053467, -23.803708, 99.121060, 46.691880,Stair-Up
248416, -0.149658, -0.813843, -0.026001, -25.390620, 88.928200, 50.109860,Stair-Up
248436, -0.106201, -0.785400, -0.002808, -29.479976, 78.674340, 54.504380,Stair-Up
248456, -0.059814, -0.761108, -0.008789, -30.761716, 64.941420, 58.959950,Stair-Up
248476, -0.051025, -0.757935, -0.024292, -29.968260, 48.522940, 62.011710,Stair-Up
248496, -0.099854, -0.757690, -0.025879, -30.883784, 30.761716, 63.720700,Stair-Up
248516, -0.117676, -0.728760, -0.009766, -31.188960, 22.644040, 62.561020,Stair-Up
248536, -0.134399, -0.734863, 0.005493, -26.794430, 17.150880, 59.326160,Stair-Up
248556, -0.144043, -0.792603, 0.027100, -25.939940, 15.136716, 55.236800,Stair-Up
248576, -0.144287, -0.823853, 0.042603, -28.320310, 16.296390, 51.696770,Stair-Up
248596, -0.144531, -0.836670, 0.048462, -27.526850, 17.578130, 46.386710,Stair-Up
248616, -0.160767, -0.877320, 0.042114, -24.597160, 20.690910, 40.588370,Stair-Up
248636, -0.158081, -0.910034, 0.041260, -24.841304, 27.099608, 36.682140,Stair-Up
248656, -0.118164, -0.905029, 0.052002, -23.376460, 29.968260, 33.813480,Stair-Up
248676, -0.108521, -0.899170, 0.038818, -16.845708, 32.348640, 30.639640,Stair-Up
248696, -0.110230, -0.933960, 0.037476, -12.817380, 36.865240, 30.151360,Stair-Up
248716, -0.101807, -0.968506, 0.035400, -3.662109, 43.151840, 29.052730,Stair-Up
248736, -0.089722, -1.011597, 0.025879, -0.549316, 48.522940, 29.113768,Stair-Up
248756, -0.058350, -1.005005, 0.005859, 0.549316, 52.246080, 30.761716,Stair-Up
248776, -0.033813, -0.990479, -0.037231, 5.310058, 55.114740, 27.587884,Stair-Up
248796, 0.061768, -0.983765, -0.060181, 5.371092, 62.866200, 23.559568,Stair-Up
248816, 0.170654, -0.932739, -0.065186, 7.080076, 61.401360, 19.226080,Stair-Up
248836, 0.146118, -0.939209, -0.057495, 18.005376, 49.621580, 6.530760,Stair-Up
248856, 0.076172, -1.123902, -0.005493, 29.602044, 44.433580, -10.681150,Stair-Up
248876, 0.161011, -1.356812, 0.025024, 25.695796, 41.198720, -25.634760,Stair-Up
248896, 0.281860, -1.356202, -0.037842, 6.835936, 20.507810, -33.935560,Stair-Up
248916, 0.198242, -1.148682, -0.143921, 9.338380, -9.277344, -44.189440,Stair-Up
248936, 0.021606, -1.132812, -0.165894, 27.526850, -33.142100, -62.255850,Stair-Up
248956, 0.046021, -1.068116, -0.126831, 21.911620, -38.757330, -63.781730,Stair-Up
248976, 0.060547, -0.921997, -0.137085, 27.099608, -41.809080, -59.631340,Stair-Up
248996, 0.033691, -0.972534, -0.157349, 43.273920, -39.367680, -54.809560,Stair-Up
249016, -0.024170, -1.127198, -0.163208, 38.574220, -34.851080, -50.354000,Stair-Up
249036, -0.057129, -1.133057, -0.144287, 29.541010, -34.423840, -52.917470,Stair-Up
249056, -0.080566, -1.089478, -0.133911, 25.512690, -39.123540, -59.265120,Stair-Up
249076, -0.076782, -1.015503, -0.139893, 22.277830, -46.203600, -61.950680,Stair-Up
249096, -0.095825, -0.933350, -0.176392, 24.353020, -51.452620, -59.997550,Stair-Up
249116, -0.136719, -0.908814, -0.218750, 29.724120, -47.180160, -55.541980,Stair-Up
249136, -0.145508, -0.924438, -0.229370, 30.761716, -41.320790, -50.903310,Stair-Up
249156, -0.165649, -0.824707, -0.216309, 24.719230, -53.833000, -73.364260,Stair-Up
249176, -0.366699, -0.885010, -0.207275, 34.057620, -10.192870, -15.869140,Stair-Up
249196, -0.167114, -0.794190, -0.214355, 13.977050, -16.418460, -50.781240,Stair-Up
249216, -0.190430, -0.816406, -0.250366, 37.109380, -15.075680, -28.320310,Stair-Up
249236, -0.231079, -0.980469, -0.255249, 22.338860, -11.108396, -30.700680,Stair-Up
249256, -0.127197, -0.903198, -0.236816, 13.305660, -28.625480, -28.808590,Stair-Up
249276, -0.241333, -0.942871, -0.225952, 26.367180, -29.235832, -14.770504,Stair-Up
249296, -0.253052, -1.045166, -0.222656, 15.991210, -21.118160, -3.845214,Stair-Up
249316, -0.235352, -1.016358, -0.234253, 13.549804, -16.052250, 3.112792,Stair-Up
249336, -0.183350, -1.057496, -0.241699, 13.366696, -26.733390, 4.821778,Stair-Up
249356, -0.239380, -1.106324, -0.245850, 11.535644, -25.024410, 14.526364,Stair-Up
249376, -0.291016, -1.131470, -0.251953, 8.605960, -6.835936, 20.324700,Stair-Up
249396, -0.305298, -1.211060, -0.205322, 7.934570, 4.699708, 21.118160,Stair-Up
249416, -0.303223, -1.386475, -0.165405, 10.253904, 12.939450, 18.371584,Stair-Up
249436, -0.254639, -1.579102, -0.097900, -5.249022, 17.089850, 18.432620,Stair-Up
249456, -0.178345, -1.620606, -0.045898, -14.282224, 15.563964, 20.019532,Stair-Up
249476, -0.211304, -1.661866, -0.065552, -26.550290, 12.268064, 24.047850,Stair-Up
249496, -0.186035, -1.433106, -0.111328, -48.339840, 12.268064, 37.719730,Stair-Up
249516, -0.076050, -1.012940, -0.108276, -57.617180, 5.187988, 57.434080,Stair-Up
249536, -0.081665, -0.655762, -0.100952, -40.344230, -0.549316, 82.397440,Stair-Up
249556, -0.187500, -0.704590, -0.093872, -4.760742, 8.178714, 102.661100,Stair-Up
249576, -0.203613, -0.969360, -0.046631, -4.455568, 21.118160, 117.553700,Stair-Up
249596, -0.177490, -1.079346, 0.032593, -10.314940, 24.414060, 124.023420,Stair-Up
249616, -0.158325, -1.191528, 0.086548, -14.160152, 23.620600, 120.483380,Stair-Up
249636, -0.106567, -1.199097, 0.089966, -29.113768, 22.949216, 117.187480,Stair-Up
249656, -0.055054, -1.129272, 0.070923, -30.273430, 16.418460, 112.548800,Stair-Up
249676, -0.011475, -1.121094, 0.086670, -32.958990, 3.784179, 107.177720,Stair-Up
249696, -0.015991, -1.008179, 0.092041, -38.024910, -11.169430, 101.867660,Stair-Up
249716, -0.086670, -0.875000, 0.080444, -33.630380, -21.972650, 92.956520,Stair-Up
249736, -0.132080, -0.823242, 0.070923, -25.756830, -26.245110, 83.618160,Stair-Up
249756, -0.142944, -0.832154, 0.073486, -22.094720, -27.038570, 75.073240,Stair-Up
249776, -0.138550, -0.803101, 0.079712, -23.620600, -24.414060, 68.420420,Stair-Up
249796, -0.136963, -0.749390, 0.074951, -20.263670, -17.089850, 62.561020,Stair-Up
249816, -0.132446, -0.718750, 0.054810, -14.770504, -4.516602, 51.086420,Stair-Up
249836, -0.142578, -0.730713, 0.045410, -10.009768, 2.868652, 40.405260,Stair-Up
249856, -0.145874, -0.732300, 0.049561, -10.498044, 9.338380, 26.916500,Stair-Up
249876, -0.163940, -0.689087, 0.054199, -10.253904, 14.953610, 11.291500,Stair-Up
249896, -0.182617, -0.670776, 0.052368, -4.333496, 20.874020, -7.019042,Stair-Up
249916, -0.199585, -0.744873, 0.037720, 4.699708, 27.954100, -27.648920,Stair-Up
249936, -0.206421, -0.874634, 0.010132, 7.080076, 38.330080, -48.156730,Stair-Up
249956, -0.145874, -0.931641, -0.005005, 4.211426, 44.921860, -66.284200,Stair-Up
249976, -0.123047, -1.012696, 0.016968, 13.305660, 43.823240, -86.975080,Stair-Up
249996, -0.133057, -1.231568, 0.079712, 19.409180, 45.715320, -109.619120,Stair-Up
250016, -0.080688, -1.422486, 0.120483, 15.808104, 51.025380, -131.164600,Stair-Up
250036, -0.060547, -1.205200, -0.170776, -7.141112, 31.005852, -144.775400,Stair-Up
250056, -0.202271, -0.947266, -0.360230, 16.052250, 19.836430, -150.634800,Stair-Up
250076, -0.248291, -0.966187, -0.365967, 33.142100, 25.268550, -144.165080,Stair-Up
250096, -0.222168, -1.005494, -0.278687, 33.996590, 38.330080, -129.638700,Stair-Up
250116, -0.254517, -0.992066, -0.191528, 32.470710, 55.419910, -113.830560,Stair-Up
250136, -0.283081, -1.062744, -0.136963, 35.095220, 74.646000, -100.769020,Stair-Up
250156, -0.182495, -1.204590, -0.147095, 31.433100, 84.777800, -85.205060,Stair-Up
250176, -0.045776, -1.276001, -0.197754, 25.390620, 74.279800, -69.763200,Stair-Up
250196, 0.002930, -1.229736, -0.226807, 17.944340, 44.067380, -56.274400,Stair-Up
250216, -0.031372, -1.071900, -0.248535, 19.836430, 12.390136, -43.823240,Stair-Up
250236, -0.094482, -0.961792, -0.274414, 26.428220, -6.164550, -30.395500,Stair-Up
250256, -0.200562, -0.849732, -0.284424, 28.320310, -7.568358, -6.713866,Stair-Up
250276, -0.187622, -0.791504, -0.241333, 27.038570, -2.990722, 5.493162,Stair-Up
250296, -0.193970, -0.770142, -0.234375, 24.291990, 1.403808, 19.714360,Stair-Up
250316, -0.212647, -0.776612, -0.232178, 17.822270, 0.183105, 26.062010,Stair-Up
250336, -0.167969, -0.807373, -0.208252, 15.869140, -6.530760, 34.057620,Stair-Up
250356, -0.182007, -0.821655, -0.208862, 10.620116, -19.958500, 33.691410,Stair-Up
250376, -0.228760, -0.847534, -0.230469, 8.544924, -35.217290, 34.545900,Stair-Up
250396, -0.246094, -0.883789, -0.229126, 4.516602, -46.203600, 31.799310,Stair-Up
250416, -0.212647, -0.890137, -0.229492, 5.615234, -54.382320, 30.639640,Stair-Up
250436, -0.230957, -0.925781, -0.230469, 5.310058, -59.448240, 29.479976,Stair-Up
250456, -0.256226, -0.949829, -0.240112, 3.601074, -57.678220, 32.165540,Stair-Up
250476, -0.322144, -0.994995, -0.268677, 8.544924, -47.119130, 33.264160,Stair-Up
250496, -0.307251, -1.134644, -0.277344, 11.413570, -33.752440, 33.813480,Stair-Up
250516, -0.204956, -1.219238, -0.222778, 2.746581, -29.235832, 37.780760,Stair-Up
250536, -0.122925, -1.257690, -0.131592, 5.676268, -33.630380, 41.015620,Stair-Up
250556, -0.151001, -1.477295, -0.091797, 12.023924, -33.752440, 42.114250,Stair-Up
250576, -0.164673, -1.635254, -0.073242, -3.723144, -29.235832, 41.259760,Stair-Up
250596, -0.151489, -1.545288, -0.032715, -16.479492, -27.832030, 38.269050,Stair-Up
250616, -0.165039, -1.428101, -0.015015, -16.662600, -27.893060, 31.982420,Stair-Up
250636, -0.222900, -1.262818, -0.059204, -20.629880, -16.235352, 30.029290,Stair-Up
250656, -0.268799, -0.994141, -0.122925, -18.432620, 9.521484, 32.043460,Stair-Up
250676, -0.272705, -0.807617, -0.141235, -3.173828, 36.560060, 32.653820,Stair-Up
250696, -0.286133, -0.930908, -0.078247, 18.493652, 73.669440, 29.296870,Stair-Up
250716, -0.295044, -1.023926, -0.017090, 11.047360, 100.158680, 27.832030,Stair-Up
250736, -0.290772, -1.017212, 0.020386, 1.708984, 121.154760, 21.850580,Stair-Up
250756, -0.222900, -1.007202, 0.049561, -4.028321, 131.225600, 16.967780,Stair-Up
250776, -0.165405, -0.973755, 0.055298, -11.840818, 132.080100, 14.160152,Stair-Up
250796, -0.099243, -0.926270, 0.059204, -14.892576, 123.535140, 12.817380,Stair-Up
250816, -0.057129, -0.891846, 0.059814, -16.723632, 106.018040, 12.817380,Stair-Up
250836, -0.054199, -0.832886, 0.030762, -16.479492, 85.144020, 13.610836,Stair-Up
250856, -0.087524, -0.798218, -0.004883, -11.413570, 67.138680, 13.488768,Stair-Up
250876, -0.123169, -0.834473, -0.002441, -6.958006, 55.175770, 12.939450,Stair-Up
250896, -0.118652, -0.867554, 0.024902, -11.718748, 46.386710, 13.183590,Stair-Up
250916, -0.122925, -0.837036, 0.065186, -15.258788, 38.635260, 14.526364,Stair-Up
250936, -0.102783, -0.860596, 0.064331, -15.747068, 34.301760, 14.892576,Stair-Up
250956, -0.094482, -0.876465, 0.057251, -15.747068, 28.442380, 14.099120,Stair-Up
250976, -0.105103, -0.906006, 0.045654, -12.451170, 20.385740, 8.850100,Stair-Up
250996, -0.097412, -0.943115, 0.052002, -12.390136, 10.314940, 1.953124,Stair-Up
251016, -0.120117, -0.901734, 0.052979, -13.000484, 1.892090, -4.699708,Stair-Up
251036, -0.157715, -0.859253, 0.033936, -6.042480, -1.342773, -12.451170,Stair-Up
251056, -0.182983, -0.937866, 0.001099, 3.601074, 1.403808, -19.592290,Stair-Up
251076, -0.177246, -1.050415, -0.016113, 5.371092, 6.958006, -24.780270,Stair-Up
251096, -0.182251, -1.115112, -0.020874, 4.943848, 14.831540, -31.066890,Stair-Up
251116, -0.167114, -1.161866, 0.024658, 8.422854, 25.451652, -36.071780,Stair-Up
251136, -0.099609, -1.371094, 0.118408, 8.178714, 37.170420, -45.471180,Stair-Up
251156, -0.032227, -1.409668, 0.155884, 3.295898, 47.058100, -50.781240,Stair-Up
251176, -0.046509, -1.240234, 0.000610, -12.939450, 58.654780, -42.236320,Stair-Up
251196, -0.141357, -0.867066, -0.251343, -12.023924, 66.406260, -33.569340,Stair-Up
251216, -0.266968, -0.682251, -0.387817, 15.747068, 71.960460, -24.597160,Stair-Up
251236, -0.324097, -0.789185, -0.353516, 29.052730, 83.557100, -21.850580,Stair-Up
251256, -0.336914, -0.832642, -0.280884, 25.146480, 108.398420, -8.666994,Stair-Up
251276, -0.277222, -0.941162, -0.225342, 23.559568, 125.915500, 1.770019,Stair-Up
251296, -0.136963, -1.055908, -0.203980, 14.770504, 127.441400, 10.620116,Stair-Up
251316, -0.002563, -1.122192, -0.215942, 8.972170, 108.337380, 21.911620,Stair-Up
251336, 0.053833, -1.150024, -0.222168, 7.080076, 75.073240, 46.569820,Stair-Up
251356, 0.015015, -1.049561, -0.228760, 6.164550, 30.212400, 45.837400,Stair-Up
251376, -0.002441, -0.942749, -0.238281, 11.901852, 7.141112, 51.879880,Stair-Up
251396, -0.074829, -0.893677, -0.238647, 17.089850, -2.075196, 58.044420,Stair-Up
251416, -0.119141, -0.895630, -0.218506, 17.883300, -0.427246, 61.340320,Stair-Up
251436, -0.130127, -0.883667, -0.183716, 14.465330, 6.164550, 65.124520,Stair-Up
251456, -0.128418, -0.870239, -0.164795, 13.183590, 11.535644, 65.002440,Stair-Up
251476, -0.135254, -0.846924, -0.169922, 11.474608, 18.188480, 63.659660,Stair-Up
251496, -0.116455, -0.812866, -0.174561, 12.145992, 22.521970, 59.631340,Stair-Up
251516, -0.104492, -0.788940, -0.159546, 13.916012, 23.193352, 54.626460,Stair-Up
251536, -0.126709, -0.781128, -0.146118, 15.930172, 24.658200, 48.583980,Stair-Up
251556, -0.145142, -0.786865, -0.137085, 0.061035, 31.311030, 37.841800,Stair-Up
251576, -0.128418, -0.798584, -0.144775, 14.160152, 34.240730, 31.005852,Stair-Up
251596, -0.120850, -0.796997, -0.157227, 13.854978, 34.179700, 23.376460,Stair-Up
251616, -0.112671, -0.817749, -0.154785, 13.977050, 33.081060, 14.343260,Stair-Up
251636, -0.074097, -0.826050, -0.166382, 12.390136, 26.733390, 6.347656,Stair-Up
251656, -0.051514, -0.834961, -0.198242, 15.502928, 16.723632, 0.427246,Stair-Up
251676, -0.088623, -0.883545, -0.204712, 17.272950, 4.577638, -13.977050,Stair-Up
251696, -0.164307, -0.969116, -0.199951, 18.798830, -2.014160, -29.602044,Stair-Up
251716, -0.236206, -1.050660, -0.172974, 22.155760, -9.826660, -55.358880,Stair-Up
251736, -0.255982, -1.283692, -0.135376, 37.048340, -18.371584, -87.524400,Stair-Up
251756, -0.319580, -1.634278, -0.147949, 35.644540, -10.681150, -115.905740,Stair-Up
251776, -0.291748, -1.897461, -0.151855, 2.136231, 12.451170, -123.474100,Stair-Up
251796, -0.403320, -1.651368, -0.185303, -23.681636, 24.658200, -108.886700,Stair-Up
251816, -0.458862, -1.236450, -0.037720, -47.485340, 40.588370, -70.434580,Stair-Up
251836, -0.317871, -0.696900, -0.055054, -44.860830, 47.119130, -61.950680,Stair-Up
251856, -0.031860, -0.870972, -0.169678, 5.310058, 86.975080, 14.099120,Stair-Up
251876, -0.025024, -1.158326, -0.173584, -17.456060, 87.463360, 35.217290,Stair-Up
251896, -0.093506, -1.020752, -0.137817, -14.404296, 67.688000, 58.776840,Stair-Up
251916, -0.248169, -1.045044, -0.070801, 1.464844, 37.841800, 48.522940,Stair-Up
251936, -0.348022, -1.095337, -0.007202, 1.770019, 21.301268, 45.776360,Stair-Up
251956, -0.350342, -1.050538, 0.004883, -10.253904, 24.719230, 45.410140,Stair-Up
251976, -0.231445, -0.916992, 0.012817, -13.244628, 28.076170, 45.166000,Stair-Up
251996, -0.184692, -0.831055, 0.045776, -11.901852, 28.137200, 49.377430,Stair-Up
252016, -0.197388, -0.727905, 0.069946, -8.850100, 29.052730, 49.743640,Stair-Up
252036, -0.235962, -0.730225, 0.109131, -5.554198, 33.752440, 51.025380,Stair-Up
252056, -0.251587, -0.782471, 0.139160, -6.164550, 42.724600, 49.926750,Stair-Up
252076, -0.233276, -0.834717, 0.144409, -9.521484, 51.818840, 47.851560,Stair-Up
252096, -0.206665, -0.889160, 0.135254, -12.329100, 57.861320, 44.372550,Stair-Up
252116, -0.170776, -0.946655, 0.107056, -14.526364, 58.654780, 40.222160,Stair-Up
252136, -0.147583, -1.000000, 0.077026, -16.113284, 53.588860, 34.606940,Stair-Up
252156, -0.123535, -1.029786, 0.072632, -18.005376, 46.203600, 29.418940,Stair-Up
252176, -0.119873, -1.024048, 0.060059, -17.700200, 39.367680, 26.062010,Stair-Up
252196, -0.116089, -1.038086, 0.028198, -12.145992, 33.752440, 23.925780,Stair-Up
252216, -0.066772, -1.097046, 0.003296, -8.605960, 28.442380, 26.855464,Stair-Up
252236, -0.039063, -1.105103, -0.000854, -7.202148, 26.367180, 29.785150,Stair-Up
252256, -0.053467, -1.099854, -0.017578, -2.990722, 30.456540, 32.653820,Stair-Up
252276, -0.080688, -1.133789, -0.027344, 2.380371, 39.367680, 33.935560,Stair-Up
252296, -0.082642, -1.301392, -0.008911, 11.657712, 47.485340, 28.442380,Stair-Up
252316, -0.062256, -1.399658, -0.005249, -1.586914, 50.231920, 21.301268,Stair-Up
252336, -0.036255, -1.340210, -0.036987, 0.793457, 44.921860, 8.239746,Stair-Up
252356, -0.032959, -1.325806, -0.112549, 3.845214, 33.264160, -8.544924,Stair-Up
252376, -0.072388, -1.094238, -0.212158, -6.591796, 24.658200, -16.235352,Stair-Up
252396, -0.126709, -0.725098, -0.304077, -3.295898, 23.742670, -19.714360,Stair-Up
252416, -0.125855, -0.465942, -0.312744, 12.756344, 25.207516, -20.019532,Stair-Up
252436, -0.139282, -0.552734, -0.290772, 42.968740, 45.471180, -18.615724,Stair-Up
252456, -0.153320, -0.718994, -0.275879, 37.475590, 70.495620, -15.197750,Stair-Up
252476, -0.105469, -0.821411, -0.222656, 29.479976, 88.562000, -17.761230,Stair-Up
252496, -0.030640, -0.942139, -0.172974, 23.620600, 94.665500, -24.963376,Stair-Up
252516, 0.058350, -1.020752, -0.143311, 14.099120, 84.167460, -24.719230,Stair-Up
252536, 0.123779, -1.068970, -0.137207, 13.122556, 61.157220, -27.832030,Stair-Up
252556, 0.207886, -1.097046, -0.125610, 9.643556, 18.981940, -26.062010,Stair-Up
252576, 0.124146, -0.965088, -0.168213, 12.023924, -20.812980, -31.066890,Stair-Up
252596, -0.001587, -0.897217, -0.210205, 22.216790, -31.738280, -27.465816,Stair-Up
252616, -0.018311, -0.849854, -0.255615, 26.428220, -35.888680, -22.338860,Stair-Up
252636, -0.100220, -0.807617, -0.255615, 33.081060, -38.330080, -19.226080,Stair-Up
252656, -0.211060, -0.830811, -0.173584, 33.813480, -22.949216, -18.676760,Stair-Up
252676, -0.208618, -0.847534, -0.123657, 29.418940, -6.774902, -21.118160,Stair-Up
252696, -0.166992, -0.846558, -0.147095, 25.512690, 3.295898, -20.629880,Stair-Up
252716, -0.175659, -0.868042, -0.183960, 23.437492, 8.483890, -22.094720,Stair-Up
252736, -0.149780, -0.884400, -0.209229, 19.836430, 8.972170, -22.216790,Stair-Up
252756, -0.121460, -0.873535, -0.224243, 19.958500, -0.915527, -24.475090,Stair-Up
252776, -0.118164, -0.888916, -0.217896, 21.911620, -11.474608, -25.207516,Stair-Up
252796, -0.109741, -0.916992, -0.191650, 23.071284, -20.812980, -21.423332,Stair-Up
252816, -0.140991, -0.973755, -0.183838, 23.132320, -27.648920, -17.578130,Stair-Up
252836, -0.166260, -0.997070, -0.193115, 19.653320, -29.663080, -12.390136,Stair-Up
252856, -0.168701, -1.019043, -0.203247, 21.362300, -32.531740, -9.826660,Stair-Up
252876, -0.177490, -1.134644, -0.189209, 22.460930, -35.888680, -9.277344,Stair-Up
252896, -0.211060, -1.177002, -0.171387, 20.507810, -32.958990, -9.704590,Stair-Up
252916, -0.213989, -1.283570, -0.119385, 27.160640, -30.883784, -14.343260,Stair-Up
252936, -0.249146, -1.563477, -0.104736, 29.846190, -27.770990, -21.728510,Stair-Up
252956, -0.285645, -1.684448, -0.115845, 8.666994, -19.226080, -24.291990,Stair-Up
252976, -0.262329, -1.602051, -0.120361, -1.342773, -13.427732, -26.123040,Stair-Up
252996, -0.230103, -1.417725, -0.119995, -16.418460, -10.681150, -18.005376,Stair-Up
253016, -0.171387, -1.035889, -0.124878, -25.451652, -7.629394, 0.610352,Stair-Up
253036, -0.224609, -0.776489, -0.154663, -1.831054, -0.427246, 18.737796,Stair-Up
253056, -0.339356, -0.955444, -0.158814, 23.071284, 19.104010, 31.921380,Stair-Up
253076, -0.360840, -1.184570, -0.095581, 9.826660, 44.677720, 41.564930,Stair-Up
253096, -0.332275, -1.161988, 0.038086, -10.009768, 62.072740, 46.447740,Stair-Up
253116, -0.279541, -1.084228, 0.081543, -20.202630, 72.448740, 53.466780,Stair-Up
253136, -0.169800, -0.974365, 0.071899, -25.207516, 80.139160, 67.382820,Stair-Up
253156, -0.065186, -0.915894, 0.037964, -19.958500, 77.087400, 81.909160,Stair-Up
253176, -0.032471, -0.919190, 0.025024, -13.427732, 64.575200, 96.191400,Stair-Up
253196, -0.089844, -0.910889, 0.018555, -9.582520, 46.386710, 101.501440,Stair-Up
253216, -0.170288, -0.883789, 0.036377, -5.371092, 33.630380, 99.670400,Stair-Up
253236, -0.227783, -0.876099, 0.064453, -2.746581, 28.869624, 92.895500,Stair-Up
253256, -0.243042, -0.882324, 0.096436, -2.868652, 28.198240, 82.336400,Stair-Up
253276, -0.244263, -0.896851, 0.124390, -6.774902, 32.287600, 71.960460,Stair-Up
253296, -0.217651, -0.892090, 0.141846, -12.451170, 39.611820, 62.866200,Stair-Up
253316, -0.181397, -0.898071, 0.121826, -16.906740, 47.851560, 51.757800,Stair-Up
253336, -0.178589, -0.922730, 0.093994, -18.798830, 52.368160, 44.555660,Stair-Up
253356, -0.153564, -0.935791, 0.091797, -23.010250, 56.457510, 38.818360,Stair-Up
253376, -0.125000, -0.978394, 0.092529, -20.019532, 56.640620, 32.531740,Stair-Up
253396, -0.134766, -1.095215, 0.083618, -17.822270, 57.678220, 22.888180,Stair-Up
253416, -0.107544, -1.192017, 0.071655, -22.033690, 60.424800, 12.145992,Stair-Up
253436, -0.062378, -1.217530, 0.055054, -22.155760, 58.898920, 1.953124,Stair-Up
253456, -0.071289, -1.295166, 0.008057, -12.023924, 55.603020, -7.873534,Stair-Up
253476, -0.065796, -1.457886, -0.012451, -6.164550, 58.471670, -19.165040,Stair-Up
253496, 0.028564, -1.573486, 0.010864, -13.610836, 59.692380, -28.991692,Stair-Up
253516, 0.067383, -1.422120, -0.004639, -26.489250, 52.185050, -44.921860,Stair-Up
253536, 0.127808, -1.318238, -0.076172, 2.685546, 36.438000, -74.401860,Stair-Up
253556, 0.108154, -1.369751, -0.173706, 6.835936, 27.160640, -87.097160,Stair-Up
253576, 0.221314, -1.130738, -0.259522, 3.967285, 7.812498, -94.055160,Stair-Up
253596, 0.166992, -0.879150, -0.288818, 19.775390, -10.559080, -86.181620,Stair-Up
253616, 0.041016, -0.803833, -0.264404, 35.278320, -1.586914, -77.819840,Stair-Up
253636, 0.015625, -0.853882, -0.250488, 40.771480, 24.414060, -68.420420,Stair-Up
253656, 0.075928, -0.915650, -0.248047, 32.409680, 43.273920, -62.133780,Stair-Up
253676, 0.119873, -0.912354, -0.200317, 21.484370, 49.011220, -56.518540,Stair-Up
253696, 0.152954, -0.853394, -0.165649, 13.427732, 41.381820, -53.710930,Stair-Up
253716, 0.180786, -0.791260, -0.176514, 12.756344, 23.376460, -51.452620,Stair-Up
253736, 0.221558, -0.770996, -0.192139, 16.296390, -4.211426, -49.377430,Stair-Up
253756, 0.124878, -0.745239, -0.217285, 22.644040, -41.625960, -44.677720,Stair-Up
253776, 0.050781, -0.756592, -0.228027, 27.648920, -53.100580, -42.297360,Stair-Up
253796, 0.007568, -0.786255, -0.232910, 31.799310, -59.509270, -40.466300,Stair-Up
253816, -0.083130, -0.843628, -0.205078, 33.630380, -55.419910, -38.513190,Stair-Up
253836, -0.077637, -0.882568, -0.168701, 30.456540, -49.316400, -33.142100,Stair-Up
253856, -0.069580, -0.857300, -0.126953, 28.503410, -42.053220, -29.724120,Stair-Up
253876, -0.072388, -0.835083, -0.092529, 30.700680, -33.508300, -26.245110,Stair-Up
253896, -0.079834, -0.862427, -0.083374, 33.081060, -24.780270, -22.094720,Stair-Up
253916, -0.069214, -0.892090, -0.095581, 31.799310, -18.676760, -19.470220,Stair-Up
253936, -0.067627, -0.905884, -0.096069, 31.433100, -20.568840, -17.639160,Stair-Up
253956, -0.111816, -0.894043, -0.107056, 31.494136, -26.367180, -20.507810,Stair-Up
253976, -0.004028, -0.864258, -0.162354, 34.057620, -59.875480, -24.475090,Stair-Up
253996, -0.074829, -0.859009, -0.193115, 38.879400, -89.172340, -32.226570,Stair-Up
254016, -0.125977, -0.910645, -0.175903, 41.076650, -89.294400, -33.691410,Stair-Up
254036, -0.202637, -0.961914, -0.143066, 37.841800, -82.275360, -31.005852,Stair-Up
254056, -0.243408, -1.004028, -0.134399, 35.705570, -73.181160, -27.343748,Stair-Up
254076, -0.239014, -1.078370, -0.184204, 35.827640, -64.147960, -22.399900,Stair-Up
254096, -0.294434, -1.206177, -0.285645, 36.254890, -49.682610, -16.540530,Stair-Up
254116, -0.210327, -1.337646, -0.356323, 37.231450, -40.039070, -3.112792,Stair-Up
254136, -0.140503, -1.551392, -0.312744, 57.006820, -21.850580, 31.005852,Stair-Up
254156, -0.208740, -1.873169, -0.133423, 31.005852, -9.704590, 28.869624,Stair-Up
254176, -0.164551, -1.701416, -0.146240, 3.845214, 1.342773, 33.813480,Stair-Up
254196, -0.040649, -1.836914, -0.148804, -5.371092, -12.329100, 43.090810,Stair-Up
254216, -0.139160, -1.482666, -0.186279, -25.451652, 8.056642, 60.668940,Stair-Up
254236, -0.140381, -1.198486, -0.170166, -17.028810, 27.038570, 61.767570,Stair-Up
254256, -0.131836, -1.152954, -0.107544, -5.737304, 31.372068, 97.045880,Stair-Up
254276, -0.364868, -1.114258, -0.053345, -37.597660, 40.039070, 57.739250,Stair-Up
254296, -0.053833, -0.984741, -0.031250, -4.455568, 40.954580, 95.947260,Stair-Up
254316, -0.214600, -1.143188, 0.032227, -31.372068, 58.654780, 90.515120,Stair-Up
254336, 0.011841, -0.983521, 0.067261, -24.536130, 43.579090, 112.365700,Stair-Up
254356, -0.051270, -1.035156, 0.092041, -20.263670, 32.043460, 120.361300,Stair-Up
254376, -0.041382, -0.991211, 0.107056, -20.446770, 27.526850, 128.723160,Stair-Up
254396, -0.000366, -0.926270, 0.114624, -15.930172, 22.338860, 138.793960,Stair-Up
254416, 0.000610, -0.849732, 0.138794, -3.173828, 12.268064, 140.441900,Stair-Up
254436, -0.063110, -0.786377, 0.156250, 1.098633, 10.253904, 133.544920,Stair-Up
254456, -0.110840, -0.738159, 0.169434, 6.408690, 13.610836, 121.459940,Stair-Up
254476, -0.136597, -0.698242, 0.180664, 6.164550, 17.761230, 105.590800,Stair-Up
254496, -0.167114, -0.641113, 0.186523, 5.432128, 24.902340, 88.378900,Stair-Up
254516, -0.196777, -0.621338, 0.187012, 6.225584, 34.118660, 68.481460,Stair-Up
254536, -0.201294, -0.656372, 0.194336, 5.554198, 44.067380, 48.400870,Stair-Up
254556, -0.181519, -0.697266, 0.204468, -1.220704, 53.100580, 28.320310,Stair-Up
254576, -0.151123, -0.686157, 0.192749, -8.117676, 60.302720, 10.620116,Stair-Up
254596, -0.140503, -0.680420, 0.176392, -7.690428, 65.795900, -8.178714,Stair-Up
254616, -0.146240, -0.747803, 0.151123, -4.272462, 69.946300, -26.489250,Stair-Up
254636, -0.118530, -0.873657, 0.127686, -2.990722, 69.702160, -52.062980,Stair-Up
254656, -0.088501, -0.947876, 0.133667, 0.488281, 63.659660, -68.115240,Stair-Up
254676, -0.072022, -1.041138, 0.131470, 6.225584, 60.668940, -79.834000,Stair-Up
254696, -0.072510, -1.158814, 0.067017, 11.413570, 62.194820, -87.219220,Stair-Up
254716, -0.082520, -1.267578, -0.031738, 14.953610, 65.185560, -89.660640,Stair-Up
254736, -0.083862, -1.374268, -0.090454, 18.920900, 71.411140, -87.890600,Stair-Up
254756, -0.031372, -1.474732, -0.073364, 18.615724, 78.735360, -83.312960,Stair-Up
254776, 0.131958, -1.567139, -0.011475, 18.981940, 77.026380, -81.848140,Stair-Up
254796, 0.189087, -1.627442, 0.005615, 15.197750, 61.584460, -85.021960,Stair-Up
254816, 0.043091, -1.624146, -0.049072, 13.427732, 50.109860, -96.862760,Stair-Up
254836, 0.049927, -1.515747, -0.167847, 8.117676, 42.602530, -106.872540,Stair-Up
254856, 0.012939, -1.139648, -0.322022, 16.662600, 37.231450, -105.773900,Stair-Up
254876, -0.059570, -0.945190, -0.359497, 31.066890, 60.852040, -89.538560,Stair-Up
254896, -0.113281, -0.907837, -0.341675, 47.119130, 95.458960, -74.157740,Stair-Up
254916, -0.086060, -0.998779, -0.319092, 51.818840, 123.657200, -61.828600,Stair-Up
254936, 0.026978, -1.043946, -0.273560, 42.907700, 127.380360, -50.781240,Stair-Up
254956, 0.120117, -0.992920, -0.230347, 44.006340, 113.647440, -44.250480,Stair-Up
254976, 0.147949, -0.919068, -0.214722, 27.221676, 74.646000, -34.545900,Stair-Up
254996, 0.101074, -0.784180, -0.261475, 23.681636, 46.569820, -28.930660,Stair-Up
255016, 0.100952, -0.653564, -0.332275, 25.390620, 20.019532, -21.606440,Stair-Up
255036, 0.046143, -0.598145, -0.402710, 34.606940, -6.713866, -20.568840,Stair-Up
255056, -0.026367, -0.617066, -0.407959, 36.254890, -24.108880, -18.432620,Stair-Up
255076, -0.031494, -0.641480, -0.276489, 31.860350, -35.217290, -11.962890,Stair-Up
255096, -0.072754, -0.682373, -0.221802, 23.864740, -37.780760, -1.403808,Stair-Up
255116, -0.113281, -0.721802, -0.208618, 17.272950, -41.809080, 6.713866,Stair-Up
255136, -0.076172, -0.796997, -0.221436, 13.122556, -50.354000, 14.770504,Stair-Up
255156, -0.050049, -0.871582, -0.236084, 8.239746, -65.185560, 24.536130,Stair-Up
255176, -0.076294, -0.905274, -0.254028, 7.385252, -74.890140, 28.320310,Stair-Up
255196, -0.109375, -1.010864, -0.228760, 4.516602, -73.730480, 55.725090,Stair-Up
255216, -0.102539, -0.999024, -0.192993, -3.967285, -88.989240, 40.100100,Stair-Up
255236, -0.118774, -1.044922, -0.160156, -2.685546, -108.947720, 37.414560,Stair-Up
255256, -0.304321, -1.092774, -0.135620, -23.681636, -118.164040, 12.023924,Stair-Up
255276, -0.205322, -0.972534, -0.203735, -0.183105, -96.557600, 4.455568,Stair-Up
255296, -0.246826, -1.216186, -0.143188, -17.089850, -85.632300, 46.874990,Stair-Up
255316, -0.202271, -1.002076, -0.153687, 6.591796, -78.369140, 43.457020,Stair-Up
255336, -0.302002, -1.276734, -0.117065, 18.127448, -55.175770, 45.471180,Stair-Up
255356, -0.250244, -1.518799, -0.115601, 29.296870, -36.499030, 36.132820,Stair-Up
255376, -0.239990, -1.871338, -0.038574, 19.592290, -24.108880, 29.785150,Stair-Up
255396, -0.204956, -1.872070, 0.014404, -7.751464, -12.512204, 22.766110,Stair-Up
255416, -0.169312, -1.578858, -0.001831, -19.958500, -2.014160, 23.254390,Stair-Up
255436, -0.164673, -1.293213, -0.050781, -16.845708, 15.380856, 29.907220,Stair-Up
255456, -0.158691, -1.084717, -0.077759, -9.460450, 37.658700, 43.884270,Stair-Up
255476, -0.147461, -1.003296, -0.055298, 3.967285, 54.138180, 54.931630,Stair-Up
255496, -0.168335, -1.050538, -0.014404, 8.911134, 65.063500, 63.964840,Stair-Up
255516, -0.116699, -1.045898, 0.029541, 0.183105, 75.500500, 72.692880,Stair-Up
255536, -0.050293, -0.961548, 0.038452, -7.202148, 70.678720, 77.270520,Stair-Up
255556, -0.045044, -0.852051, 0.018433, -8.789064, 60.058580, 79.345700,Stair-Up
255576, -0.084351, -0.778320, 0.013184, -8.117676, 52.551260, 78.491220,Stair-Up
255596, -0.080322, -0.720215, 0.016235, -7.873534, 47.363270, 76.599140,Stair-Up
255616, -0.096436, -0.668945, 0.028809, -8.728030, 41.809080, 73.608400,Stair-Up
255636, -0.141113, -0.610474, 0.053711, -9.887696, 40.283200, 68.542500,Stair-Up
255656, -0.200562, -0.593994, 0.095459, -8.178714, 43.945300, 62.072740,Stair-Up
255676, -0.292236, -0.650269, 0.138184, -6.164550, 52.917470, 56.091300,Stair-Up
255696, -0.432617, -0.762085, 0.135254, -9.460450, 69.213880, 51.086420,Stair-Up
255716, -0.344727, -0.800049, 0.114502, -19.592290, 82.641580, 50.170890,Stair-Up
255736, -0.229492, -0.794190, 0.104126, -20.080560, 72.570800, 54.321280,Stair-Up
255756, -0.280762, -0.789917, 0.104004, -19.042970, 65.551760, 58.349600,Stair-Up
255776, -0.322510, -0.771362, 0.078247, -13.671872, 52.001940, 55.297840,Stair-Up
255796, -0.352905, -0.762085, 0.041016, -6.286620, 30.944820, 46.813960,Stair-Up
255816, -0.403687, -0.751953, 0.010010, 0.549316, 13.732908, 39.489750,Stair-Up
255836, -0.415772, -0.730591, 0.017090, 6.408690, 4.516602, 33.142100,Stair-Up
255856, -0.430908, -0.719971, 0.020630, 13.427732, 2.258301, 28.381340,Stair-Up
255876, -0.462158, -0.731445, 0.008179, 18.493652, 6.896972, 23.010250,Stair-Up
255896, -0.468750, -0.739746, -0.022827, 20.996090, 15.747068, 17.700200,Stair-Up
255916, -0.471191, -0.747559, -0.070679, 24.475090, 25.085448, 10.498044,Stair-Up
255936, -0.445679, -0.786987, -0.098877, 27.099608, 33.691410, 2.563476,Stair-Up
255956, -0.397827, -0.783692, -0.103638, 25.573724, 44.494620, -6.103514,Stair-Up
255976, -0.374390, -0.813110, -0.096313, 26.489250, 53.222640, -11.657712,Stair-Up
255996, -0.325317, -0.871582, -0.064331, 24.963376, 59.997550, -16.723632,Stair-Up
256016, -0.313232, -0.929688, -0.073364, 25.085448, 63.232410, -23.986810,Stair-Up
256036, -0.310425, -0.974610, -0.131470, 24.902340, 68.847660, -32.836920,Stair-Up
256056, -0.211182, -0.995117, -0.190186, 25.207516, 68.542500, -38.879400,Stair-Up
256076, -0.123169, -1.068726, -0.197388, 32.653820, 59.814440, -45.776360,Stair-Up
256096, -0.103272, -1.274536, -0.149902, 35.278320, 51.635740, -53.649900,Stair-Up
256116, -0.069458, -1.439576, -0.075439, 24.414060, 41.137680, -64.697280,Stair-Up
256136, -0.048828, -1.462402, -0.026733, 11.901852, 18.981940, -80.444320,Stair-Up
256156, -0.066040, -1.340576, -0.082031, 4.089356, -8.605960, -97.778300,Stair-Up
256176, -0.081665, -1.021973, -0.260254, 6.652830, -46.447740, -116.638160,Stair-Up
256196, -0.079468, -0.823853, -0.321777, 14.953610, -56.579580, -117.187480,Stair-Up
256216, -0.097290, -0.714600, -0.328858, 26.916500, -47.973620, -108.154280,Stair-Up
256236, -0.176636, -0.734009, -0.340454, 33.142100, -28.869624, -95.397940,Stair-Up
256256, -0.233032, -0.823853, -0.323486, 30.639640, -5.310058, -87.341300,Stair-Up
256276, -0.168701, -0.924072, -0.247559, 22.399900, 16.357424, -81.237760,Stair-Up
256296, -0.038208, -1.033448, -0.175171, 14.953610, 21.423332, -74.096700,Stair-Up
256316, 0.023560, -1.167603, -0.145264, 8.300784, 11.413570, -68.664560,Stair-Up
256336, 0.114990, -1.256104, -0.104858, -3.906249, -14.282224, -61.645500,Stair-Up
256356, 0.183838, -1.188232, -0.083130, -11.901852, -56.762680, -53.710930,Stair-Up
256376, 0.082886, -1.068238, -0.095581, -6.408690, -92.895500, -45.654280,Stair-Up
256396, -0.003174, -0.952148, -0.156982, 7.263182, -114.807100, -33.508300,Stair-Up
256416, -0.075439, -0.895020, -0.168945, 14.709470, -112.548800, -25.939940,Stair-Up
256436, -0.158569, -0.846436, -0.142822, 20.263670, -97.900360, -24.475090,Stair-Up
256456, -0.236450, -0.822754, -0.121460, 24.475090, -73.852540, -27.526850,Stair-Up
256476, -0.288452, -0.815430, -0.105103, 24.719230, -42.297360, -30.883784,Stair-Up
256496, -0.279297, -0.811768, -0.100464, 22.583000, -11.108396, -33.325200,Stair-Up
256516, -0.211670, -0.801148, -0.097900, 20.446770, 12.207030, -33.447270,Stair-Up
256536, -0.157715, -0.799194, -0.095093, 21.423332, 23.193352, -33.569340,Stair-Up
256556, -0.106689, -0.839234, -0.078247, 24.353020, 28.076170, -31.066890,Stair-Up
256576, -0.010254, -0.902954, -0.051270, 23.498530, 21.423332, -25.268550,Stair-Up
256596, 0.075439, -0.932007, -0.039307, 21.972650, -16.723632, -11.657712,Stair-Up
256616, -0.010132, -0.955200, -0.079468, 23.925780, -43.457020, -5.004884,Stair-Up
256636, -0.080811, -0.976929, -0.140503, 26.367180, -56.457510, 2.075196,Stair-Up
256656, -0.055054, -1.010376, -0.178467, 31.555170, -68.481460, 5.493162,Stair-Up
256676, -0.093140, -1.052734, -0.183716, 33.508300, -78.002940, 10.009768,Stair-Up
256696, -0.203369, -1.065308, -0.177246, 32.897960, -71.105960, 14.343260,Stair-Up
256716, -0.251709, -1.085450, -0.177002, 31.921380, -51.696770, 18.310550,Stair-Up
256736, -0.216064, -1.121948, -0.177734, 28.259270, -34.545900, 22.399900,Stair-Up
256756, -0.168457, -1.106324, -0.187744, 22.888180, -26.428220, 27.526850,Stair-Up
256776, -0.170288, -1.047486, -0.210205, 20.690910, -23.376460, 32.226570,Stair-Up
256796, -0.182617, -0.992554, -0.225342, 20.935052, -20.690910, 36.682140,Stair-Up
256816, -0.162720, -1.067505, -0.200439, 33.386240, -23.315424, 34.423840,Stair-Up
256836, -0.250732, -1.593262, -0.143066, 36.499030, -22.155760, 26.794430,Stair-Up
256856, -0.292969, -1.815918, -0.113647, 4.089356, -19.531250, 19.165040,Stair-Up
256876, -0.219360, -1.396728, -0.095703, -46.081540, -26.733390, 19.226080,Stair-Up
256896, -0.184448, -0.797608, -0.118408, -42.724600, -33.325200, 26.977532,Stair-Up
256916, -0.250244, -0.659424, -0.185669, -3.540038, -20.263670, 43.701160,Stair-Up
256936, -0.243652, -1.000977, -0.203613, 12.512204, 12.023924, 66.955580,Stair-Up
256956, -0.174194, -1.228760, -0.127564, 2.929687, 30.456540, 82.580560,Stair-Up
256976, -0.149780, -1.376465, 0.001709, -3.051757, 29.113768, 87.646460,Stair-Up
256996, -0.091797, -1.427734, 0.086548, -20.935052, 26.672360, 93.994120,Stair-Up
257016, -0.043091, -1.275879, 0.082520, -34.301760, 26.123040, 105.041500,Stair-Up
257036, 0.000122, -1.151001, 0.033447, -23.437492, 13.366696, 111.145000,Stair-Up
257056, -0.032227, -1.087524, -0.034912, -23.010250, 3.723144, 115.844700,Stair-Up
257076, -0.118530, -0.983398, -0.033813, -20.568840, 0.427246, 113.525360,Stair-Up
257096, -0.171143, -0.936402, 0.013916, -16.296390, 7.873534, 108.581520,Stair-Up
257116, -0.188110, -0.957642, 0.051880, -14.526364, 22.338860, 102.844220,Stair-Up
257136, -0.156616, -1.030518, 0.080688, -21.240230, 37.048340, 96.740700,Stair-Up
257156, -0.102295, -1.016236, 0.093140, -34.606940, 45.532220, 91.003400,Stair-Up
257176, -0.080688, -0.932984, 0.079834, -41.015620, 47.058100, 82.519500,Stair-Up
257196, -0.068481, -0.876343, 0.054199, -41.870110, 39.306640, 70.556640,Stair-Up
257216, -0.066284, -0.846436, 0.036865, -37.536620, 28.686520, 56.396480,Stair-Up
257236, -0.077881, -0.852173, 0.031250, -34.790040, 16.723632, 41.198720,Stair-Up
257256, -0.076538, -0.819580, 0.032471, -30.456540, -2.990722, 17.272950,Stair-Up
257276, -0.088013, -0.760132, 0.031372, -22.888180, -12.939450, 0.732422,Stair-Up
257296, -0.109863, -0.815796, 0.029297, -11.962890, -17.944340, -15.502928,Stair-Up
257316, -0.128784, -0.910400, 0.031372, -11.352536, -18.310550, -30.151360,Stair-Up
257336, -0.149170, -0.906738, 0.017700, -13.488768, -14.831540, -43.640120,Stair-Up
257356, -0.159546, -0.885254, 0.002075, -8.117676, -10.559080, -59.692380,Stair-Up
257376, -0.156494, -0.963867, -0.009766, 0.671386, -3.784179, -74.401860,Stair-Up
257396, -0.144531, -1.085450, -0.014282, 5.432128, 2.990722, -88.623040,Stair-Up
257416, -0.094360, -1.213623, -0.007080, 9.033204, 7.019042, -103.332500,Stair-Up
257436, -0.027588, -1.349854, 0.000244, 14.343260, -0.976562, -118.286100,Stair-Up
257456, -0.017456, -1.525879, 0.006836, 22.277830, -19.592290, -136.718800,Stair-Up
257476, -0.064697, -1.901490, 0.035889, 26.000970, -37.963880, -166.442840,Stair-Up
257496, -0.103760, -1.964722, -0.014404, 10.986324, -49.072260, -182.128840,Stair-Up
257516, -0.139648, -1.764160, -0.096191, 1.037598, -54.992660, -189.147900,Stair-Up
257536, -0.127686, -1.453370, -0.196167, -6.042480, -52.856440, -178.649840,Stair-Up
257556, -0.209961, -1.049194, -0.308472, -4.882814, -31.921380, -150.634800,Stair-Up
257576, -0.278076, -0.792480, -0.332153, 16.662600, 7.324218, -121.215800,Stair-Up
257596, -0.242676, -0.875977, -0.274658, 35.278320, 44.677720, -95.581040,Stair-Up
257616, -0.193481, -0.987427, -0.193604, 23.986810, 64.209000, -71.228040,Stair-Up
257636, -0.133667, -0.923584, -0.136841, 12.329100, 63.171380, -51.635740,Stair-Up
257656, -0.034302, -0.877564, -0.114014, 9.460450, 43.029780, -39.184580,Stair-Up
257676, -0.011841, -0.854248, -0.143799, 5.065916, 20.629880, -25.634760,Stair-Up
257696, 0.020508, -0.760620, -0.186401, 0.122070, -3.112792, -7.934570,Stair-Up
257716, 0.062256, -0.722168, -0.161743, -0.183105, -25.695796, 2.075196,Stair-Up
257736, -0.030151, -0.692139, -0.139038, -1.647949, -46.569820, 6.408690,Stair-Up
257756, -0.079468, -0.696289, -0.129150, -0.976562, -59.204090, 7.507323,Stair-Up
257776, -0.049194, -0.675659, -0.128906, -2.868652, -75.683600, 9.033204,Stair-Up
257796, -0.051147, -0.658936, -0.144653, 4.089356, -92.590300, 10.864256,Stair-Up
257816, -0.097900, -0.721070, -0.161743, 8.666994, -99.426260, 15.319820,Stair-Up
257836, -0.065674, -0.748657, -0.178101, 13.854978, -106.445300, 21.728510,Stair-Up
257856, -0.155884, -0.811157, -0.173706, 15.991210, -101.257300, 34.851080,Stair-Up
257876, -0.154663, -0.836060, -0.179932, 16.601568, -97.900360, 35.644540,Stair-Up
257916, -0.219360, -0.931396, -0.154297, 1.525878, -78.918460, 19.042970,Stair-Up
257936, -0.273926, -0.909790, -0.213257, 8.056642, -23.376460, 14.099120,Stair-Up
257956, 0.031616, -1.013672, -0.189575, 15.502928, -25.695796, 60.485830,Stair-Up
257976, -0.172607, -0.893311, -0.203735, 7.324218, -39.733900, 31.921380,Stair-Up
257996, -0.140747, -0.938477, -0.181274, 21.789548, -23.315424, 44.677720,Stair-Up
258016, -0.061890, -0.963867, -0.159302, 15.441892, -21.545408, 39.062500,Stair-Up
258036, -0.055908, -0.945435, -0.186890, 20.935052, -18.676760, 39.184580,Stair-Up
258056, -0.092041, -0.955322, -0.215088, 16.784670, -16.479492, 33.447270,Stair-Up
258076, -0.109253, -0.903809, -0.223022, 15.136716, -8.728030, 30.395500,Stair-Up
258096, -0.135986, -0.890381, -0.171143, 21.667476, 5.004884, 19.348150,Stair-Up
258116, -0.087402, -1.013916, -0.139038, 24.963376, 16.113284, 22.338860,Stair-Up
258136, -0.068604, -1.261108, -0.096069, 24.841304, -3.784179, 4.333496,Stair-Up
258156, -0.111572, -1.466431, -0.086426, 27.343748, -10.253904, -12.939450,Stair-Up
258176, -0.062988, -1.690186, -0.065186, 15.686032, -17.089850, -13.244628,Stair-Up
258196, -0.032227, -1.656494, -0.085083, 1.647949, -28.747552, -18.066410,Stair-Up
258216, -0.048218, -1.608643, -0.114258, 4.150392, -37.841800, -17.028810,Stair-Up
258236, -0.111816, -1.594238, -0.131958, 2.807617, -35.888680, -11.718748,Stair-Up
258256, -0.182861, -1.474244, -0.137939, -4.028321, -16.906740, -1.708984,Stair-Up
258276, -0.207520, -1.288452, -0.143066, -8.178714, 8.483890, 4.516602,Stair-Up
258296, -0.165527, -1.110840, -0.132324, -6.225584, 24.047850, 22.521970,Stair-Up
258316, -0.263794, -0.978394, -0.103394, -4.943848, 51.330560, 29.113768,Stair-Up
258336, -0.253662, -0.923584, -0.058350, -3.479003, 79.772960, 35.888680,Stair-Up
258356, -0.181641, -0.892456, -0.000854, -9.826660, 100.341780, 36.865240,Stair-Up
258376, -0.138550, -0.844849, 0.028687, -14.160152, 101.989720, 35.583500,Stair-Up
258396, -0.091309, -0.793823, 0.039551, -15.624996, 94.299300, 31.799310,Stair-Up
258416, -0.090698, -0.752564, 0.036377, -13.000484, 83.618160, 27.893060,Stair-Up
258436, -0.099243, -0.744995, 0.053589, -13.183590, 69.641120, 22.033690,Stair-Up
258456, -0.090698, -0.782227, 0.088623, -11.169430, 57.495110, 15.930172,Stair-Up
258476, -0.091187, -0.804932, 0.122192, -15.747068, 45.837400, 9.887696,Stair-Up
258496, -0.088989, -0.775879, 0.149780, -17.700200, 37.109380, 5.187988,Stair-Up
258516, -0.088745, -0.778076, 0.173950, -15.991210, 30.273430, 0.000000,Stair-Up
258536, -0.097900, -0.809570, 0.171509, -13.977050, 26.916500, -4.394532,Stair-Up
258556, -0.102051, -0.869385, 0.153442, -12.634276, 26.000970, -8.117676,Stair-Up
258576, -0.089966, -0.878052, 0.159424, -15.624996, 22.949216, -12.573240,Stair-Up
258596, -0.116699, -0.867188, 0.163086, -10.803220, 24.597160, -15.563964,Stair-Up
258616, -0.138306, -0.939820, 0.134888, -2.502442, 33.569340, -16.845708,Stair-Up
258636, -0.134644, -1.050538, 0.106567, -2.258301, 45.715320, -15.502928,Stair-Up
258656, -0.092651, -1.076782, 0.107788, -5.981444, 55.297840, -12.878416,Stair-Up
258676, -0.077759, -1.094604, 0.114380, -2.258301, 64.331060, -7.812498,Stair-Up
258696, -0.063843, -1.230469, 0.105591, 4.943848, 71.228040, -1.770019,Stair-Up
258716, -0.035645, -1.400146, 0.093018, 0.488281, 78.430200, 2.258301,Stair-Up
258736, 0.074341, -1.384400, 0.064575, -17.333990, 72.448740, 10.559080,Stair-Up
258756, 0.114014, -1.180908, -0.003418, -17.211920, 54.626460, 17.272950,Stair-Up
258776, 0.139404, -1.140747, -0.061401, -2.075196, 41.625960, 20.263670,Stair-Up
258796, 0.294678, -1.195068, -0.076782, -5.981444, 12.817380, 23.010250,Stair-Up
258816, 0.211670, -1.113038, -0.056152, -2.624511, -10.375976, 13.061520,Stair-Up
258836, 0.144043, -1.245728, -0.006226, 6.347656, -22.216790, -7.751464,Stair-Up
258856, 0.142578, -1.350464, -0.018066, -4.821778, -28.320310, -23.742670,Stair-Up
258876, 0.180542, -1.235352, -0.114258, -10.864256, -32.653820, -34.545900,Stair-Up
258896, 0.235718, -1.126954, -0.195679, -0.732422, -39.550780, -42.236320,Stair-Up
258916, 0.155151, -1.062744, -0.250122, 6.042480, -39.367680, -39.123540,Stair-Up
258936, 0.031494, -0.956665, -0.252319, 8.911134, -22.277830, -33.508300,Stair-Up
258956, 0.002686, -0.875366, -0.224731, 13.122556, 2.563476, -26.123040,Stair-Up
258976, 0.051636, -0.880493, -0.186890, 16.540530, 18.920900, -23.254390,Stair-Up
258996, 0.107666, -0.936890, -0.152222, 15.319820, 20.263670, -21.728510,Stair-Up
259016, 0.203369, -0.879761, -0.130737, 4.089356, -8.300784, -20.568840,Stair-Up
259036, 0.193604, -0.731568, -0.145020, 5.432128, -38.452160, -18.798830,Stair-Up
259056, 0.100830, -0.631592, -0.167725, 13.610836, -63.842760, -19.592290,Stair-Up
259076, 0.025391, -0.609986, -0.177612, 22.766110, -77.087400, -21.179192,Stair-Up
259096, -0.064331, -0.633911, -0.175781, 27.465816, -78.430200, -21.911620,Stair-Up
259116, -0.128906, -0.658692, -0.142212, 25.634760, -68.359400, -21.667476,Stair-Up
259136, -0.159546, -0.666748, -0.115234, 21.240230, -51.940910, -20.812980,Stair-Up
259176, -0.155273, -0.717041, -0.106812, 14.404296, -26.489250, -20.629880,Stair-Up
259196, -0.157593, -0.759522, -0.110718, 13.977050, -23.620600, -21.362300,Stair-Up
259216, -0.158325, -0.806763, -0.109863, 13.122556, -23.559568, -23.498530,Stair-Up
259236, -0.145020, -0.925171, -0.112671, 16.784670, -29.785150, -24.963376,Stair-Up
259256, -0.150879, -0.999634, -0.123047, 13.122556, -32.348640, -22.460930,Stair-Up
259276, -0.163574, -1.033936, -0.146118, 12.634276, -34.973150, -20.263670,Stair-Up
259296, -0.207153, -1.061768, -0.161987, 11.047360, -33.691410, -16.723632,Stair-Up
259316, -0.202026, -1.055176, -0.166748, 10.314940, -32.226570, -13.793944,Stair-Up
259336, -0.209717, -1.068116, -0.192261, 14.343260, -30.151360, -8.483890,Stair-Up
259356, -0.231079, -1.108276, -0.200317, 13.366696, -24.719230, -2.075196,Stair-Up
259376, -0.221680, -1.100952, -0.184448, 11.657712, -17.150880, 6.164550,Stair-Up
259396, -0.207397, -1.125610, -0.181397, 15.991210, -13.488768, 12.573240,Stair-Up
259416, -0.186646, -1.211304, -0.187744, 17.150880, -10.864256, 18.859868,Stair-Up
259436, -0.130981, -1.272461, -0.170776, 20.568840, -9.826660, 26.733390,Stair-Up
259456, -0.150635, -1.583862, -0.106812, 27.526850, -9.948730, 31.249992,Stair-Up
259476, -0.175659, -1.767700, -0.073120, 17.578130, -3.051757, 28.930660,Stair-Up
259496, -0.131592, -1.722656, -0.059570, -3.967285, 2.929687, 29.357908,Stair-Up
259516, -0.114502, -1.434692, -0.085083, -13.000484, 6.958006, 34.545900,Stair-Up
259536, -0.159790, -1.218872, -0.110230, -7.629394, 17.456060, 41.503900,Stair-Up
259556, -0.176880, -1.072632, -0.108765, -4.333496, 33.996590, 50.903310,Stair-Up
259576, -0.184082, -0.989746, -0.083130, 3.723144, 46.874990, 57.373040,Stair-Up
259596, -0.183838, -1.013062, -0.037720, 6.408690, 60.302720, 60.974110,Stair-Up
259616, -0.149780, -1.003906, 0.006592, -1.342773, 72.692880, 66.650400,Stair-Up
259636, -0.120117, -0.940430, 0.024414, -5.737304, 79.162600, 68.908700,Stair-Up
259656, -0.055298, -0.905762, 0.031372, -6.835936, 74.218760, 68.725600,Stair-Up
259676, -0.050537, -0.804199, 0.010986, -11.962890, 55.725090, 68.054200,Stair-Up
259696, -0.068115, -0.701904, 0.008667, -10.742184, 44.738760, 66.345240,Stair-Up
259716, -0.078003, -0.652588, 0.012451, -4.943848, 35.156260, 62.683100,Stair-Up
259736, -0.108154, -0.663086, 0.023682, -2.441407, 31.066890, 58.105460,Stair-Up
259756, -0.120850, -0.678833, 0.037231, -3.051757, 31.860350, 52.978500,Stair-Up
259776, -0.104126, -0.703613, 0.053101, -4.028321, 31.555170, 45.898430,Stair-Up
259796, -0.099365, -0.729980, 0.069946, -6.652830, 29.663080, 37.475590,Stair-Up
259816, -0.096191, -0.744019, 0.082886, -9.704590, 29.113768, 29.541010,Stair-Up
259836, -0.061768, -0.767456, 0.089722, -9.277344, 24.841304, 20.935052,Stair-Up
259856, -0.062256, -0.841553, 0.083862, -7.507323, 16.540530, 10.986324,Stair-Up
259876, -0.062866, -0.929688, 0.075684, -9.338380, 9.277344, 1.831054,Stair-Up
259896, -0.066040, -0.928101, 0.062378, -14.709470, -1.708984, -10.986324,Stair-Up
259916, -0.094116, -0.912476, 0.055054, -10.192870, -7.385252, -19.836430,Stair-Up
259936, -0.120605, -0.945190, 0.037476, -5.920409, -7.507323, -27.160640,Stair-Up
259956, -0.136108, -0.962646, 0.013672, -4.272462, -3.417968, -32.409680,Stair-Up
259976, -0.143433, -0.976318, 0.005127, -0.183105, 4.333496, -36.804200,Stair-Up
259996, -0.126465, -1.040162, 0.011475, 5.432128, 14.526364, -38.391120,Stair-Up
260016, -0.099243, -1.116089, 0.010864, 6.835936, 19.348150, -40.527340,Stair-Up
260036, -0.079956, -1.165406, 0.007446, 10.803220, 22.827140, -43.457020,Stair-Up
260056, -0.076660, -1.248169, -0.029297, 14.099120, 24.108880, -45.776360,Stair-Up
260076, -0.106445, -1.335083, -0.054199, 15.136716, 23.742670, -50.170890,Stair-Up
260096, -0.052856, -1.427734, 0.011353, 13.244628, 22.949216, -52.795400,Stair-Up
260116, 0.111938, -1.633179, 0.073608, 10.253904, 10.742184, -58.227530,Stair-Up
260136, 0.081299, -1.615723, 0.023193, -3.112792, -0.305176, -59.204090,Stair-Up
260156, 0.015015, -1.493408, -0.047485, -5.737304, -9.887696, -67.016600,Stair-Up
260176, -0.021973, -1.384644, -0.113647, -4.760742, -19.104010, -73.852540,Stair-Up
260196, -0.013916, -1.214234, -0.187744, -8.361816, -18.432620, -72.570800,Stair-Up
260216, -0.001831, -0.975586, -0.217163, -7.019042, -6.164550, -60.119620,Stair-Up
260236, -0.018921, -0.814331, -0.196655, 1.586914, 10.375976, -47.607410,Stair-Up
260256, 0.003418, -0.811646, -0.156372, 10.498044, 20.019532, -38.757330,Stair-Up
260276, 0.030640, -0.878540, -0.130371, 9.033204, 13.916012, -35.095220,Stair-Up
260296, 0.064087, -0.893799, -0.117798, 0.915527, 1.159668, -30.029290,Stair-Up
260316, 0.176880, -0.813477, -0.088501, -7.141112, -26.123040, -22.766110,Stair-Up
260336, 0.045288, -0.666992, -0.084595, -3.234863, -67.199720, -18.249516,Stair-Up
260356, -0.048096, -0.636475, -0.104736, 1.892090, -76.599140, -16.174320,Stair-Up
260376, -0.082764, -0.635620, -0.129761, 6.164550, -78.613300, -16.052250,Stair-Up
260396, -0.121948, -0.646606, -0.135498, 7.629394, -73.364260, -13.183590,Stair-Up
260416, -0.144897, -0.658447, -0.093140, 7.507323, -63.476560, -10.864256,Stair-Up
260436, -0.156616, -0.672241, -0.072022, 7.202148, -51.635740, -7.446288,Stair-Up
260456, -0.206055, -0.694824, -0.096924, 6.774902, -40.649400, -4.577638,Stair-Up
260476, -0.201294, -0.740723, -0.144531, 8.972170, -32.348640, -3.845214,Stair-Up
260496, -0.152222, -0.809692, -0.165772, 10.009768, -32.775880, -3.173828,Stair-Up
260516, -0.143066, -0.848999, -0.154297, 10.925290, -37.902840, -2.624511,Stair-Up
260536, -0.164673, -0.888550, -0.135498, 13.305660, -39.611820, -1.892090,Stair-Up
260556, -0.229248, -0.991333, -0.165405, 13.854978, -29.357908, 1.953124,Stair-Up
260576, -0.195068, -1.036011, -0.172363, 12.939450, -24.780270, 3.601074,Stair-Up
260596, -0.204102, -1.054566, -0.170410, 12.084960, -20.996090, 5.737304,Stair-Up
260616, -0.203613, -1.054322, -0.166504, 14.465330, -15.075680, 7.141112,Stair-Up
260636, -0.169434, -1.112061, -0.146118, 18.188480, -10.437010, 9.460450,Stair-Up
260656, -0.162598, -1.160400, -0.128052, 16.906740, -8.483890, 13.183590,Stair-Up
260676, -0.197998, -1.181885, -0.132324, 19.104010, -4.394532, 14.282224,Stair-Up
260696, -0.193481, -1.293457, -0.135742, 29.174800, 1.220704, 12.573240,Stair-Up
260716, -0.184448, -1.632690, -0.105957, 39.489750, 5.676268, 8.483890,Stair-Up
260736, -0.139038, -1.918824, -0.042358, 16.357424, 9.948730, 5.981444,Stair-Up
260756, -0.085205, -1.742920, -0.021606, -12.756344, 3.906249, 10.498044,Stair-Up
260776, -0.146240, -1.309692, -0.087524, -12.695310, 0.854492, 22.155760,Stair-Up
260796, -0.142944, -1.101074, -0.121582, -10.253904, 12.756344, 40.649400,Stair-Up
260816, -0.138550, -0.969116, -0.102173, 3.662109, 25.878900, 55.236800,Stair-Up
260836, -0.137939, -1.033204, -0.065918, 16.967780, 31.982420, 63.964840,Stair-Up
260856, -0.312378, -1.122070, -0.039795, 4.699708, 62.377920, 74.646000,Stair-Up
260876, -0.185669, -0.963379, -0.009399, -4.089356, 81.054660, 61.645500,Stair-Up
260896, -0.108154, -0.987427, 0.014771, -2.136231, 88.500960, 81.665020,Stair-Up
260916, -0.104736, -0.827515, 0.011475, -14.221190, 90.209940, 75.378440,Stair-Up
260936, -0.087280, -0.737427, 0.003784, -8.972170, 95.031720, 82.763660,Stair-Up
260956, -0.092163, -0.701782, -0.000244, -10.192870, 92.346160, 79.284680,Stair-Up
260976, -0.097168, -0.667969, 0.005493, -11.474608, 89.660640, 79.834000,Stair-Up
260996, -0.092651, -0.642944, 0.019897, -11.779784, 79.772960, 70.251480,Stair-Up
261016, -0.096680, -0.664429, 0.030518, -13.305660, 73.120140, 63.232410,Stair-Up
261036, -0.070190, -0.709839, 0.053955, -14.099120, 64.758300, 54.016100,Stair-Up
261056, -0.031616, -0.767944, 0.076538, -17.883300, 52.124020, 44.067380,Stair-Up
261076, -0.019531, -0.793823, 0.076538, -20.202630, 37.231450, 33.386240,Stair-Up
261096, -0.017456, -0.831299, 0.071289, -18.188480, 20.080560, 19.470220,Stair-Up
261116, -0.032471, -0.913696, 0.068115, -13.732908, 2.563476, 4.211426,Stair-Up
261136, -0.058594, -1.008423, 0.070190, -13.305660, -11.779784, -12.023924,Stair-Up
261156, -0.081421, -1.037720, 0.065063, -15.136716, -20.874020, -26.489250,Stair-Up
261176, -0.092529, -1.032104, 0.055298, -11.718748, -26.489250, -39.123540,Stair-Up
261196, -0.113281, -1.098755, 0.048096, -2.258301, -27.526850, -49.804680,Stair-Up
261216, -0.101440, -1.271973, 0.019043, 0.427246, -16.296390, -58.044420,Stair-Up
261236, -0.086182, -1.267212, -0.009521, -1.892090, -6.896972, -58.105460,Stair-Up
261256, -0.106567, -1.282227, -0.060181, 8.789064, 3.479003, -59.143060,Stair-Up
261276, -0.116089, -1.407715, -0.104370, 10.681150, 17.578130, -60.180660,Stair-Up
261296, -0.028564, -1.449707, -0.030029, 12.634276, 27.832030, -58.532700,Stair-Up
261316, 0.056274, -1.495606, 0.026733, 11.596676, 27.954100, -60.363760,Stair-Up
261336, 0.036987, -1.426880, -0.016968, 9.643556, 23.498530, -63.293440,Stair-Up
261356, -0.002930, -1.310913, -0.096680, 10.559080, 19.165040, -69.274900,Stair-Up
261376, 0.005127, -1.168702, -0.162842, 8.300784, 10.803220, -73.303240,Stair-Up
261396, 0.008179, -0.952271, -0.180420, 6.469726, 2.319336, -72.448740,Stair-Up
261416, 0.007446, -0.785889, -0.156860, 11.840818, 3.601074, -67.871100,Stair-Up
261436, 0.048340, -0.782349, -0.136719, 20.324700, 12.268064, -58.593740,Stair-Up
261456, 0.025391, -0.855591, -0.138916, 16.052250, 9.460450, -53.405750,Stair-Up
261476, 0.001587, -0.850342, -0.148682, 9.582520, 6.225584, -51.635740,Stair-Up
261496, 0.034790, -0.835571, -0.164307, 7.019042, -0.915527, -50.109860,Stair-Up
261516, 0.071289, -0.803467, -0.173584, 2.319336, -13.793944, -43.090810,Stair-Up
261536, 0.057495, -0.709961, -0.188355, 2.441407, -25.268550, -32.897960,Stair-Up
261556, 0.010742, -0.664795, -0.198486, 10.375976, -32.043460, -22.338860,Stair-Up
261576, -0.035034, -0.733765, -0.212891, 19.958500, -33.691410, -12.451170,Stair-Up
261596, -0.072632, -0.841797, -0.227051, 18.798830, -30.700680, 1.525878,Stair-Up
261616, -0.067383, -0.834595, -0.202271, 10.498044, -27.160640, 14.648436,Stair-Up
261636, -0.036377, -0.774536, -0.149780, 9.216310, -26.000970, 25.390620,Stair-Up
261656, 0.028809, -0.795532, -0.079712, 10.314940, -36.438000, 36.254890,Stair-Up
261676, -0.043701, -0.852905, -0.058472, 12.451170, -29.357908, 36.132820,Stair-Up
261696, -0.023315, -0.898560, -0.072266, 9.033204, -23.620600, 41.259760,Stair-Up
261716, -0.028931, -0.905884, -0.116211, 7.385252, -32.592780, 34.667980,Stair-Up
261736, -0.073364, -0.886353, -0.163086, 10.925290, -49.743640, 18.066410,Stair-Up
261756, -0.147095, -0.918579, -0.177856, 13.916012, -56.396480, 7.141112,Stair-Up
261776, -0.132324, -0.915283, -0.170776, 15.686032, -58.593740, -5.859374,Stair-Up
261796, -0.127930, -0.958496, -0.160278, 20.690910, -57.556140, -13.549804,Stair-Up
261816, -0.094116, -1.030884, -0.161621, 21.545408, -54.931630, -17.395020,Stair-Up
261836, -0.067871, -1.076050, -0.162598, 21.545408, -58.105460, -17.944340,Stair-Up
261856, -0.106323, -1.140747, -0.145508, 23.620600, -60.546860, -19.104010,Stair-Up
261876, -0.122559, -1.124634, -0.136841, 16.845708, -59.204090, -18.066410,Stair-Up
261896, -0.127808, -1.101074, -0.150635, 24.841304, -58.532700, -18.676760,Stair-Up
261916, -0.159546, -1.322632, -0.170288, 40.710440, -51.757800, -23.559568,Stair-Up
261936, -0.185303, -1.660644, -0.180786, 36.804200, -45.715320, -28.747552,Stair-Up
261956, -0.225586, -1.795776, -0.109253, 13.244628, -42.663560, -35.034180,Stair-Up
261976, -0.282593, -1.607666, -0.042603, -8.789064, -34.912120, -40.466300,Stair-Up
261996, -0.329346, -1.383667, -0.041748, -14.831540, -17.517090, -36.621100,Stair-Up
262016, -0.328491, -1.220581, -0.067749, -18.127448, 13.122556, -21.789548,Stair-Up
262036, -0.219849, -1.106812, -0.042847, -16.174320, 42.358390, -1.647949,Stair-Up
262056, -0.197022, -1.076050, -0.060425, -10.864256, 62.377920, 16.418460,Stair-Up
262076, -0.258789, -1.074219, -0.066162, -15.319820, 100.952120, 46.020500,Stair-Up
262097, -0.124146, -1.046631, 0.012573, -16.479492, 109.924300, 60.180660,Stair-Up
262117, -0.091675, -1.055664, 0.057373, -23.315424, 110.229480, 73.242200,Stair-Up
262137, -0.059326, -0.963379, 0.050659, -32.470710, 104.492160, 82.519500,Stair-Up
262157, -0.048828, -0.844849, 0.019775, -35.217290, 94.055160, 90.209940,Stair-Up
262177, -0.036133, -0.777466, -0.004517, -32.470710, 81.970200, 95.520000,Stair-Up
262197, -0.008667, -0.779541, -0.006714, -28.991692, 66.040040, 97.717260,Stair-Up
262217, -0.025635, -0.779541, 0.009521, -29.968260, 49.560540, 97.167960,Stair-Up
262237, -0.076660, -0.749756, 0.025513, -29.663080, 37.292480, 92.773420,Stair-Up
262257, -0.126343, -0.750488, 0.042480, -28.564450, 31.188960, 85.510240,Stair-Up
262277, -0.113525, -0.806641, 0.061768, -27.038570, 27.221676, 71.533200,Stair-Up
262297, -0.084839, -0.864502, 0.065063, -27.770990, 25.329584, 62.377920,Stair-Up
262317, -0.069702, -0.904419, 0.072388, -29.052730, 24.719230, 54.687490,Stair-Up
262337, -0.066162, -0.943970, 0.075562, -27.343748, 23.437492, 44.738760,Stair-Up
262357, -0.073364, -0.985718, 0.061523, -25.146480, 19.470220, 33.874520,Stair-Up
262377, -0.085571, -1.048950, 0.064087, -21.911620, 14.770504, 21.728510,Stair-Up
262397, -0.097046, -1.042847, 0.067139, -26.123040, 13.183590, 12.145992,Stair-Up
262417, -0.089600, -0.976196, 0.049072, -21.240230, 13.610836, 4.943848,Stair-Up
262437, -0.081055, -0.996460, 0.016724, -9.338380, 16.662600, -0.976562,Stair-Up
262457, -0.056519, -1.086914, 0.011597, -3.601074, 23.193352, -3.234863,Stair-Up
262477, -0.032593, -1.134766, 0.012451, -1.953124, 29.357908, -1.831054,Stair-Up
262497, -0.037476, -1.194214, -0.003540, 3.601074, 30.944820, -4.699708,Stair-Up
262517, -0.024048, -1.322754, -0.021729, 5.981444, 40.710440, -6.591796,Stair-Up
262537, 0.121338, -1.375977, 0.012695, -7.141112, 38.208020, -6.469726,Stair-Up
262557, 0.293823, -1.368774, 0.167847, -7.873534, 16.601568, -12.207030,Stair-Up
262577, 0.394653, -1.364624, 0.243774, -12.939450, -10.375976, -16.479492,Stair-Up
262597, 0.321899, -1.352173, 0.162476, -9.338380, -29.052730, -20.080560,Stair-Up
262617, 0.017822, -1.423828, 0.012329, -10.498044, -20.446770, -27.465816,Stair-Up
262637, -0.047607, -1.330688, -0.109009, -27.038570, -25.024410, -43.518060,Stair-Up
262657, -0.046997, -1.082154, -0.196045, -10.620116, -42.602530, -81.298800,Stair-Up
262677, -0.049438, -0.933472, -0.279785, 7.934570, -35.522460, -102.416960,Stair-Up
262697, -0.011230, -0.849610, -0.351563, 23.071284, -15.563964, -94.299300,Stair-Up
262717, -0.097778, -0.966919, -0.348022, 42.724600, 10.803220, -101.196280,Stair-Up
262737, -0.193115, -0.966187, -0.301514, 43.273920, 25.207516, -103.271480,Stair-Up
262757, -0.148682, -0.873535, -0.233398, 43.640120, 36.560060, -103.332500,Stair-Up
262777, -0.088379, -0.798950, -0.178955, 44.799800, 38.940440, -95.581040,Stair-Up
262797, -0.071655, -0.729736, -0.144043, 44.067380, 36.804200, -86.120600,Stair-Up
262817, -0.114624, -0.696533, -0.185913, 49.438460, 34.240730, -75.622560,Stair-Up
262837, -0.117432, -0.714600, -0.223999, 49.499500, 21.911620, -70.068360,Stair-Up
262857, -0.092163, -0.727905, -0.208130, 48.461900, -2.929687, -65.979020,Stair-Up
262877, -0.033325, -0.681030, -0.113892, 45.043940, -39.245610, -64.270040,Stair-Up
262897, -0.003174, -0.651001, -0.071655, 52.307120, -65.856940, -57.006820,Stair-Up
262917, -0.093506, -0.776856, -0.132690, 57.800280, -76.965340, -47.180160,Stair-Up
262937, -0.161011, -0.927490, -0.215576, 40.771480, -86.120600, -33.691410,Stair-Up
262957, -0.180420, -0.925415, -0.185303, 37.658700, -94.238260, -32.165540,Stair-Up
262977, -0.193237, -0.959473, -0.194336, 35.705570, -95.092760, -26.062010,Stair-Up
262997, -0.245728, -0.993164, -0.236938, 30.944820, -80.749500, -18.005376,Stair-Up
263017, -0.227539, -1.012696, -0.269043, 23.620600, -68.481460, -7.690428,Stair-Up
263037, -0.241455, -0.994385, -0.273438, 18.920900, -66.955580, -1.342773,Stair-Up
263057, -0.285522, -0.993408, -0.270142, 18.127448, -61.035140, 6.225584,Stair-Up
263077, -0.287232, -1.038208, -0.271851, 15.686032, -46.630850, 17.944340,Stair-Up
263097, -0.221191, -1.088135, -0.288452, 12.512204, -35.766600, 30.456540,Stair-Up
263117, -0.201416, -1.145752, -0.294922, 9.399414, -32.043460, 41.809080,Stair-Up
263137, -0.185547, -1.163330, -0.264282, 4.882814, -31.738280, 51.696770,Stair-Up
263157, -0.197388, -1.248413, -0.205566, 6.896972, -26.977532, 62.255850,Stair-Up
263177, -0.183105, -1.312134, -0.193970, 1.220704, -22.521970, 65.979020,Stair-Up
263197, -0.167603, -1.327393, -0.161011, 4.089356, -19.775390, 67.382820,Stair-Up
263217, -0.205078, -1.569092, -0.112915, 16.479492, -12.268064, 63.659660,Stair-Up
263237, -0.209839, -1.864380, -0.044922, 4.943848, 1.647949, 58.959950,Stair-Up
263257, -0.137939, -1.829468, 0.007568, -20.812980, 9.338380, 55.847160,Stair-Up
263277, -0.079590, -1.548096, 0.016235, -28.320310, 7.263182, 54.870600,Stair-Up
263297, -0.055908, -1.354126, 0.053467, -22.399900, 6.530760, 62.683100,Stair-Up
263317, -0.102051, -1.187256, 0.032959, -21.240230, 21.301268, 74.890140,Stair-Up
263337, -0.055298, -1.080444, -0.000122, -2.441407, 30.395500, 88.439920,Stair-Up
263357, -0.067993, -1.159180, 0.025269, 9.643556, 38.146980, 97.167960,Stair-Up
263377, -0.075439, -1.058594, 0.074097, -23.254390, 59.997550, 74.279800,Stair-Up
263397, -0.003906, -1.033448, 0.089600, 0.976562, 69.824240, 125.732400,Stair-Up
263417, -0.121948, -0.967285, 0.069824, -17.761230, 68.176280, 102.111800,Stair-Up
263437, -0.036743, -0.897705, 0.067017, -8.728030, 75.195320, 114.562960,Stair-Up
263457, -0.047363, -0.827148, 0.058350, -20.874020, 67.260740, 107.116680,Stair-Up
263477, -0.048584, -0.669190, 0.031006, -18.005376, 60.668940, 109.863260,Stair-Up
263497, -0.077148, -0.595337, -0.004517, -8.850100, 53.527820, 101.989720,Stair-Up
263517, -0.080078, -0.602539, -0.015991, -2.380371, 47.851560, 96.679660,Stair-Up
263537, -0.073120, -0.615234, 0.015747, -1.953124, 43.090810, 90.087860,Stair-Up
263557, -0.060303, -0.591187, 0.061646, -2.807617, 39.917000, 81.970200,Stair-Up
263577, -0.059204, -0.588989, 0.089233, -1.586914, 37.414560, 72.082540,Stair-Up
263597, -0.090088, -0.618408, 0.067627, -2.441407, 30.334470, 49.377430,Stair-Up
263617, -0.125122, -0.653687, 0.057007, -1.464844, 24.963376, 28.320310,Stair-Up
263637, -0.141480, -0.694580, 0.054565, -1.342773, 17.456060, 2.197266,Stair-Up
263657, -0.172730, -0.726196, 0.047974, 0.427246, 11.047360, -25.756830,Stair-Up
263677, -0.184692, -0.762573, 0.036011, 3.295898, 7.812498, -53.894040,Stair-Up
263697, -0.183105, -0.824097, 0.023071, 7.019042, 7.995604, -78.125000,Stair-Up
263717, -0.165894, -0.856934, 0.020142, 6.530760, 10.070800, -95.458960,Stair-Up
263737, -0.157105, -0.874512, 0.004150, 12.329100, 15.747068, -107.788080,Stair-Up
263757, -0.145386, -0.975342, -0.023193, 22.216790, 18.737796, -117.126440,Stair-Up
263777, -0.150635, -1.126709, -0.078369, 29.235832, 21.972650, -123.046860,Stair-Up
263797, -0.159546, -1.294922, -0.086182, 27.770990, 29.602044, -123.046860,Stair-Up
263817, -0.087769, -1.402710, -0.014648, 18.432620, 47.851560, -113.708480,Stair-Up
263837, -0.016235, -1.582520, 0.020630, 30.395500, 49.316400, -109.313960,Stair-Up
263857, -0.000732, -1.878540, 0.032593, 25.085448, 46.264640, -103.881820,Stair-Up
263877, 0.053223, -1.951172, 0.017090, 7.324218, 32.409680, -96.191400,Stair-Up
263897, 0.093628, -1.736084, -0.059204, 1.220704, 1.647949, -88.867160,Stair-Up
263917, 0.024414, -1.525391, -0.148193, 11.840818, -19.042970, -80.383280,Stair-Up
263937, -0.087158, -1.377076, -0.214478, 13.671872, -18.432620, -64.697280,Stair-Up
263957, -0.146118, -1.144410, -0.272461, 13.000484, -1.892090, -47.119130,Stair-Up
263977, -0.225342, -0.953980, -0.307373, 19.470220, 25.390620, -30.334470,Stair-Up
263997, -0.179443, -0.897827, -0.274292, 22.460930, 55.541980, -15.075680,Stair-Up
264017, -0.003418, -0.895874, -0.209229, 17.333990, 69.274900, 0.244141,Stair-Up
264037, 0.148560, -0.831787, -0.170654, 4.333496, 43.884270, 10.131832,Stair-Up
264057, 0.157349, -0.781250, -0.176147, 0.732422, 13.427732, 10.253904,Stair-Up
264077, 0.105103, -0.740479, -0.174316, -1.586914, -20.874020, 5.554198,Stair-Up
264097, 0.023438, -0.707276, -0.140869, -2.990722, -46.997060, -0.671386,Stair-Up
264117, -0.104736, -0.688843, -0.103394, -9.277344, -45.288080, -3.784179,Stair-Up
264137, -0.199585, -0.664307, -0.114014, -10.314940, -12.390136, -1.464844,Stair-Up
264157, -0.108765, -0.688477, -0.155396, -13.488768, 23.193352, 2.563476,Stair-Up
264177, 0.033081, -0.667114, -0.183960, -14.892576, 35.522460, 3.967285,Stair-Up
264197, 0.064087, -0.646240, -0.171631, -6.896972, 28.442380, 2.319336,Stair-Up
264217, 0.050049, -0.696289, -0.126831, -0.061035, 16.479492, -1.159668,Stair-Up
264237, 0.071289, -0.729004, -0.085327, 3.662109, -1.403808, -4.394532,Stair-Up
264257, 0.076172, -0.791870, -0.096436, 10.375976, -35.278320, -10.559080,Stair-Up
264277, 0.089600, -0.813965, -0.097778, 13.122556, -58.837880, -12.390136,Stair-Up
264297, 0.053711, -0.847534, -0.091431, 20.019532, -80.932600, -15.197750,Stair-Up
264317, -0.019409, -0.897705, -0.097900, 22.705070, -93.811020, -17.089850,Stair-Up
264357, -0.076904, -0.933350, -0.122437, 24.658200, -96.435540, -19.836430,Stair-Up
264377, -0.067383, -0.934692, -0.145508, 27.587884, -100.708000, -20.080560,Stair-Up
264397, -0.122925, -0.940674, -0.175537, 30.822750, -102.783180, -22.583000,Stair-Up
264417, -0.173340, -0.965942, -0.197876, 31.555170, -92.895500, -22.338860,Stair-Up
264437, -0.163208, -0.970093, -0.196655, 27.832030, -80.932600, -21.057124,Stair-Up
264457, -0.160156, -0.947388, -0.185303, 24.902340, -70.983900, -18.615724,Stair-Up
264477, -0.194702, -0.934937, -0.223999, 25.207516, -54.260240, -14.526364,Stair-Up
264497, -0.220215, -0.959473, -0.259644, 24.230950, -39.306640, -12.756344,Stair-Up
264517, -0.185913, -0.964966, -0.278320, 22.155760, -28.381340, -10.437010,Stair-Up
264537, -0.167236, -0.924438, -0.266724, 22.521970, -23.010250, -9.033204,Stair-Up
264557, -0.187378, -0.928467, -0.252686, 25.817870, -14.709470, -4.089356,Stair-Up
264577, -0.225708, -1.011353, -0.232666, 28.808590, -2.136231, -3.784179,Stair-Up
264597, -0.205688, -1.259034, -0.173706, 36.254890, 6.042480, -6.103514,Stair-Up
264617, -0.191162, -1.668091, -0.116089, 31.982420, 11.962890, -13.549804,Stair-Up
264637, -0.161499, -1.962280, -0.067871, 1.281738, 10.559080, -20.019532,Stair-Up
264657, -0.053833, -1.719604, -0.031128, -43.151840, -7.629394, -18.432620,Stair-Up
264677, -0.004395, -1.208740, -0.055908, -50.048820, -34.851080, -5.920409,Stair-Up
264697, -0.085571, -0.789795, -0.158814, -28.991692, -37.475590, 30.334470,Stair-Up
264717, -0.106445, -0.722534, -0.180908, -12.878416, -23.010250, 56.945790,Stair-Up
264737, -0.152222, -0.796387, -0.160034, 0.122070, -12.084960, 71.105960,Stair-Up
264757, -0.229248, -0.928467, -0.098389, -0.793457, 5.249022, 80.688460,Stair-Up
264777, -0.235718, -0.990479, -0.018921, -8.117676, 26.977532, 85.815400,Stair-Up
264797, -0.194824, -1.050049, 0.041626, -13.549804, 42.846670, 81.604000,Stair-Up
264817, -0.145996, -1.132324, 0.047607, -20.141600, 53.466780, 77.331540,Stair-Up
264837, -0.077148, -1.185547, 0.042358, -29.052730, 53.527820, 69.580100,Stair-Up
264857, -0.018677, -1.150879, 0.043823, -37.597660, 41.442860, 63.598620,Stair-Up
264877, -0.047241, -1.059326, 0.054932, -39.245610, 24.108880, 55.786120,Stair-Up
264897, -0.103394, -0.981079, 0.057739, -35.339360, 14.221190, 49.438460,Stair-Up
264917, -0.132813, -0.976074, 0.042725, -24.536130, 10.009768, 43.151840,Stair-Up
264937, -0.135742, -0.999390, 0.050049, -28.137200, 11.596676, 42.053220,Stair-Up
264957, -0.145020, -0.920166, 0.039917, -28.442380, 17.883300, 44.372550,Stair-Up
264977, -0.162964, -0.885620, 0.030762, -22.949216, 23.986810, 43.884270,Stair-Up
264997, -0.164917, -0.911499, 0.033081, -18.310550, 31.372068, 44.067380,Stair-Up
265017, -0.150024, -0.960083, 0.043091, -17.272950, 38.024910, 42.663560,Stair-Up
265037, -0.125000, -0.968384, 0.054199, -20.080560, 42.541500, 41.870110,Stair-Up
265057, -0.100952, -0.942017, 0.052124, -19.226080, 42.541500, 38.757330,Stair-Up
265077, -0.091309, -0.953369, 0.047852, -14.160152, 39.428720, 32.958990,Stair-Up
265097, -0.086670, -1.014038, 0.036499, -10.742184, 36.499030, 27.404780,Stair-Up
265117, -0.067871, -1.021484, 0.024048, -13.427732, 32.897960, 22.277830,Stair-Up
265137, -0.075317, -0.922241, -0.002075, -7.446288, 28.442380, 16.357424,Stair-Up
265157, -0.084229, -0.974976, -0.045288, 2.441407, 29.663080, 11.108396,Stair-Up
265177, -0.050537, -1.052124, -0.070068, 2.197266, 33.569340, 6.408690,Stair-Up
265197, -0.023804, -1.054688, -0.084839, 1.586914, 35.522460, 2.502442,Stair-Up
265217, -0.054321, -1.089478, -0.111084, 4.516602, 36.193860, -6.103514,Stair-Up
265237, -0.027344, -1.233032, -0.064331, 11.169430, 34.301760, -20.690910,Stair-Up
265257, 0.040039, -1.479614, 0.050293, 11.108396, 24.780270, -37.597660,Stair-Up
265277, 0.135376, -1.683106, 0.146973, -0.793457, 7.141112, -55.969230,Stair-Up
265297, 0.165527, -1.514160, 0.091064, -27.282710, -28.442380, -71.472180,Stair-Up
265317, 0.081299, -0.999756, -0.064941, -32.043460, -58.044420, -86.303700,Stair-Up
265337, 0.126099, -0.593872, -0.246460, -2.685546, -72.876000, -95.581040,Stair-Up
265357, 0.116089, -0.606323, -0.402466, 39.184580, -78.491220, -91.186500,Stair-Up
265377, 0.019043, -0.723145, -0.376465, 41.198720, -71.472180, -97.900360,Stair-Up
265397, -0.015137, -0.873047, -0.214355, 33.630380, -49.316400, -102.966300,Stair-Up
265417, 0.180664, -1.002442, -0.005371, 13.671872, -39.794920, -104.492160,Stair-Up
265437, 0.205811, -1.012085, 0.033936, -1.220704, -45.227040, -101.196280,Stair-Up
265457, 0.152954, -0.988037, -0.000366, -2.014160, -49.560540, -96.557600,Stair-Up
265477, 0.200195, -1.046387, -0.079712, 10.925290, -57.434080, -93.200660,Stair-Up
265497, 0.181152, -1.118896, -0.167847, 21.240230, -66.223160, -86.669900,Stair-Up
265517, 0.058960, -1.089844, -0.223022, 28.808590, -66.223160, -85.571260,Stair-Up
265537, -0.034912, -1.058350, -0.203491, 38.085940, -49.926750, -83.862300,Stair-Up
265557, -0.146362, -1.046509, -0.146484, 37.780760, -19.958500, -75.805680,Stair-Up
265577, -0.163696, -0.917969, -0.133179, 30.639640, 24.536130, -62.683100,Stair-Up
265597, -0.068970, -0.839356, -0.146484, 34.118660, 25.634760, -51.269520,Stair-Up
265617, 0.071899, -0.799927, -0.170410, 40.039070, -5.126952, -41.259760,Stair-Up
265637, 0.129272, -0.815430, -0.174438, 51.635740, -59.020980, -34.057620,Stair-Up
265657, -0.045776, -0.905396, -0.155029, 54.077140, -98.571760, -30.334470,Stair-Up
265677, -0.190186, -0.932373, -0.143188, 44.372550, -110.717760, -24.047850,Stair-Up
265697, -0.271973, -0.934937, -0.209961, 43.762200, -112.060520, -20.263670,Stair-Up
265717, -0.231323, -0.997681, -0.187622, 38.940440, -109.863260, -11.779784,Stair-Up
265737, -0.207520, -1.030640, -0.156372, 33.996590, -107.543920, -1.953124,Stair-Up
265757, -0.336304, -1.059692, -0.170532, 29.724120, -96.069320, 6.774902,Stair-Up
265777, -0.407593, -1.073853, -0.215698, 26.062010, -69.396980, 16.784670,Stair-Up
265797, -0.266480, -1.045654, -0.229126, 24.780270, -55.847160, 25.146480,Stair-Up
265817, -0.266235, -1.081665, -0.217773, 29.541010, -52.368160, 31.738280,Stair-Up
265837, -0.330566, -1.171143, -0.190918, 32.775880, -39.062500, 35.888680,Stair-Up
265857, -0.307861, -1.314698, -0.132446, 32.348640, -21.789548, 38.024910,Stair-Up
265877, -0.291016, -1.454102, -0.084106, 27.587884, -8.178714, 38.391120,Stair-Up
265897, -0.285767, -1.591064, -0.050781, 21.789548, 0.305176, 35.949720,Stair-Up
265917, -0.308838, -1.743164, -0.020264, 18.310550, 17.761230, 38.330080,Stair-Up
265937, -0.191772, -1.804810, 0.018188, 6.164550, 30.090330, 40.832510,Stair-Up
265957, -0.064331, -1.695557, 0.013184, -3.662109, 27.648920, 52.917470,Stair-Up
265977, -0.029175, -1.483887, -0.017944, -3.662109, 20.507810, 69.274900,Stair-Up
265997, -0.015259, -1.343506, 0.000488, 9.277344, 17.639160, 88.562000,Stair-Up
266017, 0.071533, -1.424316, 0.124756, 24.169920, 23.864740, 122.924800,Stair-Up
266037, 0.155151, -1.382690, 0.166748, 25.451652, 23.193352, 145.019560,Stair-Up
266057, 0.108276, -1.338135, 0.154419, 31.982420, 23.925780, 161.193800,Stair-Up
266077, 0.039795, -1.299072, 0.124878, 34.912120, 32.653820, 170.715300,Stair-Up
266097, 0.004883, -1.201660, 0.114258, 33.142100, 42.602530, 175.231900,Stair-Up
266117, -0.040649, -1.073730, 0.103027, 33.325200, 52.978500, 174.560500,Stair-Up
266137, -0.095215, -0.946411, 0.114746, 30.883784, 69.885260, 173.461900,Stair-Up
266157, -0.115112, -0.832886, 0.113647, 30.212400, 87.890600, 167.907700,Stair-Up
266177, -0.153442, -0.796387, 0.128784, 29.785150, 111.267080, 163.513160,Stair-Up
266197, -0.133179, -0.812744, 0.147705, 22.094720, 132.019080, 156.677240,Stair-Up
266217, -0.043335, -0.792236, 0.165527, 8.178714, 138.488800, 147.888200,Stair-Up
266237, 0.034302, -0.684082, 0.149902, -2.807617, 123.291000, 128.967300,Stair-Up
266257, 0.042114, -0.657104, 0.127564, -5.554198, 103.027320, 109.802240,Stair-Up
266277, 0.014771, -0.659912, 0.135254, -7.751464, 81.604000, 88.256820,Stair-Up
266297, 0.004272, -0.673828, 0.156982, -11.840818, 59.387200, 61.523430,Stair-Up
266317, -0.007202, -0.651123, 0.155884, -16.113284, 35.400400, 34.240730,Stair-Up
266337, -0.045044, -0.611206, 0.144409, -16.235352, 11.901852, 4.272462,Stair-Up
266357, -0.110962, -0.614746, 0.111450, -10.314940, -3.662109, -25.024410,Stair-Up
266377, -0.125244, -0.668701, 0.080322, -8.056642, -9.948730, -50.048820,Stair-Up
266397, -0.111328, -0.676392, 0.069702, -8.422854, -15.258788, -70.373540,Stair-Up
266417, -0.105835, -0.671509, 0.066406, -2.563476, -19.531250, -89.050260,Stair-Up
266437, -0.145630, -0.746582, 0.041382, 7.019042, -18.249516, -112.304680,Stair-Up
266457, -0.137207, -0.937378, 0.011719, 15.624996, -18.493652, -128.906300,Stair-Up
266477, -0.187744, -1.084717, -0.014648, 17.822270, -9.582520, -141.296400,Stair-Up
266497, -0.242065, -1.222656, -0.064575, 16.906740, 6.835936, -153.930700,Stair-Up
266517, -0.274902, -1.372070, -0.082031, 16.479492, 29.907220, -164.123500,Stair-Up
266537, -0.247314, -1.527466, -0.057861, 11.901852, 55.603020, -170.532200,Stair-Up
266557, -0.124146, -1.709961, 0.047363, 11.779784, 72.143560, -173.583920,Stair-Up
266577, 0.032837, -1.905518, 0.101440, 3.173828, 71.228040, -178.344700,Stair-Up
266597, 0.016357, -1.992432, 0.080566, -8.117676, 61.279280, -176.574680,Stair-Up
266617, 0.013916, -1.877198, 0.018799, -17.761230, 41.809080, -175.292920,Stair-Up
266637, 0.065063, -1.689087, -0.077881, -13.366696, 7.568358, -167.968700,Stair-Up
266657, 0.002075, -1.475342, -0.179932, -8.911134, -23.437492, -137.268100,Stair-Up
266677, -0.181763, -1.014770, -0.305786, 1.281738, -11.596676, -106.384260,Stair-Up
266697, -0.274536, -0.865356, -0.312256, 22.583000, 12.390136, -78.674340,Stair-Up
266717, -0.258423, -0.914673, -0.248047, 31.066890, 36.254890, -56.457510,Stair-Up
266737, -0.133789, -0.900513, -0.208374, 24.719230, 50.720200, -33.508300,Stair-Up
266757, -0.066650, -0.833618, -0.197876, 21.301268, 49.072260, -17.456060,Stair-Up
266777, -0.075806, -0.788696, -0.203735, 19.897460, 41.931140, -7.873534,Stair-Up
266797, -0.081787, -0.738404, -0.203125, 16.540530, 32.592780, -2.380371,Stair-Up
266817, -0.030518, -0.670410, -0.211548, 15.808104, 9.765626, -2.807617,Stair-Up
266837, 0.026733, -0.630371, -0.181763, 18.676760, -12.878416, -5.065916,Stair-Up
266857, 0.041016, -0.652710, -0.159058, 18.249516, -27.587884, 0.793457,Stair-Up
266877, 0.012329, -0.675904, -0.115234, 11.901852, -45.776360, 7.324218,Stair-Up
266897, -0.010498, -0.695801, -0.091431, 6.774902, -61.645500, 8.178714,Stair-Up
266917, -0.047119, -0.687500, -0.098145, 7.141112, -75.256360, 7.934570,Stair-Up
266937, -0.069702, -0.745972, -0.143799, 12.207030, -81.481900, 9.887696,Stair-Up
266957, -0.046753, -0.845703, -0.177612, 14.648436, -90.026840, 11.047360,Stair-Up
266977, -0.032349, -0.914673, -0.156372, 13.305660, -101.806620, 13.305660,Stair-Up
266997, -0.075439, -0.925415, -0.111572, 12.390136, -108.764640, 15.197750,Stair-Up
267017, -0.154053, -0.948242, -0.120239, 14.282224, -100.830060, 19.104010,Stair-Up
267037, -0.145630, -0.995850, -0.142578, 13.305660, -89.233380, 22.766110,Stair-Up
267057, -0.135254, -1.024658, -0.153442, 11.291500, -84.411600, 23.376460,Stair-Up
267077, -0.195190, -1.020996, -0.170898, 9.338380, -78.613300, 23.742670,Stair-Up
267097, -0.245605, -1.001099, -0.178223, 11.047360, -57.373040, 22.766110,Stair-Up
267117, -0.195068, -1.017212, -0.161377, 13.183590, -44.433580, 21.850580,Stair-Up
267137, -0.219849, -1.026490, -0.175049, 14.587400, -31.555170, 18.493652,Stair-Up
267157, -0.246094, -1.050782, -0.187256, 16.784670, -15.136716, 17.578130,Stair-Up
267177, -0.259399, -1.090942, -0.184692, 18.920900, -1.831054, 11.962890,Stair-Up
267197, -0.332642, -1.215088, -0.183716, 23.315424, 17.272950, 8.911134,Stair-Up
267217, -0.256470, -1.418335, -0.131470, 20.690910, 32.836920, 4.455568,Stair-Up
267237, -0.135132, -1.594360, -0.092529, 14.465330, 33.996590, 3.845214,Stair-Up
267257, -0.142578, -1.736694, -0.084839, 6.042480, 35.888680, 7.141112,Stair-Up
267277, -0.115723, -1.760376, -0.086426, -7.141112, 36.987310, 13.244628,Stair-Up
267297, -0.093140, -1.652710, -0.110596, -13.732908, 30.456540, 18.066410,Stair-Up
267317, -0.169556, -1.399170, -0.105957, -19.470220, 31.921380, 29.235832,Stair-Up
267337, -0.220215, -1.204224, -0.109253, -19.836430, 45.715320, 38.146980,Stair-Up
267357, -0.245850, -1.042725, -0.099487, -15.197750, 66.772460, 46.691880,Stair-Up
267377, -0.228272, -1.040039, -0.057617, -6.530760, 84.350560, 53.894040,Stair-Up
267397, -0.180176, -1.128662, -0.010742, -9.033204, 94.543440, 57.983390,Stair-Up
267417, -0.141846, -1.104248, 0.022461, -21.362300, 99.487300, 63.110340,Stair-Up
267437, -0.093628, -0.976440, 0.037964, -27.038570, 96.740700, 66.955580,Stair-Up
267457, -0.059692, -0.858276, 0.037354, -29.663080, 86.608860, 69.091800,Stair-Up
267477, -0.072388, -0.750366, 0.017578, -27.099608, 77.453620, 74.218760,Stair-Up
267497, -0.093506, -0.706787, 0.007202, -22.399900, 71.228040, 75.988780,Stair-Up
267517, -0.078125, -0.680298, 0.016968, -21.606440, 64.758300, 76.904300,Stair-Up
267537, -0.078613, -0.619873, 0.044800, -19.470220, 57.006820, 76.049820,Stair-Up
267557, -0.110596, -0.636353, 0.058960, -17.517090, 56.823720, 73.547360,Stair-Up
267577, -0.113647, -0.690674, 0.073608, -18.920900, 57.189930, 67.565940,Stair-Up
267597, -0.090698, -0.739746, 0.092041, -24.475090, 54.443350, 59.997550,Stair-Up
267617, -0.046631, -0.750366, 0.093872, -28.747552, 45.227040, 50.170890,Stair-Up
267637, -0.026611, -0.789795, 0.088135, -25.573724, 31.677240, 38.269050,Stair-Up
267657, -0.022461, -0.898804, 0.076782, -23.254390, 16.418460, 26.550290,Stair-Up
267677, -0.037598, -0.955444, 0.082275, -27.221676, 3.967285, 13.610836,Stair-Up
267697, -0.052612, -0.941162, 0.073975, -28.503410, -7.812498, 2.258301,Stair-Up
267717, -0.055908, -0.907959, 0.052856, -21.606440, -20.446770, -9.521484,Stair-Up
267737, -0.092041, -0.940674, 0.011597, -9.765626, -25.634760, -18.737796,Stair-Up
267757, -0.082275, -0.970703, -0.004272, -5.249022, -20.080560, -23.132320,Stair-Up
267777, -0.122681, -0.946655, -0.042603, 8.361816, -9.582520, -23.803708,Stair-Up
267797, -0.182373, -1.101562, -0.090454, 22.949216, 10.253904, -25.390620,Stair-Up
267817, -0.112183, -1.273926, -0.091431, 23.376460, 28.869624, -27.221676,Stair-Up
267837, 0.031128, -1.303467, -0.066772, 18.493652, 32.714850, -27.221676,Stair-Up
267857, 0.123901, -1.369996, -0.036865, 31.921380, 21.423332, -32.897960,Stair-Up
267877, 0.163574, -1.537354, -0.016357, 33.203130, 3.784179, -42.846670,Stair-Up
267897, 0.106934, -1.603272, -0.016968, 26.062010, -14.038084, -55.786120,Stair-Up
267917, 0.021851, -1.540162, -0.050293, 17.272950, -27.770990, -73.730480,Stair-Up
267937, -0.028198, -1.383912, -0.102661, 12.451170, -35.644540, -89.172340,Stair-Up
267957, -0.044800, -1.230347, -0.134766, 12.512204, -31.616208, -97.045880,Stair-Up
267977, -0.000244, -0.996948, -0.159912, 11.535644, -1.281738, -86.669900,Stair-Up
267997, -0.012207, -0.915161, -0.172363, 22.094720, 17.089850, -76.721200,Stair-Up
268017, -0.045776, -0.992432, -0.152344, 28.320310, 32.104500, -72.082540,Stair-Up
268037, -0.020386, -1.022828, -0.120483, 19.042970, 42.053220, -64.880380,Stair-Up
268057, 0.044800, -0.914429, -0.099976, 13.000484, 35.949720, -62.988270,Stair-Up
268077, 0.091919, -0.810791, -0.087280, 14.526364, 14.892576, -62.927240,Stair-Up
268097, 0.048462, -0.704956, -0.107666, 18.310550, -10.864256, -62.316880,Stair-Up
268117, -0.025269, -0.603882, -0.147827, 26.062010, -28.625480, -61.767570,Stair-Up
268137, -0.070068, -0.565796, -0.171875, 37.414560, -37.658700, -60.791000,Stair-Up
268157, -0.107056, -0.586182, -0.177856, 43.273920, -37.902840, -57.128900,Stair-Up
268177, -0.115112, -0.644654, -0.168579, 43.334950, -34.851080, -50.659170,Stair-Up
268197, -0.156128, -0.705322, -0.102661, 33.020020, -34.729010, -44.860830,Stair-Up
268217, -0.149536, -0.714844, -0.088379, 28.625480, -37.780760, -42.724600,Stair-Up
268237, -0.138184, -0.781006, -0.131104, 32.775880, -47.119130, -44.738760,Stair-Up
268257, -0.094116, -0.912598, -0.166504, 31.249992, -58.654780, -42.541500,Stair-Up
268277, -0.004761, -0.975586, -0.169312, 28.808590, -79.895040, -38.391120,Stair-Up
268297, -0.061401, -1.023316, -0.174194, 30.395500, -102.661100, -33.081060,Stair-Up
268317, -0.211182, -1.090332, -0.193359, 31.433100, -104.858380, -26.855464,Stair-Up
268337, -0.253906, -1.139282, -0.231201, 27.709956, -93.627900, -18.981940,Stair-Up
268357, -0.228027, -1.130005, -0.251953, 25.146480, -86.853000, -12.695310,Stair-Up
268377, -0.287720, -1.116578, -0.264404, 24.658200, -72.692880, -3.540038,Stair-Up
268397, -0.312256, -1.112549, -0.234375, 19.592290, -46.813960, 9.582520,Stair-Up
268417, -0.236694, -1.092163, -0.226929, 17.822270, -22.094720, 25.390620,Stair-Up
268437, -0.253296, -1.211914, -0.254761, 24.047850, -10.437010, 32.104500,Stair-Up
268457, -0.160400, -1.352662, -0.235962, 16.113284, -5.310058, 39.794920,Stair-Up
268477, -0.103027, -1.362671, -0.198975, 12.268064, -10.925290, 47.607410,Stair-Up
268497, -0.175537, -1.539307, -0.199341, 23.864740, -9.643556, 49.316400,Stair-Up
268517, -0.221436, -1.810303, -0.215454, 17.089850, 4.882814, 52.551260,Stair-Up
268537, -0.166504, -1.873169, -0.192505, -4.028321, 17.822270, 56.274400,Stair-Up
268557, -0.126465, -1.687988, -0.177979, -18.676760, 22.521970, 60.180660,Stair-Up
268577, -0.137329, -1.470093, -0.157349, -24.353020, 29.968260, 66.101100,Stair-Up
268597, -0.151733, -1.252930, -0.120972, -26.428220, 34.973150, 69.274900,Stair-Up
268617, -0.188477, -1.093506, -0.107910, -21.911620, 50.842280, 83.679180,Stair-Up
268637, -0.197876, -1.059570, -0.070923, -21.728510, 75.866700, 81.420880,Stair-Up
268657, -0.096069, -1.098999, -0.002686, -22.888180, 76.293960, 93.383760,Stair-Up
268677, -0.127564, -1.018066, 0.041138, -35.156260, 74.279800, 93.627900,Stair-Up
268697, -0.103149, -0.919922, 0.061157, -32.104500, 73.547360, 95.886200,Stair-Up
268717, -0.075317, -0.919922, 0.080322, -32.470710, 70.983900, 97.229000,Stair-Up
268737, -0.018677, -0.858032, 0.112183, -39.123540, 66.040040, 100.646960,Stair-Up
268757, 0.046143, -0.735840, 0.155518, -41.076650, 65.795900, 105.712880,Stair-Up
268777, 0.027710, -0.690674, 0.154053, -39.794920, 67.077640, 114.990220,Stair-Up
268797, -0.069336, -0.678955, 0.109985, -39.917000, 60.974110, 110.778800,Stair-Up
268817, -0.174805, -0.720459, 0.057251, -35.339360, 50.720200, 99.182100,Stair-Up
268837, -0.147339, -0.796021, 0.056519, -34.667980, 33.813480, 80.993640,Stair-Up
268857, -0.079224, -0.793823, 0.064209, -33.203130, -1.770019, 57.739250,Stair-Up
268877, -0.091309, -0.795532, 0.058960, -25.939940, -17.700200, 43.823240,Stair-Up
268897, -0.110718, -0.867798, 0.082153, -18.615724, -24.230950, 33.813480,Stair-Up
268917, -0.146240, -0.943970, 0.102661, -18.859868, -21.545408, 27.160640,Stair-Up
268937, -0.172241, -0.985596, 0.102417, -19.531250, -15.014646, 19.653320,Stair-Up
268957, -0.181885, -0.994141, 0.083862, -21.545408, -5.187988, 12.084960,Stair-Up
268977, -0.143188, -0.959961, 0.061035, -19.042970, 1.159668, 5.187988,Stair-Up
268997, -0.115967, -0.957154, 0.046997, -8.056642, 1.037598, -2.929687,Stair-Up
269017, -0.128662, -1.028809, 0.002930, 5.798338, 2.075196, -10.314940,Stair-Up
269037, -0.111694, -1.127686, -0.029053, 13.061520, 6.286620, -17.639160,Stair-Up
269057, -0.059570, -1.192749, 0.011475, 19.897460, 13.183590, -23.620600,Stair-Up
269077, 0.099121, -1.334228, 0.095581, 33.508300, 20.202630, -36.499030,Stair-Up
269097, 0.258789, -1.394288, 0.125366, 40.771480, 14.099120, -45.166000,Stair-Up
269117, 0.360962, -1.272950, 0.076050, 38.879400, -6.469726, -48.339840,Stair-Up
269137, 0.114502, -1.259278, -0.016846, 60.852040, -21.423332, -67.077640,Stair-Up
269157, -0.139404, -1.405518, -0.066772, 54.626460, -1.220704, -96.496560,Stair-Up
269177, -0.064087, -1.284546, -0.102905, 32.470710, 22.888180, -115.722640,Stair-Up
269197, 0.055420, -1.075318, -0.162354, 26.550290, 31.494136, -129.028320,Stair-Up
269217, 0.122803, -1.003174, -0.182373, 30.090330, 39.245610, -124.328600,Stair-Up
269237, 0.080566, -1.040528, -0.176514, 30.822750, 36.987310, -119.018540,Stair-Up
269257, 0.074829, -1.091186, -0.158447, 32.531740, 20.568840, -116.333000,Stair-Up
269277, 0.034546, -1.164429, -0.136597, 31.555170, -6.408690, -117.675760,Stair-Up
269297, -0.049561, -1.147950, -0.172974, 28.808590, -38.024910, -112.426740,Stair-Up
269317, -0.086792, -1.099121, -0.211914, 30.395500, -51.513660, -108.642560,Stair-Up
269337, -0.097778, -0.996826, -0.200562, 27.893060, -53.771960, -97.839340,Stair-Up
269357, -0.180420, -0.900024, -0.184937, 33.081060, -45.349110, -85.083000,Stair-Up
269377, -0.274414, -0.861206, -0.196655, 35.766600, -32.043460, -76.538100,Stair-Up
269397, -0.277100, -0.834961, -0.192383, 34.729010, -21.362300, -68.237320,Stair-Up
269417, -0.232544, -0.783936, -0.181519, 31.982420, -19.409180, -59.997550,Stair-Up
269437, -0.219238, -0.737427, -0.159912, 32.775880, -22.644040, -52.551260,Stair-Up
269457, -0.198730, -0.717163, -0.148315, 34.912120, -23.559568, -45.654280,Stair-Up
269477, -0.180908, -0.783081, -0.150513, 36.926280, -25.451652, -35.217290,Stair-Up
269497, -0.183472, -0.842896, -0.137085, 29.174800, -27.893060, -25.085448,Stair-Up
269517, -0.166626, -0.875488, -0.116089, 23.498530, -41.503900, -12.634276,Stair-Up
269537, -0.207153, -0.934570, -0.166992, 23.193352, -51.086420, -6.347656,Stair-Up
269557, -0.194946, -1.002442, -0.213501, 20.324700, -56.274400, 1.892090,Stair-Up
269577, -0.152832, -1.052978, -0.210938, 17.089850, -65.734860, 10.559080,Stair-Up
269597, -0.178833, -1.107910, -0.165283, 14.526364, -73.120140, 19.104010,Stair-Up
269617, -0.225830, -1.177368, -0.163330, 12.329100, -72.692880, 26.794430,Stair-Up
269637, -0.231323, -1.263794, -0.190308, 7.812498, -69.458020, 33.691410,Stair-Up
269657, -0.153564, -1.268921, -0.186401, 0.244141, -72.082540, 41.809080,Stair-Up
269677, -0.177856, -1.237183, -0.178711, 1.647949, -74.523940, 50.537100,Stair-Up
269697, -0.232544, -1.288452, -0.180664, 7.446288, -65.917980, 57.189930,Stair-Up
269717, -0.237671, -1.393188, -0.169800, 8.605960, -54.321280, 61.889640,Stair-Up
269737, -0.274658, -1.573120, -0.141724, 6.408690, -32.531740, 61.401360,Stair-Up
269757, -0.285156, -1.642700, -0.155884, -4.089356, -12.451170, 60.180660,Stair-Up
269777, -0.232910, -1.468994, -0.144775, -21.057124, 9.643556, 66.528340,Stair-Up
269797, -0.164063, -1.192871, -0.118652, -20.874020, 27.160640, 77.087400,Stair-Up
269817, -0.128540, -1.055420, -0.074829, -12.145992, 41.870110, 91.369600,Stair-Up
269837, -0.078125, -1.065430, -0.013550, -3.112792, 52.978500, 103.637680,Stair-Up
269857, -0.028564, -1.206177, 0.051636, -1.403808, 49.926750, 108.703600,Stair-Up
269877, 0.000977, -1.245850, 0.101196, -13.793944, 39.001470, 111.267080,Stair-Up
269897, 0.008667, -1.157227, 0.126099, -21.972650, 25.146480, 109.802240,Stair-Up
269917, -0.035156, -1.068726, 0.110474, -20.202630, 15.197750, 105.407700,Stair-Up
269937, -0.060791, -1.074463, 0.105591, -16.235352, 11.230468, 99.243160,Stair-Up
269957, -0.008423, -0.945557, 0.099365, -26.367180, 4.699708, 94.848600,Stair-Up
269977, -0.025391, -0.783325, 0.088745, -20.080560, 2.319336, 91.857900,Stair-Up
269997, -0.075317, -0.716797, 0.084717, -9.399414, 5.432128, 88.012680,Stair-Up
270017, -0.138428, -0.720459, 0.092529, -2.990722, 15.686032, 82.031240,Stair-Up
270037, -0.142334, -0.736206, 0.098755, -0.366211, 27.770990, 73.669440,Stair-Up
270057, -0.129272, -0.735474, 0.103272, -1.708984, 38.330080, 64.331060,Stair-Up
270077, -0.108643, -0.719360, 0.106812, -1.220704, 47.119130, 55.603020,Stair-Up
270097, -0.065796, -0.733398, 0.114014, 0.244141, 50.109860, 45.593250,Stair-Up
270117, -0.066650, -0.768799, 0.114868, 1.037598, 50.292960, 35.949720,Stair-Up
270137, -0.068115, -0.800049, 0.108154, -1.342773, 47.546380, 24.536130,Stair-Up
270157, -0.065552, -0.803345, 0.092651, -1.525878, 41.198720, 11.291500,Stair-Up
270177, -0.096313, -0.849854, 0.088257, 3.601074, 32.165540, -11.535644,Stair-Up
270197, -0.082153, -0.946045, 0.091797, 5.859374, 26.977532, -26.489250,Stair-Up
270217, -0.078003, -0.976929, 0.074707, 2.685546, 23.254390, -38.818360,Stair-Up
270237, -0.068481, -0.931396, 0.043335, 2.868652, 22.338860, -47.729480,Stair-Up
270257, -0.089355, -0.944580, -0.006104, 15.747068, 21.240230, -55.908200,Stair-Up
270277, -0.138550, -1.106202, -0.045288, 26.489250, 26.794430, -64.575200,Stair-Up
270297, -0.118042, -1.272705, -0.073853, 24.169920, 36.499030, -72.998060,Stair-Up
270317, -0.060181, -1.276490, -0.086792, 14.953610, 44.006340, -80.078140,Stair-Up
270337, 0.004395, -1.339478, -0.070679, 24.963376, 46.508780, -87.402320,Stair-Up
270357, 0.075928, -1.517456, -0.022095, 25.756830, 38.818360, -97.290020,Stair-Up
270377, 0.064087, -1.644654, -0.001587, 17.211920, 26.977532, -106.689440,Stair-Up
270397, 0.040161, -1.490356, -0.120117, -1.342773, 1.953124, -117.797840,Stair-Up
270417, 0.024048, -1.322998, -0.207397, 6.164550, -12.451170, -117.309560,Stair-Up
270437, -0.033569, -1.235108, -0.273682, 12.084960, -15.380856, -109.741200,Stair-Up
270457, -0.103516, -1.115234, -0.337646, 14.526364, -2.563476, -94.909660,Stair-Up
270477, -0.137695, -1.008789, -0.346802, 18.920900, 18.066410, -76.538100,Stair-Up
270497, -0.092896, -0.976807, -0.300293, 20.751950, 36.804200, -60.791000,Stair-Up
270517, 0.003052, -0.957520, -0.252686, 16.723632, 41.625960, -44.860830,Stair-Up
270537, 0.017334, -0.917847, -0.217651, 11.779784, 31.799310, -33.935560,Stair-Up
270557, 0.007324, -0.868896, -0.181763, 5.920409, 17.028810, -25.817870,Stair-Up
270577, 0.009399, -0.801148, -0.170166, -0.366211, 2.441407, -20.812980,Stair-Up
270597, 0.028442, -0.726440, -0.166138, -2.990722, -12.756344, -17.761230,Stair-Up
270617, 0.027710, -0.700806, -0.133301, -1.098633, -43.579090, -16.479492,Stair-Up
270637, -0.018311, -0.731690, -0.092285, -2.868652, -58.837880, -16.296390,Stair-Up
270657, -0.050903, -0.736694, -0.067627, -3.234863, -70.739760, -17.944340,Stair-Up
270677, -0.077637, -0.788330, -0.061279, 1.281738, -75.866700, -20.385740,Stair-Up
270697, -0.056396, -0.872559, -0.069580, 1.586914, -81.176740, -20.568840,Stair-Up
270717, -0.042480, -0.893555, -0.090698, -0.183105, -87.402320, -20.996090,Stair-Up
270737, -0.025146, -0.855469, -0.098633, 1.220704, -91.857900, -18.676760,Stair-Up
270757, -0.062744, -0.836304, -0.087280, 6.713866, -95.886200, -16.235352,Stair-Up
270777, -0.197754, -0.879028, -0.110107, 12.573240, -85.571260, -14.587400,Stair-Up
270797, -0.247437, -0.947632, -0.147827, 11.230468, -66.162120, -13.732908,Stair-Up
270817, -0.173340, -0.929688, -0.166992, 6.774902, -54.748520, -13.854978,Stair-Up
270837, -0.156006, -0.904419, -0.153687, 8.300784, -41.687000, -9.216310,Stair-Up
270857, -0.159668, -0.916992, -0.158325, 7.568358, -33.325200, -5.065916,Stair-Up
270877, -0.170166, -0.906250, -0.195679, 6.774902, -29.357908, -3.173828,Stair-Up
270897, -0.204590, -0.898071, -0.219971, 9.338380, -25.268550, -1.708984,Stair-Up
270917, -0.212402, -0.915161, -0.235718, 9.338380, -18.981940, -1.281738,Stair-Up
270937, -0.234741, -0.919922, -0.268555, 8.972170, -10.803220, 0.610352,Stair-Up
270957, -0.237305, -0.939453, -0.277100, 8.605960, 0.000000, 2.746581,Stair-Up
270977, -0.191895, -0.967774, -0.245483, 6.713866, 6.958006, 8.911134,Stair-Up
270997, -0.160645, -0.995239, -0.201050, 6.591796, 8.544924, 14.770504,Stair-Up
271017, -0.114624, -1.017822, -0.184326, 5.310058, 2.197266, 18.798830,Stair-Up
271037, -0.135620, -1.021240, -0.185181, 7.385252, -7.568358, 20.446770,Stair-Up
271057, -0.125488, -1.046509, -0.167847, 10.559080, -17.150880, 20.751950,Stair-Up
271077, -0.148682, -1.039795, -0.177856, 13.610836, -23.559568, 20.141600,Stair-Up
271097, -0.234619, -1.119263, -0.191284, 24.719230, -18.737796, 18.188480,Stair-Up
271117, -0.234009, -1.388062, -0.156128, 32.226570, -9.216310, 15.197750,Stair-Up
271137, -0.187744, -1.674683, -0.092773, 26.184080, -2.075196, 11.291500,Stair-Up
271157, -0.157959, -1.826904, -0.067139, 8.972170, 1.892090, 10.009768,Stair-Up
271177, -0.117310, -1.724244, -0.074585, -7.263182, -1.159668, 12.573240,Stair-Up
271197, -0.101318, -1.579834, -0.088257, -7.080076, -6.103514, 20.629880,Stair-Up
271217, -0.069824, -1.459228, -0.096558, -6.713866, -7.629394, 34.423840,Stair-Up
271237, -0.084717, -1.299683, -0.120239, -5.249022, -2.258301, 53.161610,Stair-Up
271257, -0.139771, -1.159912, -0.133911, 5.004884, 8.972170, 69.030760,Stair-Up
271277, -0.208496, -1.214234, -0.079956, 14.099120, 34.484870, 82.824700,Stair-Up
271297, -0.192871, -1.156006, -0.041992, 7.019042, 49.011220, 87.829560,Stair-Up
271317, -0.183105, -1.052124, -0.000488, 4.394532, 57.739250, 88.562000,Stair-Up
271337, -0.152222, -0.962158, 0.030762, 1.647949, 63.659660, 89.233380,Stair-Up
271357, -0.112915, -0.881226, 0.050537, -0.305176, 66.772460, 92.102040,Stair-Up
271377, -0.069458, -0.807617, 0.072998, -4.821778, 64.331060, 94.238260,Stair-Up
271397, -0.077026, -0.696533, 0.070923, -7.873534, 60.546860, 95.703100,Stair-Up
271417, -0.133911, -0.622192, 0.044434, -5.432128, 58.288560, 94.116200,Stair-Up
271437, -0.148438, -0.624024, 0.023804, -2.014160, 55.419910, 88.562000,Stair-Up
271457, -0.140625, -0.663940, 0.025391, -3.356933, 50.170890, 82.214340,Stair-Up
271477, -0.117920, -0.657959, 0.050049, -8.789064, 42.541500, 74.707040,Stair-Up
271497, -0.097168, -0.641236, 0.080444, -8.178714, 31.372068, 63.720700,Stair-Up
271517, -0.083984, -0.702759, 0.084961, -7.812498, 23.986810, 55.908200,Stair-Up
271537, -0.084961, -0.790894, 0.074463, -7.812498, 15.747068, 45.654280,Stair-Up
271557, -0.078491, -0.888672, 0.067139, -10.437010, 4.455568, 31.982420,Stair-Up
271577, -0.074585, -0.921509, 0.091797, -16.296390, -8.789064, 15.136716,Stair-Up
271597, -0.118530, -0.945923, 0.119629, -14.221190, -20.629880, -0.122070,Stair-Up
271617, -0.141235, -0.974121, 0.147705, -15.136716, -21.789548, -18.554690,Stair-Up
271637, -0.138550, -0.966309, 0.128540, -16.113284, -10.742184, -26.428220,Stair-Up
271657, -0.092041, -0.922241, 0.090698, -11.779784, -4.699708, -33.996590,Stair-Up
271677, -0.084229, -0.947266, 0.040894, 1.342773, -0.854492, -37.780760,Stair-Up
271697, -0.129395, -1.064209, 0.014038, 11.535644, 7.080076, -44.006340,Stair-Up
271717, -0.139771, -1.179688, -0.010132, 16.235352, 22.399900, -51.086420,Stair-Up
271737, -0.174316, -1.288574, -0.020020, 23.437492, 33.203130, -59.692380,Stair-Up
271757, -0.120483, -1.432740, -0.010864, 22.644040, 45.349110, -65.856940,Stair-Up
271777, -0.026855, -1.548706, -0.001587, 20.385740, 49.499500, -72.937020,Stair-Up
271797, 0.030151, -1.576538, -0.003052, 10.742184, 45.715320, -80.017100,Stair-Up
271817, 0.007446, -1.490723, -0.057617, 6.408690, 32.836920, -88.867160,Stair-Up
271837, -0.096069, -1.418091, -0.177246, 5.676268, 16.357424, -101.562480,Stair-Up
271857, -0.140991, -1.322022, -0.243897, -4.089356, 2.441407, -109.497040,Stair-Up
271877, -0.110352, -1.096924, -0.261719, -14.221190, -9.277344, -109.252900,Stair-Up
271897, -0.118286, -0.899536, -0.257813, -12.207030, -19.836430, -100.463840,Stair-Up
271917, -0.193848, -0.824341, -0.241211, -4.699708, -17.578130, -85.266100,Stair-Up
271937, -0.237915, -1.013794, -0.246216, 4.821778, -7.141112, -76.049820,Stair-Up
271957, -0.154785, -1.070312, -0.256592, -13.366696, -2.685546, -62.499990,Stair-Up
271977, -0.093872, -0.911987, -0.287842, -18.737796, -5.432128, -48.461900,Stair-Up
271997, -0.053955, -0.797119, -0.298706, -15.014646, -9.582520, -34.423840,Stair-Up
272017, -0.032104, -0.697632, -0.276733, -11.779784, -9.399414, -18.371584,Stair-Up
272037, -0.048340, -0.618286, -0.246094, -4.882814, -9.704590, -10.681150,Stair-Up
272057, -0.068115, -0.599976, -0.220337, 1.892090, -11.230468, -9.338380,Stair-Up
272077, -0.092651, -0.607788, -0.192871, 2.563476, -11.779784, -7.385252,Stair-Up
272097, -0.115479, -0.611084, -0.163208, 2.990722, -8.483890, -5.432128,Stair-Up
272117, -0.111572, -0.663574, -0.141968, 4.943848, -2.441407, -1.708984,Stair-Up
272137, -0.081665, -0.735596, -0.138794, 4.272462, -1.953124, 4.150392,Stair-Up
272157, -0.032104, -0.829834, -0.131226, 8.911134, -9.826660, 5.249022,Stair-Up
272177, -0.032837, -0.922241, -0.116455, 11.779784, -22.277830, 4.638672,Stair-Up
272197, -0.047363, -0.949097, -0.133423, 11.962890, -33.752440, 2.807617,Stair-Up
272217, -0.030273, -0.920044, -0.152832, 13.671872, -45.410140, 0.549316,Stair-Up
272237, -0.091064, -0.886475, -0.171021, 18.493652, -52.429190, 0.061035,Stair-Up
272257, -0.140259, -0.888428, -0.185547, 21.911620, -50.292960, -0.915527,Stair-Up
272277, -0.187744, -0.916138, -0.193726, 23.254390, -45.104970, -2.197266,Stair-Up
272297, -0.204102, -0.969116, -0.200928, 23.132320, -38.818360, -5.676268,Stair-Up
272317, -0.213135, -1.009034, -0.224609, 20.446770, -31.860350, -8.789064,Stair-Up
272337, -0.204590, -1.016724, -0.233765, 16.784670, -21.789548, -9.704590,Stair-Up
272357, -0.150024, -1.032959, -0.208252, 18.066410, -19.042970, -9.460450,Stair-Up
272377, -0.115234, -1.109497, -0.208130, 19.836430, -21.179192, -7.141112,Stair-Up
272397, -0.097656, -1.143799, -0.214233, 19.409180, -23.193352, -3.356933,Stair-Up
272417, -0.109253, -1.167480, -0.218140, 24.902340, -26.855464, -0.671386,Stair-Up
272437, -0.174194, -1.336792, -0.218140, 39.733900, -24.963376, -4.577638,Stair-Up
272457, -0.187988, -1.694946, -0.215088, 45.104970, -18.554690, -9.338380,Stair-Up
272477, -0.145630, -1.912598, -0.192261, 19.165040, -15.502928, -9.704590,Stair-Up
272497, -0.117554, -1.640015, -0.203857, -5.798338, -16.296390, -2.380371,Stair-Up
272517, -0.124512, -1.371948, -0.257813, 0.976562, -13.549804, 6.408690,Stair-Up
272537, -0.116211, -1.302856, -0.249878, 1.403808, -3.356933, 24.658200,Stair-Up
272557, -0.068848, -1.192261, -0.205933, -6.469726, 0.671386, 40.893540,Stair-Up
272577, -0.169800, -1.103028, -0.117188, -13.488768, -8.850100, 49.865720,Stair-Up
272597, -0.244629, -1.018066, -0.094604, -21.179192, -4.882814, 51.757800,Stair-Up
272617, -0.206421, -0.982788, -0.096191, -24.291990, 3.173828, 52.246080,Stair-Up
272637, -0.125122, -1.007935, -0.101440, -27.465816, 5.310058, 54.870600,Stair-Up
272657, -0.120972, -0.938477, -0.099976, -35.522460, 5.859374, 60.668940,Stair-Up
272677, -0.145508, -0.808838, -0.108276, -33.874520, 10.437010, 64.758300,Stair-Up
272697, -0.171143, -0.744141, -0.097778, -28.076170, 19.470220, 69.335940,Stair-Up
272717, -0.165039, -0.719604, -0.074951, -24.108880, 30.517570, 72.631840,Stair-Up
272737, -0.177856, -0.722778, -0.052979, -21.118160, 42.785640, 74.523940,Stair-Up
272757, -0.171387, -0.755371, -0.023682, -21.972650, 54.992660, 73.120140,Stair-Up
272777, -0.122437, -0.775513, 0.013550, -25.817870, 60.180660, 70.800800,Stair-Up
272797, -0.104492, -0.782104, 0.042114, -29.907220, 58.776840, 62.316880,Stair-Up
272817, -0.079346, -0.819214, 0.048462, -30.578610, 53.894040, 55.541980,Stair-Up
272837, -0.045166, -0.833984, 0.065552, -32.287600, 43.518060, 47.485340,Stair-Up
272857, -0.035156, -0.836060, 0.068237, -30.334470, 29.541010, 37.963880,Stair-Up
272877, -0.057129, -0.828125, 0.063477, -27.038570, 18.432620, 28.930660,Stair-Up
272897, -0.080933, -0.823608, 0.050293, -20.385740, 11.535644, 19.958500,Stair-Up
272917, -0.087036, -0.854980, 0.046509, -13.732908, 6.408690, 9.948730,Stair-Up
272937, -0.099243, -0.843018, 0.049194, -11.962890, 2.380371, 1.159668,Stair-Up
272957, -0.127686, -0.800171, 0.052856, -5.737304, 1.159668, -7.690428,Stair-Up
272977, -0.149902, -0.796753, 0.049316, 1.586914, 5.371092, -15.075680,Stair-Up
272997, -0.161499, -0.810547, 0.026855, 7.995604, 11.230468, -16.357424,Stair-Up
273017, -0.085571, -0.845581, 0.011597, 14.343260, 10.559080, -27.404780,Stair-Up
273037, -0.046021, -0.832642, 0.010864, 20.080560, 0.366211, -32.714850,Stair-Up
273057, -0.137451, -0.885376, -0.014526, 28.808590, 1.953124, -36.132820,Stair-Up
273077, -0.208984, -1.001831, -0.059570, 29.235832, 15.563964, -38.879400,Stair-Up
273097, -0.172241, -1.029908, -0.080688, 20.446770, 25.817870, -40.527340,Stair-Up
273117, -0.128540, -0.991821, -0.099365, 20.507810, 27.282710, -42.297360,Stair-Up
273137, -0.145752, -1.060791, -0.101563, 24.353020, 34.851080, -38.208020,Stair-Up
273157, -0.039307, -1.214722, -0.026733, 25.146480, 37.780760, -36.315920,Stair-Up
273177, 0.108276, -1.415894, 0.007568, 25.207516, 19.226080, -35.644540,Stair-Up
273197, 0.074097, -1.457154, -0.083252, 9.033204, -8.117676, -32.592780,Stair-Up
273217, -0.002686, -1.254028, -0.195068, 6.652830, -31.555170, -35.339360,Stair-Up
273237, -0.097534, -1.161621, -0.213013, 18.615724, -60.607900, -46.508780,Stair-Up
273257, -0.224121, -1.077270, -0.212158, 15.563964, -58.349600, -49.682610,Stair-Up
273277, -0.326050, -0.939942, -0.249756, 14.099120, -37.841800, -50.476060,Stair-Up
273297, -0.327271, -0.843750, -0.294678, 17.028810, -10.742184, -48.522940,Stair-Up
273317, -0.258301, -0.826660, -0.298584, 18.676760, 13.488768, -43.823240,Stair-Up
273337, -0.205933, -0.821045, -0.247559, 16.601568, 28.381340, -35.766600,Stair-Up
273357, -0.207520, -0.842529, -0.205811, 18.981940, 35.949720, -32.226570,Stair-Up
273377, -0.200684, -0.938354, -0.205078, 19.470220, 42.358390, -28.808590,Stair-Up
273397, -0.104248, -0.990723, -0.230469, 14.160152, 37.231450, -25.329584,Stair-Up
273417, -0.061890, -0.966431, -0.257935, 14.831540, 21.850580, -21.240230,Stair-Up
273437, -0.080322, -0.958252, -0.260376, 15.563964, 7.934570, -16.357424,Stair-Up
273457, -0.104370, -0.916992, -0.256104, 16.296390, -4.577638, -8.850100,Stair-Up
273477, -0.151123, -0.893555, -0.250610, 16.662600, -8.483890, -6.713866,Stair-Up
273497, -0.184570, -0.879028, -0.241455, 14.709470, -5.798338, -5.249022,Stair-Up
273517, -0.186890, -0.855713, -0.229736, 12.084960, -0.488281, -4.028321,Stair-Up
273537, -0.179810, -0.845093, -0.221436, 10.681150, 3.112792, -4.577638,Stair-Up
273557, -0.174805, -0.862793, -0.215820, 9.826660, 5.737304, -4.760742,Stair-Up
273577, -0.166504, -0.884400, -0.193726, 7.141112, 6.408690, -5.798338,Stair-Up
273597, -0.174072, -0.904785, -0.179565, 5.554198, 5.615234, -6.958006,Stair-Up
273617, -0.181397, -0.913940, -0.187134, 4.272462, 6.286620, -8.056642,Stair-Up
273637, -0.163208, -0.916992, -0.182007, 4.089356, 4.577638, -8.422854,Stair-Up
273657, -0.155640, -0.931641, -0.167358, 5.859374, 0.671386, -9.521484,Stair-Up
273677, -0.203247, -0.955933, -0.177856, 8.972170, -0.793457, -10.375976,Stair-Up
273697, -0.213867, -0.977783, -0.177490, 8.972170, 3.540038, -9.399414,Stair-Up
273717, -0.199585, -0.983154, -0.162354, 10.681150, 9.216310, -6.469726,Stair-Up
273737, -0.208374, -1.029053, -0.133911, 13.488768, 16.052250, -2.929687,Stair-Up
273757, -0.215698, -1.175782, -0.070923, 22.155760, 25.817870, -1.647949,Stair-Up
273777, -0.242065, -1.546143, -0.035156, 32.348640, 37.658700, -5.798338,Stair-Up
273797, -0.270752, -2.026245, -0.024902, 23.986810, 50.720200, -12.268064,Stair-Up
273817, -0.219727, -2.078125, -0.047485, -24.108880, 58.410640, -13.610836,Stair-Up
273837, -0.078857, -1.344849, -0.093262, -61.645500, 51.208480, 2.868652,Stair-Up
273857, -0.046143, -0.665650, -0.136230, -43.334950, 39.428720, 26.733390,Stair-Up
273877, -0.176758, -0.499756, -0.175781, 0.000000, 50.292960, 54.626460,Stair-Up
273897, -0.211548, -0.704468, -0.188599, 8.789064, 78.857440, 80.322260,Stair-Up
273917, -0.272583, -0.789185, -0.110107, 18.188480, 87.280260, 80.749500,Stair-Up
273937, -0.399048, -1.064331, -0.006714, 21.057124, 100.036600, 65.185560,Stair-Up
273957, -0.433472, -1.292725, 0.075684, -0.671386, 127.014140, 48.034660,Stair-Up
273977, -0.292480, -1.285278, 0.108643, -29.785150, 146.423360, 32.348640,Stair-Up
273997, -0.124268, -1.153931, 0.132935, -40.527340, 141.357440, 19.287110,Stair-Up
274017, -0.063843, -1.112305, 0.130127, -39.917000, 127.563460, 12.573240,Stair-Up
274037, -0.032837, -1.061768, 0.102661, -44.616690, 114.929180, 13.671872,Stair-Up
274057, -0.045166, -0.956177, 0.083862, -42.053220, 103.393540, 16.418460,Stair-Up
274077, -0.072266, -0.929932, 0.099121, -38.635260, 92.285140, 18.737796,Stair-Up
274097, -0.108398, -0.901367, 0.119629, -40.649400, 84.533660, 22.521970,Stair-Up
274117, -0.147705, -0.892944, 0.149902, -39.428720, 80.993640, 23.925780,Stair-Up
274137, -0.110962, -0.930786, 0.169189, -40.710440, 79.162600, 26.672360,Stair-Up
274157, -0.068970, -0.959717, 0.184937, -43.029780, 74.340840, 28.869624,Stair-Up
274177, 0.002441, -0.941406, 0.203125, -44.982900, 64.575200, 31.860350,Stair-Up
274197, 0.058472, -0.911011, 0.213379, -42.175280, 51.940910, 37.658700,Stair-Up
274217, 0.053711, -0.930298, 0.172241, -34.729010, 37.597660, 44.189440,Stair-Up
274237, 0.013916, -1.032715, 0.128174, -32.409680, 17.700200, 49.621580,Stair-Up
274257, -0.076782, -1.075562, 0.121094, -35.888680, -8.544924, 49.255360,Stair-Up
274277, -0.110962, -1.082886, 0.078003, -30.944820, -22.399900, 41.503900,Stair-Up
274297, 0.006836, -1.149658, 0.001465, -26.977532, -22.094720, 45.104970,Stair-Up
274317, 0.129028, -1.152344, -0.025879, -26.428220, -32.104500, 53.894040,Stair-Up
274337, 0.065063, -1.235108, -0.012451, -9.643556, -59.020980, 49.255360,Stair-Up
274357, -0.048584, -1.265625, -0.012451, 2.380371, -69.274900, 36.682140,Stair-Up
274377, -0.163818, -1.271240, -0.055542, 8.544924, -72.692880, 12.512204,Stair-Up
274397, -0.206421, -1.030030, -0.175415, 2.502442, -60.424800, -10.803220,Stair-Up
274417, -0.198975, -0.605591, -0.325073, 9.643556, -41.076650, -19.348150,Stair-Up
274437, -0.269531, -0.454346, -0.407349, 42.419420, -16.174320, -22.155760,Stair-Up
274457, -0.324097, -0.643799, -0.367920, 55.114740, 15.197750, -27.099608,Stair-Up
274477, -0.296387, -0.756592, -0.322022, 45.593250, 54.504380, -22.033690,Stair-Up
274497, -0.150513, -0.783081, -0.267578, 38.757330, 77.636740, -12.634276,Stair-Up
274517, -0.086792, -0.894654, -0.228272, 40.710440, 78.613300, -10.375976,Stair-Up
274537, -0.097046, -1.059448, -0.216797, 37.414560, 73.913600, -10.498044,Stair-Up
274557, 0.022461, -1.146728, -0.253540, 30.273430, 38.574220, -16.235352,Stair-Up
274577, -0.026001, -1.066284, -0.310425, 27.404780, 8.911134, -19.287110,Stair-Up
274597, -0.142334, -0.939087, -0.338745, 29.296870, -0.244141, -20.446770,Stair-Up
274617, -0.231445, -0.869019, -0.367310, 34.484870, 5.554198, -12.268064,Stair-Up
274637, -0.258179, -0.817871, -0.360352, 29.541010, 19.897460, -18.371584,Stair-Up
274657, -0.255127, -0.821655, -0.343384, 29.602044, 35.217290, -12.329100,Stair-Up
274677, -0.255615, -0.837891, -0.306030, 23.559568, 50.292960, -10.803220,Stair-Up
274697, -0.158691, -0.837402, -0.249390, 23.254390, 49.926750, -10.681150,Stair-Up
274717, -0.159668, -0.879272, -0.253296, 25.207516, 38.513190, -15.136716,Stair-Up
274737, -0.205200, -0.913330, -0.286255, 19.042970, 37.048340, -13.793944,Stair-Up
274757, -0.170776, -0.894531, -0.306641, 17.028810, 30.944820, -12.634276,Stair-Up
274777, -0.197144, -0.864990, -0.276611, 16.357424, 17.700200, -11.413570,Stair-Up
274797, -0.233154, -0.857422, -0.270264, 16.601568, 17.395020, -10.314940,Stair-Up
274817, -0.237549, -0.867554, -0.270020, 16.906740, 19.592290, -9.887696,Stair-Up
274837, -0.231323, -0.897705, -0.252564, 17.150880, 21.728510, -9.704590,Stair-Up
274857, -0.231689, -0.947144, -0.221069, 15.930172, 22.644040, -10.192870,Stair-Up
274877, -0.223633, -1.010620, -0.191040, 15.197750, 24.230950, -11.291500,Stair-Up
274897, -0.198486, -1.152832, -0.160767, 20.263670, 23.132320, -13.549804,Stair-Up
274917, -0.154541, -1.385254, -0.120117, 20.812980, 16.479492, -15.136716,Stair-Up
274937, -0.140137, -1.549805, -0.082886, 13.488768, 6.652830, -16.601568,Stair-Up
274957, -0.199463, -1.539062, -0.069092, -6.652830, 3.234863, -15.624996,Stair-Up
274977, -0.184937, -1.253418, -0.052368, -16.113284, 4.211426, -9.765626,Stair-Up
274997, -0.214111, -1.131714, -0.003052, -1.953124, 13.610836, 4.089356,Stair-Up
275017, -0.194580, -1.057618, -0.021973, -6.347656, 23.254390, 15.502928,Stair-Up
275037, -0.201416, -0.965332, -0.048950, 0.671386, 28.991692, 25.390620,Stair-Up
275057, -0.165894, -0.988526, -0.035767, 8.728030, 30.578610, 33.142100,Stair-Up
275077, -0.183594, -1.008423, -0.004639, 5.615234, 36.315920, 41.931140,Stair-Up
275097, -0.193115, -0.967774, 0.018555, 4.089356, 43.151840, 46.630850,Stair-Up
275117, -0.178345, -0.968994, 0.042480, 3.662109, 45.349110, 48.706040,Stair-Up
275137, -0.127441, -0.957642, 0.060547, -1.647949, 36.926280, 50.170890,Stair-Up
275157, -0.116211, -0.888306, 0.049927, -2.258301, 22.277830, 50.415030,Stair-Up
275177, -0.132202, -0.864136, 0.038086, 1.220704, 12.756344, 52.612300,Stair-Up
275197, -0.127808, -0.868652, 0.029175, 2.441407, 8.361816, 55.664060,Stair-Up
275217, -0.146484, -0.907715, 0.024292, 4.943848, 5.981444, 57.067860,Stair-Up
275237, -0.154419, -0.942261, 0.050659, 1.159668, 7.507323, 56.091300,Stair-Up
275257, -0.169189, -0.923340, 0.059937, -2.624511, 9.704590, 54.626460,Stair-Up
275277, -0.180176, -0.918823, 0.047363, -1.098633, 12.023924, 49.255360,Stair-Up
275297, -0.184570, -0.976196, 0.031982, 0.915527, 14.038084, 41.198720,Stair-Up
275317, -0.163208, -1.050660, 0.039429, -2.075196, 13.549804, 32.775880,Stair-Up
275337, -0.120361, -1.057373, 0.061768, -9.887696, 8.544924, 25.512690,Stair-Up
275357, -0.138672, -1.006104, 0.062866, -12.634276, 3.906249, 19.653320,Stair-Up
275377, -0.173706, -0.978150, 0.032227, -10.803220, 5.493162, 13.916012,Stair-Up
275397, -0.175537, -1.007446, -0.022461, -7.873534, 7.324218, 8.300784,Stair-Up
275417, -0.168457, -1.050904, -0.048462, -7.446288, 7.751464, 3.784179,Stair-Up
275437, -0.198853, -1.130249, -0.067261, -7.812498, 12.695310, 0.976562,Stair-Up
275457, -0.197754, -1.162110, -0.039551, -9.460450, 19.042970, -1.464844,Stair-Up
275477, -0.150635, -1.299927, 0.003052, -0.976562, 18.859868, -7.812498,Stair-Up
275497, -0.084473, -1.434814, 0.010254, -7.629394, 10.253904, -13.610836,Stair-Up
275517, -0.080566, -1.282593, -0.074585, -22.583000, -5.676268, -19.531250,Stair-Up
275537, -0.202271, -0.873657, -0.189331, -21.850580, -9.521484, -25.085448,Stair-Up
275557, -0.310181, -0.615601, -0.192993, -1.708984, 3.234863, -34.423840,Stair-Up
275577, -0.408203, -0.614502, -0.190308, 13.061520, 27.709956, -37.902840,Stair-Up
275597, -0.465210, -0.672486, -0.157959, 12.268064, 63.110340, -45.837400,Stair-Up
275617, -0.407227, -0.688599, -0.119507, 6.164550, 99.487300, -40.771480,Stair-Up
275637, -0.216797, -0.714600, -0.102051, 7.629394, 115.173320, -36.010750,Stair-Up
275657, -0.160034, -0.956299, -0.118408, 14.648436, 103.271480, -29.907220,Stair-Up
275677, -0.193726, -1.109253, -0.065674, 7.873534, 98.388660, -29.235832,Stair-Up
275697, -0.136963, -1.117066, -0.058350, -0.122070, 86.730940, -31.738280,Stair-Up
275717, -0.140625, -1.024902, -0.131348, 5.126952, 65.368660, -38.513190,Stair-Up
275737, -0.251343, -0.991699, -0.205444, 15.624996, 53.894040, -40.954580,Stair-Up
275757, -0.387085, -0.948975, -0.243164, 17.639160, 52.490220, -44.067380,Stair-Up
275777, -0.274536, -0.798584, -0.226929, 16.723632, 64.941420, -48.095700,Stair-Up
275797, -0.023193, -0.702148, -0.166260, 27.404780, 79.284680, -36.438000,Stair-Up
275817, -0.058472, -0.743286, -0.164673, 34.057620, 98.388660, -21.789548,Stair-Up
275837, -0.198120, -0.845703, -0.169800, 27.099608, 107.299800, -10.925290,Stair-Up
275857, -0.156128, -0.867310, -0.159668, 18.737796, 99.426260, -18.493652,Stair-Up
275877, 0.025879, -0.875488, -0.194336, 17.211920, 67.260740, -21.911620,Stair-Up
275897, 0.076050, -0.890991, -0.245361, 16.113284, 42.785640, -15.747068,Stair-Up
275917, 0.089966, -0.876099, -0.296753, 18.981940, 9.704590, -10.253904,Stair-Up
275937, -0.018066, -0.905884, -0.310303, 25.573724, -14.831540, -8.483890,Stair-Up
275957, -0.089844, -0.954224, -0.307129, 23.010250, -22.033690, -2.807617,Stair-Up
275977, -0.110718, -0.942627, -0.295044, 20.446770, -21.545408, 0.061035,Stair-Up
275997, -0.128540, -0.968750, -0.282105, 16.967780, -17.456060, 4.028321,Stair-Up
276017, -0.160645, -1.006958, -0.294434, 14.648436, -6.530760, 7.324218,Stair-Up
276037, -0.141602, -1.062866, -0.300903, 13.916012, -0.488281, 8.300784,Stair-Up
276057, -0.081543, -1.156860, -0.265259, 16.723632, -5.249022, 8.117676,Stair-Up
276077, -0.088257, -1.243896, -0.229614, 13.671872, -12.512204, 8.361816,Stair-Up
276097, -0.120117, -1.422730, -0.189453, 19.470220, -16.052250, 8.483890,Stair-Up
276117, -0.152466, -1.567261, -0.194092, 7.690428, -13.549804, 5.737304,Stair-Up
276137, -0.109375, -1.502808, -0.202393, -4.211426, -12.512204, 4.272462,Stair-Up
276157, -0.110230, -1.335205, -0.182373, -10.986324, -19.042970, 6.042480,Stair-Up
276177, -0.145508, -1.107178, -0.171753, -15.380856, -19.897460, 13.244628,Stair-Up
276197, -0.206665, -0.872437, -0.186890, -12.573240, -9.887696, 24.902340,Stair-Up
276217, -0.260010, -0.778687, -0.181152, 0.366211, 6.713866, 36.376960,Stair-Up
276237, -0.243897, -0.911499, -0.143433, 10.864256, 22.705070, 41.687000,Stair-Up
276257, -0.225342, -1.050171, -0.086914, 1.770019, 33.325200, 46.203600,Stair-Up
276277, -0.210205, -1.074829, -0.027344, -7.690428, 35.949720, 46.630850,Stair-Up
276297, -0.214844, -1.091675, 0.005615, -12.023924, 34.057620, 44.494620,Stair-Up
276317, -0.164673, -1.101929, 0.037720, -22.949216, 29.602044, 44.189440,Stair-Up
276337, -0.098145, -1.024048, 0.030762, -28.137200, 20.690910, 46.569820,Stair-Up
276357, -0.085449, -0.931519, 0.016602, -26.062010, 9.582520, 49.133290,Stair-Up
276377, -0.134888, -0.878662, 0.004395, -21.484370, 4.272462, 52.307120,Stair-Up
276397, -0.178711, -0.866211, 0.003174, -17.089850, 7.446288, 54.138180,Stair-Up
276417, -0.184204, -0.875610, 0.018188, -16.235352, 11.901852, 54.504380,Stair-Up
276437, -0.177246, -0.853638, 0.034058, -16.601568, 14.831540, 52.795400,Stair-Up
276457, -0.180420, -0.834595, 0.048706, -15.075680, 20.385740, 49.133290,Stair-Up
276477, -0.146118, -0.847412, 0.046875, -14.404296, 28.381340, 47.485340,Stair-Up
276497, -0.102661, -0.872314, 0.039673, -14.343260, 31.738280, 45.532220,Stair-Up
276517, -0.078857, -0.879883, 0.041626, -12.939450, 27.282710, 43.090810,Stair-Up
276537, -0.072754, -0.870728, 0.039429, -9.094240, 9.765626, 34.851080,Stair-Up
276557, -0.133179, -0.885498, 0.021362, -3.723144, 5.432128, 29.113768,Stair-Up
276577, -0.164795, -0.948242, 0.000488, 1.770019, 9.155274, 22.033690,Stair-Up
276597, -0.168579, -1.056641, 0.011230, 4.150392, 17.639160, 17.028810,Stair-Up
276617, -0.130249, -1.173340, 0.027100, 2.868652, 26.489250, 11.291500,Stair-Up
276637, -0.079468, -1.232178, 0.035400, -1.831054, 30.822750, 7.629394,Stair-Up
276677, -0.019531, -1.311768, 0.031128, -6.652830, 9.704590, -8.544924,Stair-Up
276697, -0.207397, -1.230469, -0.022583, 0.732422, -7.995604, -25.512690,Stair-Up
276717, -0.289795, -1.184570, -0.119995, -0.061035, -2.197266, -51.391590,Stair-Up
276737, -0.232422, -0.950562, -0.225342, -8.056642, 20.874020, -55.664060,Stair-Up
276757, -0.263916, -0.665528, -0.257202, 14.160152, 55.725090, -68.420420,Stair-Up
276777, -0.253052, -0.688599, -0.238892, 24.475090, 93.078600, -70.678720,Stair-Up
276797, -0.249390, -0.769165, -0.222534, 22.888180, 132.629400, -67.199720,Stair-Up
276817, -0.176392, -0.832154, -0.186646, 14.709470, 165.405240, -65.246600,Stair-Up
276837, -0.005493, -0.887573, -0.159180, 10.498044, 177.307100, -58.166500,Stair-Up
276857, 0.149536, -0.959961, -0.171631, 11.047360, 159.851100, -57.250960,Stair-Up
276877, 0.273682, -1.039795, -0.208130, 14.953610, 126.037580, -52.795400,Stair-Up
276897, 0.355225, -1.073120, -0.216309, 13.610836, 76.538100, -46.142570,Stair-Up
276917, 0.294922, -0.971192, -0.266113, 15.380856, 23.986810, -38.391120,Stair-Up
276937, 0.165161, -0.845825, -0.305054, 22.644040, -13.000484, -31.982420,Stair-Up
276957, 0.101563, -0.785767, -0.329346, 33.325200, -34.301760, -26.184080,Stair-Up
276977, 0.231445, -0.734131, -0.309937, 43.395980, -83.068840, -19.287110,Stair-Up
276997, 0.159546, -0.747437, -0.262207, 54.687490, -118.408180, -16.235352,Stair-Up
277017, -0.103394, -0.860352, -0.197876, 61.218250, -130.615240, -13.854978,Stair-Up
277037, -0.240479, -0.980713, -0.132202, 46.874990, -118.835440, -22.033690,Stair-Up
277057, -0.212036, -0.953858, -0.107300, 30.517570, -97.717260, -23.437492,Stair-Up
277077, -0.204590, -0.933350, -0.150147, 25.146480, -79.467800, -25.512690,Stair-Up
277097, -0.202515, -0.935181, -0.206299, 20.263670, -66.345240, -26.000970,Stair-Up
277117, -0.235230, -0.927002, -0.230591, 18.188480, -53.833000, -25.207516,Stair-Up
277137, -0.289063, -0.929444, -0.243164, 17.761230, -41.198720, -25.451652,Stair-Up
277157, -0.257690, -0.908325, -0.257690, 15.258788, -30.029290, -22.705070,Stair-Up
277177, -0.228149, -0.905640, -0.269409, 20.385740, -20.996090, -19.531250,Stair-Up
277197, -0.207520, -1.053711, -0.223267, 24.047850, -8.483890, -11.413570,Stair-Up
277217, -0.219605, -1.198853, -0.166626, 20.629880, -0.183105, -5.981444,Stair-Up
277237, -0.170898, -1.440064, -0.121338, 21.789548, 10.131832, -2.319336,Stair-Up
277257, -0.077759, -1.674805, -0.067749, 7.812498, 13.610836, 8.605960,Stair-Up
277277, 0.019897, -1.845459, -0.057373, 6.835936, -3.845214, 13.793944,Stair-Up
277297, -0.052124, -1.904297, -0.078247, -16.723632, -28.625480, 19.470220,Stair-Up
277317, -0.137573, -1.394776, -0.096802, -39.917000, -39.306640, 33.203130,Stair-Up
277337, -0.163696, -0.843018, -0.107422, -29.235832, -36.560060, 51.330560,Stair-Up
277357, -0.237549, -0.565064, -0.113159, -1.770019, -20.568840, 70.739760,Stair-Up
277377, -0.310303, -0.568726, -0.095947, 19.897460, 7.080076, 79.956060,Stair-Up
277397, -0.298462, -0.679321, -0.048584, 23.376460, 49.560540, 87.280260,Stair-Up
277417, -0.264771, -0.862183, 0.006226, 22.216790, 63.903800, 79.895040,Stair-Up
277437, -0.252930, -1.069946, 0.041138, 12.390136, 69.641120, 71.472180,Stair-Up
277457, -0.174927, -1.179200, 0.074829, -6.652830, 58.349600, 55.297840,Stair-Up
277477, -0.099854, -1.182373, 0.099243, -20.202630, 42.236320, 50.842280,Stair-Up
277497, -0.029541, -1.093628, 0.095703, -29.418940, 23.193352, 43.212880,Stair-Up
277517, -0.016968, -1.016358, 0.071777, -26.855464, 8.483890, 43.945300,Stair-Up
277537, -0.067627, -0.962524, 0.050049, -21.789548, 0.061035, 43.090810,Stair-Up
277557, -0.115967, -0.929077, 0.041626, -14.160152, -5.615234, 41.442860,Stair-Up
277577, -0.171387, -0.911377, 0.046753, -7.568358, -4.455568, 37.536620,Stair-Up
277597, -0.209351, -0.905762, 0.081909, -2.258301, 8.728030, 33.081060,Stair-Up
277617, -0.224731, -0.909668, 0.102661, 0.793457, 41.137680, 34.667980,Stair-Up
277637, -0.178711, -0.935303, 0.135986, -2.990722, 60.424800, 33.203130,Stair-Up
277657, -0.110840, -0.945312, 0.110230, -1.342773, 67.443860, 34.973150,Stair-Up
277677, -0.044800, -0.968628, 0.087769, -3.967285, 60.791000, 32.470710,Stair-Up
277697, -0.012329, -0.917725, 0.082642, -6.225584, 50.170890, 33.142100,Stair-Up
277717, -0.041504, -0.862305, 0.058350, -4.455568, 38.513190, 31.433100,Stair-Up
277737, -0.120117, -0.893677, 0.016602, 3.295898, 32.958990, 28.686520,Stair-Up
277757, -0.149292, -1.010132, 0.018311, 3.723144, 32.836920, 20.935052,Stair-Up
277777, -0.115845, -1.069214, 0.027222, -0.915527, 35.095220, 14.770504,Stair-Up
277797, -0.082031, -1.163330, 0.078735, -1.708984, 32.897960, 3.540038,Stair-Up
277817, -0.086548, -1.371338, 0.148926, -0.732422, 29.296870, -15.014646,Stair-Up
277837, -0.060425, -1.607300, 0.171631, -22.338860, 26.184080, -44.250480,Stair-Up
277857, -0.018188, -1.212036, 0.015381, -55.786120, 18.188480, -56.640620,Stair-Up
277897, -0.133667, -0.540650, -0.328858, 6.164550, 21.972650, -67.993180,Stair-Up
277917, -0.174438, -0.650024, -0.334229, 29.785150, 41.198720, -56.213370,Stair-Up
277937, -0.133423, -0.778809, -0.253418, 36.682140, 54.077140, -50.231920,Stair-Up
277957, -0.146851, -0.884888, -0.157105, 33.203130, 65.856940, -43.334950,Stair-Up
277977, -0.037231, -0.953613, -0.081665, 25.695796, 72.937020, -35.461430,Stair-Up
277997, 0.084229, -1.032349, -0.065063, 22.888180, 55.725090, -32.348640,Stair-Up
278017, 0.082031, -1.093262, -0.110962, 18.493652, 27.465816, -30.212400,Stair-Up
278037, 0.024780, -1.050782, -0.170288, 16.296390, 1.525878, -29.052730,Stair-Up
278057, -0.072388, -0.958862, -0.250732, 26.062010, -18.005376, -27.404780,Stair-Up
278077, -0.176636, -0.837402, -0.274780, 34.729010, -12.329100, -23.681636,Stair-Up
278097, -0.225952, -0.809570, -0.256592, 41.992180, 4.638672, -18.554690,Stair-Up
278117, -0.257690, -0.836792, -0.204346, 43.273920, 25.939940, -15.136716,Stair-Up
278137, -0.247681, -0.860474, -0.170532, 39.489750, 42.602530, -12.451170,Stair-Up
278157, -0.227295, -0.882690, -0.169800, 32.287600, 51.086420, -14.587400,Stair-Up
278177, -0.139404, -0.889160, -0.195435, 26.367180, 49.438460, -14.526364,Stair-Up
278197, -0.100098, -0.897095, -0.234497, 23.925780, 37.292480, -13.793944,Stair-Up
278217, -0.089844, -0.893921, -0.241943, 22.521970, 21.484370, -12.512204,Stair-Up
278237, -0.128784, -0.892700, -0.234131, 21.850580, 8.911134, -10.864256,Stair-Up
278257, -0.184448, -0.879150, -0.214722, 19.348150, 7.080076, -8.483890,Stair-Up
278277, -0.197388, -0.902100, -0.199951, 19.104010, 10.925290, -3.906249,Stair-Up
278297, -0.203369, -0.965698, -0.178223, 16.906740, 7.812498, -2.136231,Stair-Up
278317, -0.217285, -1.003662, -0.117554, 13.977050, 5.249022, -0.915527,Stair-Up
278337, -0.225952, -1.089478, -0.054443, 15.197750, 5.920409, 0.427246,Stair-Up
278357, -0.200928, -1.278198, 0.002563, 22.460930, 9.948730, -1.647949,Stair-Up
278377, -0.175415, -1.641236, 0.016724, 30.395500, 13.183590, -5.798338,Stair-Up
278397, -0.182007, -2.100464, 0.035156, 26.794430, 14.770504, -13.427732,Stair-Up
278417, -0.168823, -2.158570, -0.023315, -28.320310, 4.577638, -11.901852,Stair-Up
278437, -0.172852, -1.275513, -0.116943, -64.514160, 9.155274, 3.051757,Stair-Up
278457, -0.141113, -0.573730, -0.166138, -39.794920, 15.808104, 23.254390,Stair-Up
278477, -0.243652, -0.509400, -0.136841, 11.901852, 38.513190, 48.645010,Stair-Up
278497, -0.219971, -0.919800, -0.030884, 12.634276, 78.308120, 68.664560,Stair-Up
278517, -0.233032, -0.934326, 0.027710, 6.530760, 87.585440, 71.228040,Stair-Up
278537, -0.222412, -1.085694, 0.079224, 8.239746, 89.233380, 63.293440,Stair-Up
278557, -0.129883, -1.214356, 0.116577, -9.887696, 88.134760, 58.288560,Stair-Up
278577, -0.018066, -1.141602, 0.123291, -25.573724, 76.599140, 53.894040,Stair-Up
278597, 0.038330, -1.050538, 0.105103, -26.123040, 55.969230, 48.767080,Stair-Up
278617, 0.034302, -0.991089, 0.063354, -24.291990, 35.461430, 45.959460,Stair-Up
278637, -0.030029, -0.923096, 0.030273, -20.446770, 19.592290, 41.381820,Stair-Up
278657, -0.117554, -0.889893, 0.045654, -16.723632, 12.451170, 35.217290,Stair-Up
278677, -0.153809, -0.877442, 0.081055, -16.235352, 13.732908, 28.503410,Stair-Up
278697, -0.163696, -0.874878, 0.107300, -17.822270, 21.911620, 23.315424,Stair-Up
278717, -0.116333, -0.864624, 0.121338, -23.132320, 39.001470, 18.920900,Stair-Up
278737, -0.096802, -0.858887, 0.099609, -22.094720, 45.043940, 15.197750,Stair-Up
278757, -0.088013, -0.907593, 0.079468, -18.676760, 43.151840, 9.338380,Stair-Up
278777, -0.083008, -0.970215, 0.070801, -18.005376, 38.024910, 1.953124,Stair-Up
278797, -0.072266, -0.994141, 0.068359, -19.226080, 32.775880, -3.295898,Stair-Up
278817, -0.070435, -1.010620, 0.060547, -14.709470, 27.526850, -7.751464,Stair-Up
278837, -0.097412, -1.114990, 0.043213, -8.789064, 26.733390, -10.192870,Stair-Up
278857, -0.091797, -1.226685, 0.022339, -9.460450, 29.602044, -12.023924,Stair-Up
278877, -0.051880, -1.261597, -0.006348, -13.610836, 28.198240, -11.657712,Stair-Up
278897, -0.040527, -1.240356, -0.034546, -7.873534, 22.766110, -11.840818,Stair-Up
278917, -0.052734, -1.348022, -0.054443, 3.051757, 18.859868, -11.230468,Stair-Up
278937, 0.040649, -1.532471, -0.001953, -3.356933, 13.549804, -10.803220,Stair-Up
278957, 0.069214, -1.397217, -0.012573, -11.230468, 7.995604, -10.437010,Stair-Up
278977, 0.019043, -1.299316, -0.058594, -3.356933, 3.784179, -13.977050,Stair-Up
278997, -0.022705, -1.263428, -0.115845, -3.417968, 0.915527, -22.094720,Stair-Up
279017, -0.026733, -1.123536, -0.147583, -5.554198, -1.586914, -30.212400,Stair-Up
279037, -0.034546, -0.966919, -0.192993, -4.211426, -8.483890, -35.644540,Stair-Up
279057, -0.110474, -0.798950, -0.244385, 0.244141, -6.225584, -39.428720,Stair-Up
279117, -0.034058, -0.833740, -0.255615, 11.901852, 31.921380, -31.249992,Stair-Up
279137, -0.024170, -0.922974, -0.228516, 8.911134, 35.400400, -30.761716,Stair-Up
279157, 0.181763, -0.927002, -0.184204, -5.981444, 25.512690, -19.775390,Stair-Up
279177, 0.281128, -0.845825, -0.163696, -7.629394, 7.324218, -8.911134,Stair-Up
279197, 0.313355, -0.818848, -0.166382, -4.577638, -11.535644, 1.159668,Stair-Up
279217, 0.244873, -0.817139, -0.163208, -3.234863, -30.578610, 7.019042,Stair-Up
279237, 0.145874, -0.819214, -0.146729, -3.173828, -45.104970, 5.004884,Stair-Up
279257, 0.115845, -0.784302, -0.129883, -5.126952, -55.236800, -0.732422,Stair-Up
279277, 0.047974, -0.742066, -0.100220, -1.525878, -62.805160, -7.202148,Stair-Up
279297, -0.047607, -0.740601, -0.087158, 2.258301, -57.189930, -14.892576,Stair-Up
279317, -0.075073, -0.768799, -0.082275, 5.493162, -43.823240, -21.179192,Stair-Up
279337, -0.081543, -0.775391, -0.091919, 7.934570, -33.752440, -27.832030,Stair-Up
279357, -0.074463, -0.782471, -0.102051, 13.427732, -30.578610, -33.752440,Stair-Up
279377, -0.142090, -0.815674, -0.124512, 21.545408, -21.911620, -39.978040,Stair-Up
279397, -0.123413, -0.835694, -0.142700, 22.583000, -16.174320, -39.917000,Stair-Up
279417, -0.119629, -0.834961, -0.161987, 28.198240, -13.366696, -40.344230,Stair-Up
279437, -0.133423, -0.852295, -0.214722, 28.137200, -14.709470, -41.931140,Stair-Up
279457, -0.143311, -0.886963, -0.216431, 27.648920, -15.747068, -41.198720,Stair-Up
279477, -0.024414, -0.913574, -0.096069, 19.836430, -32.592780, -44.677720,Stair-Up
279497, -0.021606, -0.896851, -0.009033, 18.493652, -68.115240, -48.950180,Stair-Up
279537, -0.415527, -1.082276, -0.118652, 21.972650, -72.448740, -61.340320,Stair-Up
279557, -0.303101, -1.119873, -0.238647, 20.935052, -59.936520, -59.082020,Stair-Up
279577, -0.304199, -1.175660, -0.337280, 26.977532, -44.921860, -47.790520,Stair-Up
279597, -0.365479, -1.142700, -0.330811, 20.446770, 19.470220, -14.099120,Stair-Up
279617, -0.237061, -1.086182, -0.283203, 28.503410, 46.936020, 4.089356,Stair-Up
279637, -0.215820, -1.155640, -0.256592, 34.301760, 56.335440, 18.676760,Stair-Up
279657, -0.231812, -1.328858, -0.164551, 39.001470, 63.171380, 28.503410,Stair-Up
279677, -0.181274, -1.556763, -0.066772, 31.311030, 62.255850, 30.517570,Stair-Up
279697, -0.058350, -1.686646, -0.023438, 22.460930, 51.391590, 35.705570,Stair-Up
279717, 0.021362, -1.703492, -0.046631, 4.272462, 22.827140, 35.583500,Stair-Up
279737, -0.078735, -1.509400, -0.100708, -5.798338, 5.187988, 45.288080,Stair-Up
279757, -0.145386, -1.335572, -0.130859, -2.075196, 6.347656, 53.039540,Stair-Up
279777, -0.180298, -1.255127, -0.139648, -1.220704, 14.404296, 63.476560,Stair-Up
279797, -0.218872, -1.125244, -0.104370, -3.906249, 25.146480, 68.969740,Stair-Up
279817, -0.234009, -1.045654, -0.049438, -0.427246, 60.913080, 85.144020,Stair-Up
279837, -0.222656, -1.063843, -0.034424, -6.103514, 85.144020, 93.139640,Stair-Up
279857, -0.219971, -1.022950, -0.048828, -10.131832, 103.210440, 98.632800,Stair-Up
279877, -0.152222, -1.072144, -0.031738, -10.986324, 110.900860, 98.510720,Stair-Up
279897, -0.041992, -1.064454, 0.000366, -21.545408, 101.928700, 98.022440,Stair-Up
279917, -0.045532, -0.947266, 0.013306, -26.184080, 86.669900, 96.008280,Stair-Up
279937, -0.084351, -0.871826, 0.006226, -20.812980, 77.331540, 90.209940,Stair-Up
279957, -0.111572, -0.880127, 0.014648, -18.432620, 73.669440, 84.594700,Stair-Up
279977, -0.114014, -0.856445, 0.033691, -21.850580, 70.800800, 75.988780,Stair-Up
279997, -0.139038, -0.800904, 0.044312, -22.338860, 70.678720, 66.406260,Stair-Up
280017, -0.154053, -0.764282, 0.061035, -21.911620, 74.279800, 56.701650,Stair-Up
280037, -0.123291, -0.748291, 0.099854, -20.080560, 80.749500, 44.677720,Stair-Up
280057, -0.093750, -0.778198, 0.129028, -20.141600, 82.946760, 37.414560,Stair-Up
280077, -0.055908, -0.794556, 0.147583, -22.766110, 81.604000, 31.311030,Stair-Up
280097, -0.024780, -0.793213, 0.150757, -21.606440, 74.646000, 22.277830,Stair-Up
280117, -0.028320, -0.830322, 0.151245, -17.700200, 62.927240, 14.221190,Stair-Up
280137, -0.064209, -0.880615, 0.133301, -14.404296, 53.039540, 1.586914,Stair-Up
280157, -0.070923, -0.940308, 0.088013, -11.718748, 41.992180, -10.864256,Stair-Up
280177, -0.050537, -0.921387, 0.069946, -11.291500, 27.770990, -21.728510,Stair-Up
280197, -0.069458, -0.866089, 0.074707, -3.601074, 18.798830, -29.235832,Stair-Up
280217, -0.059448, -0.889526, 0.067383, 7.263182, 18.432620, -32.775880,Stair-Up
280237, -0.074097, -0.955811, 0.003052, 14.709470, 18.859868, -32.226570,Stair-Up
280257, -0.158203, -0.985962, -0.046753, 16.418460, 27.587884, -31.433100,Stair-Up
280277, -0.083984, -0.951660, 0.015137, 22.094720, 37.170420, -29.296870,Stair-Up
280297, -0.111450, -1.002564, -0.016968, 32.653820, 53.588860, -24.353020,Stair-Up
280317, -0.187866, -1.125244, -0.173340, 40.771480, 75.256360, -18.859868,Stair-Up
280337, -0.169189, -1.250366, -0.293579, 45.227040, 90.637200, -18.676760,Stair-Up
280357, -0.065796, -1.318604, -0.201904, 46.813960, 90.942360, -17.761230,Stair-Up
280377, -0.020386, -1.404908, -0.141357, 47.729480, 80.932600, -19.714360,Stair-Up
280397, -0.022339, -1.476807, -0.165283, 47.607410, 64.819340, -29.846190,Stair-Up
280417, -0.053589, -1.523804, -0.200439, 42.846670, 51.330560, -46.508780,Stair-Up
280438, -0.016602, -1.462158, -0.255737, 34.301760, 33.752440, -59.509270,Stair-Up
280458, -0.005981, -1.274902, -0.377319, 33.508300, 14.465330, -69.641120,Stair-Up
280478, 0.006958, -1.158692, -0.366333, 28.991692, 13.793944, -63.659660,Stair-Up
280498, 0.034302, -1.003052, -0.342163, 24.658200, 16.540530, -50.598140,Stair-Up
280518, 0.050781, -0.881470, -0.334106, 23.986810, 15.319820, -37.536620,Stair-Up
280538, 0.083618, -0.837280, -0.326660, 26.123040, 1.586914, -31.127924,Stair-Up
280558, 0.111816, -0.867310, -0.303711, 29.846190, -16.784670, -31.127924,Stair-Up
280578, 0.167847, -0.960083, -0.195923, 24.475090, -36.010750, -32.714850,Stair-Up
280598, 0.124146, -0.934326, -0.151855, 10.070800, -52.062980, -28.259270,Stair-Up
280618, 0.020752, -0.842896, -0.173096, 3.906249, -58.288560, -28.381340,Stair-Up
280638, 0.020996, -0.833130, -0.217407, 3.784179, -60.058580, -30.029290,Stair-Up
280658, 0.072754, -0.834473, -0.244507, -0.549316, -65.734860, -25.573724,Stair-Up
280678, 0.058472, -0.746582, -0.214355, -2.563476, -77.392600, -19.897460,Stair-Up
280698, -0.005859, -0.726807, -0.178955, 2.502442, -76.965340, -16.174320,Stair-Up
280718, -0.019165, -0.773560, -0.150879, 4.882814, -70.800800, -12.817380,Stair-Up
280738, 0.018921, -0.794312, -0.134033, 1.159668, -64.758300, -8.422854,Stair-Up
280758, 0.038330, -0.758057, -0.119385, -1.953124, -63.293440, -2.929687,Stair-Up
280778, -0.012573, -0.735840, -0.115356, -0.366211, -62.438960, 1.403808,Stair-Up
280798, -0.045166, -0.752930, -0.100586, -0.671386, -62.561020, 4.638672,Stair-Up
280818, -0.033325, -0.757324, -0.096191, 0.549316, -68.786640, 4.150392,Stair-Up
280838, -0.076294, -0.793335, -0.093628, 1.403808, -74.218760, 4.272462,Stair-Up
280858, -0.081909, -0.824829, -0.088745, 3.356933, -77.880860, 4.272462,Stair-Up
280878, -0.086426, -0.879883, -0.111450, 6.408690, -83.435040, 2.990722,Stair-Up
280898, -0.203857, -0.862305, -0.194702, 8.666994, -78.063980, 2.868652,Stair-Up
280918, -0.226318, -0.868774, -0.192749, 15.624996, -64.941420, 1.342773,Stair-Up
280938, -0.190430, -0.977783, -0.177246, 22.888180, -55.297840, -0.427246,Stair-Up
280958, -0.199341, -1.026734, -0.193848, 16.845708, -53.955070, 0.915527,Stair-Up
280978, -0.222656, -0.966187, -0.223877, 18.066410, -63.476560, -3.662109,Stair-Up
280998, -0.170288, -0.970459, -0.214355, 24.169920, -86.975080, -6.958006,Stair-Up
281018, -0.159180, -1.000977, -0.171509, 25.756830, -119.262680, -8.239746,Stair-Up
281038, -0.269775, -1.007812, -0.119385, 24.291990, -134.582520, -3.173828,Stair-Up
281058, -0.361938, -1.117432, -0.058960, 31.311030, -131.408700, 1.708984,Stair-Up
281078, -0.471802, -1.436402, -0.015259, 35.095220, -114.196760, 4.333496,Stair-Up
281098, -0.471680, -1.724854, 0.024048, 17.639160, -91.674800, 8.361816,Stair-Up
281118, -0.305908, -1.730713, 0.012085, -4.455568, -81.298800, 8.972170,Stair-Up
281138, -0.294312, -1.598999, -0.010132, -7.202148, -75.805680, 15.075680,Stair-Up
281158, -0.309326, -1.431885, -0.032593, -2.685546, -60.668940, 25.207516,Stair-Up
281178, -0.289673, -1.296509, -0.022217, 6.958006, -42.419420, 36.560060,Stair-Up
281198, -0.320557, -1.155518, -0.026733, 14.343260, -18.310550, 48.645010,Stair-Up
281218, -0.363648, -1.056641, -0.030151, 28.747552, 15.319820, 58.959950,Stair-Up
281238, -0.334717, -1.098022, 0.008545, 40.100100, 48.217760, 65.368660,Stair-Up
281258, -0.280762, -1.160034, 0.059692, 39.428720, 76.355000, 72.692880,Stair-Up
281278, -0.156738, -1.125977, 0.088501, 33.630380, 91.247540, 81.054660,Stair-Up
281298, -0.088501, -1.041504, 0.088867, 31.372068, 91.003400, 86.791960,Stair-Up
281318, -0.116089, -0.966431, 0.099976, 28.625480, 92.529280, 92.041000,Stair-Up
281338, -0.084961, -0.838867, 0.089844, 22.827140, 88.867160, 93.933100,Stair-Up
281358, -0.086670, -0.751221, 0.085571, 18.432620, 83.740220, 92.529280,Stair-Up
281378, -0.043457, -0.665894, 0.073730, 17.883300, 70.434580, 87.219220,Stair-Up
281398, -0.081787, -0.624634, 0.064331, 18.981940, 57.861320, 80.200200,Stair-Up
281418, -0.124512, -0.604980, 0.063354, 17.211920, 53.283680, 72.876000,Stair-Up
281438, -0.145874, -0.622681, 0.072632, 16.296390, 53.894040, 63.171380,Stair-Up
281478, -0.104370, -0.669922, 0.099854, 2.868652, 52.856440, 43.395980,Stair-Up
281498, -0.069214, -0.697632, 0.120361, -2.929687, 46.508780, 31.249992,Stair-Up
281518, -0.087524, -0.754028, 0.106689, -3.540038, 44.982900, 19.470220,Stair-Up
281538, -0.103882, -0.823975, 0.095947, -13.549804, 35.827640, 3.295898,Stair-Up
281558, -0.106201, -0.832276, 0.069458, -14.221190, 12.451170, -27.893060,Stair-Up
281578, -0.109253, -0.899414, 0.070190, -12.084960, -0.549316, -47.668440,Stair-Up
281598, -0.146606, -0.965210, 0.072876, -14.465330, -4.272462, -61.645500,Stair-Up
281618, -0.173828, -0.972534, 0.054810, -17.211920, -2.929687, -71.472180,Stair-Up
281638, -0.196533, -0.964722, 0.020752, -13.793944, -0.061035, -82.336400,Stair-Up
281658, -0.231812, -1.041016, -0.019531, -6.774902, 9.643556, -90.087860,Stair-Up
281678, -0.244995, -1.158936, -0.032837, -4.943848, 23.437492, -94.970680,Stair-Up
281698, -0.205566, -1.233398, -0.025513, -6.774902, 33.386240, -99.121060,Stair-Up
281718, -0.192383, -1.266358, -0.012085, -5.126952, 42.785640, -99.609360,Stair-Up
281738, -0.181885, -1.375000, -0.028809, 0.671386, 53.588860, -97.900360,Stair-Up
281758, -0.121216, -1.566162, -0.023438, 2.868652, 58.898920, -93.688960,Stair-Up
281778, 0.046143, -1.770752, 0.028198, -11.779784, 33.813480, -86.791960,Stair-Up
281798, -0.013428, -1.637574, -0.030518, -22.094720, 5.371092, -80.078140,Stair-Up
281818, -0.117310, -1.423096, -0.113770, -22.460930, -16.479492, -77.148440,Stair-Up
281838, -0.140259, -1.240601, -0.180176, -19.287110, -28.381340, -68.786640,Stair-Up
281858, -0.222168, -1.049805, -0.222412, -16.967780, -27.465816, -54.443350,Stair-Up
281878, -0.311035, -0.877197, -0.247803, -10.253904, -7.141112, -37.048340,Stair-Up
281898, -0.267944, -0.804932, -0.258301, -0.915527, 14.526364, -24.047850,Stair-Up
281918, -0.181274, -0.872559, -0.242554, 6.286620, 28.198240, -13.732908,Stair-Up
281938, -0.112915, -0.925537, -0.197388, -0.732422, 33.081060, -3.540038,Stair-Up
281958, -0.059204, -0.882935, -0.160889, -5.187988, 26.977532, 0.000000,Stair-Up
281978, -0.016357, -0.873902, -0.143433, -6.164550, 12.939450, -0.488281,Stair-Up
281998, 0.076904, -0.794678, -0.150391, -8.605960, -24.230950, 0.305176,Stair-Up
282018, 0.035889, -0.750488, -0.142700, -4.150392, -45.715320, 1.220704,Stair-Up
282038, 0.023193, -0.727539, -0.132690, -2.563476, -56.640620, 3.784179,Stair-Up
282058, 0.013794, -0.709229, -0.114380, 2.380371, -64.514160, 5.676268,Stair-Up
282078, -0.051270, -0.711792, -0.139526, 5.554198, -62.194820, 4.272462,Stair-Up
282098, -0.057495, -0.685425, -0.161133, 6.774902, -49.072260, 6.652830,Stair-Up
282118, -0.021118, -0.669556, -0.158814, 10.925290, -39.550780, 5.249022,Stair-Up
282138, -0.036377, -0.705566, -0.141846, 11.840818, -28.869624, 3.295898,Stair-Up
282158, -0.032715, -0.733398, -0.075562, 8.178714, -21.606440, 0.061035,Stair-Up
282178, -0.046509, -0.763184, -0.040527, 4.943848, -22.094720, -6.347656,Stair-Up
282198, -0.054077, -0.802002, -0.047363, 2.807617, -29.235832, -15.624996,Stair-Up
282218, -0.062744, -0.862183, -0.073486, 1.953124, -38.208020, -22.338860,Stair-Up
282238, -0.089844, -0.895386, -0.082642, 4.211426, -44.128410, -25.878900,Stair-Up
282258, -0.109253, -0.914307, -0.091675, 5.676268, -47.607410, -28.320310,Stair-Up
282278, -0.151123, -0.923218, -0.106323, 8.850100, -45.410140, -28.625480,Stair-Up
282298, -0.177002, -0.924072, -0.119019, 9.826660, -38.391120, -27.160640,Stair-Up
282318, -0.208008, -0.921265, -0.132935, 13.366696, -30.334470, -27.160640,Stair-Up
282338, -0.236084, -0.969116, -0.141235, 17.944340, -19.348150, -27.282710,Stair-Up
282358, -0.209351, -1.016602, -0.133545, 14.099120, -11.047360, -27.038570,Stair-Up
282378, -0.196289, -0.977295, -0.134522, 13.183590, -7.690428, -25.329584,Stair-Up
282398, -0.203735, -0.985962, -0.138550, 18.249516, -6.774902, -25.085448,Stair-Up
282418, -0.220215, -1.077759, -0.161621, 18.432620, -1.892090, -21.606440,Stair-Up
282438, -0.173218, -1.054322, -0.183105, 17.944340, -2.563476, -17.333990,Stair-Up
282458, -0.183105, -1.111328, -0.168579, 27.343748, -4.577638, -14.038084,Stair-Up
282478, -0.208374, -1.250122, -0.124268, 26.245110, -1.770019, -9.155274,Stair-Up
282498, -0.240601, -1.438599, -0.090820, 31.005852, 5.310058, -6.652830,Stair-Up
282518, -0.119263, -1.617432, -0.026123, 13.854978, 2.563476, -4.455568,Stair-Up
282538, -0.063721, -1.526856, -0.013550, 0.488281, -16.052250, 2.929687,Stair-Up
282558, -0.198853, -1.423584, -0.041748, 2.014160, -23.986810, 5.310058,Stair-Up
282578, -0.251343, -1.356690, -0.084961, 3.967285, -11.962890, 12.084960,Stair-Up
282598, -0.323242, -1.222900, -0.141113, 5.554198, 8.850100, 20.935052,Stair-Up
282618, -0.370239, -1.146606, -0.121704, 12.634276, 35.583500, 29.479976,Stair-Up
282638, -0.306152, -1.083496, -0.059082, 13.061520, 70.800800, 49.377430,Stair-Up
282658, -0.276856, -1.038696, -0.009277, 16.357424, 95.275860, 64.636240,Stair-Up
282678, -0.197022, -1.094116, 0.008545, 16.906740, 110.107400, 78.735360,Stair-Up
282698, -0.123047, -1.136719, 0.040161, 10.620116, 109.008760, 89.416500,Stair-Up
282718, -0.046875, -1.081299, 0.059692, 2.807617, 93.261700, 96.862760,Stair-Up
282738, -0.061768, -0.993652, 0.065430, 1.647949, 74.768080, 101.074200,Stair-Up
282758, -0.077881, -0.949097, 0.070068, 1.159668, 63.232410, 104.187000,Stair-Up
282778, -0.070801, -0.900024, 0.059326, 0.915527, 53.466780, 105.407700,Stair-Up
282798, -0.084351, -0.870850, 0.065308, 1.464844, 45.898430, 104.064920,Stair-Up
282818, -0.066284, -0.819214, 0.060791, -0.305176, 37.475590, 101.501440,Stair-Up
282838, -0.134399, -0.771484, 0.060791, 0.183105, 36.193860, 98.266580,Stair-Up
282858, -0.098633, -0.757690, 0.086670, 3.601074, 40.771480, 90.576160,Stair-Up
282878, -0.099609, -0.854614, 0.093872, -2.746581, 41.259760, 84.045400,Stair-Up
282898, -0.080933, -0.826904, 0.096802, -9.826660, 40.771480, 76.110840,Stair-Up
282918, -0.075806, -0.814697, 0.096924, -9.399414, 34.851080, 62.988270,Stair-Up
282938, -0.093506, -0.846314, 0.096069, -10.925290, 27.160640, 46.997060,Stair-Up
282958, -0.109131, -0.854004, 0.101807, -13.366696, 21.057124, 30.334470,Stair-Up
282978, -0.112793, -0.866089, 0.101196, -12.817380, 14.587400, 12.817380,Stair-Up
282998, -0.110596, -0.893921, 0.094727, -13.183590, 8.850100, -4.150392,Stair-Up
283018, -0.122192, -0.911621, 0.075439, -11.230468, 5.859374, -17.761230,Stair-Up
283038, -0.103272, -0.966187, 0.065796, -8.666994, 3.540038, -30.029290,Stair-Up
283058, -0.093384, -0.979736, 0.059937, -9.216310, 3.417968, -36.865240,Stair-Up
283078, -0.145508, -1.032837, 0.016602, 2.014160, 10.864256, -45.898430,Stair-Up
283098, -0.171265, -1.188354, -0.017456, 11.352536, 20.690910, -53.405750,Stair-Up
283118, -0.142822, -1.348755, -0.017700, 7.812498, 30.822750, -60.424800,Stair-Up
283138, -0.070068, -1.413574, 0.047485, 5.859374, 38.635260, -67.199720,Stair-Up
283158, -0.055786, -1.571534, 0.061523, 7.629394, 45.776360, -75.195320,Stair-Up
283178, -0.052612, -1.708862, 0.072632, -4.455568, 46.203600, -85.510240,Stair-Up
283198, -0.042236, -1.669922, 0.114624, -17.700200, 44.982900, -96.923800,Stair-Up
283218, -0.096680, -1.598144, -0.005371, -21.667476, 55.603020, -95.153800,Stair-Up
283238, -0.134033, -1.491333, -0.187622, -26.306150, 54.260240, -87.951640,Stair-Up
283258, -0.058350, -1.187500, -0.273071, -27.465816, 31.005852, -84.228500,Stair-Up
283278, -0.062256, -0.875854, -0.286621, -9.338380, 11.108396, -68.969740,Stair-Up
283298, -0.111938, -0.798950, -0.278809, 13.549804, 8.178714, -43.395980,Stair-Up
283318, -0.105591, -0.809326, -0.251831, 7.568358, 7.385252, -32.592780,Stair-Up
283338, -0.168701, -0.749512, -0.217773, 1.892090, -0.549316, -29.541010,Stair-Up
283358, -0.154785, -0.738892, -0.177612, -1.281738, -12.390136, -33.386240,Stair-Up
283378, -0.053467, -0.695190, -0.153198, -9.338380, -33.203130, -34.179700,Stair-Up
283398, -0.014648, -0.587158, -0.160645, -8.178714, -59.570300, -31.555170,Stair-Up
283418, -0.052124, -0.527954, -0.175903, 0.000000, -79.345700, -26.794430,Stair-Up
283438, -0.108765, -0.535522, -0.208984, 6.591796, -88.500960, -22.888180,Stair-Up
283458, -0.162720, -0.567871, -0.204346, 9.521484, -88.867160, -21.911620,Stair-Up
283478, -0.206421, -0.616577, -0.162842, 8.117676, -82.458480, -20.751950,Stair-Up
283498, -0.231323, -0.655029, -0.144653, 6.103514, -75.195320, -22.094720,Stair-Up
283518, -0.223022, -0.773926, -0.176880, 8.666994, -62.377920, -25.939940,Stair-Up
283538, -0.178955, -0.864502, -0.189697, 7.629394, -60.852040, -26.489250,Stair-Up
283558, -0.157227, -0.911865, -0.183105, 8.361816, -65.979020, -28.991692,Stair-Up
283578, -0.178345, -0.955322, -0.184204, 13.122556, -69.763200, -30.395500,Stair-Up
283598, -0.208984, -1.026001, -0.204590, 16.357424, -68.115240, -29.663080,Stair-Up
283618, -0.223267, -1.096070, -0.205811, 17.333990, -64.697280, -30.395500,Stair-Up
283638, -0.240112, -1.136475, -0.199463, 17.517090, -60.485830, -30.456540,Stair-Up
283658, -0.221558, -1.150146, -0.187012, 17.395020, -57.189930, -30.029290,Stair-Up
283678, -0.219727, -1.149170, -0.172607, 19.287110, -53.833000, -26.916500,Stair-Up
283698, -0.220215, -1.171387, -0.177490, 22.705070, -50.415030, -23.010250,Stair-Up
283718, -0.245117, -1.208862, -0.193237, 28.442380, -45.959460, -19.836430,Stair-Up
283738, -0.347900, -1.453370, -0.204102, 37.170420, -24.963376, -17.578130,Stair-Up
283758, -0.379639, -1.669190, -0.170166, 30.700680, -1.770019, -17.578130,Stair-Up
283778, -0.313599, -1.702637, -0.130737, 9.643556, 17.150880, -14.038084,Stair-Up
283798, -0.213745, -1.471680, -0.139526, -3.784179, 22.460930, -0.793457,Stair-Up
283818, -0.209595, -1.206177, -0.189819, -2.624511, 27.526850, 17.578130,Stair-Up
283838, -0.213989, -1.010376, -0.169312, 2.441407, 39.062500, 40.161120,Stair-Up
283858, -0.241333, -0.992432, -0.140015, 18.005376, 49.804680, 57.006820,Stair-Up
283878, -0.272827, -1.106079, -0.094604, 15.624996, 62.622060, 67.504900,Stair-Up
283898, -0.230225, -1.073486, -0.038086, 3.234863, 76.660160, 77.209480,Stair-Up
283918, -0.159912, -0.987183, -0.000244, -1.770019, 85.449200, 86.364740,Stair-Up
283938, -0.145386, -0.931274, 0.003906, -6.774902, 90.515120, 94.665500,Stair-Up
283958, -0.023071, -0.832031, -0.016357, -13.732908, 88.745100, 109.497040,Stair-Up
283978, -0.012817, -0.764282, -0.021118, -11.413570, 69.824240, 115.356440,Stair-Up
283998, -0.069946, -0.725098, -0.002075, -6.103514, 47.607410, 112.976040,Stair-Up
284018, -0.119263, -0.718628, 0.044556, -2.319336, 31.860350, 106.628400,Stair-Up
284038, -0.198730, -0.731568, 0.055176, -0.732422, 29.052730, 98.937960,Stair-Up
284058, -0.193848, -0.749146, 0.014160, -5.187988, 34.729010, 91.857900,Stair-Up
284078, -0.129883, -0.750488, 0.024048, -4.150392, 29.357908, 85.266100,Stair-Up
284098, -0.143921, -0.829102, 0.086304, -3.967285, 10.559080, 77.148440,Stair-Up
284118, -0.191528, -0.922363, 0.138062, -3.479003, 1.953124, 62.988270,Stair-Up
284138, -0.188965, -1.010376, 0.148682, -10.864256, 5.065916, 51.757800,Stair-Up
284158, -0.132813, -0.988770, 0.148560, -19.104010, 6.103514, 47.546380,Stair-Up
284178, -0.173828, -0.980591, 0.118652, -14.465330, 0.915527, 35.888680,Stair-Up
284198, -0.192993, -1.123902, 0.119507, -10.559080, 3.845214, 28.503410,Stair-Up
284218, -0.177734, -1.195679, 0.129761, -19.714360, 5.920409, 18.371584,Stair-Up
284238, -0.178711, -1.136230, 0.110352, -21.545408, 4.943848, 7.141112,Stair-Up
284258, -0.200684, -1.153564, 0.047485, -12.939450, 9.399414, -8.056642,Stair-Up
284278, -0.156982, -1.280274, -0.057007, -3.845214, 20.141600, -19.958500,Stair-Up
284298, -0.109741, -1.420654, -0.019165, -3.356933, 28.930660, -32.897960,Stair-Up
284318, -0.065918, -1.453370, 0.009399, -12.512204, 36.499030, -40.405260,Stair-Up
284338, -0.016357, -1.357544, -0.021484, -10.253904, 33.752440, -53.771960,Stair-Up
284358, -0.051636, -1.338501, -0.028564, -5.554198, 30.029290, -72.021500,Stair-Up
284378, 0.073975, -1.238404, -0.046631, -8.911134, 22.277830, -85.693340,Stair-Up
284398, 0.235718, -0.931396, -0.160522, -1.586914, -4.089356, -93.933100,Stair-Up
284418, 0.199829, -0.830444, -0.238403, 17.211920, -22.827140, -100.646960,Stair-Up
284438, -0.002075, -0.926758, -0.240112, 35.095220, -29.296870, -111.450180,Stair-Up
284458, -0.059937, -1.049438, -0.147461, 30.273430, -27.221676, -127.990700,Stair-Up
284478, -0.033813, -1.017944, -0.062012, 17.761230, -22.033690, -130.920440,Stair-Up
284498, -0.044312, -0.923706, -0.016968, 9.033204, -10.925290, -125.915500,Stair-Up
284518, -0.024048, -0.807007, -0.041016, 8.300784, 0.061035, -113.403300,Stair-Up
284538, -0.035156, -0.726196, -0.101196, 13.916012, 0.854492, -99.487300,Stair-Up
284558, -0.081177, -0.721558, -0.137573, 23.376460, -3.723144, -91.064440,Stair-Up
284578, -0.067261, -0.759400, -0.132690, 29.479976, -10.925290, -81.542960,Stair-Up
284598, -0.016602, -0.791748, -0.129150, 33.508300, -34.240730, -73.120140,Stair-Up
284618, 0.032227, -0.786133, -0.100830, 36.315920, -92.712380, -62.988270,Stair-Up
284638, 0.056763, -0.830078, -0.037598, 41.503900, -134.887700, -54.504380,Stair-Up
284658, 0.002197, -0.889160, 0.028320, 42.053220, -163.513160, -45.532220,Stair-Up
284678, -0.140381, -0.963379, -0.001343, 41.320790, -168.029760, -35.522460,Stair-Up
284698, -0.214966, -1.014893, -0.052124, 33.081060, -164.672800, -27.099608,Stair-Up
284718, -0.220215, -1.035400, -0.039917, 29.846190, -170.837360, -28.625480,Stair-Up
284738, -0.380127, -1.090088, 0.016968, 23.864740, -163.085900, -31.433100,Stair-Up
284758, -0.512085, -1.086060, 0.008545, 12.634276, -130.371100, -31.738280,Stair-Up
284778, -0.503418, -1.046997, -0.049072, 7.202148, -96.496560, -32.226570,Stair-Up
284798, -0.416870, -1.032837, -0.116333, 7.507323, -77.270520, -29.724120,Stair-Up
284818, -0.402344, -1.054322, -0.142578, 7.934570, -64.880380, -21.667476,Stair-Up
284838, -0.352295, -1.012574, -0.090820, 8.728030, -44.616690, -2.197266,Stair-Up
284858, -0.310303, -1.042847, -0.097900, 17.456060, -37.963880, 13.671872,Stair-Up
284878, -0.310669, -1.122070, -0.117676, 22.888180, -30.883784, 27.221676,Stair-Up
284898, -0.311768, -1.187988, -0.102051, 24.719230, -23.193352, 40.771480,Stair-Up
284918, -0.317139, -1.296509, -0.081909, 36.132820, -15.136716, 48.889150,Stair-Up
284938, -0.254028, -1.529053, -0.067261, 45.349110, -10.192870, 55.908200,Stair-Up
284958, -0.091064, -1.746948, -0.067383, 43.640120, -24.902340, 60.668940,Stair-Up
284978, -0.115356, -1.809570, -0.060059, 36.193860, -39.367680, 67.443860,Stair-Up
284998, -0.194092, -1.678711, -0.027710, 27.893060, -36.254890, 75.744640,Stair-Up
285018, -0.239014, -1.435791, -0.013062, 26.672360, -18.554690, 84.594700,Stair-Up
285038, -0.294678, -1.216675, -0.019775, 29.602044, 11.657712, 94.421360,Stair-Up
285058, -0.283447, -1.085938, -0.002441, 43.029780, 67.871100, 107.604960,Stair-Up
285078, -0.187622, -1.157593, 0.031860, 43.029780, 94.482400, 110.961900,Stair-Up
285098, -0.154297, -1.131104, 0.064453, 34.301760, 110.534640, 113.586400,Stair-Up
285118, -0.166138, -1.100098, 0.101440, 27.832030, 120.849600, 109.008760,Stair-Up
285138, -0.136719, -1.036499, 0.131470, 13.671872, 127.441400, 103.637680,Stair-Up
285158, -0.070801, -0.896362, 0.129272, 2.929687, 125.732400, 98.937960,Stair-Up
285178, 0.007935, -0.755737, 0.117065, -0.793457, 109.985320, 93.078600,Stair-Up
285198, -0.003174, -0.660034, 0.106201, 0.671386, 91.735820, 87.646460,Stair-Up
285218, -0.062378, -0.620362, 0.099365, 2.319336, 81.909160, 82.275360,Stair-Up
285238, -0.094238, -0.596192, 0.093750, -0.061035, 78.308120, 76.293960,Stair-Up
285258, -0.124512, -0.566528, 0.092773, -1.892090, 77.148440, 68.847660,Stair-Up
285278, -0.160645, -0.599121, 0.128174, -2.319336, 78.796400, 55.175770,Stair-Up
285298, -0.151001, -0.645630, 0.170410, -5.737304, 84.106440, 48.034660,Stair-Up
285318, -0.087891, -0.674438, 0.196777, -8.789064, 80.383280, 39.550780,Stair-Up
285338, -0.098511, -0.714478, 0.187256, -8.728030, 71.838400, 29.235832,Stair-Up
285358, -0.093262, -0.761719, 0.150391, -8.789064, 60.729970, 15.869140,Stair-Up
285378, -0.102417, -0.796265, 0.122314, -7.263182, 43.640120, -1.037598,Stair-Up
285398, -0.109741, -0.802979, 0.123657, -5.615234, 22.216790, -19.470220,Stair-Up
285418, -0.180176, -0.800293, 0.124512, -0.549316, 5.859374, -37.048340,Stair-Up
285438, -0.231323, -0.832764, 0.119263, 4.455568, -0.061035, -52.734360,Stair-Up
285458, -0.189819, -0.828858, 0.093384, 4.211426, 0.061035, -62.744130,Stair-Up
285478, -0.160156, -0.810059, 0.063232, 9.399414, 1.708984, -66.223160,Stair-Up
285498, -0.225952, -0.935547, 0.012817, 25.085448, 4.638672, -74.523940,Stair-Up
285518, -0.230469, -1.101562, 0.007446, 25.756830, 9.704590, -83.068840,Stair-Up
285538, -0.213257, -1.185669, 0.012451, 21.484370, 15.563964, -89.782700,Stair-Up
285558, -0.226318, -1.300904, -0.018433, 25.695796, 22.644040, -96.740700,Stair-Up
285578, -0.198242, -1.538330, -0.021362, 23.193352, 28.198240, -101.013160,Stair-Up
285598, -0.077637, -1.640992, -0.002563, 6.835936, 31.921380, -101.501440,Stair-Up
285618, -0.001343, -1.637940, -0.017212, 3.356933, 19.531250, -97.473140,Stair-Up
285638, -0.030151, -1.706543, -0.038330, 4.760742, 2.868652, -98.083480,Stair-Up
285658, -0.048340, -1.748780, -0.074951, 1.464844, -9.887696, -97.900360,Stair-Up
285678, -0.068237, -1.687012, -0.112915, -6.042480, -24.536130, -97.778300,Stair-Up
285698, -0.109619, -1.446900, -0.178467, -12.817380, -28.564450, -90.393060,Stair-Up
285718, -0.226318, -1.010742, -0.277222, -13.610836, -8.056642, -69.091800,Stair-Up
285738, -0.217529, -0.776612, -0.307129, 0.122070, 24.475090, -50.048820,Stair-Up
285758, -0.182129, -0.835816, -0.284058, 20.446770, 45.104970, -39.123540,Stair-Up
285778, -0.168579, -0.971924, -0.208740, 12.390136, 52.490220, -36.438000,Stair-Up
285798, 0.010132, -0.915039, -0.172119, 0.793457, 60.180660, -30.395500,Stair-Up
285818, 0.171021, -0.864258, -0.148804, -0.549316, 54.626460, -17.150880,Stair-Up
285838, 0.258667, -0.822876, -0.137085, -4.638672, 34.851080, -1.220704,Stair-Up
285858, 0.223145, -0.744995, -0.129150, -5.310058, 4.394532, 9.338380,Stair-Up
285878, 0.126709, -0.680176, -0.133301, -2.319336, -20.996090, 12.023924,Stair-Up
285898, 0.042725, -0.652710, -0.131226, 1.403808, -39.367680, 11.901852,Stair-Up
285918, -0.051025, -0.651734, -0.129272, 3.417968, -48.828120, 10.375976,Stair-Up
285938, -0.115234, -0.654419, -0.142700, 4.943848, -47.241200, 9.277344,Stair-Up
285958, -0.077759, -0.681885, -0.135376, 7.080076, -47.119130, 8.544924,Stair-Up
285978, -0.050049, -0.707520, -0.093506, 6.347656, -52.429190, 8.972170,Stair-Up
285998, -0.055054, -0.709351, -0.062378, 7.263182, -58.044420, 10.803220,Stair-Up
286018, -0.069214, -0.749146, -0.058350, 9.460450, -61.584460, 12.390136,Stair-Up
286038, -0.095947, -0.804688, -0.083130, 9.460450, -61.645500, 15.014646,Stair-Up
286058, -0.098633, -0.850830, -0.100830, 7.873534, -63.232410, 15.930172,Stair-Up
286078, -0.120483, -0.883667, -0.098633, 8.483890, -65.246600, 15.136716,Stair-Up
286098, -0.155884, -0.922852, -0.103149, 8.300784, -62.927240, 12.207030,Stair-Up
286118, -0.180542, -0.952881, -0.112793, 8.544924, -57.067860, 9.521484,Stair-Up
286138, -0.187500, -0.976685, -0.128784, 7.385252, -49.072260, 5.981444,Stair-Up
286158, -0.162720, -0.961670, -0.165405, 7.202148, -39.855960, 5.920409,Stair-Up
286178, -0.183594, -0.942871, -0.169800, 5.859374, -35.583500, 6.469726,Stair-Up
286198, -0.211182, -0.911011, -0.163940, 6.286620, -28.869624, 6.652830,Stair-Up
286218, -0.206787, -0.902100, -0.176147, 9.094240, -23.193352, 5.798338,Stair-Up
286238, -0.198242, -0.909058, -0.185669, 9.582520, -21.301268, 5.432128,Stair-Up
286258, -0.217163, -0.897339, -0.181152, 9.887696, -17.395020, 4.150392,Stair-Up
286278, -0.221924, -0.896973, -0.167236, 10.070800, -12.451170, 4.028321,Stair-Up
286298, -0.226074, -0.923584, -0.161987, 13.000484, -9.033204, 2.380371,Stair-Up
286318, -0.248169, -0.991455, -0.149902, 12.634276, -3.479003, -0.427246,Stair-Up
286338, -0.238159, -1.043946, -0.125488, 10.742184, 3.051757, -2.197266,Stair-Up
286358, -0.238770, -1.194336, -0.098022, 21.118160, 8.911134, -8.178714,Stair-Up
286378, -0.231567, -1.636963, -0.054443, 9.582520, 15.991210, -19.653320,Stair-Up
286398, -0.226440, -1.696289, -0.021362, -10.314940, 16.540530, -26.245110,Stair-Up
286418, -0.237183, -1.529786, -0.030396, -28.625480, 13.916012, -29.968260,Stair-Up
286438, -0.221436, -1.223389, -0.040894, -35.644540, 13.793944, -22.949216,Stair-Up
286458, -0.208618, -0.932495, -0.039795, -30.578610, 17.272950, -7.324218,Stair-Up
286478, -0.211304, -0.746704, -0.049438, -14.282224, 28.930660, 16.357424,Stair-Up
286498, -0.206543, -0.760498, -0.056152, 3.845214, 47.058100, 39.428720,Stair-Up
286518, -0.176880, -0.894776, -0.023438, 10.314940, 60.363760, 60.119620,Stair-Up
286538, -0.197754, -1.013794, 0.022583, 10.192870, 69.335940, 74.707040,Stair-Up
286558, -0.212036, -1.120728, 0.070190, 7.934570, 76.355000, 80.932600,Stair-Up
286578, -0.164795, -1.202148, 0.107178, -0.488281, 73.059100, 80.139160,Stair-Up
286598, -0.101318, -1.134644, 0.107056, -13.061520, 53.405750, 74.707040,Stair-Up
286618, -0.093872, -1.062134, 0.081909, -12.878416, 40.039070, 70.800800,Stair-Up
286638, -0.104248, -0.999756, 0.077515, -13.366696, 28.564450, 67.321800,Stair-Up
286658, -0.137085, -0.922852, 0.089966, -12.023924, 21.850580, 63.964840,Stair-Up
286678, -0.166260, -0.890991, 0.094238, -9.216310, 22.705070, 61.462400,Stair-Up
286698, -0.193115, -0.880371, 0.079224, -10.803220, 28.503410, 59.631340,Stair-Up
286718, -0.211426, -0.850952, 0.053101, -11.901852, 36.438000, 57.006820,Stair-Up
286738, -0.191895, -0.852905, 0.041504, -9.216310, 42.114250, 52.673330,Stair-Up
286758, -0.173706, -0.883423, 0.044312, -8.972170, 43.518060, 48.400870,Stair-Up
286778, -0.187134, -0.915650, 0.044678, -9.338380, 46.264640, 44.494620,Stair-Up
286798, -0.165894, -0.939697, 0.051392, -12.084960, 48.156730, 38.879400,Stair-Up
286818, -0.143921, -0.948242, 0.021484, -11.718748, 47.241200, 31.433100,Stair-Up
286838, -0.117310, -0.966553, 0.013428, -12.390136, 46.569820, 26.489250,Stair-Up
286858, -0.107422, -0.971070, 0.003540, -13.122556, 47.912590, 24.291990,Stair-Up
286878, -0.097534, -0.967285, -0.024414, -15.014646, 51.635740, 20.690910,Stair-Up
286898, -0.039917, -0.948242, -0.043457, -15.502928, 52.551260, 16.235352,Stair-Up
286918, -0.011353, -0.974365, -0.045288, -10.986324, 46.997060, 7.995604,Stair-Up
286938, -0.015259, -1.042847, -0.030762, -7.934570, 39.917000, -3.845214,Stair-Up
286958, -0.023804, -1.112793, -0.029785, -6.652830, 32.531740, -16.723632,Stair-Up
286978, 0.018311, -1.222046, 0.002197, -0.488281, 19.592290, -35.278320,Stair-Up
286998, 0.041016, -1.339844, 0.044556, -1.953124, 2.502442, -51.208480,Stair-Up
287018, 0.022095, -1.407959, 0.080811, -2.014160, -13.977050, -66.406260,Stair-Up
287038, -0.070435, -1.268799, -0.003052, -16.052250, -34.667980, -86.547840,Stair-Up
287058, -0.131226, -0.950806, -0.109741, -16.662600, -38.330080, -95.092760,Stair-Up
287078, -0.136963, -0.723389, -0.202393, -3.417968, -32.958990, -94.665500,Stair-Up
287098, -0.124634, -0.660645, -0.277954, 8.850100, -23.254390, -85.815400,Stair-Up
287118, -0.119385, -0.714356, -0.270020, 14.526364, -12.634276, -76.599140,Stair-Up
287138, -0.118896, -0.856568, -0.148560, 9.948730, -8.728030, -72.876000,Stair-Up
287158, -0.078003, -0.967529, -0.077515, 1.464844, -19.409180, -72.448740,Stair-Up
287178, -0.092285, -1.052002, -0.076416, -3.906249, -41.748040, -77.636740,Stair-Up
287198, -0.038696, -1.092163, -0.107544, -5.981444, -68.908700, -76.843260,Stair-Up
287218, 0.051758, -1.078980, -0.147583, -0.061035, -106.445300, -69.213880,Stair-Up
287238, 0.006348, -1.076538, -0.154175, 15.197750, -136.474640, -61.279280,Stair-Up
287258, -0.121460, -1.075074, -0.193726, 27.893060, -130.676300, -44.128410,Stair-Up
287278, -0.266113, -1.005371, -0.239746, 32.897960, -103.698700, -38.208020,Stair-Up
287298, -0.395874, -0.945190, -0.246704, 31.860350, -57.800280, -34.301760,Stair-Up
287318, -0.426270, -0.875854, -0.215088, 24.963376, -13.244628, -32.592780,Stair-Up
287338, -0.354004, -0.804077, -0.179321, 21.667476, 15.319820, -33.874520,Stair-Up
287358, -0.288574, -0.794190, -0.164307, 20.935052, 29.541010, -34.606940,Stair-Up
287378, -0.218872, -0.830200, -0.160767, 17.517090, 35.156260, -31.494136,Stair-Up
287398, -0.144531, -0.842529, -0.166260, 13.488768, 27.648920, -27.832030,Stair-Up
287418, -0.099487, -0.852539, -0.187988, 14.770504, 9.094240, -25.146480,Stair-Up
287438, -0.140991, -0.901612, -0.208862, 20.263670, -9.948730, -21.850580,Stair-Up
287458, -0.171143, -0.964844, -0.222046, 22.399900, -23.742670, -18.493652,Stair-Up
287478, -0.169922, -0.995606, -0.157959, 23.681636, -34.118660, -14.709470,Stair-Up
287498, -0.192505, -0.980591, -0.133301, 22.338860, -30.822750, -6.896972,Stair-Up
287518, -0.273071, -0.981568, -0.129517, 19.104010, -20.812980, 1.037598,Stair-Up
287538, -0.307251, -0.977417, -0.135986, 15.319820, -7.690428, 6.896972,Stair-Up
287558, -0.251831, -1.012696, -0.155151, 15.319820, -0.061035, 10.986324,Stair-Up
287578, -0.203857, -1.072632, -0.186646, 16.601568, -0.732422, 14.770504,Stair-Up
287598, -0.210571, -1.155396, -0.187866, 19.470220, -0.671386, 18.493652,Stair-Up
287618, -0.199585, -1.296631, -0.149048, 23.376460, -1.098633, 20.324700,Stair-Up
287638, -0.173218, -1.523804, -0.076416, 25.756830, -0.854492, 22.094720,Stair-Up
287658, -0.158203, -1.770630, -0.043213, 22.338860, 0.427246, 24.841304,Stair-Up
287678, -0.188110, -1.967408, -0.079102, 11.840818, 4.211426, 25.939940,Stair-Up
287698, -0.141602, -1.703247, -0.153809, -14.282224, 8.911134, 36.254890,Stair-Up
287718, -0.197510, -1.407349, -0.208496, -10.742184, 18.432620, 44.555660,Stair-Up
287738, -0.244141, -1.186280, -0.218628, -7.812498, 44.311520, 59.509270,Stair-Up
287758, -0.238525, -1.016602, -0.210327, -2.075196, 67.993180, 78.063980,Stair-Up
287778, -0.224121, -0.962280, -0.169189, 8.605960, 81.604000, 85.937480,Stair-Up
287798, -0.222900, -1.020630, -0.087769, 8.483890, 96.435540, 88.562000,Stair-Up
287818, -0.220215, -0.990112, -0.023682, -0.122070, 110.717760, 89.294400,Stair-Up
287838, -0.213989, -0.968140, -0.021118, -1.647949, 118.041960, 82.397440,Stair-Up
287858, -0.183228, -1.063721, -0.004517, -6.774902, 119.995100, 73.120140,Stair-Up
287878, -0.059937, -1.078370, 0.035034, -21.423332, 111.450180, 69.946300,Stair-Up
287898, 0.028809, -1.005249, 0.081909, -29.357908, 79.223640, 65.856940,Stair-Up
287918, 0.041504, -0.889282, 0.106689, -32.531740, 63.598620, 66.223160,Stair-Up
287938, 0.026001, -0.833374, 0.092529, -31.372068, 52.734360, 66.711440,Stair-Up
287958, -0.006348, -0.812744, 0.067627, -29.785150, 43.273920, 64.636240,Stair-Up
287978, -0.043823, -0.800171, 0.055542, -30.334470, 35.583500, 61.523430,Stair-Up
287998, -0.080078, -0.773804, 0.050049, -30.639640, 31.249992, 56.335440,Stair-Up
288018, -0.109131, -0.762695, 0.059448, -30.090330, 32.531740, 50.354000,Stair-Up
288038, -0.096802, -0.756714, 0.071899, -30.334470, 35.644540, 45.471180,Stair-Up
288058, -0.072510, -0.744507, 0.077026, -29.174800, 35.217290, 39.550780,Stair-Up
288078, -0.049805, -0.736084, 0.064941, -25.634760, 31.433100, 36.987310,Stair-Up
288098, -0.064331, -0.768677, 0.062378, -19.104010, 28.015130, 31.677240,Stair-Up
288118, -0.035767, -0.822632, 0.064941, -12.817380, 16.479492, 19.470220,Stair-Up
288138, -0.032349, -0.846558, 0.077759, -7.934570, 9.582520, 10.620116,Stair-Up
288158, -0.023071, -0.875488, 0.049072, 0.427246, 2.929687, 4.882814,Stair-Up
288178, -0.033691, -0.928955, 0.013184, 9.460450, -2.868652, -4.638672,Stair-Up
288198, -0.062866, -1.046509, -0.022461, 20.568840, -5.371092, -10.620116,Stair-Up
288218, -0.104492, -1.219971, -0.028320, 22.949216, -2.685546, -17.700200,Stair-Up
288238, -0.136719, -1.324219, -0.051270, 15.686032, 0.976562, -30.334470,Stair-Up
288258, -0.244751, -1.343018, -0.150269, 7.873534, 13.183590, -49.072260,Stair-Up
288278, -0.197632, -1.502564, -0.118042, 9.216310, 43.518060, -62.133780,Stair-Up
288298, 0.010864, -1.648682, -0.029175, -10.375976, 54.321280, -65.307640,Stair-Up
288318, 0.039551, -1.542725, -0.093262, -19.165040, 43.640120, -68.542500,Stair-Up
288338, 0.039673, -1.443970, -0.276978, -7.629394, 6.042480, -80.871560,Stair-Up
288358, 0.115723, -1.182251, -0.343506, 3.723144, -32.165540, -84.716780,Stair-Up
288378, 0.056641, -0.967652, -0.369629, 18.920900, -65.185560, -87.219220,Stair-Up
288398, -0.101807, -0.846924, -0.343506, 33.569340, -73.852540, -86.486800,Stair-Up
288418, -0.224365, -0.826538, -0.331299, 41.198720, -57.250960, -82.275360,Stair-Up
288438, -0.272339, -0.902710, -0.292725, 40.893540, -25.024410, -78.918460,Stair-Up
288458, -0.221191, -0.977905, -0.227295, 32.653820, 4.516602, -76.843260,Stair-Up
288478, -0.163330, -0.976318, -0.165405, 16.235352, 16.113284, -73.364260,Stair-Up
288498, -0.115723, -0.840698, -0.131958, 6.408690, 13.854978, -69.580100,Stair-Up
288518, -0.058228, -0.711548, -0.157471, 7.568358, -1.953124, -64.758300,Stair-Up
288538, -0.006714, -0.645752, -0.225220, 16.967780, -24.047850, -57.800280,Stair-Up
288558, -0.024170, -0.683716, -0.226563, 26.184080, -62.866200, -46.691880,Stair-Up
288578, -0.099976, -0.717163, -0.177979, 25.573724, -78.613300, -40.771480,Stair-Up
288598, -0.168945, -0.731812, -0.155884, 26.062010, -80.932600, -37.414560,Stair-Up
288618, -0.183716, -0.789307, -0.140015, 25.329584, -73.730480, -37.109380,Stair-Up
288638, -0.180176, -0.830322, -0.141602, 22.338860, -63.354480, -35.583500,Stair-Up
288658, -0.185913, -0.847900, -0.153809, 20.690910, -53.771960, -30.090330,Stair-Up
288678, -0.206543, -0.896973, -0.171997, 23.010250, -46.997060, -26.000970,Stair-Up
288698, -0.196777, -0.952759, -0.182373, 20.996090, -46.020500, -23.376460,Stair-Up
288718, -0.180420, -0.958252, -0.189087, 20.812980, -47.241200, -21.484370,Stair-Up
288738, -0.183960, -0.968750, -0.192749, 20.996090, -46.508780, -18.005376,Stair-Up
288758, -0.179688, -0.956543, -0.192017, 21.057124, -44.189440, -14.282224,Stair-Up
288778, -0.186279, -0.956055, -0.221436, 23.803708, -36.621100, -6.103514,Stair-Up
288798, -0.168823, -0.971924, -0.249268, 24.230950, -33.935560, 0.854492,Stair-Up
288818, -0.171631, -0.980469, -0.255249, 24.475090, -33.203130, 6.469726,Stair-Up
288838, -0.165405, -0.995972, -0.239014, 23.620600, -30.883784, 11.779784,Stair-Up
288858, -0.168457, -1.004639, -0.233643, 22.216790, -28.808590, 15.441892,Stair-Up
288878, -0.183228, -1.020996, -0.231079, 19.531250, -26.977532, 17.089850,Stair-Up
288898, -0.171875, -1.009644, -0.219360, 15.502928, -26.000970, 18.310550,Stair-Up
288918, -0.127564, -0.973633, -0.210571, 16.845708, -32.165540, 14.709470,Stair-Up
288938, -0.148315, -1.076416, -0.196533, 23.864740, -31.677240, 22.338860,Stair-Up
288958, -0.185059, -1.223389, -0.177002, 25.695796, -24.475090, 22.033690,Stair-Up
288978, -0.139160, -1.437500, -0.163818, 32.653820, -23.742670, 15.258788,Stair-Up
288998, -0.127686, -1.820679, -0.136597, 19.165040, -25.573724, 11.169430,Stair-Up
289018, -0.101807, -1.630127, -0.153687, -3.479003, -28.076170, 17.211920,Stair-Up
289038, -0.167969, -1.338501, -0.190186, 2.563476, -21.789548, 22.094720,Stair-Up
289058, -0.215820, -1.276368, -0.175415, 5.920409, -3.723144, 31.616208,Stair-Up
289078, -0.250366, -1.184570, -0.145020, -2.197266, 19.226080, 42.480460,Stair-Up
289098, -0.255737, -1.053223, -0.124390, -7.873534, 39.489750, 48.583980,Stair-Up
289118, -0.233643, -0.972168, -0.083252, -10.253904, 55.541980, 53.833000,Stair-Up
289138, -0.192139, -0.966309, -0.040894, -12.878416, 67.077640, 57.617180,Stair-Up
289158, -0.156616, -0.974976, -0.031006, -16.723632, 71.899440, 58.654780,Stair-Up
289178, -0.145386, -1.011353, -0.038818, -19.287110, 72.631840, 57.067860,Stair-Up
289198, -0.081177, -1.009156, -0.014526, -28.137200, 66.650400, 56.457510,Stair-Up
289218, -0.068115, -0.824829, 0.014893, -32.836920, 46.630850, 56.701650,Stair-Up
289238, -0.093628, -0.756714, 0.011719, -28.137200, 40.039070, 58.044420,Stair-Up
289258, -0.097534, -0.736328, 0.006104, -23.864740, 37.902840, 59.692380,Stair-Up
289278, -0.083008, -0.758789, 0.007813, -20.202630, 37.170420, 60.241690,Stair-Up
289298, -0.054810, -0.799438, 0.045044, -21.728510, 34.240730, 60.363760,Stair-Up
289318, -0.065430, -0.792114, 0.078735, -24.902340, 30.517570, 58.654780,Stair-Up
289338, -0.083374, -0.799805, 0.091187, -23.315424, 28.564450, 52.856440,Stair-Up
289358, -0.067017, -0.855713, 0.088135, -22.949216, 23.620600, 44.860830,Stair-Up
289378, -0.067139, -0.884400, 0.083496, -23.498530, 15.869140, 35.217290,Stair-Up
289398, -0.077393, -0.899902, 0.082886, -20.629880, 8.117676, 23.315424,Stair-Up
289418, -0.076538, -0.911987, 0.093872, -17.761230, 1.403808, 11.840818,Stair-Up
289438, -0.070923, -0.902954, 0.073975, -8.544924, -2.990722, -0.671386,Stair-Up
289458, -0.119995, -0.924805, 0.047363, -0.854492, -2.929687, -8.239746,Stair-Up
289478, -0.139893, -0.922974, 0.023438, 1.953124, 4.455568, -12.878416,Stair-Up
289498, -0.148193, -0.897583, 0.015747, 8.239746, 13.488768, -16.174320,Stair-Up
289518, -0.158081, -0.949097, 0.007568, 15.747068, 24.169920, -20.751950,Stair-Up
289538, -0.194458, -1.061036, -0.032837, 20.324700, 39.550780, -23.498530,Stair-Up
289558, -0.143188, -1.139893, -0.032349, 14.038084, 52.307120, -26.245110,Stair-Up
289578, -0.058350, -1.109009, -0.042480, 14.038084, 54.748520, -27.648920,Stair-Up
289598, -0.091309, -1.215576, -0.081543, 25.634760, 57.861320, -33.264160,Stair-Up
289618, -0.012817, -1.446778, -0.041382, 25.512690, 59.448240, -35.949720,Stair-Up
289638, 0.185791, -1.621826, 0.047974, 19.897460, 39.062500, -44.250480,Stair-Up
289658, 0.148315, -1.734375, 0.066162, 11.962890, -4.150392, -62.866200,Stair-Up
289678, 0.153076, -1.677368, 0.035645, 4.638672, -24.047850, -78.918460,Stair-Up
289698, 0.238892, -1.458130, -0.031006, 1.525878, -47.607410, -85.632300,Stair-Up
289718, 0.180176, -1.226074, -0.103638, 8.483890, -63.537590, -84.167460,Stair-Up
289738, 0.060913, -1.046143, -0.150513, 14.221190, -56.701650, -76.965340,Stair-Up
289758, -0.033447, -0.910889, -0.160645, 22.460930, -34.667980, -72.387700,Stair-Up
289798, 0.005493, -0.969360, -0.115967, 26.916500, 6.530760, -69.030760,Stair-Up
289818, 0.046143, -0.916138, -0.082153, 16.662600, 2.319336, -66.833500,Stair-Up
289838, -0.011475, -0.833374, -0.062622, 17.089850, -8.972170, -68.969740,Stair-Up
289858, -0.019531, -0.780518, -0.089355, 16.906740, -22.766110, -69.152840,Stair-Up
289878, -0.014038, -0.696900, -0.138916, 24.597160, -53.527820, -68.603540,Stair-Up
289898, -0.081665, -0.673828, -0.160767, 30.151360, -69.824240, -66.650400,Stair-Up
289918, -0.186401, -0.681396, -0.169922, 32.348640, -74.523940, -64.880380,Stair-Up
289938, -0.213501, -0.686524, -0.175415, 29.785150, -72.998060, -61.889640,Stair-Up
289958, -0.245483, -0.683472, -0.174194, 27.099608, -67.810060, -57.983390,Stair-Up
289978, -0.250244, -0.695679, -0.147705, 22.644040, -57.678220, -50.720200,Stair-Up
289998, -0.211304, -0.725464, -0.155518, 21.789548, -52.001940, -42.602530,Stair-Up
290018, -0.236938, -0.806885, -0.200928, 21.606440, -49.072260, -34.973150,Stair-Up
290038, -0.219605, -0.904419, -0.251099, 20.446770, -45.166000, -25.085448,Stair-Up
290058, -0.165161, -0.987061, -0.246704, 16.845708, -49.865720, -16.174320,Stair-Up
290078, -0.189331, -1.023438, -0.227905, 15.014646, -54.382320, -5.981444,Stair-Up
290098, -0.260620, -1.111816, -0.250000, 14.343260, -45.166000, 8.728030,Stair-Up
290118, -0.212402, -1.185913, -0.253784, 12.207030, -37.902840, 18.127448,Stair-Up
290138, -0.145020, -1.227417, -0.236694, 9.277344, -40.527340, 27.038570,Stair-Up
290158, -0.177368, -1.232056, -0.227051, 7.446288, -42.907700, 35.339360,Stair-Up
290178, -0.206055, -1.180664, -0.220337, 3.417968, -37.292480, 44.738760,Stair-Up
290198, -0.183716, -1.135986, -0.208496, 9.704590, -32.104500, 51.635740,Stair-Up
290218, -0.177124, -1.262574, -0.175781, 17.700200, -27.465816, 57.006820,Stair-Up
290238, -0.180908, -1.494629, -0.125732, 25.573724, -19.042970, 60.180660,Stair-Up
290258, -0.209961, -1.803345, -0.090576, 19.714360, -9.704590, 59.631340,Stair-Up
290278, -0.171875, -1.883301, -0.015991, -3.601074, 0.610352, 57.739250,Stair-Up
290298, -0.019897, -1.668946, 0.007690, -22.338860, -2.990722, 62.744130,Stair-Up
290318, -0.153442, -1.230225, -0.056519, -20.812980, -2.319336, 78.735360,Stair-Up
290338, -0.118408, -1.063232, -0.038818, -8.117676, 23.986810, 98.510720,Stair-Up
290358, -0.006958, -1.058716, -0.012817, 6.347656, 27.770990, 102.600080,Stair-Up
290378, -0.134766, -1.167847, 0.018433, 14.160152, 51.513660, 126.342760,Stair-Up
290398, -0.194824, -1.117798, 0.016602, -10.070800, 71.472180, 97.229000,Stair-Up
290418, -0.025635, -1.068116, 0.064209, 5.187988, 84.899880, 121.459940,Stair-Up
290438, -0.163086, -0.966797, 0.076050, -17.395020, 86.059560, 101.745600,Stair-Up
290458, -0.110596, -0.723999, 0.079834, -12.695310, 95.031720, 102.966300,Stair-Up
290478, -0.105469, -0.634033, 0.069214, -9.765626, 96.130360, 95.947260,Stair-Up
290498, -0.062622, -0.554077, 0.059204, -6.225584, 93.322740, 94.360340,Stair-Up
290518, -0.030640, -0.511108, 0.042236, -3.967285, 82.214340, 92.346160,Stair-Up
290538, -0.081055, -0.495606, 0.055908, 4.333496, 68.725600, 87.341300,Stair-Up
290558, -0.087891, -0.596558, 0.086670, 7.812498, 65.612800, 81.726060,Stair-Up
290578, -0.068115, -0.699219, 0.115601, 3.662109, 62.011710, 75.195320,Stair-Up
290598, -0.057739, -0.777222, 0.118042, -0.610352, 58.288560, 65.307640,Stair-Up
290618, -0.026367, -0.876953, 0.125855, -2.807617, 52.490220, 52.490220,Stair-Up
290638, 0.006348, -1.019043, 0.131470, -3.173828, 39.855960, 35.034180,Stair-Up
290658, -0.014771, -1.147339, 0.142700, -11.596676, 23.803708, 12.573240,Stair-Up
290678, -0.038086, -1.186402, 0.134522, -20.019532, 8.056642, -11.535644,Stair-Up
290698, -0.059692, -1.187500, 0.101929, -19.104010, -8.544924, -36.865240,Stair-Up
290718, -0.060791, -1.267822, 0.079956, -11.596676, -21.789548, -56.274400,Stair-Up
290738, -0.022705, -1.315796, 0.073730, -17.089850, -29.296870, -67.260740,Stair-Up
290758, -0.032104, -1.150513, 0.001221, -9.155274, -27.893060, -68.176280,Stair-Up
290778, -0.109497, -1.237793, -0.071289, 7.263182, -16.967780, -70.129400,Stair-Up
290798, -0.120117, -1.401856, -0.069580, 11.169430, -1.098633, -71.777340,Stair-Up
290818, -0.079834, -1.439820, -0.032959, 2.258301, 5.187988, -76.965340,Stair-Up
290838, -0.142456, -1.365967, -0.049194, 0.549316, 14.587400, -84.472640,Stair-Up
290858, -0.153564, -1.313232, -0.137817, -1.342773, 34.362800, -87.341300,Stair-Up
290878, -0.103027, -1.221558, -0.179565, -8.972170, 48.156730, -84.472640,Stair-Up
290898, -0.054810, -1.053467, -0.184937, -12.634276, 46.752920, -80.139160,Stair-Up
290918, -0.044800, -0.916992, -0.225952, -5.371092, 34.179700, -75.683600,Stair-Up
290938, -0.099121, -0.862183, -0.271606, 1.098633, 24.414060, -69.946300,Stair-Up
290958, -0.063110, -0.822632, -0.289429, 4.394532, 14.892576, -61.767570,Stair-Up
290978, -0.022095, -0.764771, -0.258179, 10.253904, -18.981940, -57.128900,Stair-Up
290998, -0.088379, -0.747681, -0.226929, 11.779784, -37.475590, -55.480940,Stair-Up
291018, -0.144409, -0.731690, -0.203125, 13.732908, -44.006340, -52.001940,Stair-Up
291038, -0.145752, -0.723511, -0.184082, 12.756344, -46.874990, -47.546380,Stair-Up
291058, -0.132324, -0.689209, -0.176392, 14.526364, -50.720200, -43.395980,Stair-Up
291078, -0.121460, -0.696900, -0.188721, 20.996090, -48.339840, -38.757330,Stair-Up
291098, -0.090698, -0.758423, -0.192749, 24.230950, -43.212880, -30.700680,Stair-Up
291118, -0.107300, -0.808228, -0.168701, 22.399900, -40.466300, -24.353020,Stair-Up
291138, -0.114746, -0.814209, -0.116211, 20.568840, -39.001470, -20.446770,Stair-Up
291158, -0.125366, -0.852295, -0.072510, 22.888180, -37.780760, -19.958500,Stair-Up
291178, -0.129028, -0.912842, -0.066040, 22.155760, -33.264160, -20.324700,Stair-Up
291198, -0.123169, -0.957764, -0.155273, 22.094720, -30.700680, -21.484370,Stair-Up
291218, -0.106323, -0.979980, -0.192993, 23.986810, -36.438000, -25.634760,Stair-Up
291238, -0.082642, -0.980347, -0.184570, 26.428220, -43.701160, -27.832030,Stair-Up
291258, -0.086426, -0.985596, -0.177856, 30.395500, -49.560540, -27.282710,Stair-Up
291278, -0.131836, -1.031250, -0.212891, 32.531740, -50.598140, -25.207516,Stair-Up
291298, -0.182251, -1.090820, -0.218750, 30.334470, -48.828120, -23.193352,Stair-Up
291318, -0.149658, -1.129883, -0.198364, 27.221676, -53.771960, -25.146480,Stair-Up
291338, -0.160278, -1.159668, -0.174561, 22.888180, -61.401360, -25.024410,Stair-Up
291358, -0.194336, -1.191162, -0.178101, 21.423332, -62.805160, -22.888180,Stair-Up
291378, -0.191772, -1.216797, -0.232788, 19.348150, -62.499990, -18.859868,Stair-Up
291398, -0.203125, -1.241455, -0.297730, 24.780270, -64.758300, -15.686032,Stair-Up
291418, -0.344238, -1.532471, -0.279175, 37.109380, -53.649900, -17.578130,Stair-Up
291438, -0.430786, -1.655396, -0.232056, 16.540530, -22.705070, -11.474608,Stair-Up
291458, -0.434570, -1.537110, -0.259522, 5.249022, 13.916012, -4.394532,Stair-Up
291478, -0.339600, -1.461426, -0.212524, -8.300784, 37.902840, 4.516602,Stair-Up
291498, -0.251953, -1.239258, -0.166870, -20.385740, 49.804680, 23.742670,Stair-Up
291518, -0.221069, -1.098022, -0.148804, -12.756344, 59.936520, 45.593250,Stair-Up
291538, -0.193970, -1.127686, -0.129639, -12.451170, 68.725600, 67.565940,Stair-Up
291558, -0.177490, -1.122803, -0.104126, -14.587400, 69.030760, 76.110840,Stair-Up
291578, -0.103027, -1.081665, -0.087036, -17.700200, 61.035140, 90.087860,Stair-Up
291598, -0.153564, -1.017578, -0.043091, -17.639160, 59.265120, 105.102520,Stair-Up
291618, -0.142578, -0.880860, -0.056641, -19.348150, 55.175770, 90.820300,Stair-Up
291638, -0.124634, -0.897095, 0.004028, -21.728510, 57.678220, 102.050760,Stair-Up
291658, -0.113037, -0.788574, 0.016968, -18.615724, 63.537590, 106.628400,Stair-Up
291678, -0.142822, -0.804199, 0.013550, -16.906740, 68.176280, 101.562480,Stair-Up
291698, -0.137573, -0.816895, 0.010864, -19.775390, 74.035660, 97.595200,Stair-Up
291718, -0.113770, -0.803223, 0.039063, -24.597160, 75.561540, 90.270980,Stair-Up
291738, -0.108032, -0.791138, 0.052490, -26.123040, 74.035660, 81.970200,Stair-Up
291758, -0.106323, -0.805664, 0.053711, -27.404780, 73.242200, 72.998060,Stair-Up
291778, -0.075195, -0.880737, 0.053101, -26.794430, 69.946300, 63.537590,Stair-Up
291798, -0.026489, -0.946167, 0.070801, -33.508300, 59.875480, 54.870600,Stair-Up
291818, -0.012207, -0.946045, 0.083862, -37.536620, 45.715320, 46.142570,Stair-Up
291838, -0.002075, -0.932251, 0.091309, -38.330080, 28.259270, 35.949720,Stair-Up
291858, 0.019287, -0.941162, 0.119141, -33.752440, 5.920409, 23.620600,Stair-Up
291878, 0.018677, -0.964356, 0.116211, -30.578610, -4.211426, 20.080560,Stair-Up
291898, -0.019653, -1.017090, 0.107666, -28.076170, -10.742184, 17.211920,Stair-Up
291918, -0.039673, -1.054322, 0.094482, -26.855464, -14.099120, 14.282224,Stair-Up
291938, -0.033203, -1.086304, 0.041504, -20.996090, -20.202630, 10.375976,Stair-Up
291958, -0.091064, -1.174194, -0.033691, -8.911134, -25.085448, 2.441407,Stair-Up
291978, -0.135010, -1.316772, -0.080811, -0.915527, -26.000970, -5.676268,Stair-Up
291998, -0.107178, -1.394410, -0.061523, -0.366211, -26.489250, -16.967780,Stair-Up
292018, -0.079468, -1.416504, -0.047241, 5.981444, -23.010250, -25.451652,Stair-Up
292038, -0.082397, -1.468262, -0.047363, 8.728030, -15.747068, -32.775880,Stair-Up
292058, -0.112915, -1.505616, -0.075928, 7.812498, -10.559080, -41.748040,Stair-Up
292078, -0.175903, -1.322266, -0.136353, 6.164550, -12.634276, -67.626960,Stair-Up
292098, -0.158569, -1.149292, -0.211670, 10.559080, -9.521484, -81.237760,Stair-Up
292118, -0.127197, -0.938232, -0.285400, 10.375976, -1.892090, -80.566400,Stair-Up
292138, -0.135132, -0.786255, -0.301392, 17.456060, 9.460450, -75.805680,Stair-Up
292158, -0.142334, -0.771240, -0.286865, 22.705070, 18.554690, -70.251480,Stair-Up
292178, -0.082275, -0.777588, -0.265015, 20.019532, 14.038084, -67.321800,Stair-Up
292198, -0.005005, -0.730347, -0.217407, 18.798830, -12.084960, -67.993180,Stair-Up
292218, -0.070801, -0.694092, -0.194702, 22.216790, -43.640120, -68.237320,Stair-Up
292238, -0.136108, -0.692993, -0.187134, 22.705070, -57.617180, -66.162120,Stair-Up
292258, -0.097168, -0.677246, -0.196533, 21.423332, -68.298340, -59.753410,Stair-Up
292278, -0.165161, -0.682007, -0.222900, 22.033690, -74.157740, -56.884760,Stair-Up
292298, -0.164917, -0.717529, -0.259644, 17.700200, -93.017560, -64.331060,Stair-Up
292318, -0.342407, -0.742066, -0.224731, 34.301760, -65.185560, -58.410640,Stair-Up
292338, -0.111694, -0.784790, -0.098389, 20.019532, -56.701650, -66.650400,Stair-Up
292358, -0.043457, -0.788940, -0.078369, 26.123040, -55.175770, -48.278800,Stair-Up
292378, -0.239136, -0.877686, -0.135254, 10.375976, -62.072740, -57.800280,Stair-Up
292398, -0.306396, -0.934082, -0.168335, 26.672360, -29.602044, -58.227530,Stair-Up
292418, -0.245117, -1.107544, -0.178223, 20.141600, -2.929687, -40.161120,Stair-Up
292438, -0.211426, -1.044556, -0.175049, 16.174320, 4.577638, -33.264160,Stair-Up
292458, -0.141968, -0.976929, -0.147583, 16.723632, -18.493652, -49.865720,Stair-Up
292478, -0.122070, -0.991333, -0.158203, 31.738280, -23.925780, -50.598140,Stair-Up
292498, -0.196045, -1.103272, -0.208496, 22.460930, -13.488768, -34.057620,Stair-Up
292518, -0.181030, -1.057373, -0.174927, 21.423332, -18.066410, -26.916500,Stair-Up
292538, -0.238647, -1.093506, -0.125244, 18.249516, -20.446770, -25.817870,Stair-Up
292558, -0.257080, -1.136353, -0.139038, 17.700200, -13.305660, -22.399900,Stair-Up
292578, -0.189697, -1.229736, -0.202026, 17.456060, -12.634276, -20.263670,Stair-Up
292598, -0.097900, -1.278564, -0.202515, 12.695310, -22.399900, -15.808104,Stair-Up
292618, -0.171387, -1.267822, -0.192871, 14.526364, -30.151360, -9.338380,Stair-Up
292638, -0.326538, -1.384278, -0.216309, 23.925780, -21.606440, -7.141112,Stair-Up
292658, -0.405884, -1.620484, -0.248657, 22.460930, 0.061035, -6.835936,Stair-Up
292678, -0.383057, -1.719604, -0.245117, 0.183105, 26.977532, -4.516602,Stair-Up
292698, -0.185547, -1.440552, -0.214966, -27.648920, 40.588370, 12.573240,Stair-Up
292718, -0.091675, -1.085694, -0.244873, -26.916500, 38.940440, 37.719730,Stair-Up
292738, -0.199707, -1.006104, -0.246460, -7.568358, 46.386710, 77.392600,Stair-Up
292758, -0.213745, -1.139526, -0.199585, -11.169430, 55.908200, 92.102040,Stair-Up
292778, -0.143433, -1.150513, -0.135986, -17.089850, 49.743640, 88.256820,Stair-Up
292798, -0.136841, -1.206665, -0.068970, -26.672360, 41.381820, 95.703100,Stair-Up
292818, -0.146362, -1.119629, -0.031494, -35.583500, 40.954580, 95.642060,Stair-Up
292838, -0.114014, -1.062866, -0.025146, -39.367680, 42.358390, 96.374500,Stair-Up
292858, -0.101563, -0.979980, -0.046631, -40.832510, 40.649400, 96.496560,Stair-Up
292878, -0.089600, -0.928345, -0.042480, -38.879400, 37.109380, 96.313460,Stair-Up
292898, -0.057983, -0.875000, -0.010986, -39.306640, 28.137200, 95.214820,Stair-Up
292918, -0.097412, -0.792114, 0.007935, -37.719730, 21.972650, 93.139640,Stair-Up
292938, -0.133545, -0.745117, 0.017090, -33.813480, 25.268550, 92.102040,Stair-Up
292958, -0.106812, -0.749268, 0.026367, -30.761716, 30.395500, 88.806140,Stair-Up
292978, -0.107544, -0.786377, 0.038574, -30.761716, 32.592780, 84.533660,Stair-Up
292998, -0.100830, -0.797608, 0.054443, -32.104500, 35.095220, 79.162600,Stair-Up
293018, -0.092163, -0.803711, 0.067993, -31.677240, 36.804200, 70.922860,Stair-Up
293038, -0.070801, -0.821167, 0.080688, -29.113768, 35.461430, 60.546860,Stair-Up
293058, -0.086304, -0.873169, 0.078125, -24.230950, 31.249992, 47.668440,Stair-Up
293078, -0.090576, -0.920532, 0.069214, -22.277830, 27.038570, 32.775880,Stair-Up
293098, -0.078247, -0.918579, 0.057983, -21.057124, 21.545408, 19.226080,Stair-Up
293118, -0.079590, -0.885620, 0.046387, -15.075680, 15.624996, 7.080076,Stair-Up
293138, -0.090698, -0.921875, 0.036499, -3.356933, 13.305660, -3.479003,Stair-Up
293158, -0.074463, -1.008789, 0.021484, 3.845214, 16.418460, -10.375976,Stair-Up
293178, -0.085083, -1.088746, -0.053711, 6.103514, 19.226080, -15.380856,Stair-Up
293198, -0.115967, -1.147339, -0.105103, 15.136716, 20.263670, -22.766110,Stair-Up
293218, -0.126709, -1.313721, -0.147949, 23.132320, 22.888180, -32.043460,Stair-Up
293238, -0.071167, -1.437744, -0.107788, 18.371584, 22.460930, -38.818360,Stair-Up
293258, 0.043701, -1.424316, -0.079712, 13.549804, 13.549804, -44.555660,Stair-Up
293278, 0.016846, -1.374146, -0.142822, 19.897460, 0.793457, -52.368160,Stair-Up
293298, -0.057251, -1.354858, -0.191040, 22.888180, -6.164550, -64.392100,Stair-Up
293318, -0.023682, -1.250854, -0.224121, 21.545408, -12.573240, -75.622560,Stair-Up
293338, -0.030396, -1.085572, -0.228027, 20.690910, -17.395020, -85.083000,Stair-Up
293358, -0.075684, -0.914429, -0.270142, 23.559568, -7.873534, -90.881340,Stair-Up
293378, -0.129028, -0.858154, -0.340210, 36.376960, 17.822270, -93.017560,Stair-Up
293398, 0.052734, -1.061768, -0.352905, 37.902840, 40.527340, -93.078600,Stair-Up
293418, 0.147217, -1.048706, -0.272339, 26.184080, 26.733390, -86.303700,Stair-Up
293438, 0.095337, -0.954346, -0.197754, 18.615724, 7.690428, -79.040540,Stair-Up
293458, 0.113647, -0.854858, -0.159546, 13.244628, -11.047360, -67.077640,Stair-Up
293478, 0.071411, -0.748779, -0.171631, 13.183590, -26.245110, -51.391590,Stair-Up
293498, 0.050781, -0.681274, -0.228394, 19.226080, -35.095220, -36.499030,Stair-Up
293518, 0.018555, -0.681152, -0.256592, 23.925780, -47.607410, -26.977532,Stair-Up
293538, -0.052124, -0.670776, -0.233276, 25.573724, -58.532700, -22.644040,Stair-Up
293558, -0.133301, -0.683960, -0.190308, 29.174800, -63.476560, -23.193352,Stair-Up
293578, -0.147339, -0.730103, -0.161011, 29.663080, -61.523430, -25.390620,Stair-Up
293598, -0.047363, -0.757446, -0.153198, 22.399900, -63.659660, -31.066890,Stair-Up
293618, -0.210205, -0.811402, -0.171143, 33.752440, -67.382820, -31.738280,Stair-Up
293638, -0.233154, -0.896362, -0.188355, 24.963376, -48.278800, -29.052730,Stair-Up
293658, -0.080444, -0.859863, -0.176392, 23.254390, -65.490740, -39.978040,Stair-Up
293678, -0.185547, -0.937012, -0.165894, 34.606940, -73.059100, -41.320790,Stair-Up
293698, -0.250977, -1.056030, -0.168701, 27.465816, -62.011710, -43.823240,Stair-Up
293718, -0.255493, -1.068970, -0.200439, 25.024410, -52.673330, -43.945300,Stair-Up
293738, -0.293579, -1.133667, -0.227661, 23.315424, -42.480460, -43.395980,Stair-Up
293758, -0.236572, -1.121460, -0.232666, 16.235352, -31.921380, -37.841800,Stair-Up
293778, -0.225708, -1.072632, -0.223145, 16.052250, -24.536130, -28.198240,Stair-Up
293798, -0.219116, -1.075318, -0.218628, 16.906740, -17.456060, -18.737796,Stair-Up
293818, -0.236572, -1.120606, -0.236572, 0.488281, -6.652830, -4.089356,Stair-Up
293838, -0.208252, -1.115967, -0.252930, 11.230468, -2.563476, 3.173828,Stair-Up
293858, -0.156738, -1.100464, -0.248169, 15.563964, -6.225584, 8.117676,Stair-Up
293878, -0.129395, -1.212524, -0.232666, 24.230950, -15.197750, 11.962890,Stair-Up
293898, -0.117432, -1.374756, -0.182739, 25.146480, -22.949216, 18.554690,Stair-Up
293918, -0.147827, -1.532837, -0.123169, 24.353020, -24.841304, 19.348150,Stair-Up
293938, -0.178345, -1.695801, -0.121094, 16.357424, -21.423332, 22.399900,Stair-Up
293958, -0.176636, -1.653809, -0.158325, -8.300784, -10.498044, 30.334470,Stair-Up
293978, -0.108032, -1.358520, -0.177368, -16.357424, -5.920409, 42.419420,Stair-Up
293998, -0.101685, -1.282349, -0.170288, -8.911134, -4.638672, 53.833000,Stair-Up
294018, -0.128296, -1.232910, -0.146362, -16.601568, 2.380371, 69.091800,Stair-Up
294038, -0.121338, -1.114746, -0.105713, -17.089850, 7.080076, 81.115700,Stair-Up
294058, -0.171631, -1.085450, -0.061523, -19.165040, 14.892576, 85.571260,Stair-Up
294078, -0.172974, -1.037964, -0.053467, -23.681636, 26.977532, 87.707500,Stair-Up
294098, -0.148071, -1.005738, -0.060425, -22.644040, 36.010750, 86.608860,Stair-Up
294118, -0.122925, -0.996826, -0.048950, -25.329584, 40.100100, 84.899880,Stair-Up
294138, -0.114258, -0.924683, -0.030884, -29.479976, 41.687000, 83.190900,Stair-Up
294158, -0.116455, -0.825073, -0.016479, -28.869624, 41.442860, 80.810540,Stair-Up
294178, -0.123047, -0.752075, -0.020508, -24.841304, 40.466300, 77.819840,Stair-Up
294198, -0.131592, -0.723633, -0.028931, -20.019532, 42.968740, 76.049820,Stair-Up
294218, -0.122681, -0.731323, -0.022461, -17.395020, 46.508780, 73.120140,Stair-Up
294238, -0.117676, -0.728882, 0.000977, -18.859868, 49.560540, 69.702160,Stair-Up
294258, -0.127197, -0.706787, 0.034180, -19.653320, 54.443350, 61.035140,Stair-Up
294278, -0.118896, -0.711182, 0.052368, -20.446770, 56.884760, 53.527820,Stair-Up
294298, -0.090210, -0.743286, 0.068848, -21.179192, 56.152340, 44.799800,Stair-Up
294318, -0.068726, -0.758667, 0.071167, -23.132320, 51.452620, 35.217290,Stair-Up
294338, -0.058594, -0.755860, 0.065552, -22.766110, 42.236320, 23.925780,Stair-Up
294358, -0.071411, -0.754395, 0.049194, -18.493652, 30.334470, 10.070800,Stair-Up
294378, -0.080078, -0.795776, 0.042603, -11.413570, 18.432620, -4.211426,Stair-Up
294398, -0.083008, -0.842285, 0.058228, -10.253904, 7.324218, -16.418460,Stair-Up
294418, -0.099854, -0.828980, 0.069946, -8.300784, 0.732422, -26.062010,Stair-Up
294438, -0.123413, -0.834473, 0.065674, -2.685546, -0.610352, -34.545900,Stair-Up
294458, -0.124268, -0.900269, 0.033936, 4.821778, 0.976562, -40.466300,Stair-Up
294478, -0.096436, -1.000244, 0.016357, 7.324218, 3.295898, -45.837400,Stair-Up
294498, -0.084351, -1.020142, 0.015869, 8.117676, 4.699708, -46.203600,Stair-Up
294518, -0.095581, -1.031372, -0.011597, 16.784670, 6.896972, -47.119130,Stair-Up
294538, -0.121094, -1.122559, -0.082642, 25.268550, 15.869140, -44.555660,Stair-Up
294558, -0.085083, -1.164795, -0.133789, 23.803708, 21.423332, -41.198720,Stair-Up
294578, -0.015991, -1.103760, -0.140869, 28.015130, 13.488768, -38.879400,Stair-Up
294598, -0.011841, -1.079712, -0.105347, 35.400400, 5.065916, -36.865240,Stair-Up
294618, -0.022217, -1.190064, 0.000366, 42.541500, 7.080076, -31.005852,Stair-Up
294638, 0.039307, -1.386230, 0.116455, 37.536620, 10.437010, -28.686520,Stair-Up
294658, 0.101807, -1.487549, 0.139038, 27.709956, 1.647949, -28.320310,Stair-Up
294678, 0.082642, -1.420532, 0.014893, 13.793944, -22.705070, -36.499030,Stair-Up
294698, -0.061157, -1.047486, -0.214722, 7.629394, -63.171380, -50.170890,Stair-Up
294718, -0.132080, -0.774414, -0.249023, 10.131832, -78.857440, -58.837880,Stair-Up
294738, -0.182373, -0.593262, -0.244751, 22.216790, -77.270520, -59.997550,Stair-Up
294758, -0.289429, -0.598022, -0.277832, 29.479976, -57.006820, -57.434080,Stair-Up
294778, -0.312134, -0.665405, -0.301270, 29.357908, -29.724120, -53.039540,Stair-Up
294798, -0.237305, -0.760376, -0.239502, 24.841304, -10.498044, -51.391590,Stair-Up
294818, -0.171509, -0.879639, -0.160767, 19.775390, -0.061035, -46.447740,Stair-Up
294838, -0.119995, -1.025879, -0.113525, 18.981940, -0.183105, -46.325680,Stair-Up
294858, -0.060791, -1.198975, -0.095215, 14.770504, -10.131832, -45.959460,Stair-Up
294878, -0.047485, -1.226074, -0.135254, 5.676268, -28.503410, -45.288080,Stair-Up
294898, -0.134277, -1.093628, -0.212036, 7.751464, -39.917000, -44.128410,Stair-Up
294918, -0.215454, -0.956055, -0.292969, 22.155760, -32.470710, -38.574220,Stair-Up
294938, -0.236450, -0.897583, -0.276856, 28.808590, -16.357424, -31.127924,Stair-Up
294978, -0.194946, -0.881836, -0.128174, 27.587884, 28.686520, -14.282224,Stair-Up
294998, -0.182251, -0.879517, -0.080688, 20.751950, 47.485340, -6.408690,Stair-Up
295018, -0.160400, -0.906128, -0.070801, 13.366696, 56.274400, 3.356933,Stair-Up
295038, -0.092041, -0.923584, -0.057739, 4.333496, 48.522940, 2.746581,Stair-Up
295058, -0.059570, -0.930664, -0.111938, -0.488281, 31.982420, 6.896972,Stair-Up
295078, -0.044312, -0.931519, -0.186646, -3.234863, 3.234863, 6.225584,Stair-Up
295098, -0.051147, -0.934448, -0.225586, 0.305176, -25.573724, 6.896972,Stair-Up
295118, -0.088867, -0.932007, -0.219482, 1.831054, -45.349110, 9.277344,Stair-Up
295138, -0.193726, -0.911255, -0.182617, 6.713866, -54.016100, 14.648436,Stair-Up
295158, -0.254517, -0.936646, -0.165283, 8.361816, -43.701160, 17.456060,Stair-Up
295178, -0.239868, -1.010254, -0.148804, 10.131832, -27.404780, 20.263670,Stair-Up
295198, -0.196167, -1.112183, -0.131348, 8.972170, -17.883300, 22.277830,Stair-Up
295218, -0.171387, -1.219971, -0.116089, 11.291500, -16.052250, 20.568840,Stair-Up
295238, -0.189209, -1.423706, -0.097656, 20.019532, -15.563964, 12.329100,Stair-Up
295258, -0.210571, -1.647095, -0.094849, 14.099120, -12.329100, 4.577638,Stair-Up
295278, -0.244751, -1.725464, -0.114380, 1.892090, -8.117676, -4.882814,Stair-Up
295298, -0.308960, -1.572998, -0.147583, -19.653320, -1.098633, -10.314940,Stair-Up
295318, -0.340210, -1.185425, -0.152222, -34.729010, 15.197750, -7.690428,Stair-Up
295338, -0.324829, -0.760010, -0.108765, -37.597660, 34.057620, 9.521484,Stair-Up
295358, -0.262451, -0.626831, -0.112183, 4.394532, 72.998060, 38.757330,Stair-Up
295378, -0.232422, -0.924072, -0.119507, 7.019042, 93.505840, 56.701650,Stair-Up
295398, -0.225342, -1.083130, -0.085938, -2.807617, 104.370100, 66.772460,Stair-Up
295418, -0.180664, -1.223022, -0.004517, -7.568358, 100.524880, 67.626960,Stair-Up
295438, -0.135254, -1.352662, 0.066040, -22.094720, 91.308560, 66.955580,Stair-Up
295458, -0.027954, -1.300293, 0.100464, -40.771480, 77.087400, 68.542500,Stair-Up
295478, 0.072510, -1.179566, 0.083984, -42.297360, 48.217760, 70.190440,Stair-Up
295498, 0.050903, -1.137085, 0.042358, -37.658700, 22.338860, 73.303240,Stair-Up
295518, 0.023438, -1.080688, 0.022705, -38.330080, 7.385252, 78.247080,Stair-Up
295538, -0.013306, -0.992310, 0.045532, -34.606940, -3.540038, 79.772960,Stair-Up
295558, -0.087280, -0.942139, 0.073975, -30.273430, -7.629394, 77.087400,Stair-Up
295578, -0.175659, -0.927368, 0.097656, -26.916500, 7.751464, 70.312500,Stair-Up
295598, -0.141357, -0.942383, 0.108276, -29.296870, 22.033690, 65.185560,Stair-Up
295618, -0.089355, -0.926758, 0.105713, -31.738280, 29.846190, 60.241690,Stair-Up
295638, -0.085571, -0.910034, 0.094727, -29.724120, 34.667980, 55.114740,Stair-Up
295658, -0.088745, -0.942505, 0.095703, -27.465816, 40.466300, 49.743640,Stair-Up
295678, -0.058594, -0.965332, 0.105713, -29.235832, 41.992180, 44.311520,Stair-Up
295698, -0.037720, -0.948608, 0.099854, -27.038570, 36.621100, 36.438000,Stair-Up
295718, -0.055054, -0.982178, 0.073364, -19.531250, 31.799310, 27.587884,Stair-Up
295738, -0.056641, -1.065430, 0.043823, -14.221190, 29.418940, 19.653320,Stair-Up
295758, -0.053589, -1.113770, 0.039063, -13.916012, 27.770990, 11.169430,Stair-Up
295778, -0.053101, -1.133423, 0.004517, -9.765626, 31.616208, 3.967285,Stair-Up
295798, -0.132080, -1.212280, -0.190430, -5.004884, 51.696770, -6.164550,Stair-Up
295818, -0.135498, -1.337402, -0.229980, -5.737304, 73.608400, -15.624996,Stair-Up
295838, -0.069092, -1.447754, -0.096680, -18.493652, 80.993640, -32.958990,Stair-Up
295858, -0.012939, -1.429932, 0.032593, -24.536130, 71.960460, -62.133780,Stair-Up
295878, 0.013672, -1.413940, -0.027710, -19.592290, 59.265120, -87.707500,Stair-Up
295898, 0.102539, -1.322388, -0.221802, -13.427732, 39.123540, -101.074200,Stair-Up
295918, 0.308594, -1.153564, -0.396606, -0.732422, -6.835936, -104.187000,Stair-Up
295938, 0.305786, -0.968872, -0.447632, 18.310550, -61.767570, -100.463840,Stair-Up
295958, 0.085083, -0.827881, -0.411255, 36.743170, -82.885720, -90.576160,Stair-Up
295978, -0.086182, -0.857178, -0.355713, 54.199210, -65.246600, -81.542960,Stair-Up
295998, -0.109253, -1.029786, -0.287720, 49.560540, -33.081060, -74.768080,Stair-Up
296018, -0.041748, -1.021240, -0.208618, 23.559568, 4.272462, -61.645500,Stair-Up
296038, 0.000977, -0.942017, -0.198730, 16.723632, 16.845708, -54.748520,Stair-Up
296058, 0.095459, -0.866944, -0.256836, 10.925290, 17.211920, -45.104970,Stair-Up
296078, 0.190308, -0.770142, -0.251953, 8.911134, -4.272462, -35.888680,Stair-Up
296098, 0.156372, -0.703491, -0.205933, 15.136716, -33.325200, -32.165540,Stair-Up
296118, 0.054077, -0.713379, -0.170410, 21.362300, -52.062980, -30.639640,Stair-Up
296138, 0.000488, -0.741821, -0.174438, 22.888180, -62.133780, -27.221676,Stair-Up
296158, -0.042480, -0.731934, -0.219849, 22.155760, -64.270040, -22.277830,Stair-Up
296178, -0.057373, -0.711426, -0.209229, 20.629880, -59.509270, -16.479492,Stair-Up
296198, -0.054077, -0.696900, -0.162354, 20.690910, -61.035140, -14.587400,Stair-Up
296218, -0.147705, -0.709473, -0.141602, 24.658200, -55.175770, -15.136716,Stair-Up
296238, -0.145508, -0.778931, -0.186523, 21.240230, -35.583500, -13.549804,Stair-Up
296258, -0.091187, -0.791138, -0.178589, 20.202630, -33.935560, -13.061520,Stair-Up
296278, -0.062256, -0.813965, -0.145386, 22.888180, -39.306640, -16.174320,Stair-Up
296298, -0.093506, -0.873779, -0.123535, 25.878900, -39.672860, -16.601568,Stair-Up
296318, -0.130493, -0.927856, -0.134644, 25.756830, -35.583500, -17.944340,Stair-Up
296338, -0.150879, -0.963257, -0.171509, 26.245110, -30.273430, -20.141600,Stair-Up
296358, -0.144043, -0.983521, -0.198120, 26.855464, -26.733390, -24.658200,Stair-Up
296378, -0.133179, -0.979248, -0.217041, 27.587884, -23.925780, -26.916500,Stair-Up
296398, -0.132568, -0.971070, -0.245850, 30.639640, -23.620600, -28.137200,Stair-Up
296418, -0.208374, -0.999390, -0.280029, 33.508300, -19.042970, -28.381340,Stair-Up
296438, -0.228760, -1.029786, -0.307373, 31.372068, -7.324218, -26.367180,Stair-Up
296458, -0.196655, -1.051148, -0.308838, 30.334470, 2.319336, -23.010250,Stair-Up
296478, -0.233276, -1.091553, -0.309082, 26.794430, 16.601568, -17.272950,Stair-Up
296498, -0.226563, -1.128174, -0.305054, 19.897460, 33.630380, -11.474608,Stair-Up
296518, -0.150635, -1.179810, -0.262329, 19.348150, 46.081540, -3.356933,Stair-Up
296538, -0.097046, -1.304322, -0.191040, 13.366696, 47.241200, 2.197266,Stair-Up
296578, 0.009399, -1.345581, -0.201416, -2.075196, 41.259760, 21.606440,Stair-Up
296598, 0.065063, -1.303223, -0.193359, -7.141112, 13.732908, 27.832030,Stair-Up
296618, -0.008423, -1.238038, -0.157349, -1.953124, -2.929687, 36.315920,Stair-Up
296638, -0.030029, -1.299683, -0.132568, 2.807617, -8.300784, 44.433580,Stair-Up
296658, -0.083496, -1.381470, -0.119507, 2.563476, -8.056642, 49.682610,Stair-Up
296678, -0.142578, -1.405030, -0.108154, -8.483890, 2.685546, 51.330560,Stair-Up
296698, -0.165405, -1.296020, -0.125122, -15.197750, 12.268064, 50.048820,Stair-Up
296718, -0.186523, -1.189942, -0.125000, -14.160152, 25.817870, 48.583980,Stair-Up
296738, -0.190918, -1.141968, -0.103272, -14.404296, 42.419420, 49.377430,Stair-Up
296758, -0.168335, -1.076172, -0.071045, -17.639160, 58.288560, 52.307120,Stair-Up
296778, -0.145996, -0.995850, -0.036987, -18.676760, 71.289060, 54.565420,Stair-Up
296798, -0.165283, -0.939331, -0.024902, -19.226080, 84.411600, 55.786120,Stair-Up
296818, -0.151855, -0.891724, -0.021606, -19.470220, 95.825180, 54.992660,Stair-Up
296838, -0.132568, -0.850830, -0.018921, -20.385740, 101.501440, 52.978500,Stair-Up
296858, -0.124268, -0.794190, 0.001709, -21.240230, 103.393540, 49.499500,Stair-Up
296878, -0.125855, -0.755493, 0.010010, -19.653320, 105.651840, 44.921860,Stair-Up
296898, -0.138428, -0.741455, 0.008179, -19.104010, 108.825660, 36.193860,Stair-Up
296918, -0.120972, -0.790650, 0.026123, -19.104010, 108.093240, 28.076170,Stair-Up
296938, -0.100098, -0.795044, 0.043945, -26.611320, 102.661100, 20.935052,Stair-Up
296958, -0.097656, -0.762451, 0.056152, -26.916500, 96.740700, 13.610836,Stair-Up
296978, -0.086426, -0.800415, 0.057861, -25.390620, 89.599600, 5.798338,Stair-Up
296998, -0.091187, -0.856934, 0.035400, -25.573724, 83.496060, 0.305176,Stair-Up
297018, -0.060303, -0.908692, 0.025879, -27.587884, 73.364260, -4.882814,Stair-Up
297038, -0.039063, -0.913086, 0.038696, -28.137200, 57.128900, -8.789064,Stair-Up
297058, -0.057983, -0.924927, 0.048340, -25.207516, 40.405260, -12.817380,Stair-Up
297078, -0.088379, -0.952148, 0.042480, -23.925780, 28.320310, -15.014646,Stair-Up
297098, -0.094849, -0.953125, 0.040527, -23.803708, 20.507810, -14.709470,Stair-Up
297118, -0.086792, -0.935059, 0.013672, -18.981940, 10.070800, -9.948730,Stair-Up
297138, -0.090820, -0.931396, -0.001343, -14.709470, 7.019042, -3.662109,Stair-Up
297158, -0.087036, -0.913208, -0.007690, -9.399414, 6.225584, 3.417968,Stair-Up
297178, -0.096191, -0.912232, -0.030762, -0.610352, 7.324218, 9.704590,Stair-Up
297198, -0.114624, -0.925781, -0.056885, 4.333496, 11.108396, 15.441892,Stair-Up
297218, -0.145508, -0.910278, -0.066650, 9.399414, 17.272950, 19.287110,Stair-Up
297238, -0.141724, -0.949097, -0.085205, 17.211920, 25.756830, 20.324700,Stair-Up
297258, -0.114380, -1.006348, -0.142456, 19.958500, 34.729010, 24.169920,Stair-Up
297278, -0.128296, -1.049927, -0.179565, 20.263670, 44.250480, 28.137200,Stair-Up
297298, -0.091064, -1.090942, -0.200439, 19.165040, 51.269520, 30.517570,Stair-Up
297318, -0.013550, -1.097046, -0.213013, 13.671872, 48.889150, 32.531740,Stair-Up
297338, 0.093994, -1.216186, -0.226563, 19.775390, 27.526850, 24.353020,Stair-Up
297358, 0.129150, -1.255127, -0.252075, 10.559080, 14.526364, 20.751950,Stair-Up
297378, 0.149902, -1.290650, -0.263428, 17.578130, 0.122070, 9.582520,Stair-Up
297398, 0.158691, -1.430908, -0.264282, 18.249516, -18.798830, -5.554198,Stair-Up
297418, 0.152588, -1.439576, -0.282349, 10.253904, -35.766600, -16.540530,Stair-Up
297438, 0.057983, -1.367676, -0.321167, 11.718748, -42.846670, -29.113768,Stair-Up
297458, 0.047119, -1.307618, -0.346436, 13.305660, -35.888680, -38.452160,Stair-Up
297478, 0.078003, -1.269288, -0.347778, 14.892576, -29.541010, -43.640120,Stair-Up
297498, 0.067993, -1.217041, -0.316650, 10.009768, -22.705070, -46.874990,Stair-Up
297518, 0.080322, -1.071412, -0.287598, 2.380371, -17.089850, -47.424300,Stair-Up
297538, 0.111938, -0.878418, -0.277100, 1.464844, -15.258788, -46.386710,Stair-Up
297558, 0.127686, -0.827881, -0.270996, 13.671872, -15.197750, -43.334950,Stair-Up
297578, 0.156128, -0.893433, -0.227661, 10.131832, -19.165040, -40.771480,Stair-Up
297598, 0.161499, -0.897095, -0.194092, 6.286620, -26.855464, -41.564930,Stair-Up
297618, 0.161133, -0.874756, -0.182617, 3.112792, -36.865240, -42.602530,Stair-Up
297638, 0.130493, -0.845581, -0.171631, 2.380371, -45.410140, -44.494620,Stair-Up
297658, 0.113159, -0.822632, -0.154053, 1.159668, -50.476060, -44.006340,Stair-Up
297678, 0.094849, -0.779541, -0.165772, 0.793457, -52.429190, -42.236320,Stair-Up
297698, 0.055664, -0.747070, -0.187378, 2.380371, -53.710930, -41.564930,Stair-Up
297718, 0.025757, -0.730713, -0.191895, 5.859374, -52.734360, -42.541500,Stair-Up
297738, 0.015137, -0.754517, -0.185303, 10.498044, -49.682610, -41.625960,Stair-Up
297758, 0.022339, -0.799683, -0.151855, 13.061520, -47.729480, -39.917000,Stair-Up
297778, 0.010010, -0.817871, -0.123413, 12.451170, -44.433580, -35.095220,Stair-Up
297798, 0.005981, -0.794800, -0.145142, 13.854978, -42.602530, -29.724120,Stair-Up
297818, -0.033569, -0.798584, -0.176636, 17.700200, -42.419420, -27.648920,Stair-Up
297838, -0.043823, -0.808838, -0.177979, 18.554690, -42.968740, -25.939940,Stair-Up
297858, -0.053345, -0.817993, -0.157105, 21.057124, -43.823240, -24.658200,Stair-Up
297878, -0.065796, -0.840698, -0.164917, 21.850580, -42.053220, -20.874020,Stair-Up
297898, -0.087402, -0.830933, -0.196289, 20.751950, -39.672860, -16.479492,Stair-Up
297918, -0.078003, -0.836792, -0.218140, 24.963376, -39.306640, -15.319820,Stair-Up
297938, -0.084961, -0.909302, -0.227905, 27.954100, -40.222160, -15.014646,Stair-Up
297958, -0.088745, -0.968872, -0.233398, 29.846190, -39.001470, -13.671872,Stair-Up
297978, -0.090698, -1.037354, -0.247925, 28.991692, -38.024910, -12.023924,Stair-Up
297998, -0.090332, -1.017944, -0.260254, 29.846190, -41.198720, -10.192870,Stair-Up
298018, -0.123413, -1.071534, -0.269043, 32.653820, -38.818360, -9.765626,Stair-Up
298038, -0.122070, -1.117066, -0.293335, 32.104500, -36.438000, -8.972170,Stair-Up
298058, -0.112061, -1.152344, -0.300537, 33.020020, -33.874520, -7.812498,Stair-Up
298078, -0.100708, -1.188965, -0.276001, 30.944820, -32.104500, -3.417968,Stair-Up
298098, -0.134277, -1.267578, -0.253052, 35.949720, -28.625480, -1.342773,Stair-Up
298118, -0.172119, -1.470581, -0.263550, 34.362800, -21.179192, 0.427246,Stair-Up
298138, -0.119385, -1.588257, -0.256714, 19.714360, -16.113284, 5.249022,Stair-Up
298158, -0.056152, -1.487915, -0.243164, 5.859374, -21.057124, 14.038084,Stair-Up
298178, -0.105225, -1.327515, -0.230957, 3.051757, -23.132320, 24.047850,Stair-Up
298198, -0.146484, -1.229248, -0.212891, 2.624511, -16.479492, 34.667980,Stair-Up
298218, -0.186279, -1.144532, -0.192017, 0.976562, -1.098633, 43.945300,Stair-Up
298238, -0.202026, -1.108276, -0.185913, -4.455568, 12.390136, 49.133290,Stair-Up
298258, -0.210327, -1.033326, -0.164429, -8.972170, 26.977532, 53.100580,Stair-Up
298278, -0.197266, -1.063477, -0.122437, -4.699708, 42.236320, 55.053700,Stair-Up
298298, -0.146729, -1.236084, -0.075439, -9.521484, 54.443350, 58.715810,Stair-Up
298318, -0.082886, -1.290650, -0.030640, -24.169920, 57.861320, 62.988270,Stair-Up
298338, -0.027832, -1.224244, 0.005249, -33.691410, 52.429190, 65.246600,Stair-Up
298358, -0.001465, -1.118774, -0.004883, -36.865240, 42.846670, 70.373540,Stair-Up
298378, -0.035278, -1.005494, -0.031006, -38.085940, 34.851080, 75.317400,Stair-Up
298398, -0.057251, -0.859009, -0.036499, -39.184580, 31.005852, 80.139160,Stair-Up
298418, -0.091797, -0.687622, -0.035522, -36.987310, 28.320310, 81.970200,Stair-Up
298438, -0.181152, -0.529541, -0.042603, -25.207516, 39.245610, 82.031240,Stair-Up
298458, -0.202393, -0.521606, -0.045410, -19.897460, 54.260240, 81.115700,Stair-Up
298478, -0.195801, -0.554077, -0.027832, -18.554690, 69.458020, 78.247080,Stair-Up
298498, -0.173340, -0.599854, 0.000977, -19.104010, 80.932600, 71.899440,Stair-Up
298518, -0.148926, -0.682984, 0.031250, -18.188480, 85.876460, 62.011710,Stair-Up
298538, -0.115234, -0.816040, 0.059692, -17.944340, 84.350560, 48.095700,Stair-Up
298558, -0.073120, -0.952393, 0.081055, -20.568840, 74.951180, 31.066890,Stair-Up
298578, -0.047241, -1.032104, 0.090576, -25.207516, 56.762680, 11.474608,Stair-Up
298598, -0.053101, -1.055420, 0.081543, -24.169920, 34.729010, -9.033204,Stair-Up
298618, -0.089233, -1.055542, 0.033447, -21.911620, 15.624996, -26.306150,Stair-Up
298638, -0.125244, -0.963989, -0.016357, -21.057124, 5.432128, -36.804200,Stair-Up
298658, -0.132813, -0.838257, -0.043945, -10.925290, 7.019042, -35.583500,Stair-Up
298678, -0.155640, -0.796143, -0.059204, -4.333496, 16.296390, -28.137200,Stair-Up
298698, -0.165283, -0.797974, -0.045776, 2.319336, 28.259270, -19.714360,Stair-Up
298718, -0.143921, -0.835327, -0.040161, 8.239746, 36.743170, -12.817380,Stair-Up
298738, -0.129028, -0.883057, -0.046631, 10.742184, 39.855960, -9.155274,Stair-Up
298759, -0.107300, -0.915283, -0.058228, 15.197750, 41.931140, -6.713866,Stair-Up
298779, -0.080078, -0.957276, -0.079102, 18.493652, 36.987310, -9.643556,Stair-Up
298799, -0.062500, -0.984131, -0.118774, 22.216790, 25.878900, -13.061520,Stair-Up
298819, -0.088013, -1.014160, -0.151001, 25.146480, 13.244628, -19.348150,Stair-Up
298839, -0.122681, -1.046997, -0.150024, 25.695796, 6.958006, -23.742670,Stair-Up
298859, -0.091187, -1.021240, -0.189697, 21.423332, 3.601074, -23.620600,Stair-Up
298879, -0.103760, -1.048828, -0.204468, 22.033690, 1.037598, -22.583000,Stair-Up
298899, -0.057983, -1.129883, -0.154053, 20.874020, -1.831054, -20.446770,Stair-Up
298919, 0.005615, -1.305786, -0.102051, 26.245110, -13.427732, -22.583000,Stair-Up
298939, 0.009033, -1.487305, -0.153564, 19.958500, -28.442380, -26.123040,Stair-Up
298959, 0.001465, -1.361694, -0.248047, 3.356933, -41.687000, -27.893060,Stair-Up
298979, -0.030029, -1.070923, -0.313843, 9.399414, -54.626460, -33.569340,Stair-Up
298999, -0.159668, -0.984986, -0.315918, 25.512690, -51.513660, -37.841800,Stair-Up
299019, -0.262085, -0.989746, -0.294434, 24.291990, -28.564450, -38.818360,Stair-Up
299039, -0.247681, -0.961426, -0.276978, 20.263670, -1.281738, -39.428720,Stair-Up
299059, -0.157105, -0.944580, -0.262085, 11.535644, 21.606440, -33.691410,Stair-Up
299079, -0.006958, -0.858521, -0.256470, 8.056642, 21.972650, -25.573724,Stair-Up
299099, -0.002930, -0.830444, -0.234619, 12.695310, 14.465330, -21.606440,Stair-Up
299119, -0.015015, -0.896484, -0.232300, 17.761230, 7.141112, -21.057124,Stair-Up
299139, 0.003174, -0.935059, -0.235962, 15.075680, 2.685546, -19.409180,Stair-Up
299159, 0.011841, -0.925781, -0.245483, 17.944340, -1.892090, -19.958500,Stair-Up
299179, -0.018311, -0.971436, -0.232910, 20.263670, 0.000000, -20.019532,Stair-Up
299199, -0.002808, -0.985962, -0.214844, 16.723632, 6.347656, -18.249516,Stair-Up
299219, -0.021118, -0.958130, -0.199951, 14.282224, 10.070800, -16.479492,Stair-Up
299239, -0.020508, -0.918945, -0.192383, 11.840818, 12.084960, -15.441892,Stair-Up
299259, 0.007813, -0.867554, -0.180664, 11.474608, 8.300784, -13.366696,Stair-Up
299279, 0.007080, -0.842163, -0.183472, 14.587400, -1.281738, -11.718748,Stair-Up
299299, -0.005005, -0.850586, -0.184814, 15.502928, -9.216310, -11.413570,Stair-Up
299319, 0.020386, -0.876221, -0.171875, 17.211920, -24.536130, -13.000484,Stair-Up
299339, -0.007202, -0.889648, -0.152832, 16.174320, -43.395980, -14.038084,Stair-Up
299359, -0.061157, -0.878052, -0.140259, 17.456060, -54.809560, -14.648436,Stair-Up
299379, -0.094482, -0.917480, -0.156616, 19.897460, -59.997550, -15.075680,Stair-Up
299399, -0.100464, -0.949707, -0.179321, 17.944340, -63.415520, -13.183590,Stair-Up
299419, -0.114746, -0.932251, -0.181397, 16.967780, -65.002440, -10.437010,Stair-Up
299439, -0.138794, -0.931763, -0.183350, 19.348150, -62.927240, -7.202148,Stair-Up
299459, -0.212647, -0.933228, -0.210449, 18.310550, -52.429190, -3.540038,Stair-Up
299479, -0.241699, -0.926636, -0.235230, 18.920900, -35.156260, -0.671386,Stair-Up
299499, -0.182617, -0.990845, -0.218018, 16.967780, -18.798830, 3.723144,Stair-Up
299519, -0.195557, -0.986328, -0.189819, 13.916012, -11.779784, 6.774902,Stair-Up
299539, -0.188232, -1.016968, -0.162231, 11.535644, -5.432128, 9.582520,Stair-Up
299559, -0.135986, -1.039551, -0.154297, 7.141112, -7.019042, 11.657712,Stair-Up
299579, -0.108032, -1.044800, -0.149536, 5.615234, -15.624996, 13.366696,Stair-Up
299599, -0.097778, -1.038574, -0.139526, 3.906249, -25.146480, 15.930172,Stair-Up
299619, -0.103882, -1.007568, -0.135132, 5.249022, -36.010750, 18.310550,Stair-Up
299639, -0.146484, -1.046753, -0.124756, 13.732908, -41.748040, 17.639160,Stair-Up
299659, -0.195801, -1.217286, -0.118164, 19.287110, -37.536620, 15.563964,Stair-Up
299679, -0.197754, -1.363526, -0.101685, 12.084960, -31.799310, 11.962890,Stair-Up
299699, -0.195435, -1.435303, -0.074341, 7.202148, -29.296870, 5.920409,Stair-Up
299719, -0.259155, -1.389893, -0.093506, -12.451170, -18.981940, 0.671386,Stair-Up
299739, -0.268188, -1.132202, -0.136963, -17.517090, -5.981444, 3.234863,Stair-Up
299759, -0.283814, -0.938354, -0.171997, -8.300784, 7.812498, 9.338380,Stair-Up
299779, -0.293701, -0.896484, -0.175171, 1.647949, 24.841304, 19.897460,Stair-Up
299799, -0.293335, -0.898926, -0.114380, 2.136231, 43.579090, 31.494136,Stair-Up
299819, -0.291504, -0.915161, -0.038086, 2.624511, 59.387200, 40.161120,Stair-Up
299839, -0.291138, -1.009278, 0.003418, 3.540038, 74.035660, 45.043940,Stair-Up
299859, -0.230835, -1.152466, 0.036865, -4.699708, 85.266100, 49.621580,Stair-Up
299879, -0.130371, -1.181274, 0.069092, -18.981940, 80.627420, 50.598140,Stair-Up
299899, -0.120850, -1.132812, 0.100586, -24.658200, 64.819340, 48.339840,Stair-Up
299919, -0.139648, -1.094727, 0.114624, -27.099608, 51.635740, 46.752920,Stair-Up
299939, -0.119141, -1.036377, 0.104126, -25.939940, 38.146980, 49.926750,Stair-Up
299959, -0.132935, -0.990967, 0.093140, -23.925780, 31.066890, 53.344720,Stair-Up
299979, -0.155273, -0.941895, 0.091797, -20.446770, 28.076170, 56.030260,Stair-Up
299999, -0.185547, -0.907104, 0.096924, -15.991210, 30.578610, 58.166500,Stair-Up
300019, -0.211304, -0.888550, 0.097046, -12.145992, 38.818360, 58.837880,Stair-Up
300039, -0.209229, -0.917725, 0.108887, -9.460450, 47.851560, 57.739250,Stair-Up
300059, -0.160400, -0.930054, 0.123779, -12.756344, 52.673330, 56.274400,Stair-Up
300079, -0.152222, -0.902222, 0.129883, -13.366696, 55.297840, 53.771960,Stair-Up
300099, -0.152710, -0.897583, 0.117798, -11.657712, 58.044420, 49.316400,Stair-Up
300119, -0.144775, -0.917725, 0.096436, -10.559080, 57.800280, 43.334950,Stair-Up
300139, -0.135010, -0.924683, 0.094238, -12.390136, 54.992660, 36.071780,Stair-Up
300159, -0.135620, -0.882324, 0.083740, -10.314940, 52.124020, 27.099608,Stair-Up
300179, -0.124878, -0.935181, 0.059326, -6.225584, 52.673330, 21.118160,Stair-Up
300199, -0.099243, -0.994629, 0.036011, -6.530760, 52.734360, 19.226080,Stair-Up
300219, -0.080444, -1.066650, 0.011963, -4.455568, 46.142570, 13.244628,Stair-Up
300239, -0.051392, -1.127320, 0.010376, -6.469726, 32.104500, 6.286620,Stair-Up
300259, -0.046753, -1.191650, 0.024902, 0.000000, 14.160152, -5.249022,Stair-Up
300299, -0.049072, -1.279053, 0.005005, -1.831054, -21.728510, -28.686520,Stair-Up
300319, -0.086792, -1.255982, -0.065063, -0.976562, -41.503900, -42.785640,Stair-Up
300339, -0.173950, -1.060913, -0.179443, -6.103514, -49.743640, -50.231920,Stair-Up
300359, -0.246460, -0.777954, -0.257446, -0.549316, -46.264640, -53.100580,Stair-Up
300379, -0.389526, -0.675659, -0.277954, 25.390620, -13.977050, -50.598140,Stair-Up
300399, -0.409302, -0.757324, -0.248169, 21.667476, 21.362300, -43.273920,Stair-Up
300419, -0.346069, -0.761475, -0.202393, 17.272950, 52.185050, -34.118660,Stair-Up
300439, -0.260010, -0.838867, -0.180908, 20.446770, 72.143560, -25.939940,Stair-Up
300459, -0.187988, -0.974487, -0.176514, 18.676760, 81.604000, -17.089850,Stair-Up
300479, -0.097778, -1.082276, -0.189697, 19.775390, 74.096700, -14.343260,Stair-Up
300499, -0.083862, -1.194824, -0.205200, 20.263670, 56.579580, -16.052250,Stair-Up
300519, -0.095947, -1.179688, -0.217041, 10.559080, 36.193860, -13.732908,Stair-Up
300539, -0.130127, -0.993164, -0.252808, 11.352536, 20.935052, -13.488768,Stair-Up
300559, -0.231445, -0.913208, -0.282105, 19.165040, 25.451652, -9.582520,Stair-Up
300579, -0.244141, -0.851929, -0.275269, 17.028810, 40.405260, -1.342773,Stair-Up
300599, -0.232178, -0.791748, -0.227661, 20.629880, 51.879880, 3.112792,Stair-Up
300619, -0.243164, -0.805908, -0.192993, 18.737796, 60.302720, 3.784179,Stair-Up
300639, -0.208862, -0.816772, -0.200439, 17.211920, 65.429700, 3.234863,Stair-Up
300659, -0.156860, -0.840088, -0.208008, 15.319820, 60.363760, 0.732422,Stair-Up
300679, -0.141480, -0.830688, -0.206909, 13.305660, 47.668440, -4.028321,Stair-Up
300699, -0.179688, -0.824463, -0.205566, 15.136716, 37.414560, -10.314940,Stair-Up
300719, -0.220703, -0.856690, -0.215088, 16.540530, 34.729010, -16.235352,Stair-Up
300739, -0.213745, -0.894898, -0.212769, 14.648436, 35.583500, -20.019532,Stair-Up
300759, -0.205322, -0.902710, -0.206543, 11.535644, 36.865240, -20.812980,Stair-Up
300779, -0.205444, -0.898560, -0.200073, 9.277344, 36.499030, -20.141600,Stair-Up
300799, -0.200928, -0.913208, -0.190674, 10.070800, 34.667980, -18.371584,Stair-Up
300819, -0.185791, -0.970215, -0.183716, 10.498044, 32.775880, -13.061520,Stair-Up
300839, -0.170044, -1.022095, -0.174805, 11.108396, 31.127924, -8.666994,Stair-Up
300859, -0.148438, -1.059692, -0.165649, 9.643556, 27.343748, -3.112792,Stair-Up
300879, -0.133667, -1.049805, -0.169189, 8.483890, 21.850580, 2.258301,Stair-Up
300899, -0.113770, -1.014526, -0.159424, 9.826660, 14.099120, 7.995604,Stair-Up
300919, -0.130615, -1.004272, -0.152466, 14.587400, 6.225584, 11.657712,Stair-Up
300939, -0.174072, -1.022339, -0.110840, 17.700200, 2.685546, 12.939450,Stair-Up
300959, -0.195557, -1.165162, -0.065552, 30.151360, 0.549316, 7.446288,Stair-Up
300979, -0.243408, -1.408081, -0.041504, 24.353020, 2.868652, -1.220704,Stair-Up
300999, -0.240967, -1.436158, -0.044922, 12.817380, 7.629394, -11.352536,Stair-Up
301019, -0.294190, -1.428955, -0.079468, 6.347656, 13.854978, -19.775390,Stair-Up
301039, -0.266480, -1.031372, -0.095459, -12.084960, 25.512690, -14.587400,Stair-Up
301059, -0.277588, -0.775269, -0.096436, -3.356933, 36.315920, -2.563476,Stair-Up
301079, -0.290894, -0.717896, -0.082275, 9.643556, 58.349600, 14.465330,Stair-Up
301099, -0.273560, -0.828247, -0.057495, 16.113284, 79.711940, 29.357908,Stair-Up
301119, -0.273193, -0.983154, -0.032471, 13.488768, 92.712380, 38.146980,Stair-Up
301139, -0.208740, -1.108276, 0.008667, 5.432128, 94.665500, 41.259760,Stair-Up
301159, -0.135132, -1.143188, 0.040161, -6.530760, 85.571260, 41.992180,Stair-Up
301179, -0.092529, -1.095093, 0.055908, -12.939450, 71.716320, 43.518060,Stair-Up
301199, -0.072998, -1.064454, 0.047729, -13.305660, 54.870600, 43.945300,Stair-Up
301219, -0.080566, -1.025146, 0.037964, -15.869140, 39.855960, 45.593250,Stair-Up
301239, -0.092651, -0.950440, 0.045654, -15.991210, 26.611320, 45.532220,Stair-Up
301259, -0.142090, -0.894287, 0.079834, -11.657712, 14.953610, 44.372550,Stair-Up
301279, -0.181885, -0.891602, 0.076172, -9.887696, 18.127448, 42.907700,Stair-Up
301299, -0.181763, -0.889771, 0.062988, -8.666994, 26.245110, 41.198720,Stair-Up
301319, -0.184570, -0.904175, 0.057129, -6.164550, 35.339360, 38.269050,Stair-Up
301339, -0.164917, -0.941650, 0.068481, -5.554198, 43.579090, 34.362800,Stair-Up
301359, -0.150024, -0.950562, 0.084839, -7.568358, 47.424300, 29.235832,Stair-Up
301379, -0.165772, -0.942505, 0.092285, -7.629394, 51.147450, 23.376460,Stair-Up
301399, -0.135864, -0.954590, 0.084229, -6.408690, 51.147450, 17.456060,Stair-Up
301419, -0.057983, -0.965820, 0.060303, -5.859374, 39.917000, 13.977050,Stair-Up
301439, -0.062134, -0.940430, 0.033203, -3.906249, 23.925780, 12.817380,Stair-Up
301459, -0.108643, -0.951904, 0.014404, 2.746581, 16.784670, 12.695310,Stair-Up
301479, -0.111938, -1.095337, 0.011719, 7.324218, 19.714360, 14.343260,Stair-Up
301499, -0.110474, -1.182251, 0.039551, 1.953124, 23.925780, 14.099120,Stair-Up
301519, -0.046753, -1.249512, 0.085815, 1.220704, 23.681636, 13.427732,Stair-Up
301539, 0.004883, -1.373658, 0.089600, 0.000000, 15.441892, 10.253904,Stair-Up
301559, 0.072388, -1.432618, 0.058105, 0.183105, -0.122070, 6.958006,Stair-Up
301579, 0.066772, -1.467408, -0.030396, -4.211426, -25.512690, -1.159668,Stair-Up
301599, -0.027954, -1.092774, -0.160889, -24.719230, -44.067380, -4.577638,Stair-Up
301619, -0.133179, -0.636597, -0.236572, -3.662109, -53.527820, -13.000484,Stair-Up
301639, -0.237915, -0.592896, -0.193115, 30.700680, -50.231920, -22.705070,Stair-Up
301659, -0.241211, -0.764771, -0.177124, 38.452160, -31.555170, -30.090330,Stair-Up
301679, -0.313232, -0.833008, -0.246216, 31.616208, 9.826660, -30.151360,Stair-Up
301699, -0.098267, -0.900513, -0.246582, 29.724120, 62.744130, -28.747552,Stair-Up
301719, -0.012085, -1.055176, -0.158936, 28.015130, 63.232410, -34.240730,Stair-Up
301739, -0.066772, -1.142212, -0.107300, 14.526364, 58.166500, -43.151840,Stair-Up
301759, -0.070068, -1.066162, -0.104858, 4.577638, 55.786120, -49.194320,Stair-Up
301779, -0.006714, -0.972168, -0.162964, 4.272462, 36.254890, -46.569820,Stair-Up
301799, -0.032471, -0.857056, -0.231445, 8.239746, 18.066410, -46.508780,Stair-Up
301819, -0.111084, -0.825562, -0.244873, 14.770504, 13.977050, -39.489750,Stair-Up
301839, -0.122925, -0.818604, -0.208618, 17.395020, 10.864256, -34.545900,Stair-Up
301859, -0.172974, -0.843506, -0.159668, 17.944340, 6.774902, -29.724120,Stair-Up
301879, -0.234863, -0.870606, -0.133789, 15.075680, 7.812498, -26.428220,Stair-Up
301899, -0.224365, -0.869507, -0.137939, 10.498044, 13.549804, -23.925780,Stair-Up
301919, -0.157593, -0.875977, -0.168945, 12.695310, 4.699708, -21.789548,Stair-Up
301939, -0.163574, -0.893066, -0.175049, 11.840818, -5.981444, -21.423332,Stair-Up
301959, -0.193115, -0.880615, -0.177002, 13.916012, -11.779784, -19.531250,Stair-Up
301979, -0.256714, -0.899292, -0.181885, 14.465330, -11.047360, -18.615724,Stair-Up
301999, -0.265869, -0.906250, -0.169067, 12.695310, -4.699708, -16.235352,Stair-Up
302019, -0.242432, -0.923340, -0.169312, 11.962890, -1.281738, -13.916012,Stair-Up
302039, -0.272217, -0.939331, -0.192627, 12.329100, 2.990722, -11.535644,Stair-Up
302059, -0.282715, -1.012452, -0.210571, 14.343260, 9.887696, -9.155274,Stair-Up
302079, -0.254639, -1.097900, -0.210327, 11.657712, 13.854978, -6.347656,Stair-Up
302099, -0.238037, -1.156250, -0.175537, 9.460450, 14.343260, -2.563476,Stair-Up
302119, -0.219727, -1.328492, -0.148438, 18.188480, 14.709470, 0.488281,Stair-Up
302139, -0.167114, -1.526978, -0.129272, -5.798338, 18.249516, 10.253904,Stair-Up
302159, -0.098633, -1.435181, -0.124268, -5.493162, 9.643556, 15.930172,Stair-Up
302179, -0.166870, -1.401612, -0.113892, -10.742184, 4.577638, 21.057124,Stair-Up
302199, -0.211426, -1.231934, -0.110718, -16.662600, 11.718748, 28.198240,Stair-Up
302219, -0.231445, -1.055298, -0.119629, -14.282224, 19.531250, 31.005852,Stair-Up
302239, -0.252197, -0.956909, -0.121582, -9.704590, 32.043460, 36.071780,Stair-Up
302259, -0.249146, -0.922852, -0.089722, -8.483890, 45.043940, 38.818360,Stair-Up
302279, -0.237061, -0.931885, -0.046631, -7.995604, 53.466780, 38.269050,Stair-Up
302299, -0.229614, -0.970581, -0.019531, -11.962890, 59.570300, 36.376960,Stair-Up
302319, -0.191040, -0.988404, -0.001953, -17.578130, 62.072740, 35.400400,Stair-Up
302339, -0.141235, -1.012452, 0.033203, -21.850580, 57.678220, 34.667980,Stair-Up
302359, -0.083618, -1.015259, 0.075806, -29.541010, 40.344230, 36.865240,Stair-Up
302379, -0.072510, -0.966919, 0.086670, -29.785150, 23.681636, 37.231450,Stair-Up
302399, -0.100586, -0.942871, 0.060059, -24.291990, 10.375976, 37.841800,Stair-Up
302419, -0.103882, -0.963013, 0.063477, -20.812980, 1.159668, 39.123540,Stair-Up
302439, -0.083618, -0.926758, 0.080811, -21.484370, -8.239746, 41.992180,Stair-Up
302459, -0.137939, -0.840210, 0.094727, -18.249516, -11.962890, 44.555660,Stair-Up
302479, -0.203247, -0.767822, 0.102661, -14.282224, -2.258301, 48.095700,Stair-Up
302499, -0.201904, -0.717163, 0.125122, -8.728030, 13.610836, 50.964340,Stair-Up
302519, -0.174438, -0.752442, 0.162842, -0.183105, 28.137200, 49.865720,Stair-Up
302539, -0.154053, -0.878052, 0.185425, 4.150392, 40.893540, 44.494620,Stair-Up
302559, -0.149536, -0.967896, 0.214233, -3.845214, 52.734360, 32.226570,Stair-Up
302579, -0.160522, -0.841064, 0.235596, -13.854978, 58.898920, 8.239746,Stair-Up
302599, -0.200439, -0.839234, 0.197632, -1.403808, 56.091300, -10.681150,Stair-Up
302619, -0.220581, -0.923828, 0.109497, 1.831054, 65.185560, -20.263670,Stair-Up
302639, -0.187866, -0.996582, 0.027832, 2.136231, 78.491220, -20.507810,Stair-Up
302659, -0.122314, -1.056885, 0.016235, 2.868652, 78.369140, -19.042970,Stair-Up
302679, -0.139648, -1.103516, 0.003418, 5.310058, 72.753920, -15.014646,Stair-Up
302699, -0.125732, -1.099366, -0.036011, 3.662109, 69.702160, -6.713866,Stair-Up
302719, -0.066406, -1.063477, -0.105713, 11.108396, 66.955580, 4.699708,Stair-Up
302739, -0.078735, -1.101318, -0.173950, 19.165040, 61.889640, 14.709470,Stair-Up
302759, -0.146973, -1.148194, -0.185303, 21.118160, 60.119620, 20.507810,Stair-Up
302779, -0.273804, -1.218384, -0.144165, 23.681636, 50.476060, 11.962890,Stair-Up
302799, -0.143433, -1.309326, -0.124756, 4.211426, 79.284680, -18.676760,Stair-Up
302819, 0.194214, -1.218506, -0.137939, -7.812498, 98.449700, -11.413570,Stair-Up
302839, 0.220337, -1.126831, -0.223267, -4.455568, 80.871560, -24.597160,Stair-Up
302859, 0.112793, -1.028809, -0.316406, 1.281738, 72.814940, -36.132820,Stair-Up
302879, 0.123901, -0.927368, -0.387573, 10.681150, 65.246600, -47.973620,Stair-Up
302899, 0.177002, -0.866211, -0.432251, 24.719230, 47.241200, -51.452620,Stair-Up
302919, 0.184937, -0.906006, -0.390625, 31.066890, 35.644540, -47.302240,Stair-Up
302939, 0.135986, -0.938965, -0.304566, 26.550290, 32.958990, -39.367680,Stair-Up
302959, 0.110474, -0.953369, -0.239258, 20.935052, 34.729010, -31.433100,Stair-Up
302979, 0.116943, -1.011597, -0.206665, 19.042970, 31.127924, -27.160640,Stair-Up
302999, 0.105835, -1.073853, -0.202393, 13.122556, 18.249516, -25.695796,Stair-Up
303019, 0.077148, -1.002198, -0.217285, 10.681150, -5.554198, -25.695796,Stair-Up
303039, 0.044312, -0.963257, -0.218872, 14.892576, -15.930172, -24.475090,Stair-Up
303059, -0.009155, -0.896484, -0.222900, 18.371584, -22.338860, -23.376460,Stair-Up
303079, -0.093994, -0.853272, -0.226196, 25.512690, -18.554690, -23.437492,Stair-Up
303099, -0.129150, -0.850464, -0.217651, 27.954100, -5.493162, -23.742670,Stair-Up
303119, -0.118042, -0.832398, -0.194214, 28.991692, 10.742184, -23.071284,Stair-Up
303139, -0.087036, -0.833008, -0.162598, 30.090330, 23.681636, -21.118160,Stair-Up
303159, -0.093506, -0.848145, -0.152588, 31.494136, 31.127924, -18.615724,Stair-Up
303179, -0.126221, -0.876831, -0.148804, 29.296870, 36.010750, -20.507810,Stair-Up
303199, -0.095947, -0.899902, -0.145508, 27.709956, 33.508300, -19.714360,Stair-Up
303219, -0.129395, -0.896851, -0.158691, 24.780270, 28.686520, -23.132320,Stair-Up
303239, -0.108154, -0.916382, -0.187256, 23.315424, 29.052730, -21.545408,Stair-Up
303259, -0.053467, -0.922730, -0.205200, 19.470220, 24.047850, -17.822270,Stair-Up
303279, -0.034302, -0.913574, -0.211548, 18.249516, 13.427732, -12.084960,Stair-Up
303299, -0.074463, -0.922730, -0.213867, 17.456060, 4.333496, -6.408690,Stair-Up
303319, -0.084473, -0.949219, -0.217896, 17.395020, 0.549316, -2.502442,Stair-Up
303339, -0.088745, -1.015137, -0.220459, 16.662600, -1.953124, 1.647949,Stair-Up
303359, -0.049561, -1.057129, -0.216797, 13.488768, -9.521484, 3.051757,Stair-Up
303379, -0.086914, -1.085328, -0.203613, 11.169430, -16.723632, 5.859374,Stair-Up
303399, -0.122314, -1.088379, -0.194336, 8.605960, -17.089850, 7.751464,Stair-Up
303419, -0.100952, -1.092041, -0.190674, 7.263182, -16.784670, 10.864256,Stair-Up
303439, -0.075684, -1.061036, -0.180176, 5.676268, -20.019532, 14.709470,Stair-Up
303459, -0.122437, -1.233154, -0.171875, 23.254390, -18.554690, 15.380856,Stair-Up
303479, -0.158081, -1.479736, -0.137939, 22.338860, -8.728030, 11.718748,Stair-Up
303499, -0.164185, -1.788696, -0.097168, 18.737796, -4.028321, 0.488281,Stair-Up
303519, -0.215820, -1.774048, -0.069580, -33.081060, -10.498044, -7.507323,Stair-Up
303539, -0.221924, -1.039551, -0.060669, -68.664560, -12.756344, -6.286620,Stair-Up
303559, -0.226196, -0.484009, -0.082031, -38.146980, -3.051757, 7.934570,Stair-Up
303579, -0.257935, -0.610474, -0.148926, 5.737304, 25.146480, 28.564450,Stair-Up
303599, -0.178223, -0.902222, -0.144531, -3.417968, 55.114740, 47.119130,Stair-Up
303619, -0.153687, -0.957031, -0.098145, -11.108396, 69.335940, 59.814440,Stair-Up
303639, -0.142944, -1.108765, -0.007446, -4.577638, 69.458020, 57.983390,Stair-Up
303659, -0.119507, -1.329224, 0.078980, -19.287110, 68.603540, 61.767570,Stair-Up
303679, -0.005005, -1.211304, 0.130493, -50.781240, 57.250960, 62.866200,Stair-Up
303699, 0.044678, -1.059814, 0.090942, -49.682610, 39.123540, 64.025900,Stair-Up
303719, 0.024414, -0.981690, 0.028687, -42.297360, 25.512690, 67.565940,Stair-Up
303739, -0.007202, -0.964234, -0.007202, -36.254890, 21.118160, 72.265640,Stair-Up
303759, -0.013428, -0.965942, 0.018555, -32.409680, 16.601568, 74.768080,Stair-Up
303779, -0.055298, -0.952148, 0.062256, -31.860350, 13.610836, 75.012220,Stair-Up
303799, -0.100220, -0.935059, 0.086670, -31.127924, 20.202630, 75.134300,Stair-Up
303819, -0.101807, -0.955811, 0.086548, -28.808590, 31.738280, 74.768080,Stair-Up
303839, -0.061157, -1.036744, 0.079834, -27.282710, 41.625960, 73.730480,Stair-Up
303859, -0.012085, -1.079346, 0.070557, -32.287600, 45.471180, 73.608400,Stair-Up
303879, -0.006348, -1.028442, 0.042480, -35.034180, 45.715320, 72.570800,Stair-Up
303899, -0.037476, -0.988281, 0.008911, -22.094720, 45.776360, 65.551760,Stair-Up
303919, -0.057129, -1.069458, -0.003784, -13.793944, 48.645010, 57.678220,Stair-Up
303939, -0.037598, -1.142334, -0.001221, -14.648436, 48.278800, 48.034660,Stair-Up
303959, -0.033813, -1.096436, -0.018555, -17.517090, 45.349110, 38.330080,Stair-Up
303979, -0.041382, -1.051880, -0.032349, -9.704590, 42.175280, 26.794430,Stair-Up
303999, -0.047607, -1.095948, -0.054688, -1.953124, 42.053220, 16.601568,Stair-Up
304019, -0.051880, -1.142700, -0.072998, -1.037598, 45.776360, 9.094240,Stair-Up
304039, -0.042969, -1.166626, -0.082031, 0.671386, 48.767080, -0.671386,Stair-Up
304059, -0.020752, -1.216309, -0.081421, 4.272462, 49.133290, -13.183590,Stair-Up
304079, -0.020996, -1.261597, -0.109741, 6.408690, 47.180160, -28.381340,Stair-Up
304099, -0.011230, -1.311036, -0.142700, 12.145992, 43.762200, -49.560540,Stair-Up
304119, 0.020508, -1.289917, -0.161743, 11.047360, 24.108880, -80.932600,Stair-Up
304139, 0.000366, -1.146362, -0.206177, 17.456060, 6.774902, -100.280740,Stair-Up
304159, 0.002319, -1.042603, -0.262451, 24.475090, -8.728030, -114.562960,Stair-Up
304179, 0.051758, -0.885132, -0.293335, 26.611320, -26.489250, -118.652320,Stair-Up
304199, 0.046387, -0.763062, -0.319092, 42.541500, -34.973150, -117.370600,Stair-Up
304219, -0.015991, -0.855957, -0.332764, 60.729970, -26.733390, -114.929180,Stair-Up
304239, -0.058105, -1.063110, -0.342774, 60.668940, -5.371092, -109.802240,Stair-Up
304259, -0.026733, -1.166382, -0.352905, 49.011220, 14.770504, -101.074200,Stair-Up
304279, 0.018799, -1.191406, -0.336914, 40.344230, 29.724120, -91.308560,Stair-Up
304299, 0.126099, -1.172486, -0.298462, 24.108880, 37.048340, -72.631840,Stair-Up
304319, 0.209961, -1.043824, -0.255249, 13.793944, 31.127924, -50.903310,Stair-Up
304339, 0.203857, -0.906494, -0.270752, 11.352536, 7.995604, -27.221676,Stair-Up
304359, 0.152344, -0.853638, -0.303345, 12.084960, -11.474608, -17.944340,Stair-Up
304379, 0.133423, -0.809692, -0.313965, 14.160152, -31.433100, -14.282224,Stair-Up
304399, 0.077393, -0.782715, -0.297852, 15.747068, -48.400870, -13.244628,Stair-Up
304419, 0.011963, -0.757568, -0.288330, 16.113284, -56.701650, -12.878416,Stair-Up
304439, -0.043823, -0.741211, -0.294067, 15.686032, -55.480940, -12.573240,Stair-Up
304459, -0.057617, -0.733887, -0.288208, 15.319820, -48.950180, -12.695310,Stair-Up
304479, -0.063232, -0.763184, -0.260742, 13.916012, -42.236320, -11.779784,Stair-Up
304499, -0.064941, -0.756470, -0.240967, 9.460450, -38.208020, -9.216310,Stair-Up
304519, -0.087036, -0.752930, -0.244385, 10.131832, -35.156260, -7.141112,Stair-Up
304539, -0.065796, -0.792358, -0.267090, 11.047360, -35.217290, 0.976562,Stair-Up
304559, -0.037231, -0.827026, -0.269165, 10.620116, -34.057620, 9.704590,Stair-Up
304579, -0.018555, -0.839844, -0.257080, 9.765626, -36.315920, 19.775390,Stair-Up
304599, -0.036255, -0.834473, -0.242065, 10.803220, -37.597660, 30.944820,Stair-Up
304619, -0.068970, -0.833130, -0.242432, 11.718748, -36.682140, 36.499030,Stair-Up
304639, -0.086060, -0.849976, -0.253540, 13.977050, -29.785150, 39.062500,Stair-Up
304659, -0.073486, -0.872437, -0.249878, 14.038084, -26.367180, 38.452160,Stair-Up
304679, -0.089966, -0.875244, -0.238403, 14.465330, -24.169920, 37.414560,Stair-Up
304699, -0.115723, -0.884766, -0.230713, 16.723632, -18.188480, 34.301760,Stair-Up
304719, -0.122070, -0.916748, -0.246460, 18.981940, -10.864256, 29.052730,Stair-Up
304739, -0.121826, -0.947632, -0.248535, 16.174320, -8.178714, 18.371584,Stair-Up
304759, -0.086060, -0.933472, -0.239868, 17.883300, -18.127448, 13.916012,Stair-Up
304779, -0.112915, -0.920776, -0.241333, 18.615724, -25.085448, 0.183105,Stair-Up
304799, -0.170288, -1.020752, -0.225830, 17.456060, -16.296390, 8.605960,Stair-Up
304819, -0.208374, -0.959839, -0.234253, 3.295898, -7.446288, -19.897460,Stair-Up
304839, 0.004883, -0.984619, -0.221802, 30.029290, -11.047360, 1.281738,Stair-Up
304859, -0.152954, -1.240967, -0.186035, 30.578610, 4.821778, 21.667476,Stair-Up
304879, -0.118042, -1.276368, -0.184204, 25.085448, 3.356933, -1.892090,Stair-Up
304899, -0.124512, -1.510986, -0.155884, 29.296870, 6.408690, 3.845214,Stair-Up
304919, -0.099121, -1.584595, -0.137573, 12.023924, 6.103514, -1.892090,Stair-Up
304939, -0.067139, -1.499756, -0.131348, 6.958006, 2.441407, -0.488281,Stair-Up
304959, -0.072022, -1.402710, -0.132690, 4.089356, 0.671386, 2.624511,Stair-Up
304979, -0.083374, -1.329712, -0.128540, 11.535644, 3.234863, 12.145992,Stair-Up
304999, -0.179443, -1.352539, -0.157715, 9.033204, 9.399414, 18.432620,Stair-Up
305019, -0.196655, -1.282104, -0.140869, 0.122070, 18.737796, 26.367180,Stair-Up
305039, -0.165894, -1.197022, -0.084839, -0.915527, 21.484370, 34.301760,Stair-Up
305059, -0.192749, -1.170898, -0.033936, -4.333496, 26.062010, 43.457020,Stair-Up
305079, -0.192749, -1.133545, -0.003174, -11.474608, 41.320790, 57.495110,Stair-Up
305099, -0.120728, -1.105713, 0.017944, -16.601568, 49.377430, 69.458020,Stair-Up
305119, -0.058594, -1.070435, 0.030029, -22.705070, 43.090810, 79.101560,Stair-Up
305139, -0.033447, -0.989624, 0.021362, -25.024410, 30.578610, 86.853000,Stair-Up
305159, -0.046021, -0.926026, 0.008545, -21.179192, 19.775390, 92.773420,Stair-Up
305179, -0.066528, -0.885742, 0.000610, -18.066410, 13.793944, 97.656240,Stair-Up
305199, -0.075684, -0.847534, 0.009644, -12.451170, 6.774902, 98.510720,Stair-Up
305219, -0.125855, -0.819946, 0.020142, -9.521484, 5.065916, 94.909660,Stair-Up
305239, -0.154053, -0.807007, 0.030762, -9.399414, 9.582520, 89.721660,Stair-Up
305259, -0.152344, -0.783936, 0.054199, -10.864256, 14.953610, 83.251940,Stair-Up
305279, -0.153809, -0.751831, 0.076538, -11.840818, 20.690910, 76.232920,Stair-Up
305299, -0.145508, -0.735352, 0.097290, -10.253904, 21.118160, 67.810060,Stair-Up
305319, -0.118042, -0.747192, 0.102661, -4.394532, 4.699708, 57.373040,Stair-Up
305339, -0.138428, -0.790283, 0.104248, 2.624511, -22.705070, 44.189440,Stair-Up
305359, -0.177612, -0.855713, 0.102783, 7.995604, -36.987310, 36.865240,Stair-Up
305379, -0.165283, -0.876953, 0.084229, 7.507323, -44.067380, 31.066890,Stair-Up
305399, -0.190064, -0.855835, 0.046631, 10.681150, -51.635740, 25.939940,Stair-Up
305419, -0.255859, -0.851196, 0.066650, 10.864256, -46.386710, 18.920900,Stair-Up
305439, -0.304077, -0.820312, 0.096069, 10.620116, -33.325200, 13.916012,Stair-Up
305459, -0.376343, -0.825318, 0.102417, 8.422854, -11.291500, 7.446288,Stair-Up
305479, -0.421631, -0.829468, 0.066406, 4.211426, 18.676760, -0.610352,Stair-Up
305499, -0.377808, -0.805420, 0.025024, 0.244141, 45.349110, -8.666994,Stair-Up
305519, -0.326172, -0.787964, 0.000488, 1.403808, 65.856940, -16.967780,Stair-Up
305539, -0.298096, -0.811035, -0.007324, 2.990722, 86.730940, -23.803708,Stair-Up
305559, -0.291748, -0.857300, -0.018188, 3.906249, 106.201160, -29.541010,Stair-Up
305579, -0.291992, -0.903320, -0.033936, 3.295898, 120.971660, -38.330080,Stair-Up
305599, -0.266235, -0.934692, -0.052856, 5.554198, 131.408700, -47.424300,Stair-Up
305619, -0.211426, -1.005371, -0.080811, 12.878416, 133.300800, -57.067860,Stair-Up
305639, -0.121582, -1.176758, -0.067871, 20.812980, 122.863760, -71.289060,Stair-Up
305659, -0.023560, -1.282593, -0.010254, 26.184080, 100.097640, -78.430200,Stair-Up
305679, 0.037231, -1.437866, -0.020142, 37.658700, 61.035140, -91.003400,Stair-Up
305699, -0.075684, -1.635254, -0.129028, 41.687000, 32.592780, -98.999000,Stair-Up
305719, -0.114502, -1.751099, -0.177979, 32.653820, 20.202630, -99.731440,Stair-Up
305739, -0.027344, -1.592530, -0.186035, 18.066410, -3.234863, -95.764140,Stair-Up
305759, -0.090698, -1.355591, -0.198730, 20.385740, -22.216790, -90.026840,Stair-Up
305779, -0.210693, -1.208740, -0.212280, 20.202630, -14.465330, -75.744640,Stair-Up
305799, -0.183228, -1.045410, -0.227661, 16.296390, 14.526364, -61.157220,Stair-Up
305819, -0.052856, -0.933472, -0.238281, 20.324700, 39.917000, -45.959460,Stair-Up
305839, 0.009155, -0.925659, -0.221558, 22.094720, 45.593250, -37.963880,Stair-Up
305859, 0.023560, -0.933716, -0.174194, 16.784670, 38.391120, -34.057620,Stair-Up
305879, 0.033203, -0.904175, -0.152222, 11.413570, 24.719230, -35.217290,Stair-Up
305899, 0.034912, -0.857788, -0.138550, 11.596676, 5.798338, -37.292480,Stair-Up
305919, 0.019043, -0.849365, -0.145630, 14.831540, -13.793944, -41.198720,Stair-Up
305939, 0.026733, -0.853516, -0.150024, 16.540530, -34.484870, -42.480460,Stair-Up
305959, 0.025269, -0.827515, -0.142090, 18.005376, -58.166500, -43.273920,Stair-Up
305979, -0.047485, -0.777954, -0.128052, 21.484370, -67.565940, -42.175280,Stair-Up
305999, -0.080933, -0.750244, -0.114380, 23.742670, -66.589360, -39.001470,Stair-Up
306019, -0.118042, -0.755371, -0.135376, 30.944820, -64.941420, -36.926280,Stair-Up
306039, -0.143555, -0.829346, -0.152710, 32.592780, -59.814440, -36.193860,Stair-Up
306059, -0.118286, -0.842407, -0.160156, 29.113768, -57.312000, -34.118660,Stair-Up
306079, -0.150024, -0.846436, -0.158081, 29.541010, -54.382320, -31.738280,Stair-Up
306099, -0.207520, -0.908570, -0.175293, 28.747552, -43.701160, -26.733390,Stair-Up
306119, -0.197022, -0.957154, -0.208496, 22.033690, -34.851080, -23.010250,Stair-Up
306139, -0.171143, -0.953613, -0.205078, 15.869140, -30.700680, -20.202630,Stair-Up
306159, -0.145142, -0.946655, -0.190918, 11.840818, -21.606440, -10.314940,Stair-Up
306179, -0.150147, -0.940308, -0.183472, 4.882814, -15.319820, 1.953124,Stair-Up
306199, -0.164185, -0.926026, -0.212524, 4.150392, -8.117676, 14.648436,Stair-Up
306219, -0.156616, -0.967529, -0.236084, 1.525878, -8.056642, 28.686520,Stair-Up
306239, -0.172241, -0.945068, -0.250610, 0.549316, -9.704590, 34.484870,Stair-Up
306259, -0.223267, -0.971314, -0.232788, 0.915527, 3.784179, 40.771480,Stair-Up
306279, -0.190796, -1.007324, -0.214844, -6.896972, -1.708984, 30.700680,Stair-Up
306299, -0.159668, -1.033081, -0.187622, -3.967285, -6.835936, 29.541010,Stair-Up
306319, -0.207153, -1.052246, -0.176880, -13.244628, 0.000000, 31.249992,Stair-Up
306339, -0.181519, -1.007690, -0.165527, -12.023924, 5.615234, 28.564450,Stair-Up
306359, -0.176636, -1.059570, -0.144287, -9.948730, 12.390136, 29.602044,Stair-Up
306379, -0.079346, -1.052368, -0.128296, -9.704590, 9.948730, 34.057620,Stair-Up
306399, -0.108887, -1.192871, -0.100586, 7.507323, 3.845214, 33.874520,Stair-Up
306419, -0.134766, -1.461670, -0.086060, 13.793944, -0.305176, 21.423332,Stair-Up
306439, -0.169800, -1.727173, -0.067261, 1.708984, 6.469726, 26.672360,Stair-Up
306459, -0.136719, -1.647583, -0.051392, -22.827140, 5.493162, 19.042970,Stair-Up
306479, -0.117676, -1.425782, -0.053345, -22.644040, 3.967285, 21.667476,Stair-Up
306499, -0.167969, -1.335572, -0.067993, -18.188480, 13.000484, 25.451652,Stair-Up
306519, -0.145142, -1.206910, -0.105591, -16.479492, 42.419420, 42.114250,Stair-Up
306539, -0.120850, -1.175415, -0.100098, -12.023924, 54.016100, 50.048820,Stair-Up
306559, -0.112183, -1.130494, -0.051758, -16.723632, 63.903800, 60.119620,Stair-Up
306579, -0.123535, -1.042236, -0.005371, -18.615724, 72.631840, 68.054200,Stair-Up
306599, -0.108521, -0.984619, 0.033325, -19.653320, 80.139160, 72.326660,Stair-Up
306619, -0.057861, -0.944458, 0.037598, -20.996090, 84.838860, 77.514660,Stair-Up
306639, -0.042969, -0.913696, 0.015991, -23.132320, 82.580560, 80.810540,Stair-Up
306659, -0.025879, -0.856568, -0.003296, -26.062010, 75.439460, 82.458480,Stair-Up
306679, -0.015869, -0.794068, -0.005371, -24.963376, 63.598620, 82.458480,Stair-Up
306699, -0.044189, -0.758057, 0.004150, -22.094720, 51.391590, 79.589840,Stair-Up
306719, -0.076294, -0.737061, 0.023315, -19.958500, 43.334950, 74.707040,Stair-Up
306739, -0.151001, -0.755615, 0.039063, -14.953610, 34.851080, 61.828600,Stair-Up
306759, -0.180054, -0.790161, 0.029907, -14.160152, 33.203130, 51.757800,Stair-Up
306779, -0.178223, -0.802002, 0.019897, -14.404296, 31.799310, 42.724600,Stair-Up
306799, -0.204346, -0.817871, 0.029053, -11.413570, 25.451652, 35.034180,Stair-Up
306819, -0.249512, -0.856812, 0.056030, -7.019042, 11.535644, 24.902340,Stair-Up
306839, -0.269409, -0.876953, 0.056641, -5.065916, 1.037598, 19.226080,Stair-Up
306859, -0.288086, -0.856201, 0.025513, -2.014160, -6.286620, 17.395020,Stair-Up
306879, -0.316895, -0.826782, -0.006592, 3.540038, -10.314940, 15.808104,Stair-Up
306899, -0.347656, -0.824707, -0.010986, 8.850100, -10.986324, 16.296390,Stair-Up
306919, -0.374756, -0.824097, 0.000854, 11.596676, -7.324218, 16.845708,Stair-Up
306939, -0.448364, -0.820801, -0.002686, 13.244628, 2.685546, 19.042970,Stair-Up
306959, -0.487915, -0.812012, -0.034302, 11.901852, 25.878900, 18.371584,Stair-Up
306979, -0.460693, -0.795898, -0.055542, 11.779784, 36.132820, 17.822270,Stair-Up
306999, -0.452759, -0.795532, -0.078735, 13.305660, 42.785640, 17.089850,Stair-Up
307019, -0.463257, -0.809204, -0.092163, 13.671872, 49.987780, 15.869140,Stair-Up
307039, -0.456909, -0.813721, -0.102905, 13.305660, 54.931630, 13.854978,Stair-Up
307059, -0.490356, -0.828613, -0.120483, 14.953610, 59.143060, 10.681150,Stair-Up
307079, -0.521240, -0.823853, -0.156860, 13.366696, 68.725600, 7.690428,Stair-Up
307099, -0.551026, -0.765625, -0.227539, 14.343260, 87.158180, 6.042480,Stair-Up
307119, -0.601440, -0.773560, -0.282349, 22.583000, 116.088840, 5.310058,Stair-Up
307139, -0.588013, -0.884278, -0.304077, 22.338860, 150.268600, 4.150392,Stair-Up
307159, -0.511230, -0.937866, -0.295654, 12.512204, 177.246080, 4.760742,Stair-Up
307179, -0.388550, -0.895874, -0.278442, 5.676268, 197.509700, 2.319336,Stair-Up
307199, -0.264160, -0.914673, -0.287720, 3.967285, 195.129360, -0.183105,Stair-Up
307219, -0.127319, -0.950684, -0.291260, 3.662109, 175.659160, -4.028321,Stair-Up
307239, -0.016602, -1.049805, -0.249268, 5.920409, 139.892600, -10.559080,Stair-Up
307259, 0.036255, -1.166992, -0.197754, 8.666994, 93.383760, -20.996090,Stair-Up
307279, 0.049438, -1.281982, -0.188721, 11.657712, 45.715320, -32.836920,Stair-Up
307299, 0.089844, -1.239502, -0.242310, 3.356933, -1.525878, -35.095220,Stair-Up
307319, 0.111572, -0.991211, -0.313232, 5.493162, -39.062500, -28.320310,Stair-Up
307339, 0.065796, -0.939697, -0.346802, 19.714360, -65.307640, -19.836430,Stair-Up
307359, -0.057495, -0.986572, -0.334229, 20.507810, -77.514660, -11.230468,Stair-Up
307379, -0.204102, -0.959961, -0.288818, 14.038084, -65.856940, -5.249022,Stair-Up
307399, -0.220581, -0.869873, -0.257446, 5.187988, -35.034180, -5.859374,Stair-Up
307419, -0.169434, -0.855469, -0.268433, 2.441407, -18.737796, -9.155274,Stair-Up
307439, -0.089600, -0.858276, -0.274536, -0.061035, -12.817380, -11.413570,Stair-Up
307459, -0.029541, -0.864746, -0.248779, -1.159668, -16.601568, -14.709470,Stair-Up
307479, -0.010132, -0.846680, -0.217163, -0.915527, -25.939940, -17.883300,Stair-Up
307499, -0.022949, -0.846558, -0.214722, 2.014160, -33.813480, -19.348150,Stair-Up
307519, -0.020264, -0.865967, -0.231812, 5.615234, -40.405260, -21.484370,Stair-Up
307539, -0.021118, -0.898804, -0.246094, 8.850100, -45.166000, -24.291990,Stair-Up
307559, -0.001831, -0.946778, -0.248047, 12.756344, -46.874990, -26.672360,Stair-Up
307579, 0.001343, -0.985596, -0.247681, 14.221190, -46.874990, -28.747552,Stair-Up
307599, -0.028442, -0.976685, -0.247803, 14.038084, -43.518060, -30.334470,Stair-Up
307619, -0.064331, -0.960938, -0.252808, 18.066410, -34.057620, -35.644540,Stair-Up
307639, -0.025024, -0.937378, -0.264038, 18.493652, -26.550290, -36.071780,Stair-Up
307659, 0.008179, -0.933106, -0.283203, 22.827140, -27.343748, -34.729010,Stair-Up
307679, 0.014160, -0.929688, -0.278198, 24.169920, -38.696300, -34.057620,Stair-Up
307699, -0.057983, -0.918579, -0.266602, 26.123040, -48.522940, -35.339360,Stair-Up
307719, -0.115723, -0.921753, -0.252441, 26.123040, -47.302240, -36.560060,Stair-Up
307739, -0.116577, -0.921753, -0.255249, 23.986810, -40.222160, -35.766600,Stair-Up
307759, -0.106445, -0.919800, -0.256592, 23.437492, -34.973150, -34.667980,Stair-Up
307779, -0.095459, -0.932617, -0.250732, 23.376460, -33.325200, -34.973150,Stair-Up
307799, -0.110230, -0.923950, -0.233154, 22.338860, -32.043460, -34.179700,Stair-Up
307819, -0.124023, -0.911499, -0.224487, 23.559568, -33.325200, -34.973150,Stair-Up
307839, -0.143799, -0.926880, -0.252075, 24.780270, -34.729010, -37.170420,Stair-Up
307859, -0.130981, -0.921753, -0.250244, 23.864740, -36.499030, -37.719730,Stair-Up
307879, -0.133545, -0.928711, -0.232056, 24.963376, -41.320790, -38.635260,Stair-Up
307899, -0.140137, -0.926392, -0.214966, 25.024410, -46.325680, -39.123540,Stair-Up
307919, -0.159912, -0.928589, -0.228882, 27.954100, -48.278800, -38.757330,Stair-Up
307939, -0.186279, -0.952881, -0.250122, 29.174800, -46.936020, -38.635260,Stair-Up
307959, -0.205566, -0.982666, -0.253174, 28.747552, -44.189440, -39.428720,Stair-Up
307979, -0.207397, -1.003174, -0.214233, 25.512690, -40.039070, -37.963880,Stair-Up
307999, -0.203003, -1.024292, -0.187866, 24.047850, -33.935560, -33.569340,Stair-Up
308019, -0.194824, -1.034180, -0.212524, 20.385740, -26.245110, -25.939940,Stair-Up
308039, -0.174927, -1.015259, -0.237305, 19.287110, -23.315424, -17.761230,Stair-Up
308059, -0.131592, -1.037232, -0.221436, 23.620600, -32.897960, -7.995604,Stair-Up
308079, -0.159058, -1.085938, -0.195313, 27.587884, -37.475590, -3.112792,Stair-Up
308099, -0.207886, -1.282593, -0.170898, 34.301760, -34.240730, -1.342773,Stair-Up
308119, -0.204346, -1.492310, -0.146729, 29.235832, -30.151360, -2.868652,Stair-Up
308139, -0.196289, -1.654541, -0.187744, 20.629880, -27.282710, -5.798338,Stair-Up
308159, -0.135132, -1.422486, -0.198730, -10.498044, -24.963376, 6.530760,Stair-Up
308179, -0.111450, -0.983398, -0.194702, -8.850100, -27.587884, 21.301268,Stair-Up
308199, -0.161133, -0.839478, -0.190918, 2.929687, -26.428220, 34.851080,Stair-Up
308219, -0.219482, -0.822022, -0.192871, 2.197266, -14.770504, 50.903310,Stair-Up
308239, -0.230835, -0.792969, -0.206787, 1.037598, -3.417968, 59.265120,Stair-Up
308259, -0.195435, -0.851440, -0.194946, -0.915527, 4.333496, 63.903800,Stair-Up
308279, -0.145386, -0.988648, -0.144897, -7.324218, 8.605960, 66.162120,Stair-Up
308299, -0.108276, -1.142456, -0.105713, -12.634276, 7.812498, 63.903800,Stair-Up
308319, -0.030029, -1.255860, -0.051636, -27.099608, -2.136231, 62.622060,Stair-Up
308339, 0.040771, -1.234620, -0.016479, -40.832510, -25.695796, 61.950680,Stair-Up
308359, 0.029541, -1.140381, -0.002075, -44.128410, -54.382320, 61.584460,Stair-Up
308379, -0.028564, -1.093018, 0.003052, -40.344230, -75.195320, 61.584460,Stair-Up
308399, -0.066040, -1.026001, 0.005005, -38.818360, -87.280260, 62.988270,Stair-Up
308419, -0.153198, -0.938110, -0.003418, -32.409680, -86.914040, 63.354480,Stair-Up
308439, -0.223145, -0.885132, -0.017212, -25.024410, -73.181160, 61.523430,Stair-Up
308459, -0.263916, -0.849365, -0.023438, -19.226080, -53.405750, 56.152340,Stair-Up
308479, -0.277588, -0.817261, -0.011108, -13.549804, -30.090330, 46.874990,Stair-Up
308499, -0.295532, -0.818970, 0.006836, -7.385252, 9.643556, 32.226570,Stair-Up
308519, -0.291626, -0.831787, 0.010742, -6.286620, 34.545900, 19.653320,Stair-Up
308539, -0.263550, -0.841187, 0.016724, -5.493162, 53.955070, 6.835936,Stair-Up
308559, -0.230347, -0.885376, 0.026489, -4.150392, 67.138680, -4.760742,Stair-Up
308579, -0.166626, -0.910400, 0.030884, -5.676268, 68.969740, -16.357424,Stair-Up
308599, -0.164551, -0.921265, 0.029907, -4.516602, 64.209000, -28.198240,Stair-Up
308619, -0.178711, -0.938965, 0.029907, -4.028321, 60.546860, -39.611820,Stair-Up
308639, -0.174438, -0.947998, 0.017822, -3.906249, 58.715810, -48.522940,Stair-Up
308659, -0.164429, -0.959229, -0.000732, -4.089356, 56.457510, -53.955070,Stair-Up
308679, -0.123901, -0.964844, -0.012939, -3.662109, 50.964340, -56.030260,Stair-Up
308699, -0.122803, -0.977539, -0.034546, -1.708984, 45.898430, -54.809560,Stair-Up
308719, -0.106445, -0.998047, -0.068481, -1.098633, 38.879400, -47.424300,Stair-Up
308739, -0.103516, -1.006958, -0.076172, 2.075196, 31.982420, -40.832510,Stair-Up
308759, -0.092163, -1.040284, -0.102173, 5.310058, 25.329584, -35.156260,Stair-Up
308779, -0.078980, -1.076294, -0.129883, 7.568358, 18.676760, -28.686520,Stair-Up
308799, -0.081299, -1.093018, -0.136841, 8.666994, 12.023924, -22.460930,Stair-Up
308819, -0.084106, -1.160767, -0.123657, 14.160152, 7.080076, -18.066410,Stair-Up
308839, -0.077637, -1.286988, -0.118042, 13.854978, 3.479003, -15.808104,Stair-Up
308859, -0.056763, -1.397217, -0.126831, 12.634276, 0.305176, -14.953610,Stair-Up
308879, -0.023804, -1.542847, -0.124878, 11.169430, -7.507323, -16.418460,Stair-Up
308899, 0.019287, -1.612793, -0.111938, 1.281738, -21.972650, -19.653320,Stair-Up
308919, -0.020996, -1.511230, -0.139282, -6.164550, -33.264160, -21.240230,Stair-Up
308939, -0.054688, -1.353028, -0.186035, -2.868652, -38.940440, -28.808590,Stair-Up
308959, -0.056519, -1.227051, -0.203980, -3.967285, -33.630380, -29.357908,Stair-Up
308979, -0.086548, -1.062744, -0.239868, -2.502442, -19.653320, -28.869624,Stair-Up
308999, -0.092041, -0.915650, -0.277710, 2.502442, 3.417968, -24.291990,Stair-Up
309019, -0.098022, -0.859131, -0.307617, 11.657712, 29.541010, -19.958500,Stair-Up
309039, -0.063843, -0.907349, -0.308350, 14.282224, 54.077140, -13.183590,Stair-Up
309059, -0.035522, -0.939820, -0.282227, 7.568358, 78.125000, -0.610352,Stair-Up
309079, 0.083252, -0.930420, -0.243652, -3.967285, 92.956520, 11.718748,Stair-Up
309099, 0.230835, -0.880615, -0.202026, -12.390136, 81.237760, 21.118160,Stair-Up
309119, 0.234131, -0.838135, -0.178711, -16.052250, 55.419910, 21.606440,Stair-Up
309139, 0.231689, -0.805176, -0.170776, -19.165040, 23.925780, 18.920900,Stair-Up
309159, 0.213501, -0.729492, -0.168213, -19.226080, -35.705570, 6.652830,Stair-Up
309179, 0.186890, -0.687622, -0.174438, -16.174320, -70.739760, 0.366211,Stair-Up
309199, 0.109497, -0.676270, -0.193970, -13.061520, -93.261700, -4.577638,Stair-Up
309219, 0.029419, -0.672119, -0.217896, -9.826660, -105.163560, -10.070800,Stair-Up
309239, -0.049927, -0.706055, -0.209351, -5.737304, -106.323220, -15.869140,Stair-Up
309259, -0.093872, -0.757446, -0.175293, -5.065916, -98.449700, -18.981940,Stair-Up
309279, -0.103394, -0.801636, -0.142700, -5.493162, -86.914040, -18.554690,Stair-Up
309299, -0.086182, -0.836060, -0.126099, -5.065916, -75.012220, -18.920900,Stair-Up
309319, -0.065430, -0.860596, -0.117432, -4.089356, -62.499990, -17.150880,Stair-Up
309339, -0.059814, -0.861694, -0.130249, -2.990722, -49.926750, -13.305660,Stair-Up
309359, -0.054443, -0.850342, -0.149780, 0.915527, -41.076650, -10.681150,Stair-Up
309379, -0.063354, -0.839600, -0.182251, 9.521484, -32.531740, -8.239746,Stair-Up
309399, -0.061523, -0.829590, -0.181519, 16.784670, -29.113768, -7.568358,Stair-Up
309419, -0.076050, -0.827637, -0.163696, 23.254390, -24.169920, -8.178714,Stair-Up
309439, -0.115845, -0.836792, -0.156982, 27.282710, -13.854978, -8.239746,Stair-Up
309459, -0.106079, -0.850952, -0.170166, 28.991692, -5.554198, -9.704590,Stair-Up
309479, -0.088623, -0.882812, -0.186890, 30.639640, -8.728030, -12.817380,Stair-Up
309499, -0.135254, -0.915039, -0.211304, 32.470710, -14.099120, -19.592290,Stair-Up
309519, -0.146973, -0.959839, -0.217529, 30.700680, -14.038084, -24.902340,Stair-Up
309539, -0.124146, -0.953491, -0.238892, 28.747552, -14.465330, -28.320310,Stair-Up
309559, -0.107910, -0.980469, -0.255127, 30.822750, -18.554690, -31.982420,Stair-Up
309579, -0.124512, -1.052734, -0.263306, 31.616208, -20.385740, -33.386240,Stair-Up
309599, -0.140381, -1.139160, -0.270630, 28.198240, -17.456060, -31.738280,Stair-Up
309619, -0.134033, -1.253052, -0.229614, 34.851080, -16.723632, -31.494136,Stair-Up
309639, -0.150757, -1.474366, -0.198975, 31.433100, -13.793944, -29.785150,Stair-Up
309659, -0.147217, -1.593018, -0.208130, 22.521970, -7.812498, -24.963376,Stair-Up
309679, -0.114380, -1.659546, -0.187866, 13.427732, -6.896972, -20.812980,Stair-Up
309699, -0.075439, -1.605225, -0.190796, 2.807617, -10.437010, -12.939450,Stair-Up
309719, -0.124634, -1.447144, -0.206055, -2.136231, -8.972170, -1.342773,Stair-Up
309739, -0.169434, -1.314331, -0.198608, -2.136231, 1.892090, 11.047360,Stair-Up
309759, -0.192383, -1.201050, -0.176880, -3.723144, 15.197750, 23.559568,Stair-Up
309779, -0.242432, -1.110718, -0.147827, -4.821778, 33.508300, 34.606940,Stair-Up
309799, -0.240601, -1.097046, -0.101196, -6.469726, 55.297840, 43.579090,Stair-Up
309819, -0.150391, -1.069580, -0.043579, -18.188480, 75.805680, 55.114740,Stair-Up
309839, -0.092407, -1.031982, -0.026367, -22.521970, 75.500500, 60.607900,Stair-Up
309859, -0.053711, -0.992920, -0.018433, -26.855464, 68.054200, 64.331060,Stair-Up
309879, -0.030762, -0.926514, -0.007446, -28.686520, 56.518540, 68.054200,Stair-Up
309899, -0.030762, -0.878784, -0.000366, -27.343748, 43.518060, 68.847660,Stair-Up
309919, -0.065186, -0.835205, -0.003418, -26.855464, 35.034180, 68.847660,Stair-Up
309939, -0.104614, -0.796631, 0.003174, -26.916500, 31.921380, 66.345240,Stair-Up
309959, -0.123413, -0.770752, 0.011719, -27.099608, 32.531740, 62.072740,Stair-Up
309979, -0.138184, -0.754517, 0.023071, -28.015130, 35.888680, 56.884760,Stair-Up
309999, -0.131714, -0.758057, 0.038574, -29.052730, 40.527340, 51.635740,Stair-Up
310019, -0.112793, -0.758423, 0.060303, -31.860350, 42.846670, 46.508780,Stair-Up
310039, -0.110840, -0.764160, 0.079712, -30.761716, 41.259760, 36.315920,Stair-Up
310059, -0.105713, -0.787232, 0.078125, -29.235832, 38.940440, 29.357908,Stair-Up
310079, -0.101196, -0.811279, 0.057739, -25.695796, 35.217290, 21.484370,Stair-Up
310099, -0.111938, -0.851196, 0.033813, -20.263670, 31.249992, 12.634276,Stair-Up
310119, -0.128052, -0.887818, 0.025879, -17.333990, 28.625480, 4.821778,Stair-Up
310139, -0.140625, -0.881592, 0.028931, -14.770504, 27.099608, -2.502442,Stair-Up
310159, -0.149292, -0.880249, 0.025635, -8.056642, 29.113768, -8.178714,Stair-Up
310179, -0.152710, -0.924927, 0.005859, -3.662109, 36.499030, -10.742184,Stair-Up
310199, -0.142578, -0.946655, 0.001953, -3.906249, 45.104970, -10.742184,Stair-Up
310219, -0.112061, -0.936035, 0.004028, -1.892090, 50.598140, -9.094240,Stair-Up
310239, -0.113770, -0.958130, -0.020630, 2.807617, 51.513660, -7.934570,Stair-Up
310259, -0.079712, -0.985596, -0.092285, 7.446288, 46.569820, -4.760742,Stair-Up
310279, -0.048706, -0.990601, -0.129883, 15.197750, 33.569340, -4.699708,Stair-Up
310299, -0.073486, -1.035767, -0.151855, 22.644040, 23.437492, -3.906249,Stair-Up
310319, -0.132813, -1.104370, -0.157593, 27.038570, 18.981940, -6.591796,Stair-Up
310339, -0.157227, -1.178101, -0.147827, 20.874020, 25.878900, -9.826660,Stair-Up
310359, -0.118530, -1.109009, -0.085327, 5.615234, 32.165540, -12.207030,Stair-Up
310379, 0.130371, -1.226196, -0.011230, 15.930172, 36.682140, -23.986810,Stair-Up
310399, 0.564209, -1.406738, -0.023193, 9.155274, 17.517090, -23.986810,Stair-Up
310419, 0.556396, -1.531982, -0.048950, 21.179192, -29.418940, -38.085940,Stair-Up
310439, 0.428101, -1.729858, -0.042603, 25.451652, -73.669440, -67.688000,Stair-Up
310459, 0.415894, -1.718994, -0.102539, 16.235352, -99.792460, -84.350560,Stair-Up
310479, 0.274170, -1.330078, -0.259399, 24.658200, -108.581520, -89.843740,Stair-Up
310499, 0.066406, -1.210205, -0.323975, 31.860350, -86.120600, -84.472640,Stair-Up
310519, -0.082031, -1.067261, -0.319458, 28.991692, -36.926280, -77.758800,Stair-Up
310539, -0.064575, -0.966309, -0.213257, 26.245110, 12.878416, -70.739760,Stair-Up
310559, -0.026611, -0.936524, -0.110230, 25.146480, 42.480460, -66.894540,Stair-Up
310579, -0.053711, -0.936646, -0.120361, 18.737796, 61.035140, -63.293440,Stair-Up
310599, 0.040527, -0.893311, -0.169800, 11.108396, 65.185560, -55.053700,Stair-Up
310619, 0.170898, -0.804932, -0.194214, 9.643556, 33.142100, -51.818840,Stair-Up
310639, 0.121094, -0.711792, -0.184692, 14.892576, -13.366696, -53.222640,Stair-Up
310659, 0.052368, -0.678589, -0.156250, 23.803708, -49.377430, -52.062980,Stair-Up
310679, -0.005127, -0.685669, -0.152954, 31.677240, -75.195320, -46.874990,Stair-Up
310699, -0.089111, -0.761597, -0.200928, 34.057620, -75.012220, -41.503900,Stair-Up
310719, -0.140137, -0.782837, -0.211670, 26.184080, -67.504900, -35.888680,Stair-Up
310739, -0.175049, -0.768066, -0.208496, 22.766110, -57.922360, -31.799310,Stair-Up
310759, -0.194824, -0.802246, -0.217285, 21.118160, -46.447740, -27.160640,Stair-Up
310779, -0.173706, -0.836548, -0.249146, 15.319820, -36.376960, -21.850580,Stair-Up
310799, -0.093506, -0.841064, -0.283447, 11.718748, -34.301760, -14.160152,Stair-Up
310819, -0.077393, -0.859375, -0.300049, 10.559080, -39.550780, -5.065916,Stair-Up
310839, -0.123169, -0.880737, -0.296143, 8.117676, -41.198720, 3.967285,Stair-Up
310859, -0.115845, -0.899902, -0.285156, 6.042480, -38.818360, 12.268064,Stair-Up
310879, -0.106445, -0.925781, -0.308594, 6.896972, -38.391120, 19.409180,Stair-Up
310899, -0.122681, -0.977661, -0.331543, 2.929687, -32.897960, 29.846190,Stair-Up
310919, -0.123535, -0.981201, -0.293091, 0.915527, -30.944820, 35.217290,Stair-Up
310939, -0.151855, -1.005616, -0.277710, 1.586914, -24.475090, 39.428720,Stair-Up
310959, -0.148804, -1.046265, -0.277466, -0.854492, -14.587400, 43.701160,Stair-Up
310979, -0.117188, -1.068116, -0.275879, -1.953124, -7.507323, 46.813960,Stair-Up
310999, -0.096313, -1.094849, -0.267578, -2.319336, -5.737304, 49.499500,Stair-Up
311019, -0.110962, -1.086548, -0.240723, -3.601074, -3.967285, 53.161610,Stair-Up
311039, -0.125122, -1.092041, -0.228638, 2.441407, 1.098633, 55.358880,Stair-Up
311059, -0.096680, -1.221802, -0.216187, 12.268064, 7.446288, 57.006820,Stair-Up
311079, -0.081055, -1.467163, -0.159058, 15.747068, 12.512204, 56.884760,Stair-Up
311099, -0.091187, -1.634156, -0.108765, 1.464844, 15.991210, 56.091300,Stair-Up
311119, -0.124146, -1.606446, -0.109985, -11.901852, 21.179192, 49.804680,Stair-Up
311139, -0.101196, -1.434082, -0.136475, -17.700200, 25.268550, 48.461900,Stair-Up
311159, -0.084839, -1.246948, -0.157593, -17.822270, 31.372068, 51.757800,Stair-Up
311179, -0.096680, -1.089966, -0.147339, -15.075680, 41.259760, 58.593740,Stair-Up
311199, -0.112305, -1.005982, -0.116943, -8.789064, 51.330560, 64.941420,Stair-Up
311219, -0.155640, -1.026856, -0.100952, -4.699708, 62.499990, 67.138680,Stair-Up
311239, -0.147705, -1.068726, -0.105469, -6.042480, 71.533200, 67.260740,Stair-Up
311259, -0.113281, -1.145630, -0.082153, -10.131832, 72.021500, 63.720700,Stair-Up
311279, -0.056274, -1.118530, -0.021606, -23.193352, 64.819340, 62.255850,Stair-Up
311299, -0.030396, -1.008789, 0.001465, -28.259270, 53.649900, 62.377920,Stair-Up
311319, -0.012939, -0.918701, -0.014282, -29.418940, 42.602530, 63.232410,Stair-Up
311339, -0.026123, -0.834961, -0.060547, -27.404780, 23.803708, 67.443860,Stair-Up
311359, -0.045532, -0.712402, -0.068726, -22.338860, 15.502928, 68.237320,Stair-Up
311379, -0.087402, -0.682984, -0.067871, -17.761230, 12.451170, 67.016600,Stair-Up
311399, -0.097534, -0.674072, -0.034424, -16.235352, 13.061520, 64.575200,Stair-Up
311419, -0.099731, -0.661499, 0.001099, -16.601568, 17.028810, 62.072740,Stair-Up
311439, -0.113647, -0.648194, 0.015259, -17.089850, 22.338860, 58.532700,Stair-Up
311459, -0.110718, -0.682739, 0.012817, -13.977050, 25.878900, 51.086420,Stair-Up
311479, -0.085083, -0.746582, 0.006348, -14.770504, 23.681636, 40.771480,Stair-Up
311499, -0.069214, -0.765503, 0.008057, -13.977050, 16.296390, 27.648920,Stair-Up
311519, -0.072876, -0.794434, 0.013306, -9.460450, 6.896972, 11.962890,Stair-Up
311539, -0.087524, -0.817139, 0.012451, -5.615234, -2.197266, -4.516602,Stair-Up
311559, -0.123535, -0.825806, -0.008667, 2.380371, -10.498044, -28.991692,Stair-Up
311579, -0.126709, -0.812988, -0.025024, 7.690428, -12.573240, -41.809080,Stair-Up
311599, -0.130371, -0.825318, -0.034912, 16.418460, -12.817380, -53.344720,Stair-Up
311619, -0.164673, -0.894898, -0.058960, 24.230950, -7.446288, -61.889640,Stair-Up
311639, -0.194824, -0.978516, -0.072754, 26.428220, 4.333496, -69.946300,Stair-Up
311659, -0.171387, -1.022828, -0.083618, 26.550290, 16.113284, -75.012220,Stair-Up
311679, -0.166870, -1.073120, -0.101807, 29.357908, 24.230950, -80.444320,Stair-Up
311699, -0.161743, -1.132446, -0.127930, 31.005852, 33.691410, -83.190900,Stair-Up
311719, -0.065308, -1.202270, -0.129761, 32.531740, 36.743170, -84.167460,Stair-Up
311739, 0.070190, -1.273438, -0.100952, 29.846190, 27.832030, -75.317400,Stair-Up
311759, 0.124634, -1.380860, -0.092285, 40.039070, 3.173828, -64.697280,Stair-Up
311779, -0.095825, -1.683838, -0.106934, 31.066890, -21.545408, -54.199210,Stair-Up
311799, -0.092773, -1.714600, -0.113770, 28.137200, -33.630380, -55.236800,Stair-Up
311819, -0.141113, -1.716064, -0.132568, 15.624996, -46.691880, -59.204090,Stair-Up
311839, -0.180054, -1.494019, -0.180420, 4.882814, -42.053220, -55.480940,Stair-Up
311859, -0.167603, -1.279908, -0.233032, 6.103514, -28.076170, -49.987780,Stair-Up
311879, -0.165894, -1.118164, -0.308838, 8.117676, -5.981444, -38.696300,Stair-Up
311899, -0.108398, -0.983154, -0.347168, 8.728030, 14.648436, -28.686520,Stair-Up
311919, -0.006104, -0.866089, -0.319336, 6.652830, 21.484370, -21.423332,Stair-Up
311939, 0.018555, -0.771118, -0.269165, 6.774902, 15.441892, -17.456060,Stair-Up
311959, 0.015503, -0.753662, -0.229614, 7.873534, 8.178714, -17.700200,Stair-Up
311979, 0.117188, -0.817017, -0.188721, 3.295898, -2.685546, -17.272950,Stair-Up
311999, 0.150879, -0.790039, -0.133057, -11.352536, -35.400400, -14.343260,Stair-Up
312019, 0.075317, -0.731323, -0.118286, -14.038084, -50.598140, -13.671872,Stair-Up
312039, 0.041992, -0.734863, -0.114014, -12.512204, -60.241690, -13.061520,Stair-Up
312059, 0.051514, -0.748779, -0.136230, -11.291500, -65.795900, -10.681150,Stair-Up
312079, 0.023438, -0.784912, -0.164185, -6.103514, -70.007340, -9.460450,Stair-Up
312099, -0.020996, -0.810425, -0.171509, -5.493162, -69.396980, -8.605960,Stair-Up
312119, -0.040405, -0.776001, -0.145874, -3.479003, -66.955580, -7.934570,Stair-Up
312139, -0.060669, -0.757935, -0.132935, 2.441407, -61.889640, -7.141112,Stair-Up
312159, -0.104004, -0.798096, -0.118774, 7.141112, -49.804680, -4.150392,Stair-Up
312179, -0.092651, -0.856812, -0.138794, 7.568358, -37.597660, -1.647949,Stair-Up
312199, -0.093140, -0.871948, -0.164185, 6.530760, -32.958990, 0.183105,Stair-Up
312219, -0.123291, -0.878662, -0.156006, 8.544924, -28.503410, -1.403808,Stair-Up
312239, -0.109009, -0.884766, -0.158814, 10.253904, -26.000970, -1.220704,Stair-Up
312259, -0.131104, -0.898316, -0.185059, 11.718748, -21.484370, 0.244141,Stair-Up
312279, -0.111816, -0.892456, -0.201904, 10.681150, -16.479492, 3.295898,Stair-Up
312299, -0.102661, -0.879883, -0.197510, 12.512204, -15.808104, 4.943848,Stair-Up
312319, -0.111816, -0.908203, -0.188721, 15.136716, -15.991210, 5.371092,Stair-Up
312339, -0.130005, -0.946900, -0.190674, 15.380856, -16.662600, 3.845214,Stair-Up
312359, -0.086548, -0.971192, -0.217285, 16.845708, -24.963376, 2.990722,Stair-Up
312379, -0.152344, -0.995606, -0.237305, 18.127448, -20.690910, 2.319336,Stair-Up
312399, -0.142456, -1.031494, -0.225464, 13.244628, -13.061520, 0.000000,Stair-Up
312419, -0.102295, -1.013794, -0.220703, 13.488768, -16.296390, -1.647949,Stair-Up
312439, -0.170776, -1.085083, -0.244995, 17.272950, -3.601074, 5.676268,Stair-Up
312459, -0.120483, -1.090576, -0.256592, 17.761230, 5.676268, 12.756344,Stair-Up
312479, -0.131836, -1.198730, -0.245117, 19.592290, 3.173828, 10.864256,Stair-Up
312499, -0.156250, -1.292603, -0.213257, 13.000484, 3.723144, 5.493162,Stair-Up
312519, -0.104858, -1.362793, -0.200439, 13.732908, 8.300784, 12.390136,Stair-Up
312539, -0.068604, -1.416382, -0.195923, 6.774902, 0.427246, 10.559080,Stair-Up
312559, -0.068726, -1.413696, -0.192505, 2.380371, -3.112792, 18.066410,Stair-Up
312579, -0.097412, -1.367432, -0.206055, -0.244141, -0.976562, 25.207516,Stair-Up
312599, -0.096069, -1.300538, -0.219605, 1.708984, -4.272462, 23.925780,Stair-Up
312619, -0.142334, -1.316406, -0.220215, 1.464844, 2.258301, 29.357908,Stair-Up
312639, -0.145142, -1.199707, -0.210938, -6.530760, 9.643556, 30.883784,Stair-Up
312659, -0.199829, -1.024292, -0.177734, -7.446288, 24.780270, 31.555170,Stair-Up
312679, -0.168213, -0.986938, -0.137939, -8.789064, 33.813480, 32.836920,Stair-Up
312699, -0.124634, -0.970093, -0.103638, -13.183590, 39.794920, 35.461430,Stair-Up
312719, -0.089233, -0.939697, -0.083618, -19.287110, 40.771480, 39.794920,Stair-Up
312739, -0.066284, -0.889404, -0.067261, -23.498530, 34.545900, 41.870110,Stair-Up
312759, -0.061157, -0.839600, -0.052368, -25.451652, 24.169920, 42.480460,Stair-Up
312779, -0.044189, -0.787232, -0.041870, -26.550290, 12.023924, 43.029780,Stair-Up
312799, -0.058350, -0.730103, -0.043335, -25.268550, 1.159668, 43.457020,Stair-Up
312819, -0.094849, -0.705566, -0.045044, -22.094720, -3.479003, 43.762200,Stair-Up
312839, -0.103882, -0.715210, -0.028809, -21.484370, -5.065916, 43.212880,Stair-Up
312859, -0.115234, -0.714600, -0.007690, -22.216790, -4.333496, 41.748040,Stair-Up
312879, -0.114502, -0.746094, 0.018066, -20.263670, -0.610352, 36.682140,Stair-Up
312899, -0.107666, -0.803101, 0.017578, -20.019532, -0.549316, 31.066890,Stair-Up
312919, -0.105957, -0.841919, 0.025146, -19.897460, -2.136231, 23.864740,Stair-Up
312939, -0.095703, -0.882812, 0.032715, -18.432620, -6.164550, 15.380856,Stair-Up
312959, -0.104858, -0.908692, 0.044312, -16.418460, -12.268064, 6.958006,Stair-Up
312979, -0.136353, -0.929199, 0.048828, -13.244628, -14.160152, -1.647949,Stair-Up
312999, -0.171387, -0.950928, 0.018921, -10.986324, -11.840818, -7.507323,Stair-Up
313019, -0.207397, -0.954468, -0.015747, -8.361816, -5.737304, -13.671872,Stair-Up
313039, -0.201782, -0.936402, -0.019531, -6.958006, -0.366211, -18.432620,Stair-Up
313059, -0.203980, -0.919922, -0.015869, -1.525878, 2.990722, -21.667476,Stair-Up
313079, -0.249023, -0.944336, -0.018066, 1.953124, 13.549804, -21.667476,Stair-Up
313099, -0.192627, -0.938477, -0.043823, 3.601074, 24.047850, -21.057124,Stair-Up
313119, -0.200806, -0.942627, -0.073486, 8.850100, 22.583000, -21.789548,Stair-Up
313139, -0.206909, -0.957031, -0.079468, 9.094240, 23.498530, -20.874020,Stair-Up
313159, -0.172363, -0.946045, -0.070313, 10.986324, 21.179192, -19.836430,Stair-Up
313179, -0.183838, -0.992554, -0.088989, 15.930172, 16.723632, -19.592290,Stair-Up
313199, -0.220093, -1.072022, -0.141846, 16.540530, 17.150880, -19.592290,Stair-Up
313219, -0.188721, -1.114380, -0.172974, 11.657712, 16.662600, -19.531250,Stair-Up
313239, -0.146851, -1.090088, -0.176636, 8.239746, 11.230468, -17.333990,Stair-Up
313259, -0.136230, -1.102417, -0.140015, 13.000484, 5.371092, -14.526364,Stair-Up
313279, -0.157471, -1.346680, -0.146484, 22.766110, 0.366211, -14.892576,Stair-Up
313299, -0.113525, -1.532837, -0.153320, 6.347656, -5.310058, -15.075680,Stair-Up
313319, -0.083252, -1.501099, -0.207275, -0.366211, -30.334470, -18.981940,Stair-Up
313339, -0.128784, -1.427734, -0.235596, -7.751464, -39.672860, -17.822270,Stair-Up
313359, -0.163696, -1.256226, -0.259644, -9.277344, -38.696300, -13.549804,Stair-Up
313379, -0.209229, -1.136597, -0.287109, -5.493162, -30.822750, -8.972170,Stair-Up
313399, -0.250732, -1.088746, -0.321899, -1.464844, -14.038084, -4.211426,Stair-Up
313419, -0.218872, -1.088501, -0.340088, -1.708984, 1.586914, -0.549316,Stair-Up
313439, -0.153687, -1.051514, -0.344482, -7.324218, 7.629394, 3.784179,Stair-Up
313459, -0.105591, -0.954346, -0.335449, -12.451170, 7.751464, 10.009768,Stair-Up
313479, -0.063110, -0.862061, -0.318359, -14.770504, 3.845214, 17.639160,Stair-Up
313499, -0.030396, -0.811890, -0.314087, -13.916012, -3.417968, 24.291990,Stair-Up
313519, -0.027100, -0.825318, -0.312988, -13.671872, -12.634276, 28.320310,Stair-Up
313539, -0.017822, -0.851196, -0.274902, -20.263670, -31.738280, 29.968260,Stair-Up
313559, -0.028564, -0.838379, -0.235718, -24.108880, -43.945300, 29.357908,Stair-Up
313579, -0.034302, -0.836548, -0.218262, -25.573724, -51.391590, 29.479976,Stair-Up
313599, -0.013916, -0.819580, -0.228882, -27.221676, -58.044420, 29.785150,Stair-Up
313619, -0.044922, -0.792236, -0.233032, -25.756830, -63.598620, 28.137200,Stair-Up
313639, -0.079834, -0.747925, -0.224976, -23.315424, -66.345240, 25.024410,Stair-Up
313659, -0.121948, -0.716187, -0.224121, -18.920900, -66.040040, 20.568840,Stair-Up
313679, -0.164551, -0.703980, -0.213867, -14.892576, -60.058580, 16.540530,Stair-Up
313699, -0.183472, -0.708862, -0.218872, -12.084960, -50.170890, 12.084960,Stair-Up
313719, -0.188599, -0.719116, -0.205688, -10.559080, -41.625960, 6.530760,Stair-Up
313739, -0.179321, -0.737915, -0.180786, -7.934570, -35.583500, -0.122070,Stair-Up
313759, -0.188843, -0.794922, -0.177124, -6.591796, -29.479976, -9.887696,Stair-Up
313779, -0.181397, -0.828858, -0.181763, -4.516602, -29.357908, -17.517090,Stair-Up
313799, -0.192627, -0.863404, -0.179199, -3.112792, -29.968260, -25.451652,Stair-Up
313819, -0.216187, -0.879028, -0.181641, -2.502442, -28.198240, -32.958990,Stair-Up
313839, -0.223755, -0.873291, -0.187378, -1.403808, -25.451652, -40.710440,Stair-Up
313859, -0.246094, -0.858765, -0.187378, -0.549316, -19.531250, -46.569820,Stair-Up
313879, -0.252441, -0.844971, -0.188232, 0.427246, -10.986324, -50.842280,Stair-Up
313899, -0.255371, -0.846192, -0.193359, 1.708984, -2.197266, -54.138180,Stair-Up
313919, -0.260254, -0.851807, -0.208984, 1.892090, 5.493162, -55.969230,Stair-Up
313939, -0.255615, -0.853882, -0.211670, 2.014160, 10.192870, -57.312000,Stair-Up
313959, -0.236450, -0.864380, -0.195435, 3.479003, 10.131832, -57.983390,Stair-Up
313979, -0.232178, -0.908570, -0.184570, 4.943848, 6.042480, -57.250960,Stair-Up
313999, -0.240723, -0.939087, -0.190430, 6.774902, 3.112792, -55.419910,Stair-Up
314019, -0.249878, -0.973633, -0.201904, 7.568358, 0.183105, -52.978500,Stair-Up
314039, -0.248901, -0.977661, -0.212769, 8.300784, -3.173828, -48.950180,Stair-Up
314059, -0.257813, -0.975098, -0.210693, 11.291500, -5.065916, -43.090810,Stair-Up
314079, -0.280884, -0.968750, -0.231445, 13.244628, -3.845214, -34.545900,Stair-Up
314099, -0.291016, -0.941528, -0.243897, 16.052250, -2.319336, -25.878900,Stair-Up
314119, -0.297852, -0.949463, -0.248291, 21.972650, 0.183105, -17.700200,Stair-Up
314139, -0.305786, -0.958984, -0.240112, 22.338860, 4.272462, -9.216310,Stair-Up
314159, -0.326660, -1.041870, -0.235474, 30.883784, 9.521484, -3.662109,Stair-Up
314179, -0.306763, -1.170288, -0.211060, 24.841304, 14.953610, 2.197266,Stair-Up
314199, -0.234253, -1.213623, -0.219238, 24.780270, 11.596676, 10.009768,Stair-Up
314219, -0.199829, -1.282715, -0.218750, 22.888180, 6.469726, 16.906740,Stair-Up
314239, -0.178345, -1.275024, -0.199463, 22.033690, 0.244141, 24.902340,Stair-Up
314259, -0.218140, -1.336060, -0.174072, 28.869624, -2.014160, 29.235832,Stair-Up
314279, -0.229980, -1.454346, -0.160767, 28.991692, 3.601074, 32.531740,Stair-Up
314299, -0.199341, -1.489746, -0.166504, 22.705070, 8.422854, 33.569340,Stair-Up
314319, -0.180664, -1.406250, -0.178223, 18.737796, 11.352536, 34.729010,Stair-Up
314339, -0.199097, -1.299683, -0.176025, 18.249516, 15.319820, 35.461430,Stair-Up
314359, -0.221680, -1.177002, -0.155273, 14.892576, 23.315424, 37.170420,Stair-Up
314379, -0.249146, -1.037842, -0.136230, 11.779784, 33.813480, 39.855960,Stair-Up
314399, -0.262451, -0.960694, -0.115479, 13.610836, 46.752920, 41.625960,Stair-Up
314419, -0.180176, -1.002442, -0.093018, 9.704590, 58.410640, 44.311520,Stair-Up
314439, -0.106689, -1.034058, -0.070557, 3.295898, 52.062980, 45.471180,Stair-Up
314459, -0.057251, -0.986694, -0.045166, -3.906249, 36.560060, 47.607410,Stair-Up
314479, -0.057495, -0.913818, -0.032593, -4.516602, 18.432620, 47.973620,Stair-Up
314499, -0.079834, -0.871826, -0.030884, -3.417968, 8.117676, 49.377430,Stair-Up
314519, -0.097412, -0.834595, -0.031494, -4.028321, 3.479003, 51.330560,Stair-Up
314539, -0.146729, -0.816772, -0.025146, -2.685546, 4.882814, 50.598140,Stair-Up
314559, -0.165649, -0.814453, -0.006714, -4.516602, 11.596676, 47.790520,Stair-Up
314579, -0.164551, -0.787232, 0.007446, -6.713866, 18.615724, 43.579090,Stair-Up
314599, -0.156006, -0.763428, 0.015991, -6.591796, 24.719230, 38.330080,Stair-Up
314619, -0.137329, -0.774536, 0.024048, -5.065916, 27.587884, 32.165540,Stair-Up
314639, -0.152344, -0.831543, 0.036499, -6.408690, 30.517570, 20.874020,Stair-Up
314659, -0.131226, -0.846314, 0.057495, -9.887696, 30.090330, 12.878416,Stair-Up
314679, -0.132446, -0.842163, 0.065063, -10.192870, 25.817870, 4.089356,Stair-Up
314699, -0.157105, -0.871582, 0.055664, -8.972170, 21.301268, -4.882814,Stair-Up
314719, -0.175659, -0.894654, 0.049805, -9.887696, 17.822270, -12.756344,Stair-Up
314739, -0.180176, -0.899536, 0.049072, -8.972170, 13.488768, -19.775390,Stair-Up
314759, -0.197510, -0.899048, 0.047119, -8.239746, 9.094240, -24.414060,Stair-Up
314779, -0.234375, -0.889038, 0.038574, -6.713866, 8.789064, -26.367180,Stair-Up
314799, -0.258179, -0.879028, 0.023071, -5.493162, 14.892576, -25.451652,Stair-Up
314819, -0.240356, -0.881592, -0.002808, -1.586914, 20.996090, -23.376460,Stair-Up
314839, -0.248779, -0.912232, -0.031372, 0.732422, 26.489250, -20.019532,Stair-Up
314859, -0.258179, -0.908570, -0.033569, 2.685546, 32.226570, -16.357424,Stair-Up
314879, -0.267822, -0.942871, -0.039307, 3.967285, 31.555170, -17.578130,Stair-Up
314899, -0.271240, -0.961060, -0.055054, 3.845214, 29.724120, -19.470220,Stair-Up
314919, -0.248657, -0.982422, -0.064331, 4.455568, 26.000970, -22.460930,Stair-Up
314939, -0.242920, -0.998535, -0.075073, 3.784179, 23.376460, -23.193352,Stair-Up
314959, -0.246460, -1.001709, -0.097168, 3.051757, 22.644040, -21.423332,Stair-Up
314979, -0.262329, -1.029053, -0.133179, 5.676268, 21.850580, -20.446770,Stair-Up
314999, -0.258179, -1.079712, -0.131714, 5.615234, 24.536130, -17.578130,Stair-Up
315019, -0.204102, -1.216186, -0.116333, 14.038084, 23.437492, -16.174320,Stair-Up
315039, -0.207886, -1.367676, -0.138062, 4.760742, 24.475090, -13.916012,Stair-Up
315059, -0.178833, -1.310181, -0.162964, -0.244141, 23.498530, -12.451170,Stair-Up
315079, -0.185547, -1.375488, -0.206909, 3.601074, 16.174320, -15.686032,Stair-Up
315099, -0.166382, -1.267456, -0.224976, -3.784179, 15.380856, -10.681150,Stair-Up
315119, -0.173706, -1.156982, -0.247681, 4.882814, 13.671872, -8.728030,Stair-Up
315139, -0.225952, -1.161011, -0.248535, 6.530760, 22.216790, -3.906249,Stair-Up
315159, -0.194946, -1.140137, -0.250977, 3.845214, 35.522460, 1.098633,Stair-Up
315179, -0.143188, -1.081421, -0.252197, 0.244141, 37.780760, 3.112792,Stair-Up
315199, -0.145508, -0.995117, -0.272827, -2.441407, 36.865240, 3.234863,Stair-Up
315219, -0.136597, -0.888184, -0.285156, -4.211426, 35.522460, 3.479003,Stair-Up
315239, -0.101196, -0.817017, -0.274780, -1.708984, 31.311030, 4.089356,Stair-Up
315259, -0.096802, -0.810791, -0.263550, -1.770019, 26.794430, 6.530760,Stair-Up
315279, -0.112061, -0.804932, -0.266480, -4.211426, 23.742670, 9.521484,Stair-Up
315299, -0.096558, -0.851685, -0.263916, -5.432128, 19.958500, 12.329100,Stair-Up
315319, -0.039795, -0.907227, -0.253418, -9.338380, 15.319820, 16.784670,Stair-Up
315339, 0.031250, -0.940308, -0.239380, -12.695310, 3.540038, 22.766110,Stair-Up
315359, 0.011841, -0.939087, -0.235474, -13.977050, -10.803220, 28.381340,Stair-Up
315379, -0.024414, -0.941650, -0.235718, -13.244628, -21.484370, 30.151360,Stair-Up
315399, -0.042114, -0.911865, -0.239136, -13.793944, -27.587884, 31.249992,Stair-Up
315419, -0.090210, -0.865845, -0.252686, -10.925290, -27.770990, 30.151360,Stair-Up
315439, -0.133057, -0.862671, -0.259522, -6.958006, -19.775390, 27.832030,Stair-Up
315459, -0.153076, -0.865479, -0.237061, -6.774902, -8.789064, 24.719230,Stair-Up
315479, -0.140869, -0.846558, -0.215698, -5.920409, -0.366211, 20.690910,Stair-Up
315499, -0.129639, -0.850342, -0.222656, -3.356933, 3.601074, 17.395020,Stair-Up
315519, -0.139404, -0.873535, -0.228516, -1.525878, 5.981444, 13.488768,Stair-Up
315539, -0.132324, -0.883423, -0.228882, 0.000000, 5.126952, 11.474608,Stair-Up
315559, -0.130127, -0.900513, -0.223999, 0.305176, 2.075196, 8.789064,Stair-Up
315579, -0.135742, -0.871948, -0.222412, -1.403808, 0.122070, 8.605960,Stair-Up
315599, -0.148438, -0.833130, -0.223633, 1.281738, -2.563476, 6.164550,Stair-Up
315619, -0.160278, -0.844116, -0.230347, 4.638672, -3.295898, 3.601074,Stair-Up
315639, -0.179077, -0.857544, -0.242920, 4.882814, -3.173828, 0.183105,Stair-Up
315659, -0.182007, -0.860840, -0.247559, 5.187988, -1.098633, -3.417968,Stair-Up
315679, -0.170654, -0.848267, -0.243774, 4.943848, -0.549316, -6.286620,Stair-Up
315699, -0.182251, -0.836670, -0.236572, 5.798338, 0.549316, -8.422854,Stair-Up
315719, -0.177002, -0.821900, -0.231689, 6.042480, 2.319336, -9.704590,Stair-Up
315739, -0.153198, -0.781128, -0.235596, 7.873534, -0.061035, -11.047360,Stair-Up
315759, -0.170898, -0.803101, -0.235107, 13.854978, -2.502442, -12.023924,Stair-Up
315779, -0.191040, -0.910156, -0.220093, 18.066410, -2.197266, -14.038084,Stair-Up
315799, -0.193726, -1.029053, -0.213989, 15.869140, -0.244141, -16.418460,Stair-Up
315819, -0.166016, -1.037110, -0.208496, 10.559080, -0.305176, -17.578130,Stair-Up
315839, -0.161011, -0.987671, -0.209229, 7.385252, -2.258301, -17.089850,Stair-Up
315859, -0.140503, -0.870117, -0.191406, 7.385252, -5.371092, -14.343260,Stair-Up
315879, -0.163208, -0.846802, -0.162109, 16.113284, -6.530760, -12.512204,Stair-Up
315899, -0.196289, -0.913086, -0.151245, 18.615724, -2.075196, -11.413570,Stair-Up
315919, -0.218384, -0.965454, -0.161743, 18.005376, 4.516602, -13.854978,Stair-Up
315939, -0.178223, -1.014648, -0.152466, 18.371584, 6.408690, -18.981940,Stair-Up
315959, -0.171875, -1.038208, -0.128540, 14.770504, 4.516602, -24.414060,Stair-Up
315979, -0.162354, -1.004028, -0.117188, 13.793944, 2.990722, -26.794430,Stair-Up
315999, -0.178467, -0.992920, -0.120483, 14.160152, 0.549316, -28.991692,Stair-Up
316019, -0.210693, -0.967652, -0.129883, 12.451170, 2.746581, -30.517570,Stair-Up
316039, -0.207886, -0.990356, -0.127319, 14.709470, 6.286620, -32.226570,Stair-Up
316059, -0.208496, -1.053467, -0.117310, 12.512204, 8.605960, -33.996590,Stair-Up
316079, -0.203369, -1.072632, -0.107544, 8.300784, 8.911134, -34.301760,Stair-Up
316099, -0.194702, -1.061402, -0.108765, 6.286620, 5.615234, -34.973150,Stair-Up
316119, -0.181030, -1.032959, -0.123047, 4.394532, 0.854492, -32.653820,Stair-Up
316139, -0.180542, -0.999512, -0.126099, 5.187988, -4.272462, -29.724120,Stair-Up
316159, -0.198730, -1.001099, -0.116211, 6.286620, -6.713866, -25.939940,Stair-Up
316179, -0.226196, -0.988648, -0.114624, 4.821778, -5.798338, -20.507810,Stair-Up
316199, -0.241211, -0.979370, -0.114624, 3.967285, -3.540038, -18.432620,Stair-Up
316219, -0.243897, -0.971680, -0.121826, 3.784179, -0.732422, -16.601568,Stair-Up
316239, -0.250610, -0.978516, -0.128052, 3.967285, 2.258301, -15.869140,Stair-Up
316259, -0.253784, -0.993042, -0.128662, 2.868652, 4.821778, -15.197750,Stair-Up
316279, -0.256836, -0.988770, -0.126587, 0.793457, 7.446288, -14.038084,Stair-Up
316299, -0.243652, -0.989258, -0.113159, 0.671386, 8.911134, -12.390136,Stair-Up
316319, -0.234131, -1.024780, -0.106079, 0.488281, 9.155274, -10.070800,Stair-Up
316339, -0.228516, -1.034668, -0.110718, -2.624511, 9.094240, -6.896972,Stair-Up
316359, -0.232666, -1.017944, -0.108765, -3.784179, 8.056642, -4.150392,Stair-Up
316379, -0.228516, -1.031372, -0.102905, -2.624511, 7.751464, -1.464844,Stair-Up
316399, -0.220703, -1.039062, -0.116821, -4.516602, 9.887696, 3.051757,Stair-Up
316419, -0.211060, -1.050904, -0.131592, -3.967285, 11.840818, 6.042480,Stair-Up
316439, -0.203613, -1.038574, -0.135132, -6.042480, 13.488768, 9.948730,Stair-Up
316459, -0.211304, -1.047974, -0.139282, -1.281738, 17.822270, 14.221190,Stair-Up
316479, -0.184692, -1.190064, -0.156006, -0.122070, 27.526850, 23.681636,Stair-Up
316499, -0.142456, -1.353028, -0.124146, -1.220704, 32.958990, 34.912120,Stair-Up
316519, -0.058838, -1.509766, -0.090454, -14.343260, 37.353520, 41.870110,Stair-Up
316539, 0.123413, -1.437134, -0.078735, -30.944820, 43.334950, 48.950180,Stair-Up
316559, 0.252686, -1.409790, -0.090820, -23.864740, 36.376960, 51.330560,Stair-Up
316579, 0.305420, -1.458130, -0.096313, -24.841304, 11.474608, 39.917000,Stair-Up
316599, 0.249756, -1.344604, -0.098267, -26.611320, -38.391120, 9.460450,Stair-Up
316619, 0.060425, -1.239136, -0.082153, -10.253904, -53.405750, -11.291500,Stair-Up
316639, 0.084473, -1.209473, -0.057983, -15.563964, -50.842280, -21.911620,Stair-Up
316659, 0.159302, -1.064576, -0.073364, -20.812980, -46.020500, -19.775390,Stair-Up
316679, 0.112305, -0.919190, -0.095459, -20.324700, -41.015620, -16.174320,Stair-Up
316699, 0.051514, -0.809204, -0.099365, -17.883300, -30.700680, -13.305660,Stair-Up
316719, 0.015869, -0.766236, -0.104492, -11.169430, -21.118160, -13.671872,Stair-Up
316739, 0.033447, -0.822022, -0.104492, -7.202148, -14.404296, -16.967780,Stair-Up
316759, 0.030640, -0.857178, -0.111328, -10.742184, -11.352536, -19.531250,Stair-Up
316779, 0.014648, -0.830078, -0.124634, -12.573240, -8.605960, -22.216790,Stair-Up
316799, 0.032715, -0.815308, -0.128540, -12.573240, -10.009768, -22.216790,Stair-Up
316819, 0.022705, -0.791992, -0.123901, -13.916012, -20.263670, -22.033690,Stair-Up
316839, 0.000000, -0.723511, -0.120605, -10.742184, -27.770990, -20.080560,Stair-Up
316859, -0.019165, -0.708862, -0.139648, -5.004884, -35.095220, -19.348150,Stair-Up
316879, -0.026245, -0.712769, -0.164063, -2.136231, -40.161120, -17.517090,Stair-Up
316899, -0.043945, -0.723389, -0.157593, 2.502442, -44.189440, -16.296390,Stair-Up
316919, -0.083862, -0.754150, -0.140259, 4.638672, -45.593250, -17.272950,Stair-Up
316939, -0.124512, -0.773438, -0.138306, 6.042480, -41.564930, -18.676760,Stair-Up
316959, -0.127319, -0.803467, -0.154297, 7.629394, -36.438000, -21.606440,Stair-Up
316979, -0.102295, -0.831055, -0.171265, 10.009768, -33.691410, -23.925780,Stair-Up
316999, -0.103760, -0.872925, -0.167480, 12.573240, -34.484870, -27.038570,Stair-Up
317019, -0.129272, -0.905640, -0.161743, 15.747068, -33.508300, -29.602044,Stair-Up
317039, -0.136841, -0.931519, -0.173950, 18.920900, -30.151360, -31.188960,Stair-Up
317059, -0.078857, -0.956543, -0.164185, 23.681636, -35.034180, -29.724120,Stair-Up
317080, 0.010254, -0.964600, -0.155518, 27.709956, -58.349600, -26.123040,Stair-Up
317100, -0.036255, -0.941162, -0.149292, 31.677240, -83.312960, -23.010250,Stair-Up
317120, -0.131104, -0.914917, -0.134155, 33.264160, -84.899880, -15.380856,Stair-Up
317140, -0.142944, -0.904297, -0.133423, 33.447270, -80.017100, -11.962890,Stair-Up
317160, -0.222778, -0.925781, -0.132935, 33.264160, -68.603540, -13.061520,Stair-Up
317180, -0.259155, -0.953247, -0.137329, 27.954100, -48.461900, -17.883300,Stair-Up
317200, -0.219482, -0.927612, -0.140381, 22.827140, -33.874520, -22.277830,Stair-Up
317220, -0.218506, -0.944458, -0.175171, 25.878900, -23.742670, -24.780270,Stair-Up
317240, -0.167480, -0.954956, -0.228638, 26.550290, -23.315424, -31.127924,Stair-Up
317260, -0.171509, -1.008301, -0.233276, 27.221676, -18.554690, -20.935052,Stair-Up
317280, -0.169556, -1.040772, -0.231079, 32.470710, -16.235352, -11.108396,Stair-Up
317300, -0.292969, -1.198853, -0.208740, 36.376960, 6.652830, 4.150392,Stair-Up
317320, -0.228272, -1.319702, -0.187622, 20.507810, 18.493652, 2.075196,Stair-Up
317340, -0.087036, -1.361572, -0.186401, 22.521970, 2.197266, -1.037598,Stair-Up
317360, -0.166138, -1.539917, -0.169678, 19.897460, -7.324218, 3.112792,Stair-Up
317380, -0.118652, -1.565552, -0.167847, 10.375976, -11.901852, 2.563476,Stair-Up
317400, -0.121582, -1.551636, -0.182739, 11.230468, -11.291500, 23.620600,Stair-Up
317420, -0.200684, -1.471192, -0.179932, 1.953124, -4.516602, 26.428220,Stair-Up
317440, -0.186401, -1.352051, -0.179077, 3.540038, 6.469726, 35.278320,Stair-Up
317460, -0.263062, -1.149780, -0.179321, -11.596676, 29.235832, 35.156260,Stair-Up
317480, -0.233521, -0.960205, -0.159302, -3.540038, 48.095700, 44.799800,Stair-Up
317500, -0.223999, -1.003784, -0.110596, -1.037598, 59.509270, 50.170890,Stair-Up
317520, -0.214355, -1.025513, -0.079956, -11.779784, 58.837880, 47.790520,Stair-Up
317540, -0.216675, -0.988281, -0.040771, -21.057124, 67.626960, 49.072260,Stair-Up
317560, -0.125977, -0.917114, -0.031128, -30.822750, 63.293440, 32.348640,Stair-Up
317580, -0.054077, -0.903442, -0.032593, -20.385740, 54.992660, 63.232410,Stair-Up
317600, -0.104980, -0.872314, -0.032959, -28.137200, 41.748040, 50.842280,Stair-Up
317620, -0.077026, -0.894654, -0.001099, -23.864740, 37.841800, 64.270040,Stair-Up
317640, -0.080566, -0.860108, 0.024048, -32.653820, 27.709956, 63.537590,Stair-Up
317660, -0.098267, -0.812134, 0.028442, -29.296870, 23.742670, 68.054200,Stair-Up
317680, -0.078613, -0.811157, 0.031128, -28.198240, 20.080560, 69.641120,Stair-Up
317700, -0.083008, -0.828369, 0.037598, -26.428220, 17.089850, 67.993180,Stair-Up
317720, -0.098145, -0.852905, 0.056641, -25.390620, 15.808104, 64.453140,Stair-Up
317740, -0.110352, -0.876587, 0.069580, -25.085448, 14.709470, 57.434080,Stair-Up
317760, -0.118896, -0.886841, 0.072876, -24.780270, 13.244628, 48.889150,Stair-Up
317780, -0.127441, -0.881592, 0.072266, -23.864740, 11.474608, 39.489750,Stair-Up
317800, -0.119507, -0.876099, 0.074463, -20.629880, 10.681150, 31.066890,Stair-Up
317820, -0.109985, -0.893066, 0.074829, -16.784670, 8.483890, 23.620600,Stair-Up
317840, -0.115356, -0.894043, 0.062012, -13.488768, 6.347656, 17.333990,Stair-Up
317860, -0.132446, -0.885620, 0.039307, -8.056642, 5.676268, 11.291500,Stair-Up
317880, -0.166992, -0.901123, 0.017822, -2.319336, 9.460450, 5.126952,Stair-Up
317900, -0.191406, -0.913452, -0.006104, 1.281738, 21.301268, -2.868652,Stair-Up
317920, -0.186035, -0.892944, -0.019165, 2.990722, 31.127924, -6.164550,Stair-Up
317940, -0.154785, -0.879395, -0.045288, 6.835936, 35.644540, -8.666994,Stair-Up
317960, -0.156494, -0.893188, -0.070679, 10.437010, 38.452160, -11.230468,Stair-Up
317980, -0.145996, -0.901734, -0.085571, 10.437010, 42.175280, -11.596676,Stair-Up
318000, -0.144165, -0.882935, -0.106079, 10.559080, 42.419420, -12.207030,Stair-Up
318020, -0.161377, -0.894409, -0.137695, 13.854978, 43.090810, -13.671872,Stair-Up
318040, -0.138794, -0.954712, -0.166138, 14.648436, 42.663560, -15.808104,Stair-Up
318060, -0.109741, -1.000610, -0.168701, 10.864256, 41.992180, -15.319820,Stair-Up
318080, -0.067627, -1.062988, -0.108154, 13.061520, 36.315920, -16.662600,Stair-Up
318100, -0.087769, -1.345581, -0.088013, 25.756830, 26.550290, -26.489250,Stair-Up
318120, 0.010376, -1.396851, -0.144531, -19.897460, 11.779784, -30.456540,Stair-Up
318140, 0.092041, -1.025391, -0.223877, -8.483890, -23.315424, -34.301760,Stair-Up
318160, -0.028809, -1.028931, -0.273560, 12.695310, -47.424300, -35.644540,Stair-Up
318180, -0.080566, -1.050904, -0.261963, 12.512204, -56.640620, -34.729010,Stair-Up
318200, -0.145142, -1.006226, -0.241455, 17.456060, -63.842760, -41.198720,Stair-Up
318220, -0.208496, -1.000000, -0.262451, 14.648436, -63.110340, -48.034660,Stair-Up
318240, -0.242554, -0.904297, -0.280640, 7.934570, -48.278800, -48.828120,Stair-Up
318260, -0.205200, -0.851440, -0.255615, 7.263182, -35.766600, -49.316400,Stair-Up
318280, -0.184082, -0.847412, -0.216309, 3.234863, -30.395500, -49.072260,Stair-Up
318300, -0.198853, -0.817749, -0.196777, -1.831054, -23.193352, -45.166000,Stair-Up
318320, -0.164673, -0.817627, -0.190186, -1.403808, -22.094720, -43.823240,Stair-Up
318340, -0.126953, -0.919068, -0.186035, -0.793457, -34.057620, -42.480460,Stair-Up
318360, -0.101563, -0.954956, -0.189697, 0.488281, -48.156730, -42.297360,Stair-Up
318380, -0.108276, -1.012940, -0.177979, 4.943848, -60.058580, -40.893540,Stair-Up
318400, -0.150391, -1.075928, -0.167114, 5.615234, -64.941420, -39.184580,Stair-Up
318640, -0.183228, -0.888916, -0.218262, 15.747068, -21.850580, 2.929687,Stair-Up
318660, -0.218262, -0.884522, -0.229980, 18.188480, -20.507810, 5.737304,Stair-Up
318680, -0.228516, -0.912842, -0.230469, 19.592290, -17.333990, 7.629394,Stair-Up
318700, -0.223022, -0.910034, -0.214600, 17.944340, -14.343260, 6.652830,Stair-Up
318720, -0.249268, -0.918213, -0.216431, 20.507810, -7.263182, 7.324218,Stair-Up
318740, -0.232788, -0.973022, -0.214233, 19.348150, 0.122070, 6.469726,Stair-Up
318760, -0.218506, -0.988526, -0.217529, 15.136716, 5.554198, 6.347656,Stair-Up
318780, -0.213257, -0.976685, -0.223511, 14.465330, 10.681150, 5.065916,Stair-Up
318800, -0.196899, -1.069458, -0.196655, 18.676760, 9.887696, 2.929687,Stair-Up
318820, -0.192871, -1.232544, -0.162964, 15.258788, 10.864256, 2.929687,Stair-Up
318840, -0.167603, -1.365723, -0.124146, 13.000484, 10.192870, 1.831054,Stair-Up
318860, -0.170044, -1.599976, -0.102661, 10.803220, 6.408690, -2.014160,Stair-Up
318880, -0.134644, -1.590820, -0.100952, -19.836430, 1.770019, 1.220704,Stair-Up
318900, -0.092285, -1.196412, -0.122681, -31.188960, -7.812498, 9.338380,Stair-Up
318920, -0.142822, -0.906128, -0.157349, -18.371584, -8.117676, 21.728510,Stair-Up
318940, -0.194702, -0.785645, -0.184937, -5.432128, 8.605960, 37.536620,Stair-Up
318960, -0.245361, -0.748535, -0.188721, 1.403808, 30.883784, 50.170890,Stair-Up
318980, -0.265869, -0.753174, -0.168091, 6.958006, 48.400870, 51.940910,Stair-Up
319000, -0.263184, -0.933716, -0.085327, 4.943848, 73.364260, 49.621580,Stair-Up
319020, -0.216187, -0.997803, -0.044189, -3.417968, 80.383280, 43.457020,Stair-Up
319040, -0.195313, -1.108520, -0.023682, -8.911134, 86.242660, 36.682140,Stair-Up
319060, -0.075806, -1.187012, 0.014893, -23.132320, 79.772960, 31.127924,Stair-Up
319080, -0.020752, -1.175171, 0.039063, -31.494136, 55.786120, 25.390620,Stair-Up
319100, -0.075073, -1.133179, 0.039185, -36.804200, 34.118660, 20.324700,Stair-Up
319120, -0.086182, -1.059326, 0.012695, -36.621100, 19.165040, 17.883300,Stair-Up
319140, -0.089478, -1.027588, -0.016113, -30.761716, 6.896972, 17.089850,Stair-Up
319160, -0.087402, -0.993896, -0.007202, -29.846190, -2.014160, 20.812980,Stair-Up
319180, -0.113770, -0.926636, -0.004517, -25.085448, -6.530760, 26.733390,Stair-Up
319200, -0.171875, -0.904419, 0.000854, -17.944340, -0.671386, 32.287600,Stair-Up
319220, -0.195557, -0.934814, -0.003540, -12.634276, 19.470220, 39.001470,Stair-Up
319240, -0.157471, -0.963745, -0.024780, -9.399414, 29.663080, 40.893540,Stair-Up
319260, -0.076538, -1.002808, -0.003296, -6.713866, 30.151360, 42.419420,Stair-Up
319280, -0.052246, -1.027466, 0.040283, -4.516602, 23.010250, 43.273920,Stair-Up
319300, -0.115845, -1.055664, 0.051392, -2.624511, 21.545408, 41.870110,Stair-Up
319320, -0.113647, -1.063965, 0.030151, -3.417968, 22.949216, 38.024910,Stair-Up
319340, -0.112793, -1.024048, -0.007202, -3.906249, 21.240230, 32.592780,Stair-Up
319400, -0.188721, -0.921021, -0.101807, 4.394532, 34.118660, 11.840818,Stair-Up
319420, -0.193970, -0.942871, -0.115967, 3.051757, 46.386710, 7.263182,Stair-Up
319440, -0.126465, -0.998779, -0.097412, -0.976562, 59.692380, 4.089356,Stair-Up
319520, 0.060181, -1.174805, -0.081543, 0.183105, 22.949216, -11.779784,Stair-Up
319540, 0.060425, -1.410156, -0.047485, 1.159668, -1.464844, -26.855464,Stair-Up
319560, 0.064697, -1.483154, -0.076538, -8.239746, -30.151360, -42.358390,Stair-Up
319580, 0.043579, -1.251343, -0.173828, -18.005376, -61.767570, -55.908200,Stair-Up
319600, 0.011230, -0.890625, -0.262085, -8.544924, -86.120600, -66.833500,Stair-Up
319620, -0.014648, -0.646240, -0.292847, 8.300784, -105.224600, -69.519040,Stair-Up
319640, -0.120361, -0.580811, -0.292725, 30.212400, -107.910140, -70.190440,Stair-Up
319660, -0.297974, -0.727783, -0.265747, 32.226570, -64.453140, -70.556640,Stair-Up
319680, -0.312256, -0.786499, -0.225464, 21.179192, -22.766110, -68.664560,Stair-Up
319700, -0.255615, -0.831543, -0.162720, 10.253904, 5.981444, -71.899440,Stair-Up
319720, -0.190674, -0.893921, -0.084351, 2.746581, 18.859868, -75.012220,Stair-Up
319740, -0.143677, -1.018677, -0.040527, 1.403808, 19.714360, -80.078140,Stair-Up
319760, -0.074585, -1.177734, -0.055664, -2.258301, 12.390136, -80.566400,Stair-Up
319780, 0.056641, -1.240356, -0.128052, -8.056642, -6.652830, -74.584960,Stair-Up
319800, 0.108643, -1.139893, -0.213623, -8.728030, -34.912120, -63.537590,Stair-Up
319820, 0.022583, -0.968506, -0.276123, 1.464844, -50.048820, -47.485340,Stair-Up
319840, -0.055664, -0.836548, -0.256348, 14.587400, -47.302240, -29.235832,Stair-Up
319860, -0.145264, -0.805054, -0.226440, 26.855464, -33.203130, -13.977050,Stair-Up
319880, -0.207275, -0.893921, -0.198486, 32.348640, -4.760742, -0.671386,Stair-Up
319900, -0.172241, -0.935181, -0.173950, 27.526850, 5.737304, 3.173828,Stair-Up
319920, -0.140869, -0.948730, -0.158691, 24.536130, 8.911134, 4.760742,Stair-Up
319940, -0.099121, -0.978150, -0.166016, 23.925780, 4.455568, 3.540038,Stair-Up
319960, -0.058838, -1.038330, -0.191650, 23.132320, -5.798338, 2.746581,Stair-Up
319980, 0.009155, -1.017456, -0.256470, 21.118160, -26.855464, 5.676268,Stair-Up
320000, -0.078125, -0.962769, -0.295410, 24.108880, -37.963880, 13.183590,Stair-Up
320020, -0.130981, -0.886230, -0.303711, 24.230950, -39.306640, 11.474608,Stair-Up
320040, -0.151489, -0.862061, -0.277954, 27.160640, -37.048340, 12.878416,Stair-Up
320060, -0.200684, -0.871582, -0.261475, 25.634760, -28.625480, 12.207030,Stair-Up
320080, -0.237793, -0.870484, -0.261475, 21.179192, -12.756344, 10.009768,Stair-Up
320100, -0.179443, -0.912354, -0.230225, 16.479492, -0.610352, 5.432128,Stair-Up
320120, -0.166626, -0.967529, -0.199463, 10.925290, 0.854492, 0.549316,Stair-Up
320140, -0.151733, -0.965210, -0.176392, 6.347656, 3.356933, -2.563476,Stair-Up
320160, -0.162964, -0.967896, -0.188355, 5.920409, 1.770019, -3.112792,Stair-Up
320180, -0.155518, -0.968506, -0.228394, 8.605960, -1.647949, -7.629394,Stair-Up
320200, -0.182129, -1.029175, -0.264771, 13.366696, 3.906249, -7.690428,Stair-Up
320220, -0.181519, -1.092530, -0.270264, 17.822270, 15.563964, -7.141112,Stair-Up
320240, -0.227173, -1.259644, -0.239868, 24.169920, 31.738280, 1.647949,Stair-Up
320260, -0.229980, -1.431030, -0.192993, 18.615724, 45.043940, -0.061035,Stair-Up
320280, -0.194458, -1.586914, -0.159546, 14.221190, 57.006820, -0.610352,Stair-Up
320300, -0.136353, -1.725708, -0.138794, 0.915527, 62.683100, 1.037598,Stair-Up
320320, -0.027100, -1.562134, -0.156982, -22.155760, 47.729480, 12.145992,Stair-Up
320340, -0.035156, -1.379883, -0.177734, -22.644040, 36.682140, 23.925780,Stair-Up
320360, -0.045166, -1.252686, -0.191162, -23.193352, 33.569340, 38.391120,Stair-Up
320380, -0.047363, -1.151856, -0.195679, -20.690910, 36.743170, 52.490220,Stair-Up
320440, -0.089111, -1.072998, -0.079468, -32.226570, 47.363270, 68.237320,Stair-Up
320460, -0.113403, -1.051392, -0.066650, -39.001470, 50.537100, 67.382820,Stair-Up
320480, -0.064331, -1.028931, -0.055542, -44.982900, 51.452620, 66.345240,Stair-Up
320500, -0.003662, -1.005860, -0.041138, -50.598140, 41.259760, 64.758300,Stair-Up
320520, 0.010742, -0.965332, -0.021973, -53.405750, 26.062010, 63.049300,Stair-Up
320540, -0.003052, -0.902588, 0.000000, -53.466780, 2.868652, 59.570300,Stair-Up
320560, -0.023560, -0.868286, 0.003540, -50.781240, -11.047360, 56.518540,Stair-Up
320580, -0.052002, -0.846558, 0.009399, -47.546380, -20.935052, 52.673330,Stair-Up
320600, -0.060181, -0.824829, 0.023926, -45.288080, -25.207516, 49.560540,Stair-Up
320620, -0.066284, -0.796021, 0.034912, -42.358390, -26.733390, 46.691880,Stair-Up
320640, -0.095581, -0.776001, 0.039063, -38.146980, -26.000970, 42.358390,Stair-Up
320660, -0.118408, -0.770996, 0.043091, -33.508300, -22.705070, 36.193860,Stair-Up
320680, -0.123535, -0.787964, 0.044067, -27.099608, -19.592290, 27.832030,Stair-Up
320700, -0.136841, -0.824585, 0.033081, -21.606440, -15.075680, 18.737796,Stair-Up
320720, -0.130859, -0.837402, 0.023193, -17.822270, -8.972170, 10.681150,Stair-Up
320740, -0.121460, -0.828003, 0.018188, -12.268064, -4.638672, 3.051757,Stair-Up
320760, -0.137451, -0.822022, -0.005493, -1.953124, 2.136231, -6.774902,Stair-Up
320780, -0.142944, -0.823975, -0.015381, 2.563476, 6.896972, -12.451170,Stair-Up
320800, -0.148438, -0.823853, -0.017334, 7.934570, 8.850100, -18.859868,Stair-Up
320820, -0.172241, -0.828736, -0.030151, 11.901852, 9.887696, -25.451652,Stair-Up
320840, -0.188232, -0.821411, -0.056885, 16.601568, 13.061520, -31.860350,Stair-Up
320860, -0.167725, -0.829834, -0.088745, 22.277830, 16.357424, -36.926280,Stair-Up
320880, -0.156860, -0.843262, -0.109863, 26.489250, 14.465330, -42.358390,Stair-Up
320940, -0.205933, -0.922974, -0.161865, 33.996590, 17.822270, -56.030260,Stair-Up
320960, -0.210327, -0.946900, -0.190308, 34.912120, 15.197750, -60.241690,Stair-Up
320980, -0.214233, -1.006104, -0.220215, 35.644540, 7.812498, -65.795900,Stair-Up
321000, -0.239258, -1.062500, -0.237793, 33.935560, 5.615234, -67.504900,Stair-Up
321020, -0.210327, -1.075928, -0.259399, 27.770990, 3.967285, -65.490740,Stair-Up
321040, -0.183716, -1.025391, -0.226074, 25.024410, 1.281738, -59.082020,Stair-Up
321060, -0.191895, -1.209595, -0.210571, 37.048340, -0.549316, -56.335440,Stair-Up
321080, -0.209839, -1.382446, -0.217285, 19.592290, 4.882814, -48.400870,Stair-Up
321100, -0.129028, -1.337402, -0.247070, 16.296390, 2.624511, -41.137680,Stair-Up
321120, -0.086304, -1.456665, -0.243408, 20.874020, -11.169430, -39.001470,Stair-Up
321140, -0.059570, -1.528320, -0.235230, 14.892576, -23.254390, -29.724120,Stair-Up
321160, -0.098389, -1.555664, -0.240967, 15.197750, -31.799310, -23.132320,Stair-Up
321180, -0.104858, -1.600342, -0.228272, 11.474608, -33.203130, -16.479492,Stair-Up
321200, -0.147705, -1.490723, -0.264404, 1.098633, -22.583000, -8.422854,Stair-Up
321220, -0.131348, -1.384400, -0.302856, -2.807617, -3.356933, -2.502442,Stair-Up
321240, -0.140015, -1.255494, -0.328369, -10.681150, 11.352536, 2.258301,Stair-Up
321260, -0.179321, -1.064698, -0.320313, -25.268550, 25.512690, -0.244141,Stair-Up
321280, 0.055298, -0.833740, -0.271240, -29.907220, 52.795400, 3.723144,Stair-Up
321300, 0.256104, -0.783570, -0.254395, -22.521970, 56.701650, 14.038084,Stair-Up
321320, 0.259522, -0.830933, -0.260742, -20.385740, 43.151840, 18.676760,Stair-Up
321340, 0.279785, -0.818726, -0.269165, -24.719230, 19.287110, 18.188480,Stair-Up
321360, 0.282593, -0.709717, -0.267822, -21.850580, -12.329100, 10.192870,Stair-Up
