timestamp,ax,ay,az,gx,gy,gz,activity
602622, 0.350342, 0.960694, 0.089600, -36.560060, -61.279280, -9.887696,Walking
602642, 0.320801, 0.953980, 0.114746, -38.696300, -61.889640, -13.732908,Walking
602662, 0.286377, 0.945068, 0.166138, -38.513190, -58.349600, -17.456060,Walking
602682, 0.296875, 0.954834, 0.192505, -35.400400, -52.185050, -19.226080,Walking
602702, 0.293579, 0.949829, 0.170288, -30.639640, -46.447740, -18.737796,Walking
602722, 0.311035, 0.928955, 0.122559, -28.198240, -38.879400, -18.798830,Walking
602742, 0.290527, 0.923218, 0.133423, -25.390620, -28.991692, -16.784670,Walking
602762, 0.274658, 0.926392, 0.182251, -20.690910, -15.686032, -13.366696,Walking
602782, 0.357300, 0.941040, 0.193726, -16.845708, -2.136231, -12.268064,Walking
602802, 0.390137, 0.931274, 0.170532, -12.756344, 2.746581, -13.427732,Walking
602822, 0.406250, 0.920410, 0.074585, -10.559080, 2.624511, -13.610836,Walking
602842, 0.416748, 0.932862, 0.063843, -8.117676, 3.784179, -10.925290,Walking
602862, 0.423096, 0.941284, 0.099243, -2.807617, 10.192870, -11.169430,Walking
602882, 0.416016, 0.911865, 0.128540, 3.662109, 15.563964, -15.075680,Walking
602902, 0.345337, 0.873169, 0.153564, 5.249022, 14.831540, -18.371584,Walking
602922, 0.396362, 0.851562, 0.207642, 1.708984, 21.667476, -14.831540,Walking
602942, 0.412476, 0.866089, 0.278687, -3.051757, 23.986810, -10.009768,Walking
602962, 0.471680, 0.902466, 0.315186, -4.089356, 21.850580, -7.324218,Walking
602982, 0.507324, 0.897827, 0.306396, -2.258301, 15.502928, -7.812498,Walking
603002, 0.380615, 0.885376, 0.246460, 0.061035, 6.896972, -9.033204,Walking
603022, 0.342529, 0.843872, 0.226929, -2.929687, 6.591796, -4.272462,Walking
603042, 0.486084, 0.862061, 0.218506, -14.587400, 4.089356, 2.563476,Walking
603062, 0.482178, 0.893311, 0.182983, -18.859868, -7.995604, 5.859374,Walking
603082, 0.459351, 0.949463, 0.122192, -19.042970, -21.728510, 6.347656,Walking
603102, 0.422608, 0.993530, 0.102661, -18.127448, -37.414560, 6.042480,Walking
603122, 0.385498, 1.005494, 0.125732, -15.686032, -41.259760, 6.347656,Walking
603142, 0.360230, 0.977295, 0.145020, -9.582520, -33.020020, 6.286620,Walking
603162, 0.397095, 0.933472, 0.150269, -4.394532, -22.033690, 3.173828,Walking
603182, 0.404053, 0.894654, 0.143433, -0.122070, -22.277830, 0.061035,Walking
603202, 0.383545, 0.853028, 0.133789, 1.037598, -26.794430, -0.793457,Walking
603222, 0.369751, 0.846680, 0.157959, 0.732422, -25.451652, 0.366211,Walking
603242, 0.319214, 0.856568, 0.193237, 2.380371, -21.179192, 2.746581,Walking
603262, 0.368652, 0.886475, 0.206177, 7.873534, -12.634276, 7.446288,Walking
603282, 0.354614, 0.889038, 0.177002, 10.131832, -13.977050, 7.385252,Walking
603302, 0.262695, 0.926148, 0.161255, 11.840818, -8.239746, 6.347656,Walking
603322, 0.256104, 0.949585, 0.169189, 14.648436, 8.972170, 4.455568,Walking
603342, 0.351929, 0.956787, 0.183594, 16.296390, 17.517090, 2.746581,Walking
603362, 0.392334, 0.966553, 0.177490, 15.869140, 12.756344, -0.244141,Walking
603382, 0.321777, 0.988648, 0.158569, 16.296390, 8.666994, -2.929687,Walking
603402, 0.265259, 1.018799, 0.133667, 16.845708, 14.221190, -5.615234,Walking
603422, 0.279297, 1.059570, 0.144897, 16.113284, 21.789548, -5.554198,Walking
603442, 0.291870, 1.084473, 0.163940, 16.967780, 23.498530, -4.760742,Walking
603462, 0.274048, 1.106690, 0.162476, 20.507810, 25.268550, -4.699708,Walking
603482, 0.201660, 1.061768, 0.133179, 30.517570, 42.968740, -9.460450,Walking
603502, 0.245483, 1.030762, 0.076294, 31.311030, 58.227530, -11.535644,Walking
603522, 0.241333, 1.048340, 0.102417, 32.592780, 66.955580, -9.765626,Walking
603542, 0.207642, 1.018555, 0.175293, 36.193860, 75.744640, -7.568358,Walking
603562, 0.301392, 1.009400, 0.208496, 39.672860, 79.956060, -9.704590,Walking
603582, 0.368042, 0.977051, 0.183716, 42.602530, 71.594240, -15.258788,Walking
603602, 0.375610, 0.958252, 0.137085, 43.029780, 56.701650, -21.057124,Walking
603622, 0.302124, 0.893066, 0.147095, 45.288080, 48.278800, -25.878900,Walking
603642, 0.311646, 0.828736, 0.169434, 42.236320, 45.898430, -29.479976,Walking
603662, 0.360474, 0.815674, 0.185669, 35.644540, 36.560060, -30.700680,Walking
603682, 0.391724, 0.850830, 0.185669, 28.991692, 25.573724, -31.127924,Walking
603702, 0.352173, 0.904419, 0.084717, 23.376460, 21.484370, -31.677240,Walking
603722, 0.335449, 0.885498, 0.068359, 25.146480, 25.146480, -31.311030,Walking
603742, 0.381226, 0.814820, 0.106689, 24.230950, 25.817870, -28.686520,Walking
603762, 0.423340, 0.751221, 0.097168, 21.118160, 22.583000, -22.827140,Walking
603782, 0.420654, 0.719238, 0.002441, 13.427732, 18.127448, -15.747068,Walking
603802, 0.292725, 0.726318, -0.088867, 7.019042, 20.019532, -7.934570,Walking
603822, 0.336182, 0.724365, -0.082642, -4.577638, 22.827140, -1.770019,Walking
603842, 0.524170, 0.779785, 0.001465, -18.005376, 26.306150, 6.591796,Walking
603862, 0.590576, 0.848877, 0.066528, -21.911620, 22.827140, 12.207030,Walking
603882, 0.575684, 0.860474, 0.095337, -22.033690, 9.765626, 15.380856,Walking
603902, 0.623047, 0.884400, 0.085083, -21.667476, -4.089356, 15.075680,Walking
603922, 0.515869, 0.877564, 0.057739, -21.423332, -27.099608, 15.380856,Walking
603942, 0.470093, 0.913940, 0.033081, -25.939940, -33.813480, 18.371584,Walking
603962, 0.457275, 0.985962, 0.040649, -28.747552, -33.874520, 22.827140,Walking
603982, 0.436279, 1.045654, 0.074707, -29.968260, -31.799310, 28.869624,Walking
604002, 0.425659, 1.144532, 0.113159, -31.982420, -26.550290, 33.081060,Walking
604022, 0.474365, 1.364258, 0.129272, -33.264160, -24.536130, 38.940440,Walking
604042, 0.469605, 1.411377, 0.130615, -20.751950, -22.033690, 42.175280,Walking
604062, 0.475708, 1.284302, 0.128174, -14.526364, -23.376460, 34.301760,Walking
604082, 0.477905, 1.261475, 0.117798, -10.131832, -17.883300, 21.362300,Walking
604102, 0.446777, 1.100098, 0.097168, -2.685546, -23.864740, 23.376460,Walking
604122, 0.355835, 0.896973, 0.095459, -9.826660, -34.851080, 31.249992,Walking
604142, 0.415283, 0.880737, 0.148560, -24.414060, -48.156730, 46.142570,Walking
604162, 0.376465, 0.949097, 0.179321, -29.541010, -59.143060, 51.452620,Walking
604182, 0.323975, 1.041504, 0.199341, -26.367180, -62.316880, 50.842280,Walking
604202, 0.273560, 1.072876, 0.213013, -15.502928, -61.523430, 47.180160,Walking
604222, 0.231323, 0.983154, 0.200073, -4.089356, -57.312000, 44.311520,Walking
604242, 0.216919, 0.851440, 0.178345, 0.000000, -50.170890, 40.771480,Walking
604262, 0.238770, 0.774658, 0.184082, -2.746581, -41.564930, 38.818360,Walking
604282, 0.247803, 0.758179, 0.191895, -7.019042, -38.696300, 37.414560,Walking
604302, 0.242310, 0.774170, 0.176758, -7.629394, -39.733900, 35.095220,Walking
604322, 0.240112, 0.777588, 0.152344, -5.981444, -43.029780, 30.273430,Walking
604342, 0.247314, 0.801636, 0.161621, -6.652830, -40.161120, 24.902340,Walking
604362, 0.239502, 0.878296, 0.210083, -0.305176, -36.438000, 16.601568,Walking
604382, 0.185059, 0.880249, 0.219605, 7.629394, -32.592780, 11.291500,Walking
604402, 0.151123, 0.857788, 0.200317, 11.962890, -23.315424, 6.225584,Walking
604422, 0.215942, 0.853516, 0.163574, 10.070800, -12.207030, 1.159668,Walking
604442, 0.263672, 0.887085, 0.142212, 7.995604, -7.202148, -3.295898,Walking
604462, 0.291504, 0.888428, 0.147217, 10.620116, -7.080076, -9.765626,Walking
604482, 0.281982, 0.879272, 0.163574, 9.277344, -5.371092, -18.615724,Walking
604502, 0.226685, 0.962524, 0.138184, 6.530760, 5.920409, -23.498530,Walking
604522, 0.258789, 1.030030, 0.147583, 8.850100, 15.869140, -21.972650,Walking
604542, 0.280396, 1.033570, 0.181397, 9.948730, 15.747068, -25.390620,Walking
604562, 0.274048, 1.167603, 0.234863, 4.028321, 18.310550, -29.602044,Walking
604582, 0.268799, 1.304322, 0.223022, 14.770504, 31.616208, -36.499030,Walking
604602, 0.276245, 1.230225, 0.147461, 29.846190, 50.048820, -48.034660,Walking
604622, 0.343994, 0.967285, 0.080566, 38.940440, 62.988270, -63.598620,Walking
604642, 0.453369, 0.808594, 0.012207, 34.790040, 61.096180, -73.547360,Walking
604662, 0.489136, 0.740723, -0.007690, 19.470220, 46.997060, -72.082540,Walking
604682, 0.399658, 0.784790, 0.006714, 7.812498, 27.038570, -64.025900,Walking
604702, 0.365479, 0.857178, 0.030273, 1.403808, 12.023924, -54.931630,Walking
604722, 0.346314, 0.932129, 0.050049, 0.061035, 0.061035, -49.072260,Walking
604742, 0.329834, 1.003418, 0.080444, 3.784179, -0.061035, -45.532220,Walking
604762, 0.302246, 1.025146, 0.104004, 10.253904, 9.521484, -43.762200,Walking
604782, 0.322998, 0.995117, 0.055542, 14.160152, 22.216790, -42.541500,Walking
604802, 0.337646, 0.903564, -0.063477, 11.657712, 35.400400, -39.306640,Walking
604822, 0.313477, 0.795776, -0.024902, 3.967285, 48.950180, -28.686520,Walking
604842, 0.415039, 0.780762, 0.010498, 3.967285, 57.617180, -26.855464,Walking
604862, 0.449829, 0.714478, 0.008667, -2.685546, 53.161610, -15.686032,Walking
604882, 0.413696, 0.735596, -0.025391, -9.948730, 56.701650, -4.455568,Walking
604902, 0.436524, 0.756714, -0.037964, -10.986324, 58.654780, 4.577638,Walking
604922, 0.487427, 0.802490, -0.019531, -11.047360, 53.466780, 8.972170,Walking
604942, 0.563232, 0.843384, 0.004639, -8.300784, 41.015620, 11.108396,Walking
604962, 0.567871, 0.888184, 0.013550, -4.333496, 25.024410, 5.920409,Walking
604982, 0.545776, 0.908814, 0.006470, -0.427246, 16.174320, 0.793457,Walking
605002, 0.550904, 0.905884, -0.008667, 0.366211, 10.437010, 0.366211,Walking
605022, 0.478394, 0.887695, -0.013550, -6.713866, 2.502442, 6.286620,Walking
605042, 0.523071, 0.936524, 0.016357, -15.197750, -1.647949, 12.084960,Walking
605062, 0.547608, 1.029541, 0.045410, -19.836430, -9.643556, 18.554690,Walking
605082, 0.523438, 1.085450, 0.066895, -18.676760, -17.761230, 22.155760,Walking
605102, 0.490967, 1.154908, 0.102905, -20.812980, -22.583000, 22.766110,Walking
605122, 0.518311, 1.393921, 0.113037, -24.658200, -26.428220, 27.160640,Walking
605142, 0.502930, 1.545410, 0.112183, -13.732908, -27.282710, 29.418940,Walking
605162, 0.452148, 1.351440, 0.138306, 2.990722, -20.751950, 26.977532,Walking
605182, 0.434570, 1.156250, 0.159790, 1.342773, -18.920900, 25.512690,Walking
605202, 0.444580, 1.036744, 0.122314, 0.610352, -25.085448, 30.700680,Walking
605222, 0.403687, 0.880127, 0.110596, -6.896972, -33.020020, 37.475590,Walking
605242, 0.392212, 0.910645, 0.140137, -21.850580, -45.593250, 48.217760,Walking
605262, 0.354736, 0.982178, 0.173706, -22.521970, -53.710930, 52.917470,Walking
605282, 0.311890, 1.031738, 0.190186, -17.333990, -56.335440, 51.696770,Walking
605302, 0.276367, 1.055664, 0.180420, -9.765626, -54.809560, 49.621580,Walking
605322, 0.198242, 1.005860, 0.181274, 0.427246, -50.842280, 49.377430,Walking
605342, 0.201782, 0.906738, 0.169922, 1.159668, -34.606940, 49.194320,Walking
605362, 0.228516, 0.823730, 0.137817, -0.366211, -25.573724, 48.583980,Walking
605402, 0.283447, 0.793701, 0.129517, -7.568358, -28.076170, 46.874990,Walking
605422, 0.287964, 0.807617, 0.128052, -9.033204, -30.944820, 45.898430,Walking
605442, 0.282349, 0.809326, 0.136597, -7.629394, -37.292480, 42.541500,Walking
605462, 0.209595, 0.819824, 0.151611, -5.065916, -40.954580, 35.766600,Walking
605482, 0.202881, 0.831055, 0.141724, -5.798338, -37.109380, 30.822750,Walking
605502, 0.194580, 0.858521, 0.143433, -5.065916, -29.174800, 25.939940,Walking
605522, 0.170044, 0.854736, 0.158814, -1.342773, -18.676760, 18.920900,Walking
605542, 0.184448, 0.836426, 0.154785, 2.075196, -7.690428, 9.216310,Walking
605562, 0.230835, 0.844727, 0.147461, 2.929687, -1.770019, -1.159668,Walking
605582, 0.260864, 0.904663, 0.140991, 3.051757, 0.671386, -10.253904,Walking
605602, 0.299561, 0.995972, 0.143677, 3.845214, 0.610352, -17.578130,Walking
605622, 0.305542, 1.064454, 0.139038, 8.422854, 1.647949, -24.108880,Walking
605642, 0.327759, 1.040406, 0.120483, 13.732908, 2.990722, -31.738280,Walking
605662, 0.381714, 1.058960, 0.088867, 8.544924, 2.075196, -38.085940,Walking
605682, 0.506470, 1.264770, 0.064575, 7.385252, -10.009768, -35.827640,Walking
605702, 0.312134, 1.302612, 0.164429, 13.244628, -10.803220, -42.175280,Walking
605722, 0.181763, 1.241822, 0.141480, 34.057620, 31.005852, -47.607410,Walking
605742, 0.307495, 0.950806, 0.023193, 47.668440, 62.744130, -66.040040,Walking
605762, 0.342407, 0.716797, -0.090698, 45.410140, 71.472180, -76.477060,Walking
605782, 0.388916, 0.591797, -0.079468, 29.785150, 67.688000, -70.068360,Walking
605802, 0.388672, 0.613404, -0.011353, 13.610836, 57.434080, -58.532700,Walking
605822, 0.417969, 0.729370, 0.050293, 3.540038, 46.569820, -45.532220,Walking
605842, 0.496338, 0.887085, 0.079224, 2.319336, 31.677240, -37.902840,Walking
605862, 0.466675, 1.008423, 0.076904, 6.164550, 14.648436, -34.606940,Walking
605882, 0.375244, 1.114502, 0.079712, 12.451170, 14.831540, -34.118660,Walking
605902, 0.319824, 1.100464, 0.044067, 22.216790, 35.217290, -33.569340,Walking
605942, 0.389404, 0.920166, -0.065186, 9.826660, 57.617180, -30.639640,Walking
605962, 0.419556, 0.815674, -0.057007, 4.211426, 59.204090, -26.550290,Walking
606002, 0.533203, 0.732544, -0.040771, -13.122556, 31.127924, -14.038084,Walking
606022, 0.530762, 0.752930, -0.020020, -15.930172, 6.347656, -8.178714,Walking
606062, 0.421387, 0.831421, -0.021484, -13.916012, -19.836430, 0.244141,Walking
606082, 0.348999, 0.869507, -0.020630, -9.521484, -12.268064, 3.234863,Walking
606102, 0.349854, 0.874512, -0.039917, -7.385252, 2.319336, 6.103514,Walking
606122, 0.378052, 0.878784, -0.057861, -7.690428, 22.399900, 8.483890,Walking
606142, 0.412842, 0.856568, -0.043823, -7.446288, 28.198240, 8.361816,Walking
606162, 0.455200, 0.862305, -0.030273, -10.131832, 28.198240, 7.934570,Walking
606182, 0.519531, 0.913086, -0.005005, -13.671872, 18.432620, 9.338380,Walking
606202, 0.529419, 0.986450, 0.016724, -14.587400, 4.455568, 10.742184,Walking
606222, 0.504395, 1.105835, 0.078613, -19.958500, -7.202148, 12.512204,Walking
606242, 0.499756, 1.407471, 0.090210, -24.963376, -13.305660, 16.479492,Walking
606262, 0.497070, 1.527710, 0.042603, -7.507323, -12.695310, 17.150880,Walking
606282, 0.394775, 1.195190, 0.049561, 9.948730, -1.647949, 10.131832,Walking
606302, 0.389771, 0.978394, 0.062866, 5.126952, 4.211426, 7.263182,Walking
606322, 0.418335, 0.898194, 0.097900, -3.540038, -4.272462, 15.136716,Walking
606342, 0.373779, 0.914307, 0.131958, -20.080560, -22.460930, 32.775880,Walking
606362, 0.335816, 0.923584, 0.105591, -23.681636, -26.000970, 42.541500,Walking
606382, 0.310425, 0.956177, 0.100830, -23.986810, -23.315424, 48.034660,Walking
606402, 0.265137, 0.961548, 0.136353, -18.615724, -19.104010, 50.842280,Walking
606422, 0.231201, 0.944946, 0.153564, -15.380856, -13.183590, 53.222640,Walking
606442, 0.227173, 0.964600, 0.157105, -14.892576, -8.117676, 56.884760,Walking
606462, 0.221558, 1.031738, 0.168579, -15.991210, -3.234863, 59.875480,Walking
606482, 0.216919, 1.118286, 0.153931, -10.498044, 4.943848, 61.096180,Walking
606502, 0.200439, 1.088379, 0.145874, 1.831054, 14.099120, 58.227530,Walking
606522, 0.208008, 0.984619, 0.150879, 9.948730, 21.545408, 52.307120,Walking
606542, 0.221558, 0.920166, 0.151855, 12.878416, 23.559568, 47.302240,Walking
606562, 0.200317, 0.890259, 0.158325, 11.291500, 23.742670, 45.043940,Walking
606582, 0.198608, 0.896606, 0.145386, 10.253904, 30.822750, 43.090810,Walking
606602, 0.209106, 0.890381, 0.141357, 12.023924, 35.217290, 36.926280,Walking
606622, 0.217651, 0.883057, 0.151855, 15.869140, 37.658700, 27.343748,Walking
606642, 0.249268, 0.891236, 0.165772, 19.897460, 37.963880, 17.089850,Walking
606662, 0.253906, 0.902832, 0.178101, 25.817870, 36.132820, 6.713866,Walking
606682, 0.242920, 0.902710, 0.176880, 31.860350, 38.269050, -4.699708,Walking
606702, 0.259033, 0.923218, 0.174194, 35.339360, 41.015620, -16.296390,Walking
606722, 0.255615, 0.977417, 0.194946, 38.818360, 44.738760, -25.756830,Walking
606742, 0.247559, 1.022461, 0.221436, 44.555660, 51.208480, -33.325200,Walking
606762, 0.253052, 1.013062, 0.231567, 50.903310, 61.035140, -39.733900,Walking
606782, 0.291382, 0.976685, 0.218140, 54.443350, 65.551760, -49.316400,Walking
606802, 0.301758, 0.995972, 0.228272, 53.649900, 65.429700, -52.001940,Walking
606822, 0.308350, 1.017944, 0.249268, 53.771960, 63.049300, -52.368160,Walking
606842, 0.311768, 1.038574, 0.260254, 55.358880, 60.180660, -51.940910,Walking
606862, 0.299316, 1.040162, 0.254395, 57.739250, 58.715810, -50.170890,Walking
606882, 0.281128, 1.027466, 0.250732, 59.326160, 60.119620, -46.691880,Walking
606902, 0.260620, 1.026490, 0.272827, 60.058580, 63.781730, -41.320790,Walking
606922, 0.236450, 1.072388, 0.292847, 60.791000, 70.556640, -33.752440,Walking
606942, 0.206665, 1.099121, 0.288574, 66.528340, 82.336400, -24.963376,Walking
606962, 0.152222, 1.103028, 0.295776, 70.434580, 98.876940, -17.456060,Walking
606982, 0.142578, 1.106202, 0.322144, 73.730480, 120.300280, -9.765626,Walking
607002, 0.186401, 1.190430, 0.375610, 71.777340, 143.859900, -0.549316,Walking
607022, 0.197998, 1.244263, 0.316284, 76.049820, 158.203160, 4.760742,Walking
607042, 0.245605, 1.119751, 0.258301, 78.247080, 171.630800, 2.929687,Walking
607062, 0.295532, 1.037598, 0.224976, 71.716320, 176.330500, -1.403808,Walking
607082, 0.315552, 0.936402, 0.157593, 68.908700, 170.227000, -2.441407,Walking
607102, 0.360108, 0.784790, 0.107544, 60.424800, 156.311080, -3.173828,Walking
607122, 0.378540, 0.693970, 0.069214, 49.682610, 137.390160, -1.586914,Walking
607142, 0.377075, 0.653687, 0.040405, 39.489750, 119.262680, 1.770019,Walking
607162, 0.388794, 0.686402, 0.037598, 30.883784, 100.341780, 6.652830,Walking
607182, 0.327393, 0.770508, 0.069458, 29.174800, 86.975080, 12.268064,Walking
607202, 0.234985, 0.826416, 0.100586, 34.179700, 90.637200, 15.258788,Walking
607222, 0.242676, 0.880493, 0.090820, 43.518060, 112.060520, 11.047360,Walking
607242, 0.239502, 0.860230, 0.078735, 48.645010, 130.249040, 4.272462,Walking
607262, 0.264526, 0.821411, 0.083252, 50.598140, 147.766160, -2.868652,Walking
607282, 0.306519, 0.795410, 0.112305, 47.790520, 158.325200, -6.896972,Walking
607302, 0.350952, 0.787232, 0.124512, 44.555660, 160.705500, -8.789064,Walking
607322, 0.393677, 0.796631, 0.123535, 39.001470, 154.480000, -8.178714,Walking
607342, 0.372559, 0.809204, 0.116455, 34.851080, 145.690920, -6.042480,Walking
607362, 0.368164, 0.826538, 0.113281, 29.479976, 138.855000, -5.310058,Walking
607382, 0.369385, 0.846924, 0.112061, 27.099608, 130.615240, -7.263182,Walking
607402, 0.354370, 0.872314, 0.121216, 24.291990, 126.281720, -9.399414,Walking
607422, 0.335083, 0.910522, 0.128906, 23.681636, 125.854480, -10.986324,Walking
607442, 0.319702, 0.954712, 0.138672, 24.963376, 130.310100, -15.380856,Walking
607462, 0.326782, 0.958984, 0.168335, 27.221676, 135.498100, -19.287110,Walking
607482, 0.352295, 0.932129, 0.261475, 24.475090, 134.338400, -25.756830,Walking
607502, 0.467651, 1.050904, 0.233521, 13.549804, 124.999980, -30.883784,Walking
607522, 0.495483, 1.240723, 0.190796, 12.451170, 116.394020, -31.311030,Walking
607542, 0.414063, 1.228272, 0.202637, 25.756830, 121.398900, -37.963880,Walking
607562, 0.511230, 1.149292, 0.240967, 35.095220, 135.986360, -45.898430,Walking
607582, 0.628418, 1.062256, 0.239868, 33.508300, 126.037580, -40.710440,Walking
607602, 0.526734, 0.982788, 0.252319, 26.123040, 110.595680, -25.939940,Walking
607622, 0.488281, 0.956299, 0.219238, 17.211920, 106.506320, -8.728030,Walking
607642, 0.506104, 0.955078, 0.171631, 7.385252, 104.187000, 6.408690,Walking
607662, 0.527100, 1.037232, 0.196655, -0.305176, 90.393060, 19.226080,Walking
607682, 0.491577, 1.029297, 0.198853, 5.432128, 82.580560, 20.690910,Walking
607702, 0.458252, 0.940674, 0.177856, 10.559080, 76.965340, 19.592290,Walking
607722, 0.422974, 0.852783, 0.137817, 10.253904, 71.350100, 21.545408,Walking
607742, 0.375366, 0.790650, 0.112671, 5.859374, 65.917980, 27.465816,Walking
607762, 0.367432, 0.777222, 0.108032, 0.488281, 61.584460, 34.667980,Walking
607782, 0.376465, 0.800415, 0.119385, -2.197266, 54.077140, 41.259760,Walking
607802, 0.360596, 0.843750, 0.137207, -2.075196, 48.034660, 46.081540,Walking
607822, 0.334106, 0.896240, 0.147949, 2.136231, 45.410140, 46.813960,Walking
607842, 0.301270, 0.933716, 0.141235, 6.408690, 46.630850, 45.043940,Walking
607862, 0.290894, 0.967407, 0.147827, 9.826660, 51.757800, 42.907700,Walking
607882, 0.298218, 0.974121, 0.185059, 15.686032, 60.180660, 36.804200,Walking
607902, 0.334351, 0.954834, 0.182251, 17.944340, 63.659660, 31.066890,Walking
607922, 0.374756, 0.926758, 0.140259, 17.333990, 62.927240, 25.390620,Walking
607942, 0.394775, 0.901245, 0.119995, 14.465330, 58.044420, 20.080560,Walking
607962, 0.369751, 0.858276, 0.135498, 10.498044, 53.039540, 15.258788,Walking
607982, 0.407105, 0.841309, 0.170776, 6.652830, 47.363270, 10.925290,Walking
608002, 0.466187, 0.838257, 0.188110, 3.417968, 30.639640, 8.178714,Walking
608022, 0.467285, 0.849854, 0.188843, 1.586914, 10.253904, 6.713866,Walking
608042, 0.424072, 0.865845, 0.170898, 3.173828, -4.272462, 5.187988,Walking
608062, 0.386719, 0.870239, 0.138184, 6.469726, -10.375976, 2.929687,Walking
608082, 0.339478, 0.881714, 0.129517, 9.948730, -9.094240, 1.403808,Walking
608102, 0.304566, 0.925781, 0.134033, 14.831540, 3.601074, 1.281738,Walking
608122, 0.303101, 0.960083, 0.144287, 17.150880, 15.197750, 3.173828,Walking
608142, 0.311279, 0.996338, 0.138062, 19.958500, 23.071284, 5.126952,Walking
608162, 0.315064, 1.010864, 0.129517, 21.240230, 28.686520, 6.652830,Walking
608182, 0.318970, 1.052002, 0.130249, 20.935052, 30.517570, 7.934570,Walking
608202, 0.246338, 1.101074, 0.138672, 22.094720, 36.499030, 10.925290,Walking
608222, 0.239258, 1.076416, 0.139648, 25.207516, 47.302240, 11.047360,Walking
608242, 0.293213, 1.130738, 0.151489, 17.333990, 54.260240, 8.789064,Walking
608262, 0.375366, 1.326904, 0.122070, 16.235352, 53.222640, 8.605960,Walking
608282, 0.322998, 1.320068, 0.123169, 28.747552, 48.034660, 1.831054,Walking
608302, 0.153809, 1.067139, 0.085938, 45.593250, 59.082020, -13.793944,Walking
608322, 0.335816, 0.763184, -0.010376, 39.794920, 53.222640, -31.127924,Walking
608343, 0.359863, 0.708618, -0.011963, 24.963376, 29.479976, -29.052730,Walking
608363, 0.281982, 0.726929, 0.019775, 17.333990, 15.747068, -22.949216,Walking
608383, 0.213257, 0.775024, 0.049316, 14.709470, 14.587400, -18.005376,Walking
608403, 0.199341, 0.865112, 0.051636, 16.540530, 20.385740, -14.648436,Walking
608423, 0.190674, 0.938232, 0.080322, 17.944340, 29.296870, -11.901852,Walking
608443, 0.232910, 1.015747, 0.100586, 19.897460, 41.137680, -11.169430,Walking
608463, 0.271118, 1.018188, 0.092773, 24.353020, 52.307120, -14.160152,Walking
608483, 0.354370, 0.957886, 0.020386, 26.306150, 60.058580, -18.859868,Walking
608503, 0.377686, 0.889404, -0.043701, 24.719230, 64.392100, -20.996090,Walking
608523, 0.293091, 0.825684, 0.067017, 25.939940, 76.965340, -18.493652,Walking
608543, 0.372925, 0.771851, 0.094238, 23.925780, 83.801260, -15.319820,Walking
608563, 0.499878, 0.737061, 0.067627, 17.822270, 71.411140, -11.535644,Walking
608583, 0.526245, 0.741944, 0.037109, 10.131832, 49.316400, -7.385252,Walking
608603, 0.458618, 0.788330, 0.020020, 7.202148, 37.536620, -6.774902,Walking
608623, 0.472412, 0.812622, 0.019043, 6.774902, 32.897960, -8.911134,Walking
608643, 0.510986, 0.817383, 0.030029, 3.784179, 24.414060, -11.779784,Walking
608663, 0.549072, 0.830811, 0.033325, -0.854492, 9.948730, -13.427732,Walking
608683, 0.534790, 0.857422, 0.025513, -6.774902, -3.906249, -12.695310,Walking
608703, 0.520996, 0.888550, 0.035522, -10.131832, -14.648436, -11.169430,Walking
608723, 0.483643, 0.881104, 0.039917, -11.718748, -24.658200, -9.887696,Walking
608743, 0.479126, 0.926880, 0.044922, -21.850580, -37.658700, -4.089356,Walking
608763, 0.494141, 1.016114, 0.055420, -26.916500, -44.982900, 2.746581,Walking
608783, 0.444702, 1.097290, 0.063721, -26.306150, -45.349110, 9.033204,Walking
608803, 0.384033, 1.104248, 0.089600, -20.019532, -37.963880, 13.610836,Walking
608823, 0.379639, 1.136230, 0.103272, -24.841304, -28.137200, 17.761230,Walking
608843, 0.448242, 1.265992, 0.072632, -24.902340, -23.132320, 26.489250,Walking
608863, 0.432373, 1.291626, 0.105347, -25.451652, -21.911620, 30.090330,Walking
608883, 0.479614, 1.326050, 0.108765, -19.958500, -22.521970, 30.578610,Walking
608903, 0.468140, 1.190796, 0.107910, -11.779784, -30.883784, 29.663080,Walking
608923, 0.413696, 0.993774, 0.081665, -9.216310, -38.269050, 30.212400,Walking
608943, 0.338501, 0.822022, 0.076294, -12.145992, -44.677720, 34.729010,Walking
608963, 0.315308, 0.852051, 0.126343, -28.076170, -44.433580, 48.095700,Walking
608983, 0.305908, 0.973389, 0.165527, -29.113768, -43.151840, 57.434080,Walking
609003, 0.275269, 1.074341, 0.193848, -25.329584, -35.705570, 59.082020,Walking
609023, 0.262695, 1.135620, 0.189941, -14.892576, -27.709956, 55.114740,Walking
609043, 0.252197, 1.059326, 0.180664, -4.760742, -19.531250, 50.292960,Walking
609063, 0.273804, 0.940308, 0.149292, -3.295898, -17.639160, 45.715320,Walking
609083, 0.286621, 0.852661, 0.123657, -7.324218, -19.836430, 42.724600,Walking
609103, 0.312256, 0.807862, 0.118774, -12.573240, -24.658200, 41.625960,Walking
609123, 0.304321, 0.798950, 0.112793, -15.930172, -30.639640, 39.733900,Walking
609143, 0.290649, 0.801758, 0.112915, -15.502928, -33.569340, 36.621100,Walking
609163, 0.278931, 0.798462, 0.128540, -12.207030, -36.804200, 33.142100,Walking
609183, 0.194824, 0.825440, 0.166870, -7.141112, -31.860350, 29.296870,Walking
609203, 0.189087, 0.847534, 0.166626, -3.234863, -22.705070, 27.099608,Walking
609223, 0.201538, 0.849487, 0.130615, 1.281738, -14.282224, 22.705070,Walking
609243, 0.195923, 0.829102, 0.125977, 4.760742, -6.103514, 16.052250,Walking
609263, 0.207642, 0.815064, 0.153931, 7.812498, 0.183105, 8.605960,Walking
609283, 0.234253, 0.841919, 0.175659, 9.582520, 1.464844, 0.793457,Walking
609303, 0.252564, 0.896973, 0.184082, 11.169430, 0.366211, -4.821778,Walking
609323, 0.258789, 0.982910, 0.156250, 11.108396, 2.807617, -10.986324,Walking
609343, 0.260010, 1.067017, 0.130005, 15.136716, 7.751464, -17.639160,Walking
609363, 0.264526, 1.101807, 0.129517, 20.996090, 17.333990, -24.963376,Walking
609383, 0.271606, 1.185547, 0.198242, 21.667476, 29.724120, -31.799310,Walking
609403, 0.317139, 1.351807, 0.207275, 32.897960, 43.823240, -38.696300,Walking
609423, 0.320557, 1.259400, 0.126709, 41.381820, 59.082020, -48.339840,Walking
609443, 0.354004, 1.043091, 0.058228, 48.645010, 72.265640, -59.448240,Walking
609463, 0.392456, 0.845093, 0.047241, 46.386710, 75.988780, -68.176280,Walking
609483, 0.507324, 0.754517, 0.050171, 34.545900, 65.856940, -68.115240,Walking
609503, 0.552124, 0.768921, 0.057617, 21.362300, 45.593250, -62.194820,Walking
609523, 0.517822, 0.795776, 0.071289, 16.601568, 23.559568, -55.725090,Walking
609543, 0.460693, 0.840820, 0.097168, 12.329100, 10.925290, -51.025380,Walking
609563, 0.433960, 0.889526, 0.099976, 10.986324, 1.892090, -47.180160,Walking
609583, 0.430054, 0.932617, 0.079468, 7.019042, -0.488281, -45.288080,Walking
609603, 0.464233, 0.995850, 0.026123, 3.906249, 1.770019, -43.151840,Walking
609623, 0.458740, 0.939697, 0.011719, 5.493162, 7.446288, -41.198720,Walking
609643, 0.439453, 0.864258, 0.029419, 5.859374, 4.577638, -41.259760,Walking
609663, 0.431030, 0.804932, 0.021973, 4.211426, 0.244141, -36.499030,Walking
609683, 0.435059, 0.764160, 0.006958, -0.122070, -2.136231, -26.000970,Walking
609703, 0.442383, 0.753662, -0.007568, -5.798338, -3.723144, -13.427732,Walking
609723, 0.413818, 0.774048, -0.017456, -8.972170, -1.953124, -2.746581,Walking
609743, 0.402832, 0.804199, -0.006836, -10.192870, -0.244141, 3.417968,Walking
609763, 0.408569, 0.833618, 0.001221, -11.352536, 4.821778, 11.169430,Walking
609783, 0.409546, 0.865356, 0.011597, -12.817380, 7.690428, 15.991210,Walking
609803, 0.426514, 0.902466, 0.021851, -13.977050, 7.873534, 20.629880,Walking
609823, 0.422730, 0.912232, 0.029297, -15.136716, 7.202148, 26.733390,Walking
609843, 0.411377, 0.907471, 0.007446, -17.517090, 3.540038, 25.390620,Walking
609863, 0.398316, 0.895264, 0.015381, -17.944340, 1.403808, 21.728510,Walking
609883, 0.407715, 0.879639, 0.037964, -18.615724, 2.624511, 18.798830,Walking
609903, 0.435913, 0.874024, 0.046265, -20.751950, -8.850100, 18.493652,Walking
609923, 0.425171, 0.947632, 0.052246, -25.329584, -15.197750, 20.507810,Walking
609943, 0.437378, 1.026978, 0.055298, -24.780270, -23.010250, 21.728510,Walking
609963, 0.398316, 1.103028, 0.089722, -26.672360, -26.306150, 21.179192,Walking
609983, 0.443482, 1.305298, 0.115601, -28.625480, -26.855464, 22.033690,Walking
610003, 0.497314, 1.460572, 0.133545, -22.033690, -30.578610, 20.507810,Walking
610023, 0.505127, 1.424805, 0.096069, -7.751464, -33.569340, 16.906740,Walking
610043, 0.443970, 1.176026, 0.070801, -1.525878, -34.606940, 9.277344,Walking
610063, 0.447022, 0.981323, 0.035278, -1.708984, -37.841800, 4.882814,Walking
610083, 0.436524, 0.846924, 0.039673, -5.065916, -44.738760, 7.751464,Walking
610103, 0.409668, 0.771729, 0.065552, -10.986324, -50.415030, 13.061520,Walking
610123, 0.395874, 0.795654, 0.088745, -18.371584, -57.067860, 20.080560,Walking
610143, 0.393188, 0.907837, 0.105835, -21.728510, -62.011710, 26.916500,Walking
610163, 0.364990, 0.980713, 0.130249, -17.578130, -65.612800, 27.160640,Walking
610183, 0.318359, 1.027100, 0.151245, -10.192870, -66.040040, 23.681636,Walking
610203, 0.279785, 1.047852, 0.171875, -1.037598, -63.903800, 19.897460,Walking
610223, 0.233765, 0.996826, 0.173340, 8.361816, -61.218250, 15.441892,Walking
610243, 0.213013, 0.907715, 0.150147, 9.643556, -46.936020, 13.305660,Walking
610263, 0.198975, 0.841797, 0.136597, 6.774902, -33.813480, 12.695310,Walking
610283, 0.264893, 0.802979, 0.132813, 1.525878, -22.155760, 13.000484,Walking
610303, 0.285645, 0.791870, 0.137085, -0.488281, -24.230950, 11.047360,Walking
610323, 0.284424, 0.793091, 0.152222, -0.610352, -28.259270, 9.033204,Walking
610343, 0.272705, 0.806885, 0.177368, -0.732422, -31.494136, 7.934570,Walking
610363, 0.235718, 0.838623, 0.195313, -0.427246, -32.287600, 7.873534,Walking
610383, 0.211182, 0.843628, 0.181763, 1.098633, -28.625480, 7.202148,Walking
610403, 0.205200, 0.852173, 0.166138, 0.732422, -22.460930, 4.882814,Walking
610423, 0.210571, 0.871216, 0.160034, 1.403808, -13.916012, 0.732422,Walking
610443, 0.240112, 0.892822, 0.152954, 2.929687, -5.004884, -5.432128,Walking
610463, 0.277710, 0.912598, 0.148193, 5.493162, 0.854492, -11.596676,Walking
610483, 0.277222, 0.918701, 0.145996, 7.812498, 5.065916, -16.113284,Walking
610503, 0.212158, 0.970093, 0.142700, 9.826660, 14.404296, -18.432620,Walking
610523, 0.230713, 1.002930, 0.135620, 8.605960, 30.090330, -19.592290,Walking
610543, 0.261597, 1.075684, 0.100708, 5.798338, 48.645010, -20.507810,Walking
610563, 0.317505, 1.167603, 0.105347, 3.784179, 68.237320, -22.338860,Walking
610583, 0.531250, 1.313599, 0.132690, 5.493162, 71.655300, -26.733390,Walking
610603, 0.632446, 1.333252, 0.195435, 13.061520, 57.617180, -33.935560,Walking
610623, 0.648682, 1.305420, 0.173096, 24.291990, 41.320790, -39.733900,Walking
610643, 0.668945, 1.064087, 0.076538, 36.376960, 28.198240, -47.058100,Walking
610663, 0.640381, 0.760620, 0.015625, 33.630380, 12.268064, -46.569820,Walking
610683, 0.607422, 0.594360, -0.009155, 16.540530, -4.455568, -36.499030,Walking
610703, 0.565308, 0.567627, -0.015259, 1.647949, -21.484370, -22.888180,Walking
610723, 0.436035, 0.584595, 0.007935, -13.061520, -36.926280, -3.051757,Walking
610743, 0.398071, 0.655152, 0.022217, -14.770504, -31.005852, 6.225584,Walking
610763, 0.434204, 0.754272, 0.055542, -15.441892, -30.456540, 12.084960,Walking
610783, 0.435791, 0.916504, 0.104370, -16.906740, -36.010750, 15.991210,Walking
610803, 0.411133, 1.091797, 0.131348, -13.671872, -39.123540, 18.066410,Walking
610823, 0.300781, 1.194336, 0.090210, -4.638672, -25.390620, 18.371584,Walking
610843, 0.332520, 1.134522, 0.035767, 1.098633, -8.422854, 16.479492,Walking
610863, 0.374512, 1.020996, 0.009399, -3.723144, 1.220704, 17.395020,Walking
610883, 0.381104, 0.888306, 0.021851, -13.244628, 2.685546, 22.583000,Walking
610903, 0.407715, 0.807495, 0.022217, -23.437492, -2.929687, 28.259270,Walking
610923, 0.456177, 0.752808, 0.011963, -34.179700, -15.441892, 32.409680,Walking
610943, 0.413940, 0.766236, -0.005127, -44.067380, -33.874520, 36.010750,Walking
610963, 0.398560, 0.806885, 0.015869, -45.349110, -40.222160, 34.973150,Walking
610983, 0.409790, 0.823853, 0.030640, -41.687000, -42.419420, 30.151360,Walking
611003, 0.401733, 0.817749, 0.040039, -38.757330, -43.151840, 21.850580,Walking
611023, 0.397705, 0.827393, 0.031616, -35.705570, -42.419420, 12.390136,Walking
611043, 0.431274, 0.842285, 0.026367, -33.203130, -44.494620, 2.868652,Walking
611063, 0.446411, 0.847534, 0.031372, -31.372068, -50.537100, -6.652830,Walking
611083, 0.442261, 0.859009, 0.021240, -29.785150, -56.396480, -15.014646,Walking
611103, 0.466675, 0.851562, 0.026245, -29.785150, -64.819340, -21.484370,Walking
611123, 0.456787, 0.856812, 0.051147, -30.639640, -74.096700, -25.756830,Walking
611143, 0.453125, 0.856690, 0.073730, -30.151360, -79.772960, -28.076170,Walking
611163, 0.429443, 0.849976, 0.110840, -30.212400, -80.688460, -29.357908,Walking
611183, 0.398560, 0.832520, 0.125977, -30.395500, -74.096700, -28.442380,Walking
611203, 0.378784, 0.817749, 0.161133, -32.714850, -62.927240, -24.902340,Walking
611223, 0.398804, 0.808594, 0.209229, -37.475590, -54.016100, -20.812980,Walking
611243, 0.446655, 0.837158, 0.230957, -44.311520, -51.574700, -17.272950,Walking
611263, 0.482300, 0.890503, 0.242065, -50.048820, -56.396480, -16.540530,Walking
611283, 0.507935, 1.017456, 0.284424, -58.532700, -60.058580, -18.798830,Walking
611303, 0.581787, 1.267944, 0.318604, -66.345240, -73.059100, -24.414060,Walking
611323, 0.638550, 1.432984, 0.297241, -55.786120, -92.834460, -33.447270,Walking
611343, 0.590088, 1.221436, 0.263428, -38.696300, -108.520500, -50.842280,Walking
611363, 0.553589, 0.946900, 0.283325, -33.325200, -126.586900, -69.274900,Walking
611383, 0.442139, 0.661133, 0.429199, -44.128410, -163.635200, -63.110340,Walking
611403, 0.371216, 0.624878, 0.444336, -56.518540, -180.725080, -51.757800,Walking
611423, 0.294190, 0.656616, 0.444946, -67.321800, -188.659600, -37.963880,Walking
611443, 0.153198, 0.767090, 0.442871, -73.669440, -185.485800, -24.475090,Walking
611463, 0.124634, 0.843994, 0.446777, -73.486340, -169.616680, -14.282224,Walking
611483, 0.153687, 0.910034, 0.461914, -71.716320, -148.498560, -9.094240,Walking
611503, 0.166260, 0.976929, 0.455566, -68.420420, -128.845240, -3.845214,Walking
611523, 0.184937, 1.031250, 0.445801, -62.011710, -113.525360, -1.892090,Walking
611543, 0.195190, 1.024170, 0.415894, -53.100580, -100.097640, -3.112792,Walking
611563, 0.237183, 0.935425, 0.394409, -46.936020, -91.796860, -6.347656,Walking
611583, 0.301392, 0.870728, 0.386719, -47.119130, -92.285140, -9.887696,Walking
611603, 0.343140, 0.892334, 0.396606, -49.011220, -105.102520, -12.390136,Walking
611623, 0.338379, 0.945190, 0.390625, -46.081540, -114.379860, -13.549804,Walking
611643, 0.320313, 0.928711, 0.373413, -42.724600, -119.140600, -16.906740,Walking
611663, 0.302124, 0.929810, 0.379395, -40.649400, -122.985820, -20.812980,Walking
611683, 0.283325, 0.930542, 0.408569, -36.010750, -122.924800, -23.681636,Walking
611703, 0.308838, 0.915161, 0.408203, -32.897960, -123.413080, -27.038570,Walking
611723, 0.374878, 0.929566, 0.386841, -33.081060, -130.127000, -29.418940,Walking
611743, 0.392822, 0.959595, 0.364380, -33.020020, -138.122600, -32.043460,Walking
611763, 0.356567, 0.991333, 0.360840, -30.700680, -139.160200, -34.362800,Walking
611783, 0.361084, 0.986816, 0.370606, -24.902340, -136.962900, -36.376960,Walking
611803, 0.377197, 0.980469, 0.363037, -19.470220, -137.573240, -37.292480,Walking
611823, 0.367066, 0.927246, 0.344849, -10.864256, -134.216320, -33.569340,Walking
611843, 0.370483, 0.902954, 0.312500, -9.155274, -133.117700, -28.381340,Walking
611863, 0.348877, 0.914673, 0.281494, -7.263182, -130.798360, -22.155760,Walking
611883, 0.376587, 0.922974, 0.261963, -2.807617, -128.356960, -17.395020,Walking
611903, 0.341553, 0.905274, 0.268311, 2.380371, -121.765120, -14.648436,Walking
611923, 0.281982, 0.879639, 0.247559, 8.178714, -103.088360, -10.681150,Walking
611943, 0.302856, 0.831177, 0.218140, 8.422854, -85.021960, -4.394532,Walking
611963, 0.291016, 0.819580, 0.199341, 3.112792, -73.181160, 4.699708,Walking
611983, 0.281250, 0.826172, 0.197510, -1.098633, -62.072740, 15.197750,Walking
612003, 0.257324, 0.826538, 0.196533, -3.662109, -48.767080, 21.972650,Walking
612023, 0.303345, 0.861450, 0.195313, -7.202148, -40.832510, 23.437492,Walking
612043, 0.342041, 0.995972, 0.177490, -13.244628, -43.090810, 20.996090,Walking
612063, 0.318726, 1.046265, 0.167969, -13.061520, -43.884270, 15.869140,Walking
612083, 0.323120, 1.006470, 0.154785, -12.451170, -38.818360, 7.995604,Walking
612103, 0.338623, 0.915039, 0.141846, -11.535644, -42.053220, -2.075196,Walking
612123, 0.365845, 0.838623, 0.148193, -16.418460, -48.706040, -7.812498,Walking
612143, 0.368530, 0.799683, 0.153931, -21.301268, -59.448240, -11.169430,Walking
612163, 0.333496, 0.799927, 0.148682, -26.977532, -64.697280, -11.596676,Walking
612183, 0.351685, 0.841431, 0.137817, -31.127924, -69.335940, -9.277344,Walking
612203, 0.336914, 0.886841, 0.129761, -37.780760, -72.204600, -7.263182,Walking
612223, 0.355835, 1.024292, 0.097412, -43.945300, -70.983900, -3.479003,Walking
612243, 0.381714, 1.114136, 0.052612, -41.809080, -66.955580, -1.159668,Walking
612263, 0.392944, 1.071289, 0.066162, -33.813480, -64.270040, -4.516602,Walking
612283, 0.367798, 1.023926, 0.040894, -30.761716, -63.720700, -5.187988,Walking
612303, 0.347290, 0.971802, -0.007324, -28.747552, -59.204090, -2.441407,Walking
612323, 0.357422, 0.926026, -0.031128, -31.249992, -55.908200, 2.868652,Walking
612343, 0.351318, 0.911255, -0.049561, -33.325200, -53.894040, 8.300784,Walking
612363, 0.347778, 0.899780, -0.062256, -34.362800, -51.879880, 11.718748,Walking
612383, 0.347412, 0.904419, -0.073975, -34.240730, -49.865720, 13.610836,Walking
612403, 0.340332, 0.905640, -0.077759, -33.447270, -51.025380, 14.343260,Walking
612423, 0.319458, 0.916260, -0.070313, -33.142100, -52.001940, 13.427732,Walking
612443, 0.314331, 0.919556, -0.065430, -32.104500, -51.086420, 11.718748,Walking
612463, 0.321289, 0.922608, -0.060913, -32.043460, -47.851560, 8.850100,Walking
612483, 0.341064, 0.913696, -0.056641, -28.137200, -46.630850, 1.159668,Walking
612503, 0.340698, 0.874878, -0.049438, -26.184080, -46.936020, -3.234863,Walking
612523, 0.350586, 0.859009, -0.036621, -25.146480, -48.339840, -5.310058,Walking
612543, 0.346436, 0.864380, -0.024536, -24.230950, -49.621580, -6.042480,Walking
612563, 0.328491, 0.872803, -0.010010, -21.789548, -47.973620, -5.004884,Walking
612583, 0.312744, 0.879761, -0.003784, -18.798830, -43.151840, -4.516602,Walking
612603, 0.292114, 0.884278, -0.004028, -15.319820, -34.729010, -4.211426,Walking
612623, 0.289429, 0.878906, -0.001221, -12.512204, -25.817870, -4.577638,Walking
612643, 0.283814, 0.865601, 0.024048, -10.375976, -17.883300, -5.310058,Walking
612663, 0.294190, 0.875854, 0.038940, -9.033204, -12.573240, -5.798338,Walking
612683, 0.327271, 0.908936, 0.041870, -8.056642, -10.253904, -5.981444,Walking
612703, 0.360596, 0.950806, 0.007935, -6.408690, -6.530760, -8.544924,Walking
612723, 0.370850, 0.999634, 0.013794, -5.187988, -2.990722, -12.878416,Walking
612743, 0.369263, 1.015870, 0.034912, -3.662109, 2.868652, -18.005376,Walking
612763, 0.415405, 1.087402, 0.053345, -7.568358, 4.333496, -22.155760,Walking
612783, 0.472290, 1.216064, 0.064209, -8.605960, -0.549316, -23.498530,Walking
612803, 0.456909, 1.283570, 0.066040, -5.493162, -3.417968, -27.709956,Walking
612823, 0.471924, 1.252686, 0.024292, 5.615234, -0.183105, -33.264160,Walking
612843, 0.486694, 1.037720, 0.031006, 12.268064, -0.915527, -39.550780,Walking
612863, 0.492310, 0.885132, 0.042114, 11.962890, -6.530760, -41.748040,Walking
612883, 0.490967, 0.797363, 0.058228, 3.295898, -12.512204, -32.531740,Walking
612903, 0.494751, 0.808838, 0.067505, -5.004884, -19.897460, -18.920900,Walking
612923, 0.468262, 0.819946, 0.058594, -8.056642, -22.766110, -2.746581,Walking
612943, 0.452881, 0.812988, 0.074097, -8.117676, -25.085448, 2.502442,Walking
612963, 0.439697, 0.876099, 0.103027, -10.192870, -30.151360, 7.385252,Walking
612983, 0.416626, 0.953125, 0.120850, -7.568358, -31.921380, 11.413570,Walking
613003, 0.406006, 0.997681, 0.130493, -4.028321, -29.541010, 12.817380,Walking
613023, 0.390625, 1.033204, 0.138794, 0.488281, -26.672360, 11.901852,Walking
613043, 0.415405, 1.029297, 0.156860, 4.089356, -24.719230, 11.047360,Walking
613063, 0.401856, 0.978272, 0.174683, 6.652830, -26.062010, 9.704590,Walking
613083, 0.395020, 0.911743, 0.164063, 5.676268, -29.052730, 10.070800,Walking
613103, 0.374634, 0.848267, 0.139893, 1.037598, -31.982420, 14.099120,Walking
613123, 0.356690, 0.804566, 0.123901, -5.432128, -33.874520, 18.920900,Walking
613143, 0.350464, 0.792969, 0.155518, -12.817380, -36.560060, 24.353020,Walking
613163, 0.329712, 0.807007, 0.131958, -13.183590, -38.085940, 25.756830,Walking
613183, 0.317505, 0.817505, 0.122803, -12.512204, -37.475590, 25.512690,Walking
613203, 0.313843, 0.848389, 0.114624, -10.620116, -35.400400, 24.536130,Walking
613223, 0.291138, 0.884522, 0.126465, -8.056642, -30.578610, 23.254390,Walking
613243, 0.282105, 0.920166, 0.144287, -2.380371, -24.475090, 21.545408,Walking
613263, 0.272827, 0.918213, 0.158691, 4.089356, -18.310550, 18.981940,Walking
613283, 0.274780, 0.929566, 0.152588, 7.690428, -12.390136, 17.089850,Walking
613303, 0.268921, 0.983765, 0.143311, 7.995604, -4.821778, 18.188480,Walking
613323, 0.251587, 1.060303, 0.151978, 9.399414, 6.591796, 20.996090,Walking
613343, 0.272095, 1.135010, 0.169922, 10.559080, 16.479492, 23.742670,Walking
613363, 0.278076, 1.259278, 0.239502, 2.746581, 27.160640, 25.390620,Walking
613383, 0.328735, 1.635620, 0.256226, 10.864256, 31.616208, 25.268550,Walking
613403, 0.250610, 1.482788, 0.193115, 27.343748, 44.555660, 16.296390,Walking
613423, 0.275146, 1.148682, 0.081421, 35.156260, 60.424800, -0.610352,Walking
613443, 0.331299, 0.833984, -0.012207, 36.010750, 57.250960, -19.287110,Walking
613463, 0.405029, 0.557373, 0.003174, 23.864740, 36.254890, -31.677240,Walking
613483, 0.497559, 0.443359, 0.034058, -0.549316, -4.699708, -36.743170,Walking
613503, 0.549805, 0.474243, -0.057495, -21.789548, -50.354000, -36.926280,Walking
613523, 0.503174, 0.553589, -0.194702, -36.376960, -83.068840, -33.813480,Walking
613543, 0.350830, 0.653076, -0.133667, -39.367680, -101.989720, -28.503410,Walking
613563, 0.182617, 0.787476, 0.032959, -32.287600, -105.468720, -22.949216,Walking
613583, 0.083130, 0.978394, 0.155518, -10.559080, -68.542500, -11.962890,Walking
613603, 0.106079, 1.194580, 0.131958, 7.995604, -26.184080, -10.986324,Walking
613623, 0.128174, 1.182007, 0.054810, 22.399900, 14.648436, -15.502928,Walking
613643, 0.122681, 1.065796, -0.028564, 33.081060, 61.767570, -23.376460,Walking
613663, 0.176636, 0.899902, -0.043701, 36.132820, 99.487300, -27.954100,Walking
613683, 0.283691, 0.753906, -0.003052, 29.785150, 117.553700, -24.475090,Walking
613703, 0.449463, 0.682251, 0.019653, 13.183590, 107.971160, -15.502928,Walking
613723, 0.521118, 0.686157, 0.019287, -0.976562, 75.256360, -10.375976,Walking
613743, 0.503296, 0.736206, 0.039307, -10.131832, 44.250480, -11.779784,Walking
613763, 0.466064, 0.796875, 0.050781, -9.338380, 25.085448, -20.141600,Walking
613783, 0.431885, 0.839722, 0.044189, -7.690428, 18.432620, -27.038570,Walking
613803, 0.380493, 0.856934, 0.023926, -9.521484, 21.850580, -25.024410,Walking
613823, 0.342651, 0.910522, -0.001465, -8.728030, 36.010750, -22.460930,Walking
613843, 0.393677, 0.892700, -0.002930, -10.620116, 43.518060, -18.066410,Walking
613863, 0.429077, 0.903809, -0.022217, -13.977050, 44.250480, -13.549804,Walking
613883, 0.512207, 0.926758, -0.013062, -13.366696, 36.315920, -13.305660,Walking
613903, 0.523194, 0.937500, -0.009155, -12.817380, 24.902340, -16.296390,Walking
613923, 0.526123, 0.978638, -0.026001, -13.000484, 17.089850, -18.615724,Walking
613943, 0.559814, 1.031250, -0.042969, -15.075680, 7.629394, -17.089850,Walking
613963, 0.543213, 1.097412, -0.046631, -16.662600, -1.464844, -13.732908,Walking
613983, 0.508179, 1.113282, -0.035034, -12.207030, -4.760742, -11.230468,Walking
614003, 0.490112, 1.058472, -0.029785, -8.239746, -5.981444, -8.544924,Walking
614023, 0.466797, 1.016602, -0.017456, -9.155274, -6.469726, -0.610352,Walking
614043, 0.510620, 1.192261, -0.019165, -12.695310, -5.310058, 8.361816,Walking
614063, 0.519898, 1.244873, -0.008057, -10.620116, -7.385252, 9.521484,Walking
614083, 0.543457, 1.322632, -0.034546, -3.845214, -8.239746, 9.399414,Walking
614103, 0.475952, 1.180298, -0.039551, 9.765626, -10.375976, 8.117676,Walking
614123, 0.415283, 0.973267, -0.044434, 16.662600, -6.774902, 6.225584,Walking
614143, 0.422608, 0.799316, -0.057007, 12.756344, -7.995604, 15.747068,Walking
614163, 0.440064, 0.743286, -0.029907, 1.647949, -16.052250, 28.381340,Walking
614183, 0.435303, 0.857788, 0.034180, -6.774902, -24.841304, 38.818360,Walking
614203, 0.458252, 1.010986, 0.074585, -4.516602, -36.315920, 44.738760,Walking
614223, 0.435669, 1.126099, 0.113037, 4.211426, -47.180160, 43.823240,Walking
614243, 0.344971, 1.158448, 0.158447, 18.676760, -47.973620, 35.400400,Walking
614263, 0.253418, 1.033570, 0.167358, 31.921380, -35.339360, 31.921380,Walking
614283, 0.260498, 0.943604, 0.156616, 31.066890, -22.216790, 30.456540,Walking
614303, 0.275757, 0.889771, 0.155640, 28.137200, -10.498044, 32.409680,Walking
614323, 0.268311, 0.848267, 0.173340, 25.268550, -0.305176, 34.423840,Walking
614343, 0.295044, 0.825073, 0.177734, 22.216790, 5.371092, 35.766600,Walking
614363, 0.317871, 0.823364, 0.180176, 17.822270, 3.845214, 38.574220,Walking
614383, 0.258057, 0.830811, 0.190308, 15.258788, 3.540038, 42.419420,Walking
614403, 0.232788, 0.825195, 0.185059, 12.451170, 11.291500, 44.921860,Walking
614423, 0.271606, 0.818970, 0.178101, 7.507323, 15.258788, 44.067380,Walking
614443, 0.269287, 0.831055, 0.175415, 4.028321, 14.892576, 41.259760,Walking
614463, 0.292725, 0.843384, 0.166992, 3.784179, 13.732908, 33.447270,Walking
614483, 0.293457, 0.805908, 0.171875, 5.371092, 7.080076, 25.512690,Walking
614503, 0.293823, 0.800781, 0.172974, 5.432128, 2.624511, 17.822270,Walking
614523, 0.296387, 0.811646, 0.171875, 4.394532, -2.197266, 11.169430,Walking
614563, 0.268921, 0.894898, 0.149658, 2.502442, -1.464844, 1.770019,Walking
614583, 0.259888, 0.939331, 0.156738, 0.305176, 3.234863, -2.624511,Walking
614603, 0.287232, 1.025024, 0.132690, -0.732422, 10.253904, -6.225584,Walking
614623, 0.300171, 1.057740, 0.092407, 2.807617, 17.883300, -10.314940,Walking
614643, 0.271484, 1.100830, 0.104858, -0.671386, 28.747552, -15.869140,Walking
614663, 0.286133, 1.270386, 0.091553, 0.854492, 40.222160, -15.930172,Walking
614683, 0.339233, 1.314942, 0.149902, 1.037598, 54.199210, -21.423332,Walking
614703, 0.427979, 1.373658, 0.119385, 18.615724, 75.927740, -27.893060,Walking
614723, 0.426880, 1.030884, 0.031860, 31.494136, 83.862300, -42.175280,Walking
614743, 0.502320, 0.760864, -0.044434, 32.287600, 81.359840, -56.152340,Walking
614763, 0.570190, 0.543823, -0.051880, 20.507810, 59.753410, -55.114740,Walking
614783, 0.569946, 0.497192, -0.021606, 0.854492, 27.770990, -45.043940,Walking
614803, 0.548828, 0.577393, 0.017456, -11.596676, 0.610352, -32.714850,Walking
614823, 0.479492, 0.682984, 0.028931, -17.028810, -17.028810, -23.803708,Walking
614843, 0.438355, 0.834717, 0.008667, -15.441892, -26.062010, -20.019532,Walking
614863, 0.375732, 0.996948, 0.020630, -9.765626, -22.583000, -20.263670,Walking
614883, 0.313843, 1.132446, 0.040405, 0.976562, -5.615234, -22.399900,Walking
614903, 0.304443, 1.156372, 0.014160, 14.343260, 18.310550, -26.367180,Walking
614923, 0.356934, 0.946411, -0.065186, 21.118160, 47.363270, -31.860350,Walking
614943, 0.384399, 0.810181, -0.049561, 14.953610, 56.152340, -26.123040,Walking
614963, 0.423218, 0.824585, -0.025635, 12.084960, 67.810060, -26.367180,Walking
614983, 0.430664, 0.718872, 0.014893, 14.404296, 68.237320, -15.258788,Walking
615003, 0.410645, 0.704224, 0.033691, 2.014160, 68.481460, -4.272462,Walking
615023, 0.444092, 0.787232, 0.040161, 2.258301, 65.612800, 0.854492,Walking
615043, 0.492554, 0.786133, 0.057617, 2.502442, 56.213370, 4.394532,Walking
615063, 0.494873, 0.807129, 0.070801, 1.586914, 40.649400, 6.713866,Walking
615083, 0.505249, 0.831665, 0.067261, 2.990722, 26.062010, 3.051757,Walking
615103, 0.508911, 0.844604, 0.054932, 2.929687, 14.709470, -5.432128,Walking
615123, 0.520752, 0.855103, 0.045044, 0.061035, 2.685546, -10.986324,Walking
615143, 0.522095, 0.861816, 0.067261, -7.507323, -16.784670, -10.803220,Walking
615163, 0.504761, 0.884278, 0.067139, -10.742184, -25.451652, -9.643556,Walking
615183, 0.468262, 0.894043, 0.058472, -11.779784, -29.663080, -7.934570,Walking
615203, 0.439331, 0.911499, 0.055908, -12.390136, -29.418940, -5.554198,Walking
615223, 0.411865, 0.930298, 0.065186, -12.268064, -25.756830, -2.380371,Walking
615243, 0.385986, 0.971314, 0.075684, -12.390136, -17.944340, 2.014160,Walking
615263, 0.404785, 1.011841, 0.069946, -10.742184, -9.765626, 6.164550,Walking
615283, 0.394165, 1.022583, 0.055908, -7.629394, -0.427246, 9.704590,Walking
615303, 0.368530, 1.008179, 0.060547, -5.737304, 14.770504, 12.939450,Walking
615323, 0.382568, 1.099976, 0.105835, -9.826660, 26.184080, 15.319820,Walking
615343, 0.479614, 1.355103, 0.148926, -13.183590, 28.320310, 19.775390,Walking
615363, 0.572876, 1.558350, 0.104736, 7.934570, 22.949216, 19.104010,Walking
615383, 0.466309, 1.140870, 0.082153, 27.099608, 25.085448, 5.737304,Walking
615403, 0.413940, 0.794068, 0.035889, 28.503410, 24.291990, -6.713866,Walking
615423, 0.468506, 0.561646, -0.045776, 10.986324, 9.643556, -2.197266,Walking
615443, 0.507080, 0.567993, -0.010376, -17.761230, -11.962890, 17.089850,Walking
615463, 0.470337, 0.760986, 0.058716, -35.827640, -33.996590, 33.020020,Walking
615483, 0.438721, 0.985962, 0.098389, -41.931140, -43.273920, 46.691880,Walking
615503, 0.398682, 1.247803, 0.168457, -32.592780, -48.217760, 52.062980,Walking
615523, 0.220947, 1.295532, 0.204224, -10.620116, -42.236320, 51.879880,Walking
615543, 0.128052, 1.137085, 0.183960, 4.760742, -19.470220, 49.682610,Walking
615563, 0.155151, 0.986572, 0.127197, 3.967285, -1.220704, 51.391590,Walking
615583, 0.234375, 0.869141, 0.099854, -4.089356, 8.056642, 57.434080,Walking
615603, 0.259888, 0.833740, 0.147217, -9.094240, 4.333496, 55.664060,Walking
615623, 0.267822, 0.859131, 0.174683, -8.789064, -2.563476, 48.583980,Walking
615643, 0.283814, 0.865112, 0.172974, -4.272462, -6.286620, 39.917000,Walking
615663, 0.294312, 0.847046, 0.176025, -1.770019, -14.892576, 31.738280,Walking
615683, 0.244019, 0.858032, 0.180176, -0.061035, -20.202630, 25.634760,Walking
615703, 0.216553, 0.871582, 0.178589, 3.051757, -18.920900, 20.874020,Walking
615723, 0.197144, 0.865112, 0.171021, 5.798338, -13.732908, 17.089850,Walking
615743, 0.174683, 0.871094, 0.150147, 7.385252, -3.417968, 11.596676,Walking
615763, 0.226929, 0.898560, 0.156738, 7.934570, 5.859374, 5.737304,Walking
615783, 0.249023, 0.947388, 0.172119, 11.718748, 11.657712, -1.098633,Walking
615803, 0.269287, 0.971558, 0.194580, 20.629880, 13.793944, -12.634276,Walking
615823, 0.263184, 0.975098, 0.165894, 24.475090, 17.639160, -20.507810,Walking
615843, 0.288574, 0.982910, 0.157471, 24.230950, 20.690910, -27.465816,Walking
615863, 0.300049, 1.022828, 0.140991, 24.597160, 24.597160, -32.287600,Walking
615883, 0.306641, 1.064331, 0.142578, 28.198240, 31.311030, -35.034180,Walking
615903, 0.290039, 1.056885, 0.180176, 34.606940, 35.278320, -38.818360,Walking
615923, 0.279175, 1.026490, 0.190064, 39.855960, 38.146980, -41.015620,Walking
615943, 0.307617, 1.007080, 0.167358, 42.663560, 40.771480, -39.794920,Walking
615963, 0.292114, 0.993042, 0.142090, 44.616690, 43.884270, -36.743170,Walking
615983, 0.274658, 0.981323, 0.141724, 47.241200, 51.208480, -33.081060,Walking
616003, 0.269531, 0.974854, 0.142700, 50.170890, 60.607900, -29.418940,Walking
616023, 0.282959, 0.964844, 0.127686, 53.466780, 73.120140, -23.071284,Walking
616043, 0.270752, 0.991699, 0.129395, 53.283680, 80.505360, -17.395020,Walking
616063, 0.262573, 1.073608, 0.162598, 51.879880, 87.646460, -11.840818,Walking
616083, 0.280640, 1.328614, 0.228516, 45.776360, 96.069320, -5.004884,Walking
616103, 0.269409, 1.514648, 0.262207, 61.279280, 106.201160, 1.220704,Walking
616123, 0.207153, 1.351318, 0.232422, 78.918460, 126.953100, -2.990722,Walking
616143, 0.241089, 1.121948, 0.152466, 83.374000, 146.484400, -12.634276,Walking
616163, 0.257446, 0.957154, 0.129517, 76.416040, 149.719240, -9.887696,Walking
616183, 0.182495, 0.853638, 0.221314, 64.941420, 133.361840, 3.051757,Walking
616203, 0.258301, 0.818115, 0.182007, 58.288560, 119.934060, 22.155760,Walking
616223, 0.436768, 0.786499, 0.058838, 51.635740, 115.356440, 32.470710,Walking
616243, 0.348877, 0.896973, 0.049805, 43.395980, 115.905740, 36.499030,Walking
616263, 0.287476, 0.928345, 0.094116, 55.664060, 131.897000, 36.804200,Walking
616283, 0.302368, 0.881104, 0.121216, 62.072740, 139.953640, 31.188960,Walking
616303, 0.332642, 0.858276, 0.106934, 62.927240, 139.343300, 30.578610,Walking
616323, 0.332153, 0.839844, 0.094482, 62.072740, 128.356960, 30.029290,Walking
616343, 0.325806, 0.853394, 0.094360, 61.157220, 125.488260, 26.611320,Walking
616363, 0.322876, 0.836182, 0.110718, 65.429700, 127.136200, 16.784670,Walking
616383, 0.338867, 0.789673, 0.117554, 68.420420, 129.394560, 2.807617,Walking
616403, 0.362671, 0.769043, 0.111694, 66.345240, 126.281720, -10.192870,Walking
616423, 0.379639, 0.788086, 0.098877, 63.232410, 119.506820, -20.080560,Walking
616443, 0.385986, 0.782593, 0.089722, 60.791000, 111.999500, -26.611320,Walking
616463, 0.386230, 0.782715, 0.105713, 56.274400, 96.923800, -32.043460,Walking
616483, 0.387329, 0.803467, 0.114014, 54.870600, 86.791960, -33.325200,Walking
616503, 0.351807, 0.831421, 0.125610, 52.856440, 81.909160, -30.944820,Walking
616523, 0.295044, 0.856690, 0.147095, 53.894040, 89.416500, -31.005852,Walking
616543, 0.279419, 0.855347, 0.150391, 55.786120, 103.454560, -32.226570,Walking
616563, 0.285767, 0.831055, 0.125855, 52.429190, 112.854000, -29.663080,Walking
616583, 0.295898, 0.836670, 0.109375, 45.837400, 120.605440, -25.085448,Walking
616603, 0.340088, 0.895386, 0.122559, 39.855960, 127.319320, -20.690910,Walking
616623, 0.367432, 0.937500, 0.156006, 39.367680, 129.211440, -18.310550,Walking
616643, 0.398438, 0.938110, 0.159546, 37.902840, 127.136200, -18.554690,Walking
616663, 0.416016, 0.955200, 0.137329, 36.621100, 121.215800, -20.935052,Walking
616683, 0.428345, 0.927856, 0.112305, 34.240730, 115.417460, -25.756830,Walking
616703, 0.426636, 0.881470, 0.111206, 31.677240, 111.450180, -28.747552,Walking
616723, 0.437378, 0.851074, 0.115112, 27.587884, 105.773900, -28.747552,Walking
616743, 0.449829, 0.830444, 0.113281, 22.216790, 99.060040, -26.062010,Walking
616763, 0.465942, 0.883545, 0.111450, 12.207030, 92.346160, -23.681636,Walking
616783, 0.508789, 1.100830, 0.100952, 3.479003, 85.998520, -18.493652,Walking
616803, 0.526489, 1.227784, 0.117065, 10.314940, 80.749500, -15.380856,Walking
616823, 0.506104, 1.148072, 0.147827, 21.850580, 78.857440, -18.371584,Walking
616843, 0.497925, 1.041748, 0.152954, 24.047850, 75.683600, -21.606440,Walking
616863, 0.475952, 0.981690, 0.121094, 21.240230, 69.335940, -18.737796,Walking
616883, 0.442383, 0.943970, 0.085571, 13.061520, 64.331060, -10.925290,Walking
616903, 0.443604, 0.958008, 0.095459, 4.882814, 61.157220, 2.563476,Walking
616923, 0.428589, 0.988037, 0.115845, 6.530760, 60.302720, 5.432128,Walking
616943, 0.420288, 1.018921, 0.140625, 10.803220, 60.607900, 6.164550,Walking
616963, 0.389893, 1.044068, 0.141235, 14.892576, 62.438960, 6.591796,Walking
616983, 0.348022, 1.000854, 0.137207, 21.301268, 67.932140, 6.103514,Walking
617003, 0.340210, 0.922119, 0.148926, 24.169920, 75.256360, 4.089356,Walking
617023, 0.359253, 0.887573, 0.161011, 23.010250, 77.819840, 3.479003,Walking
617043, 0.365479, 0.885132, 0.166138, 20.935052, 75.439460, 5.065916,Walking
617063, 0.379150, 0.877808, 0.166992, 18.920900, 70.129400, 5.615234,Walking
617083, 0.378418, 0.872681, 0.166626, 17.028810, 65.185560, 4.394532,Walking
617103, 0.371094, 0.864502, 0.148682, 15.624996, 59.326160, 2.746581,Walking
617123, 0.379272, 0.865112, 0.164063, 10.314940, 48.767080, 1.892090,Walking
617143, 0.380005, 0.894409, 0.176636, 6.774902, 40.283200, 3.295898,Walking
617163, 0.375977, 0.927490, 0.175049, 4.760742, 32.409680, 4.760742,Walking
617183, 0.363159, 0.943604, 0.169556, 3.234863, 26.977532, 5.126952,Walking
617203, 0.347778, 0.944336, 0.155273, 2.929687, 24.841304, 3.784179,Walking
617223, 0.329712, 0.918091, 0.144287, 0.915527, 26.184080, 3.479003,Walking
617243, 0.336548, 0.907227, 0.146362, -1.159668, 26.062010, 4.211426,Walking
617263, 0.344971, 0.899292, 0.142578, -2.929687, 24.230950, 5.920409,Walking
617283, 0.356445, 0.896484, 0.134033, -4.699708, 20.996090, 8.300784,Walking
617303, 0.359131, 0.907471, 0.106689, -5.554198, 17.761230, 9.460450,Walking
617323, 0.354736, 0.924805, 0.080322, -5.371092, 16.296390, 8.850100,Walking
617343, 0.351440, 0.927856, 0.086792, -1.953124, 16.723632, 6.896972,Walking
617363, 0.365845, 0.917969, 0.088257, 0.244141, 18.554690, 5.493162,Walking
617383, 0.385254, 0.908203, 0.077759, 1.525878, 18.371584, 4.272462,Walking
617403, 0.425293, 0.897217, 0.057495, 2.258301, 16.418460, 1.831054,Walking
617423, 0.475708, 0.888306, 0.022095, 0.061035, 10.437010, -2.136231,Walking
617443, 0.505982, 0.937134, 0.016724, -1.953124, 0.549316, -4.272462,Walking
617463, 0.530396, 0.982056, 0.041992, -0.244141, -12.573240, -3.845214,Walking
617483, 0.503296, 1.025024, 0.051636, 3.845214, -21.118160, -2.624511,Walking
617503, 0.463623, 1.043091, 0.036865, 7.568358, -21.972650, -0.671386,Walking
617523, 0.407837, 1.057618, 0.014160, 10.131832, -13.305660, 2.258301,Walking
617543, 0.367920, 1.037720, 0.009521, 11.535644, 1.159668, 7.507323,Walking
617563, 0.377197, 1.083008, 0.054688, 7.934570, 21.850580, 16.906740,Walking
617583, 0.394409, 1.191040, 0.069580, 8.666994, 29.479976, 23.681636,Walking
617603, 0.379761, 1.182740, 0.046875, 16.906740, 36.254890, 27.404780,Walking
617623, 0.363648, 1.035156, 0.024170, 21.362300, 42.724600, 26.000970,Walking
617643, 0.385010, 0.934814, 0.026245, 17.944340, 38.391120, 25.329584,Walking
617663, 0.385010, 0.845581, 0.023926, 10.253904, 23.498530, 29.113768,Walking
617683, 0.374878, 0.827148, -0.001587, 0.488281, 1.281738, 33.325200,Walking
617703, 0.317505, 0.812988, -0.049561, -5.371092, -26.611320, 35.766600,Walking
617723, 0.170776, 0.798218, -0.074707, -8.300784, -39.917000, 36.560060,Walking
617743, 0.062256, 0.823486, -0.053711, -6.103514, -31.616208, 33.935560,Walking
617763, 0.044067, 0.877930, 0.025635, -1.647949, -13.916012, 28.991692,Walking
617783, 0.136475, 1.020874, 0.089966, 9.765626, 26.306150, 19.897460,Walking
617803, 0.226440, 1.052368, 0.048706, 18.676760, 47.119130, 12.084960,Walking
617823, 0.230713, 0.989502, 0.000488, 24.414060, 59.326160, 3.601074,Walking
617843, 0.249634, 0.899536, -0.033325, 24.108880, 64.758300, -1.953124,Walking
617863, 0.294800, 0.818360, -0.035645, 21.240230, 60.302720, -5.554198,Walking
617883, 0.366089, 0.765747, -0.015991, 14.282224, 51.086420, -8.056642,Walking
617903, 0.413696, 0.759888, -0.019043, 7.629394, 38.269050, -11.352536,Walking
617923, 0.419434, 0.770996, -0.043945, 4.516602, 28.442380, -17.578130,Walking
617943, 0.416382, 0.766480, -0.065186, 2.441407, 23.681636, -24.597160,Walking
617963, 0.470337, 0.780884, -0.056274, 0.549316, 17.578130, -29.785150,Walking
617983, 0.498657, 0.806396, -0.039185, -2.319336, 7.690428, -29.602044,Walking
618003, 0.473022, 0.875000, -0.034546, -3.601074, 0.488281, -26.062010,Walking
618023, 0.457275, 0.892334, -0.044678, -2.197266, 1.892090, -25.146480,Walking
618043, 0.454102, 0.882202, -0.060547, -1.892090, 5.554198, -25.939940,Walking
618063, 0.462524, 0.866089, -0.061035, -2.563476, 9.033204, -26.367180,Walking
618083, 0.493408, 0.877564, -0.046631, -5.920409, 9.582520, -26.000970,Walking
618103, 0.526734, 0.957154, -0.019043, -8.483890, 2.502442, -24.353020,Walking
618123, 0.522827, 1.037354, -0.011353, -6.042480, -4.333496, -20.507810,Walking
618143, 0.504883, 1.061158, -0.006714, -1.770019, -4.882814, -17.578130,Walking
618163, 0.505493, 1.167114, 0.024048, -6.103514, -2.319336, -15.380856,Walking
618183, 0.513916, 1.309814, 0.030396, -1.464844, -0.305176, -10.192870,Walking
618203, 0.486328, 1.317871, 0.047607, -0.305176, 4.577638, -7.019042,Walking
618223, 0.512573, 1.306763, 0.027222, 4.211426, 5.981444, -1.525878,Walking
618243, 0.468750, 1.123536, -0.003418, 7.934570, 4.577638, 0.366211,Walking
618263, 0.471069, 0.924927, -0.011719, 5.371092, -0.976562, 2.929687,Walking
618283, 0.478516, 0.774780, -0.019897, -2.197266, -13.366696, 10.925290,Walking
618303, 0.437866, 0.697632, -0.000977, -10.803220, -24.597160, 19.226080,Walking
618323, 0.417358, 0.735840, 0.027222, -18.310550, -33.752440, 27.893060,Walking
618343, 0.394775, 0.831421, 0.039673, -18.737796, -40.893540, 33.508300,Walking
618363, 0.366089, 0.913086, 0.081299, -13.000484, -42.419420, 33.325200,Walking
618383, 0.354980, 0.999756, 0.134522, -0.305176, -38.757330, 28.076170,Walking
618403, 0.334473, 0.996826, 0.160156, 15.197750, -31.249992, 19.592290,Walking
618423, 0.347534, 0.942017, 0.158691, 21.423332, -21.179192, 14.953610,Walking
618443, 0.360718, 0.908325, 0.144409, 18.493652, -20.080560, 17.272950,Walking
618463, 0.344482, 0.898926, 0.159668, 13.488768, -18.676760, 24.658200,Walking
618483, 0.312744, 0.876709, 0.172485, 8.239746, -16.662600, 33.264160,Walking
618503, 0.289551, 0.868774, 0.160522, 2.868652, -14.648436, 40.954580,Walking
618523, 0.290405, 0.866699, 0.147949, -1.098633, -10.742184, 46.813960,Walking
618543, 0.286255, 0.850586, 0.135742, -4.150392, -6.103514, 49.316400,Walking
618563, 0.265747, 0.844360, 0.124146, -7.751464, -1.281738, 51.147450,Walking
618583, 0.274780, 0.841919, 0.125122, -9.521484, 0.183105, 51.513660,Walking
618603, 0.274414, 0.837158, 0.126831, -9.277344, -0.915527, 48.706040,Walking
618623, 0.279053, 0.824951, 0.129761, -7.751464, -1.953124, 42.846670,Walking
618643, 0.277100, 0.815186, 0.121460, -5.981444, -2.624511, 34.362800,Walking
618663, 0.264893, 0.827026, 0.125366, -4.150392, -1.037598, 18.432620,Walking
618683, 0.292358, 0.885498, 0.128906, -3.601074, 0.244141, 7.995604,Walking
618703, 0.303955, 0.950928, 0.139771, -0.854492, -1.708984, -1.586914,Walking
618723, 0.313110, 1.030396, 0.122925, 2.075196, -1.342773, -11.230468,Walking
618743, 0.314575, 1.073853, 0.085815, 7.263182, 1.525878, -20.690910,Walking
618763, 0.335327, 1.075318, 0.084961, 12.145992, 7.019042, -29.418940,Walking
618783, 0.354004, 1.099610, 0.135010, 10.864256, 9.765626, -36.499030,Walking
618803, 0.385132, 1.231446, 0.123535, 13.854978, 11.352536, -37.719730,Walking
618823, 0.361450, 1.174683, 0.097046, 17.700200, 16.845708, -41.809080,Walking
618843, 0.364868, 1.153198, 0.034790, 21.728510, 31.066890, -46.081540,Walking
618863, 0.372192, 0.997192, 0.008789, 25.817870, 43.273920, -49.560540,Walking
618883, 0.435791, 0.813110, 0.008057, 22.399900, 44.860830, -46.874990,Walking
618903, 0.454834, 0.753662, 0.007813, 15.197750, 37.719730, -38.208020,Walking
618923, 0.431519, 0.733276, 0.020752, 10.314940, 30.456540, -28.320310,Walking
618943, 0.419800, 0.753418, 0.017456, 4.333496, 26.367180, -20.874020,Walking
618963, 0.413086, 0.833984, 0.002686, 0.000000, 22.033690, -16.967780,Walking
618983, 0.404053, 0.918213, 0.010376, -1.464844, 20.690910, -16.479492,Walking
619003, 0.407227, 0.991333, 0.026978, -0.305176, 22.033690, -19.348150,Walking
619023, 0.435425, 1.012940, 0.041382, 4.150392, 21.057124, -24.291990,Walking
619043, 0.433350, 0.957154, 0.049927, 8.300784, 16.906740, -29.663080,Walking
619063, 0.426514, 0.875732, 0.033691, 8.666994, 14.831540, -33.935560,Walking
619083, 0.449585, 0.809326, 0.006104, 4.821778, 10.131832, -33.508300,Walking
619103, 0.435059, 0.784668, 0.005981, -5.798338, 4.699708, -24.780270,Walking
619123, 0.446655, 0.804932, 0.011230, -8.605960, 2.258301, -17.944340,Walking
619143, 0.418213, 0.807862, 0.015259, -11.657712, 1.281738, -9.277344,Walking
619163, 0.403442, 0.823853, 0.020752, -12.756344, 3.234863, -1.037598,Walking
619183, 0.417236, 0.828369, 0.012085, -13.977050, 4.638672, 6.103514,Walking
619203, 0.418701, 0.849976, 0.006104, -15.441892, 4.699708, 8.850100,Walking
619223, 0.414795, 0.864624, 0.005249, -13.671872, 6.896972, 7.568358,Walking
619243, 0.443970, 0.845703, 0.010376, -12.695310, 6.164550, 5.371092,Walking
619263, 0.470703, 0.838989, 0.018066, -14.709470, 0.305176, 5.554198,Walking
619283, 0.472046, 0.863159, 0.011841, -16.174320, -9.887696, 5.371092,Walking
619303, 0.447022, 0.885498, 0.011353, -16.967780, -13.916012, 6.713866,Walking
619323, 0.462769, 0.990601, 0.012695, -18.676760, -22.766110, 8.361816,Walking
619343, 0.442627, 1.035644, 0.022583, -17.028810, -26.062010, 9.033204,Walking
619363, 0.452393, 1.044678, 0.034180, -16.113284, -28.320310, 9.277344,Walking
619383, 0.489990, 1.132812, 0.073975, -22.521970, -35.339360, 9.826660,Walking
619403, 0.522339, 1.317017, 0.083984, -22.644040, -44.250480, 11.901852,Walking
619423, 0.504761, 1.376099, 0.090576, -16.967780, -48.095700, 8.728030,Walking
619443, 0.470581, 1.329834, 0.100464, -7.263182, -46.020500, 3.845214,Walking
619463, 0.442627, 1.198242, 0.099121, 0.244141, -41.687000, -1.770019,Walking
619483, 0.404175, 1.024780, 0.078369, 6.408690, -38.024910, -4.272462,Walking
619503, 0.380493, 0.811768, 0.048340, 5.004884, -34.667980, -1.525878,Walking
619523, 0.402344, 0.689820, 0.016724, -4.333496, -34.484870, 5.371092,Walking
619543, 0.410034, 0.709839, 0.048706, -19.165040, -41.381820, 19.104010,Walking
619563, 0.424194, 0.849854, 0.061646, -23.986810, -48.522940, 25.146480,Walking
619583, 0.406006, 0.980469, 0.079224, -18.737796, -54.870600, 26.489250,Walking
619603, 0.331787, 1.042603, 0.102905, -9.887696, -55.236800, 24.658200,Walking
619623, 0.278931, 1.075440, 0.107666, 0.854492, -46.447740, 22.216790,Walking
619643, 0.241089, 1.031372, 0.122314, 10.009768, -31.494136, 20.690910,Walking
619663, 0.211670, 0.953491, 0.128784, 13.977050, -14.404296, 19.348150,Walking
619683, 0.233276, 0.877564, 0.123047, 14.770504, -1.647949, 18.859868,Walking
619703, 0.265259, 0.813110, 0.117920, 12.329100, 3.845214, 19.104010,Walking
619723, 0.298828, 0.779907, 0.125610, 9.216310, 1.831054, 18.920900,Walking
619743, 0.310913, 0.768799, 0.134766, 6.530760, -3.479003, 17.822270,Walking
619763, 0.309570, 0.781860, 0.144409, 4.089356, -12.145992, 14.343260,Walking
619783, 0.308106, 0.800537, 0.157227, 3.051757, -18.310550, 11.108396,Walking
619803, 0.291870, 0.821900, 0.162109, 2.685546, -21.972650, 7.263182,Walking
619823, 0.296021, 0.840332, 0.137451, 2.746581, -21.545408, 2.929687,Walking
619843, 0.296265, 0.861450, 0.124512, 4.394532, -22.583000, -2.441407,Walking
619863, 0.311157, 0.877442, 0.149414, 5.432128, -23.925780, -5.859374,Walking
619883, 0.328613, 0.906372, 0.149292, 8.911134, -27.954100, -7.263182,Walking
619903, 0.346191, 0.938232, 0.137329, 7.812498, -35.217290, -6.103514,Walking
619923, 0.368042, 1.057618, 0.123169, 6.530760, -38.940440, -2.380371,Walking
619943, 0.310303, 1.148194, 0.148560, 10.742184, -28.503410, 0.793457,Walking
619963, 0.264404, 1.232666, 0.198486, 12.573240, -7.507323, 0.488281,Walking
619983, 0.272583, 1.447022, 0.192627, 18.554690, 26.794430, 2.929687,Walking
620003, 0.268188, 1.422120, 0.172974, 21.728510, 50.537100, 3.112792,Walking
620023, 0.279053, 1.250732, 0.108643, 30.395500, 74.279800, 1.037598,Walking
620043, 0.335693, 0.930054, 0.035400, 32.043460, 84.533660, -6.774902,Walking
620063, 0.426392, 0.666016, -0.019897, 23.315424, 73.852540, -12.634276,Walking
620083, 0.503418, 0.554077, -0.044434, 2.624511, 44.616690, -12.390136,Walking
620103, 0.497437, 0.574463, -0.063599, -10.253904, 12.451170, -8.605960,Walking
620123, 0.471802, 0.607300, -0.079712, -15.869140, -9.094240, -6.774902,Walking
620143, 0.455688, 0.696900, -0.069946, -17.395020, -24.902340, -6.469726,Walking
620163, 0.331787, 0.783570, -0.009644, -12.329100, -34.423840, -6.652830,Walking
620183, 0.239014, 0.878662, 0.015137, -7.019042, -28.625480, -5.126952,Walking
620203, 0.237915, 1.043091, -0.006836, -2.990722, 0.183105, -3.417968,Walking
620223, 0.232544, 1.123047, -0.032593, 1.708984, 25.207516, -7.080076,Walking
620243, 0.288940, 1.075684, -0.050415, 10.375976, 48.767080, -14.343260,Walking
620263, 0.361450, 0.907104, -0.061035, 12.939450, 59.326160, -24.353020,Walking
620283, 0.438355, 0.807373, -0.064697, 8.789064, 52.978500, -31.433100,Walking
620303, 0.500854, 0.737305, -0.058716, 1.708984, 32.165540, -31.616208,Walking
620323, 0.474487, 0.736938, -0.056519, -4.394532, 13.183590, -29.541010,Walking
620343, 0.441895, 0.765625, -0.045288, -5.493162, 2.868652, -29.052730,Walking
620363, 0.421997, 0.808716, -0.029053, -5.615234, -1.892090, -29.541010,Walking
620383, 0.366211, 0.863892, -0.024902, -3.540038, 3.295898, -29.174800,Walking
620403, 0.362915, 0.886963, -0.014893, -1.220704, 14.221190, -28.869624,Walking
620423, 0.372559, 0.913940, -0.010620, -0.305176, 33.264160, -27.038570,Walking
620443, 0.419678, 0.907349, -0.027832, 0.488281, 40.771480, -28.320310,Walking
620463, 0.457642, 0.889893, -0.038452, 0.366211, 42.785640, -30.517570,Walking
620483, 0.525757, 0.862183, -0.026611, -0.061035, 35.766600, -30.944820,Walking
620503, 0.547608, 0.846558, -0.016846, -2.807617, 21.667476, -29.296870,Walking
620523, 0.562500, 0.872314, -0.023438, -6.286620, 5.249022, -26.428220,Walking
620543, 0.586548, 0.908325, -0.050049, -11.962890, -12.268064, -21.118160,Walking
620563, 0.501709, 0.947754, -0.046143, -15.197750, -25.512690, -14.587400,Walking
620583, 0.438110, 0.979126, -0.022583, -15.502928, -23.376460, -7.263182,Walking
620603, 0.429443, 1.025513, 0.022827, -17.089850, -16.418460, 1.098633,Walking
620623, 0.447998, 1.176392, 0.076416, -22.827140, -12.512204, 9.155274,Walking
620643, 0.461304, 1.447754, 0.065552, -14.587400, -7.324218, 17.944340,Walking
620663, 0.398071, 1.328370, 0.035278, 4.760742, 3.112792, 13.244628,Walking
620683, 0.393921, 1.041382, 0.035645, 12.268064, 10.681150, 6.530760,Walking
620703, 0.436890, 0.836914, 0.021240, 9.643556, 5.920409, 7.202148,Walking
620723, 0.449585, 0.717652, 0.012939, -4.455568, -5.310058, 16.235352,Walking
620743, 0.442871, 0.770508, 0.015137, -16.967780, -18.737796, 26.611320,Walking
620763, 0.423218, 0.856690, 0.030151, -21.362300, -28.686520, 35.705570,Walking
620783, 0.412842, 0.945679, 0.060791, -20.385740, -33.813480, 38.940440,Walking
620803, 0.406860, 1.081788, 0.093750, -17.333990, -38.940440, 40.100100,Walking
620823, 0.358521, 1.209351, 0.141724, -9.399414, -43.457020, 44.250480,Walking
620843, 0.253296, 1.223267, 0.160889, 2.014160, -34.606940, 46.874990,Walking
620863, 0.197632, 1.070312, 0.118164, 10.375976, -5.310058, 49.743640,Walking
620883, 0.205444, 0.975342, 0.099976, 7.263182, 5.187988, 53.283680,Walking
620903, 0.208862, 0.903809, 0.124268, 2.868652, 11.413570, 57.434080,Walking
620923, 0.252441, 0.872803, 0.137085, -2.197266, 15.502928, 59.448240,Walking
620943, 0.295166, 0.892944, 0.129639, -4.638672, 10.070800, 58.959950,Walking
620963, 0.294190, 0.918945, 0.139282, -3.295898, 1.159668, 57.617180,Walking
620983, 0.267944, 0.926514, 0.156860, 0.061035, -6.225584, 53.527820,Walking
621003, 0.216064, 0.947510, 0.162354, 3.723144, -5.187988, 47.973620,Walking
621023, 0.203613, 0.963501, 0.157715, 7.141112, -0.305176, 42.785640,Walking
621043, 0.198608, 0.979614, 0.163330, 9.399414, 5.126952, 38.391120,Walking
621063, 0.181274, 1.007202, 0.171753, 13.916012, 14.160152, 33.569340,Walking
621083, 0.189331, 0.982544, 0.159912, 23.254390, 31.005852, 21.118160,Walking
621103, 0.209961, 0.966431, 0.160034, 26.611320, 40.832510, 12.084960,Walking
621123, 0.239868, 0.959351, 0.157105, 29.663080, 45.471180, 4.821778,Walking
621143, 0.254639, 0.939209, 0.154785, 31.677240, 47.302240, -1.403808,Walking
621163, 0.291382, 0.938721, 0.141602, 32.836920, 45.715320, -7.202148,Walking
621183, 0.304077, 0.956055, 0.130371, 34.179700, 40.344230, -12.207030,Walking
621203, 0.275024, 0.976440, 0.128784, 38.146980, 38.696300, -14.709470,Walking
621223, 0.266480, 0.972168, 0.128906, 43.273920, 41.198720, -16.906740,Walking
621243, 0.259644, 0.974976, 0.114258, 47.668440, 46.569820, -18.249516,Walking
621263, 0.277588, 0.998169, 0.091187, 52.246080, 52.795400, -17.761230,Walking
621283, 0.275269, 1.040284, 0.088379, 58.166500, 59.387200, -17.150880,Walking
621303, 0.222046, 1.067017, 0.099243, 73.486340, 78.674340, -18.188480,Walking
621323, 0.237305, 1.071167, 0.119751, 81.787100, 93.383760, -20.996090,Walking
621343, 0.245361, 1.151123, 0.206909, 85.998520, 105.468720, -23.254390,Walking
621363, 0.266724, 1.278564, 0.244385, 95.764140, 114.257800, -23.925780,Walking
621383, 0.230347, 1.249878, 0.248413, 109.374980, 129.455600, -28.381340,Walking
621403, 0.229736, 1.156738, 0.230103, 116.882300, 152.771000, -37.780760,Walking
621423, 0.286377, 1.081788, 0.196411, 116.210920, 169.128400, -44.494620,Walking
621443, 0.301636, 0.997314, 0.163452, 110.229480, 176.147400, -45.898430,Walking
621463, 0.341309, 0.906006, 0.157593, 102.172840, 177.124000, -46.325680,Walking
621483, 0.389038, 0.826782, 0.151245, 92.895500, 167.724600, -45.837400,Walking
621503, 0.432739, 0.797241, 0.132935, 83.007800, 148.620600, -43.579090,Walking
621523, 0.415772, 0.865967, 0.147095, 71.655300, 117.736800, -36.560060,Walking
621543, 0.373657, 0.925049, 0.149048, 72.021500, 107.360820, -31.005852,Walking
621563, 0.332520, 0.927002, 0.157837, 74.707040, 105.468720, -29.235832,Walking
621583, 0.308716, 0.928467, 0.150269, 75.256360, 110.595680, -28.137200,Walking
621603, 0.313843, 0.933716, 0.147827, 72.509780, 117.431620, -27.160640,Walking
621623, 0.304688, 0.967163, 0.155029, 69.946300, 128.112800, -25.268550,Walking
621643, 0.322632, 0.967896, 0.172607, 69.030760, 139.465360, -23.864740,Walking
621663, 0.369751, 0.952759, 0.179199, 67.199720, 143.859900, -23.010250,Walking
621683, 0.389282, 0.919556, 0.173950, 64.453140, 140.686080, -21.606440,Walking
621703, 0.406860, 0.878174, 0.156494, 60.180660, 133.728080, -19.836430,Walking
621723, 0.400879, 0.827148, 0.142456, 54.504380, 126.708960, -18.676760,Walking
621743, 0.396729, 0.810425, 0.143799, 44.799800, 117.980940, -18.127448,Walking
621763, 0.378174, 0.813477, 0.130737, 41.870110, 116.027800, -18.432620,Walking
621783, 0.385254, 0.823853, 0.111938, 39.123540, 117.675760, -19.409180,Walking
621803, 0.405396, 0.850220, 0.102661, 36.621100, 120.422340, -19.653320,Walking
621823, 0.408691, 0.856079, 0.112793, 35.217290, 122.375480, -19.226080,Walking
621843, 0.412109, 0.848877, 0.106323, 32.592780, 122.314440, -18.859868,Walking
621863, 0.423340, 0.859375, 0.085449, 27.526850, 122.375480, -18.127448,Walking
621883, 0.452148, 0.875977, 0.067871, 22.399900, 118.896480, -16.418460,Walking
621903, 0.453369, 0.881470, 0.060547, 18.737796, 115.661600, -15.197750,Walking
621923, 0.462646, 0.868408, 0.066406, 16.174320, 112.121560, -14.038084,Walking
621943, 0.459839, 0.848755, 0.068237, 13.244628, 105.041500, -12.512204,Walking
621963, 0.447632, 0.841309, 0.057007, 6.042480, 91.735820, -7.873534,Walking
621983, 0.450195, 0.851685, 0.087402, 1.525878, 79.406740, -3.967285,Walking
622003, 0.504028, 0.854614, 0.160645, -4.516602, 66.589360, -0.183105,Walking
622023, 0.542847, 0.869019, 0.159668, -10.986324, 59.387200, 7.202148,Walking
622043, 0.700318, 0.977905, 0.148926, -16.296390, 71.594240, 8.422854,Walking
622063, 0.381714, 0.590942, 0.130127, -31.311030, 54.748520, 70.007340,Walking
622083, 0.614380, 1.120484, 0.119995, -61.096180, 87.707500, 41.564930,Walking
622103, 0.708496, 1.146973, 0.068970, -9.643556, 84.045400, 22.644040,Walking
622123, 0.564331, 0.740356, 0.106445, -14.709470, 80.932600, 18.798830,Walking
622143, 0.605713, 0.861572, 0.111328, -22.216790, 80.505360, 20.202630,Walking
622163, 0.629150, 0.928711, 0.135986, -8.972170, 69.641120, 11.108396,Walking
622183, 0.550904, 0.983032, 0.148560, 2.136231, 67.199720, -1.464844,Walking
622203, 0.420288, 1.005860, 0.152710, 10.375976, 87.219220, 1.403808,Walking
622223, 0.588501, 1.011353, 0.179810, 16.296390, 97.106900, 5.065916,Walking
622243, 0.504639, 0.943604, 0.180542, 14.465330, 85.266100, 7.385252,Walking
622263, 0.467407, 0.931396, 0.161011, 16.967780, 91.674800, 5.615234,Walking
622283, 0.475708, 0.850952, 0.177124, 15.502928, 92.163060, 7.629394,Walking
622303, 0.505737, 0.827515, 0.284546, 110.839820, 138.122600, 25.817870,Walking
622323, 0.953980, -0.391846, 0.427490, -28.625480, 26.916500, -15.808104,Walking
622343, 0.223877, 1.072876, 0.094116, -5.920409, 48.400870, 8.789064,Walking
622363, 0.450317, 0.779541, 0.163940, 8.544924, 49.438460, 5.249022,Walking
622383, 0.644409, 0.641724, 0.218384, 18.493652, 52.795400, 4.333496,Walking
622403, 0.394409, 0.972778, 0.225952, 9.216310, 40.893540, 18.676760,Walking
622423, 0.445068, 0.881226, 0.234741, 17.517090, 50.476060, 23.071284,Walking
622443, 0.441284, 0.897583, 0.191895, 14.038084, 51.513660, 25.939940,Walking
622463, 0.414063, 0.918213, 0.170166, 14.587400, 50.964340, 28.991692,Walking
622483, 0.402588, 0.899902, 0.181274, 15.075680, 49.804680, 26.916500,Walking
622503, 0.415894, 0.887207, 0.193848, 16.296390, 44.860830, 23.437492,Walking
622523, 0.429566, 0.871094, 0.189453, 15.686032, 36.132820, 20.507810,Walking
622543, 0.420044, 0.880127, 0.173706, 13.671872, 28.747552, 18.493652,Walking
622563, 0.413208, 0.878418, 0.160522, 13.000484, 23.925780, 16.784670,Walking
622583, 0.414673, 0.864136, 0.162598, 12.329100, 20.141600, 13.671872,Walking
622603, 0.416138, 0.863281, 0.176514, 12.695310, 15.258788, 10.742184,Walking
622623, 0.404053, 0.872192, 0.165405, 14.404296, 8.117676, 7.812498,Walking
622643, 0.382935, 0.878296, 0.156616, 16.906740, 8.483890, 6.103514,Walking
622663, 0.374634, 0.885010, 0.159912, 18.615724, 10.742184, 3.845214,Walking
622683, 0.359253, 0.902466, 0.173340, 21.179192, 14.831540, 1.953124,Walking
622703, 0.380371, 0.930542, 0.180420, 22.399900, 17.333990, 0.061035,Walking
622723, 0.391113, 0.992920, 0.181152, 23.864740, 17.456060, -1.220704,Walking
622743, 0.373291, 1.046387, 0.185181, 26.489250, 19.409180, -2.563476,Walking
622763, 0.358398, 1.065308, 0.176514, 30.334470, 23.803708, -5.432128,Walking
622783, 0.370361, 1.028931, 0.164551, 33.203130, 27.832030, -9.765626,Walking
622803, 0.380005, 1.007935, 0.173096, 31.738280, 28.625480, -13.183590,Walking
622823, 0.380493, 1.107788, 0.207642, 25.390620, 26.733390, -13.366696,Walking
622843, 0.352539, 1.244996, 0.206665, 31.799310, 31.066890, -12.756344,Walking
622863, 0.330322, 1.224854, 0.182495, 40.100100, 39.245610, -19.470220,Walking
622883, 0.319580, 1.017456, 0.135864, 50.659170, 52.551260, -28.442380,Walking
622903, 0.336914, 0.791138, 0.099731, 49.194320, 57.434080, -32.287600,Walking
622923, 0.363770, 0.645386, 0.089844, 40.954580, 55.297840, -28.991692,Walking
622943, 0.358032, 0.581055, 0.092285, 30.212400, 48.095700, -21.545408,Walking
622963, 0.381348, 0.591553, 0.094971, 20.935052, 41.748040, -13.183590,Walking
622983, 0.377075, 0.674438, 0.109131, 12.329100, 33.325200, -4.821778,Walking
623003, 0.347778, 0.817383, 0.111450, 8.850100, 27.526850, 0.305176,Walking
623023, 0.326050, 0.931030, 0.116821, 9.643556, 27.587884, 1.953124,Walking
623043, 0.320190, 1.021973, 0.120361, 10.803220, 32.348640, 1.403808,Walking
623063, 0.340210, 1.057251, 0.065063, 12.268064, 46.447740, -1.159668,Walking
623083, 0.386719, 0.986450, 0.057983, 11.657712, 49.133290, -5.004884,Walking
623103, 0.427490, 0.870606, 0.067505, 8.361816, 42.175280, -9.277344,Walking
623123, 0.456909, 0.782715, 0.054199, 3.540038, 29.052730, -10.742184,Walking
623143, 0.471436, 0.738281, 0.044556, -2.441407, 14.770504, -10.009768,Walking
623163, 0.469482, 0.749878, 0.030396, -6.774902, 4.455568, -7.934570,Walking
623183, 0.466919, 0.776001, 0.027954, -6.835936, -1.586914, -6.530760,Walking
623203, 0.435913, 0.791626, 0.036499, -4.943848, -2.319336, -6.225584,Walking
623223, 0.428223, 0.806885, 0.030640, -2.441407, 1.831054, -6.347656,Walking
623243, 0.446289, 0.812622, 0.019531, -1.159668, 6.652830, -6.774902,Walking
623263, 0.470703, 0.826538, 0.010986, -1.708984, 10.742184, -5.920409,Walking
623283, 0.515625, 0.849610, 0.019043, -2.990722, 9.765626, -4.516602,Walking
623303, 0.511597, 0.844360, 0.025391, -5.249022, 4.150392, -3.906249,Walking
623323, 0.514526, 0.853394, 0.018555, -8.605960, -2.685546, -2.136231,Walking
623343, 0.521729, 0.853028, 0.009399, -11.962890, -9.277344, 0.061035,Walking
623363, 0.508911, 0.891358, 0.008911, -16.113284, -14.343260, 2.136231,Walking
623383, 0.507935, 0.952271, 0.007446, -16.906740, -16.906740, 5.859374,Walking
623403, 0.480957, 0.986328, 0.023926, -16.662600, -20.507810, 8.605960,Walking
623423, 0.473755, 1.075440, 0.064087, -20.874020, -22.399900, 11.352536,Walking
623443, 0.543701, 1.323853, 0.070923, -24.536130, -25.634760, 16.906740,Walking
623463, 0.526123, 1.457154, 0.075928, -13.610836, -28.015130, 20.141600,Walking
623483, 0.458862, 1.346680, 0.091797, -0.976562, -23.315424, 14.465330,Walking
623503, 0.459839, 1.243042, 0.091064, 3.723144, -18.371584, 12.145992,Walking
623523, 0.427490, 1.077026, 0.064209, 5.187988, -19.042970, 16.235352,Walking
623543, 0.408081, 0.912598, 0.042358, 0.793457, -16.296390, 20.385740,Walking
623563, 0.401611, 0.795532, 0.041626, -3.234863, -16.174320, 25.268550,Walking
623583, 0.395020, 0.743286, 0.068115, -9.948730, -21.423332, 30.761716,Walking
623603, 0.384033, 0.800415, 0.085083, -14.404296, -27.770990, 36.987310,Walking
623623, 0.371582, 0.861206, 0.103638, -13.671872, -33.203130, 41.503900,Walking
623643, 0.344116, 0.940796, 0.130981, -11.291500, -35.156260, 42.785640,Walking
623663, 0.323486, 1.009156, 0.136597, -4.089356, -33.691410, 40.588370,Walking
623683, 0.296631, 1.001954, 0.129883, 3.112792, -29.663080, 36.926280,Walking
623703, 0.260376, 0.968506, 0.138550, 6.286620, -23.742670, 35.095220,Walking
623723, 0.213013, 0.931519, 0.153564, 8.972170, -6.408690, 37.109380,Walking
623743, 0.207520, 0.885376, 0.152344, 8.972170, 4.943848, 38.452160,Walking
623763, 0.232178, 0.855103, 0.137207, 7.873534, 15.258788, 38.452160,Walking
623783, 0.255615, 0.815796, 0.128052, 6.774902, 20.996090, 36.132820,Walking
623803, 0.264038, 0.786621, 0.129517, 5.371092, 23.132320, 32.836920,Walking
623823, 0.291382, 0.773682, 0.129028, 3.784179, 21.667476, 29.418940,Walking
623843, 0.300293, 0.770142, 0.136230, 2.685546, 14.953610, 25.756830,Walking
623863, 0.297974, 0.779175, 0.134766, 2.746581, 7.568358, 20.446770,Walking
623883, 0.281616, 0.793091, 0.130005, 5.187988, 4.089356, 13.000484,Walking
623903, 0.285400, 0.802368, 0.135620, 7.934570, 3.051757, 3.417968,Walking
623923, 0.287354, 0.836670, 0.146606, 11.230468, 2.746581, -6.835936,Walking
623943, 0.258301, 0.894776, 0.145874, 20.202630, 11.047360, -19.836430,Walking
623963, 0.217773, 0.956543, 0.157105, 28.686520, 25.634760, -24.291990,Walking
623983, 0.206787, 1.008545, 0.180786, 40.893540, 48.217760, -26.672360,Walking
624003, 0.301636, 1.005494, 0.174805, 49.011220, 68.176280, -30.639640,Walking
624023, 0.387573, 1.030762, 0.124390, 50.842280, 79.650900, -36.010750,Walking
624043, 0.453980, 1.068116, 0.102661, 50.476060, 81.420880, -41.198720,Walking
624063, 0.468140, 1.104370, 0.142090, 48.767080, 77.697760, -46.325680,Walking
624083, 0.569092, 1.208008, 0.178223, 45.227040, 67.749040, -50.231920,Walking
624103, 0.605469, 1.197998, 0.181274, 46.997060, 49.926750, -51.879880,Walking
624123, 0.562378, 1.176636, 0.159668, 42.541500, 35.034180, -54.138180,Walking
624143, 0.522583, 1.085328, 0.100586, 43.334950, 28.808590, -54.748520,Walking
624163, 0.464478, 0.852173, 0.070923, 34.057620, 23.315424, -49.072260,Walking
624183, 0.454590, 0.762818, 0.085815, 24.353020, 19.592290, -39.123540,Walking
624203, 0.423584, 0.731323, 0.080566, 15.930172, 19.409180, -28.747552,Walking
624223, 0.423096, 0.718140, 0.070190, 9.399414, 20.996090, -19.958500,Walking
624243, 0.436768, 0.756348, 0.052856, 1.770019, 20.324700, -14.038084,Walking
624263, 0.442871, 0.841431, 0.046997, -2.685546, 17.822270, -9.765626,Walking
624283, 0.459961, 0.924072, 0.052002, -4.455568, 13.549804, -8.178714,Walking
624303, 0.455566, 0.987671, 0.059692, -3.723144, 11.535644, -8.361816,Walking
624323, 0.455933, 0.992066, 0.046997, -2.075196, 7.507323, -9.094240,Walking
624343, 0.445679, 0.912598, 0.018799, -0.915527, 4.333496, -8.361816,Walking
624363, 0.421997, 0.832154, 0.003296, -5.676268, 2.746581, -3.356933,Walking
624383, 0.430786, 0.770630, -0.007935, -15.991210, -0.305176, 8.605960,Walking
624403, 0.416626, 0.754883, -0.003296, -20.568840, -1.464844, 14.770504,Walking
624423, 0.418823, 0.756592, 0.004761, -21.728510, -2.563476, 18.005376,Walking
624443, 0.412720, 0.776245, 0.021118, -21.850580, -2.990722, 20.507810,Walking
624463, 0.390503, 0.798218, 0.037109, -20.446770, 0.183105, 21.118160,Walking
624483, 0.392944, 0.834717, 0.041382, -18.371584, 5.676268, 20.019532,Walking
624503, 0.413452, 0.862549, 0.036377, -15.624996, 8.666994, 17.456060,Walking
624523, 0.424683, 0.862549, 0.029907, -13.061520, 9.460450, 13.366696,Walking
624543, 0.453735, 0.846558, 0.034912, -12.023924, 7.690428, 7.690428,Walking
624563, 0.481934, 0.826538, 0.040894, -12.573240, 1.403808, 2.502442,Walking
624583, 0.497559, 0.819336, 0.051758, -14.953610, -7.873534, -2.136231,Walking
624603, 0.526734, 0.895142, 0.069946, -18.981940, -26.916500, -4.943848,Walking
624623, 0.510742, 0.960816, 0.063965, -18.981940, -35.278320, -3.967285,Walking
624643, 0.482178, 1.000244, 0.060181, -18.615724, -39.001470, -1.647949,Walking
624663, 0.426880, 1.030518, 0.084839, -20.019532, -36.926280, 1.525878,Walking
624683, 0.467896, 1.150635, 0.101929, -22.521970, -36.621100, 5.859374,Walking
624703, 0.503784, 1.238648, 0.096680, -19.836430, -40.344230, 8.056642,Walking
624723, 0.502564, 1.291260, 0.079224, -14.404296, -37.902840, 7.629394,Walking
624743, 0.478638, 1.261353, 0.080688, -5.920409, -31.616208, 4.821778,Walking
624763, 0.470703, 1.154541, 0.072632, 1.037598, -25.329584, -0.122070,Walking
624783, 0.461548, 0.972168, 0.040649, 5.310058, -23.437492, -3.601074,Walking
624803, 0.470825, 0.795776, 0.015381, 1.403808, -29.174800, -4.943848,Walking
624823, 0.471314, 0.687622, 0.002197, -10.437010, -43.151840, 0.854492,Walking
624843, 0.434082, 0.691406, 0.042969, -17.639160, -52.612300, 5.187988,Walking
624863, 0.425537, 0.833130, 0.073853, -21.789548, -60.729970, 8.972170,Walking
624883, 0.395874, 0.975342, 0.097534, -18.127448, -64.025900, 10.864256,Walking
624903, 0.346436, 1.081421, 0.129272, -10.437010, -63.354480, 9.094240,Walking
624923, 0.320923, 1.128418, 0.141602, 0.183105, -58.166500, 6.835936,Walking
624943, 0.292969, 1.084228, 0.145020, 9.399414, -48.522940, 4.272462,Walking
624963, 0.281738, 0.991089, 0.152954, 13.854978, -38.146980, 1.770019,Walking
624983, 0.268555, 0.901612, 0.155640, 14.831540, -29.785150, 2.563476,Walking
625003, 0.268433, 0.827148, 0.144775, 11.962890, -22.949216, 5.859374,Walking
625023, 0.277588, 0.792969, 0.130493, 6.835936, -18.127448, 9.887696,Walking
625043, 0.284790, 0.782227, 0.127930, 0.427246, -13.427732, 15.502928,Walking
625063, 0.280274, 0.791626, 0.133789, -1.586914, -10.986324, 17.822270,Walking
625083, 0.263672, 0.823364, 0.155273, -2.136231, -7.263182, 19.470220,Walking
625103, 0.243530, 0.860474, 0.170166, -0.183105, -3.417968, 21.301268,Walking
625123, 0.248413, 0.878906, 0.155151, 2.624511, 2.502442, 20.996090,Walking
625143, 0.261719, 0.889404, 0.137451, 4.638672, 7.751464, 18.432620,Walking
625163, 0.277344, 0.906494, 0.134522, 7.141112, 12.084960, 14.770504,Walking
625183, 0.288574, 0.921021, 0.140503, 9.643556, 14.160152, 11.718748,Walking
625203, 0.315430, 0.942139, 0.139038, 11.474608, 14.038084, 10.314940,Walking
625223, 0.332398, 0.976074, 0.119385, 12.695310, 13.305660, 10.803220,Walking
625243, 0.305542, 1.015992, 0.148926, 10.620116, 15.686032, 12.573240,Walking
625263, 0.286743, 1.387085, 0.172974, 5.920409, 29.602044, 19.836430,Walking
625283, 0.268066, 1.508301, 0.185547, 14.099120, 49.072260, 16.601568,Walking
625303, 0.286743, 1.427124, 0.156616, 32.226570, 74.584960, 6.958006,Walking
625323, 0.296631, 1.101929, 0.107422, 43.273920, 99.243160, -9.460450,Walking
625343, 0.387329, 0.806519, 0.045044, 48.828120, 102.600080, -26.184080,Walking
625363, 0.460571, 0.559814, 0.030884, 35.156260, 85.083000, -33.752440,Walking
625383, 0.510254, 0.513062, 0.010376, 15.869140, 55.236800, -30.151360,Walking
625403, 0.539795, 0.550781, -0.021362, 3.845214, 27.587884, -25.085448,Walking
625423, 0.514648, 0.639038, -0.030029, -4.150392, 4.821778, -20.263670,Walking
625443, 0.415039, 0.757690, 0.012939, -2.746581, -8.117676, -18.188480,Walking
625463, 0.332886, 0.855347, 0.062256, 1.953124, -7.934570, -17.089850,Walking
625483, 0.324219, 1.032715, 0.039551, 4.882814, 9.826660, -12.207030,Walking
625503, 0.370117, 1.100464, -0.007935, 5.126952, 21.362300, -11.291500,Walking
625523, 0.376709, 1.082276, -0.040039, 7.385252, 31.494136, -15.380856,Walking
625543, 0.429688, 0.991089, -0.026611, 5.981444, 33.691410, -22.155760,Walking
625563, 0.461060, 0.889771, 0.002075, 4.455568, 21.362300, -28.320310,Walking
625583, 0.462036, 0.807495, 0.019409, -0.183105, 7.812498, -30.761716,Walking
625603, 0.480713, 0.776367, 0.006958, -6.408690, -3.540038, -32.104500,Walking
625623, 0.490723, 0.767456, -0.029785, -10.253904, -14.465330, -32.348640,Walking
625643, 0.446167, 0.761841, -0.012085, -13.244628, -19.165040, -30.700680,Walking
625663, 0.420776, 0.778198, 0.024048, -12.695310, -22.399900, -28.076170,Walking
625683, 0.431274, 0.824219, 0.031982, -13.305660, -22.338860, -23.681636,Walking
625703, 0.419434, 0.872925, 0.001709, -12.939450, -15.869140, -11.901852,Walking
625723, 0.376709, 0.900024, 0.007324, -11.718748, -4.760742, -8.850100,Walking
625743, 0.383911, 0.906494, 0.011841, -9.765626, 8.850100, -7.080076,Walking
625763, 0.436279, 0.918457, 0.017212, -11.291500, 14.526364, -4.760742,Walking
625783, 0.460205, 0.936035, 0.016479, -12.451170, 14.038084, -2.502442,Walking
625803, 0.464356, 0.934326, 0.013672, -11.413570, 12.756344, -1.159668,Walking
625823, 0.461670, 0.923706, 0.018433, -10.437010, 10.253904, -1.403808,Walking
625843, 0.458984, 0.912476, 0.029297, -9.338380, 7.141112, -0.122070,Walking
625863, 0.452881, 0.891602, 0.037109, -9.704590, 3.784179, 1.953124,Walking
625883, 0.446899, 0.893555, 0.038330, -10.498044, 0.305176, 4.638672,Walking
625903, 0.428711, 0.901001, 0.036621, -9.033204, -1.892090, 6.713866,Walking
625923, 0.408081, 0.910156, 0.045166, -7.690428, -0.915527, 7.873534,Walking
625943, 0.405396, 0.941040, 0.063110, -7.019042, 1.098633, 8.789064,Walking
625963, 0.422730, 0.993164, 0.092896, -7.629394, 1.892090, 8.972170,Walking
625983, 0.477905, 1.174561, 0.115967, -12.512204, -2.075196, 9.094240,Walking
626003, 0.525146, 1.386230, 0.107178, -7.324218, -4.821778, 8.789064,Walking
626023, 0.477783, 1.320312, 0.110230, 8.056642, -4.150392, 3.295898,Walking
626043, 0.443115, 1.069946, 0.105469, 14.526364, -2.075196, -4.211426,Walking
626063, 0.461182, 0.884400, 0.060791, 12.939450, -9.460450, -8.239746,Walking
626083, 0.452271, 0.728394, 0.035645, 2.197266, -19.714360, -3.662109,Walking
626103, 0.438843, 0.723511, 0.046875, -14.099120, -27.343748, 4.943848,Walking
626123, 0.428101, 0.834229, 0.060791, -22.460930, -34.118660, 13.427732,Walking
626143, 0.395874, 0.961670, 0.084473, -19.836430, -36.926280, 18.005376,Walking
626163, 0.337402, 0.979126, 0.079346, -12.512204, -33.691410, 18.554690,Walking
626183, 0.306152, 0.934448, 0.071777, -7.202148, -28.076170, 19.714360,Walking
626203, 0.288452, 0.885742, 0.094971, -7.812498, -22.644040, 22.460930,Walking
626223, 0.313843, 0.939820, 0.122192, -11.535644, -21.423332, 25.756830,Walking
626243, 0.309570, 1.026612, 0.147583, -9.033204, -24.230950, 26.611320,Walking
626263, 0.292358, 1.081788, 0.171265, -4.516602, -25.634760, 23.864740,Walking
626283, 0.287232, 1.104248, 0.176270, 2.746581, -25.268550, 18.310550,Walking
626303, 0.258667, 1.038452, 0.189209, 8.911134, -23.437492, 12.145992,Walking
626323, 0.223755, 0.959106, 0.204590, 7.507323, -20.141600, 9.338380,Walking
626343, 0.240356, 0.919922, 0.180298, 2.990722, -17.639160, 9.948730,Walking
626363, 0.236206, 0.884766, 0.154785, -6.652830, -20.141600, 12.878416,Walking
626383, 0.223145, 0.905640, 0.156372, -9.338380, -17.578130, 14.465330,Walking
626403, 0.225830, 0.918701, 0.157593, -6.713866, -12.634276, 14.526364,Walking
626423, 0.206177, 0.930420, 0.175659, -2.380371, -6.774902, 14.465330,Walking
626443, 0.180786, 0.947022, 0.186768, 4.455568, 2.380371, 15.197750,Walking
626463, 0.164917, 0.967652, 0.184326, 11.291500, 15.502928, 15.319820,Walking
626483, 0.163696, 0.982056, 0.184326, 19.104010, 29.663080, 14.770504,Walking
626503, 0.162720, 0.987183, 0.191650, 26.855464, 45.043940, 12.756344,Walking
626523, 0.166992, 0.993286, 0.215454, 34.545900, 60.241690, 9.704590,Walking
626543, 0.178223, 0.994751, 0.227173, 41.442860, 74.523940, 7.629394,Walking
626563, 0.203247, 0.992188, 0.226807, 45.654280, 84.045400, 6.835936,Walking
626583, 0.214722, 1.021362, 0.227051, 48.950180, 94.970680, 6.408690,Walking
626603, 0.227417, 1.020020, 0.233398, 51.818840, 100.341780, 5.187988,Walking
626623, 0.252686, 1.012696, 0.229248, 53.283680, 102.233880, 2.685546,Walking
626643, 0.268188, 1.011108, 0.218994, 54.199210, 100.646960, 0.854492,Walking
626663, 0.268921, 0.994873, 0.201294, 56.091300, 99.426260, -0.305176,Walking
626684, 0.278198, 0.967407, 0.200317, 57.861320, 97.045880, -1.464844,Walking
626704, 0.292725, 0.997559, 0.234375, 56.762680, 91.857900, -1.647949,Walking
626724, 0.328613, 1.136353, 0.265137, 57.800280, 84.045400, 1.159668,Walking
626744, 0.266480, 1.197510, 0.294800, 68.847660, 86.425760, 1.403808,Walking
626764, 0.224976, 1.170044, 0.297974, 79.772960, 105.407700, -3.356933,Walking
626784, 0.251221, 0.999146, 0.248169, 85.205060, 134.643600, -8.422854,Walking
626804, 0.252197, 0.919434, 0.224121, 78.674340, 140.808100, -6.408690,Walking
626824, 0.315674, 0.876953, 0.208862, 71.655300, 144.409200, -2.319336,Walking
626844, 0.381226, 0.866089, 0.185913, 68.969740, 137.756400, -0.610352,Walking
626864, 0.396240, 0.850098, 0.168335, 68.298340, 129.699700, -0.366211,Walking
626884, 0.375366, 0.841309, 0.159790, 67.749040, 122.741680, -0.244141,Walking
626904, 0.335938, 0.846558, 0.151611, 66.284200, 118.774400, 1.708984,Walking
626924, 0.311157, 0.855347, 0.144043, 64.025900, 119.628900, 4.211426,Walking
626944, 0.300293, 0.896362, 0.137695, 62.316880, 124.938960, 5.310058,Walking
626964, 0.299683, 0.930786, 0.141480, 65.063500, 132.751500, 3.906249,Walking
626984, 0.323853, 0.913818, 0.144409, 69.885260, 139.831560, -0.915527,Walking
627004, 0.362915, 0.832031, 0.157349, 72.998060, 142.334000, -8.728030,Walking
627024, 0.362915, 0.790528, 0.166504, 71.533200, 143.310600, -10.009768,Walking
627044, 0.384399, 0.789551, 0.171875, 67.016600, 144.836440, -9.338380,Walking
627064, 0.411499, 0.811279, 0.172607, 63.537590, 143.127480, -7.507323,Walking
627084, 0.441284, 0.836792, 0.173096, 60.974110, 139.465360, -6.408690,Walking
627104, 0.421753, 0.857300, 0.177368, 60.546860, 138.671900, -5.432128,Walking
627124, 0.418335, 0.842652, 0.187866, 60.791000, 140.136760, -4.577638,Walking
627144, 0.420410, 0.824829, 0.187866, 58.044420, 140.136760, -3.295898,Walking
627164, 0.426514, 0.829224, 0.180298, 54.199210, 139.465360, -1.892090,Walking
627184, 0.433838, 0.850830, 0.185303, 50.415030, 138.122600, -0.976562,Walking
627204, 0.406860, 0.876343, 0.209229, 48.339840, 138.000500, -0.183105,Walking
627224, 0.406372, 0.900879, 0.198975, 46.569820, 141.967800, 1.342773,Walking
627244, 0.384644, 0.896240, 0.193726, 46.142570, 146.789600, 2.258301,Walking
627264, 0.402222, 0.882812, 0.215576, 43.640120, 153.381400, 1.647949,Walking
627284, 0.460693, 0.883301, 0.242310, 41.320790, 154.907240, 0.854492,Walking
627304, 0.504761, 0.858521, 0.234253, 38.208020, 152.954100, 0.000000,Walking
627324, 0.555054, 0.831299, 0.192993, 33.325200, 144.165080, -1.831054,Walking
627344, 0.541504, 0.804566, 0.186890, 27.954100, 133.361840, -3.234863,Walking
627364, 0.537232, 0.784790, 0.187866, 23.010250, 126.037580, -5.249022,Walking
627404, 0.584229, 0.808594, 0.211792, 12.268064, 111.999500, -6.835936,Walking
627424, 0.635986, 0.976685, 0.215576, 5.859374, 101.867660, -6.408690,Walking
627444, 0.645508, 1.064331, 0.224731, 20.324700, 86.486800, -8.911134,Walking
627464, 0.582276, 0.947266, 0.240234, 23.193352, 83.923320, -13.122556,Walking
627484, 0.600220, 0.895508, 0.209473, 21.301268, 76.110840, -11.718748,Walking
627504, 0.570801, 0.844116, 0.224487, 13.427732, 62.683100, -4.150392,Walking
627524, 0.550537, 0.881958, 0.252075, 6.042480, 54.199210, 4.089356,Walking
627544, 0.536011, 0.935669, 0.241211, 3.173828, 50.720200, 10.192870,Walking
627564, 0.528320, 0.984253, 0.225464, 2.197266, 46.142570, 14.404296,Walking
627584, 0.459473, 1.010986, 0.239136, 4.089356, 46.264640, 17.822270,Walking
627604, 0.405151, 0.989258, 0.254150, 9.399414, 54.260240, 21.057124,Walking
627624, 0.395508, 0.904053, 0.240723, 12.817380, 65.368660, 22.338860,Walking
627644, 0.424805, 0.836670, 0.224487, 9.155274, 68.115240, 23.986810,Walking
627664, 0.425903, 0.830200, 0.227783, 3.723144, 60.241690, 26.916500,Walking
627684, 0.427734, 0.822388, 0.233276, 2.197266, 51.818840, 26.428220,Walking
627704, 0.441162, 0.808960, 0.225342, 1.037598, 40.100100, 25.024410,Walking
627724, 0.433106, 0.811035, 0.218018, -1.525878, 25.512690, 23.071284,Walking
627744, 0.402100, 0.832031, 0.209961, -2.014160, 14.099120, 21.057124,Walking
627764, 0.371338, 0.866944, 0.221802, -2.441407, 7.568358, 18.676760,Walking
627784, 0.360230, 0.917603, 0.227783, 0.366211, 3.906249, 16.540530,Walking
627804, 0.340942, 0.935791, 0.229126, 4.516602, 2.136231, 13.366696,Walking
627824, 0.329224, 0.939209, 0.220215, 8.850100, 2.136231, 9.826660,Walking
627844, 0.329712, 0.931519, 0.206909, 11.474608, 3.784179, 6.958006,Walking
627864, 0.323730, 0.919678, 0.205811, 13.610836, 4.394532, 4.943848,Walking
627884, 0.330933, 0.887451, 0.197388, 14.465330, 3.356933, 3.051757,Walking
627904, 0.327393, 0.881836, 0.190186, 13.305660, 0.732422, 2.563476,Walking
627924, 0.322998, 0.886841, 0.183716, 12.817380, -1.770019, 2.136231,Walking
627944, 0.299561, 0.906372, 0.177979, 13.366696, -1.586914, 1.464844,Walking
627964, 0.285400, 0.910645, 0.167114, 16.174320, 1.953124, 0.183105,Walking
627984, 0.285767, 0.907837, 0.168091, 18.432620, 7.080076, -1.708984,Walking
628004, 0.283936, 0.918335, 0.173584, 20.874020, 12.939450, -3.601074,Walking
628024, 0.304321, 0.938354, 0.161743, 23.742670, 19.287110, -5.310058,Walking
628044, 0.336426, 0.960083, 0.152222, 26.245110, 22.155760, -6.713866,Walking
628064, 0.344971, 0.995117, 0.154785, 28.259270, 22.827140, -6.652830,Walking
628084, 0.355835, 1.062500, 0.183594, 27.099608, 22.827140, -6.408690,Walking
628104, 0.345459, 1.252808, 0.212158, 30.151360, 23.559568, -4.211426,Walking
628124, 0.327759, 1.269043, 0.198975, 35.766600, 32.592780, -5.676268,Walking
628144, 0.303711, 1.175049, 0.169922, 42.419420, 47.912590, -10.253904,Walking
628164, 0.322998, 1.051636, 0.140991, 41.931140, 60.424800, -16.357424,Walking
628184, 0.390991, 0.933838, 0.135742, 36.987310, 59.936520, -17.028810,Walking
628204, 0.421143, 0.852661, 0.142456, 29.541010, 50.903310, -16.174320,Walking
628224, 0.438232, 0.810059, 0.137329, 24.353020, 36.438000, -15.991210,Walking
628244, 0.439819, 0.764038, 0.109253, 20.080560, 21.362300, -15.747068,Walking
628264, 0.436890, 0.733643, 0.069824, 14.221190, 5.493162, -14.038084,Walking
628284, 0.375244, 0.722412, 0.044556, 8.972170, -0.427246, -8.789064,Walking
628304, 0.350708, 0.760864, 0.034302, 3.723144, 5.065916, -4.272462,Walking
628324, 0.338501, 0.861816, 0.055420, 0.000000, 17.272950, 0.610352,Walking
628344, 0.375732, 0.949951, 0.061401, 1.464844, 26.977532, 0.488281,Walking
628364, 0.391358, 0.990723, 0.051025, 5.310058, 33.325200, -1.770019,Walking
628384, 0.423218, 0.951294, 0.034058, 8.728030, 36.682140, -5.004884,Walking
628404, 0.455566, 0.869263, 0.026123, 7.812498, 32.470710, -7.446288,Walking
628424, 0.471314, 0.786377, 0.015747, 2.685546, 23.742670, -5.615234,Walking
628444, 0.479858, 0.754639, -0.004028, -5.615234, 13.671872, -2.136231,Walking
628464, 0.467774, 0.758301, -0.013916, -10.925290, 4.272462, 0.549316,Walking
628484, 0.441040, 0.777710, -0.017578, -14.038084, 0.061035, 2.563476,Walking
628504, 0.420776, 0.809570, -0.014038, -14.526364, 0.732422, 4.882814,Walking
628524, 0.424927, 0.835571, -0.008179, -13.366696, 2.502442, 7.385252,Walking
628544, 0.403198, 0.880371, 0.008179, -11.291500, 7.812498, 9.460450,Walking
628564, 0.401489, 0.899536, -0.006348, -7.812498, 13.000484, 8.239746,Walking
628584, 0.422730, 0.881714, -0.023071, -6.225584, 16.418460, 4.821778,Walking
628604, 0.438232, 0.857910, -0.017578, -6.286620, 14.709470, 1.525878,Walking
628624, 0.461426, 0.843628, -0.003418, -7.568358, 9.826660, -0.671386,Walking
628644, 0.469360, 0.852173, 0.009644, -8.422854, -0.610352, -2.624511,Walking
628664, 0.461670, 0.906982, 0.020752, -8.789064, -8.056642, -3.845214,Walking
628684, 0.442993, 0.963257, 0.018311, -7.202148, -11.047360, -4.882814,Walking
628704, 0.423828, 1.011719, 0.032349, -4.760742, -9.704590, -5.737304,Walking
628724, 0.411255, 1.057251, 0.075439, -3.784179, -5.676268, -6.347656,Walking
628744, 0.473755, 1.224610, 0.090210, -5.920409, -3.784179, -4.943848,Walking
628764, 0.498657, 1.365967, 0.091919, 3.112792, -3.479003, -7.934570,Walking
628784, 0.515381, 1.270508, 0.075195, 15.686032, -2.807617, -12.512204,Walking
628804, 0.502564, 1.042480, 0.095581, 19.531250, -7.080076, -16.662600,Walking
628824, 0.499756, 0.919312, 0.081543, 16.296390, -15.258788, -16.845708,Walking
628844, 0.496216, 0.858154, 0.052002, 6.164550, -22.644040, -6.652830,Walking
628864, 0.468994, 0.848389, 0.039429, -2.624511, -27.954100, 5.249022,Walking
628884, 0.430420, 0.826172, 0.046387, -6.347656, -28.869624, 14.404296,Walking
628904, 0.433838, 0.847778, 0.063721, -9.399414, -28.320310, 19.531250,Walking
628924, 0.430298, 0.914795, 0.089966, -9.033204, -33.569340, 23.498530,Walking
628944, 0.389893, 0.965942, 0.111084, -5.737304, -36.132820, 25.268550,Walking
628964, 0.366699, 1.001221, 0.116943, -1.892090, -34.790040, 24.658200,Walking
628984, 0.346924, 0.966309, 0.118042, 5.737304, -32.409680, 21.118160,Walking
629004, 0.343872, 0.914673, 0.132080, 7.751464, -34.729010, 17.822270,Walking
629024, 0.321533, 0.878052, 0.148193, 8.178714, -36.438000, 17.333990,Walking
629044, 0.301025, 0.847290, 0.154907, 6.958006, -35.339360, 19.226080,Walking
629064, 0.286499, 0.831177, 0.145630, 4.699708, -31.921380, 22.094720,Walking
629084, 0.275146, 0.833740, 0.140869, 1.953124, -27.099608, 24.536130,Walking
629104, 0.259522, 0.842041, 0.148926, 0.549316, -21.179192, 26.123040,Walking
629124, 0.260254, 0.850830, 0.150513, -0.549316, -15.075680, 27.770990,Walking
629144, 0.254028, 0.847290, 0.158691, -0.732422, -10.681150, 29.235832,Walking
629164, 0.252808, 0.848145, 0.156128, -1.831054, -6.347656, 29.541010,Walking
629184, 0.265869, 0.857666, 0.148682, -1.953124, -3.540038, 28.808590,Walking
629204, 0.273682, 0.895752, 0.149536, -1.586914, 0.915527, 24.841304,Walking
629224, 0.293945, 0.926758, 0.158447, 0.366211, 1.831054, 22.216790,Walking
629244, 0.298218, 0.968994, 0.162720, 2.136231, 2.014160, 20.263670,Walking
629264, 0.292969, 1.025391, 0.149536, 3.417968, 4.211426, 19.104010,Walking
629284, 0.291626, 1.087158, 0.137085, 5.126952, 9.460450, 18.554690,Walking
629304, 0.267700, 1.127076, 0.162354, 8.789064, 18.981940, 16.418460,Walking
629324, 0.290039, 1.201660, 0.207642, 7.873534, 28.808590, 13.000484,Walking
629344, 0.328980, 1.247803, 0.162842, 17.089850, 33.630380, 10.192870,Walking
629364, 0.329590, 1.068726, 0.121338, 19.531250, 39.062500, -0.366211,Walking
629384, 0.328735, 1.064209, 0.096680, 13.488768, 44.738760, -8.972170,Walking
629404, 0.327271, 0.972778, 0.056641, 17.150880, 50.842280, -13.854978,Walking
629424, 0.389282, 0.760742, 0.006836, 12.756344, 52.673330, -25.512690,Walking
629444, 0.451904, 0.700562, -0.011230, 7.385252, 41.076650, -26.794430,Walking
629464, 0.485840, 0.671265, -0.013428, 2.990722, 24.414060, -24.780270,Walking
629484, 0.435181, 0.686768, 0.018799, -1.892090, 12.207030, -22.094720,Walking
629504, 0.411255, 0.776245, 0.033325, -3.295898, 7.202148, -18.249516,Walking
629524, 0.422119, 0.854004, 0.023438, -1.831054, 3.540038, -16.418460,Walking
629544, 0.384522, 0.957886, 0.008911, -1.525878, 5.065916, -16.723632,Walking
629564, 0.369263, 1.052368, -0.017212, 4.028321, 15.014646, -18.066410,Walking
629584, 0.384277, 1.026001, -0.030518, 10.253904, 26.489250, -22.033690,Walking
629604, 0.430176, 0.932251, -0.022583, 13.305660, 29.663080, -26.428220,Walking
629624, 0.455444, 0.817749, -0.011475, 11.352536, 23.559568, -28.808590,Walking
629644, 0.476074, 0.752197, -0.002808, 3.295898, 8.911134, -28.930660,Walking
629664, 0.498413, 0.765869, 0.000977, 0.427246, -2.441407, -28.930660,Walking
629684, 0.464478, 0.778442, 0.013306, -1.525878, -9.277344, -27.893060,Walking
629704, 0.423950, 0.800781, 0.010620, -0.793457, -8.117676, -25.268550,Walking
629724, 0.395874, 0.813232, 0.015259, -2.075196, -6.225584, -20.812980,Walking
629744, 0.380737, 0.850708, 0.036987, -0.854492, 2.624511, -19.714360,Walking
629764, 0.417725, 0.853394, 0.038940, 1.403808, 10.986324, -18.432620,Walking
629784, 0.476685, 0.849365, 0.028809, 3.112792, 11.657712, -20.812980,Walking
629804, 0.493286, 0.829102, 0.032227, 3.234863, 7.324218, -23.681636,Walking
629824, 0.505249, 0.844727, 0.033203, 1.220704, 2.014160, -25.146480,Walking
629844, 0.533936, 0.878418, 0.040161, -1.403808, -4.455568, -23.986810,Walking
629864, 0.547363, 0.964478, 0.057251, -7.873534, -16.784670, -17.272950,Walking
629884, 0.529419, 1.033448, 0.062012, -10.498044, -22.644040, -12.145992,Walking
629904, 0.479370, 1.066772, 0.045776, -10.742184, -23.071284, -6.713866,Walking
629924, 0.440552, 1.043702, 0.021729, -10.437010, -19.531250, -1.770019,Walking
629944, 0.426148, 1.008912, 0.028442, -12.451170, -14.709470, 2.441407,Walking
629964, 0.457642, 1.034912, 0.061279, -15.502928, -12.878416, 6.225584,Walking
629984, 0.504883, 1.144410, 0.080566, -16.662600, -16.235352, 8.605960,Walking
630004, 0.557007, 1.290650, 0.103760, -16.113284, -16.906740, 9.277344,Walking
630024, 0.573120, 1.369873, 0.091187, -6.591796, -19.775390, 7.324218,Walking
630044, 0.504028, 1.230713, 0.074585, 5.920409, -14.343260, 2.014160,Walking
630064, 0.459229, 0.969971, 0.049561, 13.854978, -5.676268, -1.770019,Walking
630084, 0.467041, 0.640015, -0.010132, -2.075196, -13.732908, 11.535644,Walking
630104, 0.485596, 0.617188, 0.001465, -18.371584, -27.343748, 27.221676,Walking
630124, 0.445435, 0.701782, 0.045898, -28.930660, -40.405260, 38.574220,Walking
630144, 0.449341, 0.872070, 0.084229, -32.104500, -48.156730, 44.921860,Walking
630164, 0.433472, 1.048584, 0.125610, -26.428220, -55.175770, 45.288080,Walking
630184, 0.340820, 1.164429, 0.147217, -13.488768, -54.687490, 43.395980,Walking
630204, 0.259155, 1.137207, 0.138550, 1.586914, -40.405260, 39.062500,Walking
630224, 0.242920, 1.011597, 0.125855, 7.873534, -22.277830, 34.423840,Walking
630244, 0.277710, 0.926636, 0.113770, 7.080076, -12.145992, 33.020020,Walking
630264, 0.299438, 0.873413, 0.138306, 4.943848, -7.812498, 32.836920,Walking
630284, 0.314209, 0.844238, 0.159668, 3.906249, -8.850100, 31.921380,Walking
630304, 0.339233, 0.810547, 0.147339, 3.417968, -17.272950, 28.503410,Walking
630324, 0.318970, 0.794068, 0.138916, 1.525878, -24.047850, 25.817870,Walking
630344, 0.303345, 0.802734, 0.138794, -1.037598, -28.076170, 23.986810,Walking
630364, 0.272217, 0.832886, 0.150879, -1.403808, -27.282710, 22.766110,Walking
630384, 0.258545, 0.852905, 0.163696, 0.427246, -22.644040, 21.545408,Walking
630404, 0.241699, 0.862915, 0.166870, 3.417968, -15.075680, 19.775390,Walking
630424, 0.238525, 0.855225, 0.154907, 6.774902, -6.286620, 16.662600,Walking
630444, 0.233154, 0.846558, 0.137817, 8.422854, 3.173828, 11.657712,Walking
630464, 0.258423, 0.860718, 0.136841, 8.666994, 11.657712, 7.690428,Walking
630484, 0.267700, 0.885742, 0.159302, 9.033204, 15.380856, 5.371092,Walking
630504, 0.277954, 0.928589, 0.162476, 9.216310, 17.944340, 3.845214,Walking
630524, 0.334961, 1.049683, 0.124023, 4.821778, 15.075680, 5.065916,Walking
630544, 0.245361, 1.094238, 0.173218, 2.197266, 16.418460, 7.690428,Walking
630564, 0.222046, 1.245606, 0.174438, -6.164550, 23.498530, 9.399414,Walking
630584, 0.229370, 1.307129, 0.157471, -4.150392, 30.639640, 6.896972,Walking
630604, 0.248901, 1.342408, 0.139038, -3.601074, 39.794920, -3.540038,Walking
630624, 0.286987, 1.234375, 0.103638, 11.291500, 49.499500, -19.897460,Walking
630644, 0.340942, 0.999146, 0.068848, 20.019532, 54.809560, -42.602530,Walking
630664, 0.396240, 0.840576, 0.047363, 22.338860, 48.889150, -60.852040,Walking
630684, 0.464600, 0.774780, 0.033447, 19.470220, 31.616208, -68.237320,Walking
630704, 0.448120, 0.773804, 0.034302, 18.371584, 14.709470, -67.565940,Walking
630724, 0.385620, 0.766236, 0.022583, 22.338860, 10.375976, -64.453140,Walking
630744, 0.350342, 0.741577, 0.015259, 24.841304, 12.878416, -58.715810,Walking
630764, 0.293945, 0.788086, 0.038452, 24.475090, 23.010250, -52.734360,Walking
630784, 0.280884, 0.852905, 0.059570, 25.268550, 40.405260, -47.729480,Walking
630804, 0.359985, 0.944824, 0.071533, 23.986810, 53.466780, -47.729480,Walking
630824, 0.443726, 1.073364, 0.063477, 25.146480, 58.776840, -48.828120,Walking
630844, 0.483521, 1.104004, 0.069214, 29.541010, 59.936520, -51.818840,Walking
630864, 0.523682, 1.047242, 0.055298, 33.203130, 54.931630, -56.518540,Walking
630884, 0.545654, 0.942993, 0.032227, 31.005852, 44.067380, -57.922360,Walking
630904, 0.551392, 0.854980, 0.032837, 22.216790, 26.062010, -54.504380,Walking
630924, 0.530274, 0.828125, 0.035400, 10.742184, 11.291500, -46.020500,Walking
630944, 0.512329, 0.831055, 0.023193, 2.746581, 4.333496, -35.827640,Walking
630964, 0.471069, 0.836304, 0.022705, -3.601074, 1.342773, -21.728510,Walking
630984, 0.451660, 0.839478, 0.021484, -5.737304, 4.272462, -13.427732,Walking
631004, 0.462158, 0.853516, 0.016602, -8.605960, 6.835936, -5.310058,Walking
631024, 0.474243, 0.889893, 0.008911, -11.047360, 9.643556, 2.441407,Walking
631044, 0.472778, 0.906372, 0.002075, -11.596676, 12.023924, 8.972170,Walking
631064, 0.469360, 0.896362, -0.003418, -12.817380, 13.000484, 13.671872,Walking
631084, 0.476807, 0.886108, -0.002686, -15.441892, 9.826660, 18.493652,Walking
631104, 0.471069, 0.875122, -0.000488, -18.920900, 4.455568, 24.475090,Walking
631124, 0.458862, 0.878906, 0.005737, -24.230950, -0.366211, 33.325200,Walking
631144, 0.433960, 0.917847, 0.014648, -26.916500, -4.699708, 40.527340,Walking
631164, 0.417480, 0.941040, 0.040039, -28.320310, -9.094240, 45.288080,Walking
631184, 0.390381, 1.012574, 0.125244, -38.269050, -19.836430, 54.016100,Walking
631204, 0.423218, 1.450196, 0.143311, -43.762200, -25.146480, 63.720700,Walking
631224, 0.412720, 1.667480, 0.114258, -27.587884, -16.662600, 68.908700,Walking
631244, 0.298462, 1.394043, 0.074951, -4.150392, 6.286620, 65.917980,Walking
631264, 0.289917, 1.019776, 0.070313, -2.624511, 21.728510, 59.387200,Walking
631284, 0.361938, 0.821778, 0.051880, -9.948730, 16.601568, 58.166500,Walking
631304, 0.402100, 0.722656, 0.044189, -25.817870, 0.122070, 58.959950,Walking
631324, 0.396606, 0.750244, 0.050049, -37.780760, -17.639160, 60.729970,Walking
631344, 0.384399, 0.806274, 0.065796, -40.832510, -27.709956, 58.898920,Walking
631364, 0.369751, 0.859131, 0.088745, -37.170420, -34.423840, 51.818840,Walking
631384, 0.324463, 0.895386, 0.115845, -29.418940, -38.513190, 42.785640,Walking
631404, 0.271851, 0.934326, 0.147583, -15.441892, -34.301760, 31.616208,Walking
631424, 0.260864, 0.984863, 0.171875, -9.155274, -28.747552, 27.038570,Walking
631444, 0.264771, 1.045654, 0.185425, -4.272462, -24.475090, 22.827140,Walking
631464, 0.264771, 1.069092, 0.174072, 4.943848, -20.568840, 15.930172,Walking
631484, 0.260254, 0.996826, 0.159424, 13.793944, -15.930172, 6.164550,Walking
631504, 0.252441, 0.927856, 0.153931, 18.554690, -10.803220, -3.906249,Walking
631524, 0.263916, 0.886108, 0.153076, 20.690910, -7.751464, -10.009768,Walking
631544, 0.255127, 0.849487, 0.142090, 19.165040, -5.493162, -9.948730,Walking
631564, 0.246582, 0.843628, 0.136841, 15.930172, -2.685546, -6.774902,Walking
631584, 0.205688, 0.875244, 0.140381, 15.014646, 3.479003, -3.784179,Walking
631604, 0.217896, 0.937866, 0.146851, 15.624996, 18.005376, -0.488281,Walking
631624, 0.213013, 0.999024, 0.181397, 25.146480, 35.217290, 2.624511,Walking
631644, 0.178955, 1.008423, 0.194824, 31.616208, 46.569820, 3.234863,Walking
631664, 0.202515, 1.004028, 0.184326, 36.376960, 56.823720, 1.953124,Walking
631684, 0.216919, 0.997192, 0.175293, 40.039070, 67.504900, -1.159668,Walking
631704, 0.242676, 0.987305, 0.190552, 43.457020, 73.791520, -6.042480,Walking
631724, 0.250855, 0.984497, 0.204102, 47.790520, 75.927740, -11.535644,Walking
631744, 0.265259, 0.969238, 0.208008, 52.246080, 76.782240, -17.456060,Walking
631764, 0.282105, 0.958374, 0.204834, 54.443350, 76.538100, -22.216790,Walking
631784, 0.270264, 0.963257, 0.220947, 56.030260, 80.993640, -23.864740,Walking
631804, 0.270142, 0.983032, 0.244019, 59.020980, 94.238260, -23.437492,Walking
631824, 0.305542, 0.973022, 0.255005, 62.988270, 104.797340, -21.850580,Walking
631844, 0.340942, 0.986206, 0.255005, 64.453140, 109.252900, -12.390136,Walking
631864, 0.329468, 0.992554, 0.244629, 65.856940, 106.872540, -4.394532,Walking
631884, 0.324829, 1.104980, 0.275146, 62.438960, 108.703600, 2.929687,Walking
631904, 0.332520, 1.253296, 0.293945, 67.321800, 111.938460, 9.765626,Walking
631924, 0.315796, 1.182251, 0.282837, 79.834000, 120.178200, 8.178714,Walking
631944, 0.310547, 1.084228, 0.251099, 78.735360, 131.774900, 2.563476,Walking
631964, 0.337769, 1.063232, 0.215942, 74.890140, 134.948760, 2.563476,Walking
631984, 0.373291, 1.017456, 0.178711, 68.969740, 134.277360, 5.371092,Walking
632004, 0.391358, 0.946655, 0.147949, 65.429700, 130.859400, 6.469726,Walking
632024, 0.418457, 0.854370, 0.121094, 63.293440, 121.582000, 5.004884,Walking
632044, 0.437012, 0.766968, 0.087524, 58.288560, 104.431120, 3.479003,Walking
632064, 0.420654, 0.742554, 0.064331, 47.241200, 79.345700, 5.554198,Walking
632084, 0.359253, 0.823242, 0.070923, 45.898430, 73.242200, 7.812498,Walking
632104, 0.319702, 0.876465, 0.093140, 50.354000, 77.514660, 6.713866,Walking
632124, 0.337280, 0.916382, 0.106689, 57.739250, 86.547840, 2.624511,Walking
632144, 0.333496, 0.925171, 0.106445, 64.758300, 95.336900, -2.380371,Walking
632164, 0.314331, 0.900635, 0.099609, 68.542500, 108.398420, -6.652830,Walking
632184, 0.380859, 0.878174, 0.074219, 66.955580, 119.995100, -9.948730,Walking
632204, 0.430420, 0.879639, 0.061279, 63.293440, 123.229960, -11.230468,Walking
632224, 0.440308, 0.861328, 0.082031, 62.072740, 123.168920, -12.817380,Walking
632244, 0.473755, 0.820801, 0.100830, 63.232410, 122.619600, -16.784670,Walking
632264, 0.509766, 0.771362, 0.091675, 62.805160, 119.812000, -20.996090,Walking
632284, 0.526856, 0.740845, 0.085327, 54.260240, 108.764640, -18.920900,Walking
632304, 0.497314, 0.769165, 0.091553, 49.560540, 103.393540, -14.282224,Walking
632324, 0.489258, 0.778442, 0.095703, 46.386710, 100.402800, -10.253904,Walking
632344, 0.479492, 0.782104, 0.101807, 41.198720, 97.778300, -6.652830,Walking
632364, 0.453125, 0.792847, 0.096313, 35.705570, 96.923800, -3.051757,Walking
632384, 0.450073, 0.810913, 0.091675, 29.479976, 98.022440, -0.366211,Walking
632404, 0.459717, 0.844238, 0.097046, 25.390620, 98.388660, 1.831054,Walking
632424, 0.468384, 0.842774, 0.089355, 23.742670, 97.167960, 2.319336,Walking
632444, 0.501709, 0.834839, 0.069580, 20.263670, 91.125460, 1.098633,Walking
632464, 0.505737, 0.843994, 0.072266, 17.211920, 83.251940, 0.488281,Walking
632484, 0.504028, 0.858765, 0.085083, 14.953610, 80.078140, 0.671386,Walking
632504, 0.498169, 0.859619, 0.080200, 11.108396, 80.505360, 3.295898,Walking
632524, 0.513916, 0.848999, 0.080078, 7.019042, 81.726060, 7.812498,Walking
632544, 0.522705, 0.843628, 0.080322, 0.732422, 79.834000, 13.000484,Walking
632564, 0.520142, 0.879028, 0.080322, -3.906249, 78.002940, 17.333990,Walking
632584, 0.543579, 0.926270, 0.091553, -7.995604, 76.477060, 18.554690,Walking
632604, 0.569824, 1.039795, 0.084351, -10.131832, 71.777340, 18.493652,Walking
632624, 0.571411, 1.053589, 0.068237, -2.319336, 67.321800, 16.540530,Walking
632644, 0.561768, 0.922852, 0.077637, 3.723144, 62.377920, 10.925290,Walking
632664, 0.568604, 0.897827, 0.117798, 0.366211, 53.283680, 9.765626,Walking
632684, 0.558106, 0.973267, 0.133545, -0.854492, 43.212880, 14.709470,Walking
632704, 0.524170, 1.007935, 0.126709, 1.647949, 40.832510, 16.479492,Walking
632724, 0.486816, 1.001831, 0.113281, 5.981444, 49.560540, 14.160152,Walking
632744, 0.484497, 0.963257, 0.140869, 9.094240, 52.612300, 15.075680,Walking
632764, 0.484009, 0.945068, 0.161499, 9.521484, 51.391590, 17.150880,Walking
632784, 0.468506, 0.951538, 0.165649, 9.643556, 49.438460, 20.080560,Walking
632804, 0.452515, 0.950440, 0.153809, 12.023924, 49.255360, 21.362300,Walking
632824, 0.425293, 0.916382, 0.147705, 14.709470, 50.476060, 19.897460,Walking
632844, 0.424438, 0.882812, 0.151611, 16.601568, 51.635740, 18.188480,Walking
632864, 0.421265, 0.846802, 0.162720, 17.456060, 49.194320, 17.578130,Walking
632884, 0.406250, 0.823975, 0.164063, 17.517090, 46.691880, 18.310550,Walking
632904, 0.415161, 0.814697, 0.158569, 17.333990, 42.541500, 18.920900,Walking
632924, 0.400879, 0.817383, 0.156250, 17.517090, 37.597660, 18.493652,Walking
632944, 0.392334, 0.832764, 0.159912, 19.470220, 33.630380, 15.136716,Walking
632964, 0.290405, 0.858276, 0.185913, 26.306150, 41.625960, 12.329100,Walking
632984, 0.261108, 0.859986, 0.180664, 31.372068, 60.485830, 9.765626,Walking
633004, 0.312988, 0.853150, 0.180664, 32.958990, 73.120140, 8.544924,Walking
633024, 0.318115, 0.850586, 0.188355, 34.912120, 78.247080, 7.080076,Walking
633044, 0.327271, 0.836914, 0.201172, 37.170420, 80.749500, 4.821778,Walking
633064, 0.384888, 0.830200, 0.205078, 37.963880, 75.012220, 1.159668,Walking
633084, 0.398926, 0.845093, 0.208252, 37.475590, 61.889640, -2.563476,Walking
633104, 0.393677, 0.874268, 0.210815, 37.780760, 48.400870, -6.164550,Walking
633124, 0.378296, 0.903320, 0.206909, 38.452160, 38.024910, -10.803220,Walking
633144, 0.371582, 0.922363, 0.204712, 39.917000, 30.212400, -15.991210,Walking
633164, 0.360962, 0.930786, 0.211914, 40.710440, 21.362300, -23.864740,Walking
633184, 0.353516, 0.932007, 0.218384, 42.358390, 17.944340, -28.076170,Walking
633204, 0.336792, 0.931885, 0.210083, 42.297360, 19.836430, -31.616208,Walking
633224, 0.355591, 0.954346, 0.208984, 40.466300, 23.376460, -33.691410,Walking
633244, 0.373657, 1.004517, 0.215454, 38.696300, 23.559568, -32.958990,Walking
633264, 0.345459, 1.034668, 0.221436, 37.658700, 28.564450, -30.822750,Walking
633284, 0.338989, 1.069702, 0.203613, 35.888680, 38.146980, -26.977532,Walking
633304, 0.363159, 1.091186, 0.177368, 31.372068, 44.738760, -22.216790,Walking
633324, 0.381470, 1.233765, 0.190308, 23.620600, 50.598140, -15.136716,Walking
633344, 0.349121, 1.307862, 0.211914, 29.296870, 57.434080, -8.056642,Walking
633364, 0.306030, 1.198242, 0.215454, 37.475590, 67.993180, -7.019042,Walking
633384, 0.367676, 1.065796, 0.174072, 38.146980, 79.467800, -12.084960,Walking
633404, 0.409912, 0.991944, 0.163452, 33.874520, 75.805680, -10.986324,Walking
633424, 0.384522, 0.933960, 0.172363, 31.677240, 70.617700, -9.216310,Walking
633444, 0.371216, 0.837769, 0.154541, 31.066890, 67.382820, -8.300784,Walking
633464, 0.361206, 0.716309, 0.126587, 27.526850, 61.218250, -8.117676,Walking
633484, 0.349609, 0.651978, 0.093140, 17.944340, 55.664060, -5.493162,Walking
633504, 0.334351, 0.667603, 0.082153, 7.385252, 51.940910, 0.427246,Walking
633524, 0.316406, 0.718262, 0.091187, -1.342773, 51.025380, 6.835936,Walking
633544, 0.325073, 0.782471, 0.093384, -6.469726, 52.001940, 10.864256,Walking
633564, 0.356812, 0.858154, 0.093384, -7.568358, 51.330560, 11.901852,Walking
633584, 0.365723, 0.909912, 0.095459, -5.798338, 53.771960, 11.352536,Walking
633604, 0.339356, 0.898926, 0.079956, 1.586914, 49.621580, 5.615234,Walking
633624, 0.398682, 0.812988, 0.052612, 1.342773, 48.767080, 0.915527,Walking
633644, 0.413208, 0.770752, 0.045654, -2.319336, 38.757330, -1.403808,Walking
633664, 0.460327, 0.759644, 0.022583, -7.873534, 29.663080, -1.647949,Walking
633684, 0.486206, 0.778198, 0.015747, -11.352536, 20.568840, -2.807617,Walking
633704, 0.457153, 0.790650, 0.032593, -12.512204, 13.427732, -4.028321,Walking
633724, 0.451172, 0.820068, 0.026978, -12.268064, 10.009768, -5.371092,Walking
633744, 0.461060, 0.846802, 0.029297, -12.817380, 6.530760, -6.103514,Walking
633764, 0.450195, 0.891358, 0.034180, -13.000484, 5.554198, -5.493162,Walking
633784, 0.446777, 0.925415, 0.033447, -11.474608, 6.347656, -4.577638,Walking
633804, 0.459839, 0.927368, 0.028442, -9.765626, 6.469726, -5.126952,Walking
633824, 0.478149, 0.909058, 0.030762, -8.972170, 2.502442, -6.835936,Walking
633844, 0.492188, 0.938843, 0.024414, -8.666994, -7.141112, -10.803220,Walking
633864, 0.501465, 0.927734, 0.036133, -9.399414, -13.183590, -10.437010,Walking
633884, 0.488892, 0.960571, 0.038940, -9.643556, -18.920900, -11.779784,Walking
633904, 0.480225, 0.985108, 0.048706, -7.934570, -24.230950, -11.108396,Walking
633924, 0.472778, 0.989502, 0.051025, -4.821778, -29.174800, -10.131832,Walking
633944, 0.451294, 0.994507, 0.049072, -2.441407, -29.296870, -10.009768,Walking
633964, 0.432251, 1.019410, 0.063110, 2.075196, -20.751950, -9.643556,Walking
633984, 0.459839, 1.075440, 0.086060, 1.892090, -13.732908, -8.605960,Walking
634004, 0.496948, 1.144043, 0.105591, 4.760742, -13.000484, -5.554198,Walking
634024, 0.521240, 1.202393, 0.122437, 5.737304, -15.930172, -3.662109,Walking
634044, 0.520752, 1.189454, 0.123047, 11.474608, -19.104010, -2.685546,Walking
634064, 0.489258, 1.019165, 0.134399, 13.793944, -23.681636, -1.708984,Walking
634084, 0.462646, 0.918091, 0.116577, 8.361816, -27.404780, 4.333496,Walking
634104, 0.426514, 0.845947, 0.094849, -1.159668, -30.944820, 15.747068,Walking
634124, 0.404297, 0.829712, 0.105347, -12.084960, -34.912120, 28.137200,Walking
634144, 0.407471, 0.912110, 0.114502, -21.179192, -36.438000, 39.306640,Walking
634164, 0.373535, 0.992432, 0.138550, -21.484370, -38.574220, 46.813960,Walking
634184, 0.335205, 1.049805, 0.156250, -20.019532, -38.696300, 51.452620,Walking
634204, 0.311646, 1.086060, 0.143921, -15.258788, -38.269050, 53.771960,Walking
634224, 0.284302, 1.036621, 0.137329, -10.314940, -35.461430, 53.588860,Walking
634244, 0.235840, 0.967041, 0.132202, -9.338380, -26.000970, 53.222640,Walking
634284, 0.252930, 0.852295, 0.144897, -13.854978, -12.512204, 54.870600,Walking
634304, 0.274292, 0.848755, 0.154541, -15.258788, -13.977050, 54.138180,Walking
634324, 0.286987, 0.856934, 0.155151, -14.343260, -17.211920, 50.903310,Walking
634344, 0.285522, 0.852173, 0.148071, -12.268064, -19.165040, 45.349110,Walking
634364, 0.259155, 0.851074, 0.154907, -9.094240, -18.371584, 39.428720,Walking
634384, 0.212647, 0.826904, 0.166016, -5.432128, -13.549804, 33.752440,Walking
634404, 0.221436, 0.801270, 0.161621, -3.417968, -7.446288, 28.503410,Walking
634424, 0.240356, 0.793091, 0.157349, -2.990722, -4.638672, 22.155760,Walking
634444, 0.277100, 0.808594, 0.140503, -2.563476, -5.920409, 15.441892,Walking
634464, 0.323242, 0.812256, 0.127930, -0.549316, -12.756344, 8.850100,Walking
634484, 0.329590, 0.818482, 0.148438, 0.976562, -25.512690, 2.319336,Walking
634504, 0.317017, 0.941650, 0.139648, 0.488281, -29.846190, -0.915527,Walking
634524, 0.347534, 1.072754, 0.106201, 3.784179, -22.766110, -4.577638,Walking
634544, 0.285034, 1.142700, 0.101074, 10.009768, -8.361816, -10.009768,Walking
634564, 0.286499, 1.307373, 0.149170, 12.756344, 12.084960, -15.869140,Walking
634584, 0.311768, 1.385986, 0.171875, 26.000970, 32.226570, -21.118160,Walking
634604, 0.333496, 1.304200, 0.162354, 39.001470, 51.513660, -29.357908,Walking
634624, 0.365112, 1.124512, 0.104736, 47.424300, 65.551760, -40.466300,Walking
634644, 0.425049, 0.936524, 0.057861, 47.912590, 67.260740, -48.522940,Walking
634664, 0.467651, 0.791870, 0.038818, 40.039070, 58.471670, -49.743640,Walking
634684, 0.490723, 0.718140, 0.031494, 30.639640, 46.081540, -47.424300,Walking
634704, 0.466553, 0.674683, 0.047119, 22.766110, 32.531740, -41.992180,Walking
634724, 0.406982, 0.735596, 0.044067, 11.962890, 20.690910, -31.982420,Walking
634744, 0.392700, 0.837646, 0.028442, 7.873534, 19.409180, -25.817870,Walking
634764, 0.367798, 0.951660, 0.027466, 5.859374, 25.817870, -22.338860,Walking
634784, 0.371582, 1.037842, 0.043945, 9.338380, 34.484870, -21.911620,Walking
634804, 0.401489, 1.016480, 0.051758, 13.916012, 39.794920, -23.559568,Walking
634824, 0.435913, 0.955811, 0.043823, 15.747068, 39.123540, -26.428220,Walking
634844, 0.439331, 0.872559, 0.024902, 15.136716, 34.301760, -29.785150,Walking
634864, 0.447266, 0.794800, 0.009644, 12.023924, 28.137200, -30.883784,Walking
634884, 0.458618, 0.752197, 0.004761, 6.164550, 20.568840, -28.808590,Walking
634904, 0.458984, 0.745484, 0.010864, 2.136231, 13.732908, -25.268550,Walking
634924, 0.449341, 0.754150, 0.020874, -0.549316, 8.972170, -21.057124,Walking
634944, 0.432983, 0.790772, 0.026367, -1.892090, 6.530760, -14.343260,Walking
634964, 0.426270, 0.814820, 0.028198, -1.464844, 8.178714, -12.084960,Walking
634984, 0.432983, 0.830933, 0.023438, -1.037598, 12.512204, -11.108396,Walking
635004, 0.453980, 0.836182, 0.022217, -1.342773, 15.747068, -10.925290,Walking
635024, 0.481812, 0.848877, 0.023560, -3.112792, 15.075680, -11.230468,Walking
635044, 0.513916, 0.866211, 0.018921, -5.432128, 11.230468, -11.474608,Walking
635064, 0.552246, 0.914185, 0.009033, -8.911134, 4.394532, -11.108396,Walking
635084, 0.549683, 0.964478, 0.003296, -10.925290, -3.356933, -9.643556,Walking
635104, 0.523316, 1.003174, 0.003906, -10.986324, -4.943848, -7.080076,Walking
635124, 0.502197, 1.025635, 0.029907, -11.718748, -6.469726, -4.394532,Walking
635144, 0.527588, 1.166016, 0.055786, -18.554690, -8.605960, 1.342773,Walking
635164, 0.527100, 1.348999, 0.094727, -11.596676, -13.061520, 7.690428,Walking
635184, 0.488403, 1.288574, 0.085938, -2.502442, -9.399414, 5.859374,Walking
635204, 0.494873, 1.156128, 0.076538, 1.403808, -8.544924, 1.953124,Walking
635224, 0.476807, 1.032593, 0.059814, 2.075196, -13.671872, 0.366211,Walking
635244, 0.472656, 0.881836, 0.043213, -1.831054, -18.432620, 3.601074,Walking
635264, 0.479248, 0.805176, 0.031250, -10.009768, -25.573724, 7.507323,Walking
635284, 0.450928, 0.770142, 0.035522, -11.901852, -35.095220, 12.451170,Walking
635304, 0.417114, 0.737427, 0.048340, -12.817380, -40.893540, 15.808104,Walking
635324, 0.396973, 0.788940, 0.078980, -13.916012, -45.593250, 19.653320,Walking
635344, 0.372070, 0.875977, 0.106812, -11.169430, -49.621580, 23.498530,Walking
635364, 0.348877, 0.955566, 0.123047, -7.141112, -49.743640, 25.817870,Walking
635384, 0.311768, 1.057496, 0.147217, 3.112792, -45.166000, 25.939940,Walking
635424, 0.268066, 0.996460, 0.169922, 13.549804, -27.709956, 24.536130,Walking
635444, 0.270020, 0.942139, 0.167847, 10.559080, -22.583000, 26.000970,Walking
635464, 0.251709, 0.928955, 0.161621, 6.835936, -17.578130, 31.005852,Walking
635484, 0.237793, 0.897461, 0.167480, 4.699708, -10.803220, 34.606940,Walking
635504, 0.255615, 0.872803, 0.166504, 2.197266, -4.577638, 35.644540,Walking
635524, 0.262085, 0.869019, 0.165039, -0.427246, -1.708984, 36.438000,Walking
635544, 0.263306, 0.875244, 0.171387, -1.831054, -0.915527, 36.804200,Walking
635564, 0.246094, 0.878662, 0.178345, -1.464844, 0.671386, 36.071780,Walking
635584, 0.241821, 0.875610, 0.165527, -0.427246, 4.821778, 33.386240,Walking
635604, 0.271362, 0.872192, 0.138428, -0.427246, 9.094240, 26.367180,Walking
635624, 0.290772, 0.899414, 0.131104, 0.732422, 10.375976, 22.583000,Walking
635644, 0.291504, 0.910522, 0.137451, 2.441407, 10.314940, 20.446770,Walking
635664, 0.287720, 0.935303, 0.132813, 4.150392, 12.451170, 20.019532,Walking
635684, 0.302124, 0.991211, 0.119873, 3.784179, 15.136716, 20.263670,Walking
635704, 0.300415, 1.067505, 0.115356, 5.310058, 18.737796, 21.484370,Walking
635724, 0.286011, 1.108520, 0.122681, 8.605960, 26.611320, 21.240230,Walking
635744, 0.297730, 1.224488, 0.141113, 7.629394, 36.804200, 19.348150,Walking
635764, 0.296265, 1.247436, 0.119141, 18.920900, 47.607410, 15.136716,Walking
635784, 0.308228, 1.171509, 0.105835, 25.207516, 60.852040, 4.577638,Walking
635804, 0.364380, 1.032104, 0.073853, 34.362800, 69.335940, -8.972170,Walking
635824, 0.407471, 0.761841, 0.045410, 35.095220, 63.110340, -27.099608,Walking
635844, 0.467407, 0.693604, 0.048096, 27.282710, 47.119130, -31.066890,Walking
635864, 0.480957, 0.685303, 0.053833, 20.263670, 25.817870, -29.968260,Walking
635884, 0.444336, 0.707764, 0.046753, 16.601568, 10.498044, -28.076170,Walking
635904, 0.401978, 0.739868, 0.045654, 15.930172, 3.967285, -26.428220,Walking
635924, 0.352417, 0.772583, 0.055664, 16.357424, 4.699708, -26.000970,Walking
635944, 0.306152, 0.840820, 0.062500, 15.808104, 15.136716, -25.512690,Walking
635964, 0.336548, 0.937134, 0.059692, 14.770504, 27.099608, -24.963376,Walking
635984, 0.374878, 1.003662, 0.050415, 15.319820, 36.865240, -25.939940,Walking
636004, 0.434692, 1.018799, 0.027588, 15.869140, 40.649400, -30.517570,Walking
636024, 0.488525, 0.989502, 0.017578, 15.808104, 35.827640, -35.766600,Walking
636044, 0.529297, 0.881226, 0.014526, 12.573240, 16.845708, -41.870110,Walking
636064, 0.521851, 0.821411, 0.002563, 8.422854, 3.234863, -41.870110,Walking
636084, 0.486694, 0.796143, 0.000854, 2.136231, -7.751464, -37.414560,Walking
636104, 0.443726, 0.803955, 0.004517, -2.258301, -12.878416, -31.555170,Walking
636124, 0.398071, 0.819702, 0.007813, -3.845214, -10.070800, -26.672360,Walking
636144, 0.394898, 0.838989, 0.010620, -3.967285, -2.929687, -22.705070,Walking
636164, 0.403442, 0.855225, 0.013428, -3.173828, 4.577638, -19.836430,Walking
636184, 0.421875, 0.862915, 0.008667, -2.075196, 10.681150, -18.310550,Walking
636204, 0.438110, 0.863281, 0.002686, -1.586914, 14.282224, -19.165040,Walking
636224, 0.466309, 0.861084, 0.006714, -2.014160, 14.709470, -20.751950,Walking
636244, 0.493164, 0.849976, 0.017334, -3.295898, 10.253904, -21.911620,Walking
636264, 0.509033, 0.846680, 0.008789, -5.859374, 0.610352, -22.033690,Walking
636284, 0.524292, 0.858887, 0.009644, -8.178714, -5.798338, -21.362300,Walking
636304, 0.521362, 0.893555, 0.020142, -9.460450, -11.901852, -20.141600,Walking
636324, 0.528687, 0.924194, 0.025391, -9.277344, -15.441892, -18.005376,Walking
636344, 0.559204, 1.004639, 0.062500, -14.282224, -21.728510, -13.854978,Walking
636364, 0.585327, 1.215942, 0.071655, -16.723632, -27.587884, -5.249022,Walking
636384, 0.575928, 1.344116, 0.068604, -9.948730, -28.564450, 0.427246,Walking
636404, 0.488037, 1.214966, 0.041138, 3.417968, -21.911620, 2.868652,Walking
636424, 0.451416, 1.051392, 0.042236, 2.807617, -12.695310, 5.371092,Walking
636444, 0.441772, 0.988037, 0.029785, -1.098633, -10.009768, 15.136716,Walking
636464, 0.459229, 0.952026, 0.037964, -9.948730, -7.568358, 28.320310,Walking
636484, 0.457153, 0.967529, 0.028687, -11.962890, -8.300784, 39.855960,Walking
636504, 0.452637, 0.936402, 0.026001, -10.437010, -7.446288, 42.785640,Walking
636524, 0.433228, 0.916870, 0.038696, -8.605960, -10.314940, 45.166000,Walking
636544, 0.381104, 0.882080, 0.052856, -9.582520, -14.038084, 50.537100,Walking
636564, 0.338013, 0.869263, 0.060547, -13.061520, -14.221190, 57.983390,Walking
636584, 0.343750, 0.918091, 0.063354, -17.883300, -15.808104, 64.453140,Walking
636604, 0.336304, 1.014038, 0.081421, -19.714360, -18.310550, 69.091800,Walking
636624, 0.293335, 1.117066, 0.134399, -15.502928, -18.676760, 69.213880,Walking
636644, 0.250366, 1.155640, 0.155029, -3.845214, -11.657712, 65.551760,Walking
636664, 0.216431, 1.055054, 0.156616, 6.530760, -1.831054, 59.509270,Walking
636684, 0.205322, 0.955444, 0.148804, 8.605960, 6.896972, 53.466780,Walking
636704, 0.210815, 0.924805, 0.154785, 6.286620, 18.066410, 50.292960,Walking
636724, 0.199829, 0.904419, 0.170776, 8.117676, 26.000970, 49.377430,Walking
636744, 0.212647, 0.875732, 0.167480, 9.033204, 30.944820, 45.898430,Walking
636764, 0.236816, 0.869507, 0.159790, 9.704590, 31.494136, 41.137680,Walking
636784, 0.257202, 0.886230, 0.156250, 10.498044, 29.357908, 36.438000,Walking
636804, 0.248047, 0.920410, 0.171509, 13.427732, 28.686520, 31.433100,Walking
636824, 0.250000, 0.941162, 0.177246, 19.653320, 30.212400, 25.451652,Walking
636844, 0.254150, 0.932984, 0.177979, 25.634760, 31.249992, 17.639160,Walking
636864, 0.261230, 0.955566, 0.184814, 30.700680, 31.860350, 8.972170,Walking
636884, 0.278320, 0.975708, 0.176392, 36.560060, 31.127924, 0.854492,Walking
636904, 0.298096, 0.995484, 0.173706, 41.381820, 31.066890, -5.737304,Walking
636924, 0.308838, 0.961792, 0.170410, 47.607410, 28.198240, -13.549804,Walking
636944, 0.283936, 0.967652, 0.149292, 50.231920, 33.447270, -17.089850,Walking
636964, 0.319946, 0.977173, 0.134888, 50.048820, 40.954580, -18.981940,Walking
636984, 0.311524, 1.107910, 0.164307, 46.203600, 46.997060, -17.944340,Walking
637004, 0.302979, 1.229614, 0.171875, 54.077140, 57.434080, -13.854978,Walking
637024, 0.221191, 1.127198, 0.172363, 63.781730, 75.683600, -15.197750,Walking
637044, 0.241211, 1.041626, 0.141235, 66.284200, 97.229000, -18.432620,Walking
637064, 0.288208, 0.978272, 0.122314, 64.514160, 106.018040, -21.484370,Walking
637084, 0.323242, 0.973145, 0.126953, 61.767570, 107.666000, -23.559568,Walking
637104, 0.350220, 0.963135, 0.142334, 64.880380, 107.238760, -27.526850,Walking
637124, 0.380615, 0.931519, 0.147339, 69.091800, 101.684560, -33.508300,Walking
637144, 0.419434, 0.855225, 0.088989, 73.059100, 84.472640, -47.607410,Walking
637164, 0.334961, 0.849976, 0.067993, 68.664560, 85.449200, -51.025380,Walking
637184, 0.315552, 0.936035, 0.072022, 67.382820, 95.825180, -47.058100,Walking
637204, 0.324097, 0.988037, 0.118408, 71.960460, 104.675280, -37.536620,Walking
637224, 0.331299, 0.983643, 0.158203, 77.453620, 115.722640, -30.456540,Walking
637244, 0.419800, 1.004639, 0.149902, 79.895040, 120.544400, -25.756830,Walking
637264, 0.436035, 0.989868, 0.149292, 79.528820, 117.065400, -24.475090,Walking
637284, 0.429932, 0.986328, 0.127197, 75.561540, 115.051240, -24.841304,Walking
637304, 0.414307, 0.973999, 0.114502, 70.373540, 115.661600, -24.841304,Walking
637324, 0.405274, 0.948853, 0.125610, 63.415520, 118.286100, -21.911620,Walking
637344, 0.392944, 0.923096, 0.141968, 57.739250, 118.408180, -18.005376,Walking
637364, 0.380249, 0.881226, 0.142822, 51.208480, 114.868160, -10.192870,Walking
637384, 0.370239, 0.855347, 0.152100, 47.790520, 112.182600, -5.981444,Walking
637404, 0.341431, 0.859863, 0.163208, 44.555660, 110.900860, -3.051757,Walking
637424, 0.329468, 0.860230, 0.142456, 43.273920, 113.037100, -1.831054,Walking
637444, 0.317993, 0.813110, 0.132813, 40.893540, 116.271960, -3.601074,Walking
637464, 0.307495, 0.789551, 0.146606, 37.963880, 120.971660, -6.225584,Walking
637484, 0.326172, 0.784912, 0.157227, 34.973150, 123.474100, -8.666994,Walking
637504, 0.342774, 0.817627, 0.153687, 31.372068, 124.084440, -9.521484,Walking
637524, 0.349121, 0.866211, 0.152344, 30.822750, 123.901360, -10.620116,Walking
637544, 0.378174, 0.891602, 0.155518, 31.127924, 122.863760, -14.892576,Walking
637564, 0.377930, 0.906982, 0.151978, 31.982420, 121.948220, -20.263670,Walking
637604, 0.439453, 0.916748, 0.143555, 29.724120, 116.882300, -27.038570,Walking
637624, 0.440064, 0.871704, 0.136353, 29.418940, 115.600560, -27.709956,Walking
637644, 0.457031, 0.829102, 0.116699, 25.573724, 113.830560, -27.832030,Walking
637664, 0.469971, 0.807862, 0.108887, 19.226080, 109.985320, -25.146480,Walking
637684, 0.455566, 0.834839, 0.118652, 10.986324, 106.445300, -20.080560,Walking
637704, 0.476563, 0.940430, 0.142700, 4.821778, 105.163560, -14.343260,Walking
637724, 0.564209, 1.119629, 0.140869, 0.244141, 101.135240, -9.399414,Walking
637744, 0.595581, 1.215332, 0.113770, 6.530760, 92.407200, -6.835936,Walking
637764, 0.528564, 1.067505, 0.128906, 14.404296, 87.646460, -10.681150,Walking
637784, 0.536865, 0.966675, 0.146118, 13.488768, 79.711940, -12.634276,Walking
637804, 0.500610, 0.884766, 0.139038, 2.929687, 54.992660, -1.159668,Walking
637824, 0.485596, 0.895996, 0.111450, -4.333496, 44.494620, 6.530760,Walking
637844, 0.431763, 0.948242, 0.114258, -7.080076, 40.100100, 12.817380,Walking
637864, 0.371704, 1.016480, 0.140503, -1.159668, 45.776360, 16.845708,Walking
637884, 0.330933, 1.013916, 0.173828, 7.263182, 56.762680, 20.507810,Walking
637904, 0.316040, 0.991577, 0.173950, 12.207030, 71.044940, 25.085448,Walking
637924, 0.341309, 0.968750, 0.141357, 14.282224, 83.679180, 30.578610,Walking
637944, 0.374878, 0.934448, 0.130005, 14.282224, 91.369600, 33.020020,Walking
637964, 0.395020, 0.932495, 0.155273, 14.465330, 94.787580, 33.325200,Walking
637984, 0.436890, 0.917236, 0.172974, 15.258788, 91.857900, 33.142100,Walking
638004, 0.464844, 0.897217, 0.171509, 13.427732, 81.298800, 33.264160,Walking
638024, 0.477051, 0.908203, 0.163208, 11.291500, 62.805160, 32.470710,Walking
638044, 0.493408, 0.915528, 0.184570, 10.986324, 53.039540, 31.127924,Walking
638064, 0.485352, 0.917847, 0.198364, 10.070800, 43.090810, 30.822750,Walking
638084, 0.479248, 0.930054, 0.193726, 7.934570, 33.996590, 32.470710,Walking
638104, 0.436646, 0.922730, 0.181519, 6.469726, 28.869624, 34.362800,Walking
638124, 0.400635, 0.904907, 0.174316, 5.004884, 30.029290, 36.254890,Walking
638144, 0.397095, 0.876709, 0.172852, 4.638672, 32.653820, 36.499030,Walking
638164, 0.402100, 0.839966, 0.171997, 4.821778, 33.264160, 35.217290,Walking
638184, 0.405762, 0.809692, 0.170532, 5.371092, 29.785150, 32.714850,Walking
638204, 0.417969, 0.797119, 0.162476, 6.164550, 22.094720, 29.968260,Walking
638224, 0.416260, 0.792847, 0.147339, 8.056642, 14.709470, 27.343748,Walking
638244, 0.370728, 0.809692, 0.143555, 11.962890, 10.131832, 22.216790,Walking
638264, 0.348389, 0.822510, 0.145996, 15.441892, 10.803220, 18.920900,Walking
638284, 0.349854, 0.843262, 0.142456, 17.456060, 11.962890, 16.418460,Walking
638304, 0.354248, 0.890381, 0.135010, 20.080560, 12.451170, 15.258788,Walking
638324, 0.316284, 0.913818, 0.128296, 23.925780, 16.601568, 14.526364,Walking
638344, 0.309570, 0.920532, 0.129028, 26.367180, 23.132320, 13.916012,Walking
638364, 0.283569, 1.001831, 0.171753, 22.888180, 31.066890, 14.648436,Walking
638384, 0.254028, 1.231446, 0.219238, 19.592290, 41.564930, 18.981940,Walking
638404, 0.235840, 1.391236, 0.214478, 29.174800, 59.814440, 22.155760,Walking
638424, 0.229858, 1.301880, 0.198364, 40.344230, 80.383280, 14.770504,Walking
638444, 0.299438, 1.192139, 0.175903, 43.884270, 96.618640, 2.746581,Walking
638464, 0.380493, 1.022705, 0.173096, 45.654280, 89.233380, -10.681150,Walking
638484, 0.387207, 0.858032, 0.152832, 41.748040, 76.782240, -17.089850,Walking
638504, 0.420898, 0.708984, 0.090210, 34.423840, 60.058580, -21.911620,Walking
638524, 0.409058, 0.603638, 0.049316, 22.460930, 41.137680, -23.132320,Walking
638544, 0.358887, 0.602295, 0.045654, 11.718748, 27.893060, -20.568840,Walking
638564, 0.323486, 0.631958, 0.067505, 6.042480, 19.836430, -16.174320,Walking
638584, 0.322632, 0.703003, 0.086792, 2.441407, 16.174320, -12.695310,Walking
638604, 0.323242, 0.795898, 0.087280, 2.929687, 16.601568, -10.986324,Walking
638624, 0.335938, 0.909424, 0.075195, 7.385252, 21.728510, -14.221190,Walking
638644, 0.319580, 0.994629, 0.083862, 14.709470, 29.174800, -19.897460,Walking
638664, 0.319702, 1.001587, 0.085571, 23.376460, 41.992180, -25.756830,Walking
638684, 0.400391, 0.914551, 0.070190, 26.977532, 47.851560, -33.935560,Walking
638704, 0.439087, 0.848877, 0.071655, 24.414060, 45.043940, -35.888680,Walking
638724, 0.485840, 0.817139, 0.057007, 19.165040, 39.184580, -36.315920,Walking
638744, 0.516480, 0.799072, 0.045654, 14.282224, 30.212400, -36.560060,Walking
638764, 0.544068, 0.800049, 0.054199, 9.826660, 16.052250, -35.461430,Walking
638784, 0.504883, 0.826172, 0.072632, 5.432128, 4.394532, -31.982420,Walking
638804, 0.472412, 0.897827, 0.063843, 4.150392, 4.943848, -27.282710,Walking
638824, 0.465210, 0.926392, 0.032349, 3.601074, 10.803220, -24.108880,Walking
638844, 0.442261, 0.942993, 0.018066, 3.234863, 23.193352, -22.644040,Walking
638864, 0.495606, 0.908447, 0.037842, 3.723144, 30.944820, -21.606440,Walking
638884, 0.539185, 0.871338, 0.059326, 1.098633, 28.137200, -20.935052,Walking
638904, 0.568848, 0.872192, 0.041626, -3.845214, 12.634276, -19.165040,Walking
638924, 0.572998, 0.917969, 0.035522, -8.239746, 1.892090, -18.188480,Walking
638944, 0.567139, 0.986816, 0.040039, -9.582520, -7.080076, -16.418460,Walking
638964, 0.529297, 1.023682, 0.041504, -8.056642, -10.375976, -13.916012,Walking
638984, 0.497559, 1.018066, 0.044678, -6.408690, -8.178714, -10.192870,Walking
639004, 0.501953, 1.035767, 0.057251, -9.521484, -6.164550, -4.699708,Walking
639024, 0.545898, 1.143433, 0.057373, -10.559080, -7.507323, 2.136231,Walking
639044, 0.550904, 1.136353, 0.067627, -5.554198, -8.605960, 5.187988,Walking
639064, 0.583374, 1.132812, 0.086426, -5.798338, -15.563964, 6.408690,Walking
639084, 0.599243, 1.140259, 0.091064, -4.699708, -28.503410, 10.009768,Walking
639104, 0.527832, 1.079712, 0.087646, -4.333496, -35.888680, 15.441892,Walking
639124, 0.453003, 0.926636, 0.062744, -7.385252, -37.597660, 25.756830,Walking
639144, 0.436035, 0.857422, 0.072510, -12.451170, -37.475590, 34.667980,Walking
639164, 0.416138, 0.824951, 0.090942, -16.723632, -38.757330, 43.762200,Walking
639184, 0.402100, 0.855591, 0.119263, -20.202630, -42.785640, 50.292960,Walking
639204, 0.395630, 0.942505, 0.146484, -18.005376, -45.593250, 54.077140,Walking
639224, 0.359009, 1.009522, 0.176636, -12.329100, -45.410140, 54.321280,Walking
639244, 0.321777, 1.067139, 0.189819, -5.187988, -41.564930, 52.551260,Walking
639264, 0.277344, 1.058716, 0.190186, 4.150392, -34.423840, 49.682610,Walking
639284, 0.257446, 0.980225, 0.188843, 8.422854, -24.475090, 46.020500,Walking
639304, 0.248291, 0.928589, 0.179565, 8.239746, -14.160152, 43.640120,Walking
639324, 0.267090, 0.892822, 0.190796, 7.080076, -7.934570, 43.212880,Walking
639344, 0.275269, 0.861938, 0.197754, 4.516602, -5.493162, 41.015620,Walking
639364, 0.291382, 0.839600, 0.190674, 2.563476, -7.507323, 38.879400,Walking
639384, 0.293823, 0.831421, 0.179565, -0.427246, -12.084960, 35.949720,Walking
639404, 0.277222, 0.848511, 0.177612, -3.417968, -15.991210, 34.179700,Walking
639424, 0.234741, 0.864014, 0.189697, -3.234863, -15.747068, 33.203130,Walking
639444, 0.224976, 0.851807, 0.186035, -2.441407, -11.474608, 30.944820,Walking
639464, 0.216187, 0.829834, 0.172119, -1.953124, -5.920409, 26.672360,Walking
639484, 0.232544, 0.817505, 0.154663, -1.953124, -0.976562, 21.118160,Walking
639504, 0.259888, 0.829590, 0.138550, -2.319336, 2.197266, 15.136716,Walking
639524, 0.259888, 0.853760, 0.149780, -0.366211, 3.723144, 10.009768,Walking
639544, 0.273438, 0.887818, 0.168457, 1.037598, 4.699708, 5.187988,Walking
639564, 0.321167, 1.016358, 0.141357, 3.479003, 4.394532, -1.098633,Walking
639584, 0.327881, 1.098633, 0.116211, 7.202148, 6.408690, -3.784179,Walking
639604, 0.286255, 1.139893, 0.146362, 10.498044, 14.282224, -7.934570,Walking
639624, 0.319702, 1.241944, 0.153076, 13.000484, 24.475090, -10.925290,Walking
639644, 0.319214, 1.225708, 0.137817, 20.874020, 35.461430, -16.784670,Walking
639664, 0.341309, 1.187256, 0.122070, 23.193352, 47.363270, -26.062010,Walking
639684, 0.374146, 1.066650, 0.083618, 31.494136, 55.358880, -35.400400,Walking
639704, 0.403809, 0.868408, 0.065186, 32.714850, 55.480940, -46.020500,Walking
639724, 0.470703, 0.748413, 0.069824, 27.404780, 43.640120, -49.682610,Walking
639744, 0.485230, 0.716309, 0.086670, 19.287110, 25.634760, -49.377430,Walking
639764, 0.465210, 0.720703, 0.095825, 16.906740, 8.850100, -48.156730,Walking
639784, 0.399536, 0.766846, 0.069336, 14.709470, 0.610352, -43.823240,Walking
639804, 0.355835, 0.841675, 0.073730, 14.648436, 5.432128, -40.527340,Walking
639824, 0.334351, 0.924194, 0.093872, 14.282224, 15.380856, -37.597660,Walking
639844, 0.369751, 1.022705, 0.102905, 14.282224, 29.846190, -34.851080,Walking
639864, 0.416016, 1.061158, 0.105713, 15.624996, 39.917000, -32.714850,Walking
639884, 0.436035, 1.022950, 0.081909, 16.418460, 45.104970, -31.555170,Walking
639904, 0.470703, 0.929444, 0.050415, 12.939450, 42.663560, -30.395500,Walking
639924, 0.479858, 0.831787, 0.033691, 6.286620, 32.653820, -27.832030,Walking
639944, 0.494629, 0.776001, 0.034424, -3.295898, 20.629880, -23.315424,Walking
639964, 0.504883, 0.764526, 0.021729, -10.864256, 10.253904, -17.517090,Walking
639984, 0.473389, 0.782593, 0.020630, -14.221190, 3.479003, -13.671872,Walking
640004, 0.458862, 0.801758, 0.019897, -15.258788, 1.342773, -6.835936,Walking
640024, 0.456177, 0.838257, 0.025513, -12.207030, 2.929687, -5.249022,Walking
640044, 0.483887, 0.850342, 0.032104, -7.629394, 2.258301, -5.371092,Walking
640064, 0.494873, 0.860474, 0.026001, -4.028321, -0.549316, -8.666994,Walking
640084, 0.506592, 0.861572, 0.016113, -2.441407, -2.624511, -10.498044,Walking
640104, 0.530762, 0.859863, 0.017334, -3.967285, -7.568358, -10.803220,Walking
640124, 0.533447, 0.868774, 0.019043, -6.591796, -12.512204, -9.033204,Walking
640144, 0.547608, 0.879272, 0.023804, -10.009768, -18.798830, -5.981444,Walking
640164, 0.537598, 0.920654, 0.030029, -12.695310, -24.902340, -1.953124,Walking
640184, 0.512207, 0.967041, 0.035645, -13.122556, -27.343748, 2.258301,Walking
640204, 0.485596, 0.990601, 0.040405, -12.145992, -25.878900, 5.371092,Walking
640224, 0.477295, 1.020508, 0.066284, -13.366696, -21.667476, 9.521484,Walking
640244, 0.522827, 1.158570, 0.075439, -15.686032, -23.315424, 13.854978,Walking
640264, 0.491943, 1.194092, 0.089844, -9.826660, -24.475090, 15.808104,Walking
640284, 0.491089, 1.196289, 0.096069, -8.422854, -22.521970, 14.282224,Walking
640304, 0.498657, 1.208984, 0.090576, -3.784179, -23.864740, 13.244628,Walking
640324, 0.439819, 1.099244, 0.093018, 1.037598, -22.277830, 11.718748,Walking
640344, 0.419800, 0.947754, 0.073120, 2.441407, -18.615724, 11.230468,Walking
640364, 0.422485, 0.830444, 0.066528, -3.906249, -18.188480, 15.136716,Walking
640384, 0.427124, 0.803101, 0.057983, -9.521484, -22.949216, 21.423332,Walking
640404, 0.393433, 0.770630, 0.064575, -11.291500, -26.733390, 26.672360,Walking
640424, 0.388428, 0.781860, 0.085815, -12.695310, -29.846190, 29.785150,Walking
640444, 0.384277, 0.917358, 0.116455, -10.192870, -37.841800, 33.386240,Walking
640464, 0.343384, 1.018799, 0.145630, -5.371092, -39.794920, 33.447270,Walking
640484, 0.305664, 1.100708, 0.167480, 3.723144, -35.522460, 31.433100,Walking
640504, 0.295166, 1.075928, 0.183838, 14.282224, -31.494136, 26.977532,Walking
640524, 0.286255, 1.002564, 0.189087, 16.906740, -24.536130, 23.071284,Walking
640544, 0.278809, 0.942749, 0.195190, 15.991210, -20.263670, 22.155760,Walking
640564, 0.261108, 0.909790, 0.203003, 12.817380, -15.747068, 23.315424,Walking
640584, 0.247681, 0.871094, 0.193970, 9.338380, -9.460450, 24.475090,Walking
640604, 0.262817, 0.828613, 0.186523, 4.028321, -6.652830, 24.963376,Walking
640624, 0.278564, 0.813599, 0.187134, -0.915527, -7.263182, 25.024410,Walking
640644, 0.280029, 0.806274, 0.191040, -3.967285, -10.620116, 24.536130,Walking
640664, 0.261963, 0.810181, 0.198730, -6.225584, -15.014646, 22.399900,Walking
640684, 0.254272, 0.810669, 0.198242, -5.981444, -17.761230, 19.531250,Walking
640704, 0.219605, 0.817139, 0.187134, -5.676268, -14.648436, 15.075680,Walking
640724, 0.228149, 0.839844, 0.182129, -4.272462, -7.995604, 9.948730,Walking
640744, 0.247559, 0.885010, 0.185181, -2.502442, -1.647949, 4.760742,Walking
640764, 0.282105, 0.944214, 0.187866, 0.976562, 2.685546, 0.793457,Walking
640784, 0.333496, 1.009522, 0.172852, 3.051757, 4.089356, -2.075196,Walking
640804, 0.344360, 1.071656, 0.155151, 5.126952, 5.004884, -2.868652,Walking
640824, 0.307373, 1.105347, 0.174438, 5.615234, 10.375976, -3.723144,Walking
640844, 0.303955, 1.238770, 0.186890, 1.159668, 18.188480, -3.051757,Walking
640864, 0.323120, 1.260498, 0.150391, 8.544924, 26.000970, -2.868652,Walking
640884, 0.411865, 1.215576, 0.092529, 5.310058, 35.644540, -11.413570,Walking
640904, 0.479736, 1.047486, 0.047485, 12.084960, 22.949216, -20.996090,Walking
640924, 0.435181, 0.839600, 0.015259, 11.718748, 12.390136, -31.555170,Walking
640944, 0.411743, 0.689820, -0.007080, 8.300784, 11.535644, -36.560060,Walking
640964, 0.464600, 0.649536, -0.030518, 0.854492, -1.037598, -37.719730,Walking
640984, 0.389038, 0.686402, -0.020752, -2.075196, -12.451170, -32.592780,Walking
641004, 0.335816, 0.722900, -0.004395, 0.854492, -9.887696, -26.550290,Walking
641024, 0.297974, 0.759522, -0.015137, 6.408690, 3.784179, -24.291990,Walking
641044, 0.298706, 0.803101, -0.013306, 9.277344, 19.775390, -22.399900,Walking
641064, 0.315674, 0.906372, 0.013428, 9.338380, 34.118660, -21.057124,Walking
641084, 0.365479, 1.034668, 0.040894, 8.666994, 44.799800, -20.568840,Walking
641104, 0.512573, 1.146851, 0.011841, 15.869140, 51.391590, -27.526850,Walking
641124, 0.521851, 1.044922, -0.006226, 20.568840, 45.837400, -36.132820,Walking
641144, 0.541382, 0.933838, 0.001587, 18.371584, 32.043460, -43.029780,Walking
641164, 0.535889, 0.839478, 0.021484, 12.939450, 14.160152, -41.809080,Walking
641184, 0.521118, 0.798096, 0.025757, 6.652830, 1.098633, -38.879400,Walking
641204, 0.517334, 0.815674, 0.029785, 2.014160, -2.197266, -35.827640,Walking
641224, 0.485230, 0.813354, 0.031250, 4.150392, -3.784179, -28.747552,Walking
641244, 0.448730, 0.809326, 0.036987, 2.746581, 0.915527, -20.935052,Walking
641264, 0.453125, 0.820190, 0.042480, 3.173828, 8.972170, -14.831540,Walking
641284, 0.446167, 0.813232, 0.038696, 1.098633, 16.235352, -7.812498,Walking
641304, 0.484985, 0.844849, 0.036987, -0.549316, 19.470220, -4.760742,Walking
641324, 0.500977, 0.860230, 0.048828, -2.075196, 18.737796, -6.103514,Walking
641344, 0.518799, 0.845581, 0.047729, -4.699708, 15.258788, -4.699708,Walking
641364, 0.541992, 0.828369, 0.041260, -9.887696, 5.249022, -2.380371,Walking
641384, 0.531738, 0.850830, 0.029053, -14.709470, -5.920409, -0.244141,Walking
641404, 0.519531, 0.878174, 0.032837, -17.578130, -15.930172, 2.685546,Walking
641424, 0.485108, 0.904541, 0.039307, -19.775390, -23.559568, 6.042480,Walking
641444, 0.470581, 0.971558, 0.061157, -24.353020, -29.296870, 9.460450,Walking
641464, 0.508911, 1.207276, 0.081177, -32.226570, -34.179700, 14.404296,Walking
641484, 0.498657, 1.468262, 0.084229, -25.024410, -33.264160, 20.019532,Walking
641504, 0.382080, 1.343262, 0.111328, -4.882814, -23.681636, 18.920900,Walking
641524, 0.368652, 1.123291, 0.099121, -0.976562, -10.986324, 16.113284,Walking
641544, 0.382935, 0.973267, 0.064087, -5.920409, -8.605960, 22.949216,Walking
641564, 0.387695, 0.892456, 0.063965, -14.465330, -7.202148, 31.738280,Walking
641584, 0.383911, 0.855225, 0.060181, -21.240230, -10.864256, 37.902840,Walking
641604, 0.375855, 0.839844, 0.052490, -24.719230, -15.014646, 43.151840,Walking
641624, 0.340210, 0.831909, 0.059570, -26.489250, -18.066410, 47.363270,Walking
641644, 0.303345, 0.854736, 0.082275, -26.672360, -18.615724, 51.879880,Walking
641664, 0.271606, 0.898682, 0.097778, -25.634760, -15.441892, 57.189930,Walking
641684, 0.269043, 1.012696, 0.123657, -24.963376, -11.108396, 60.058580,Walking
641704, 0.222656, 1.180908, 0.139893, -16.479492, -0.976562, 61.035140,Walking
641724, 0.165405, 1.214966, 0.144409, 1.708984, 17.272950, 58.105460,Walking
641744, 0.159424, 1.076782, 0.135254, 15.197750, 36.865240, 51.452620,Walking
641764, 0.208130, 0.915039, 0.137451, 17.456060, 48.400870, 42.053220,Walking
641784, 0.222900, 0.862183, 0.141846, 14.648436, 48.339840, 39.184580,Walking
641804, 0.252441, 0.828613, 0.143066, 10.742184, 42.297360, 35.217290,Walking
641824, 0.277954, 0.840088, 0.146851, 7.934570, 31.249992, 29.968260,Walking
641844, 0.268188, 0.858398, 0.163574, 9.887696, 21.240230, 23.498530,Walking
641864, 0.247314, 0.888672, 0.185913, 13.000484, 16.296390, 15.869140,Walking
641884, 0.218140, 0.929810, 0.200439, 19.104010, 16.113284, 9.643556,Walking
641904, 0.201172, 0.946900, 0.212280, 25.878900, 21.118160, 3.417968,Walking
641924, 0.191406, 0.968018, 0.225098, 32.104500, 29.357908, -3.967285,Walking
641944, 0.205566, 0.982056, 0.234619, 37.841800, 38.085940, -12.145992,Walking
641964, 0.226929, 0.984131, 0.239868, 42.968740, 43.701160, -20.935052,Walking
641984, 0.260498, 0.945923, 0.233154, 49.377430, 48.034660, -33.020020,Walking
642004, 0.294434, 0.938965, 0.223267, 49.438460, 45.471180, -38.940440,Walking
642024, 0.317627, 0.950440, 0.221802, 48.706040, 39.245610, -41.015620,Walking
642044, 0.301270, 0.975342, 0.224121, 48.767080, 34.667980, -41.076650,Walking
642064, 0.288696, 0.999146, 0.217773, 50.720200, 35.156260, -39.733900,Walking
642084, 0.290161, 1.023926, 0.194336, 52.734360, 37.597660, -37.536620,Walking
642104, 0.265503, 1.043702, 0.198364, 55.541980, 43.701160, -34.240730,Walking
642124, 0.238159, 1.065918, 0.205200, 60.791000, 57.495110, -30.090330,Walking
642144, 0.248169, 1.052734, 0.198486, 66.284200, 76.171900, -26.794430,Walking
642164, 0.258545, 1.071289, 0.209717, 69.458020, 90.209940, -21.606440,Walking
642184, 0.245117, 1.089112, 0.215698, 73.425300, 103.210440, -14.526364,Walking
642204, 0.263550, 1.083862, 0.216919, 77.148440, 123.779280, -5.371092,Walking
642224, 0.301148, 1.209961, 0.260254, 72.998060, 130.981480, 0.915527,Walking
642244, 0.271118, 1.186646, 0.250610, 83.129860, 141.357440, 4.699708,Walking
642264, 0.252564, 1.093994, 0.221680, 81.481900, 158.264200, 3.784179,Walking
642284, 0.287598, 1.023194, 0.174194, 80.383280, 173.034600, 3.967285,Walking
642304, 0.306641, 0.909790, 0.140381, 74.523940, 182.312000, 5.004884,Walking
642324, 0.379639, 0.819092, 0.134399, 66.589360, 178.649840, 6.774902,Walking
642344, 0.425537, 0.757324, 0.141357, 59.875480, 162.475520, 10.253904,Walking
642364, 0.430786, 0.719116, 0.139526, 54.626460, 143.249520, 12.145992,Walking
642384, 0.426025, 0.721558, 0.119263, 50.659170, 125.610320, 13.122556,Walking
642404, 0.413086, 0.772217, 0.106567, 47.363270, 114.257800, 12.695310,Walking
642424, 0.381348, 0.858276, 0.092896, 48.217760, 115.478500, 10.620116,Walking
642444, 0.381836, 0.884522, 0.100098, 50.598140, 120.910640, 8.972170,Walking
642464, 0.386475, 0.889404, 0.113770, 53.344720, 122.863760, 7.812498,Walking
642484, 0.389526, 0.884766, 0.119995, 54.138180, 127.929680, 7.385252,Walking
642504, 0.406982, 0.862915, 0.127930, 53.894040, 131.591800, 6.042480,Walking
642524, 0.433106, 0.847778, 0.145386, 52.856440, 131.591800, 3.967285,Walking
642544, 0.435059, 0.842652, 0.154663, 51.025380, 129.760760, 2.563476,Walking
642564, 0.440796, 0.850952, 0.157471, 49.255360, 129.577680, 1.281738,Walking
642584, 0.443237, 0.854980, 0.155518, 47.119130, 129.882840, 0.305176,Walking
642604, 0.426636, 0.852905, 0.154541, 45.349110, 131.958040, 0.549316,Walking
642624, 0.433960, 0.835816, 0.156616, 42.541500, 132.141160, 1.525878,Walking
642644, 0.466919, 0.806152, 0.164063, 36.132820, 122.375480, 2.746581,Walking
642664, 0.467041, 0.817993, 0.160400, 31.555170, 113.647440, 2.563476,Walking
642684, 0.465820, 0.832642, 0.148560, 28.869624, 108.093240, 0.915527,Walking
642704, 0.503906, 0.850342, 0.146118, 26.367180, 98.205560, -2.441407,Walking
642724, 0.490479, 0.857910, 0.155640, 24.841304, 86.975080, -4.943848,Walking
642744, 0.482422, 0.850464, 0.151855, 23.315424, 76.843260, -6.286620,Walking
642764, 0.493530, 0.845581, 0.154053, 19.653320, 64.636240, -5.493162,Walking
642784, 0.436035, 0.870362, 0.155884, 17.272950, 58.105460, -3.906249,Walking
642804, 0.433228, 0.884278, 0.161743, 16.723632, 54.504380, -4.577638,Walking
642824, 0.449707, 0.882080, 0.135742, 14.343260, 50.415030, -6.835936,Walking
642844, 0.474365, 0.875366, 0.111450, 11.291500, 50.231920, -10.070800,Walking
642864, 0.458252, 0.845337, 0.174194, 7.446288, 48.828120, -15.075680,Walking
642884, 0.485108, 0.826050, 0.190674, 4.028321, 44.677720, -17.272950,Walking
642904, 0.521118, 0.828003, 0.130127, -2.441407, 43.273920, -18.371584,Walking
642924, 0.523560, 0.957520, 0.165894, -8.605960, 40.832510, -15.502928,Walking
642944, 0.526856, 1.063232, 0.195435, -1.525878, 44.433580, -12.817380,Walking
642964, 0.502320, 0.986328, 0.215942, 10.192870, 51.269520, -15.136716,Walking
642984, 0.530029, 0.925537, 0.209717, 12.084960, 52.917470, -15.930172,Walking
643004, 0.535767, 0.909424, 0.178711, 13.610836, 49.560540, -12.084960,Walking
643024, 0.545166, 0.849976, 0.144531, 8.911134, 49.621580, -7.019042,Walking
643044, 0.573486, 0.898194, 0.120483, 2.807617, 49.377430, -0.488281,Walking
643064, 0.572388, 0.941406, 0.134155, 1.037598, 43.762200, 8.239746,Walking
643084, 0.482178, 1.000854, 0.161743, 1.403808, 37.536620, 21.301268,Walking
643104, 0.433838, 0.997681, 0.159302, 3.173828, 41.809080, 28.137200,Walking
643124, 0.406006, 1.023560, 0.163940, 4.516602, 47.302240, 31.982420,Walking
643144, 0.377441, 1.009278, 0.174194, 7.812498, 54.443350, 34.423840,Walking
643164, 0.384644, 0.969482, 0.181641, 10.559080, 59.509270, 33.203130,Walking
643184, 0.403564, 0.909424, 0.179688, 13.061520, 58.471670, 30.822750,Walking
643204, 0.415405, 0.857910, 0.165039, 12.756344, 50.598140, 29.663080,Walking
643224, 0.400024, 0.829956, 0.167236, 11.413570, 43.090810, 30.090330,Walking
643244, 0.365723, 0.846314, 0.180420, 11.596676, 40.527340, 31.127924,Walking
643264, 0.363159, 0.873657, 0.194214, 13.610836, 39.611820, 32.531740,Walking
643284, 0.343140, 0.901123, 0.196411, 16.174320, 39.917000, 33.508300,Walking
643304, 0.327148, 0.925049, 0.197876, 19.958500, 45.776360, 34.057620,Walking
643324, 0.309326, 0.923706, 0.193237, 22.033690, 51.696770, 33.386240,Walking
643344, 0.313477, 0.900146, 0.202148, 22.705070, 57.373040, 32.714850,Walking
643364, 0.332886, 0.889771, 0.209106, 22.094720, 58.227530, 31.005852,Walking
643384, 0.342896, 0.885742, 0.208130, 21.545408, 54.931630, 29.479976,Walking
643404, 0.341675, 0.883423, 0.203613, 20.629880, 49.438460, 26.855464,Walking
643424, 0.335693, 0.887329, 0.198730, 21.667476, 44.982900, 23.071284,Walking
643444, 0.330688, 0.882080, 0.193115, 22.033690, 41.320790, 18.798830,Walking
643464, 0.325684, 0.892090, 0.191528, 23.864740, 38.452160, 14.465330,Walking
643484, 0.319946, 0.902710, 0.192017, 26.245110, 37.048340, 10.803220,Walking
643504, 0.317871, 0.925659, 0.187988, 29.602044, 37.292480, 7.934570,Walking
643524, 0.322388, 0.926880, 0.187622, 34.301760, 37.414560, 3.479003,Walking
643544, 0.326050, 0.941528, 0.193481, 37.353520, 37.292480, -0.549316,Walking
643564, 0.356323, 0.971192, 0.187256, 38.696300, 35.766600, -4.455568,Walking
643584, 0.350708, 1.026123, 0.185547, 39.733900, 33.935560, -6.164550,Walking
643604, 0.315064, 1.123047, 0.221802, 37.475590, 38.146980, -6.591796,Walking
643624, 0.332520, 1.280396, 0.226685, 39.978040, 42.846670, -5.126952,Walking
643644, 0.303345, 1.234497, 0.216309, 48.583980, 51.452620, -9.460450,Walking
643664, 0.317871, 1.141846, 0.182617, 52.062980, 62.438960, -17.272950,Walking
643684, 0.344238, 1.041382, 0.168579, 53.710930, 67.138680, -24.536130,Walking
643704, 0.368164, 0.929566, 0.173340, 54.321280, 66.101100, -28.137200,Walking
643724, 0.402344, 0.817749, 0.155151, 49.804680, 59.875480, -29.541010,Walking
643744, 0.417725, 0.686890, 0.120972, 43.579090, 42.419420, -30.639640,Walking
643764, 0.414673, 0.615234, 0.093994, 38.391120, 30.578610, -32.043460,Walking
643784, 0.428833, 0.601929, 0.075684, 30.395500, 21.179192, -33.386240,Walking
643804, 0.428955, 0.673950, 0.086792, 21.850580, 16.174320, -32.165540,Walking
643824, 0.444946, 0.805298, 0.107300, 16.784670, 12.817380, -29.479976,Walking
643844, 0.423584, 0.950318, 0.145874, 16.540530, 11.413570, -27.160640,Walking
643864, 0.421143, 1.025391, 0.149780, 20.751950, 15.686032, -24.108880,Walking
643884, 0.396606, 0.994751, 0.116333, 24.169920, 28.320310, -22.583000,Walking
643904, 0.415283, 0.913208, 0.061646, 21.667476, 41.625960, -20.080560,Walking
643924, 0.428467, 0.815186, 0.025513, 14.282224, 48.461900, -15.197750,Walking
643944, 0.453613, 0.754883, 0.031982, 3.662109, 49.682610, -8.544924,Walking
643964, 0.534790, 0.750000, 0.040894, -8.666994, 39.733900, -0.427246,Walking
643984, 0.524292, 0.775635, 0.037231, -11.962890, 29.296870, 2.197266,Walking
644004, 0.509888, 0.802490, 0.026611, -13.488768, 23.010250, 3.967285,Walking
644024, 0.490601, 0.834839, 0.016724, -14.038084, 21.667476, 5.859374,Walking
644044, 0.456177, 0.850586, 0.021729, -12.939450, 24.414060, 7.690428,Walking
644064, 0.462646, 0.854980, 0.022461, -12.573240, 27.770990, 9.277344,Walking
644084, 0.482300, 0.850342, 0.006592, -11.962890, 27.587884, 9.704590,Walking
644104, 0.495606, 0.840698, 0.000610, -12.817380, 26.428220, 8.972170,Walking
644124, 0.522949, 0.842896, 0.005615, -15.075680, 21.423332, 7.019042,Walking
644144, 0.554321, 0.879761, 0.020752, -18.493652, 12.817380, 5.737304,Walking
644164, 0.569458, 0.952148, 0.036987, -19.104010, -0.183105, 3.723144,Walking
644184, 0.505005, 1.042236, 0.038696, -16.540530, -7.385252, 3.540038,Walking
644204, 0.492188, 1.070312, 0.055420, -14.709470, -6.835936, 3.906249,Walking
644224, 0.525513, 1.185425, 0.090210, -18.554690, -7.934570, 5.615234,Walking
644244, 0.563354, 1.335083, 0.095459, -14.831540, -11.413570, 8.728030,Walking
644264, 0.527344, 1.311646, 0.058228, -4.089356, -10.986324, 9.826660,Walking
644284, 0.467529, 1.137207, 0.045654, 0.854492, -12.695310, 9.399414,Walking
644304, 0.508789, 0.999024, 0.084473, -7.202148, -16.418460, 13.244628,Walking
644324, 0.536255, 0.972168, 0.091919, -15.441892, -23.986810, 20.080560,Walking
644344, 0.499512, 0.918457, 0.099854, -20.935052, -28.076170, 27.282710,Walking
644364, 0.491455, 0.874146, 0.093018, -23.559568, -28.442380, 31.494136,Walking
644384, 0.469116, 0.807129, 0.092896, -23.620600, -31.005852, 33.691410,Walking
644404, 0.411621, 0.816040, 0.124512, -25.695796, -40.649400, 38.269050,Walking
644424, 0.374268, 0.854858, 0.151855, -23.254390, -44.189440, 39.672860,Walking
644444, 0.348511, 0.915405, 0.174683, -19.348150, -41.931140, 37.963880,Walking
644464, 0.361938, 0.994141, 0.172607, -11.413570, -38.818360, 33.630380,Walking
644484, 0.356567, 1.000610, 0.183594, -0.061035, -36.987310, 26.855464,Walking
644504, 0.313965, 0.952148, 0.197632, 8.850100, -30.578610, 19.287110,Walking
644524, 0.307251, 0.892700, 0.201050, 14.953610, -23.315424, 13.916012,Walking
644544, 0.295166, 0.836914, 0.186279, 16.540530, -22.094720, 12.451170,Walking
644564, 0.297730, 0.795410, 0.184692, 12.573240, -21.545408, 14.343260,Walking
644584, 0.309448, 0.797974, 0.182495, 6.408690, -21.484370, 16.662600,Walking
644624, 0.278198, 0.833862, 0.177856, -0.488281, -14.648436, 18.249516,Walking
644644, 0.273193, 0.829956, 0.182617, -1.281738, -10.742184, 17.211920,Walking
644664, 0.267212, 0.836060, 0.176147, -2.502442, -7.873534, 16.113284,Walking
644684, 0.269898, 0.845337, 0.151978, -2.685546, -4.577638, 14.404296,Walking
644704, 0.286377, 0.850098, 0.135132, -2.624511, -1.831054, 11.230468,Walking
644724, 0.298340, 0.878052, 0.133179, -2.685546, 0.244141, 8.056642,Walking
644744, 0.290283, 0.902100, 0.141846, -1.037598, 2.136231, 5.493162,Walking
644764, 0.288086, 0.961548, 0.140381, -1.586914, 4.943848, 4.211426,Walking
644784, 0.281616, 1.058838, 0.116333, -0.244141, 11.352536, 4.699708,Walking
644804, 0.286255, 1.123658, 0.098877, 2.868652, 19.775390, 4.089356,Walking
644824, 0.283447, 1.126587, 0.120728, 9.277344, 27.465816, 0.549316,Walking
644844, 0.338745, 1.207276, 0.146362, 13.732908, 36.682140, -8.239746,Walking
644864, 0.358032, 1.153931, 0.130005, 22.583000, 39.245610, -17.517090,Walking
644884, 0.371948, 1.121948, 0.106445, 25.695796, 43.701160, -29.602044,Walking
644904, 0.395020, 1.005005, 0.074829, 34.790040, 46.020500, -39.794920,Walking
644924, 0.419312, 0.847046, 0.057983, 33.996590, 43.823240, -49.255360,Walking
644944, 0.474365, 0.777710, 0.047729, 30.883784, 31.066890, -53.527820,Walking
644964, 0.490234, 0.759888, 0.047363, 26.367180, 17.089850, -51.452620,Walking
644984, 0.421265, 0.733521, 0.053345, 24.841304, 9.155274, -47.668440,Walking
645005, 0.379395, 0.739258, 0.052612, 21.362300, 9.765626, -43.945300,Walking
645025, 0.359985, 0.817993, 0.061401, 17.578130, 13.732908, -39.062500,Walking
645045, 0.376831, 0.961426, 0.101196, 17.517090, 23.254390, -33.874520,Walking
645065, 0.407227, 1.041870, 0.113281, 21.301268, 30.029290, -33.935560,Walking
645085, 0.437134, 1.040162, 0.102539, 25.939940, 33.996590, -36.254890,Walking
645105, 0.462280, 0.978150, 0.084473, 27.099608, 32.470710, -38.940440,Walking
645125, 0.461182, 0.874390, 0.078247, 24.047850, 24.536130, -41.442860,Walking
645145, 0.476074, 0.808106, 0.067749, 16.967780, 15.258788, -39.367680,Walking
645165, 0.472290, 0.770752, 0.064941, 8.178714, 6.347656, -33.142100,Walking
645185, 0.437500, 0.767700, 0.065674, 0.671386, 0.732422, -23.864740,Walking
645205, 0.420654, 0.787598, 0.062744, -3.601074, 0.183105, -15.075680,Walking
645225, 0.387573, 0.806885, 0.060669, -5.310058, 3.540038, -7.995604,Walking
645245, 0.392944, 0.827148, 0.057617, -5.065916, 9.704590, -3.234863,Walking
645265, 0.420532, 0.835571, 0.058716, -3.784179, 16.601568, -0.976562,Walking
645285, 0.451538, 0.837036, 0.057007, -3.845214, 17.272950, -0.183105,Walking
645305, 0.461548, 0.833496, 0.056152, -4.516602, 14.587400, 0.488281,Walking
645325, 0.472046, 0.837524, 0.050415, -6.652830, 10.498044, 0.793457,Walking
645345, 0.501343, 0.842652, 0.048340, -10.009768, 2.929687, 1.281738,Walking
645365, 0.522095, 0.884033, 0.054199, -14.648436, -6.408690, 2.197266,Walking
645385, 0.530152, 0.959595, 0.059814, -17.517090, -15.319820, 4.394532,Walking
645405, 0.514893, 1.025269, 0.064209, -18.493652, -21.606440, 7.446288,Walking
645425, 0.482666, 1.078858, 0.071167, -17.395020, -22.216790, 11.474608,Walking
645445, 0.442871, 1.138062, 0.096191, -18.981940, -16.967780, 16.113284,Walking
645485, 0.451782, 1.261841, 0.083374, -8.972170, 5.554198, 25.268550,Walking
645505, 0.466431, 1.179444, 0.095337, -4.150392, 11.596676, 23.254390,Walking
645525, 0.477783, 1.073364, 0.094604, 0.122070, 11.474608, 19.653320,Walking
645545, 0.490356, 0.920410, 0.084106, 1.403808, 5.249022, 16.113284,Walking
645565, 0.495239, 0.803589, 0.067017, -2.990722, -4.211426, 14.831540,Walking
645585, 0.477417, 0.752320, 0.071411, -7.385252, -13.549804, 16.601568,Walking
645605, 0.450806, 0.729126, 0.098755, -11.413570, -22.521970, 19.897460,Walking
645625, 0.472534, 0.805176, 0.115845, -17.395020, -33.752440, 24.291990,Walking
645645, 0.450195, 0.924072, 0.126709, -19.775390, -45.959460, 29.418940,Walking
645665, 0.420898, 1.069092, 0.149048, -18.981940, -52.734360, 32.714850,Walking
645685, 0.368042, 1.164307, 0.165894, -11.169430, -52.978500, 34.362800,Walking
645705, 0.285156, 1.084106, 0.155396, 1.159668, -39.550780, 32.165540,Walking
645725, 0.280518, 0.985474, 0.148926, 2.746581, -29.663080, 31.066890,Walking
645745, 0.302124, 0.919434, 0.150635, -1.770019, -24.658200, 33.447270,Walking
645765, 0.315186, 0.888550, 0.160400, -5.371092, -23.559568, 36.254890,Walking
645785, 0.305542, 0.871094, 0.162842, -6.469726, -23.803708, 38.085940,Walking
645805, 0.303345, 0.850586, 0.158936, -5.737304, -26.000970, 38.879400,Walking
645825, 0.257935, 0.818360, 0.153809, -5.371092, -25.390620, 39.428720,Walking
645845, 0.227539, 0.793457, 0.147217, -6.103514, -19.836430, 40.283200,Walking
645885, 0.224976, 0.813843, 0.150147, -8.117676, -4.638672, 40.771480,Walking
645905, 0.230957, 0.828247, 0.158814, -5.126952, 0.610352, 36.438000,Walking
645925, 0.272339, 0.816162, 0.146606, -0.061035, 4.333496, 25.939940,Walking
645945, 0.303711, 0.860352, 0.133545, -0.976562, 2.258301, 20.263670,Walking
645965, 0.289063, 0.937012, 0.130615, -1.281738, 0.793457, 17.272950,Walking
645985, 0.273438, 1.008057, 0.135620, 1.220704, 3.356933, 15.136716,Walking
646005, 0.265625, 1.096680, 0.171631, 0.244141, 10.498044, 12.145992,Walking
646025, 0.266724, 1.284546, 0.190674, 2.990722, 17.395020, 11.169430,Walking
646045, 0.229980, 1.323853, 0.180786, 13.977050, 32.165540, 6.408690,Walking
646065, 0.254395, 1.220581, 0.131836, 23.986810, 51.635740, -3.967285,Walking
646085, 0.327148, 1.051514, 0.109131, 29.357908, 60.791000, -18.859868,Walking
646105, 0.388184, 0.965332, 0.097900, 29.724120, 59.265120, -30.517570,Walking
646125, 0.421143, 0.891724, 0.087280, 31.188960, 52.368160, -38.269050,Walking
646145, 0.436646, 0.740112, 0.046387, 30.273430, 37.719730, -44.128410,Walking
646165, 0.426514, 0.661011, 0.031860, 25.268550, 27.954100, -44.067380,Walking
646185, 0.392944, 0.670166, 0.036987, 17.822270, 23.254390, -40.405260,Walking
646205, 0.355347, 0.739746, 0.059326, 12.878416, 23.620600, -34.606940,Walking
646225, 0.346802, 0.844482, 0.074951, 9.826660, 29.418940, -29.296870,Walking
646245, 0.395996, 0.982178, 0.071289, 10.986324, 35.705570, -28.869624,Walking
646265, 0.414673, 1.059570, 0.055786, 16.479492, 39.062500, -32.531740,Walking
646285, 0.385864, 1.056519, 0.044434, 23.132320, 46.203600, -39.672860,Walking
646305, 0.445435, 1.005371, 0.054810, 29.174800, 49.926750, -47.973620,Walking
646325, 0.490845, 0.886353, 0.076782, 29.846190, 41.259760, -53.710930,Walking
646345, 0.494019, 0.829346, 0.059692, 25.939940, 31.494136, -56.091300,Walking
646365, 0.545532, 0.792114, 0.018677, 18.920900, 16.967780, -55.969230,Walking
646385, 0.515503, 0.781982, 0.024170, 14.770504, 9.521484, -54.016100,Walking
646405, 0.499756, 0.799072, 0.042480, 11.901852, 4.333496, -50.354000,Walking
646425, 0.501465, 0.824219, 0.051758, 9.460450, 1.159668, -44.982900,Walking
646445, 0.480591, 0.851440, 0.048828, 7.629394, 3.173828, -38.757330,Walking
646465, 0.476074, 0.864990, 0.045288, 6.591796, 9.399414, -33.569340,Walking
646485, 0.514893, 0.871338, 0.049072, 4.333496, 12.756344, -30.273430,Walking
646505, 0.549927, 0.888062, 0.054077, 0.854492, 10.009768, -27.160640,Walking
646525, 0.577759, 0.902954, 0.059692, -1.770019, 2.807617, -23.864740,Walking
646545, 0.573608, 0.909790, 0.062134, -4.516602, -5.126952, -20.568840,Walking
646565, 0.564697, 0.907349, 0.061523, -6.774902, -11.779784, -15.747068,Walking
646585, 0.533692, 1.002076, 0.089355, -19.348150, -20.202630, -4.577638,Walking
646605, 0.552612, 1.201904, 0.124878, -23.986810, -23.437492, 6.652830,Walking
646625, 0.522217, 1.349732, 0.133667, -17.517090, -20.446770, 14.038084,Walking
646645, 0.432861, 1.249634, 0.128296, -4.516602, -12.084960, 17.639160,Walking
646665, 0.394165, 1.061280, 0.103394, -5.981444, -3.417968, 23.071284,Walking
646685, 0.413452, 0.956299, 0.076538, -16.540530, -3.540038, 32.958990,Walking
646705, 0.422852, 0.917358, 0.086548, -28.625480, -7.873534, 43.151840,Walking
646725, 0.428711, 0.916504, 0.097656, -34.423840, -16.662600, 48.889150,Walking
646745, 0.415894, 0.903320, 0.113281, -35.522460, -25.817870, 50.048820,Walking
646765, 0.387940, 0.904907, 0.118530, -35.339360, -33.447270, 49.804680,Walking
646785, 0.346680, 0.905518, 0.128418, -33.752440, -37.414560, 49.438460,Walking
646805, 0.312622, 0.933594, 0.137695, -30.517570, -34.362800, 48.645010,Walking
646825, 0.285889, 0.959351, 0.151123, -26.184080, -31.372068, 47.973620,Walking
646845, 0.276611, 1.019043, 0.163696, -21.728510, -28.869624, 45.593250,Walking
646865, 0.286743, 1.064454, 0.174927, -13.366696, -27.954100, 41.259760,Walking
646885, 0.281494, 1.057862, 0.180542, -5.432128, -25.573724, 35.644540,Walking
646905, 0.237793, 1.033692, 0.188721, 2.563476, -20.507810, 30.883784,Walking
646925, 0.199585, 0.950684, 0.185425, 7.507323, -11.169430, 27.893060,Walking
646945, 0.218018, 0.878296, 0.170288, 5.981444, -3.784179, 26.367180,Walking
646965, 0.240723, 0.848755, 0.164063, 0.793457, -1.342773, 25.451652,Walking
646985, 0.273193, 0.875977, 0.165894, -4.150392, -2.014160, 25.085448,Walking
647005, 0.260132, 0.912720, 0.178345, -3.906249, -5.126952, 24.353020,Walking
647025, 0.239258, 0.909302, 0.176758, 1.098633, -5.249022, 19.714360,Walking
647045, 0.232422, 0.910400, 0.174805, 3.417968, -3.906249, 16.052250,Walking
647065, 0.225952, 0.940674, 0.179565, 4.333496, -0.610352, 12.756344,Walking
647085, 0.219116, 0.997803, 0.187378, 7.690428, 5.432128, 9.155274,Walking
647105, 0.211792, 0.995239, 0.195801, 14.648436, 13.122556, 3.356933,Walking
647125, 0.239014, 0.978272, 0.187500, 18.554690, 18.920900, -3.784179,Walking
647145, 0.270386, 0.966187, 0.172241, 20.019532, 20.629880, -9.155274,Walking
647165, 0.284424, 0.968750, 0.161255, 19.226080, 20.080560, -12.023924,Walking
647185, 0.273193, 0.970825, 0.156860, 19.470220, 20.812980, -12.390136,Walking
647205, 0.280762, 0.947876, 0.148193, 20.446770, 21.911620, -12.390136,Walking
647225, 0.286987, 0.942749, 0.139038, 19.775390, 21.606440, -12.145992,Walking
647245, 0.279907, 0.978394, 0.130859, 21.179192, 24.230950, -9.948730,Walking
647265, 0.280151, 0.994507, 0.139893, 24.902340, 28.442380, -8.361816,Walking
647285, 0.245972, 1.008301, 0.158325, 29.663080, 35.461430, -6.286620,Walking
647305, 0.217041, 1.040284, 0.173340, 34.790040, 45.471180, -2.563476,Walking
647325, 0.195557, 1.074952, 0.177246, 40.100100, 57.434080, 3.234863,Walking
647345, 0.177124, 1.088379, 0.187500, 45.898430, 72.692880, 8.605960,Walking
647365, 0.183472, 1.125122, 0.208130, 49.865720, 88.928200, 11.840818,Walking
647385, 0.174438, 1.208130, 0.244629, 54.809560, 105.346660, 13.366696,Walking
647405, 0.192261, 1.222046, 0.256104, 65.673840, 119.323700, 12.268064,Walking
647425, 0.208252, 1.140747, 0.250488, 73.120140, 131.286640, 6.652830,Walking
647445, 0.250732, 1.042480, 0.219849, 75.256360, 138.183600, 1.831054,Walking
647465, 0.328491, 0.908692, 0.160522, 67.749040, 133.239760, -1.647949,Walking
647485, 0.365967, 0.854004, 0.135010, 62.438960, 121.765120, -3.295898,Walking
647505, 0.412964, 0.829224, 0.110107, 58.349600, 105.895980, -4.821778,Walking
647525, 0.419434, 0.855469, 0.096436, 56.213370, 89.904760, -4.089356,Walking
647545, 0.343750, 0.904419, 0.125244, 59.448240, 84.838860, 0.061035,Walking
647565, 0.281982, 0.911255, 0.166016, 64.636240, 91.674800, 5.798338,Walking
647585, 0.310425, 0.928223, 0.131226, 67.321800, 104.187000, 11.901852,Walking
647605, 0.341675, 0.941895, 0.106812, 68.359400, 118.469220, 17.822270,Walking
647625, 0.343506, 0.941284, 0.119507, 69.152840, 135.131840, 22.827140,Walking
647645, 0.400024, 0.931641, 0.138916, 72.082540, 147.583040, 21.667476,Walking
647665, 0.445679, 0.888184, 0.165405, 75.317400, 148.254400, 18.127448,Walking
647685, 0.443604, 0.809448, 0.171631, 75.317400, 136.779800, 14.038084,Walking
647705, 0.430298, 0.782349, 0.168213, 74.462900, 130.371100, 11.779784,Walking
647725, 0.407227, 0.759155, 0.169922, 73.242200, 125.427240, 9.338380,Walking
647745, 0.386353, 0.755127, 0.181274, 71.533200, 123.413080, 7.019042,Walking
647765, 0.359741, 0.763794, 0.196533, 71.167000, 125.305160, 5.249022,Walking
647785, 0.340698, 0.759766, 0.214722, 71.289060, 128.479000, 3.845214,Walking
647805, 0.340942, 0.761597, 0.224731, 70.007340, 131.652840, 2.746581,Walking
647825, 0.351440, 0.774170, 0.236694, 67.626960, 133.850100, 2.441407,Walking
647845, 0.324707, 0.801026, 0.273071, 65.673840, 140.014700, 1.892090,Walking
647865, 0.351807, 0.828369, 0.298096, 63.659660, 149.292000, 0.549316,Walking
647885, 0.420044, 0.855225, 0.302246, 60.852040, 151.001000, -1.403808,Walking
647905, 0.420044, 0.879639, 0.298462, 54.199210, 148.681680, -3.173828,Walking
647925, 0.457520, 0.887818, 0.294067, 49.316400, 143.554700, -4.455568,Walking
647945, 0.491333, 0.883057, 0.284668, 44.555660, 132.629400, -6.713866,Walking
647965, 0.517212, 0.861938, 0.267578, 40.344230, 117.797840, -9.826660,Walking
647985, 0.500000, 0.836548, 0.243042, 35.705570, 106.201160, -13.305660,Walking
648005, 0.517456, 0.820801, 0.208008, 30.700680, 96.923800, -16.174320,Walking
648025, 0.545776, 0.827271, 0.177002, 23.132320, 86.547840, -17.883300,Walking
648045, 0.573486, 0.881592, 0.153320, 16.967780, 74.218760, -18.249516,Walking
648065, 0.659912, 0.969849, 0.145142, 13.977050, 55.175770, -20.324700,Walking
648085, 0.614624, 1.041992, 0.144409, 16.906740, 35.705570, -22.644040,Walking
648105, 0.517578, 1.020020, 0.121948, 27.465816, 36.315920, -26.123040,Walking
648125, 0.511230, 0.930786, 0.090820, 32.409680, 38.452160, -30.273430,Walking
648145, 0.496582, 0.893677, 0.101318, 31.494136, 36.315920, -25.634760,Walking
648165, 0.411133, 0.901123, 0.120972, 29.846190, 48.034660, -20.019532,Walking
648185, 0.485596, 0.935913, 0.123901, 28.198240, 59.265120, -13.793944,Walking
648205, 0.516480, 0.989136, 0.125732, 26.367180, 61.340320, -6.042480,Walking
648225, 0.492310, 1.028442, 0.158691, 27.404780, 59.631340, 1.281738,Walking
648245, 0.444336, 1.041138, 0.183838, 28.198240, 63.293440, 7.873534,Walking
648265, 0.439453, 1.042358, 0.181763, 28.137200, 69.519040, 12.023924,Walking
648285, 0.442383, 1.018066, 0.163208, 25.512690, 70.922860, 14.648436,Walking
648305, 0.442383, 0.975342, 0.162842, 21.911620, 69.030760, 15.380856,Walking
648325, 0.446899, 0.931519, 0.182617, 18.493652, 63.720700, 15.014646,Walking
648345, 0.442505, 0.867066, 0.182251, 14.343260, 51.208480, 15.624996,Walking
648365, 0.404541, 0.833862, 0.169922, 11.779784, 39.794920, 17.333990,Walking
648385, 0.374024, 0.825073, 0.161621, 8.789064, 35.766600, 20.446770,Walking
648405, 0.347656, 0.832154, 0.160034, 7.263182, 37.780760, 23.437492,Walking
648425, 0.344971, 0.852905, 0.172730, 6.591796, 41.870110, 25.573724,Walking
648445, 0.339111, 0.872070, 0.174194, 8.422854, 45.104970, 25.756830,Walking
648465, 0.364624, 0.869873, 0.170166, 9.216310, 45.593250, 25.695796,Walking
648485, 0.372681, 0.879028, 0.162231, 9.765626, 41.625960, 24.536130,Walking
648505, 0.366943, 0.886108, 0.160889, 10.925290, 38.940440, 22.521970,Walking
648525, 0.367554, 0.878540, 0.167725, 12.451170, 34.912120, 20.690910,Walking
648545, 0.362915, 0.861938, 0.170044, 12.878416, 30.944820, 19.042970,Walking
648565, 0.355835, 0.874634, 0.150879, 10.070800, 26.062010, 18.188480,Walking
648585, 0.360718, 0.911865, 0.140137, 7.568358, 26.000970, 18.493652,Walking
648605, 0.352173, 0.938110, 0.147705, 8.056642, 25.817870, 18.554690,Walking
648625, 0.347168, 0.926148, 0.146240, 8.850100, 25.329584, 17.395020,Walking
648645, 0.350220, 0.927612, 0.141235, 7.202148, 24.230950, 16.174320,Walking
648665, 0.365723, 0.973633, 0.121826, 5.187988, 21.850580, 16.113284,Walking
648685, 0.355713, 1.002808, 0.108398, 5.126952, 20.263670, 16.052250,Walking
648705, 0.347656, 1.005249, 0.102417, 6.591796, 20.507810, 14.892576,Walking
648725, 0.346924, 1.006714, 0.104126, 6.530760, 18.798830, 12.084960,Walking
648745, 0.351318, 1.167480, 0.134399, 1.647949, 16.906740, 10.498044,Walking
648765, 0.319702, 1.298950, 0.119629, 11.413570, 22.460930, 10.070800,Walking
648785, 0.245239, 1.152466, 0.074463, 28.747552, 48.706040, -2.136231,Walking
648805, 0.284058, 1.005127, 0.048218, 35.156260, 60.791000, -12.451170,Walking
648825, 0.315430, 0.865356, 0.051025, 35.400400, 61.157220, -18.005376,Walking
648845, 0.342651, 0.790283, 0.051636, 29.663080, 55.725090, -19.287110,Walking
648865, 0.355347, 0.753052, 0.042725, 26.611320, 49.316400, -17.883300,Walking
648885, 0.341553, 0.702393, 0.028931, 23.803708, 44.189440, -17.456060,Walking
648905, 0.294190, 0.704590, 0.014526, 19.775390, 41.931140, -16.418460,Walking
648925, 0.254761, 0.749268, 0.042358, 16.967780, 46.020500, -13.793944,Walking
648945, 0.266846, 0.814087, 0.067383, 15.563964, 54.687490, -12.207030,Walking
648985, 0.361694, 0.979126, 0.082764, 17.822270, 60.668940, -16.174320,Walking
649025, 0.441650, 0.919190, 0.057861, 24.658200, 57.006820, -34.301760,Walking
649045, 0.454468, 0.839478, 0.051514, 21.972650, 50.354000, -38.085940,Walking
649065, 0.496460, 0.792236, 0.046753, 16.479492, 41.870110, -39.794920,Walking
649085, 0.495117, 0.774536, 0.041382, 12.390136, 32.653820, -39.794920,Walking
649105, 0.488648, 0.780762, 0.043457, 10.131832, 26.428220, -38.391120,Walking
649125, 0.493286, 0.813232, 0.048462, 9.155274, 22.460930, -36.499030,Walking
649145, 0.506958, 0.855103, 0.049438, 9.033204, 20.202630, -34.240730,Walking
649165, 0.526001, 0.898438, 0.055054, 8.911134, 18.737796, -31.677240,Walking
649185, 0.533447, 0.929810, 0.057129, 8.972170, 18.554690, -28.869624,Walking
649205, 0.549316, 0.938599, 0.048950, 8.361816, 19.531250, -26.000970,Walking
649225, 0.556030, 0.904785, 0.041748, 4.821778, 15.563964, -20.507810,Walking
649245, 0.551270, 0.880371, 0.033081, 0.122070, 11.047360, -15.258788,Walking
649265, 0.542236, 0.876343, 0.039673, -5.615234, 7.385252, -9.216310,Walking
649285, 0.546387, 0.916260, 0.046753, -9.460450, 6.774902, -3.356933,Walking
649305, 0.563599, 0.954712, 0.053711, -10.681150, 3.784179, 1.098633,Walking
649325, 0.542725, 0.974976, 0.060913, -10.314940, 0.732422, 4.760742,Walking
649345, 0.555786, 0.977539, 0.082764, -11.230468, -2.136231, 6.958006,Walking
649365, 0.635620, 1.105835, 0.112305, -17.028810, -13.549804, 10.498044,Walking
649385, 0.623902, 1.205444, 0.148682, -14.404296, -26.428220, 14.648436,Walking
649405, 0.624878, 1.240723, 0.164307, -11.047360, -37.475590, 15.869140,Walking
649425, 0.576416, 1.214478, 0.157715, -8.422854, -44.128410, 19.042970,Walking
649445, 0.472534, 1.049072, 0.118408, -11.230468, -41.503900, 27.893060,Walking
649465, 0.423340, 0.928711, 0.089478, -17.822270, -36.376960, 37.536620,Walking
649485, 0.435059, 0.859009, 0.094238, -26.611320, -34.973150, 49.926750,Walking
649505, 0.426270, 0.832764, 0.099365, -32.165540, -36.682140, 60.668940,Walking
649525, 0.392822, 0.871338, 0.118774, -35.949720, -39.367680, 68.481460,Walking
649545, 0.395874, 0.965088, 0.144043, -35.644540, -42.358390, 73.974620,Walking
649565, 0.343140, 1.053833, 0.167969, -32.165540, -41.748040, 76.049820,Walking
649585, 0.340332, 1.124024, 0.165772, -25.451652, -39.367680, 74.707040,Walking
649605, 0.328491, 1.116455, 0.149170, -18.310550, -34.973150, 70.251480,Walking
649625, 0.309937, 1.042847, 0.155884, -12.268064, -32.043460, 63.659660,Walking
649645, 0.280274, 0.964722, 0.168823, -9.216310, -29.113768, 57.250960,Walking
649665, 0.278564, 0.879639, 0.171753, -7.446288, -27.893060, 51.147450,Walking
649685, 0.263672, 0.851807, 0.170410, -7.629394, -28.076170, 47.912590,Walking
649705, 0.270630, 0.844604, 0.158569, -7.934570, -25.390620, 44.189440,Walking
649725, 0.267944, 0.832154, 0.154175, -7.080076, -24.475090, 39.550780,Walking
649745, 0.241577, 0.824097, 0.161743, -5.798338, -22.155760, 35.034180,Walking
649765, 0.234375, 0.816650, 0.164063, -3.906249, -17.578130, 30.944820,Walking
649785, 0.226196, 0.813721, 0.166870, -2.929687, -12.756344, 27.099608,Walking
649805, 0.227417, 0.822266, 0.157471, -1.098633, -7.446288, 22.705070,Walking
649825, 0.239014, 0.806763, 0.145630, 1.159668, -3.173828, 16.784670,Walking
649845, 0.238037, 0.801026, 0.149658, 2.502442, 0.854492, 9.155274,Walking
649865, 0.261108, 0.807129, 0.156982, 4.272462, 3.601074, 1.037598,Walking
649885, 0.305542, 0.885864, 0.147217, 5.004884, 2.380371, -9.704590,Walking
649905, 0.298462, 0.948486, 0.151489, 6.835936, 3.173828, -14.587400,Walking
649925, 0.310303, 1.015015, 0.148682, 9.460450, 5.371092, -20.019532,Walking
649945, 0.335816, 1.075562, 0.148560, 11.352536, 8.056642, -25.634760,Walking
649965, 0.363159, 1.228638, 0.177368, 8.911134, 8.239746, -29.846190,Walking
649985, 0.398560, 1.271362, 0.150391, 21.667476, 4.150392, -33.386240,Walking
650005, 0.344727, 1.147705, 0.143555, 24.597160, 3.356933, -42.785640,Walking
650025, 0.221191, 1.152100, 0.103394, 28.076170, 25.939940, -52.124020,Walking
650045, 0.307251, 1.037720, 0.074463, 34.240730, 45.654280, -61.828600,Walking
650065, 0.334961, 0.941528, 0.065552, 35.583500, 59.326160, -69.396980,Walking
650085, 0.435059, 0.886597, 0.078613, 36.621100, 62.377920, -72.998060,Walking
650105, 0.473877, 0.824341, 0.089966, 38.146980, 50.903310, -69.274900,Walking
650125, 0.485108, 0.771240, 0.061523, 38.513190, 39.184580, -66.101100,Walking
650145, 0.431641, 0.735962, 0.055786, 34.545900, 30.395500, -61.645500,Walking
650165, 0.406616, 0.785278, 0.063965, 28.747552, 30.456540, -56.884760,Walking
650185, 0.413330, 0.880737, 0.075684, 25.329584, 35.949720, -52.856440,Walking
650205, 0.428955, 0.982300, 0.089355, 24.047850, 44.433580, -51.147450,Walking
650225, 0.499756, 1.053589, 0.088013, 25.695796, 47.546380, -51.147450,Walking
650245, 0.526856, 1.034668, 0.092529, 28.503410, 47.058100, -52.124020,Walking
650265, 0.538818, 0.935425, 0.098755, 28.747552, 41.015620, -53.283680,Walking
650285, 0.542114, 0.835571, 0.092529, 23.498530, 30.517570, -50.109860,Walking
650305, 0.540894, 0.780274, 0.094482, 11.108396, 16.845708, -41.076650,Walking
650325, 0.515503, 0.836426, 0.089966, -4.943848, 2.624511, -23.620600,Walking
650345, 0.490601, 0.856323, 0.068848, -7.324218, 4.394532, -15.686032,Walking
650365, 0.504395, 0.842163, 0.052856, -8.483890, 8.483890, -10.742184,Walking
650385, 0.503662, 0.847168, 0.043823, -7.690428, 13.610836, -5.676268,Walking
650405, 0.516236, 0.817505, 0.051147, -7.629394, 17.333990, -0.305176,Walking
650425, 0.538818, 0.801026, 0.052856, -9.277344, 17.822270, 5.249022,Walking
650445, 0.538818, 0.796631, 0.041016, -11.230468, 16.540530, 10.925290,Walking
650465, 0.541382, 0.803711, 0.025879, -14.099120, 13.488768, 15.930172,Walking
650485, 0.548340, 0.820801, 0.021118, -17.395020, 9.155274, 19.897460,Walking
650505, 0.536255, 0.855835, 0.035767, -20.935052, 4.516602, 23.498530,Walking
650525, 0.536621, 0.911133, 0.045288, -23.620600, -0.305176, 27.770990,Walking
650545, 0.512695, 0.990601, 0.056519, -25.817870, -11.108396, 34.301760,Walking
650565, 0.475708, 1.040162, 0.072754, -26.672360, -12.390136, 37.902840,Walking
650585, 0.490967, 1.183960, 0.088867, -31.372068, -12.939450, 40.771480,Walking
650605, 0.500000, 1.333984, 0.116211, -27.770990, -14.953610, 43.273920,Walking
650625, 0.485718, 1.349244, 0.139771, -19.897460, -16.540530, 42.114250,Walking
650645, 0.494019, 1.291992, 0.144531, -14.587400, -19.470220, 38.696300,Walking
650665, 0.467896, 1.219727, 0.137573, -11.291500, -26.428220, 35.522460,Walking
650685, 0.418579, 1.092286, 0.109375, -9.155274, -27.832030, 34.851080,Walking
650705, 0.417969, 0.954346, 0.077881, -11.596676, -25.878900, 33.813480,Walking
650725, 0.415405, 0.858765, 0.067383, -15.136716, -25.268550, 34.667980,Walking
650745, 0.398926, 0.752686, 0.081299, -17.883300, -28.381340, 37.048340,Walking
650765, 0.405396, 0.738159, 0.110596, -27.343748, -37.170420, 42.541500,Walking
650785, 0.402832, 0.823364, 0.126099, -30.883784, -45.776360, 46.447740,Walking
650805, 0.371094, 0.933716, 0.145020, -31.005852, -52.001940, 46.508780,Walking
650825, 0.359985, 1.054932, 0.153076, -24.902340, -53.222640, 40.710440,Walking
650845, 0.342163, 1.082032, 0.176025, -11.291500, -53.039540, 31.127924,Walking
650865, 0.297485, 1.000854, 0.188355, 1.342773, -51.513660, 20.019532,Walking
650885, 0.284912, 0.908081, 0.186890, 7.324218, -47.912590, 10.925290,Walking
650905, 0.285522, 0.845459, 0.188721, 6.652830, -45.227040, 6.774902,Walking
650925, 0.267700, 0.822266, 0.194458, 3.295898, -43.701160, 5.187988,Walking
650945, 0.269287, 0.805176, 0.187744, 0.305176, -42.419420, 3.112792,Walking
650965, 0.278198, 0.782959, 0.178345, -3.112792, -44.250480, 0.122070,Walking
650985, 0.265137, 0.782227, 0.181641, -7.995604, -46.203600, -1.953124,Walking
651005, 0.240234, 0.800904, 0.186646, -8.666994, -44.921860, -2.685546,Walking
651025, 0.213379, 0.811279, 0.182617, -6.774902, -39.611820, -4.455568,Walking
651045, 0.218506, 0.806396, 0.168213, -3.845214, -32.409680, -8.422854,Walking
651065, 0.229614, 0.811768, 0.167603, -1.403808, -25.390620, -13.427732,Walking
651085, 0.243897, 0.827637, 0.182373, 1.647949, -18.920900, -18.188480,Walking
651105, 0.276856, 0.883789, 0.186279, 2.685546, -13.977050, -21.667476,Walking
651125, 0.292236, 0.970215, 0.186157, 4.333496, -11.108396, -21.911620,Walking
651145, 0.282227, 1.042236, 0.186035, 6.713866, -7.385252, -22.399900,Walking
651165, 0.273316, 1.075318, 0.180176, 9.155274, 0.549316, -23.864740,Walking
651185, 0.281738, 1.154419, 0.210205, 5.310058, 7.629394, -25.329584,Walking
651205, 0.303589, 1.271606, 0.200073, 14.282224, 17.761230, -23.925780,Walking
651225, 0.296509, 1.194214, 0.186035, 16.418460, 33.264160, -26.245110,Walking
651245, 0.350342, 1.188599, 0.133667, 19.409180, 47.363270, -29.174800,Walking
651265, 0.407227, 1.010254, 0.079590, 22.888180, 53.100580, -33.081060,Walking
651285, 0.485352, 0.855591, 0.037842, 17.578130, 50.964340, -36.926280,Walking
651305, 0.554688, 0.773926, 0.019165, 7.751464, 37.292480, -37.353520,Walking
651325, 0.544312, 0.759400, 0.010620, 0.793457, 18.005376, -34.851080,Walking
651345, 0.525391, 0.770508, -0.008179, -1.403808, 3.173828, -30.395500,Walking
651365, 0.461304, 0.769776, -0.013550, -0.610352, -1.464844, -25.817870,Walking
651385, 0.361328, 0.766846, -0.024414, 2.563476, 9.643556, -20.751950,Walking
651405, 0.351807, 0.796265, -0.022827, 4.089356, 29.968260, -15.502928,Walking
651425, 0.411377, 0.918579, 0.017334, 3.906249, 51.574700, -8.056642,Walking
651445, 0.483643, 1.042114, 0.018555, 3.479003, 56.518540, -5.249022,Walking
651465, 0.539307, 1.109253, 0.014893, 7.385252, 54.504380, -5.310058,Walking
651485, 0.521118, 1.038330, -0.003052, 12.756344, 49.316400, -8.300784,Walking
651505, 0.519654, 0.908325, -0.017822, 11.108396, 40.100100, -11.169430,Walking
651525, 0.501221, 0.808350, -0.011963, 3.295898, 29.357908, -8.789064,Walking
651545, 0.499634, 0.793335, -0.011963, -5.126952, 21.057124, -6.530760,Walking
651565, 0.466797, 0.796143, -0.007935, -8.666994, 17.517090, -1.892090,Walking
651585, 0.462036, 0.798218, 0.023071, -10.131832, 19.897460, 2.441407,Walking
651605, 0.447876, 0.807739, 0.037476, -9.521484, 25.573724, 5.554198,Walking
651625, 0.453735, 0.825440, 0.044434, -7.995604, 28.320310, 9.643556,Walking
651645, 0.466431, 0.839478, 0.045776, -4.882814, 37.597660, 15.991210,Walking
651665, 0.493042, 0.819458, 0.052246, -2.197266, 44.189440, 16.845708,Walking
651685, 0.532104, 0.783692, 0.062134, -2.441407, 43.151840, 15.380856,Walking
651705, 0.550659, 0.769654, 0.065796, -4.760742, 36.010750, 13.549804,Walking
651725, 0.559692, 0.775269, 0.069092, -8.361816, 26.123040, 11.779784,Walking
651745, 0.578736, 0.794312, 0.071655, -12.512204, 11.962890, 11.108396,Walking
651765, 0.585571, 0.846802, 0.089111, -17.333990, -5.310058, 12.451170,Walking
651785, 0.545776, 0.905884, 0.101929, -18.798830, -18.127448, 15.624996,Walking
651805, 0.510986, 1.053955, 0.129272, -26.062010, -22.338860, 18.249516,Walking
651825, 0.578613, 1.390625, 0.144165, -27.465816, -27.099608, 21.545408,Walking
651845, 0.509644, 1.460816, 0.167480, -7.690428, -27.343748, 20.080560,Walking
651865, 0.409912, 1.099854, 0.181152, 8.239746, -7.995604, 12.451170,Walking
651885, 0.413940, 0.987183, 0.150147, 8.117676, -11.352536, 11.596676,Walking
651905, 0.404663, 0.886475, 0.115967, -1.708984, -11.535644, 17.456060,Walking
651925, 0.423950, 0.880005, 0.113403, -12.207030, -13.122556, 22.033690,Walking
651945, 0.450317, 0.885010, 0.104614, -16.052250, -17.456060, 23.742670,Walking
651965, 0.441528, 0.846070, 0.101929, -14.892576, -23.742670, 21.606440,Walking
651985, 0.415649, 0.790405, 0.101929, -13.916012, -32.470710, 20.202630,Walking
652005, 0.387451, 0.781128, 0.096802, -17.822270, -38.696300, 22.277830,Walking
652025, 0.378906, 0.862549, 0.097900, -23.132320, -42.846670, 26.611320,Walking
652045, 0.381958, 1.005616, 0.114014, -24.536130, -46.569820, 28.747552,Walking
652065, 0.357178, 1.152710, 0.156616, -15.869140, -46.813960, 25.939940,Walking
652085, 0.248047, 1.104736, 0.184204, 9.155274, -33.752440, 18.676760,Walking
652105, 0.216309, 0.959595, 0.169434, 17.150880, -17.395020, 14.038084,Walking
652125, 0.212647, 0.854370, 0.150147, 15.075680, -5.737304, 14.160152,Walking
652145, 0.215210, 0.816772, 0.144409, 8.361816, 2.929687, 16.235352,Walking
652165, 0.252564, 0.824341, 0.153442, 3.906249, 8.483890, 18.432620,Walking
652185, 0.264526, 0.834473, 0.167358, 4.272462, 8.972170, 17.700200,Walking
652205, 0.250000, 0.837402, 0.179810, 7.263182, 8.666994, 15.380856,Walking
652225, 0.242310, 0.858032, 0.186157, 9.155274, 8.666994, 13.488768,Walking
652245, 0.224609, 0.913330, 0.189819, 10.986324, 11.413570, 12.695310,Walking
652265, 0.204590, 0.953369, 0.194580, 15.624996, 19.226080, 11.047360,Walking
652285, 0.210571, 0.972412, 0.199097, 22.277830, 29.602044, 6.286620,Walking
652305, 0.260498, 0.993408, 0.207031, 31.494136, 41.992180, -3.540038,Walking
652325, 0.298828, 1.012940, 0.190796, 36.865240, 47.363270, -7.202148,Walking
652345, 0.279663, 0.980103, 0.187256, 42.602530, 54.443350, -8.666994,Walking
652365, 0.260742, 0.942871, 0.180908, 45.227040, 61.096180, -8.605960,Walking
652385, 0.253662, 0.929077, 0.168335, 44.250480, 65.368660, -5.615234,Walking
652405, 0.248657, 0.958984, 0.180298, 40.222160, 69.213880, 1.403808,Walking
652425, 0.236450, 1.065430, 0.208862, 37.902840, 75.744640, 9.948730,Walking
652445, 0.223511, 1.186158, 0.234619, 41.564930, 84.655740, 15.136716,Walking
652465, 0.216553, 1.237305, 0.227295, 50.476060, 96.679660, 14.038084,Walking
652485, 0.216675, 1.168091, 0.213867, 60.668940, 110.778800, 6.652830,Walking
652505, 0.259155, 1.085450, 0.211670, 66.345240, 121.215800, -2.929687,Walking
652525, 0.307373, 1.001587, 0.219971, 69.152840, 121.276840, -10.986324,Walking
652545, 0.334839, 0.970825, 0.202393, 69.824240, 117.736800, -13.305660,Walking
652565, 0.373535, 0.941284, 0.164307, 69.763200, 112.060520, -15.441892,Walking
652585, 0.372925, 0.949097, 0.133179, 68.725600, 105.895980, -15.991210,Walking
652605, 0.320435, 0.943726, 0.136597, 72.143560, 109.863260, -13.366696,Walking
652625, 0.267944, 0.899658, 0.148926, 75.988780, 122.619600, -9.765626,Walking
652645, 0.265747, 0.874878, 0.155273, 76.721200, 136.962900, -4.699708,Walking
652665, 0.286621, 0.878784, 0.158814, 74.829100, 146.972700, 0.793457,Walking
652685, 0.321167, 0.917969, 0.167480, 72.876000, 152.282760, 5.371092,Walking
652705, 0.364502, 0.940430, 0.182861, 75.073240, 150.939960, 6.774902,Walking
652725, 0.365356, 0.919556, 0.191895, 77.026380, 147.155800, 4.760742,Walking
652745, 0.373047, 0.898682, 0.170898, 75.927740, 140.747100, 0.305176,Walking
652765, 0.373413, 0.882202, 0.167480, 74.035660, 138.671900, -2.563476,Walking
652785, 0.389771, 0.869507, 0.181885, 73.303240, 134.521500, -5.737304,Walking
652805, 0.385498, 0.855469, 0.188232, 74.218760, 131.347700, -8.300784,Walking
652825, 0.415161, 0.838501, 0.186646, 72.692880, 129.150400, -8.850100,Walking
652845, 0.399658, 0.852417, 0.198853, 68.359400, 128.662160, -5.371092,Walking
652865, 0.351929, 0.884888, 0.181763, 64.270040, 134.948760, 2.014160,Walking
652885, 0.270386, 0.897217, 0.156982, 60.058580, 149.047900, 10.986324,Walking
652905, 0.298950, 0.855225, 0.189331, 53.771960, 162.048300, 19.836430,Walking
652925, 0.356934, 0.853028, 0.206665, 46.142570, 167.480440, 26.367180,Walking
652945, 0.390503, 0.876343, 0.231323, 43.273920, 164.550760, 28.381340,Walking
652965, 0.449219, 0.902222, 0.253784, 45.959460, 157.348680, 23.132320,Walking
652985, 0.452148, 0.902466, 0.242554, 50.354000, 149.597200, 15.624996,Walking
653005, 0.415772, 0.866944, 0.241211, 54.565420, 143.493700, 9.033204,Walking
653025, 0.420044, 0.805664, 0.259644, 54.016100, 138.122600, 4.211426,Walking
653045, 0.417969, 0.797241, 0.277954, 50.354000, 133.972200, 2.319336,Walking
653065, 0.457031, 0.803101, 0.282837, 48.034660, 126.770000, -0.061035,Walking
653085, 0.445923, 0.821045, 0.291504, 46.325680, 119.628900, -3.723144,Walking
653105, 0.444336, 0.824097, 0.295654, 45.227040, 114.440900, -7.080076,Walking
653125, 0.472656, 0.869141, 0.304688, 38.391120, 103.942840, -10.009768,Walking
653145, 0.504272, 0.991211, 0.301758, 33.203130, 90.148900, -8.911134,Walking
653165, 0.512940, 0.971192, 0.299683, 35.888680, 78.491220, -10.925290,Walking
653185, 0.504028, 0.900024, 0.291748, 31.249992, 68.664560, -15.136716,Walking
653205, 0.473999, 0.874634, 0.288574, 24.597160, 60.485830, -11.413570,Walking
653225, 0.443726, 0.892578, 0.291016, 16.357424, 56.884760, -4.211426,Walking
653245, 0.459106, 0.935059, 0.276611, 10.070800, 54.992660, 2.868652,Walking
653265, 0.440552, 1.005371, 0.263184, 7.690428, 53.222640, 8.361816,Walking
653285, 0.391724, 1.062378, 0.265137, 9.826660, 56.762680, 12.878416,Walking
653305, 0.354980, 1.087280, 0.280762, 14.282224, 63.659660, 15.869140,Walking
653325, 0.367554, 1.055542, 0.276733, 20.019532, 72.082540, 18.127448,Walking
653345, 0.388916, 0.978150, 0.262207, 22.216790, 79.101560, 18.005376,Walking
653365, 0.401001, 0.921875, 0.254150, 20.568840, 80.810540, 17.700200,Walking
653385, 0.405640, 0.879883, 0.244141, 18.615724, 80.810540, 17.211920,Walking
653405, 0.435425, 0.810425, 0.237427, 12.634276, 71.228040, 17.517090,Walking
653425, 0.456421, 0.784912, 0.250488, 7.019042, 59.326160, 19.592290,Walking
653445, 0.438965, 0.786987, 0.243897, 1.831054, 47.729480, 22.399900,Walking
653465, 0.404907, 0.817627, 0.232788, -1.220704, 41.381820, 25.268550,Walking
653485, 0.364502, 0.847046, 0.231201, -1.647949, 41.809080, 26.733390,Walking
653505, 0.356812, 0.866089, 0.227539, -0.061035, 45.349110, 26.184080,Walking
653525, 0.369873, 0.875977, 0.225830, 1.953124, 47.912590, 24.536130,Walking
653545, 0.382080, 0.874634, 0.228760, 4.150392, 47.180160, 22.521970,Walking
653565, 0.399902, 0.870362, 0.214844, 6.164550, 41.503900, 20.446770,Walking
653585, 0.405518, 0.854980, 0.201660, 7.202148, 32.531740, 18.188480,Walking
653605, 0.369873, 0.854370, 0.194214, 7.629394, 25.756830, 15.258788,Walking
653625, 0.376587, 0.877442, 0.184570, 8.178714, 14.770504, 10.620116,Walking
653645, 0.386841, 0.915772, 0.186401, 9.582520, 7.934570, 8.422854,Walking
653665, 0.364746, 0.947388, 0.187378, 12.512204, 0.793457, 6.652830,Walking
653685, 0.253418, 0.960938, 0.168823, 17.395020, 8.911134, 5.432128,Walking
653705, 0.276123, 0.972046, 0.162354, 21.301268, 21.057124, 2.502442,Walking
653725, 0.246460, 1.015503, 0.179321, 25.329584, 33.752440, 0.000000,Walking
653745, 0.278687, 1.035767, 0.194214, 31.616208, 46.203600, -0.488281,Walking
653765, 0.298340, 1.037964, 0.199219, 36.682140, 52.673330, -1.464844,Walking
653785, 0.308716, 1.088013, 0.217407, 37.475590, 57.067860, -2.136231,Walking
653805, 0.336792, 1.171631, 0.213501, 41.381820, 56.274400, -2.258301,Walking
653825, 0.291138, 1.124268, 0.221558, 46.752920, 59.692380, -7.080076,Walking
653845, 0.310669, 1.030518, 0.211426, 49.377430, 71.777340, -18.859868,Walking
653865, 0.343018, 0.976440, 0.206055, 46.752920, 69.824240, -23.498530,Walking
653885, 0.352539, 0.898804, 0.201538, 43.457020, 63.842760, -24.963376,Walking
653905, 0.376587, 0.788330, 0.179810, 39.794920, 54.260240, -26.245110,Walking
653925, 0.375732, 0.699951, 0.154785, 32.226570, 42.358390, -26.855464,Walking
653945, 0.357178, 0.674438, 0.145142, 22.338860, 32.958990, -24.169920,Walking
653965, 0.335083, 0.718628, 0.141480, 13.122556, 26.062010, -18.737796,Walking
653985, 0.308350, 0.797852, 0.132324, 8.361816, 29.541010, -14.221190,Walking
654005, 0.354980, 0.883423, 0.120850, 8.972170, 35.583500, -13.977050,Walking
654025, 0.372437, 0.933716, 0.125488, 13.061520, 38.818360, -16.235352,Walking
654045, 0.378662, 0.943970, 0.129150, 18.066410, 43.090810, -18.188480,Walking
654065, 0.430664, 0.877808, 0.102051, 21.240230, 45.288080, -21.301268,Walking
654085, 0.441650, 0.831177, 0.090332, 19.226080, 42.602530, -22.094720,Walking
654105, 0.466919, 0.798706, 0.079834, 14.709470, 39.306640, -21.972650,Walking
654125, 0.503784, 0.797852, 0.070923, 10.253904, 35.095220, -20.751950,Walking
654145, 0.514404, 0.808838, 0.076416, 5.615234, 28.137200, -18.066410,Walking
654165, 0.524780, 0.833862, 0.071411, 2.441407, 20.690910, -14.892576,Walking
654185, 0.508789, 0.840820, 0.059448, 0.610352, 16.235352, -12.084960,Walking
654205, 0.495850, 0.847046, 0.051147, -1.220704, 16.479492, -9.643556,Walking
654225, 0.491211, 0.858765, 0.056519, -3.173828, 20.141600, -6.835936,Walking
654245, 0.525146, 0.866699, 0.066895, -4.089356, 20.507810, -3.540038,Walking
654265, 0.573364, 0.859986, 0.060547, -5.920409, 14.282224, -1.159668,Walking
654285, 0.585816, 0.878052, 0.044800, -12.268064, 0.488281, 0.549316,Walking
654305, 0.582642, 0.958252, 0.053589, -16.479492, -9.216310, 2.685546,Walking
654325, 0.536865, 1.018555, 0.085815, -17.150880, -14.648436, 6.530760,Walking
654345, 0.520264, 1.064331, 0.117554, -18.066410, -16.845708, 10.192870,Walking
654365, 0.552368, 1.237061, 0.145508, -23.010250, -20.324700, 14.892576,Walking
654385, 0.531616, 1.364868, 0.165527, -16.052250, -20.568840, 19.531250,Walking
654405, 0.482178, 1.294922, 0.177734, -6.713866, -18.066410, 17.395020,Walking
654425, 0.500366, 1.223877, 0.182983, -6.286620, -18.676760, 17.272950,Walking
654445, 0.508423, 1.143433, 0.178223, -8.300784, -26.428220, 20.263670,Walking
654465, 0.493286, 1.036744, 0.161377, -12.695310, -34.973150, 23.925780,Walking
654485, 0.478027, 0.940186, 0.151978, -19.226080, -44.372550, 27.893060,Walking
654505, 0.413086, 0.837158, 0.138062, -25.878900, -54.748520, 36.987310,Walking
654525, 0.362183, 0.799561, 0.151489, -30.456540, -58.715810, 42.968740,Walking
654545, 0.333374, 0.837891, 0.169556, -33.996590, -59.387200, 50.598140,Walking
654565, 0.323364, 0.895752, 0.188110, -35.644540, -59.020980, 56.640620,Walking
654585, 0.293945, 0.996948, 0.196289, -33.691410, -57.800280, 58.349600,Walking
654605, 0.270996, 1.074952, 0.189209, -25.817870, -54.016100, 56.945790,Walking
654625, 0.235230, 1.051636, 0.187378, -14.709470, -47.607410, 51.574700,Walking
654645, 0.226563, 0.970215, 0.190064, -6.164550, -41.687000, 44.555660,Walking
654665, 0.221924, 0.906372, 0.202515, -2.502442, -36.804200, 38.391120,Walking
654685, 0.240234, 0.871338, 0.199951, -1.953124, -33.691410, 34.667980,Walking
654705, 0.210449, 0.864502, 0.194092, -1.220704, -31.188960, 33.203130,Walking
654725, 0.188721, 0.820679, 0.182129, -0.183105, -21.362300, 30.639640,Walking
654745, 0.204224, 0.794312, 0.176758, -0.793457, -16.113284, 27.465816,Walking
654765, 0.219482, 0.797119, 0.177734, -2.929687, -13.977050, 24.780270,Walking
654785, 0.216797, 0.825806, 0.182983, -3.112792, -12.939450, 23.559568,Walking
654805, 0.203613, 0.837402, 0.174316, -1.708984, -9.521484, 22.033690,Walking
654825, 0.210327, 0.827148, 0.162842, -0.549316, -5.798338, 18.615724,Walking
654845, 0.208008, 0.852295, 0.153809, -0.305176, -0.305176, 14.465330,Walking
654865, 0.219482, 0.882446, 0.148682, 1.403808, 6.225584, 10.864256,Walking
654885, 0.239624, 0.943726, 0.163086, 2.746581, 10.986324, 7.324218,Walking
654905, 0.259399, 1.036377, 0.178345, 5.859374, 14.953610, 3.845214,Walking
654925, 0.286255, 1.119263, 0.170654, 12.207030, 18.188480, -1.220704,Walking
654945, 0.324951, 1.192139, 0.190918, 18.676760, 19.592290, -13.854978,Walking
654965, 0.394531, 1.244019, 0.172363, 27.160640, 11.108396, -21.789548,Walking
654985, 0.381226, 1.153198, 0.163086, 33.752440, 4.272462, -31.738280,Walking
655005, 0.272827, 1.128662, 0.151001, 37.109380, 17.639160, -39.672860,Walking
655025, 0.256348, 0.972656, 0.106079, 47.546380, 38.330080, -48.095700,Walking
655045, 0.302734, 0.830444, 0.053345, 44.921860, 53.649900, -59.143060,Walking
655065, 0.393799, 0.802979, 0.044556, 40.466300, 58.166500, -62.622060,Walking
655085, 0.430542, 0.768799, 0.036499, 37.292480, 56.457510, -59.631340,Walking
655105, 0.427734, 0.754150, 0.053833, 35.339360, 48.645010, -55.908200,Walking
655125, 0.451660, 0.771362, 0.072022, 33.874520, 39.855960, -53.283680,Walking
655145, 0.429566, 0.827271, 0.070068, 30.883784, 32.226570, -50.720200,Walking
655165, 0.433350, 0.940674, 0.081787, 26.733390, 34.057620, -50.170890,Walking
655185, 0.468506, 1.048706, 0.089111, 25.573724, 37.475590, -50.964340,Walking
655205, 0.514771, 1.062378, 0.093872, 28.381340, 36.621100, -51.025380,Walking
655225, 0.525635, 0.974487, 0.094360, 27.526850, 31.494136, -51.269520,Walking
655245, 0.512085, 0.896362, 0.074707, 24.047850, 23.986810, -49.011220,Walking
655265, 0.472412, 0.818360, 0.062256, 16.174320, 17.944340, -42.175280,Walking
655285, 0.462891, 0.803223, 0.053711, 6.408690, 16.052250, -33.020020,Walking
655305, 0.462280, 0.800537, 0.054321, 0.976562, 16.662600, -24.719230,Walking
655325, 0.469482, 0.801148, 0.050659, -2.990722, 17.211920, -18.859868,Walking
655345, 0.472290, 0.806274, 0.039917, -4.760742, 17.883300, -12.268064,Walking
655365, 0.467285, 0.809937, 0.034180, -5.798338, 16.906740, -7.446288,Walking
655385, 0.470947, 0.826538, 0.038452, -5.798338, 14.526364, -2.502442,Walking
655405, 0.478149, 0.829834, 0.047119, -5.615234, 15.075680, 0.854492,Walking
655425, 0.508911, 0.843262, 0.043945, -5.493162, 12.573240, 2.624511,Walking
655445, 0.509155, 0.843262, 0.036621, -6.469726, 8.056642, 2.868652,Walking
655465, 0.528198, 0.851929, 0.040649, -10.253904, 1.831054, 3.540038,Walking
655485, 0.559448, 0.904419, 0.055786, -14.953610, -9.033204, 6.408690,Walking
655505, 0.540650, 0.967529, 0.066406, -18.005376, -18.249516, 10.009768,Walking
655525, 0.533081, 1.027466, 0.066772, -19.348150, -23.559568, 13.305660,Walking
655545, 0.512573, 1.095948, 0.088623, -23.254390, -26.855464, 16.357424,Walking
655565, 0.530396, 1.266114, 0.106079, -25.756830, -27.160640, 22.888180,Walking
655585, 0.502808, 1.313354, 0.130981, -19.165040, -26.733390, 24.597160,Walking
655605, 0.507568, 1.291992, 0.131836, -12.390136, -23.071284, 23.925780,Walking
655625, 0.477173, 1.134278, 0.121094, -7.934570, -23.254390, 22.521970,Walking
655645, 0.462280, 0.949707, 0.093140, -6.835936, -24.658200, 21.057124,Walking
655665, 0.467896, 0.810181, 0.067749, -13.671872, -29.724120, 21.240230,Walking
655685, 0.460205, 0.760132, 0.066406, -21.301268, -36.865240, 26.184080,Walking
655705, 0.430664, 0.758179, 0.097290, -26.977532, -44.311520, 32.836920,Walking
655725, 0.422852, 0.835205, 0.124268, -31.555170, -50.170890, 38.879400,Walking
655745, 0.403564, 0.961182, 0.144531, -30.883784, -56.640620, 43.823240,Walking
655765, 0.341553, 1.072876, 0.159668, -26.000970, -58.715810, 45.715320,Walking
655785, 0.317871, 1.146484, 0.161011, -18.066410, -56.091300, 44.555660,Walking
655805, 0.281006, 1.131958, 0.163940, -10.070800, -47.241200, 40.893540,Walking
655825, 0.266968, 1.048096, 0.168457, -3.784179, -36.743170, 33.508300,Walking
655845, 0.275635, 0.926270, 0.171143, -3.601074, -36.071780, 31.677240,Walking
655865, 0.269165, 0.859131, 0.174438, -6.347656, -34.484870, 32.348640,Walking
655885, 0.265259, 0.824951, 0.162354, -8.789064, -33.325200, 32.287600,Walking
655905, 0.253784, 0.801758, 0.153931, -11.413570, -31.921380, 32.409680,Walking
655925, 0.233765, 0.806763, 0.159058, -13.671872, -28.747552, 33.935560,Walking
655965, 0.191528, 0.822510, 0.174561, -13.305660, -12.878416, 38.208020,Walking
656005, 0.217651, 0.830688, 0.151733, -11.718748, 0.671386, 33.325200,Walking
656025, 0.229614, 0.853882, 0.145630, -10.192870, 5.554198, 27.770990,Walking
656045, 0.261353, 0.883057, 0.170898, -6.530760, 6.042480, 19.775390,Walking
656065, 0.268799, 0.934326, 0.174927, -2.807617, 6.469726, 14.282224,Walking
656085, 0.321411, 0.993042, 0.138916, -1.892090, 4.333496, 8.422854,Walking
656105, 0.316406, 1.055054, 0.121704, -0.183105, 3.540038, 3.295898,Walking
656125, 0.305420, 1.094971, 0.125610, 3.479003, 5.065916, -2.502442,Walking
656145, 0.326660, 1.220581, 0.158325, 2.929687, 9.094240, -8.239746,Walking
656165, 0.325317, 1.288940, 0.170654, 15.808104, 13.793944, -13.916012,Walking
656185, 0.297730, 1.208252, 0.152832, 23.803708, 26.000970, -27.404780,Walking
656205, 0.374634, 1.180542, 0.100830, 29.235832, 35.766600, -40.466300,Walking
656225, 0.408081, 1.012574, 0.075439, 34.973150, 35.522460, -51.757800,Walking
656245, 0.444580, 0.834717, 0.056885, 36.071780, 29.968260, -62.133780,Walking
656265, 0.461670, 0.708618, 0.066162, 29.724120, 13.244628, -65.551760,Walking
656285, 0.415405, 0.672730, 0.058838, 23.864740, 4.455568, -59.936520,Walking
656305, 0.383545, 0.693970, 0.053589, 18.798830, 1.464844, -51.391590,Walking
656325, 0.336548, 0.746704, 0.053223, 14.099120, 5.859374, -41.625960,Walking
656345, 0.302856, 0.847168, 0.076660, 11.840818, 18.676760, -34.484870,Walking
656365, 0.326172, 0.972412, 0.116455, 12.329100, 32.958990, -29.907220,Walking
656385, 0.366089, 1.090332, 0.121338, 13.854978, 44.555660, -28.320310,Walking
656405, 0.412109, 1.128540, 0.087280, 18.127448, 52.246080, -30.456540,Walking
656425, 0.435303, 1.060303, 0.049072, 20.996090, 54.565420, -35.644540,Walking
656445, 0.479614, 0.940918, 0.040039, 19.165040, 46.447740, -40.893540,Walking
656465, 0.510498, 0.856079, 0.046631, 15.991210, 32.470710, -45.654280,Walking
656485, 0.538574, 0.807862, 0.031006, 6.774902, 9.826660, -43.518060,Walking
656505, 0.503296, 0.803711, 0.019165, 3.662109, 0.549316, -40.222160,Walking
656525, 0.478882, 0.804321, 0.020874, 1.892090, -3.417968, -36.132820,Walking
656545, 0.441772, 0.821900, 0.021606, 1.953124, -1.892090, -31.799310,Walking
656565, 0.428467, 0.843628, 0.031616, 2.746581, 4.394532, -26.489250,Walking
656585, 0.441895, 0.869507, 0.035034, 1.831054, 11.169430, -20.263670,Walking
656605, 0.500854, 0.903198, 0.021484, 2.319336, 14.892576, -18.554690,Walking
656625, 0.537110, 0.885742, 0.003174, 3.967285, 13.549804, -20.812980,Walking
656645, 0.564697, 0.846680, 0.011597, 3.234863, 7.446288, -22.766110,Walking
656665, 0.597656, 0.814453, 0.030273, 0.915527, -3.601074, -22.033690,Walking
656685, 0.615601, 0.803101, 0.030518, -4.272462, -16.784670, -17.517090,Walking
656705, 0.588989, 0.810059, 0.027832, -13.061520, -30.029290, -5.554198,Walking
656725, 0.489868, 0.867920, 0.048462, -19.104010, -30.822750, 4.150392,Walking
656745, 0.489502, 1.048706, 0.084229, -28.991692, -30.578610, 16.235352,Walking
656765, 0.513428, 1.345093, 0.111206, -32.653820, -26.062010, 30.578610,Walking
656785, 0.452026, 1.490356, 0.139160, -16.357424, -16.662600, 38.574220,Walking
656805, 0.358765, 1.239746, 0.144409, -0.732422, -0.366211, 37.963880,Walking
656825, 0.373901, 1.090820, 0.131714, -3.784179, 7.202148, 37.902840,Walking
656845, 0.348145, 1.010254, 0.116699, -11.230468, 10.742184, 47.058100,Walking
656865, 0.365723, 0.947998, 0.106812, -20.935052, 14.099120, 55.175770,Walking
656885, 0.380005, 0.910400, 0.099121, -26.550290, 12.084960, 58.410640,Walking
656905, 0.389160, 0.877197, 0.104736, -29.846190, 6.408690, 59.936520,Walking
656925, 0.365845, 0.858398, 0.112915, -33.203130, -3.601074, 61.401360,Walking
656945, 0.340576, 0.882202, 0.134766, -35.583500, -10.864256, 63.415520,Walking
656965, 0.331665, 0.940552, 0.150513, -35.217290, -18.310550, 64.758300,Walking
656985, 0.316406, 1.051758, 0.169312, -33.874520, -24.963376, 64.575200,Walking
657005, 0.257813, 1.128296, 0.179199, -22.705070, -25.695796, 62.011710,Walking
657045, 0.198120, 1.072754, 0.192139, -5.676268, -9.582520, 48.889150,Walking
657065, 0.188110, 0.984863, 0.185181, -2.075196, -0.732422, 43.701160,Walking
657085, 0.198120, 0.925049, 0.185669, -3.417968, 4.577638, 40.344230,Walking
657105, 0.202148, 0.889160, 0.187988, -4.516602, 7.446288, 38.391120,Walking
657125, 0.218750, 0.871948, 0.183350, -5.737304, 8.300784, 35.766600,Walking
657145, 0.226440, 0.887207, 0.187378, -5.065916, 5.432128, 31.433100,Walking
657165, 0.203857, 0.913818, 0.188110, -1.220704, 5.676268, 27.770990,Walking
657185, 0.184814, 0.932129, 0.184570, 2.929687, 9.704590, 23.010250,Walking
657205, 0.185303, 0.943726, 0.188721, 8.789064, 17.578130, 17.395020,Walking
657225, 0.201050, 0.940796, 0.189453, 16.113284, 25.268550, 10.620116,Walking
657245, 0.225342, 0.929810, 0.183716, 23.254390, 31.860350, 3.051757,Walking
657265, 0.250855, 0.934937, 0.177246, 29.113768, 35.583500, -3.540038,Walking
657285, 0.272583, 0.970947, 0.168213, 34.423840, 37.719730, -7.141112,Walking
657305, 0.262085, 0.986450, 0.171021, 40.161120, 41.076650, -7.934570,Walking
657325, 0.244751, 1.011963, 0.175293, 45.898430, 48.889150, -7.629394,Walking
657345, 0.228882, 1.017212, 0.170410, 50.964340, 58.349600, -6.103514,Walking
657365, 0.240967, 1.040406, 0.168701, 55.969230, 71.777340, -2.502442,Walking
657385, 0.251831, 1.120118, 0.199707, 57.861320, 81.176740, -0.976562,Walking
657405, 0.272461, 1.253296, 0.226685, 63.781730, 88.745100, -0.549316,Walking
657425, 0.252564, 1.247070, 0.234741, 77.514660, 97.167960, -4.638672,Walking
657445, 0.257813, 1.152588, 0.224121, 85.998520, 107.543920, -13.610836,Walking
657465, 0.295410, 1.070435, 0.202637, 90.087860, 111.328100, -21.789548,Walking
657485, 0.320313, 0.989868, 0.196411, 88.806140, 108.337380, -25.939940,Walking
657505, 0.343750, 0.946411, 0.197876, 86.975080, 102.966300, -28.564450,Walking
657525, 0.336914, 0.909912, 0.193115, 85.998520, 97.167960, -29.785150,Walking
657545, 0.331543, 0.899902, 0.182495, 84.838860, 91.613760, -29.724120,Walking
657565, 0.295288, 0.899048, 0.177002, 84.228500, 91.430660, -28.320310,Walking
657585, 0.280274, 0.897217, 0.197632, 82.397440, 98.937960, -22.399900,Walking
657605, 0.267822, 0.910400, 0.220337, 81.237760, 105.895980, -17.883300,Walking
657625, 0.282349, 0.918945, 0.218750, 79.406740, 112.976040, -14.465330,Walking
657645, 0.277100, 0.919190, 0.218628, 77.880860, 117.980940, -11.779784,Walking
657665, 0.282227, 0.908692, 0.221314, 73.120140, 120.971660, -10.131832,Walking
657685, 0.318726, 0.948608, 0.226196, 67.199720, 120.422340, -9.399414,Walking
657705, 0.340942, 0.972900, 0.239868, 64.270040, 116.516100, -11.230468,Walking
657725, 0.339966, 0.972046, 0.236084, 64.514160, 113.647440, -15.624996,Walking
657745, 0.328735, 0.929444, 0.220947, 64.636240, 113.830560, -20.812980,Walking
657765, 0.336914, 0.890747, 0.213257, 62.499990, 114.013640, -24.108880,Walking
657785, 0.354492, 0.876831, 0.205933, 59.020980, 114.135720, -25.024410,Walking
657805, 0.358765, 0.867188, 0.197998, 55.908200, 116.943340, -24.658200,Walking
657825, 0.374756, 0.840576, 0.170288, 54.504380, 120.239240, -24.597160,Walking
657845, 0.372681, 0.821778, 0.174438, 52.612300, 122.741680, -24.353020,Walking
657865, 0.385498, 0.812378, 0.180176, 49.621580, 124.206520, -22.766110,Walking
657885, 0.418823, 0.830688, 0.165283, 45.471180, 125.488260, -20.446770,Walking
657905, 0.442749, 0.855225, 0.136719, 43.090810, 127.197240, -18.737796,Walking
657925, 0.456421, 0.874634, 0.134277, 40.283200, 128.906300, -16.845708,Walking
657945, 0.455322, 0.903687, 0.147583, 37.902840, 128.418000, -14.831540,Walking
657965, 0.486084, 0.925537, 0.155273, 36.132820, 126.098600, -13.488768,Walking
657985, 0.506104, 0.927490, 0.152588, 34.179700, 121.948220, -13.061520,Walking
658005, 0.515015, 0.908447, 0.131104, 30.944820, 117.370600, -13.610836,Walking
658025, 0.517334, 0.872925, 0.113281, 24.353020, 110.290500, -12.817380,Walking
658045, 0.488648, 0.823242, 0.113281, 17.333990, 104.797340, -9.643556,Walking
658065, 0.474976, 0.816406, 0.099121, 9.704590, 100.830060, -3.112792,Walking
658085, 0.464844, 0.815430, 0.087524, 3.234863, 97.595200, 3.845214,Walking
658105, 0.455566, 0.845825, 0.075806, -2.563476, 97.961400, 9.277344,Walking
658125, 0.479248, 0.969971, 0.083008, -9.399414, 96.618640, 12.939450,Walking
658145, 0.550415, 1.155274, 0.067261, -6.469726, 91.796860, 18.066410,Walking
658165, 0.517090, 1.133301, 0.077148, 8.361816, 91.735820, 20.812980,Walking
658185, 0.469238, 1.063110, 0.133789, 13.854978, 94.299300, 22.583000,Walking
658205, 0.453247, 1.037354, 0.129150, 16.296390, 92.590300, 31.921380,Walking
658225, 0.397705, 1.007935, 0.098511, 13.061520, 99.792460, 43.334950,Walking
658245, 0.405518, 1.016968, 0.093506, 8.239746, 110.351540, 55.908200,Walking
658265, 0.443726, 1.054810, 0.121216, 3.417968, 108.703600, 59.570300,Walking
658285, 0.460938, 1.085694, 0.141968, 3.173828, 99.548320, 60.913080,Walking
658305, 0.445435, 1.064331, 0.138184, 8.422854, 90.148900, 58.837880,Walking
658325, 0.433594, 0.960327, 0.130371, 11.352536, 82.702620, 53.710930,Walking
658345, 0.414795, 0.903076, 0.131592, 9.582520, 73.913600, 48.156730,Walking
658365, 0.393188, 0.882812, 0.130005, 8.422854, 66.101100, 45.959460,Walking
658385, 0.387695, 0.852539, 0.133911, 10.986324, 56.945790, 41.198720,Walking
658405, 0.376709, 0.821045, 0.147217, 12.695310, 48.828120, 35.766600,Walking
658425, 0.376709, 0.816772, 0.156128, 14.648436, 39.978040, 31.005852,Walking
658445, 0.356201, 0.831665, 0.160156, 17.272950, 32.714850, 26.794430,Walking
658465, 0.328003, 0.857178, 0.160889, 20.385740, 29.541010, 21.118160,Walking
658485, 0.300781, 0.898560, 0.178833, 24.902340, 32.104500, 17.517090,Walking
658505, 0.306152, 0.903809, 0.186646, 28.198240, 35.156260, 14.282224,Walking
658525, 0.306396, 0.887207, 0.185303, 29.785150, 37.475590, 11.169430,Walking
658545, 0.308106, 0.864258, 0.168701, 30.212400, 38.024910, 8.239746,Walking
658565, 0.311524, 0.840942, 0.154907, 28.808590, 38.269050, 4.211426,Walking
658585, 0.331787, 0.836182, 0.169434, 27.832030, 35.827640, -0.976562,Walking
658605, 0.346680, 0.844116, 0.184448, 28.198240, 30.456540, -6.225584,Walking
658625, 0.353149, 0.847900, 0.182495, 29.602044, 23.681636, -11.535644,Walking
658645, 0.344605, 0.870362, 0.162964, 29.724120, 19.958500, -16.845708,Walking
658665, 0.345093, 0.907593, 0.157837, 31.494136, 18.615724, -20.629880,Walking
658685, 0.329712, 0.910400, 0.154785, 34.240730, 24.169920, -26.611320,Walking
658705, 0.367066, 0.925293, 0.141724, 38.085940, 24.597160, -29.907220,Walking
658725, 0.375610, 0.966309, 0.146118, 37.048340, 28.625480, -32.531740,Walking
658745, 0.380493, 1.006592, 0.142212, 38.940440, 32.836920, -34.484870,Walking
658765, 0.397095, 1.027100, 0.145142, 39.123540, 38.879400, -35.583500,Walking
658785, 0.382568, 1.089600, 0.186523, 38.757330, 40.771480, -34.729010,Walking
658805, 0.411255, 1.201294, 0.242432, 36.071780, 40.100100, -30.334470,Walking
658825, 0.402954, 1.238404, 0.210693, 38.879400, 41.625960, -26.611320,Walking
658845, 0.361816, 1.156494, 0.121582, 43.945300, 54.931630, -26.489250,Walking
658865, 0.328247, 1.004394, 0.062622, 44.616690, 70.922860, -29.418940,Walking
658885, 0.376709, 0.860596, 0.085938, 40.893540, 78.674340, -30.273430,Walking
658905, 0.441528, 0.772217, 0.101929, 33.081060, 69.763200, -26.245110,Walking
658925, 0.475952, 0.731568, 0.096313, 22.949216, 56.457510, -21.667476,Walking
658945, 0.442749, 0.717407, 0.085571, 19.470220, 44.982900, -17.639160,Walking
658965, 0.383423, 0.711670, 0.075562, 15.563964, 40.039070, -13.305660,Walking
658985, 0.347290, 0.756592, 0.080811, 9.338380, 40.466300, -7.446288,Walking
659005, 0.348633, 0.852295, 0.083252, 2.502442, 44.006340, -1.342773,Walking
659025, 0.386719, 0.969727, 0.088379, -2.502442, 46.936020, 4.516602,Walking
659045, 0.410645, 1.063232, 0.095337, -0.427246, 49.194320, 5.615234,Walking
659065, 0.425903, 1.055908, 0.081543, 4.516602, 53.161610, 2.197266,Walking
659085, 0.455444, 0.960449, 0.045654, 7.202148, 58.166500, -2.746581,Walking
659105, 0.448975, 0.837402, 0.040039, 6.530760, 48.767080, -7.263182,Walking
659125, 0.476685, 0.770142, 0.035156, 0.305176, 42.907700, -6.835936,Walking
659145, 0.506592, 0.746460, 0.041504, -7.934570, 28.625480, -5.981444,Walking
659165, 0.506226, 0.772217, 0.049316, -10.864256, 19.531250, -3.967285,Walking
659185, 0.467285, 0.821655, 0.040527, -9.582520, 13.977050, -2.990722,Walking
659205, 0.476807, 0.844604, 0.045166, -6.835936, 13.671872, -2.868652,Walking
659225, 0.483643, 0.863404, 0.043579, -5.676268, 12.145992, -3.662109,Walking
659245, 0.492432, 0.875488, 0.039185, -5.981444, 10.864256, -2.868652,Walking
659265, 0.509278, 0.879028, 0.035767, -8.056642, 7.507323, -1.708984,Walking
659285, 0.520630, 0.885742, 0.031616, -10.803220, 2.258301, -0.305176,Walking
659305, 0.524536, 0.878296, 0.033325, -12.695310, -5.065916, 0.366211,Walking
659325, 0.517456, 0.883667, 0.040039, -14.770504, -13.000484, 0.305176,Walking
659345, 0.502686, 0.914673, 0.037231, -15.197750, -19.042970, 1.464844,Walking
659365, 0.464600, 0.981812, 0.040649, -14.709470, -19.836430, 3.845214,Walking
659385, 0.458374, 1.024536, 0.048950, -13.305660, -16.601568, 7.141112,Walking
659405, 0.467774, 1.041260, 0.043701, -12.390136, -13.977050, 9.887696,Walking
659425, 0.484741, 1.034668, 0.032471, -12.512204, -13.732908, 11.108396,Walking
659445, 0.517944, 1.083008, 0.023560, -16.357424, -16.906740, 12.390136,Walking
659465, 0.505737, 1.134644, 0.035278, -12.878416, -20.690910, 14.465330,Walking
659485, 0.465088, 1.129883, 0.072632, -12.084960, -21.423332, 14.160152,Walking
659505, 0.513550, 1.223511, 0.074707, -10.070800, -22.583000, 15.380856,Walking
659525, 0.480713, 1.174561, 0.072388, -2.502442, -27.282710, 15.136716,Walking
659545, 0.439209, 1.024780, 0.060303, 2.014160, -26.794430, 12.329100,Walking
659565, 0.439209, 0.857056, 0.038574, 2.807617, -28.808590, 9.948730,Walking
659585, 0.426514, 0.679810, 0.038452, -3.173828, -37.719730, 12.207030,Walking
659605, 0.428955, 0.679810, 0.071411, -12.084960, -44.067380, 18.066410,Walking
659625, 0.415649, 0.807251, 0.098022, -17.089850, -49.865720, 25.329584,Walking
659645, 0.384399, 0.943604, 0.121338, -13.793944, -52.124020, 29.785150,Walking
659665, 0.342285, 1.064209, 0.140625, -8.605960, -50.476060, 30.822750,Walking
659685, 0.317993, 1.122803, 0.154419, 1.403808, -44.006340, 30.151360,Walking
659705, 0.303101, 1.068360, 0.155518, 7.141112, -36.499030, 28.076170,Walking
659725, 0.300415, 1.001831, 0.146484, 7.385252, -30.822750, 26.367180,Walking
659745, 0.290527, 0.930420, 0.139893, 4.333496, -26.916500, 26.428220,Walking
659765, 0.286133, 0.872681, 0.142822, -1.831054, -23.742670, 27.648920,Walking
659785, 0.294190, 0.843628, 0.141968, -7.263182, -20.629880, 28.381340,Walking
659805, 0.281494, 0.808228, 0.145996, -11.352536, -18.798830, 28.625480,Walking
659825, 0.271240, 0.792480, 0.148438, -13.854978, -18.249516, 29.418940,Walking
659845, 0.249512, 0.800293, 0.144775, -15.808104, -15.197750, 30.700680,Walking
659865, 0.231079, 0.815430, 0.145630, -15.502928, -9.887696, 30.273430,Walking
659885, 0.231079, 0.826904, 0.150757, -13.916012, -4.089356, 27.526850,Walking
659905, 0.230835, 0.831299, 0.157715, -10.192870, 1.342773, 22.949216,Walking
659925, 0.246338, 0.820190, 0.158203, -6.164550, 6.347656, 16.113284,Walking
659945, 0.271484, 0.829956, 0.151245, -3.906249, 8.483890, 8.544924,Walking
659965, 0.286865, 0.895264, 0.156006, -3.845214, 8.850100, 2.380371,Walking
659985, 0.275879, 0.998779, 0.176025, -2.380371, 9.399414, -1.220704,Walking
660005, 0.282593, 1.078614, 0.185181, 0.061035, 12.756344, -5.737304,Walking
660025, 0.327881, 1.171875, 0.169678, 2.258301, 16.174320, -15.258788,Walking
660045, 0.332275, 1.299561, 0.160400, 2.075196, 22.094720, -18.737796,Walking
660065, 0.310913, 1.271484, 0.154419, 10.986324, 27.099608, -25.268550,Walking
660085, 0.331177, 1.224976, 0.128418, 16.479492, 37.414560, -33.020020,Walking
660105, 0.371216, 1.061280, 0.068115, 28.015130, 43.884270, -40.771480,Walking
660125, 0.392822, 0.829102, 0.019897, 30.883784, 46.325680, -48.034660,Walking
660145, 0.442139, 0.711792, 0.009033, 25.573724, 41.381820, -48.767080,Walking
660165, 0.435669, 0.690430, 0.017578, 20.507810, 34.606940, -43.029780,Walking
660185, 0.408814, 0.686646, 0.034302, 18.615724, 31.860350, -34.851080,Walking
660205, 0.368530, 0.715332, 0.049072, 17.028810, 34.606940, -26.550290,Walking
660225, 0.359741, 0.803711, 0.058228, 15.869140, 41.076650, -19.653320,Walking
660245, 0.393921, 0.984375, 0.075439, 14.404296, 51.391590, -15.808104,Walking
660265, 0.429321, 1.091553, 0.080688, 17.150880, 56.152340, -16.052250,Walking
660285, 0.462280, 1.073730, 0.065308, 21.484370, 58.166500, -20.080560,Walking
660305, 0.491333, 0.986206, 0.050537, 22.216790, 52.368160, -25.268550,Walking
660325, 0.505127, 0.882446, 0.045532, 18.920900, 38.940440, -30.639640,Walking
660345, 0.527954, 0.777710, 0.044678, 13.183590, 23.254390, -31.982420,Walking
660365, 0.518677, 0.743286, 0.037598, 4.882814, 9.399414, -29.479976,Walking
660385, 0.480713, 0.744751, 0.046753, 0.610352, 0.610352, -23.742670,Walking
660405, 0.448242, 0.762818, 0.054443, -1.281738, -2.258301, -17.700200,Walking
660425, 0.417969, 0.796997, 0.046265, -0.366211, 2.319336, -11.474608,Walking
660445, 0.396484, 0.824951, 0.046021, 1.098633, 12.512204, -6.347656,Walking
660465, 0.457642, 0.860230, 0.059204, 4.089356, 25.390620, -6.652830,Walking
660485, 0.497314, 0.842774, 0.068970, 5.310058, 25.817870, -9.033204,Walking
660505, 0.551758, 0.827393, 0.066772, 3.295898, 18.005376, -10.253904,Walking
660525, 0.583618, 0.815674, 0.057861, -0.244141, 3.295898, -11.108396,Walking
660545, 0.586914, 0.823364, 0.053345, -6.530760, -11.962890, -11.657712,Walking
660565, 0.592896, 0.885132, 0.057617, -12.939450, -26.184080, -9.582520,Walking
660585, 0.557129, 0.957886, 0.072510, -16.601568, -35.888680, -5.310058,Walking
660605, 0.532227, 1.043457, 0.099243, -20.324700, -39.611820, 0.732422,Walking
660625, 0.532959, 1.288818, 0.131714, -28.320310, -41.076650, 9.521484,Walking
660645, 0.518555, 1.463135, 0.152344, -21.118160, -42.785640, 15.502928,Walking
660665, 0.511719, 1.394410, 0.127075, -15.014646, -42.297360, 15.686032,Walking
660685, 0.465332, 1.178833, 0.110230, -11.596676, -52.673330, 12.145992,Walking
660705, 0.423218, 1.034424, 0.098389, -12.512204, -59.570300, 11.718748,Walking
660725, 0.367066, 0.882446, 0.079590, -16.967780, -59.326160, 14.526364,Walking
660745, 0.364380, 0.779297, 0.059692, -23.193352, -58.288560, 18.005376,Walking
660765, 0.347900, 0.726074, 0.052246, -26.977532, -57.678220, 21.606440,Walking
660785, 0.328491, 0.723511, 0.077271, -30.456540, -57.678220, 25.085448,Walking
660805, 0.317627, 0.807862, 0.112793, -30.517570, -59.082020, 28.564450,Walking
660825, 0.291260, 0.905396, 0.139404, -25.756830, -57.861320, 30.639640,Walking
660845, 0.305786, 1.022950, 0.149902, -17.456060, -54.809560, 28.747552,Walking
660865, 0.297852, 1.067139, 0.168335, -2.563476, -49.743640, 21.362300,Walking
660885, 0.265869, 1.025024, 0.184082, 10.314940, -41.748040, 12.451170,Walking
660905, 0.262940, 0.919434, 0.195068, 19.653320, -33.203130, 5.004884,Walking
660925, 0.272949, 0.867066, 0.190308, 18.005376, -29.602044, 4.577638,Walking
660945, 0.276123, 0.836060, 0.183228, 13.732908, -28.137200, 6.042480,Walking
660965, 0.270996, 0.819458, 0.175415, 8.117676, -27.282710, 8.850100,Walking
660985, 0.252564, 0.827148, 0.170410, 2.990722, -24.536130, 11.962890,Walking
661005, 0.259522, 0.844116, 0.187622, -1.831054, -24.108880, 16.418460,Walking
661025, 0.227905, 0.878418, 0.200928, -4.455568, -21.057124, 21.789548,Walking
661045, 0.210938, 0.906982, 0.187134, -5.249022, -13.366696, 24.169920,Walking
661065, 0.209106, 0.935425, 0.172974, -4.394532, -3.662109, 22.644040,Walking
661085, 0.218018, 0.930420, 0.170044, -0.854492, 5.920409, 19.531250,Walking
661105, 0.228027, 0.904663, 0.172730, 1.770019, 12.695310, 15.136716,Walking
661125, 0.287354, 0.924438, 0.147949, 2.563476, 14.587400, 10.375976,Walking
661145, 0.306030, 0.982910, 0.129517, 2.441407, 14.282224, 9.216310,Walking
661165, 0.298340, 1.042725, 0.120483, 5.432128, 17.395020, 8.605960,Walking
661185, 0.292725, 1.109986, 0.153076, 5.676268, 23.132320, 7.446288,Walking
661205, 0.320801, 1.285034, 0.166138, 7.202148, 29.296870, 6.896972,Walking
661225, 0.321289, 1.272461, 0.174805, 21.423332, 35.888680, 1.159668,Walking
661245, 0.381958, 1.158692, 0.147827, 26.306150, 42.846670, -10.437010,Walking
661265, 0.408203, 0.962402, 0.067749, 30.456540, 41.564930, -23.132320,Walking
661285, 0.426148, 0.788696, 0.013428, 21.850580, 33.447270, -31.127924,Walking
661305, 0.459229, 0.736694, 0.010986, 7.751464, 15.808104, -31.249992,Walking
661325, 0.450562, 0.752320, 0.021362, -2.441407, -5.249022, -26.428220,Walking
661345, 0.361694, 0.803101, 0.010498, -3.051757, -13.305660, -20.019532,Walking
661365, 0.300049, 0.795532, 0.021851, 3.417968, -5.004884, -17.883300,Walking
661385, 0.254395, 0.794190, 0.027222, 8.972170, 12.634276, -15.686032,Walking
661405, 0.229248, 0.814942, 0.045776, 12.390136, 37.231450, -11.596676,Walking
661425, 0.311768, 0.879395, 0.055054, 12.329100, 56.274400, -7.934570,Walking
661445, 0.375000, 0.980469, 0.052856, 10.803220, 65.063500, -7.751464,Walking
661465, 0.456055, 1.072632, 0.048950, 12.329100, 68.847660, -10.437010,Walking
661485, 0.482178, 1.051880, 0.042236, 16.418460, 65.368660, -17.395020,Walking
661505, 0.503662, 0.957276, 0.041382, 17.639160, 52.062980, -23.437492,Walking
661525, 0.511475, 0.846192, 0.043213, 13.000484, 33.935560, -26.000970,Walking
661545, 0.506226, 0.782227, 0.027466, 3.723144, 16.845708, -24.963376,Walking
661565, 0.474243, 0.781372, 0.009277, -6.591796, 1.708984, -21.362300,Walking
661585, 0.454956, 0.792358, 0.027588, -9.216310, -3.906249, -18.127448,Walking
661605, 0.437012, 0.822388, 0.040283, -8.789064, -5.004884, -15.808104,Walking
661625, 0.427856, 0.834595, 0.051880, -7.568358, -3.295898, -13.061520,Walking
661645, 0.420166, 0.858154, 0.059814, -5.981444, 1.953124, -12.023924,Walking
661665, 0.446533, 0.865601, 0.066040, -4.394532, 6.286620, -12.084960,Walking
661685, 0.477783, 0.871704, 0.059814, -3.723144, 5.493162, -13.610836,Walking
661705, 0.499512, 0.866699, 0.043945, -4.516602, 1.831054, -14.465330,Walking
661725, 0.504028, 0.862427, 0.037964, -6.347656, -3.784179, -13.977050,Walking
661745, 0.510498, 0.850830, 0.031616, -9.155274, -8.666994, -11.779784,Walking
661765, 0.527222, 0.845703, 0.029419, -13.366696, -15.441892, -8.239746,Walking
661785, 0.488281, 0.906982, 0.029541, -16.418460, -20.324700, -1.708984,Walking
661805, 0.464356, 0.938721, 0.033936, -15.197750, -18.127448, 2.746581,Walking
661825, 0.431641, 0.955566, 0.038818, -13.610836, -12.512204, 7.690428,Walking
661845, 0.439819, 1.012085, 0.061279, -16.662600, -7.202148, 12.329100,Walking
661865, 0.503662, 1.226440, 0.105469, -22.094720, -7.995604, 17.578130,Walking
661885, 0.536865, 1.495972, 0.115234, -17.944340, -10.742184, 22.460930,Walking
661905, 0.475708, 1.444458, 0.124268, 2.746581, -6.408690, 20.629880,Walking
661925, 0.374512, 1.119141, 0.112671, 14.770504, 2.014160, 13.671872,Walking
661945, 0.388428, 0.888550, 0.068359, 12.512204, 4.516602, 12.634276,Walking
661965, 0.393066, 0.750122, 0.051636, -2.746581, 2.624511, 22.155760,Walking
661985, 0.400757, 0.780884, 0.061646, -20.080560, 0.061035, 33.142100,Walking
662005, 0.387207, 0.954468, 0.076904, -29.846190, -3.723144, 46.508780,Walking
662025, 0.370483, 0.999146, 0.088257, -24.902340, -4.028321, 48.461900,Walking
662045, 0.321411, 0.965210, 0.092285, -18.676760, -4.150392, 49.804680,Walking
662065, 0.264648, 0.929688, 0.111938, -17.761230, -1.342773, 53.894040,Walking
662085, 0.241943, 0.952271, 0.135010, -18.676760, 5.004884, 58.227530,Walking
662105, 0.230103, 1.019898, 0.163208, -18.066410, 7.812498, 59.265120,Walking
662125, 0.234253, 1.087402, 0.168213, -10.864256, 10.253904, 54.199210,Walking
662145, 0.241699, 1.066284, 0.178589, -1.220704, 10.925290, 44.677720,Walking
662165, 0.247070, 0.996338, 0.199341, 7.812498, 11.718748, 32.775880,Walking
662185, 0.233887, 0.897949, 0.197998, 13.549804, 11.352536, 22.827140,Walking
662205, 0.231812, 0.825562, 0.172730, 14.343260, 9.887696, 15.380856,Walking
662225, 0.249268, 0.814820, 0.152222, 10.375976, 8.239746, 8.605960,Walking
662245, 0.253174, 0.878906, 0.161377, 10.253904, 7.995604, 7.751464,Walking
662265, 0.231567, 0.908936, 0.170654, 15.808104, 11.291500, 7.812498,Walking
662285, 0.220093, 0.903320, 0.176270, 21.057124, 17.272950, 6.408690,Walking
662305, 0.215576, 0.914062, 0.170044, 25.512690, 25.695796, 4.089356,Walking
662325, 0.207886, 0.942505, 0.173584, 30.151360, 37.658700, 1.586914,Walking
662345, 0.221436, 0.967774, 0.187988, 35.522460, 50.720200, -1.098633,Walking
662365, 0.257202, 0.985230, 0.200195, 42.114250, 59.082020, -5.615234,Walking
662385, 0.270996, 0.979126, 0.205322, 48.767080, 62.316880, -9.704590,Walking
662405, 0.263672, 0.965454, 0.209839, 53.100580, 64.819340, -12.207030,Walking
662425, 0.255737, 0.958496, 0.221680, 55.725090, 68.969740, -13.244628,Walking
662445, 0.237427, 0.973389, 0.220581, 58.410640, 77.392600, -12.512204,Walking
662465, 0.223267, 0.992432, 0.222534, 59.936520, 85.327140, -10.925290,Walking
662485, 0.235230, 1.017212, 0.232788, 63.049300, 93.261700, -9.277344,Walking
662505, 0.254395, 1.032715, 0.250000, 67.443860, 97.900360, -7.751464,Walking
662525, 0.251953, 1.040039, 0.264526, 72.814940, 101.135240, -6.164550,Walking
662545, 0.250366, 1.052978, 0.264893, 76.599140, 104.919400, -3.967285,Walking
662565, 0.227295, 1.088379, 0.276367, 79.834000, 111.206040, -1.037598,Walking
662585, 0.207397, 1.101074, 0.278687, 84.472640, 121.704080, 2.258301,Walking
662605, 0.201660, 1.064087, 0.278076, 88.012680, 134.033200, 4.943848,Walking
662625, 0.231567, 1.118408, 0.302856, 83.923320, 144.714400, 9.094240,Walking
662645, 0.255371, 1.201050, 0.302490, 86.608860, 151.611360, 15.441892,Walking
662665, 0.265381, 1.166992, 0.313355, 92.285140, 163.452100, 13.366696,Walking
662685, 0.279663, 1.067383, 0.290283, 94.726540, 169.494600, 9.216310,Walking
662705, 0.304688, 0.953613, 0.274902, 90.026840, 168.823200, 5.432128,Walking
662725, 0.313232, 0.893921, 0.268433, 82.031240, 163.208000, 4.943848,Walking
662745, 0.272705, 0.840820, 0.243164, 75.317400, 162.353500, 6.835936,Walking
662765, 0.286743, 0.800171, 0.199341, 66.955580, 165.344200, 8.239746,Walking
662785, 0.357056, 0.821900, 0.201416, 57.067860, 152.710000, 9.094240,Walking
662805, 0.323975, 0.871582, 0.219238, 56.091300, 142.273000, 14.099120,Walking
662825, 0.325073, 0.873657, 0.217407, 58.715810, 140.502960, 15.991210,Walking
662845, 0.330078, 0.860840, 0.200073, 62.316880, 136.291500, 13.854978,Walking
662865, 0.321899, 0.837158, 0.182983, 65.429700, 132.751500, 9.948730,Walking
662885, 0.341309, 0.806641, 0.196045, 69.030760, 128.601100, -0.671386,Walking
662905, 0.354858, 0.794922, 0.225586, 72.265640, 126.403800, -7.751464,Walking
662925, 0.376953, 0.777344, 0.240845, 74.096700, 123.962380, -13.488768,Walking
662945, 0.423584, 0.781372, 0.250000, 73.120140, 122.436500, -17.395020,Walking
662965, 0.419922, 0.781006, 0.256836, 70.861840, 120.056120, -19.653320,Walking
662985, 0.388550, 0.787598, 0.267334, 67.199720, 121.765120, -20.263670,Walking
663005, 0.382690, 0.804077, 0.293701, 63.781730, 128.479000, -19.470220,Walking
663025, 0.388428, 0.816528, 0.313843, 59.936520, 137.695320, -17.272950,Walking
663045, 0.396851, 0.835327, 0.327637, 55.114740, 150.085500, -14.404296,Walking
663065, 0.325684, 0.854858, 0.334595, 52.856440, 169.860800, -10.559080,Walking
663085, 0.389404, 0.869751, 0.360840, 51.574700, 183.105440, -7.507323,Walking
663105, 0.533081, 0.830811, 0.428955, 46.325680, 178.649840, -4.638672,Walking
663125, 0.558106, 0.812622, 0.415161, 40.588370, 166.931100, -3.723144,Walking
663145, 0.577759, 0.806519, 0.367432, 33.386240, 154.541040, -3.967285,Walking
663165, 0.567139, 0.808960, 0.321777, 25.268550, 140.319840, -5.920409,Walking
663185, 0.544068, 0.798828, 0.302612, 15.502928, 126.892080, -6.530760,Walking
663205, 0.541748, 0.812866, 0.297730, 5.737304, 114.685040, -5.187988,Walking
663225, 0.549927, 0.835694, 0.299072, -1.037598, 102.966300, -3.356933,Walking
663245, 0.552246, 0.926636, 0.300781, -9.033204, 93.444800, -1.953124,Walking
663265, 0.618774, 1.068116, 0.261475, -8.300784, 82.824700, -0.183105,Walking
663285, 0.596192, 1.025513, 0.256104, -0.305176, 74.707040, -3.112792,Walking
663305, 0.596192, 0.969849, 0.272705, -0.427246, 67.077640, -5.737304,Walking
663326, 0.601685, 0.975952, 0.269775, -2.563476, 47.607410, -1.220704,Walking
663346, 0.646606, 0.979004, 0.222900, -9.277344, 33.020020, 2.502442,Walking
663366, 0.630127, 1.013916, 0.204224, -14.221190, 14.709470, 7.507323,Walking
663386, 0.530152, 1.037842, 0.225830, -17.883300, 4.150392, 11.230468,Walking
663406, 0.519409, 1.021851, 0.234985, -19.470220, -3.356933, 13.916012,Walking
663426, 0.462769, 1.033936, 0.235962, -19.714360, -5.187988, 18.249516,Walking
663446, 0.396973, 0.961426, 0.228516, -15.991210, 1.892090, 21.728510,Walking
663466, 0.319946, 0.910889, 0.209106, -14.343260, 20.507810, 25.146480,Walking
663486, 0.316162, 0.876099, 0.209473, -12.268064, 40.893540, 30.578610,Walking
663506, 0.331909, 0.843384, 0.213257, -11.474608, 55.541980, 39.855960,Walking
663526, 0.357056, 0.821533, 0.237061, -11.291500, 60.241690, 44.982900,Walking
663546, 0.380615, 0.843262, 0.250122, -10.131832, 58.288560, 47.668440,Walking
663566, 0.383057, 0.866089, 0.251465, -5.737304, 50.048820, 47.485340,Walking
663586, 0.359619, 0.895752, 0.248291, -2.380371, 41.992180, 41.564930,Walking
663606, 0.343994, 0.867432, 0.245483, 5.493162, 34.057620, 36.254890,Walking
663626, 0.339844, 0.902832, 0.234375, 11.108396, 31.311030, 20.629880,Walking
663646, 0.339478, 0.815186, 0.236694, 11.779784, 22.949216, 23.315424,Walking
663666, 0.291382, 0.835083, 0.233643, 4.089356, 21.484370, 22.521970,Walking
663686, 0.309937, 0.832764, 0.238159, 10.131832, 19.348150, 17.517090,Walking
663706, 0.310181, 0.814942, 0.237549, 13.305660, 12.878416, 8.972170,Walking
663726, 0.331665, 0.820923, 0.228149, 17.578130, -12.817380, -1.770019,Walking
663746, 0.338989, 0.860718, 0.228882, 22.277830, -15.441892, -7.446288,Walking
663766, 0.301758, 0.871094, 0.226074, 26.672360, -18.249516, -12.451170,Walking
663786, 0.308716, 0.868530, 0.217041, 28.869624, -17.578130, -16.418460,Walking
663806, 0.300659, 0.889771, 0.219116, 29.541010, -14.709470, -18.615724,Walking
663826, 0.319702, 0.948242, 0.221436, 30.578610, -10.864256, -18.493652,Walking
663846, 0.298462, 1.021484, 0.225830, 33.142100, -3.723144, -16.540530,Walking
663866, 0.279907, 1.061402, 0.241943, 36.621100, 3.601074, -15.319820,Walking
663886, 0.298340, 1.084961, 0.230103, 38.879400, 11.474608, -13.854978,Walking
663906, 0.321899, 1.109742, 0.226563, 39.489750, 19.165040, -12.756344,Walking
663926, 0.316772, 1.187012, 0.253296, 36.071780, 26.977532, -10.559080,Walking
663946, 0.328003, 1.268555, 0.237305, 41.198720, 37.719730, -6.225584,Walking
663966, 0.316895, 1.167236, 0.198242, 47.058100, 51.696770, -9.826660,Walking
663986, 0.371948, 1.051270, 0.180786, 46.936020, 62.377920, -13.916012,Walking
664006, 0.369141, 0.922119, 0.182739, 44.311520, 62.866200, -18.737796,Walking
664026, 0.359985, 0.824463, 0.169678, 38.818360, 64.941420, -18.371584,Walking
664046, 0.416138, 0.779419, 0.152222, 31.005852, 60.913080, -15.563964,Walking
664066, 0.391968, 0.732788, 0.145020, 24.658200, 53.100580, -10.864256,Walking
664086, 0.371948, 0.687012, 0.126343, 18.676760, 46.691880, -6.652830,Walking
664106, 0.376831, 0.694336, 0.117310, 10.375976, 40.588370, -2.136231,Walking
664126, 0.368774, 0.762940, 0.126831, 4.943848, 35.949720, 2.502442,Walking
664146, 0.355713, 0.824585, 0.149536, 3.112792, 32.165540, 5.676268,Walking
664166, 0.351929, 0.894776, 0.156250, 3.479003, 30.883784, 5.798338,Walking
664186, 0.351318, 0.934570, 0.160278, 7.202148, 27.709956, 4.333496,Walking
664206, 0.344605, 0.917969, 0.157349, 7.873534, 27.648920, 1.037598,Walking
664226, 0.381958, 0.878052, 0.158691, 6.530760, 24.230950, -2.502442,Walking
664246, 0.387573, 0.836060, 0.160767, 2.197266, 19.958500, -5.004884,Walking
664266, 0.406250, 0.801880, 0.151245, -3.417968, 15.686032, -6.347656,Walking
664286, 0.420776, 0.789795, 0.146118, -7.141112, 3.540038, -6.042480,Walking
664306, 0.392700, 0.796631, 0.137817, -10.986324, 0.366211, -4.394532,Walking
664326, 0.380249, 0.806030, 0.129395, -11.901852, 3.784179, -3.540038,Walking
664346, 0.402710, 0.799805, 0.128174, -12.145992, 6.469726, -3.662109,Walking
664366, 0.428345, 0.818848, 0.124634, -12.878416, 7.141112, -3.356933,Walking
664386, 0.451172, 0.844482, 0.125610, -12.695310, 6.896972, -3.356933,Walking
664406, 0.489624, 0.870484, 0.107788, -11.413570, 1.953124, -5.432128,Walking
664426, 0.499878, 0.856568, 0.105591, -11.535644, -2.868652, -7.141112,Walking
664446, 0.506470, 0.854370, 0.108765, -13.854978, -9.826660, -7.690428,Walking
664466, 0.522949, 0.880371, 0.107422, -17.089850, -17.089850, -7.019042,Walking
664486, 0.531616, 0.941406, 0.111084, -20.263670, -25.939940, -5.493162,Walking
664506, 0.518921, 1.018066, 0.110962, -21.179192, -31.738280, -2.746581,Walking
664526, 0.469849, 1.061768, 0.113770, -18.676760, -31.494136, -0.244141,Walking
664546, 0.444824, 1.074341, 0.121826, -16.479492, -26.916500, 1.647949,Walking
664566, 0.467774, 1.163086, 0.131958, -16.845708, -22.460930, 5.065916,Walking
664586, 0.473389, 1.232788, 0.147095, -10.925290, -18.005376, 9.521484,Walking
664606, 0.495850, 1.246948, 0.169922, -4.943848, -18.859868, 9.399414,Walking
664626, 0.413818, 1.102539, 0.171265, 8.666994, -14.709470, 4.943848,Walking
664646, 0.463867, 0.990845, 0.149048, 9.521484, -13.488768, 4.760742,Walking
664666, 0.442993, 0.907715, 0.124756, 4.333496, -16.601568, 9.216310,Walking
664686, 0.453003, 0.852783, 0.116089, -0.915527, -19.104010, 14.831540,Walking
664706, 0.460693, 0.808960, 0.121948, -6.164550, -24.902340, 18.249516,Walking
664726, 0.476929, 0.860108, 0.142822, -11.901852, -35.034180, 22.399900,Walking
664746, 0.449341, 0.942749, 0.153076, -11.840818, -45.349110, 26.977532,Walking
664766, 0.400391, 1.005860, 0.161621, -9.399414, -49.377430, 29.907220,Walking
664786, 0.366699, 1.061158, 0.169189, -5.249022, -48.339840, 32.104500,Walking
664806, 0.335083, 1.050782, 0.180786, 0.793457, -45.593250, 33.386240,Walking
664826, 0.304688, 0.983398, 0.180664, 4.394532, -40.466300, 33.630380,Walking
664846, 0.270752, 0.896729, 0.176514, 4.333496, -31.188960, 36.010750,Walking
664866, 0.259277, 0.853272, 0.185303, 1.953124, -23.315424, 40.100100,Walking
664886, 0.257446, 0.827026, 0.185913, -1.220704, -17.761230, 43.823240,Walking
664906, 0.241821, 0.811157, 0.184814, -4.455568, -13.671872, 46.386710,Walking
664926, 0.216675, 0.814697, 0.176514, -7.995604, -7.812498, 47.241200,Walking
664946, 0.239380, 0.824097, 0.173584, -9.704590, -3.662109, 46.997060,Walking
664966, 0.226074, 0.825562, 0.183960, -11.108396, -2.258301, 44.738760,Walking
664986, 0.249756, 0.835327, 0.185547, -10.864256, -2.685546, 41.137680,Walking
665006, 0.263672, 0.839478, 0.183838, -9.643556, -6.286620, 36.010750,Walking
665026, 0.234741, 0.839112, 0.175049, -6.591796, -5.065916, 29.785150,Walking
665046, 0.250855, 0.825073, 0.162109, -4.394532, -3.662109, 22.277830,Walking
665066, 0.271851, 0.867554, 0.169434, -2.624511, -4.760742, 12.756344,Walking
665086, 0.282471, 0.935669, 0.189087, -0.915527, -5.920409, 8.178714,Walking
665106, 0.269043, 1.027344, 0.182373, 3.784179, -1.647949, 4.272462,Walking
665126, 0.252564, 1.056519, 0.164795, 10.864256, 8.789064, -1.220704,Walking
665146, 0.272705, 1.112671, 0.174683, 11.718748, 21.972650, -8.911134,Walking
665166, 0.329712, 1.200928, 0.179199, 18.432620, 29.602044, -14.038084,Walking
665186, 0.323730, 1.154053, 0.188232, 25.939940, 38.146980, -23.864740,Walking
665206, 0.369507, 1.122192, 0.153809, 32.165540, 47.180160, -34.118660,Walking
665226, 0.395630, 0.966553, 0.108765, 38.024910, 50.415030, -44.189440,Walking
665246, 0.440796, 0.812866, 0.088501, 35.156260, 48.339840, -51.452620,Walking
665266, 0.481812, 0.750610, 0.088257, 28.747552, 34.790040, -53.771960,Walking
665286, 0.472168, 0.767212, 0.085815, 21.911620, 18.737796, -49.499500,Walking
665306, 0.436890, 0.765625, 0.101440, 20.568840, 10.925290, -45.959460,Walking
665326, 0.393433, 0.797608, 0.103272, 18.798830, 9.521484, -42.541500,Walking
665346, 0.392700, 0.868774, 0.099487, 18.127448, 14.343260, -38.879400,Walking
665366, 0.387573, 0.952759, 0.108154, 17.944340, 23.071284, -36.560060,Walking
665386, 0.427368, 1.039307, 0.128784, 18.981940, 29.479976, -35.705570,Walking
665406, 0.458008, 1.054688, 0.125000, 22.399900, 32.043460, -36.682140,Walking
665426, 0.464111, 0.976074, 0.100464, 23.498530, 31.311030, -38.513190,Walking
665446, 0.439941, 0.890381, 0.077515, 20.324700, 29.663080, -40.527340,Walking
665466, 0.431519, 0.807495, 0.076172, 14.221190, 25.268550, -38.269050,Walking
665486, 0.461182, 0.782959, 0.085693, 3.540038, 18.798830, -33.081060,Walking
665506, 0.462158, 0.796509, 0.084717, -2.868652, 12.329100, -24.169920,Walking
665526, 0.454224, 0.805664, 0.078613, -4.699708, 9.887696, -21.179192,Walking
665546, 0.452271, 0.818115, 0.078491, -4.211426, 7.751464, -19.104010,Walking
665566, 0.449707, 0.826294, 0.079346, -3.784179, 7.934570, -16.540530,Walking
665586, 0.464356, 0.838989, 0.082397, -2.990722, 8.789064, -14.648436,Walking
665606, 0.487427, 0.848022, 0.082153, -1.708984, 7.934570, -13.977050,Walking
665626, 0.502075, 0.842896, 0.077515, -0.610352, 6.042480, -14.221190,Walking
665646, 0.519409, 0.836426, 0.069458, -1.708984, 3.051757, -14.221190,Walking
665666, 0.541260, 0.833374, 0.069824, -4.638672, -2.136231, -13.305660,Walking
665686, 0.561524, 0.865234, 0.084106, -9.399414, -10.375976, -10.864256,Walking
665706, 0.581177, 0.936524, 0.085083, -12.939450, -19.836430, -7.141112,Walking
665726, 0.562988, 1.055420, 0.064697, -16.113284, -29.724120, 0.061035,Walking
665746, 0.496704, 1.081177, 0.064453, -15.502928, -28.015130, 4.882814,Walking
665766, 0.495606, 1.152710, 0.078857, -19.042970, -22.338860, 10.131832,Walking
665786, 0.527100, 1.265503, 0.092041, -17.578130, -20.568840, 16.357424,Walking
665806, 0.503784, 1.297486, 0.119263, -13.061520, -19.409180, 18.310550,Walking
665826, 0.507324, 1.292969, 0.124512, -6.103514, -18.676760, 17.333990,Walking
665846, 0.487061, 1.180298, 0.120605, 2.014160, -19.836430, 12.451170,Walking
665866, 0.458618, 0.992554, 0.098755, 7.263182, -21.850580, 6.530760,Walking
665886, 0.453613, 0.812012, 0.067749, 2.929687, -24.658200, 6.530760,Walking
665906, 0.475586, 0.731934, 0.057373, -5.432128, -33.264160, 12.023924,Walking
665926, 0.437256, 0.726196, 0.093628, -13.366696, -45.104970, 20.019532,Walking
665946, 0.403687, 0.893555, 0.143188, -17.822270, -55.786120, 31.311030,Walking
665966, 0.360474, 1.023560, 0.162720, -13.061520, -58.715810, 35.400400,Walking
665986, 0.309204, 1.108154, 0.180054, -4.516602, -56.335440, 36.865240,Walking
666006, 0.239502, 1.116455, 0.186401, 3.845214, -45.288080, 36.621100,Walking
666026, 0.205688, 1.055786, 0.190918, 8.178714, -29.174800, 36.071780,Walking
666046, 0.225708, 0.983521, 0.189575, 7.141112, -16.540530, 36.621100,Walking
666066, 0.244507, 0.926148, 0.192871, 3.784179, -11.291500, 39.123540,Walking
666086, 0.257080, 0.875732, 0.190186, 0.305176, -11.413570, 39.794920,Walking
666106, 0.273682, 0.835938, 0.184204, -3.051757, -15.075680, 39.611820,Walking
666126, 0.292847, 0.814942, 0.197388, -7.446288, -21.606440, 39.733900,Walking
666146, 0.228394, 0.823853, 0.207397, -10.559080, -23.193352, 40.527340,Walking
666166, 0.205566, 0.831909, 0.191284, -11.718748, -15.563964, 40.466300,Walking
666186, 0.181030, 0.834351, 0.191650, -12.817380, -9.948730, 40.100100,Walking
666206, 0.172363, 0.842652, 0.188477, -12.145992, -2.624511, 38.513190,Walking
666226, 0.178711, 0.833130, 0.187134, -10.681150, 3.479003, 34.729010,Walking
666246, 0.210083, 0.831055, 0.182251, -10.131832, 5.920409, 29.296870,Walking
666266, 0.249146, 0.859863, 0.174438, -10.009768, 3.906249, 23.193352,Walking
666286, 0.261841, 0.901489, 0.190064, -9.033204, -1.586914, 16.784670,Walking
666306, 0.264160, 0.989014, 0.188965, -8.178714, -4.394532, 10.681150,Walking
666326, 0.255615, 1.067383, 0.175415, -3.051757, -3.295898, 5.065916,Walking
666346, 0.244751, 1.105591, 0.182617, 1.403808, 1.647949, -1.892090,Walking
666366, 0.273926, 1.221558, 0.178833, 4.455568, 8.728030, -7.080076,Walking
666386, 0.237671, 1.169312, 0.166260, 18.615724, 25.024410, -20.202630,Walking
666406, 0.255371, 1.175660, 0.161743, 26.123040, 45.227040, -30.090330,Walking
666426, 0.306885, 1.044556, 0.125732, 36.254890, 58.654780, -40.466300,Walking
666446, 0.359253, 0.903320, 0.074463, 37.536620, 66.833500, -51.269520,Walking
666466, 0.426514, 0.812988, 0.045776, 35.888680, 65.673840, -57.617180,Walking
666486, 0.455322, 0.744263, 0.039917, 30.334470, 55.053700, -57.250960,Walking
666506, 0.464111, 0.723755, 0.056030, 24.353020, 41.992180, -54.138180,Walking
666526, 0.449219, 0.729004, 0.068115, 19.104010, 29.907220, -49.072260,Walking
666546, 0.415405, 0.766724, 0.071411, 14.770504, 22.949216, -43.945300,Walking
666566, 0.408325, 0.864136, 0.071777, 10.681150, 20.202630, -38.818360,Walking
666586, 0.420044, 1.019165, 0.078613, 9.582520, 25.512690, -35.095220,Walking
666606, 0.451172, 1.158204, 0.088135, 17.333990, 34.667980, -36.865240,Walking
666626, 0.450928, 1.096436, 0.062622, 24.902340, 40.100100, -43.273920,Walking
666646, 0.505860, 0.991089, 0.041382, 26.611320, 39.550780, -47.424300,Walking
666666, 0.499756, 0.880737, 0.058228, 24.414060, 32.836920, -49.011220,Walking
666686, 0.532593, 0.794068, 0.069580, 17.211920, 23.071284, -45.471180,Walking
666706, 0.556641, 0.771362, 0.055786, 7.385252, 9.643556, -38.635260,Walking
666726, 0.515991, 0.788208, 0.043945, 0.366211, 1.708984, -30.212400,Walking
666746, 0.473267, 0.796509, 0.058716, -2.929687, -2.685546, -22.460930,Walking
666766, 0.450073, 0.828003, 0.070801, -4.455568, -3.540038, -16.113284,Walking
666786, 0.459106, 0.856812, 0.074707, -5.371092, -1.464844, -8.483890,Walking
666806, 0.463623, 0.887329, 0.069214, -6.652830, 0.976562, -2.197266,Walking
666826, 0.474487, 0.907837, 0.064453, -7.568358, 5.249022, 4.028321,Walking
666846, 0.489136, 0.888306, 0.067261, -8.300784, 3.356933, 3.662109,Walking
666866, 0.512695, 0.866211, 0.077148, -11.047360, -3.723144, 4.943848,Walking
666886, 0.501953, 0.857910, 0.088623, -14.953610, -13.244628, 8.178714,Walking
666906, 0.492554, 0.871460, 0.092529, -17.578130, -21.301268, 11.596676,Walking
666926, 0.458252, 0.889893, 0.085938, -19.531250, -23.864740, 15.380856,Walking
666946, 0.432495, 0.908081, 0.087280, -20.263670, -23.925780, 18.859868,Walking
666966, 0.412354, 0.931030, 0.100586, -20.751950, -20.629880, 22.521970,Walking
666986, 0.412109, 0.986328, 0.121216, -22.399900, -16.662600, 27.404780,Walking
667006, 0.421509, 1.102295, 0.146606, -24.414060, -13.854978, 32.653820,Walking
667026, 0.443482, 1.274048, 0.158325, -24.353020, -13.427732, 36.804200,Walking
667046, 0.445679, 1.316650, 0.148193, -8.178714, -6.042480, 35.217290,Walking
667066, 0.405029, 1.100098, 0.133423, -0.732422, -0.671386, 28.442380,Walking
667086, 0.416992, 0.917114, 0.110352, -1.403808, -1.403808, 23.315424,Walking
667106, 0.430786, 0.792847, 0.094482, -10.681150, -7.690428, 24.780270,Walking
667126, 0.434692, 0.781494, 0.095215, -22.521970, -15.441892, 32.348640,Walking
667146, 0.398193, 0.805542, 0.089111, -29.724120, -19.592290, 40.893540,Walking
667166, 0.364624, 0.837646, 0.083008, -31.677240, -17.456060, 45.166000,Walking
667186, 0.368408, 0.880493, 0.080322, -30.273430, -16.113284, 46.691880,Walking
667206, 0.342651, 0.946778, 0.097046, -27.282710, -15.197750, 47.973620,Walking
667226, 0.350952, 1.037110, 0.106934, -22.277830, -13.732908, 49.194320,Walking
667246, 0.343262, 1.081543, 0.115356, -13.000484, -11.108396, 48.156730,Walking
667266, 0.313965, 1.074219, 0.129272, -0.122070, -2.746581, 40.466300,Walking
667286, 0.297485, 1.057251, 0.140991, 6.530760, 0.183105, 35.766600,Walking
667306, 0.265991, 1.005005, 0.154053, 10.620116, 4.821778, 33.203130,Walking
667326, 0.244873, 0.949707, 0.155762, 11.901852, 10.803220, 32.226570,Walking
667346, 0.221436, 0.901245, 0.143433, 11.596676, 19.104010, 31.555170,Walking
667366, 0.242798, 0.869995, 0.145020, 8.789064, 24.597160, 30.273430,Walking
667386, 0.254150, 0.880737, 0.160034, 6.225584, 26.245110, 29.663080,Walking
667406, 0.256714, 0.904053, 0.171021, 6.103514, 25.573724, 28.381340,Walking
667426, 0.247437, 0.927734, 0.173584, 8.728030, 25.390620, 25.695796,Walking
667446, 0.233765, 0.933838, 0.171143, 12.451170, 27.893060, 21.728510,Walking
667466, 0.233643, 0.934082, 0.177124, 18.249516, 28.320310, 15.563964,Walking
667486, 0.214844, 0.946778, 0.195313, 26.000970, 35.339360, 6.958006,Walking
667506, 0.221924, 0.942139, 0.199829, 32.165540, 40.527340, 1.525878,Walking
667526, 0.232056, 0.932007, 0.194458, 37.231450, 43.701160, -3.723144,Walking
667546, 0.248047, 0.925537, 0.194214, 40.527340, 44.677720, -8.422854,Walking
667566, 0.249023, 0.959839, 0.206055, 42.968740, 45.898430, -11.962890,Walking
667586, 0.233887, 1.001954, 0.223999, 48.400870, 49.072260, -14.343260,Walking
667606, 0.218140, 1.015503, 0.231323, 54.931630, 55.725090, -16.540530,Walking
667626, 0.230591, 1.008789, 0.226318, 59.997550, 63.049300, -18.493652,Walking
667646, 0.243164, 1.016358, 0.220703, 62.316880, 67.993180, -19.226080,Walking
667666, 0.242920, 1.045288, 0.233643, 64.758300, 72.692880, -18.249516,Walking
667686, 0.230347, 1.052612, 0.250977, 69.335940, 79.101560, -18.005376,Walking
667706, 0.229492, 1.083984, 0.281494, 73.791520, 89.294400, -18.005376,Walking
667726, 0.226685, 1.110352, 0.290283, 78.002940, 95.581040, -17.700200,Walking
667746, 0.223633, 1.106690, 0.282837, 80.688460, 103.759760, -18.981940,Walking
667766, 0.228760, 1.108520, 0.277222, 83.129860, 113.220200, -21.301268,Walking
667786, 0.261719, 1.084595, 0.285034, 85.144020, 119.628900, -24.047850,Walking
667806, 0.287354, 1.050171, 0.282715, 85.876460, 122.863760, -26.306150,Walking
667826, 0.322022, 1.012696, 0.272827, 84.167460, 122.009260, -26.733390,Walking
667846, 0.336060, 0.991577, 0.243408, 80.383280, 121.276840, -25.024410,Walking
667866, 0.343140, 0.972656, 0.215820, 76.782240, 122.192360, -21.545408,Walking
667886, 0.312988, 0.928223, 0.208008, 72.876000, 123.352040, -17.150880,Walking
667906, 0.302246, 0.887451, 0.198364, 68.237320, 124.938960, -11.779784,Walking
667926, 0.323242, 0.869751, 0.195679, 59.997550, 125.610320, -3.601074,Walking
667946, 0.337158, 0.888672, 0.178223, 58.532700, 125.915500, -1.037598,Walking
667966, 0.356812, 0.887818, 0.173828, 59.082020, 126.647920, -1.831054,Walking
667986, 0.342041, 0.875977, 0.178833, 60.974110, 127.502420, -4.150392,Walking
668006, 0.347046, 0.859253, 0.181274, 61.767570, 128.723160, -5.920409,Walking
668026, 0.339356, 0.839844, 0.179810, 61.218250, 129.150400, -5.981444,Walking
668046, 0.331543, 0.819702, 0.184326, 59.387200, 131.347700, -5.615234,Walking
668066, 0.338989, 0.813599, 0.185425, 56.884760, 134.094240, -4.760742,Walking
668086, 0.336548, 0.820679, 0.191284, 54.077140, 136.596700, -4.150392,Walking
668106, 0.340088, 0.831055, 0.196533, 51.269520, 138.610840, -3.601074,Walking
668126, 0.337402, 0.839722, 0.201538, 48.034660, 141.052240, -3.295898,Walking
668146, 0.359375, 0.866333, 0.204590, 42.968740, 142.089840, -3.479003,Walking
668166, 0.371460, 0.894531, 0.208374, 40.283200, 140.441900, -4.211426,Walking
668186, 0.374390, 0.909546, 0.207764, 38.879400, 138.549800, -5.920409,Walking
668206, 0.392700, 0.925537, 0.210205, 36.865240, 134.887700, -8.911134,Walking
668226, 0.403809, 0.947876, 0.210327, 35.888680, 130.249040, -11.840818,Walking
668246, 0.404297, 0.947388, 0.203857, 35.888680, 126.647920, -14.465330,Walking
668266, 0.418579, 0.926636, 0.191406, 35.888680, 124.877900, -15.991210,Walking
668286, 0.413818, 0.876709, 0.181519, 34.423840, 123.901360, -16.418460,Walking
668306, 0.404907, 0.843262, 0.162109, 30.456540, 125.122040, -14.770504,Walking
668326, 0.419434, 0.803345, 0.154297, 25.634760, 125.793440, -12.390136,Walking
668346, 0.464478, 0.839600, 0.182251, 15.502928, 122.436500, -9.643556,Walking
668366, 0.581665, 1.153442, 0.193848, 8.056642, 110.229480, -1.342773,Walking
668386, 0.559692, 1.187622, 0.193970, 18.737796, 101.684560, -0.061035,Walking
668406, 0.506470, 1.057862, 0.194092, 25.756830, 106.140120, -2.197266,Walking
668426, 0.469482, 0.936402, 0.146729, 23.986810, 108.459440, 0.305176,Walking
668446, 0.483276, 0.865479, 0.127441, 13.488768, 105.102520, 10.375976,Walking
668466, 0.501831, 0.901856, 0.165772, 4.943848, 101.196280, 20.507810,Walking
668486, 0.542969, 0.968750, 0.182495, 4.638672, 96.801740, 26.062010,Walking
668506, 0.538940, 1.008179, 0.198975, 9.094240, 87.646460, 26.855464,Walking
668526, 0.530152, 1.043946, 0.199829, 14.526364, 78.735360, 25.207516,Walking
668546, 0.491089, 1.020752, 0.187988, 18.188480, 71.533200, 24.902340,Walking
668566, 0.456177, 0.969971, 0.174805, 18.554690, 69.213880, 24.719230,Walking
668586, 0.463867, 0.903076, 0.177734, 15.197750, 61.279280, 24.475090,Walking
668606, 0.450317, 0.859497, 0.175781, 12.756344, 53.222640, 25.512690,Walking
668626, 0.448242, 0.825195, 0.162720, 9.643556, 43.640120, 26.794430,Walking
668646, 0.418213, 0.803467, 0.158203, 6.286620, 35.705570, 28.747552,Walking
668666, 0.404297, 0.816406, 0.153931, 3.723144, 28.991692, 30.151360,Walking
668686, 0.383179, 0.836792, 0.153809, 2.807617, 25.085448, 31.494136,Walking
668706, 0.363648, 0.852051, 0.157593, 3.417968, 23.864740, 31.311030,Walking
668726, 0.360474, 0.880249, 0.153320, 4.089356, 24.291990, 30.456540,Walking
668746, 0.347534, 0.902954, 0.152100, 6.591796, 25.085448, 29.235832,Walking
668766, 0.345947, 0.899414, 0.148193, 9.033204, 26.000970, 26.306150,Walking
668786, 0.354980, 0.894898, 0.147705, 10.253904, 24.353020, 22.644040,Walking
668806, 0.359741, 0.901734, 0.154785, 11.718748, 18.981940, 17.883300,Walking
668826, 0.342285, 0.891480, 0.156738, 12.695310, 14.465330, 15.319820,Walking
668846, 0.322998, 0.882080, 0.143433, 12.390136, 13.061520, 12.695310,Walking
668866, 0.326416, 0.895020, 0.138428, 10.314940, 12.207030, 10.070800,Walking
668886, 0.323608, 0.926148, 0.142822, 9.582520, 11.840818, 7.812498,Walking
668906, 0.327393, 0.949219, 0.150391, 10.131832, 10.620116, 5.737304,Walking
668926, 0.317505, 0.968018, 0.154297, 10.986324, 10.070800, 3.601074,Walking
668946, 0.311401, 0.983276, 0.146973, 11.596676, 10.437010, 1.220704,Walking
668966, 0.309692, 1.000977, 0.136963, 11.718748, 12.268064, -1.647949,Walking
668986, 0.308106, 1.016846, 0.131226, 12.329100, 15.258788, -4.211426,Walking
669006, 0.304443, 1.050782, 0.159180, 12.023924, 18.005376, -5.554198,Walking
669026, 0.303711, 1.121338, 0.157471, 19.226080, 21.301268, -6.286620,Walking
669046, 0.304443, 1.125366, 0.141113, 22.399900, 31.005852, -11.169430,Walking
669066, 0.317627, 1.068848, 0.108643, 29.418940, 43.395980, -18.127448,Walking
669086, 0.325928, 0.946533, 0.104614, 32.714850, 52.795400, -26.794430,Walking
669106, 0.365723, 0.827881, 0.105225, 30.944820, 53.649900, -31.005852,Walking
669126, 0.435181, 0.744019, 0.085083, 25.024410, 45.471180, -29.296870,Walking
669146, 0.413696, 0.679077, 0.077759, 17.517090, 33.996590, -24.902340,Walking
669166, 0.367920, 0.677979, 0.068848, 9.643556, 28.198240, -18.920900,Walking
669186, 0.360962, 0.750488, 0.059570, 1.953124, 26.489250, -11.840818,Walking
669206, 0.347290, 0.852051, 0.070190, -1.953124, 29.541010, -6.774902,Walking
669226, 0.344605, 0.969604, 0.079956, -1.892090, 37.902840, -5.371092,Walking
669246, 0.399780, 1.053955, 0.073364, 5.004884, 46.936020, -6.774902,Walking
669266, 0.417114, 0.989868, 0.064453, 8.911134, 49.011220, -10.192870,Walking
669286, 0.443848, 0.882812, 0.045776, 8.605960, 45.532220, -13.000484,Walking
669306, 0.444946, 0.790894, 0.030518, 3.479003, 40.466300, -13.610836,Walking
669326, 0.446533, 0.761719, 0.022949, -0.915527, 35.095220, -12.512204,Walking
669346, 0.412598, 0.772583, 0.025146, -1.831054, 36.254890, -9.704590,Walking
669366, 0.392212, 0.787598, 0.053345, 1.159668, 40.893540, -6.530760,Walking
669386, 0.401245, 0.793457, 0.067505, 4.455568, 47.241200, -4.821778,Walking
669406, 0.457398, 0.811279, 0.053101, 5.554198, 50.109860, -4.211426,Walking
669426, 0.490967, 0.838867, 0.047363, 4.272462, 46.752920, -3.845214,Walking
669446, 0.513794, 0.873047, 0.051270, 2.868652, 40.649400, -5.310058,Walking
669466, 0.564087, 0.906738, 0.060669, 1.342773, 23.071284, -9.033204,Walking
669486, 0.563843, 0.901245, 0.057861, -0.732422, 7.751464, -10.925290,Walking
669506, 0.533325, 0.879395, 0.056152, -3.845214, -4.516602, -11.413570,Walking
669526, 0.510742, 0.883789, 0.057617, -6.469726, -10.864256, -11.047360,Walking
669546, 0.493530, 0.898560, 0.074951, -8.300784, -13.977050, -9.033204,Walking
669566, 0.473877, 0.952515, 0.087769, -9.521484, -15.502928, -5.554198,Walking
669586, 0.469360, 1.021240, 0.094116, -8.239746, -14.160152, -1.464844,Walking
669606, 0.452515, 1.057496, 0.102173, -5.249022, -9.094240, 1.708984,Walking
669626, 0.458740, 1.070801, 0.114990, -3.906249, -4.089356, 3.173828,Walking
669646, 0.503296, 1.150391, 0.118652, -5.249022, -3.845214, 5.310058,Walking
669666, 0.505371, 1.177978, 0.129395, -2.929687, -6.652830, 6.713866,Walking
669686, 0.528198, 1.192871, 0.131226, -1.220704, -11.474608, 8.728030,Walking
669706, 0.489258, 1.123291, 0.138062, 2.746581, -15.502928, 9.460450,Walking
669726, 0.467774, 1.013062, 0.127197, 3.845214, -16.967780, 10.375976,Walking
669746, 0.457031, 0.901489, 0.106812, 1.525878, -19.409180, 13.549804,Walking
669766, 0.444580, 0.837280, 0.101807, -3.540038, -23.132320, 18.737796,Walking
669786, 0.427612, 0.786743, 0.104858, -5.493162, -27.099608, 24.414060,Walking
669806, 0.421997, 0.789917, 0.126587, -11.047360, -29.663080, 29.846190,Walking
669826, 0.414673, 0.879028, 0.131836, -12.695310, -35.339360, 34.423840,Walking
669846, 0.379761, 0.966187, 0.135620, -11.169430, -38.024910, 37.292480,Walking
669866, 0.346069, 1.040528, 0.150024, -7.507323, -36.621100, 37.902840,Walking
669886, 0.339356, 1.071167, 0.166138, -1.831054, -33.020020, 37.109380,Walking
669906, 0.320557, 0.987915, 0.172730, 3.723144, -31.555170, 33.630380,Walking
669926, 0.294800, 0.926148, 0.165283, 3.723144, -29.113768, 32.287600,Walking
669946, 0.276611, 0.873291, 0.168457, 1.159668, -24.780270, 32.714850,Walking
669966, 0.275513, 0.845093, 0.176025, -1.525878, -20.935052, 33.264160,Walking
669986, 0.278809, 0.826538, 0.174805, -3.540038, -19.042970, 33.142100,Walking
670006, 0.282105, 0.815918, 0.169922, -5.310058, -18.798830, 32.348640,Walking
670026, 0.274414, 0.815308, 0.164185, -6.347656, -18.310550, 31.433100,Walking
670046, 0.248657, 0.825928, 0.164673, -7.019042, -15.136716, 30.883784,Walking
670066, 0.236572, 0.835938, 0.167847, -6.225584, -10.437010, 29.968260,Walking
670086, 0.235107, 0.839356, 0.169067, -5.371092, -5.065916, 27.770990,Walking
670106, 0.251953, 0.847534, 0.165283, -3.662109, -0.427246, 24.169920,Walking
670126, 0.267578, 0.857422, 0.159058, -0.305176, 3.967285, 17.517090,Walking
670146, 0.270264, 0.874268, 0.165039, 0.915527, 5.432128, 13.061520,Walking
670166, 0.293091, 0.935181, 0.164307, 0.732422, 5.798338, 9.338380,Walking
670186, 0.306396, 1.020020, 0.152222, 2.014160, 7.141112, 6.652830,Walking
670206, 0.328369, 1.093262, 0.131226, 5.310058, 9.582520, 3.845214,Walking
670226, 0.296387, 1.125122, 0.142822, 9.643556, 15.808104, 0.122070,Walking
670246, 0.303101, 1.228028, 0.149658, 12.390136, 28.381340, -2.258301,Walking
670266, 0.313965, 1.237183, 0.165527, 21.179192, 42.114250, -7.019042,Walking
670286, 0.301514, 1.208984, 0.167358, 27.465816, 55.725090, -14.404296,Walking
670306, 0.336304, 1.091675, 0.099976, 37.475590, 68.725600, -22.644040,Walking
670326, 0.396240, 0.860962, 0.066040, 38.574220, 72.021500, -33.386240,Walking
670346, 0.494751, 0.711060, 0.061523, 26.489250, 51.025380, -39.001470,Walking
670366, 0.520630, 0.733521, 0.070923, 19.409180, 29.785150, -38.024910,Walking
670386, 0.452637, 0.733398, 0.079346, 19.104010, 15.747068, -35.888680,Walking
670406, 0.392212, 0.732666, 0.064819, 17.395020, 11.901852, -34.057620,Walking
670426, 0.361206, 0.787476, 0.067627, 14.404296, 12.451170, -31.982420,Walking
670446, 0.341064, 0.880493, 0.078857, 12.451170, 19.409180, -29.968260,Walking
670466, 0.378906, 0.973877, 0.082275, 13.427732, 29.479976, -30.090330,Walking
670486, 0.444946, 1.015381, 0.081299, 16.784670, 32.775880, -33.325200,Walking
670506, 0.474487, 0.976562, 0.086182, 21.606440, 28.503410, -39.245610,Walking
670526, 0.490112, 0.894409, 0.081665, 24.047850, 19.592290, -44.433580,Walking
670546, 0.498901, 0.816895, 0.070679, 21.728510, 9.338380, -46.264640,Walking
670566, 0.466064, 0.761475, 0.069580, 13.061520, 0.488281, -42.297360,Walking
670586, 0.469605, 0.764160, 0.072266, 8.666994, -1.342773, -37.780760,Walking
670606, 0.467651, 0.781982, 0.088867, 5.920409, -2.136231, -33.203130,Walking
670626, 0.459473, 0.802612, 0.098389, 5.187988, -0.732422, -28.625480,Walking
670646, 0.465210, 0.822876, 0.099243, 4.028321, 3.295898, -24.902340,Walking
670666, 0.472534, 0.845459, 0.106689, 3.417968, 7.995604, -22.399900,Walking
670686, 0.479980, 0.856445, 0.105225, 2.685546, 13.427732, -20.629880,Walking
670706, 0.520020, 0.850708, 0.095703, 0.366211, 16.235352, -18.981940,Walking
670726, 0.556519, 0.852539, 0.082886, -4.150392, 13.183590, -16.845708,Walking
670746, 0.580322, 0.849243, 0.079834, -9.033204, 5.554198, -14.343260,Walking
670766, 0.612549, 0.866577, 0.074829, -14.465330, -5.126952, -11.657712,Walking
670786, 0.615601, 0.962646, 0.063599, -21.972650, -24.108880, -3.234863,Walking
670806, 0.534912, 1.024414, 0.095581, -23.620600, -31.555170, 4.760742,Walking
670826, 0.524658, 1.174927, 0.131714, -30.761716, -36.560060, 14.404296,Walking
670846, 0.557373, 1.390137, 0.123047, -28.076170, -41.809080, 27.099608,Walking
670866, 0.477783, 1.419556, 0.097046, -19.836430, -33.325200, 32.958990,Walking
670906, 0.444946, 1.157959, 0.092041, -11.596676, -6.958006, 30.090330,Walking
670926, 0.481567, 1.012452, 0.078735, -16.479492, -11.169430, 29.113768,Walking
670946, 0.513306, 0.897095, 0.070679, -24.902340, -24.230950, 30.883784,Walking
670966, 0.482300, 0.832398, 0.075806, -30.578610, -38.940440, 32.165540,Walking
670986, 0.421509, 0.766358, 0.096313, -29.968260, -47.180160, 32.104500,Walking
671006, 0.366577, 0.737427, 0.110718, -32.592780, -52.429190, 33.264160,Walking
671026, 0.333740, 0.806030, 0.134033, -33.203130, -54.138180, 37.231450,Walking
671046, 0.306519, 0.898926, 0.165527, -31.311030, -52.124020, 38.513190,Walking
671066, 0.303467, 1.018433, 0.186890, -22.827140, -47.912590, 35.949720,Walking
671086, 0.300659, 1.053345, 0.195068, -8.666994, -44.799800, 31.677240,Walking
671106, 0.243286, 1.011597, 0.212158, 3.479003, -36.315920, 26.367180,Walking
671126, 0.222534, 0.936524, 0.220093, 11.718748, -24.841304, 22.094720,Walking
671146, 0.231567, 0.859741, 0.208130, 12.023924, -15.197750, 20.935052,Walking
671166, 0.266358, 0.838989, 0.207275, 6.408690, -13.244628, 21.179192,Walking
671186, 0.274170, 0.875732, 0.209351, 0.732422, -15.563964, 22.705070,Walking
671206, 0.279907, 0.891358, 0.217407, -0.366211, -18.127448, 22.583000,Walking
671226, 0.252197, 0.851440, 0.211792, -1.525878, -21.423332, 19.653320,Walking
671246, 0.249023, 0.836182, 0.208740, -5.371092, -22.583000, 18.493652,Walking
671266, 0.237549, 0.874268, 0.206665, -10.559080, -23.254390, 18.249516,Walking
671286, 0.200806, 0.904297, 0.201904, -9.887696, -18.310550, 16.906740,Walking
671306, 0.216553, 0.886108, 0.194214, -7.202148, -12.451170, 11.535644,Walking
671326, 0.234619, 0.884400, 0.188843, -5.676268, -9.643556, 5.676268,Walking
671346, 0.262573, 0.913696, 0.173828, -4.760742, -8.972170, 3.051757,Walking
671366, 0.263062, 0.935669, 0.167480, -3.906249, -9.399414, 0.976562,Walking
671386, 0.259766, 0.991821, 0.163208, -3.173828, -7.263182, -0.854492,Walking
671406, 0.276978, 1.035644, 0.151978, -0.488281, -4.089356, -3.051757,Walking
671426, 0.287842, 1.068848, 0.136108, 4.577638, 0.610352, -6.591796,Walking
671446, 0.290405, 1.133545, 0.172485, 7.202148, 10.437010, -13.427732,Walking
671466, 0.300171, 1.216797, 0.159546, 17.395020, 20.812980, -17.333990,Walking
671486, 0.310669, 1.134034, 0.152222, 23.620600, 33.752440, -26.977532,Walking
671506, 0.384277, 1.139282, 0.130249, 28.564450, 41.076650, -34.851080,Walking
671526, 0.393921, 1.007935, 0.117920, 34.301760, 41.015620, -41.625960,Walking
671546, 0.426270, 0.879028, 0.088379, 34.790040, 41.076650, -46.997060,Walking
671566, 0.435791, 0.777344, 0.065186, 32.409680, 40.405260, -49.743640,Walking
671586, 0.403076, 0.738159, 0.061401, 27.709956, 41.442860, -47.241200,Walking
671606, 0.325073, 0.732178, 0.069580, 26.489250, 57.922360, -41.198720,Walking
671626, 0.352539, 0.731690, 0.092163, 24.353020, 73.059100, -33.935560,Walking
671646, 0.390381, 0.789795, 0.116577, 18.676760, 74.707040, -25.024410,Walking
671666, 0.492920, 1.012085, 0.129761, 13.916012, 69.213880, -16.845708,Walking
671686, 0.538452, 1.104614, 0.134522, 16.601568, 60.241690, -18.737796,Walking
671706, 0.569458, 1.113648, 0.124268, 19.165040, 45.898430, -25.512690,Walking
671726, 0.590210, 1.022705, 0.095703, 22.033690, 26.062010, -32.165540,Walking
671746, 0.579224, 0.879761, 0.073242, 17.211920, 2.685546, -36.071780,Walking
671766, 0.512085, 0.774170, 0.069092, 7.446288, -12.451170, -34.606940,Walking
671786, 0.505737, 0.725586, 0.065796, -1.098633, -22.521970, -30.212400,Walking
671806, 0.472656, 0.713989, 0.073486, -7.324218, -30.334470, -24.475090,Walking
671826, 0.429321, 0.735108, 0.075684, -10.192870, -32.043460, -17.944340,Walking
671846, 0.434326, 0.772949, 0.074463, -11.169430, -31.066890, -12.878416,Walking
671866, 0.415894, 0.818848, 0.074463, -9.521484, -26.733390, -9.948730,Walking
671886, 0.421509, 0.864990, 0.092285, -4.394532, -18.737796, -7.629394,Walking
671906, 0.452148, 0.883057, 0.093506, -2.014160, -17.578130, -7.934570,Walking
671926, 0.480835, 0.898926, 0.088379, -2.136231, -19.409180, -8.666994,Walking
671946, 0.498779, 0.890137, 0.085693, -2.746581, -24.230950, -9.094240,Walking
671966, 0.497192, 0.853028, 0.085083, -4.760742, -30.334470, -8.605960,Walking
671986, 0.497559, 0.816406, 0.090454, -8.850100, -37.292480, -6.530760,Walking
672006, 0.448730, 0.815064, 0.099487, -14.282224, -40.100100, -2.380371,Walking
672026, 0.430542, 0.854736, 0.096313, -18.493652, -36.560060, 3.295898,Walking
672046, 0.408936, 0.907227, 0.094849, -20.446770, -30.029290, 9.460450,Walking
672066, 0.383057, 0.927246, 0.102783, -20.446770, -21.545408, 14.404296,Walking
672086, 0.394043, 0.945312, 0.120850, -23.071284, -15.075680, 18.493652,Walking
672106, 0.456909, 1.213746, 0.148560, -32.470710, -16.662600, 26.123040,Walking
672126, 0.448608, 1.442871, 0.175903, -28.564450, -13.549804, 30.212400,Walking
672146, 0.355469, 1.419800, 0.178223, -11.169430, 2.380371, 27.587884,Walking
672166, 0.316162, 1.134766, 0.164429, -2.014160, 19.287110, 20.996090,Walking
672186, 0.382202, 0.989990, 0.135010, -6.591796, 20.263670, 17.822270,Walking
672206, 0.403198, 0.856323, 0.124023, -16.784670, 10.864256, 22.583000,Walking
672226, 0.411621, 0.808960, 0.128052, -32.104500, -0.976562, 27.099608,Walking
672246, 0.418457, 0.851318, 0.126221, -41.992180, -14.770504, 31.005852,Walking
672266, 0.411133, 0.898682, 0.125855, -45.959460, -28.747552, 31.677240,Walking
672286, 0.363281, 0.919190, 0.139282, -45.227040, -41.259760, 31.494136,Walking
672306, 0.308960, 0.900146, 0.148926, -43.457020, -48.034660, 32.409680,Walking
672326, 0.244629, 0.944824, 0.158569, -40.527340, -50.964340, 35.278320,Walking
672346, 0.225098, 1.000732, 0.178833, -35.461430, -50.292960, 35.034180,Walking
672366, 0.207764, 1.090088, 0.209229, -26.672360, -46.081540, 31.738280,Walking
672386, 0.182983, 1.121216, 0.223877, -12.695310, -37.353520, 27.160640,Walking
672406, 0.149536, 1.046020, 0.214111, -0.244141, -25.878900, 21.240230,Walking
672426, 0.138550, 0.946778, 0.204834, 3.417968, -14.892576, 17.211920,Walking
672446, 0.152344, 0.895142, 0.198120, 1.220704, -7.446288, 15.686032,Walking
672466, 0.178101, 0.868042, 0.188110, -2.136231, -3.051757, 14.343260,Walking
672486, 0.205322, 0.844360, 0.187134, -5.187988, -3.173828, 11.657712,Walking
672506, 0.217163, 0.854858, 0.187866, -6.774902, -6.164550, 7.629394,Walking
672526, 0.211426, 0.878662, 0.189819, -5.371092, -9.948730, 3.540038,Walking
672546, 0.179565, 0.925415, 0.192139, 0.976562, -7.629394, -2.563476,Walking
672566, 0.187744, 0.950806, 0.209351, 6.408690, -2.319336, -7.568358,Walking
672586, 0.207397, 0.999390, 0.226318, 13.854978, 3.295898, -12.207030,Walking
672606, 0.216187, 1.014893, 0.230469, 23.254390, 9.155274, -17.272950,Walking
672626, 0.231934, 1.001343, 0.223633, 30.822750, 14.953610, -21.728510,Walking
672646, 0.237305, 0.990356, 0.217773, 36.071780, 21.118160, -24.536130,Walking
672666, 0.227051, 0.985474, 0.219482, 39.062500, 30.151360, -24.414060,Walking
672686, 0.227661, 0.991821, 0.219605, 40.771480, 39.306640, -22.766110,Walking
672706, 0.253906, 0.986206, 0.210938, 41.503900, 46.813960, -19.409180,Walking
672726, 0.255615, 0.988037, 0.199463, 41.076650, 53.466780, -14.404296,Walking
672746, 0.259033, 0.991821, 0.186035, 40.588370, 59.143060, -8.239746,Walking
672766, 0.270264, 1.018799, 0.183105, 40.405260, 63.903800, 1.220704,Walking
672786, 0.280274, 1.047974, 0.197144, 41.198720, 66.589360, 6.286620,Walking
672806, 0.297241, 1.146728, 0.207886, 42.236320, 67.138680, 10.620116,Walking
672826, 0.391846, 1.313477, 0.209351, 44.494620, 55.053700, 13.488768,Walking
672846, 0.390869, 1.340576, 0.211426, 54.321280, 31.555170, 13.549804,Walking
672866, 0.188843, 1.244141, 0.194092, 65.551760, 41.015620, 8.239746,Walking
672886, 0.170288, 1.088746, 0.153564, 72.204600, 74.096700, 0.183105,Walking
672906, 0.223267, 0.924194, 0.111816, 66.772460, 95.153800, -3.601074,Walking
672926, 0.259155, 0.823242, 0.104858, 56.213370, 107.055640, -3.112792,Walking
672946, 0.327393, 0.800049, 0.100220, 46.813960, 107.116680, 0.732422,Walking
672966, 0.361938, 0.805298, 0.099976, 43.945300, 98.022440, 3.479003,Walking
672986, 0.350830, 0.829712, 0.108765, 48.583980, 81.420880, 4.333496,Walking
673006, 0.296631, 0.841064, 0.131714, 53.527820, 73.303240, 6.408690,Walking
673026, 0.248779, 0.863526, 0.150024, 58.227530, 75.500500, 9.399414,Walking
673046, 0.183838, 0.897095, 0.165772, 64.086940, 89.111300, 12.329100,Walking
673066, 0.160645, 0.919312, 0.166992, 70.678720, 112.426740, 13.854978,Walking
673086, 0.163086, 0.925049, 0.170288, 75.561540, 137.573240, 13.305660,Walking
673106, 0.220703, 0.923462, 0.182373, 77.941900, 157.470700, 11.413570,Walking
673126, 0.302124, 0.906006, 0.195190, 77.453620, 163.757300, 8.483890,Walking
673146, 0.351074, 0.895508, 0.189453, 75.866700, 161.743100, 4.272462,Walking
673166, 0.379395, 0.872192, 0.171021, 73.974620, 155.883800, -0.793457,Walking
673186, 0.410400, 0.850464, 0.150024, 70.007340, 146.362300, -5.920409,Walking
673206, 0.405884, 0.834473, 0.120728, 62.866200, 130.493200, -9.338380,Walking
673226, 0.392700, 0.850708, 0.113525, 59.204090, 125.122040, -10.253904,Walking
673246, 0.376587, 0.861816, 0.119263, 59.204090, 124.328600, -10.864256,Walking
673266, 0.382690, 0.864258, 0.130615, 59.631340, 124.755840, -11.413570,Walking
673286, 0.385498, 0.870728, 0.132324, 60.302720, 125.061020, -11.657712,Walking
673306, 0.390503, 0.876343, 0.132568, 59.509270, 127.563460, -11.108396,Walking
673326, 0.367188, 0.882324, 0.149414, 59.082020, 134.094240, -10.192870,Walking
673346, 0.390137, 0.876343, 0.174194, 57.983390, 143.310600, -9.155274,Walking
673366, 0.447144, 0.867554, 0.201050, 54.199210, 148.498560, -8.361816,Walking
673386, 0.503296, 0.875000, 0.218018, 48.950180, 148.498560, -7.019042,Walking
673406, 0.529663, 0.885864, 0.221680, 42.907700, 141.845700, -5.065916,Walking
673426, 0.524780, 0.898438, 0.212158, 35.522460, 132.080100, -2.868652,Walking
673446, 0.524170, 0.872070, 0.210571, 31.677240, 121.582000, -2.868652,Walking
673466, 0.521118, 0.846802, 0.205200, 27.526850, 110.534640, -3.295898,Walking
673486, 0.505249, 0.826782, 0.184570, 23.193352, 103.820780, -3.295898,Walking
673506, 0.508545, 0.803589, 0.157471, 18.798830, 98.815900, -4.272462,Walking
673526, 0.500000, 0.793701, 0.152100, 13.610836, 94.421360, -4.455568,Walking
673546, 0.486938, 0.805176, 0.149536, 8.850100, 93.566880, -2.563476,Walking
673566, 0.484863, 0.802979, 0.137573, 6.530760, 91.857900, 0.244141,Walking
673586, 0.499024, 0.814575, 0.125855, 1.586914, 89.050260, 3.417968,Walking
673606, 0.539917, 0.924194, 0.139893, -4.943848, 83.007800, 6.958006,Walking
673626, 0.567993, 1.102051, 0.143799, -2.258301, 78.125000, 10.437010,Walking
673646, 0.528076, 0.999268, 0.152954, 16.967780, 81.909160, 6.286620,Walking
673666, 0.540039, 0.951538, 0.174805, 20.446770, 87.097160, 7.019042,Walking
673686, 0.518677, 0.891358, 0.182861, 20.324700, 85.266100, 15.258788,Walking
673706, 0.509522, 0.899292, 0.179688, 13.122556, 85.144020, 26.184080,Walking
673726, 0.521973, 0.989014, 0.165894, 8.911134, 86.120600, 36.682140,Walking
673746, 0.508911, 1.056396, 0.182861, 9.399414, 88.012680, 43.151840,Walking
673766, 0.497803, 1.086060, 0.210449, 13.610836, 89.904760, 45.776360,Walking
673786, 0.476440, 1.053711, 0.214966, 18.554690, 91.186500, 46.813960,Walking
673806, 0.450684, 0.971070, 0.212524, 20.324700, 91.430660, 47.119130,Walking
673826, 0.439209, 0.919068, 0.213989, 18.798830, 91.979960, 48.034660,Walking
673846, 0.446533, 0.872437, 0.229614, 17.211920, 88.500960, 49.011220,Walking
673866, 0.491821, 0.814697, 0.260742, 13.427732, 75.744640, 50.903310,Walking
673886, 0.469849, 0.795898, 0.251465, 10.498044, 64.514160, 52.612300,Walking
673906, 0.443970, 0.803833, 0.242554, 8.728030, 55.786120, 54.443350,Walking
673926, 0.404663, 0.816406, 0.258301, 9.521484, 51.940910, 55.603020,Walking
673946, 0.369507, 0.833130, 0.276733, 13.305660, 52.856440, 55.419910,Walking
673966, 0.334473, 0.831909, 0.285278, 18.554690, 56.457510, 54.199210,Walking
673986, 0.337769, 0.826294, 0.283203, 22.216790, 60.058580, 51.452620,Walking
674006, 0.325440, 0.829590, 0.275024, 24.902340, 63.598620, 47.973620,Walking
674026, 0.337524, 0.832031, 0.266602, 27.160640, 66.467300, 41.748040,Walking
674046, 0.364136, 0.826172, 0.277344, 29.113768, 62.133780, 34.301760,Walking
674066, 0.379517, 0.813965, 0.279663, 30.944820, 51.452620, 26.611320,Walking
674086, 0.384155, 0.815796, 0.259033, 30.761716, 29.846190, 14.831540,Walking
674106, 0.369019, 0.847168, 0.231323, 30.639640, 19.287110, 7.446288,Walking
674126, 0.344360, 0.864624, 0.219360, 31.066890, 12.634276, -0.122070,Walking
674146, 0.319702, 0.880249, 0.227173, 32.592780, 8.850100, -6.774902,Walking
674166, 0.316772, 0.891602, 0.230957, 34.973150, 6.958006, -12.634276,Walking
674186, 0.335205, 0.901367, 0.216553, 37.719730, 5.065916, -18.371584,Walking
674206, 0.335571, 0.921875, 0.196289, 39.917000, 3.845214, -23.925780,Walking
674226, 0.333984, 0.955078, 0.189819, 42.968740, 4.882814, -28.747552,Walking
674246, 0.306396, 0.962769, 0.194092, 48.034660, 10.192870, -33.081060,Walking
674266, 0.307495, 0.952271, 0.191895, 51.513660, 19.958500, -37.231450,Walking
674286, 0.343140, 1.030030, 0.213623, 49.743640, 25.878900, -39.855960,Walking
674306, 0.370483, 1.192139, 0.226318, 54.687490, 29.663080, -40.405260,Walking
674326, 0.344238, 1.246826, 0.234863, 58.654780, 40.893540, -43.884270,Walking
674346, 0.361816, 1.198364, 0.229126, 66.650400, 52.490220, -49.194320,Walking
674366, 0.354492, 1.056396, 0.210449, 71.411140, 58.776840, -55.786120,Walking
674386, 0.364990, 0.901489, 0.183594, 66.406260, 69.885260, -58.532700,Walking
674406, 0.394409, 0.753296, 0.152954, 56.396480, 69.946300, -54.260240,Walking
674426, 0.395752, 0.659668, 0.158569, 42.053220, 65.673840, -46.386710,Walking
674446, 0.396729, 0.658570, 0.167725, 26.184080, 57.250960, -37.353520,Walking
674466, 0.430420, 0.743042, 0.147339, 13.977050, 50.415030, -29.052730,Walking
674486, 0.407715, 0.844116, 0.131226, 7.324218, 46.142570, -24.047850,Walking
674506, 0.391113, 0.944580, 0.115356, 4.455568, 49.804680, -21.301268,Walking
674526, 0.408814, 0.979614, 0.108398, 7.141112, 57.739250, -19.897460,Walking
674546, 0.430908, 0.925659, 0.087280, 7.873534, 60.119620, -20.263670,Walking
674566, 0.479614, 0.822876, 0.044067, 6.530760, 57.495110, -22.338860,Walking
674586, 0.526001, 0.760132, 0.021729, 0.427246, 50.170890, -23.864740,Walking
674606, 0.574097, 0.764282, 0.027832, -6.713866, 42.724600, -23.925780,Walking
674626, 0.594849, 0.795288, 0.033325, -5.065916, 21.118160, -21.423332,Walking
674646, 0.584351, 0.814453, 0.053955, -4.821778, 9.338380, -17.578130,Walking
674666, 0.551270, 0.830688, 0.070679, -5.310058, 3.906249, -12.817380,Walking
674686, 0.509522, 0.863159, 0.085327, -5.493162, 5.859374, -7.507323,Walking
674706, 0.485718, 0.895264, 0.080444, -5.798338, 12.817380, -1.708984,Walking
674726, 0.482788, 0.918579, 0.074585, -6.652830, 21.667476, 4.028321,Walking
674746, 0.519165, 0.918579, 0.055786, -8.911134, 30.700680, 9.521484,Walking
674766, 0.533814, 0.893433, 0.067383, -12.084960, 29.479976, 10.742184,Walking
674786, 0.559937, 0.886353, 0.082764, -13.549804, 20.080560, 9.887696,Walking
674806, 0.578613, 0.902832, 0.089478, -15.991210, 7.629394, 8.605960,Walking
674826, 0.549805, 0.971070, 0.093994, -16.357424, -2.685546, 7.507323,Walking
674846, 0.516236, 1.030152, 0.091553, -15.441892, -4.943848, 9.399414,Walking
674866, 0.513062, 1.087646, 0.103638, -16.235352, -8.361816, 7.812498,Walking
674886, 0.547608, 1.246826, 0.123779, -15.380856, -7.202148, 8.422854,Walking
674906, 0.549805, 1.274292, 0.150879, -11.962890, -10.620116, 16.357424,Walking
674926, 0.544556, 1.274170, 0.143311, -10.681150, -14.404296, 20.874020,Walking
674946, 0.528687, 1.175171, 0.096680, -4.028321, -19.104010, 20.751950,Walking
674966, 0.476196, 0.913208, 0.090942, -10.192870, -26.000970, 22.399900,Walking
674986, 0.484863, 0.885498, 0.094238, -17.456060, -32.409680, 27.343748,Walking
675006, 0.453003, 0.889282, 0.094727, -21.240230, -36.865240, 34.851080,Walking
675026, 0.391968, 0.882080, 0.087402, -19.348150, -34.240730, 41.320790,Walking
675046, 0.356690, 0.834595, 0.092285, -16.479492, -27.038570, 46.020500,Walking
675066, 0.378662, 0.845093, 0.110596, -16.296390, -25.390620, 49.926750,Walking
675086, 0.364868, 0.895752, 0.126831, -14.648436, -31.127924, 54.443350,Walking
675106, 0.355469, 0.976929, 0.138794, -15.258788, -30.700680, 57.067860,Walking
675126, 0.356201, 1.065918, 0.144287, -10.681150, -33.447270, 55.908200,Walking
675146, 0.337158, 1.084595, 0.153809, -2.990722, -34.362800, 52.001940,Walking
675166, 0.310913, 1.032104, 0.167236, 3.295898, -34.606940, 45.227040,Walking
675186, 0.268921, 0.951050, 0.177490, 5.554198, -32.958990, 39.184580,Walking
675206, 0.256836, 0.918091, 0.167114, 2.258301, -27.648920, 39.489750,Walking
675226, 0.232300, 0.910645, 0.166504, -0.366211, -21.057124, 40.588370,Walking
675246, 0.218506, 0.892700, 0.174194, -0.610352, -12.329100, 40.588370,Walking
675266, 0.228516, 0.857910, 0.166260, -0.488281, -5.920409, 38.940440,Walking
675286, 0.235352, 0.823853, 0.163818, -2.319336, -2.929687, 36.438000,Walking
675306, 0.239746, 0.809082, 0.162231, -3.967285, -1.770019, 33.630380,Walking
675326, 0.240967, 0.798828, 0.163574, -4.150392, -0.122070, 30.822750,Walking
675346, 0.230347, 0.788696, 0.166870, -3.540038, 2.258301, 26.306150,Walking
675366, 0.234985, 0.788452, 0.166870, -1.525878, 4.821778, 20.812980,Walking
675386, 0.248413, 0.793823, 0.168091, 0.000000, 6.713866, 14.465330,Walking
675406, 0.257568, 0.833374, 0.166016, 3.662109, 7.934570, 5.737304,Walking
675426, 0.261475, 0.874878, 0.176025, 5.249022, 8.605960, 0.305176,Walking
675446, 0.274780, 0.943604, 0.191040, 7.690428, 8.789064, -5.126952,Walking
675466, 0.289673, 1.015625, 0.198608, 10.070800, 9.338380, -10.864256,Walking
675486, 0.303345, 1.075440, 0.204834, 15.991210, 9.826660, -19.714360,Walking
675506, 0.299072, 1.104980, 0.240356, 17.944340, 10.681150, -29.907220,Walking
675526, 0.331299, 1.227784, 0.254395, 19.714360, 8.789064, -38.818360,Walking
675546, 0.300293, 1.188477, 0.207886, 26.489250, 16.052250, -47.729480,Walking
675566, 0.341064, 1.123780, 0.163940, 29.602044, 21.606440, -58.959950,Walking
675586, 0.361938, 1.021118, 0.132935, 33.142100, 27.404780, -68.420420,Walking
675606, 0.362671, 0.891602, 0.117798, 32.836920, 34.545900, -74.157740,Walking
675626, 0.459229, 0.813110, 0.082642, 25.512690, 33.081060, -73.791520,Walking
675646, 0.439575, 0.805054, 0.079224, 24.047850, 29.724120, -66.833500,Walking
675666, 0.429566, 0.768066, 0.074341, 24.475090, 31.677240, -61.401360,Walking
675686, 0.419190, 0.751831, 0.066284, 22.094720, 34.301760, -57.312000,Walking
675706, 0.422974, 0.806519, 0.062622, 18.005376, 38.635260, -52.124020,Walking
675726, 0.446411, 0.906738, 0.090210, 15.747068, 42.541500, -46.752920,Walking
675746, 0.471802, 1.026734, 0.106323, 14.892576, 48.095700, -43.701160,Walking
675766, 0.548462, 1.114136, 0.100342, 17.761230, 48.461900, -42.541500,Walking
675786, 0.555176, 1.085450, 0.094849, 21.606440, 45.410140, -42.358390,Walking
675806, 0.540650, 0.991211, 0.078735, 21.057124, 39.367680, -42.480460,Walking
675826, 0.534302, 0.892212, 0.062988, 15.991210, 31.372068, -39.001470,Walking
675846, 0.545044, 0.791748, 0.060547, -0.305176, 14.465330, -26.733390,Walking
675866, 0.558228, 0.780029, 0.055054, -7.263182, 4.699708, -16.357424,Walking
675886, 0.498535, 0.764282, 0.056152, -11.962890, -1.892090, -8.605960,Walking
675906, 0.429321, 0.774902, 0.052490, -11.352536, 1.892090, -2.624511,Walking
675926, 0.424561, 0.783936, 0.059937, -9.826660, 12.207030, 3.173828,Walking
675946, 0.437012, 0.811279, 0.068359, -9.643556, 22.460930, 10.131832,Walking
675966, 0.443970, 0.852417, 0.072632, -10.009768, 29.602044, 17.089850,Walking
675986, 0.480225, 0.885742, 0.078735, -7.629394, 31.188960, 19.287110,Walking
676006, 0.500977, 0.879395, 0.080688, -6.469726, 27.709956, 17.272950,Walking
676026, 0.533692, 0.873535, 0.084351, -8.544924, 17.700200, 15.441892,Walking
676046, 0.544434, 0.876831, 0.090454, -12.329100, 3.784179, 14.038084,Walking
676066, 0.536011, 0.958496, 0.099854, -18.981940, -15.502928, 13.427732,Walking
676086, 0.524536, 1.028320, 0.103638, -18.981940, -23.864740, 13.549804,Walking
676106, 0.493164, 1.062866, 0.114624, -17.211920, -27.221676, 14.160152,Walking
676126, 0.475708, 1.100342, 0.134155, -17.639160, -27.893060, 15.319820,Walking
676146, 0.501587, 1.226685, 0.131592, -17.700200, -27.832030, 20.019532,Walking
676166, 0.457642, 1.237061, 0.160400, -11.596676, -24.963376, 23.986810,Walking
676186, 0.475098, 1.221070, 0.176514, -9.460450, -17.700200, 26.733390,Walking
676206, 0.511108, 1.201904, 0.169067, -7.263182, -15.136716, 29.846190,Walking
676226, 0.499634, 1.117066, 0.150879, -6.286620, -10.192870, 31.921380,Walking
676246, 0.496704, 0.988526, 0.126221, -7.690428, -7.080076, 32.714850,Walking
676266, 0.485230, 0.868164, 0.118652, -13.183590, -8.117676, 34.851080,Walking
676286, 0.479248, 0.776001, 0.106323, -21.240230, -12.878416, 40.954580,Walking
676306, 0.463501, 0.719116, 0.113159, -25.512690, -21.850580, 43.640120,Walking
676326, 0.452881, 0.732910, 0.122803, -29.968260, -31.616208, 44.311520,Walking
676346, 0.442871, 0.830811, 0.147339, -32.348640, -41.748040, 45.288080,Walking
676366, 0.401489, 0.959351, 0.172485, -28.808590, -49.377430, 43.457020,Walking
676386, 0.382324, 1.067139, 0.176758, -19.531250, -52.856440, 38.635260,Walking
676406, 0.342651, 1.085938, 0.185181, -6.530760, -53.588860, 31.616208,Walking
676426, 0.317627, 1.025879, 0.202393, 4.455568, -52.551260, 21.972650,Walking
676446, 0.304932, 0.943237, 0.208496, 9.704590, -50.903310, 14.770504,Walking
676466, 0.272705, 0.894776, 0.210938, 10.131832, -46.386710, 11.718748,Walking
676486, 0.251587, 0.857910, 0.207397, 10.131832, -40.649400, 10.803220,Walking
676506, 0.247559, 0.799927, 0.200439, 6.835936, -34.912120, 10.742184,Walking
676526, 0.247681, 0.793945, 0.199951, 2.685546, -33.081060, 12.329100,Walking
676546, 0.226685, 0.813843, 0.198975, -0.061035, -30.090330, 14.831540,Walking
676566, 0.199707, 0.817505, 0.202271, -1.159668, -23.620600, 16.845708,Walking
676586, 0.183838, 0.819214, 0.201294, -1.953124, -14.221190, 16.723632,Walking
676606, 0.206299, 0.832886, 0.199951, -3.173828, -5.920409, 14.831540,Walking
676626, 0.218262, 0.867188, 0.194092, -3.051757, -0.488281, 12.268064,Walking
676646, 0.244629, 0.886230, 0.184692, -1.586914, 2.197266, 8.544924,Walking
676666, 0.258423, 0.898804, 0.182983, 0.183105, 1.586914, 4.089356,Walking
676686, 0.263916, 0.933594, 0.184692, 1.586914, 1.403808, -0.427246,Walking
676706, 0.277588, 0.981445, 0.183716, 3.601074, 1.770019, -4.394532,Walking
676726, 0.264038, 1.070801, 0.166870, 8.300784, 8.728030, -8.056642,Walking
676746, 0.263306, 1.123780, 0.184448, 9.704590, 17.395020, -10.620116,Walking
676766, 0.277222, 1.293213, 0.206909, 11.901852, 28.564450, -12.573240,Walking
676786, 0.251831, 1.317994, 0.215820, 23.742670, 44.555660, -18.554690,Walking
676806, 0.287354, 1.272461, 0.184570, 33.752440, 64.697280, -28.564450,Walking
676826, 0.351440, 1.071656, 0.131104, 43.518060, 75.439460, -41.809080,Walking
676846, 0.402222, 0.836304, 0.093384, 45.227040, 74.707040, -54.016100,Walking
676866, 0.488770, 0.659302, 0.072998, 36.010750, 60.791000, -59.753410,Walking
676886, 0.553589, 0.638916, 0.072632, 22.155760, 34.729010, -57.861320,Walking
676906, 0.533081, 0.673828, 0.074219, 15.686032, 11.901852, -53.039540,Walking
676926, 0.479492, 0.720581, 0.068359, 12.634276, 2.380371, -47.973620,Walking
676946, 0.339233, 0.803589, 0.068481, 14.648436, 12.329100, -41.015620,Walking
676966, 0.252930, 0.879761, 0.083618, 15.869140, 40.710440, -34.484870,Walking
676986, 0.340088, 0.977661, 0.109619, 15.991210, 63.903800, -28.625480,Walking
677006, 0.428345, 1.077148, 0.127441, 15.014646, 73.608400, -25.390620,Walking
677026, 0.543091, 1.131714, 0.116943, 17.822270, 72.814940, -25.512690,Walking
677046, 0.591797, 1.046509, 0.106079, 21.423332, 59.814440, -31.005852,Walking
677066, 0.625122, 0.910278, 0.089600, 20.080560, 34.362800, -36.254890,Walking
677086, 0.582520, 0.803223, 0.084961, 11.962890, 8.178714, -36.987310,Walking
677106, 0.532959, 0.765625, 0.071655, 0.183105, -8.544924, -31.188960,Walking
677126, 0.501831, 0.771973, 0.067017, -8.422854, -18.005376, -23.864740,Walking
677146, 0.427856, 0.808716, 0.071411, -12.878416, -15.319820, -16.052250,Walking
677166, 0.415527, 0.863770, 0.093994, -9.887696, -3.051757, -7.141112,Walking
677186, 0.428223, 0.878906, 0.103516, -6.286620, 5.310058, -3.417968,Walking
677206, 0.460816, 0.883179, 0.097290, -3.234863, 9.826660, -1.220704,Walking
677226, 0.488037, 0.878784, 0.093994, -2.258301, 8.666994, -1.403808,Walking
677246, 0.529541, 0.871094, 0.090576, -3.234863, 2.624511, -2.563476,Walking
677266, 0.547241, 0.858887, 0.094360, -6.530760, -8.850100, -3.479003,Walking
677286, 0.541870, 0.871094, 0.089844, -10.253904, -20.080560, -3.051757,Walking
677306, 0.541138, 0.869629, 0.090820, -13.122556, -30.395500, -1.953124,Walking
677326, 0.520996, 0.874390, 0.085449, -15.258788, -39.062500, -0.793457,Walking
677346, 0.497437, 0.889282, 0.078980, -17.272950, -42.358390, 1.647949,Walking
677366, 0.467041, 0.917969, 0.096558, -17.639160, -42.846670, 5.310058,Walking
677406, 0.416382, 0.978028, 0.133301, -19.348150, -35.949720, 16.540530,Walking
677426, 0.448242, 1.128052, 0.146484, -22.216790, -35.583500, 20.751950,Walking
677446, 0.468018, 1.311524, 0.172241, -20.751950, -35.461430, 22.399900,Walking
677466, 0.447510, 1.397950, 0.187866, -9.582520, -30.700680, 22.766110,Walking
677486, 0.365479, 1.231324, 0.178711, 3.479003, -21.606440, 19.897460,Walking
677506, 0.340698, 1.014282, 0.142456, 5.554198, -13.916012, 16.662600,Walking
677526, 0.352661, 0.833862, 0.110718, -2.441407, -12.451170, 19.348150,Walking
677546, 0.392700, 0.750977, 0.095581, -17.089850, -15.624996, 25.024410,Walking
677566, 0.407227, 0.753296, 0.107422, -27.587884, -24.658200, 30.517570,Walking
677586, 0.406250, 0.792969, 0.116577, -33.508300, -34.667980, 34.057620,Walking
677606, 0.360230, 0.874634, 0.113892, -33.447270, -47.180160, 35.766600,Walking
677626, 0.341064, 0.993286, 0.126831, -32.775880, -49.987780, 36.438000,Walking
677646, 0.340454, 1.110840, 0.156372, -25.512690, -50.231920, 39.184580,Walking
677666, 0.280396, 1.164795, 0.179932, -14.892576, -45.166000, 38.696300,Walking
677686, 0.242188, 1.170166, 0.183228, -3.967285, -36.071780, 37.292480,Walking
677706, 0.207764, 1.109009, 0.182617, 3.662109, -25.878900, 35.400400,Walking
677726, 0.157837, 1.026368, 0.182861, 6.408690, -10.986324, 34.118660,Walking
677746, 0.173218, 0.952271, 0.173462, 4.028321, 3.906249, 35.095220,Walking
677766, 0.192749, 0.893311, 0.165161, 0.488281, 11.535644, 35.705570,Walking
677786, 0.225586, 0.832520, 0.149780, -3.234863, 13.488768, 34.484870,Walking
677806, 0.261597, 0.816406, 0.138794, -8.483890, 8.056642, 32.470710,Walking
677826, 0.218018, 0.856445, 0.150391, -9.338380, -0.549316, 29.418940,Walking
677846, 0.198486, 0.887573, 0.151611, -5.859374, 2.258301, 26.550290,Walking
677866, 0.219605, 0.933472, 0.143921, -2.380371, 8.666994, 24.780270,Walking
677886, 0.202148, 0.992554, 0.118164, 3.479003, 15.808104, 25.756830,Walking
677906, 0.169312, 1.020264, 0.101440, 10.620116, 27.832030, 27.160640,Walking
677926, 0.166626, 1.026734, 0.112671, 17.883300, 39.367680, 26.672360,Walking
677946, 0.187378, 1.052002, 0.135864, 26.672360, 46.752920, 24.169920,Walking
677966, 0.203247, 1.066162, 0.138184, 35.949720, 53.283680, 21.667476,Walking
677986, 0.200806, 1.056519, 0.134399, 43.334950, 57.556140, 17.578130,Walking
678006, 0.202026, 1.108154, 0.171021, 45.166000, 62.438960, 13.366696,Walking
678026, 0.205566, 1.214844, 0.203003, 50.720200, 66.345240, 10.131832,Walking
678046, 0.189941, 1.150391, 0.206299, 64.514160, 77.514660, -2.807617,Walking
678066, 0.221680, 1.109864, 0.198242, 68.176280, 83.862300, -12.756344,Walking
678086, 0.204590, 1.038208, 0.187378, 70.312500, 90.820300, -20.446770,Walking
678106, 0.262573, 0.963257, 0.187134, 69.335940, 93.566880, -27.954100,Walking
678126, 0.316772, 0.926758, 0.182739, 67.138680, 87.707500, -32.836920,Walking
678146, 0.337280, 0.915528, 0.171875, 65.856940, 77.819840, -35.705570,Walking
678166, 0.301514, 0.913086, 0.174072, 67.443860, 72.326660, -38.330080,Walking
678186, 0.276611, 0.916260, 0.186401, 70.678720, 73.486340, -40.344230,Walking
678206, 0.282837, 0.942261, 0.185669, 73.303240, 78.796400, -40.588370,Walking
678226, 0.254150, 0.952393, 0.192505, 76.843260, 88.073700, -38.818360,Walking
678246, 0.240845, 0.948120, 0.199829, 78.979500, 101.562480, -36.926280,Walking
678266, 0.277222, 0.942139, 0.199219, 77.697760, 115.905740, -33.386240,Walking
678286, 0.313965, 0.951172, 0.208374, 75.256360, 119.506820, -32.104500,Walking
678306, 0.330933, 0.948853, 0.218750, 75.195320, 121.459940, -33.752440,Walking
678326, 0.358154, 0.934570, 0.221680, 74.829100, 121.337880, -37.780760,Walking
678346, 0.394287, 0.932862, 0.221314, 72.814940, 115.600560, -41.137680,Walking
678366, 0.387695, 0.913086, 0.217407, 70.556640, 110.656720, -41.503900,Walking
678386, 0.377441, 0.876343, 0.198120, 66.833500, 110.656720, -40.527340,Walking
678406, 0.380859, 0.847046, 0.192627, 60.485830, 113.281240, -38.208020,Walking
678426, 0.358032, 0.838257, 0.197144, 52.490220, 117.065400, -33.752440,Walking
678446, 0.380127, 0.847534, 0.197876, 45.410140, 119.812000, -27.282710,Walking
678466, 0.370728, 0.843384, 0.194702, 38.940440, 123.840300, -19.958500,Walking
678486, 0.364990, 0.829590, 0.182007, 29.541010, 132.812500, -11.718748,Walking
678506, 0.390015, 0.840210, 0.188965, 22.827140, 135.314960, -7.324218,Walking
678526, 0.401123, 0.859375, 0.185425, 18.249516, 135.192900, -4.272462,Walking
678546, 0.399414, 0.855225, 0.180176, 14.953610, 133.483900, -1.831054,Walking
678566, 0.407593, 0.870850, 0.163940, 10.192870, 130.676300, -0.793457,Walking
678586, 0.396729, 0.910645, 0.153320, 6.896972, 127.807600, 0.061035,Walking
678606, 0.391113, 0.945435, 0.161377, 5.249022, 126.281720, 0.244141,Walking
678626, 0.404663, 0.970215, 0.172485, 5.432128, 123.779280, -0.305176,Walking
678646, 0.408691, 0.969482, 0.162842, 7.141112, 121.276840, -1.159668,Walking
678666, 0.413086, 0.932617, 0.140991, 8.117676, 119.506820, -3.051757,Walking
678686, 0.417603, 0.891236, 0.134766, 6.286620, 117.492660, -4.089356,Walking
678706, 0.471069, 0.957398, 0.149048, -3.784179, 109.985320, -2.075196,Walking
678726, 0.571778, 1.206177, 0.116211, -6.408690, 99.304180, 5.126952,Walking
678746, 0.528442, 1.217530, 0.152344, 10.009768, 92.712380, 9.826660,Walking
678766, 0.446899, 1.059448, 0.156982, 14.709470, 95.886200, 8.544924,Walking
678786, 0.464478, 1.002076, 0.129395, 17.761230, 86.975080, 13.549804,Walking
678806, 0.428101, 0.936768, 0.125366, 12.268064, 81.298800, 24.475090,Walking
678826, 0.365723, 0.969360, 0.128296, 7.690428, 87.463360, 34.362800,Walking
678846, 0.400391, 1.049561, 0.135620, 8.361816, 95.703100, 42.358390,Walking
678866, 0.399658, 1.109864, 0.151978, 13.061520, 98.266580, 47.363270,Walking
678886, 0.367066, 1.153442, 0.184204, 20.751950, 101.562480, 50.048820,Walking
678906, 0.357910, 1.114990, 0.196899, 30.456540, 105.407700, 51.330560,Walking
678926, 0.321289, 0.937866, 0.181274, 36.438000, 108.520500, 48.461900,Walking
678966, 0.342163, 0.821778, 0.178589, 28.991692, 106.018040, 49.194320,Walking
678986, 0.355347, 0.808472, 0.181030, 25.939940, 99.792460, 49.255360,Walking
679006, 0.369019, 0.805664, 0.185791, 25.146480, 89.477520, 48.156730,Walking
679026, 0.376221, 0.813232, 0.195923, 25.817870, 75.134300, 44.372550,Walking
679046, 0.345947, 0.839356, 0.202148, 27.648920, 64.086940, 41.564930,Walking
679066, 0.309204, 0.892578, 0.216919, 29.418940, 57.983390, 39.611820,Walking
679086, 0.280151, 0.929444, 0.226807, 33.264160, 56.762680, 37.902840,Walking
679106, 0.280762, 0.938721, 0.228638, 36.987310, 59.265120, 31.249992,Walking
679126, 0.280640, 0.904175, 0.229248, 38.940440, 62.561020, 25.085448,Walking
679146, 0.318482, 0.854248, 0.228760, 34.790040, 59.753410, 19.042970,Walking
679166, 0.331421, 0.842163, 0.232300, 31.860350, 52.429190, 15.624996,Walking
679186, 0.342407, 0.829224, 0.229004, 29.296870, 42.236320, 11.108396,Walking
679206, 0.344727, 0.829590, 0.220459, 26.306150, 30.212400, 5.493162,Walking
679226, 0.332520, 0.863281, 0.207397, 23.986810, 21.240230, 1.525878,Walking
679246, 0.320190, 0.892944, 0.206787, 24.291990, 16.357424, -1.647949,Walking
679266, 0.313110, 0.912110, 0.193726, 25.390620, 16.845708, -4.699708,Walking
679286, 0.322144, 0.923462, 0.184082, 27.893060, 17.456060, -7.995604,Walking
679306, 0.319214, 0.961670, 0.182861, 26.672360, 25.634760, -10.620116,Walking
679326, 0.291504, 0.973022, 0.180298, 29.479976, 33.630380, -11.047360,Walking
679346, 0.313965, 0.966064, 0.167480, 29.174800, 41.992180, -11.047360,Walking
679366, 0.353882, 0.996582, 0.158447, 28.869624, 39.611820, -13.183590,Walking
679386, 0.360108, 1.069946, 0.166504, 26.000970, 43.945300, -12.756344,Walking
679406, 0.357788, 1.183106, 0.172607, 25.390620, 48.217760, -13.000484,Walking
679426, 0.364624, 1.215698, 0.164429, 32.043460, 52.307120, -15.747068,Walking
679446, 0.360596, 1.161866, 0.160645, 36.682140, 57.922360, -22.399900,Walking
679466, 0.393433, 1.072876, 0.145386, 38.696300, 59.631340, -29.907220,Walking
679486, 0.406372, 0.961060, 0.130127, 37.109380, 57.250960, -33.142100,Walking
679506, 0.407959, 0.835083, 0.107788, 30.578610, 52.246080, -32.592780,Walking
679526, 0.373169, 0.765015, 0.073486, 19.287110, 46.386710, -28.991692,Walking
679546, 0.333618, 0.696655, 0.042603, 12.939450, 45.410140, -22.949216,Walking
679566, 0.319580, 0.638672, 0.081909, 5.920409, 48.156730, -15.563964,Walking
679586, 0.338745, 0.674561, 0.106079, -4.211426, 52.246080, -5.371092,Walking
679606, 0.362671, 0.778198, 0.082031, -8.483890, 55.541980, -0.549316,Walking
679626, 0.374512, 0.883423, 0.076294, -7.385252, 60.302720, 1.281738,Walking
679646, 0.373413, 0.968384, 0.082397, -3.601074, 68.786640, 0.610352,Walking
679666, 0.415161, 0.999878, 0.074585, 2.197266, 74.096700, -1.220704,Walking
679686, 0.448730, 0.952759, 0.058716, 7.202148, 67.810060, -3.173828,Walking
679706, 0.473389, 0.871826, 0.031494, 6.408690, 62.133780, -5.493162,Walking
679726, 0.469849, 0.801758, 0.030640, 2.929687, 55.664060, -7.446288,Walking
679746, 0.490601, 0.765137, 0.036865, -1.525878, 48.706040, -8.056642,Walking
679766, 0.501343, 0.760254, 0.047607, -5.187988, 38.574220, -7.995604,Walking
679786, 0.497437, 0.788452, 0.061279, -6.469726, 29.296870, -7.690428,Walking
679806, 0.465576, 0.867554, 0.062012, -3.784179, 24.475090, -5.798338,Walking
679826, 0.450440, 0.893677, 0.073120, -0.427246, 26.245110, -4.394532,Walking
679846, 0.468994, 0.898316, 0.077148, -0.061035, 27.954100, -3.173828,Walking
679866, 0.489990, 0.926880, 0.077881, -0.854492, 24.475090, -5.981444,Walking
679886, 0.476807, 0.926514, 0.076172, 0.488281, 25.878900, -9.704590,Walking
679906, 0.508545, 0.897827, 0.071411, -3.173828, 21.972650, -6.591796,Walking
679926, 0.530884, 0.903809, 0.065796, -7.751464, 13.305660, -4.577638,Walking
679946, 0.544312, 0.947144, 0.072754, -11.596676, 1.220704, -1.342773,Walking
679966, 0.518921, 1.015259, 0.073975, -11.840818, -8.911134, 2.136231,Walking
679986, 0.487793, 1.043457, 0.078735, -9.094240, -13.061520, 3.112792,Walking
680006, 0.458008, 1.034668, 0.095093, -7.995604, -12.695310, 3.234863,Walking
680026, 0.512085, 1.157593, 0.106445, -8.789064, -14.831540, 6.347656,Walking
680046, 0.486206, 1.153320, 0.127686, -4.394532, -16.479492, 7.324218,Walking
680066, 0.509400, 1.132202, 0.149292, -1.037598, -21.179192, 7.080076,Walking
680086, 0.476807, 1.115478, 0.152344, 3.234863, -25.817870, 6.408690,Walking
680106, 0.458618, 1.044190, 0.134522, 7.202148, -28.320310, 6.225584,Walking
680126, 0.439453, 0.956665, 0.123169, 7.690428, -32.165540, 7.446288,Walking
680146, 0.416748, 0.882446, 0.108765, 3.356933, -27.099608, 11.169430,Walking
680166, 0.400269, 0.785767, 0.115234, -0.854492, -30.334470, 17.272950,Walking
680186, 0.390381, 0.798462, 0.148071, -10.498044, -34.606940, 24.963376,Walking
680206, 0.378418, 0.907349, 0.162598, -14.587400, -39.917000, 32.653820,Walking
680226, 0.345337, 1.012452, 0.180908, -13.549804, -43.884270, 35.278320,Walking
680246, 0.285278, 1.126954, 0.212524, -6.225584, -42.724600, 35.339360,Walking
680266, 0.263672, 1.109131, 0.204468, 0.915527, -37.475590, 31.677240,Walking
680286, 0.224487, 1.022583, 0.202393, 4.089356, -30.212400, 28.076170,Walking
680306, 0.224243, 0.935303, 0.201294, 2.563476, -24.108880, 26.184080,Walking
680326, 0.237671, 0.864990, 0.197998, -0.793457, -20.385740, 26.367180,Walking
680346, 0.254150, 0.812744, 0.193237, -5.493162, -20.385740, 26.489250,Walking
680366, 0.256592, 0.788330, 0.186157, -10.192870, -22.644040, 26.733390,Walking
680386, 0.253174, 0.784668, 0.186157, -13.916012, -25.573724, 26.855464,Walking
680406, 0.223755, 0.801392, 0.186279, -15.991210, -26.245110, 27.221676,Walking
680426, 0.214355, 0.811279, 0.190064, -16.296390, -24.597160, 26.733390,Walking
680446, 0.192749, 0.819824, 0.188843, -15.258788, -20.446770, 25.085448,Walking
680466, 0.209839, 0.835694, 0.181274, -11.718748, -9.155274, 18.493652,Walking
680486, 0.224731, 0.858765, 0.186768, -8.300784, -4.821778, 12.512204,Walking
680506, 0.235230, 0.868530, 0.190918, -2.929687, -1.342773, 6.896972,Walking
680526, 0.255493, 0.873779, 0.190430, 1.281738, 0.610352, 0.488281,Walking
680546, 0.274414, 0.906006, 0.184814, 3.417968, 1.525878, -4.455568,Walking
680566, 0.292969, 0.956909, 0.178589, 4.211426, 1.831054, -7.690428,Walking
680586, 0.289795, 1.017090, 0.179077, 5.187988, 3.417968, -10.253904,Walking
680606, 0.309570, 1.073120, 0.158325, 6.164550, 9.582520, -11.718748,Walking
680626, 0.335938, 1.127808, 0.169189, 8.178714, 14.343260, -14.709470,Walking
680646, 0.349732, 1.278686, 0.190918, 8.850100, 22.644040, -15.075680,Walking
680666, 0.365601, 1.274536, 0.179077, 22.705070, 26.062010, -20.263670,Walking
680686, 0.382202, 1.163452, 0.139526, 30.334470, 39.733900, -31.433100,Walking
680706, 0.394898, 1.009644, 0.108643, 33.447270, 42.541500, -35.156260,Walking
680726, 0.421509, 0.870606, 0.095093, 29.846190, 43.945300, -37.231450,Walking
680746, 0.485230, 0.786255, 0.081665, 22.033690, 38.024910, -35.827640,Walking
680766, 0.479248, 0.754761, 0.076660, 15.258788, 23.620600, -30.151360,Walking
680786, 0.437134, 0.717529, 0.063843, 11.718748, 15.380856, -23.193352,Walking
680806, 0.374756, 0.686157, 0.058960, 8.544924, 14.160152, -17.578130,Walking
680826, 0.336548, 0.726196, 0.063721, 4.333496, 19.165040, -12.268064,Walking
680846, 0.360108, 0.816040, 0.086914, 2.624511, 23.437492, -7.385252,Walking
680866, 0.378174, 0.934082, 0.112183, 1.586914, 26.855464, -5.249022,Walking
680886, 0.392944, 1.066528, 0.115723, 5.493162, 28.747552, -5.371092,Walking
680906, 0.401489, 1.049438, 0.107422, 16.479492, 31.616208, -11.413570,Walking
680926, 0.418091, 0.958740, 0.092773, 16.845708, 28.686520, -15.441892,Walking
680946, 0.423584, 0.848145, 0.080811, 10.803220, 23.498530, -13.793944,Walking
680966, 0.433350, 0.794434, 0.080566, 0.854492, 17.700200, -9.155274,Walking
680986, 0.456055, 0.786865, 0.072876, -5.310058, 10.253904, -6.286620,Walking
681006, 0.441772, 0.795410, 0.067139, -7.080076, 4.333496, -4.516602,Walking
681026, 0.418213, 0.789307, 0.070435, -5.615234, 2.502442, -3.784179,Walking
681046, 0.418701, 0.781372, 0.074097, -4.394532, 3.417968, -3.723144,Walking
681066, 0.417236, 0.786011, 0.075317, -3.906249, 5.615234, -3.356933,Walking
681086, 0.423462, 0.803711, 0.071899, -2.990722, 8.361816, -2.624511,Walking
681106, 0.442261, 0.807007, 0.064331, -1.892090, 9.338380, -3.112792,Walking
681126, 0.476807, 0.810547, 0.076172, -2.197266, 5.859374, -5.859374,Walking
681146, 0.493530, 0.827026, 0.085205, -2.990722, -0.671386, -7.568358,Walking
681166, 0.509155, 0.871704, 0.083496, -5.371092, -7.690428, -8.300784,Walking
681186, 0.506348, 0.929444, 0.083618, -6.469726, -13.671872, -7.873534,Walking
681206, 0.497681, 0.958740, 0.095215, -7.141112, -17.822270, -7.019042,Walking
681226, 0.489868, 0.997070, 0.122681, -9.643556, -21.301268, -5.493162,Walking
681246, 0.528442, 1.171265, 0.152100, -17.822270, -27.160640, -2.075196,Walking
681266, 0.527466, 1.371704, 0.153320, -14.953610, -31.311030, 3.112792,Walking
681286, 0.465820, 1.364746, 0.157959, -4.821778, -26.916500, 2.990722,Walking
681306, 0.446533, 1.210572, 0.157349, 1.770019, -21.728510, -1.037598,Walking
681326, 0.461182, 1.127564, 0.156860, 0.183105, -21.789548, -3.234863,Walking
681346, 0.447022, 0.996582, 0.134277, -9.033204, -28.259270, 6.103514,Walking
681366, 0.445923, 0.906372, 0.116455, -13.732908, -30.761716, 9.765626,Walking
681386, 0.426636, 0.800659, 0.105347, -15.930172, -37.780760, 12.268064,Walking
681406, 0.387940, 0.717652, 0.099365, -20.446770, -44.738760, 15.441892,Walking
681426, 0.376831, 0.740723, 0.110962, -27.648920, -51.147450, 21.057124,Walking
681446, 0.357178, 0.828003, 0.136353, -30.639640, -56.213370, 26.733390,Walking
681466, 0.345947, 0.937256, 0.165283, -29.907220, -59.570300, 30.029290,Walking
681486, 0.343384, 1.069702, 0.177002, -22.644040, -61.096180, 29.785150,Walking
681506, 0.284912, 1.105347, 0.183960, -8.666994, -59.326160, 25.146480,Walking
681526, 0.236328, 1.039185, 0.191162, 1.831054, -51.208480, 19.653320,Walking
681546, 0.222900, 0.953736, 0.191895, 5.981444, -41.320790, 17.944340,Walking
681566, 0.215210, 0.871948, 0.186523, 3.173828, -26.062010, 20.507810,Walking
681586, 0.237061, 0.844971, 0.178955, -0.183105, -18.737796, 22.338860,Walking
681606, 0.265015, 0.827759, 0.181641, -3.295898, -17.089850, 23.071284,Walking
681626, 0.266235, 0.820923, 0.187500, -5.065916, -19.653320, 22.399900,Walking
681646, 0.244263, 0.825684, 0.192139, -5.615234, -21.118160, 21.545408,Walking
681667, 0.217285, 0.831543, 0.192261, -5.126952, -19.409180, 20.812980,Walking
681687, 0.213623, 0.835205, 0.187622, -4.455568, -15.686032, 19.287110,Walking
681707, 0.219482, 0.842529, 0.185303, -3.356933, -12.634276, 16.723632,Walking
681727, 0.235107, 0.867310, 0.188232, -1.403808, -9.765626, 13.061520,Walking
681747, 0.237305, 0.890625, 0.191895, 3.601074, -7.629394, 8.972170,Walking
681767, 0.242798, 0.919800, 0.189575, 9.033204, -3.906249, 3.234863,Walking
681787, 0.264893, 0.960816, 0.177490, 12.145992, -0.793457, 1.037598,Walking
681807, 0.297608, 0.998902, 0.175781, 15.258788, 1.647949, -0.549316,Walking
681827, 0.285156, 1.090698, 0.212036, 14.038084, 6.347656, -1.464844,Walking
681847, 0.267822, 1.320312, 0.218262, 14.343260, 19.226080, 0.793457,Walking
681867, 0.268677, 1.361206, 0.208252, 27.404780, 35.644540, -1.464844,Walking
681887, 0.262085, 1.249634, 0.162109, 33.935560, 59.570300, -12.023924,Walking
681907, 0.346802, 1.054444, 0.096802, 42.114250, 75.805680, -22.949216,Walking
681927, 0.424805, 0.815796, 0.088623, 38.452160, 75.317400, -33.569340,Walking
681947, 0.487549, 0.710938, 0.094971, 23.681636, 59.265120, -34.301760,Walking
681967, 0.522461, 0.734009, 0.080566, 10.559080, 36.193860, -26.916500,Walking
682047, 0.306763, 0.827271, 0.081909, 2.319336, 32.775880, -7.324218,Walking
682067, 0.351563, 0.954590, 0.098511, -0.061035, 42.114250, -4.943848,Walking
682087, 0.416260, 1.092041, 0.078247, 2.014160, 46.813960, -4.760742,Walking
682107, 0.452148, 1.116700, 0.057739, 9.277344, 49.987780, -8.850100,Walking
682127, 0.439331, 1.017944, 0.044067, 12.756344, 46.997060, -15.747068,Walking
682147, 0.460693, 0.883911, 0.043457, 10.131832, 38.574220, -18.066410,Walking
682167, 0.468872, 0.782959, 0.033813, 0.122070, 25.939940, -14.709470,Walking
682187, 0.458984, 0.757690, 0.025391, -8.605960, 14.770504, -12.878416,Walking
682207, 0.434937, 0.787110, 0.025269, -12.023924, 6.652830, -10.742184,Walking
682227, 0.406494, 0.809570, 0.044922, -8.789064, 6.164550, -10.131832,Walking
682247, 0.382202, 0.816406, 0.065063, -3.967285, 9.094240, -9.826660,Walking
682267, 0.383911, 0.824829, 0.066650, 0.122070, 13.488768, -9.826660,Walking
682287, 0.392090, 0.833740, 0.054932, 3.234863, 19.165040, -11.413570,Walking
682307, 0.415527, 0.834595, 0.055664, 5.615234, 24.475090, -14.404296,Walking
682327, 0.456787, 0.825806, 0.067871, 6.103514, 23.864740, -17.761230,Walking
682347, 0.495483, 0.826416, 0.081177, 4.638672, 18.432620, -20.385740,Walking
682367, 0.510864, 0.846680, 0.083008, 3.662109, 7.324218, -21.850580,Walking
682407, 0.475098, 0.946289, 0.095337, 4.150392, -1.403808, -19.165040,Walking
682427, 0.444702, 0.926026, 0.097778, 4.760742, 6.286620, -13.549804,Walking
682447, 0.447266, 0.988892, 0.124512, -2.380371, 8.544924, -5.249022,Walking
682467, 0.498535, 1.185791, 0.154785, -9.460450, 7.751464, 5.981444,Walking
682487, 0.513550, 1.387574, 0.160034, -6.713866, 9.277344, 13.061520,Walking
682507, 0.455444, 1.315308, 0.151489, 8.483890, 15.624996, 12.268064,Walking
682527, 0.411743, 1.074952, 0.141480, 11.779784, 20.446770, 8.483890,Walking
682547, 0.431519, 0.944702, 0.110230, 6.652830, 18.188480, 9.948730,Walking
682567, 0.432129, 0.853516, 0.092407, -5.004884, 14.831540, 17.150880,Walking
682587, 0.439209, 0.861084, 0.086182, -15.014646, 12.390136, 24.108880,Walking
682607, 0.453613, 0.891968, 0.075928, -17.944340, 8.300784, 28.930660,Walking
682627, 0.424805, 0.876221, 0.079712, -16.784670, 4.882814, 31.494136,Walking
682647, 0.376953, 0.820679, 0.070801, -17.272950, -3.540038, 34.851080,Walking
682667, 0.359985, 0.859253, 0.075317, -22.460930, -8.666994, 40.283200,Walking
682687, 0.375244, 0.978150, 0.098145, -24.902340, -12.207030, 46.264640,Walking
682707, 0.361206, 1.120240, 0.141724, -21.423332, -15.624996, 49.438460,Walking
682727, 0.279053, 1.204712, 0.174316, -10.314940, -14.892576, 49.194320,Walking
682747, 0.229614, 1.173340, 0.170166, 0.366211, -7.019042, 46.508780,Walking
682767, 0.197998, 1.061646, 0.155151, 7.141112, 3.967285, 41.931140,Walking
682787, 0.197022, 0.945068, 0.135864, 6.591796, 15.136716, 38.452160,Walking
682807, 0.221680, 0.880005, 0.135254, 4.394532, 24.230950, 35.583500,Walking
682827, 0.249268, 0.852905, 0.158936, 2.380371, 26.000970, 32.470710,Walking
682847, 0.275635, 0.845093, 0.157471, 3.601074, 23.193352, 29.235832,Walking
682867, 0.269653, 0.845947, 0.149902, 5.859374, 15.441892, 24.658200,Walking
682887, 0.237671, 0.876953, 0.161011, 8.666994, 13.977050, 22.827140,Walking
682907, 0.185669, 0.915405, 0.177490, 13.183590, 19.653320, 22.399900,Walking
682927, 0.164551, 0.922974, 0.184082, 19.226080, 33.081060, 21.667476,Walking
682947, 0.193359, 0.922363, 0.184326, 23.864740, 46.203600, 18.432620,Walking
682967, 0.212524, 0.936890, 0.197754, 29.052730, 53.405750, 14.160152,Walking
682987, 0.232056, 0.964478, 0.224854, 34.973150, 58.166500, 9.826660,Walking
683007, 0.238159, 0.986084, 0.240967, 41.809080, 60.974110, 5.065916,Walking
683027, 0.226196, 0.984253, 0.247070, 48.706040, 64.636240, 0.183105,Walking
683047, 0.227051, 0.978638, 0.241943, 52.246080, 69.702160, -4.455568,Walking
683067, 0.249390, 0.982788, 0.232788, 53.588860, 72.937020, -7.934570,Walking
683087, 0.285767, 0.983398, 0.237183, 54.748520, 70.861840, -11.657712,Walking
683107, 0.281250, 0.985840, 0.239624, 57.495110, 68.725600, -13.244628,Walking
683127, 0.252197, 0.993286, 0.241333, 60.485830, 70.007340, -13.732908,Walking
683147, 0.217773, 1.005982, 0.236938, 63.598620, 76.904300, -10.742184,Walking
683167, 0.233276, 1.022950, 0.220825, 65.307640, 89.111300, -5.249022,Walking
683187, 0.260254, 0.991944, 0.219727, 65.673840, 98.754860, -0.915527,Walking
683207, 0.302490, 1.051270, 0.262695, 61.401360, 99.731440, 2.319336,Walking
683227, 0.338867, 1.226440, 0.291260, 60.791000, 94.055160, 5.065916,Walking
683247, 0.322998, 1.317994, 0.282349, 69.274900, 94.238260, 3.845214,Walking
683267, 0.282715, 1.255982, 0.268188, 80.810540, 104.614240, -3.967285,Walking
683287, 0.264404, 1.082276, 0.241577, 87.280260, 118.103000, -12.634276,Walking
683307, 0.326416, 0.842529, 0.193970, 78.857440, 127.868640, -13.916012,Walking
683327, 0.349732, 0.767334, 0.184204, 67.443860, 121.459940, -9.887696,Walking
683347, 0.392700, 0.761841, 0.175537, 58.105460, 109.191880, -3.967285,Walking
683367, 0.404663, 0.787842, 0.173218, 52.917470, 93.383760, -0.305176,Walking
683387, 0.352051, 0.827393, 0.188965, 52.612300, 83.557100, 1.281738,Walking
683407, 0.304321, 0.876831, 0.187012, 53.039540, 83.496060, 1.831054,Walking
683427, 0.290649, 0.917480, 0.164307, 52.795400, 88.378900, 2.868652,Walking
683447, 0.283569, 0.935425, 0.158691, 51.147450, 96.496560, 2.380371,Walking
683467, 0.302002, 0.948608, 0.162476, 50.659170, 105.102520, 0.122070,Walking
683487, 0.344849, 0.929077, 0.164917, 50.537100, 108.581520, -3.601074,Walking
683507, 0.382446, 0.899780, 0.145752, 49.194320, 105.895980, -8.056642,Walking
683527, 0.387329, 0.844971, 0.119263, 44.372550, 98.876940, -11.047360,Walking
683547, 0.387817, 0.825806, 0.111816, 40.954580, 95.947260, -11.657712,Walking
683567, 0.384644, 0.796997, 0.110962, 38.757330, 92.590300, -12.573240,Walking
683587, 0.370117, 0.785522, 0.108765, 36.682140, 92.285140, -13.488768,Walking
683607, 0.364624, 0.794922, 0.116333, 35.583500, 94.604460, -13.793944,Walking
683627, 0.376099, 0.808960, 0.120361, 35.034180, 96.069320, -13.671872,Walking
683647, 0.380127, 0.815430, 0.121948, 35.522460, 97.961400, -13.732908,Walking
683667, 0.370483, 0.818970, 0.123047, 34.790040, 102.966300, -13.488768,Walking
683687, 0.350220, 0.835816, 0.140015, 34.301760, 111.877420, -12.145992,Walking
683707, 0.306641, 0.859863, 0.168701, 33.142100, 129.516600, -9.582520,Walking
683727, 0.370361, 0.887695, 0.182983, 32.409680, 144.104000, -7.263182,Walking
683747, 0.459473, 0.893188, 0.191406, 27.404780, 141.479500, -2.868652,Walking
683767, 0.462036, 0.883789, 0.203003, 25.451652, 134.521500, -0.244141,Walking
683787, 0.476929, 0.861206, 0.201782, 22.766110, 127.380360, 0.244141,Walking
683807, 0.504272, 0.832398, 0.193359, 18.371584, 119.079560, -0.549316,Walking
683827, 0.502320, 0.801026, 0.186646, 12.878416, 110.656720, -0.488281,Walking
683847, 0.497559, 0.796143, 0.182495, 6.225584, 107.238760, 1.586914,Walking
683867, 0.517822, 0.812256, 0.190552, -0.122070, 103.576640, 4.760742,Walking
683887, 0.547608, 0.881348, 0.206421, -8.850100, 97.595200, 9.033204,Walking
683907, 0.633301, 1.097778, 0.198975, -14.648436, 83.862300, 16.601568,Walking
683927, 0.580811, 1.148682, 0.192871, -4.028321, 73.730480, 21.301268,Walking
683947, 0.494995, 0.985718, 0.194092, 1.953124, 74.768080, 18.859868,Walking
683967, 0.515381, 0.970337, 0.172241, -5.004884, 63.903800, 26.367180,Walking
683987, 0.556763, 0.998535, 0.137939, -12.695310, 52.490220, 32.409680,Walking
684007, 0.539795, 1.087524, 0.145508, -15.563964, 38.879400, 37.475590,Walking
684027, 0.459595, 1.154541, 0.152710, -9.521484, 35.034180, 37.475590,Walking
684047, 0.406494, 1.159180, 0.189941, 0.427246, 40.161120, 36.682140,Walking
684067, 0.361694, 1.112305, 0.214478, 7.568358, 50.354000, 37.658700,Walking
684087, 0.364746, 1.034912, 0.209717, 13.549804, 58.044420, 37.841800,Walking
684107, 0.380615, 0.904785, 0.197754, 15.808104, 59.387200, 35.705570,Walking
684127, 0.371826, 0.839966, 0.179199, 14.892576, 57.800280, 32.531740,Walking
684147, 0.405518, 0.787598, 0.178467, 14.343260, 49.499500, 28.198240,Walking
684167, 0.378418, 0.759155, 0.193970, 14.404296, 39.672860, 22.827140,Walking
684187, 0.376953, 0.726440, 0.193237, 16.052250, 24.963376, 16.601568,Walking
684207, 0.360474, 0.729980, 0.193604, 16.052250, 14.709470, 14.038084,Walking
684227, 0.309814, 0.770630, 0.200684, 17.089850, 9.765626, 12.390136,Walking
684247, 0.288696, 0.830688, 0.202759, 20.202630, 11.413570, 10.803220,Walking
684267, 0.257446, 0.884033, 0.217529, 24.719230, 17.150880, 9.033204,Walking
684287, 0.253540, 0.911743, 0.235840, 31.249992, 25.085448, 5.798338,Walking
684307, 0.278198, 0.899658, 0.245850, 36.438000, 29.418940, 0.732422,Walking
684327, 0.300293, 0.910034, 0.246338, 37.475590, 28.808590, -3.234863,Walking
684347, 0.300171, 0.932984, 0.253418, 37.780760, 26.306150, -5.920409,Walking
684367, 0.281372, 0.936768, 0.250610, 37.475590, 27.282710, -8.422854,Walking
684387, 0.305054, 0.912110, 0.246826, 34.790040, 24.536130, -10.925290,Walking
684407, 0.298950, 0.948120, 0.228394, 25.390620, 21.240230, -11.535644,Walking
684427, 0.290894, 0.994507, 0.213135, 22.583000, 23.376460, -9.826660,Walking
684447, 0.300171, 1.006836, 0.206177, 20.751950, 25.939940, -8.911134,Walking
684467, 0.277100, 1.020386, 0.203491, 20.751950, 33.203130, -7.934570,Walking
684487, 0.305908, 1.039673, 0.204346, 20.812980, 39.245610, -7.202148,Walking
684507, 0.318115, 1.088868, 0.194458, 22.277830, 40.527340, -6.103514,Walking
684527, 0.306885, 1.092530, 0.188477, 25.512690, 45.654280, -3.723144,Walking
684547, 0.315552, 1.077148, 0.185181, 25.939940, 50.903310, -4.211426,Walking
684567, 0.338623, 1.155884, 0.186401, 23.803708, 54.077140, -3.662109,Walking
684587, 0.330322, 1.175415, 0.187378, 28.015130, 57.128900, -4.455568,Walking
684607, 0.322022, 1.158692, 0.181519, 29.663080, 64.575200, -7.507323,Walking
684627, 0.359131, 0.965820, 0.131104, 36.376960, 71.228040, -12.207030,Walking
684647, 0.408936, 0.807373, 0.111450, 32.226570, 65.734860, -16.113284,Walking
684667, 0.422363, 0.730713, 0.102173, 23.986810, 54.138180, -15.502928,Walking
684687, 0.436768, 0.711792, 0.090332, 17.761230, 41.198720, -12.268064,Walking
684707, 0.387207, 0.684448, 0.095581, 13.977050, 33.325200, -8.300784,Walking
684727, 0.349732, 0.714234, 0.093994, 9.582520, 32.836920, -3.601074,Walking
684747, 0.346558, 0.796387, 0.074097, 7.385252, 36.682140, 0.915527,Walking
684767, 0.334717, 0.857544, 0.094482, 7.690428, 44.799800, 3.601074,Walking
684787, 0.362427, 0.930542, 0.111694, 8.911134, 54.687490, 5.310058,Walking
684807, 0.380615, 0.968628, 0.118896, 13.793944, 56.152340, 6.103514,Walking
684827, 0.371826, 0.948486, 0.122925, 15.991210, 60.119620, 5.554198,Walking
684847, 0.423462, 0.842041, 0.099487, 11.657712, 57.250960, 4.089356,Walking
684867, 0.445923, 0.791504, 0.091309, 3.784179, 48.095700, 3.967285,Walking
684887, 0.449707, 0.768799, 0.084839, -3.234863, 38.391120, 4.089356,Walking
684907, 0.439819, 0.761719, 0.085938, -7.568358, 29.357908, 4.333496,Walking
684927, 0.427124, 0.772217, 0.084229, -10.314940, 22.827140, 4.699708,Walking
684947, 0.413086, 0.801636, 0.079346, -10.925290, 19.897460, 5.432128,Walking
684967, 0.383179, 0.806274, 0.074585, -9.704590, 21.606440, 5.615234,Walking
684987, 0.411255, 0.819214, 0.076294, -9.704590, 24.291990, 5.249022,Walking
685007, 0.431152, 0.835694, 0.088623, -8.850100, 21.484370, 3.051757,Walking
685027, 0.458984, 0.859497, 0.102539, -7.812498, 16.357424, -0.366211,Walking
685047, 0.466675, 0.882812, 0.089233, -6.896972, 9.216310, -4.455568,Walking
685067, 0.471436, 0.884888, 0.082886, -7.080076, -1.403808, -9.826660,Walking
685087, 0.493286, 0.892700, 0.098389, -8.850100, -10.192870, -11.413570,Walking
685107, 0.499756, 0.924316, 0.103882, -11.230468, -20.080560, -11.718748,Walking
685127, 0.485230, 1.004883, 0.105591, -12.390136, -26.611320, -10.009768,Walking
685147, 0.460571, 1.070068, 0.105469, -9.887696, -26.855464, -8.056642,Walking
685167, 0.431274, 1.066894, 0.115356, -6.225584, -24.047850, -8.300784,Walking
685187, 0.458740, 1.130249, 0.136841, -8.361816, -20.690910, -7.202148,Walking
685207, 0.489868, 1.229980, 0.146240, -5.371092, -21.728510, -3.845214,Walking
685227, 0.451172, 1.237671, 0.147705, -0.305176, -16.479492, -2.868652,Walking
685247, 0.434326, 1.155762, 0.137817, 7.751464, -8.239746, -2.990722,Walking
685267, 0.374390, 1.044800, 0.112549, 11.352536, 1.220704, -2.624511,Walking
685287, 0.464966, 0.897583, 0.140259, 5.432128, 1.586914, 4.943848,Walking
685307, 0.502686, 0.873902, 0.172119, -5.615234, -6.530760, 10.925290,Walking
685327, 0.534790, 0.868408, 0.154419, -10.925290, -22.949216, 15.441892,Walking
685347, 0.454834, 0.858521, 0.159668, -15.441892, -37.841800, 17.639160,Walking
685367, 0.425293, 0.905029, 0.161987, -18.615724, -49.682610, 19.775390,Walking
685387, 0.371826, 0.932984, 0.172852, -20.141600, -58.105460, 22.216790,Walking
685407, 0.336792, 0.997559, 0.191040, -22.094720, -61.035140, 24.963376,Walking
685427, 0.302490, 1.079102, 0.198608, -19.409180, -60.668940, 27.893060,Walking
685447, 0.263794, 1.075806, 0.199097, -12.207030, -57.312000, 29.846190,Walking
685467, 0.226196, 1.004272, 0.193726, -7.507323, -50.292960, 28.930660,Walking
685487, 0.227173, 0.946533, 0.187866, -6.896972, -43.640120, 28.930660,Walking
685507, 0.245972, 0.907593, 0.191895, -11.108396, -39.306640, 32.043460,Walking
685527, 0.252564, 0.907349, 0.196167, -11.901852, -38.085940, 33.508300,Walking
685547, 0.228027, 0.891724, 0.188721, -10.681150, -36.010750, 33.630380,Walking
685567, 0.207275, 0.858643, 0.179077, -9.521484, -30.334470, 32.287600,Walking
685587, 0.195923, 0.834961, 0.177734, -9.704590, -22.338860, 30.883784,Walking
685607, 0.206055, 0.833252, 0.183472, -9.155274, -16.174320, 29.724120,Walking
685627, 0.210327, 0.829346, 0.190308, -6.591796, -11.840818, 27.526850,Walking
685647, 0.220215, 0.813477, 0.188599, -2.868652, -8.972170, 23.315424,Walking
685667, 0.230225, 0.814575, 0.185181, -0.793457, -6.774902, 18.188480,Walking
685687, 0.245972, 0.848755, 0.183594, 1.403808, -6.103514, 13.427732,Walking
685707, 0.220581, 0.906860, 0.200439, 2.258301, -3.417968, 10.498044,Walking
685727, 0.242676, 1.027100, 0.215088, 6.530760, 4.821778, 6.530760,Walking
685747, 0.257446, 1.097046, 0.197022, 11.657712, 12.145992, 3.173828,Walking
685767, 0.271606, 1.090454, 0.188599, 17.700200, 20.874020, -1.586914,Walking
685787, 0.272705, 1.161255, 0.213135, 16.540530, 28.686520, -5.065916,Walking
685807, 0.285156, 1.172852, 0.194458, 26.184080, 36.071780, -7.324218,Walking
685827, 0.291992, 1.075562, 0.181519, 27.038570, 46.752920, -15.319820,Walking
685847, 0.342285, 1.079834, 0.159302, 28.503410, 52.490220, -21.118160,Walking
685867, 0.347534, 0.938843, 0.138916, 31.249992, 54.626460, -26.184080,Walking
685887, 0.387817, 0.815796, 0.114990, 28.198240, 52.917470, -31.127924,Walking
685907, 0.431763, 0.741211, 0.093140, 21.423332, 42.785640, -31.799310,Walking
685927, 0.415649, 0.717896, 0.082031, 15.502928, 30.578610, -28.869624,Walking
685947, 0.373291, 0.704712, 0.075928, 10.009768, 24.230950, -23.925780,Walking
685967, 0.374268, 0.768555, 0.090454, 6.652830, 23.010250, -21.972650,Walking
685987, 0.381592, 0.865967, 0.101563, 5.920409, 22.521970, -22.094720,Walking
686007, 0.403442, 0.997925, 0.100342, 6.103514, 22.277830, -24.291990,Walking
686027, 0.439819, 1.087036, 0.087036, 12.023924, 23.559568, -28.198240,Walking
686047, 0.443359, 1.043702, 0.082031, 18.493652, 23.742670, -35.766600,Walking
686067, 0.477661, 0.957154, 0.085693, 20.385740, 18.676760, -41.076650,Walking
686087, 0.484985, 0.858765, 0.083130, 16.906740, 11.047360, -40.893540,Walking
686107, 0.478027, 0.784546, 0.076416, 9.948730, 2.502442, -37.353520,Walking
686127, 0.466309, 0.756592, 0.060791, 2.563476, -1.647949, -32.165540,Walking
686147, 0.445679, 0.754150, 0.058350, -3.173828, -2.319336, -26.062010,Walking
686167, 0.432251, 0.784790, 0.079224, -8.178714, -0.854492, -16.296390,Walking
686187, 0.434937, 0.811524, 0.085449, -8.850100, 2.136231, -10.864256,Walking
686207, 0.437378, 0.843628, 0.075439, -8.239746, 7.568358, -8.422854,Walking
686227, 0.455322, 0.854736, 0.075806, -5.859374, 12.207030, -8.666994,Walking
686247, 0.481690, 0.844360, 0.091309, -4.394532, 12.634276, -8.728030,Walking
686267, 0.502930, 0.829590, 0.091309, -5.249022, 9.521484, -7.568358,Walking
686287, 0.523438, 0.837646, 0.073242, -9.094240, 3.906249, -5.249022,Walking
686307, 0.527222, 0.870239, 0.070923, -13.244628, -3.295898, -2.929687,Walking
686327, 0.519409, 0.914185, 0.076660, -16.174320, -9.155274, -0.976562,Walking
686347, 0.520386, 0.968750, 0.082520, -18.005376, -15.441892, 1.159668,Walking
686367, 0.506714, 1.007568, 0.089111, -17.517090, -20.874020, 3.662109,Walking
686387, 0.436279, 1.046143, 0.115479, -15.930172, -21.301268, 7.812498,Walking
686407, 0.437256, 1.156860, 0.130981, -18.127448, -16.967780, 12.390136,Walking
686427, 0.453125, 1.273926, 0.128052, -13.732908, -11.657712, 16.906740,Walking
686447, 0.442749, 1.295044, 0.147827, -7.507323, -6.713866, 15.991210,Walking
686467, 0.470215, 1.261841, 0.152588, -0.854492, -3.234863, 14.709470,Walking
686487, 0.434692, 1.141602, 0.158936, 4.211426, -3.784179, 12.756344,Walking
686507, 0.423096, 0.976562, 0.135620, 5.676268, -4.211426, 12.451170,Walking
686527, 0.437378, 0.822266, 0.103027, -0.488281, -7.690428, 14.038084,Walking
686547, 0.428955, 0.744141, 0.092407, -8.728030, -14.465330, 17.578130,Walking
686567, 0.408325, 0.733887, 0.111084, -15.869140, -21.423332, 22.521970,Walking
686587, 0.406494, 0.799072, 0.144165, -20.751950, -29.235832, 27.343748,Walking
686607, 0.376099, 0.967285, 0.163574, -20.019532, -40.954580, 32.348640,Walking
686627, 0.346069, 1.079468, 0.166382, -14.709470, -43.701160, 32.531740,Walking
686647, 0.315308, 1.125977, 0.171875, -5.798338, -41.748040, 29.541010,Walking
686667, 0.289673, 1.089722, 0.182129, 2.197266, -36.376960, 24.047850,Walking
686687, 0.273438, 1.000610, 0.183350, 6.591796, -31.066890, 19.165040,Walking
686707, 0.274780, 0.915894, 0.183960, 6.103514, -27.893060, 17.211920,Walking
686727, 0.276367, 0.866577, 0.178833, 2.685546, -25.817870, 17.822270,Walking
686747, 0.277100, 0.835571, 0.173584, 0.244141, -24.414060, 19.409180,Walking
686767, 0.270264, 0.806641, 0.165161, -1.037598, -23.681636, 20.080560,Walking
686787, 0.260986, 0.783692, 0.166138, -2.441407, -22.766110, 20.690910,Walking
686807, 0.251099, 0.783081, 0.176025, -4.516602, -21.850580, 21.911620,Walking
686827, 0.207397, 0.825806, 0.176636, -5.187988, -13.732908, 23.620600,Walking
686867, 0.212769, 0.834473, 0.173706, 0.610352, 0.244141, 17.700200,Walking
686887, 0.235718, 0.836914, 0.179321, 2.868652, 4.516602, 12.512204,Walking
686907, 0.254761, 0.843140, 0.189453, 5.126952, 5.615234, 7.324218,Walking
686927, 0.274170, 0.864868, 0.190186, 6.042480, 4.211426, 2.014160,Walking
686947, 0.277710, 0.919800, 0.181519, 6.530760, 2.197266, -2.319336,Walking
686967, 0.270630, 0.986084, 0.185059, 6.958006, 4.028321, -5.798338,Walking
686987, 0.277344, 1.056641, 0.185303, 8.605960, 8.972170, -7.873534,Walking
687007, 0.280518, 1.087158, 0.178345, 12.084960, 16.113284, -10.009768,Walking
687027, 0.284058, 1.136963, 0.207886, 10.498044, 22.827140, -12.573240,Walking
687047, 0.327637, 1.241944, 0.179932, 20.568840, 31.799310, -16.967780,Walking
687067, 0.326538, 1.180420, 0.183960, 21.606440, 41.503900, -25.512690,Walking
687087, 0.381348, 1.201904, 0.162354, 28.259270, 46.081540, -30.639640,Walking
687107, 0.380005, 1.005127, 0.136963, 35.217290, 48.095700, -37.414560,Walking
687127, 0.405396, 0.839478, 0.118896, 33.752440, 47.180160, -41.381820,Walking
687147, 0.450806, 0.752808, 0.114746, 25.085448, 36.926280, -39.489750,Walking
687167, 0.410767, 0.785034, 0.131348, 16.357424, 25.451652, -34.423840,Walking
687187, 0.364624, 0.837158, 0.120239, 14.160152, 23.986810, -28.564450,Walking
687207, 0.362793, 0.834229, 0.076050, 16.723632, 29.113768, -26.123040,Walking
687227, 0.331055, 0.778687, 0.089478, 19.531250, 37.414560, -26.855464,Walking
687247, 0.384155, 0.795288, 0.110107, 17.700200, 43.151840, -25.329584,Walking
687307, 0.482788, 1.014038, 0.079346, 14.099120, 31.433100, -22.094720,Walking
687327, 0.483887, 0.941284, 0.061401, 13.305660, 26.062010, -24.475090,Walking
687347, 0.506226, 0.875854, 0.056763, 7.751464, 17.883300, -23.315424,Walking
687367, 0.489990, 0.826050, 0.058350, 0.366211, 8.117676, -17.578130,Walking
687387, 0.465942, 0.804077, 0.051514, -5.126952, 1.708984, -10.925290,Walking
687407, 0.450440, 0.804566, 0.046753, -7.690428, -0.488281, -5.676268,Walking
687427, 0.418945, 0.817505, 0.048950, -7.324218, 1.159668, -2.075196,Walking
687447, 0.404297, 0.835205, 0.060547, -6.042480, 5.920409, 0.915527,Walking
687467, 0.404663, 0.853760, 0.080200, -4.455568, 10.681150, 4.089356,Walking
687487, 0.436035, 0.861572, 0.078247, -3.540038, 12.512204, 5.920409,Walking
687507, 0.451538, 0.855225, 0.074219, -4.394532, 9.765626, 5.432128,Walking
687527, 0.462646, 0.849610, 0.070190, -6.774902, 4.394532, 4.516602,Walking
687547, 0.464966, 0.845215, 0.073120, -10.192870, -1.831054, 4.272462,Walking
687567, 0.463989, 0.852051, 0.079346, -13.671872, -8.605960, 4.760742,Walking
687607, 0.425415, 0.916992, 0.082153, -15.930172, -14.770504, 8.850100,Walking
687627, 0.394409, 0.930908, 0.082031, -15.808104, -12.756344, 11.901852,Walking
687647, 0.373901, 0.951538, 0.092651, -15.808104, -8.300784, 15.502928,Walking
687667, 0.380982, 1.016358, 0.127075, -18.432620, -4.394532, 19.226080,Walking
687687, 0.406494, 1.180664, 0.166382, -20.324700, -4.516602, 23.010250,Walking
687707, 0.384155, 1.408936, 0.193359, -10.009768, -3.784179, 23.620600,Walking
687727, 0.328613, 1.261230, 0.163940, 3.967285, 4.638672, 18.798830,Walking
687747, 0.279907, 1.044922, 0.142456, 6.347656, 12.512204, 12.145992,Walking
687767, 0.312744, 0.879761, 0.145874, 2.075196, 13.671872, 10.437010,Walking
687787, 0.336182, 0.772705, 0.136230, -9.399414, 8.544924, 12.268064,Walking
687807, 0.368286, 0.766236, 0.127319, -20.141600, 1.403808, 16.723632,Walking
687827, 0.358765, 0.790650, 0.128418, -26.184080, -8.544924, 20.202630,Walking
687847, 0.333252, 0.844238, 0.123413, -28.320310, -16.418460, 21.728510,Walking
687867, 0.286133, 0.925293, 0.134766, -27.343748, -19.836430, 23.315424,Walking
687887, 0.270142, 1.005982, 0.144775, -23.071284, -18.493652, 26.000970,Walking
687907, 0.263428, 1.064087, 0.161987, -16.906740, -15.319820, 26.611320,Walking
687927, 0.240845, 1.141724, 0.185059, -4.516602, -7.202148, 23.986810,Walking
687947, 0.203247, 1.129272, 0.187012, 4.455568, 0.610352, 22.094720,Walking
687967, 0.186035, 1.057496, 0.185913, 10.498044, 10.375976, 19.470220,Walking
687987, 0.159424, 0.975586, 0.190186, 12.023924, 20.812980, 19.042970,Walking
688007, 0.191772, 0.913696, 0.179199, 9.155274, 29.785150, 18.920900,Walking
688027, 0.229492, 0.885620, 0.170410, 5.615234, 31.433100, 18.127448,Walking
688047, 0.245972, 0.899414, 0.179565, 4.272462, 28.808590, 17.395020,Walking
688067, 0.248779, 0.921753, 0.187012, 6.347656, 23.559568, 16.601568,Walking
688087, 0.274292, 0.935669, 0.192139, 9.460450, 13.793944, 15.991210,Walking
688107, 0.278198, 0.949707, 0.200317, 13.122556, -1.464844, 15.563964,Walking
688127, 0.156128, 0.953491, 0.208740, 18.127448, -4.577638, 15.563964,Walking
688147, 0.123169, 0.962402, 0.184937, 27.221676, 23.925780, 10.620116,Walking
688167, 0.114136, 0.981079, 0.217773, 32.470710, 39.917000, 6.774902,Walking
688187, 0.142944, 1.005249, 0.239380, 38.940440, 53.833000, 5.615234,Walking
688207, 0.195313, 1.013184, 0.235840, 44.311520, 60.363760, 5.676268,Walking
688227, 0.198120, 1.028809, 0.241821, 48.889150, 60.974110, 5.432128,Walking
688247, 0.165283, 1.042969, 0.238037, 54.016100, 67.565940, 4.089356,Walking
688267, 0.174072, 1.076538, 0.251831, 56.030260, 78.247080, 1.342773,Walking
688287, 0.182983, 1.137329, 0.263550, 60.424800, 88.256820, -0.122070,Walking
688307, 0.178711, 1.093262, 0.243042, 68.420420, 102.111800, -3.234863,Walking
688327, 0.217285, 1.011475, 0.228149, 70.617700, 112.731900, -8.728030,Walking
688347, 0.250366, 0.978028, 0.229248, 69.213880, 116.271960, -10.192870,Walking
688367, 0.185669, 1.047486, 0.245483, 67.749040, 128.234900, -8.361816,Walking
688387, 0.209717, 1.026856, 0.240479, 73.303240, 145.813000, -8.728030,Walking
688407, 0.300537, 0.949829, 0.229370, 74.096700, 147.888200, -10.620116,Walking
688427, 0.360596, 0.884522, 0.215454, 71.167000, 136.047400, -10.314940,Walking
688447, 0.357910, 0.844238, 0.206909, 66.589360, 120.727520, -10.620116,Walking
688467, 0.369019, 0.838745, 0.201660, 62.255850, 105.773900, -11.901852,Walking
688487, 0.339844, 0.847290, 0.203491, 58.959950, 92.285140, -12.817380,Walking
688507, 0.284302, 0.870117, 0.189331, 57.800280, 91.003400, -13.061520,Walking
688527, 0.267944, 0.893555, 0.182129, 57.678220, 99.365220, -14.221190,Walking
688547, 0.275513, 0.903931, 0.189209, 58.959950, 110.168440, -15.747068,Walking
688567, 0.318970, 0.894043, 0.193115, 59.692380, 115.722640, -17.395020,Walking
688587, 0.347412, 0.892578, 0.197510, 58.715810, 119.079560, -17.761230,Walking
688607, 0.371582, 0.895630, 0.187256, 57.067860, 118.530240, -17.028810,Walking
688627, 0.368042, 0.885620, 0.177124, 54.931630, 119.140600, -16.052250,Walking
688647, 0.368286, 0.868408, 0.179321, 52.001940, 121.093720, -15.258788,Walking
688667, 0.379028, 0.859497, 0.178833, 47.790520, 120.483380, -13.793944,Walking
688687, 0.379883, 0.857666, 0.174805, 42.968740, 121.215800, -9.826660,Walking
688707, 0.387695, 0.852661, 0.159790, 37.658700, 123.168920, -5.371092,Walking
688727, 0.390259, 0.856445, 0.154175, 33.142100, 123.107900, -1.586914,Walking
688747, 0.382690, 0.861694, 0.149048, 29.052730, 124.389640, 2.075196,Walking
688767, 0.389160, 0.871704, 0.150024, 25.268550, 126.892080, 4.760742,Walking
688787, 0.415649, 0.901367, 0.136963, 21.972650, 128.112800, 6.347656,Walking
688807, 0.421631, 0.903687, 0.140869, 20.996090, 125.427240, 7.873534,Walking
688827, 0.417603, 0.887695, 0.138062, 19.775390, 123.107900, 7.812498,Walking
688847, 0.414917, 0.883789, 0.139526, 18.005376, 121.093720, 8.422854,Walking
688867, 0.424438, 0.876587, 0.134644, 15.258788, 118.225080, 9.216310,Walking
688887, 0.419190, 0.878418, 0.127686, 12.512204, 116.699200, 10.131832,Walking
688907, 0.431519, 0.873169, 0.125244, 10.498044, 114.868160, 11.352536,Walking
688927, 0.423950, 0.863770, 0.126465, 7.507323, 112.487760, 12.512204,Walking
688947, 0.458618, 0.918091, 0.145630, 1.159668, 108.703600, 14.587400,Walking
688967, 0.524170, 1.083252, 0.155029, -3.417968, 95.825180, 17.150880,Walking
688987, 0.524170, 1.204468, 0.135254, 5.493162, 84.228500, 19.165040,Walking
689007, 0.451782, 1.085328, 0.149536, 14.953610, 78.979500, 16.296390,Walking
689027, 0.429077, 1.006958, 0.148560, 17.150880, 73.669440, 19.897460,Walking
689047, 0.434082, 0.941162, 0.147339, 15.075680, 70.251480, 24.658200,Walking
689067, 0.441650, 0.939331, 0.150024, 11.901852, 67.443860, 28.259270,Walking
689087, 0.444946, 0.984375, 0.146240, 10.681150, 66.284200, 31.433100,Walking
689107, 0.451172, 1.017090, 0.152222, 12.084960, 63.598620, 33.447270,Walking
689127, 0.409668, 1.025879, 0.165527, 13.854978, 63.476560, 34.851080,Walking
689147, 0.408936, 1.020264, 0.172730, 15.502928, 60.546860, 37.292480,Walking
689167, 0.342285, 0.976318, 0.176392, 17.333990, 62.011710, 38.940440,Walking
689187, 0.367798, 0.927734, 0.170654, 16.235352, 62.438960, 39.001470,Walking
689207, 0.382202, 0.907471, 0.163940, 14.343260, 56.823720, 38.635260,Walking
689227, 0.379517, 0.881714, 0.163452, 13.549804, 49.621580, 37.475590,Walking
689247, 0.350708, 0.888794, 0.172241, 13.244628, 39.184580, 35.766600,Walking
689267, 0.325684, 0.881104, 0.168579, 15.075680, 34.362800, 34.973150,Walking
689287, 0.291748, 0.873535, 0.167358, 15.808104, 33.386240, 34.057620,Walking
689307, 0.283081, 0.875000, 0.171387, 16.174320, 35.278320, 33.081060,Walking
689327, 0.270874, 0.888184, 0.176758, 17.150880, 37.902840, 31.249992,Walking
689347, 0.267822, 0.903564, 0.183105, 19.775390, 41.137680, 28.015130,Walking
689367, 0.268799, 0.908692, 0.188721, 23.803708, 43.823240, 23.803708,Walking
689387, 0.276123, 0.881470, 0.186523, 27.099608, 44.372550, 18.493652,Walking
689407, 0.290405, 0.862549, 0.183472, 27.893060, 41.809080, 12.268064,Walking
689427, 0.304688, 0.855225, 0.181519, 28.442380, 38.269050, 5.798338,Walking
689447, 0.303101, 0.850708, 0.182617, 29.296870, 34.851080, -0.671386,Walking
689467, 0.316284, 0.848022, 0.174438, 31.799310, 31.005852, -9.277344,Walking
689487, 0.321777, 0.856445, 0.175293, 32.226570, 27.587884, -14.465330,Walking
689507, 0.322998, 0.878052, 0.172974, 33.630380, 26.977532, -19.409180,Walking
689527, 0.321289, 0.880860, 0.177246, 35.827640, 27.282710, -23.681636,Walking
689547, 0.321289, 0.891724, 0.178101, 36.987310, 29.968260, -27.587884,Walking
689567, 0.356567, 0.920898, 0.179810, 37.231450, 30.578610, -30.578610,Walking
689587, 0.357666, 0.960083, 0.171631, 37.109380, 31.799310, -32.165540,Walking
689607, 0.390015, 0.976318, 0.154663, 37.048340, 33.142100, -33.325200,Walking
689627, 0.392334, 1.001587, 0.169434, 34.912120, 30.456540, -33.813480,Walking
689647, 0.410278, 1.132568, 0.184937, 28.198240, 30.273430, -30.822750,Walking
689667, 0.415649, 1.279175, 0.176880, 31.249992, 32.043460, -25.817870,Walking
689687, 0.324951, 1.227173, 0.178345, 36.804200, 51.940910, -25.512690,Walking
689707, 0.367310, 1.100098, 0.125977, 38.940440, 65.246600, -27.832030,Walking
689727, 0.395630, 0.965088, 0.129028, 32.775880, 66.833500, -28.564450,Walking
689747, 0.412964, 0.898804, 0.144775, 24.841304, 63.293440, -23.864740,Walking
689767, 0.421753, 0.856934, 0.125488, 18.615724, 57.128900, -19.165040,Walking
689787, 0.450928, 0.807617, 0.099487, 14.099120, 45.410140, -16.418460,Walking
689807, 0.410522, 0.746704, 0.063477, 10.314940, 34.912120, -13.916012,Walking
689827, 0.361328, 0.704346, 0.047974, 5.737304, 31.372068, -9.094240,Walking
689847, 0.320068, 0.713379, 0.055176, 0.488281, 33.752440, -1.831054,Walking
689867, 0.268677, 0.782959, 0.063843, -3.234863, 47.058100, 6.713866,Walking
689887, 0.305176, 0.858887, 0.067505, -3.112792, 62.988270, 13.366696,Walking
689907, 0.349609, 0.976807, 0.081543, -1.220704, 76.416040, 19.592290,Walking
689927, 0.410645, 0.992432, 0.080933, 3.051757, 76.538100, 19.897460,Walking
689947, 0.440674, 0.935059, 0.055298, 3.417968, 70.800800, 15.808104,Walking
689967, 0.481934, 0.873657, 0.026123, -0.122070, 60.852040, 12.207030,Walking
689987, 0.493286, 0.808228, 0.032104, -6.591796, 45.471180, 10.437010,Walking
690007, 0.491211, 0.789673, 0.029907, -11.291500, 30.517570, 9.216310,Walking
690027, 0.481323, 0.785889, 0.023682, -13.122556, 20.019532, 7.507323,Walking
690047, 0.458496, 0.798950, 0.023926, -13.488768, 15.502928, 6.958006,Walking
690067, 0.454834, 0.821900, 0.027954, -11.779784, 12.817380, 6.408690,Walking
690087, 0.450440, 0.849854, 0.040161, -9.643556, 12.634276, 6.835936,Walking
690107, 0.449341, 0.878784, 0.051025, -6.896972, 13.610836, 7.263182,Walking
690127, 0.460449, 0.896606, 0.054199, -4.211426, 14.831540, 7.202148,Walking
690147, 0.475098, 0.893555, 0.044556, -4.272462, 14.038084, 6.530760,Walking
690167, 0.489258, 0.868408, 0.047852, -5.676268, 9.887696, 4.760742,Walking
690187, 0.496094, 0.859375, 0.062012, -7.690428, 3.051757, 2.746581,Walking
690207, 0.506104, 0.878418, 0.074097, -9.338380, -6.469726, 1.159668,Walking
690227, 0.489990, 0.919556, 0.076904, -9.521484, -14.221190, 0.183105,Walking
690247, 0.489624, 0.967407, 0.072022, -10.070800, -19.531250, 0.061035,Walking
690267, 0.460449, 1.035156, 0.086426, -10.803220, -22.277830, 0.976562,Walking
690287, 0.443726, 1.047364, 0.084595, -7.568358, -21.667476, 0.915527,Walking
690307, 0.503418, 0.986816, 0.066040, -8.117676, -24.719230, -3.845214,Walking
690327, 0.582276, 1.079102, 0.057983, -15.197750, -35.583500, -7.629394,Walking
690347, 0.544800, 1.169800, 0.110596, -7.507323, -51.452620, -11.169430,Walking
690367, 0.539551, 1.253784, 0.118652, -0.854492, -54.748520, -13.366696,Walking
690387, 0.504272, 1.155030, 0.126831, 11.596676, -54.321280, -14.770504,Walking
690407, 0.470825, 1.001343, 0.112915, 13.732908, -50.537100, -15.075680,Walking
690427, 0.455811, 0.887573, 0.083496, 8.666994, -46.508780, -7.934570,Walking
690447, 0.434082, 0.846192, 0.066406, -1.220704, -43.334950, 3.356933,Walking
690467, 0.395020, 0.812134, 0.079834, -5.981444, -41.870110, 15.014646,Walking
690487, 0.387329, 0.807739, 0.096680, -11.474608, -37.231450, 24.230950,Walking
690507, 0.388184, 0.891602, 0.110352, -14.831540, -37.780760, 32.897960,Walking
690527, 0.343140, 0.979004, 0.130005, -13.671872, -39.245610, 38.208020,Walking
690547, 0.324219, 1.066406, 0.139282, -11.352536, -35.156260, 41.564930,Walking
690567, 0.280151, 1.082764, 0.146484, -1.403808, -25.390620, 41.381820,Walking
690587, 0.267700, 0.999390, 0.155029, 2.563476, -18.859868, 38.635260,Walking
690607, 0.263916, 0.910767, 0.156982, 1.464844, -14.709470, 37.597660,Walking
690627, 0.232056, 0.871582, 0.161743, -2.319336, -9.399414, 38.879400,Walking
690647, 0.247925, 0.843506, 0.159180, -4.699708, -4.394532, 39.306640,Walking
690667, 0.264526, 0.821533, 0.160156, -8.178714, -3.723144, 39.184580,Walking
690687, 0.263428, 0.829224, 0.161133, -10.498044, -4.943848, 38.391120,Walking
690707, 0.248169, 0.824707, 0.161377, -10.192870, -5.371092, 36.438000,Walking
690727, 0.228027, 0.806641, 0.155640, -10.681150, -1.770019, 33.996590,Walking
690747, 0.232544, 0.811890, 0.151367, -10.314940, 0.732422, 29.174800,Walking
690767, 0.235962, 0.824829, 0.154297, -8.666994, 4.028321, 24.230950,Walking
690787, 0.250855, 0.827393, 0.155762, -2.136231, 12.329100, 15.441892,Walking
690807, 0.255493, 0.819336, 0.148560, 1.647949, 16.723632, 9.277344,Walking
690827, 0.300537, 0.849976, 0.132568, 3.784179, 16.906740, 3.723144,Walking
690847, 0.326904, 0.913208, 0.134399, 5.004884, 13.916012, -0.488281,Walking
690867, 0.339722, 1.016114, 0.150024, 7.263182, 12.329100, -2.563476,Walking
690887, 0.324097, 1.093018, 0.161133, 14.221190, 13.427732, -4.699708,Walking
690907, 0.307251, 1.166748, 0.182007, 17.761230, 21.057124, -10.131832,Walking
690927, 0.336914, 1.314820, 0.178467, 24.719230, 30.700680, -13.488768,Walking
690947, 0.296753, 1.261353, 0.176392, 35.156260, 45.410140, -20.141600,Walking
690967, 0.340576, 1.180542, 0.147461, 39.428720, 60.913080, -29.541010,Walking
690987, 0.390259, 1.018677, 0.096680, 44.189440, 65.429700, -38.452160,Walking
691007, 0.458374, 0.790039, 0.086426, 34.851080, 57.189930, -46.386710,Walking
691027, 0.523438, 0.781860, 0.080322, 26.550290, 39.611820, -45.715320,Walking
691047, 0.513794, 0.773438, 0.082764, 23.742670, 20.202630, -43.945300,Walking
691067, 0.466919, 0.745484, 0.074097, 23.010250, 7.019042, -43.151840,Walking
691087, 0.402710, 0.728028, 0.056519, 22.216790, 3.479003, -41.442860,Walking
691107, 0.366333, 0.753784, 0.049927, 18.371584, 7.202148, -37.231450,Walking
691127, 0.349854, 0.843750, 0.063599, 14.160152, 17.089850, -30.883784,Walking
691147, 0.371216, 0.953125, 0.097534, 12.756344, 28.991692, -25.817870,Walking
691167, 0.435547, 1.043457, 0.116943, 14.831540, 34.973150, -23.254390,Walking
691187, 0.459839, 1.034180, 0.109985, 18.920900, 35.705570, -23.681636,Walking
691207, 0.478516, 0.943970, 0.073608, 19.165040, 31.677240, -25.085448,Walking
691227, 0.464356, 0.806885, 0.041260, 8.911134, 18.005376, -23.986810,Walking
691247, 0.474487, 0.764526, 0.058960, -1.708984, 10.375976, -17.944340,Walking
691267, 0.465576, 0.771484, 0.059204, -8.544924, 3.479003, -11.840818,Walking
691287, 0.447266, 0.789185, 0.054443, -11.596676, 1.586914, -6.347656,Walking
691307, 0.435913, 0.811035, 0.055420, -12.145992, 2.746581, -2.502442,Walking
691327, 0.421387, 0.825928, 0.061768, -9.643556, 6.469726, -1.525878,Walking
691347, 0.443115, 0.830444, 0.065552, -7.995604, 9.277344, -1.525878,Walking
691367, 0.468262, 0.837280, 0.064941, -7.202148, 9.155274, -1.892090,Walking
691387, 0.490234, 0.841919, 0.059570, -7.263182, 6.286620, -3.051757,Walking
691407, 0.510742, 0.845093, 0.063232, -8.300784, 0.732422, -4.516602,Walking
691427, 0.516236, 0.854004, 0.070313, -10.009768, -6.835936, -5.798338,Walking
691447, 0.511597, 0.877075, 0.073242, -13.977050, -16.235352, -5.676268,Walking
691467, 0.504395, 0.912964, 0.078369, -16.906740, -20.324700, -3.906249,Walking
691487, 0.497192, 0.959717, 0.087524, -18.432620, -23.742670, -1.770019,Walking
691507, 0.481934, 0.991699, 0.099854, -18.005376, -25.756830, -0.488281,Walking
691527, 0.465698, 1.007324, 0.099243, -17.272950, -25.390620, 1.037598,Walking
691547, 0.447510, 1.038086, 0.121826, -19.165040, -24.230950, 3.601074,Walking
691567, 0.487305, 1.169434, 0.121826, -21.545408, -23.071284, 8.605960,Walking
691587, 0.475708, 1.241700, 0.141235, -18.493652, -23.010250, 10.681150,Walking
691607, 0.492920, 1.294068, 0.139038, -14.709470, -22.094720, 9.887696,Walking
691627, 0.465332, 1.236816, 0.131714, -6.896972, -22.338860, 8.056642,Walking
691647, 0.422241, 1.071900, 0.110840, -2.075196, -20.568840, 5.004884,Walking
691667, 0.440552, 0.833984, 0.086060, -9.277344, -22.766110, 8.911134,Walking
691687, 0.433838, 0.784912, 0.079590, -17.700200, -30.578610, 14.770504,Walking
691707, 0.408691, 0.776489, 0.087280, -22.766110, -36.804200, 20.874020,Walking
691727, 0.408691, 0.835571, 0.115601, -26.428220, -43.945300, 25.268550,Walking
691747, 0.387207, 0.949707, 0.129517, -24.597160, -52.429190, 28.320310,Walking
691767, 0.337036, 1.020020, 0.136963, -18.737796, -55.419910, 29.785150,Walking
691787, 0.314331, 1.084595, 0.149536, -12.023924, -52.551260, 29.418940,Walking
691807, 0.263794, 1.090454, 0.164429, -3.479003, -43.823240, 27.282710,Walking
691827, 0.244141, 1.012329, 0.166626, 3.540038, -33.203130, 23.681636,Walking
691847, 0.254150, 0.915161, 0.169189, 4.028321, -26.611320, 21.667476,Walking
691867, 0.255371, 0.855591, 0.176147, 0.976562, -23.925780, 22.644040,Walking
691887, 0.255005, 0.816772, 0.173950, -4.516602, -22.155760, 24.963376,Walking
691907, 0.257813, 0.815918, 0.169922, -6.774902, -21.850580, 25.695796,Walking
691927, 0.247314, 0.819458, 0.174561, -8.239746, -22.460930, 25.573724,Walking
691947, 0.231934, 0.838501, 0.180542, -7.995604, -20.996090, 24.963376,Walking
691967, 0.208496, 0.845337, 0.188721, -5.920409, -16.967780, 23.437492,Walking
691987, 0.196655, 0.847778, 0.188599, -2.868652, -10.864256, 20.202630,Walking
692007, 0.212524, 0.834229, 0.175781, 0.793457, -4.699708, 14.953610,Walking
692027, 0.236328, 0.833984, 0.175415, 2.380371, -0.549316, 8.544924,Walking
692047, 0.254883, 0.851685, 0.179932, 5.859374, 1.403808, 2.929687,Walking
692067, 0.261108, 0.849365, 0.176636, 9.155274, 3.295898, -1.831054,Walking
692087, 0.300903, 0.876709, 0.158325, 9.460450, 3.417968, -5.554198,Walking
692107, 0.299316, 0.979370, 0.154541, 10.253904, 3.356933, -7.324218,Walking
692127, 0.320923, 1.026734, 0.153076, 9.765626, 8.422854, -9.094240,Walking
692147, 0.334229, 1.213868, 0.186523, 6.408690, 12.512204, -9.155274,Walking
692167, 0.323853, 1.269165, 0.182495, 17.272950, 18.310550, -9.826660,Walking
692187, 0.350708, 1.222046, 0.155396, 19.165040, 27.648920, -16.906740,Walking
692207, 0.396484, 1.210816, 0.111572, 23.193352, 32.470710, -24.230950,Walking
692227, 0.391846, 1.072266, 0.093872, 26.977532, 34.729010, -33.752440,Walking
692247, 0.424072, 0.930542, 0.081177, 26.489250, 33.752440, -38.757330,Walking
692267, 0.461548, 0.831299, 0.060425, 21.301268, 26.123040, -38.146980,Walking
692287, 0.441772, 0.788452, 0.052979, 16.601568, 17.089850, -33.996590,Walking
692307, 0.387085, 0.768555, 0.051514, 15.014646, 15.136716, -27.160640,Walking
692327, 0.318848, 0.708008, 0.046509, 14.221190, 20.385740, -15.930172,Walking
692347, 0.315064, 0.722656, 0.068115, 10.742184, 28.198240, -7.812498,Walking
692367, 0.268799, 0.820679, 0.089355, 7.385252, 43.457020, 0.305176,Walking
692387, 0.321655, 0.951904, 0.097900, 5.676268, 60.058580, 5.371092,Walking
692407, 0.367310, 1.073242, 0.085815, 6.103514, 70.251480, 6.835936,Walking
692427, 0.386230, 1.105225, 0.074585, 9.277344, 76.843260, 4.699708,Walking
692447, 0.450684, 1.020020, 0.069946, 10.864256, 73.913600, -1.342773,Walking
692467, 0.495361, 0.903687, 0.061646, 7.141112, 58.898920, -7.751464,Walking
692487, 0.484375, 0.814087, 0.047119, 0.488281, 40.588370, -10.070800,Walking
692507, 0.476318, 0.771240, 0.039551, -5.554198, 25.207516, -11.108396,Walking
692527, 0.471924, 0.766724, 0.036865, -8.239746, 11.901852, -10.742184,Walking
692547, 0.417480, 0.796265, 0.040649, -5.371092, 7.934570, -10.375976,Walking
692567, 0.398316, 0.820190, 0.051758, -0.976562, 10.131832, -10.009768,Walking
692587, 0.397827, 0.849976, 0.052002, 3.356933, 16.601568, -9.643556,Walking
692607, 0.412354, 0.866821, 0.058228, 7.263182, 24.291990, -9.887696,Walking
692627, 0.447022, 0.861694, 0.065552, 9.399414, 28.076170, -11.230468,Walking
692647, 0.486572, 0.852051, 0.066895, 8.605960, 25.695796, -13.122556,Walking
692667, 0.515381, 0.865723, 0.064819, 5.615234, 17.761230, -14.099120,Walking
692687, 0.526123, 0.870117, 0.056885, 3.173828, 7.446288, -14.221190,Walking
692707, 0.517822, 0.853272, 0.056641, 0.000000, -1.708984, -13.732908,Walking
692727, 0.498169, 0.868530, 0.063721, -4.028321, -8.361816, -11.596676,Walking
692747, 0.471558, 0.914429, 0.064209, -6.286620, -10.620116, -6.896972,Walking
692767, 0.441162, 0.994507, 0.066040, -8.361816, -4.760742, 2.075196,Walking
692787, 0.441284, 1.120118, 0.090820, -9.582520, 1.586914, 8.361816,Walking
692807, 0.457764, 1.291992, 0.101807, -5.004884, 8.972170, 14.465330,Walking
692827, 0.431763, 1.263428, 0.124634, 7.812498, 13.671872, 14.526364,Walking
692847, 0.401733, 1.123780, 0.108154, 13.977050, 19.592290, 10.925290,Walking
692867, 0.425415, 1.028442, 0.094849, 15.197750, 19.165040, 10.131832,Walking
692887, 0.426270, 0.934814, 0.102173, 10.620116, 12.207030, 12.023924,Walking
692907, 0.433228, 0.946533, 0.091797, 2.380371, 9.277344, 15.075680,Walking
692927, 0.453858, 0.958374, 0.070557, -0.915527, 5.981444, 17.517090,Walking
692947, 0.436157, 0.936279, 0.064453, -2.929687, 1.953124, 17.211920,Walking
692967, 0.392700, 0.881836, 0.064331, -2.563476, -1.708984, 18.249516,Walking
692987, 0.352539, 0.760864, 0.055420, -8.789064, -5.798338, 24.536130,Walking
693007, 0.338379, 0.773926, 0.062012, -16.784670, -8.483890, 31.616208,Walking
693027, 0.315918, 0.883423, 0.087158, -21.057124, -10.253904, 39.001470,Walking
693047, 0.295410, 1.032837, 0.117188, -17.150880, -7.629394, 42.907700,Walking
693067, 0.247314, 1.127808, 0.140625, -5.615234, -1.037598, 43.823240,Walking
693087, 0.210083, 1.146973, 0.158936, 5.065916, 9.704590, 42.968740,Walking
693107, 0.198120, 1.130371, 0.174072, 12.756344, 21.606440, 41.503900,Walking
693127, 0.180542, 1.066528, 0.168823, 17.822270, 33.447270, 40.893540,Walking
693147, 0.177002, 0.968994, 0.156982, 18.310550, 44.433580, 39.550780,Walking
693167, 0.219360, 0.905396, 0.151123, 13.916012, 47.973620, 37.475590,Walking
693187, 0.256592, 0.884278, 0.142212, 10.070800, 45.715320, 35.400400,Walking
693207, 0.286011, 0.873047, 0.160156, 8.178714, 32.409680, 30.944820,Walking
693227, 0.244141, 0.878296, 0.166138, 10.864256, 26.184080, 27.893060,Walking
693247, 0.220093, 0.897461, 0.164185, 14.587400, 26.000970, 24.597160,Walking
693267, 0.195313, 0.927002, 0.181763, 20.202630, 29.724120, 20.690910,Walking
693287, 0.181397, 0.964478, 0.209351, 26.794430, 38.757330, 16.723632,Walking
693307, 0.188232, 0.999146, 0.230103, 37.353520, 48.950180, 10.559080,Walking
693327, 0.170898, 0.993896, 0.234253, 49.987780, 62.011710, 3.112792,Walking
693347, 0.175537, 0.956543, 0.241211, 60.302720, 75.683600, -4.394532,Walking
693367, 0.197754, 0.953247, 0.255005, 66.040040, 86.181620, -9.216310,Walking
693387, 0.211426, 0.959839, 0.268066, 71.044940, 93.933100, -11.352536,Walking
693407, 0.230713, 0.958252, 0.265625, 73.730480, 100.524880, -12.390136,Walking
693427, 0.271484, 0.993408, 0.264160, 74.523940, 104.187000, -12.695310,Walking
693447, 0.295776, 1.033204, 0.260864, 75.866700, 104.125960, -11.047360,Walking
693467, 0.315430, 1.101807, 0.272827, 73.913600, 104.064920, -7.812498,Walking
693487, 0.318115, 1.221802, 0.282105, 75.134300, 104.187000, -1.647949,Walking
693507, 0.264038, 1.221802, 0.282837, 82.214340, 109.741200, 3.051757,Walking
693527, 0.217773, 1.110474, 0.269287, 87.402320, 124.938960, 3.417968,Walking
693547, 0.238770, 1.022950, 0.249756, 85.693340, 138.671900, 3.173828,Walking
693567, 0.285889, 0.997192, 0.254272, 80.993640, 146.301300, 5.004884,Walking
693587, 0.351440, 0.991333, 0.255615, 78.979500, 148.742700, 5.798338,Walking
693607, 0.400391, 0.963867, 0.249023, 79.589840, 145.263700, 4.699708,Walking
693627, 0.404175, 0.912354, 0.232178, 80.932600, 138.183600, 2.502442,Walking
693647, 0.370850, 0.808228, 0.215698, 79.589840, 127.929680, 0.610352,Walking
693667, 0.350586, 0.758545, 0.213501, 72.448740, 124.694800, 2.380371,Walking
693687, 0.368042, 0.766968, 0.215454, 65.368660, 121.826160, 5.126952,Walking
693707, 0.375610, 0.789673, 0.221436, 61.889640, 118.957500, 5.920409,Walking
693727, 0.375610, 0.803711, 0.224365, 62.316880, 119.201640, 3.356933,Walking
693747, 0.404175, 0.811035, 0.211670, 61.584460, 120.727520, 0.549316,Walking
693767, 0.409912, 0.822876, 0.203003, 58.532700, 121.582000, -0.854492,Walking
693787, 0.398316, 0.834229, 0.214478, 55.175770, 124.267560, -0.122070,Walking
693807, 0.402710, 0.831177, 0.222900, 52.368160, 127.258280, -0.427246,Walking
693827, 0.422119, 0.827881, 0.220825, 50.415030, 128.051800, -1.708984,Walking
693847, 0.442139, 0.816650, 0.209961, 47.424300, 126.403800, -2.807617,Walking
693867, 0.457275, 0.822998, 0.198608, 42.419420, 120.544400, -4.272462,Walking
693887, 0.435059, 0.805298, 0.195557, 40.649400, 118.957500, -6.164550,Walking
693907, 0.457275, 0.786621, 0.191772, 38.574220, 116.699200, -9.277344,Walking
693927, 0.454712, 0.785522, 0.188355, 35.827640, 112.792960, -11.657712,Walking
693947, 0.470459, 0.803467, 0.186157, 33.996590, 109.802240, -13.610836,Walking
693967, 0.471680, 0.821289, 0.190186, 33.264160, 107.788080, -15.869140,Walking
693987, 0.488281, 0.849976, 0.191650, 32.775880, 106.994600, -17.761230,Walking
694007, 0.490234, 0.861694, 0.196045, 32.287600, 105.957000, -19.104010,Walking
694027, 0.489990, 0.866577, 0.197388, 30.578610, 105.712880, -19.226080,Walking
694047, 0.507812, 0.871460, 0.197144, 28.320310, 105.346660, -18.920900,Walking
694067, 0.532104, 0.868652, 0.198120, 25.695796, 102.844220, -18.493652,Walking
694087, 0.593140, 0.849487, 0.191406, 20.019532, 91.369600, -16.784670,Walking
694107, 0.560425, 0.811524, 0.175537, 17.395020, 85.205060, -14.404296,Walking
694127, 0.532959, 0.769043, 0.174194, 10.620116, 83.068840, -11.840818,Walking
694147, 0.577515, 0.893311, 0.204468, -1.647949, 78.247080, -5.798338,Walking
694167, 0.657104, 1.137207, 0.222534, -5.859374, 70.312500, 2.197266,Walking
694187, 0.635864, 1.225098, 0.235962, 4.943848, 65.612800, 6.042480,Walking
694207, 0.567261, 1.093628, 0.233398, 15.869140, 68.420420, 4.211426,Walking
694227, 0.525146, 0.917725, 0.181641, 16.723632, 71.167000, 5.065916,Walking
694247, 0.514526, 0.800171, 0.146729, 4.699708, 66.406260, 14.343260,Walking
694267, 0.549561, 0.822876, 0.167969, -11.108396, 58.166500, 26.855464,Walking
694287, 0.526123, 0.920776, 0.174683, -15.808104, 50.720200, 36.010750,Walking
694307, 0.523682, 1.006714, 0.183594, -6.896972, 42.968740, 37.658700,Walking
694327, 0.491455, 1.020508, 0.208618, -0.061035, 38.146980, 36.499030,Walking
694347, 0.477295, 1.014893, 0.220947, 6.042480, 34.667980, 35.888680,Walking
694367, 0.459106, 0.967041, 0.210327, 10.314940, 32.897960, 33.386240,Walking
694387, 0.448364, 0.922608, 0.200195, 10.864256, 28.991692, 31.311030,Walking
694407, 0.439697, 0.895874, 0.197388, 9.460450, 22.827140, 30.822750,Walking
694427, 0.416382, 0.868530, 0.203491, 8.666994, 16.723632, 30.517570,Walking
694447, 0.390015, 0.841797, 0.199463, 6.835936, 13.366696, 31.311030,Walking
694467, 0.372559, 0.827515, 0.193115, 4.821778, 11.108396, 32.531740,Walking
694487, 0.352417, 0.823608, 0.195068, 3.479003, 9.338380, 33.874520,Walking
694507, 0.322510, 0.828613, 0.198486, 2.868652, 8.972170, 34.545900,Walking
694527, 0.304077, 0.848145, 0.192871, 3.967285, 10.437010, 32.897960,Walking
694547, 0.303467, 0.853638, 0.189575, 5.798338, 11.413570, 29.418940,Walking
694567, 0.316772, 0.850586, 0.197998, 8.544924, 10.681150, 23.864740,Walking
694587, 0.319946, 0.842774, 0.207764, 12.023924, 8.300784, 16.784670,Walking
694607, 0.314331, 0.830688, 0.207031, 15.686032, 6.408690, 9.155274,Walking
694627, 0.320068, 0.833374, 0.202393, 17.517090, 3.967285, 2.258301,Walking
694647, 0.312378, 0.872925, 0.195801, 18.615724, 1.831054, -2.075196,Walking
694667, 0.299438, 0.907715, 0.195679, 20.751950, 2.624511, -4.333496,Walking
694687, 0.295654, 0.915650, 0.199463, 22.033690, 4.943848, -5.981444,Walking
694707, 0.298950, 0.924927, 0.194092, 22.766110, 6.958006, -7.385252,Walking
694727, 0.294312, 0.943726, 0.184937, 21.789548, 11.291500, -8.911134,Walking
694747, 0.307007, 1.061768, 0.188477, 20.751950, 18.981940, -7.873534,Walking
694767, 0.280884, 1.106446, 0.197998, 24.414060, 25.390620, -6.591796,Walking
694787, 0.293213, 1.117310, 0.202026, 25.451652, 35.156260, -6.286620,Walking
694807, 0.312988, 1.186402, 0.211548, 23.132320, 41.992180, -7.812498,Walking
694827, 0.316895, 1.246826, 0.182373, 26.489250, 50.354000, -8.544924,Walking
694847, 0.281738, 1.172364, 0.147095, 31.555170, 65.185560, -12.329100,Walking
694867, 0.288818, 1.065186, 0.147217, 36.621100, 78.979500, -16.662600,Walking
694887, 0.348022, 0.966187, 0.148560, 36.315920, 84.777800, -18.371584,Walking
694907, 0.423584, 0.914307, 0.144653, 34.912120, 80.078140, -18.737796,Walking
694927, 0.458740, 0.880127, 0.120972, 34.484870, 70.434580, -19.958500,Walking
694947, 0.430908, 0.804932, 0.095337, 36.682140, 61.218250, -21.667476,Walking
694967, 0.388672, 0.665894, 0.085571, 31.188960, 52.673330, -20.812980,Walking
694987, 0.375000, 0.660278, 0.097656, 21.301268, 47.729480, -16.906740,Walking
695007, 0.386719, 0.735474, 0.105713, 13.000484, 44.189440, -11.413570,Walking
695027, 0.402954, 0.841919, 0.108765, 8.422854, 42.480460, -9.277344,Walking
695047, 0.412964, 0.963867, 0.122314, 9.887696, 39.001470, -9.887696,Walking
695067, 0.425537, 1.031616, 0.130249, 14.770504, 36.254890, -13.000484,Walking
695087, 0.417358, 0.993896, 0.115112, 19.226080, 34.851080, -17.395020,Walking
695107, 0.425781, 0.901123, 0.095703, 17.395020, 32.836920, -20.690910,Walking
695127, 0.449707, 0.820801, 0.091187, 11.901852, 27.587884, -21.179192,Walking
695147, 0.476807, 0.769776, 0.087158, 5.981444, 19.653320, -20.874020,Walking
695167, 0.481323, 0.745606, 0.088623, 1.037598, 10.925290, -19.897460,Walking
695187, 0.459229, 0.751099, 0.074219, -1.220704, 2.868652, -16.113284,Walking
695207, 0.446777, 0.761841, 0.072876, -1.525878, 3.234863, -12.817380,Walking
695227, 0.445679, 0.777954, 0.078125, -2.319336, 6.103514, -8.911134,Walking
695247, 0.469727, 0.819092, 0.079346, -4.394532, 8.666994, -4.394532,Walking
695267, 0.476318, 0.873047, 0.083374, -6.164550, 10.375976, -0.976562,Walking
695287, 0.503662, 0.910278, 0.070313, -7.507323, 8.850100, 1.220704,Walking
695307, 0.498901, 0.906982, 0.048706, -9.887696, 4.882814, 2.319336,Walking
695327, 0.498413, 0.893433, 0.047119, -12.939450, 0.915527, 2.868652,Walking
695347, 0.508301, 0.893066, 0.058960, -15.930172, -3.845214, 3.234863,Walking
695367, 0.511230, 0.933594, 0.082764, -18.981940, -11.108396, 4.943848,Walking
695387, 0.506592, 1.005616, 0.081055, -19.653320, -18.554690, 6.958006,Walking
695407, 0.427368, 1.047608, 0.074829, -15.319820, -20.874020, 8.544924,Walking
695427, 0.434326, 1.088135, 0.100830, -17.089850, -15.380856, 8.666994,Walking
695447, 0.496826, 1.221680, 0.124512, -15.930172, -16.723632, 12.634276,Walking
695467, 0.479126, 1.234253, 0.152100, -11.535644, -21.667476, 11.230468,Walking
695487, 0.531860, 1.251343, 0.133911, -6.591796, -25.024410, 10.498044,Walking
695507, 0.469727, 1.136719, 0.126221, -1.098633, -30.151360, 9.094240,Walking
695527, 0.463135, 1.031738, 0.131470, -1.647949, -30.883784, 8.666994,Walking
695547, 0.477905, 0.916260, 0.125244, -6.469726, -33.691410, 12.756344,Walking
695567, 0.446045, 0.868286, 0.123901, -14.465330, -37.414560, 20.385740,Walking
695587, 0.386230, 0.841553, 0.143066, -17.150880, -36.804200, 27.954100,Walking
695607, 0.399414, 0.844727, 0.146851, -20.874020, -36.193860, 32.470710,Walking
695627, 0.370117, 0.921265, 0.160645, -21.484370, -46.386710, 36.987310,Walking
695647, 0.345947, 0.991211, 0.181397, -19.836430, -49.865720, 36.682140,Walking
695667, 0.313721, 1.058106, 0.188110, -13.244628, -49.682610, 34.912120,Walking
695687, 0.277710, 1.031982, 0.183350, -4.089356, -46.203600, 30.273430,Walking
695707, 0.256592, 0.953491, 0.186401, 0.244141, -41.259760, 25.390620,Walking
695727, 0.250732, 0.891113, 0.180542, -0.183105, -36.926280, 23.864740,Walking
695747, 0.249512, 0.862183, 0.173950, -2.990722, -32.470710, 24.291990,Walking
695767, 0.238159, 0.851807, 0.178589, -4.272462, -28.076170, 25.024410,Walking
695787, 0.228272, 0.843018, 0.172974, -4.333496, -23.071284, 24.780270,Walking
695807, 0.226318, 0.821655, 0.165527, -4.211426, -18.859868, 23.803708,Walking
695827, 0.229126, 0.806396, 0.158691, -4.943848, -15.075680, 21.667476,Walking
695847, 0.228638, 0.804688, 0.162720, -3.479003, -10.742184, 17.272950,Walking
695867, 0.230713, 0.804810, 0.167236, -0.671386, -8.056642, 12.329100,Walking
695887, 0.237305, 0.804810, 0.166748, 2.990722, -5.615234, 6.713866,Walking
695907, 0.244629, 0.807984, 0.167236, 6.896972, -3.845214, 0.915527,Walking
695927, 0.250610, 0.822266, 0.164307, 9.704590, -1.281738, -4.394532,Walking
695947, 0.259277, 0.849610, 0.164673, 12.145992, 1.647949, -7.873534,Walking
695967, 0.255859, 0.895264, 0.178223, 13.244628, 5.798338, -9.643556,Walking
695987, 0.277222, 0.976196, 0.198853, 13.549804, 10.192870, -10.681150,Walking
696007, 0.295898, 1.085205, 0.211182, 14.770504, 13.916012, -12.145992,Walking
696027, 0.321899, 1.183716, 0.234863, 15.014646, 17.822270, -15.075680,Walking
696047, 0.340698, 1.354004, 0.255249, 15.624996, 21.850580, -16.235352,Walking
696067, 0.260376, 1.331665, 0.261353, 22.094720, 36.010750, -21.179192,Walking
696087, 0.274780, 1.202148, 0.166260, 22.399900, 47.790520, -27.404780,Walking
696107, 0.305054, 0.978760, 0.097168, 18.554690, 52.978500, -33.874520,Walking
696127, 0.357056, 0.843262, 0.093994, 7.690428, 51.757800, -33.691410,Walking
696147, 0.385254, 0.817627, 0.112915, 1.953124, 47.424300, -31.127924,Walking
696167, 0.461060, 0.803955, 0.099731, 2.258301, 37.658700, -29.968260,Walking
696187, 0.432739, 0.763428, 0.083252, 7.080076, 28.808590, -30.151360,Walking
696207, 0.354248, 0.715698, 0.064209, 12.817380, 29.113768, -30.761716,Walking
696227, 0.321655, 0.689820, 0.049805, 13.732908, 36.865240, -29.235832,Walking
696247, 0.335205, 0.729248, 0.055786, 11.047360, 47.607410, -25.451652,Walking
696267, 0.418579, 0.817627, 0.064209, 6.652830, 52.612300, -22.277830,Walking
696287, 0.499512, 1.026246, 0.087158, 8.972170, 47.363270, -20.202630,Walking
696307, 0.512207, 1.046997, 0.096802, 17.028810, 39.550780, -22.583000,Walking
696327, 0.484131, 0.962402, 0.087891, 20.874020, 33.386240, -26.611320,Walking
696347, 0.470093, 0.876099, 0.057983, 16.601568, 29.174800, -27.343748,Walking
696367, 0.475952, 0.849487, 0.048828, 5.065916, 23.315424, -22.277830,Walking
696387, 0.488403, 0.868408, 0.055908, -1.831054, 19.775390, -17.211920,Walking
696407, 0.490356, 0.854370, 0.062134, -2.929687, 16.479492, -12.695310,Walking
696427, 0.486084, 0.823120, 0.057983, -2.319336, 13.488768, -10.192870,Walking
696447, 0.480591, 0.796143, 0.058105, -1.953124, 9.765626, -7.080076,Walking
696467, 0.456909, 0.788208, 0.060791, -2.441407, 10.986324, -3.479003,Walking
696487, 0.471558, 0.796997, 0.057251, -3.784179, 12.207030, 0.061035,Walking
696507, 0.474487, 0.827881, 0.066895, -4.333496, 10.375976, 2.807617,Walking
696527, 0.491943, 0.840942, 0.074829, -4.699708, 6.225584, 2.685546,Walking
696547, 0.486084, 0.853638, 0.077271, -5.493162, -0.366211, 2.136231,Walking
696567, 0.483521, 0.886841, 0.083374, -8.850100, -5.737304, 2.868652,Walking
696587, 0.498291, 0.954956, 0.088379, -11.535644, -12.023924, 4.577638,Walking
696607, 0.488403, 1.010010, 0.093262, -12.512204, -17.578130, 6.469726,Walking
696627, 0.469238, 1.064331, 0.109253, -13.488768, -20.629880, 7.507323,Walking
696647, 0.497925, 1.252442, 0.140991, -17.395020, -23.010250, 10.803220,Walking
696667, 0.464478, 1.406006, 0.186157, -9.826660, -23.864740, 12.817380,Walking
696687, 0.435913, 1.409180, 0.198975, 0.915527, -18.859868, 12.512204,Walking
696707, 0.406860, 1.227784, 0.174805, 9.094240, -15.014646, 10.253904,Walking
696727, 0.397339, 0.996582, 0.130493, 2.685546, -17.700200, 9.399414,Walking
696747, 0.399536, 0.904907, 0.131836, -7.507323, -24.963376, 12.878416,Walking
696767, 0.408325, 0.855835, 0.135132, -14.160152, -35.095220, 16.479492,Walking
696787, 0.397583, 0.810425, 0.135132, -16.601568, -43.029780, 19.165040,Walking
696807, 0.339722, 0.749878, 0.136475, -16.052250, -51.879880, 20.996090,Walking
696827, 0.303589, 0.756958, 0.136230, -18.676760, -52.307120, 24.841304,Walking
696847, 0.271729, 0.830688, 0.143066, -18.676760, -47.668440, 29.357908,Walking
696867, 0.270630, 0.913818, 0.171387, -17.211920, -40.222160, 31.616208,Walking
696887, 0.271484, 1.035278, 0.209839, -11.657712, -36.499030, 29.357908,Walking
696907, 0.260132, 1.080566, 0.220703, 0.000000, -33.020020, 25.573724,Walking
696927, 0.256592, 1.006104, 0.209839, 8.239746, -31.372068, 19.104010,Walking
696947, 0.239746, 0.923828, 0.207275, 8.056642, -32.104500, 11.962890,Walking
696967, 0.245605, 0.880371, 0.207031, 5.310058, -32.348640, 11.352536,Walking
696987, 0.252808, 0.840942, 0.211792, 0.915527, -33.630380, 9.704590,Walking
697027, 0.229126, 0.859619, 0.204346, -3.723144, -30.883784, 8.178714,Walking
697047, 0.198730, 0.860718, 0.199829, -3.051757, -24.475090, 8.666994,Walking
697067, 0.201294, 0.842652, 0.195557, -3.051757, -17.517090, 9.155274,Walking
697087, 0.214844, 0.850830, 0.191284, -4.150392, -12.695310, 9.582520,Walking
697107, 0.242065, 0.862305, 0.184204, -4.089356, -9.399414, 10.253904,Walking
697127, 0.240601, 0.873902, 0.171143, -3.784179, -7.019042, 9.887696,Walking
697147, 0.234619, 0.882935, 0.157471, -2.441407, -2.014160, 8.605960,Walking
697167, 0.265869, 0.943115, 0.156250, -0.549316, 4.516602, 8.422854,Walking
697187, 0.262085, 1.010620, 0.161011, 1.831054, 10.864256, 9.399414,Walking
697207, 0.261353, 1.062866, 0.144897, 7.385252, 20.263670, 10.192870,Walking
697227, 0.255005, 1.052002, 0.147705, 11.169430, 30.456540, 9.887696,Walking
697247, 0.289307, 1.195801, 0.179932, 7.019042, 37.658700, 10.986324,Walking
697267, 0.318848, 1.291382, 0.179565, 16.784670, 44.555660, 11.352536,Walking
697287, 0.322022, 1.310303, 0.181763, 24.658200, 54.504380, 2.624511,Walking
697307, 0.308228, 1.173096, 0.149048, 40.832510, 67.810060, -8.178714,Walking
697327, 0.326416, 0.883179, 0.109863, 46.936020, 77.087400, -20.690910,Walking
697347, 0.399780, 0.655029, 0.091431, 39.489750, 71.594240, -25.268550,Walking
697367, 0.444702, 0.598999, 0.075317, 21.484370, 53.344720, -22.399900,Walking
697387, 0.466187, 0.691162, 0.057007, 5.554198, 27.832030, -13.916012,Walking
697407, 0.432373, 0.780884, 0.054077, 1.831054, 18.310550, -10.437010,Walking
697427, 0.379517, 0.880615, 0.065918, 4.394532, 18.066410, -8.972170,Walking
697447, 0.336060, 0.985962, 0.084473, 6.713866, 28.442380, -5.859374,Walking
697467, 0.316040, 1.086182, 0.071411, 8.605960, 46.997060, 0.488281,Walking
697487, 0.326904, 1.101074, 0.036987, 9.765626, 64.331060, 4.943848,Walking
697507, 0.392334, 1.042236, 0.003418, 6.835936, 72.326660, 5.554198,Walking
697527, 0.473999, 0.950684, 0.010864, 2.929687, 65.185560, 3.906249,Walking
697547, 0.491455, 0.865356, 0.003784, 1.098633, 48.583980, -0.183105,Walking
697567, 0.475342, 0.787964, -0.000244, 1.281738, 30.761716, -6.591796,Walking
697587, 0.444824, 0.728760, 0.015381, 0.244141, 16.845708, -9.460450,Walking
697607, 0.378052, 0.745484, 0.024536, 0.732422, 10.803220, -11.169430,Walking
697627, 0.357178, 0.776367, 0.037598, 4.577638, 15.319820, -11.840818,Walking
697647, 0.352905, 0.811890, 0.049438, 10.498044, 21.972650, -13.488768,Walking
697667, 0.366577, 0.826538, 0.060425, 17.333990, 28.320310, -16.052250,Walking
697687, 0.375000, 0.818726, 0.072266, 22.644040, 33.386240, -19.775390,Walking
697707, 0.409058, 0.799805, 0.077881, 24.719230, 34.667980, -24.108880,Walking
697727, 0.438477, 0.800293, 0.074219, 22.827140, 31.799310, -27.954100,Walking
697747, 0.456543, 0.842774, 0.081421, 19.104010, 27.709956, -30.761716,Walking
697767, 0.506836, 0.895874, 0.082642, 16.723632, 21.728510, -32.836920,Walking
697787, 0.534058, 0.941895, 0.100952, 14.587400, 12.756344, -33.874520,Walking
697807, 0.497314, 0.978272, 0.112793, 13.000484, 7.934570, -31.982420,Walking
697827, 0.517334, 1.188599, 0.140137, 2.014160, 4.455568, -22.888180,Walking
697847, 0.555542, 1.449707, 0.128784, 0.854492, 3.356933, -11.779784,Walking
697867, 0.492676, 1.383423, 0.150269, 15.930172, 10.986324, -8.483890,Walking
697887, 0.441162, 1.158326, 0.137573, 19.714360, 22.705070, -9.521484,Walking
697907, 0.461426, 1.007690, 0.093994, 19.104010, 25.329584, -7.202148,Walking
697927, 0.441528, 0.835449, 0.070313, 7.507323, 19.836430, 2.685546,Walking
697947, 0.463257, 0.797852, 0.060059, -7.629394, 18.737796, 13.793944,Walking
697967, 0.445068, 0.794312, 0.056396, -14.526364, 12.634276, 24.047850,Walking
697987, 0.436401, 0.784058, 0.065552, -17.761230, 5.859374, 29.357908,Walking
698007, 0.410400, 0.811890, 0.080811, -19.775390, -2.441407, 33.630380,Walking
698027, 0.369629, 0.896851, 0.095337, -21.362300, -8.911134, 39.367680,Walking
698047, 0.341675, 1.130738, 0.124878, -20.080560, -9.887696, 51.513660,Walking
698067, 0.258301, 1.218628, 0.155029, -11.108396, -4.089356, 59.509270,Walking
698087, 0.186890, 1.212646, 0.169800, -1.342773, 7.934570, 64.453140,Walking
698107, 0.188843, 1.116822, 0.178345, 2.380371, 16.906740, 66.894540,Walking
698127, 0.206909, 1.038208, 0.182861, -3.479003, 13.305660, 68.603540,Walking
698147, 0.225830, 1.005005, 0.163452, -11.901852, 4.577638, 69.885260,Walking
698167, 0.255737, 0.966553, 0.161865, -17.944340, -9.582520, 67.504900,Walking
698187, 0.188965, 0.944214, 0.165283, -19.653320, -16.845708, 61.523430,Walking
698207, 0.128174, 0.913452, 0.175781, -16.906740, -12.451170, 56.091300,Walking
698227, 0.104614, 0.926514, 0.192871, -12.268064, -0.854492, 50.170890,Walking
698247, 0.082642, 0.945190, 0.213257, -3.479003, 11.108396, 45.898430,Walking
698267, 0.107178, 0.948608, 0.218018, 14.160152, 32.470710, 39.001470,Walking
698287, 0.153687, 0.943237, 0.213745, 25.634760, 42.663560, 32.714850,Walking
698307, 0.171875, 0.945923, 0.212524, 37.658700, 50.292960, 26.611320,Walking
698327, 0.164917, 0.952881, 0.226318, 48.522940, 59.448240, 19.958500,Walking
698347, 0.175781, 0.980835, 0.240234, 59.082020, 70.312500, 13.366696,Walking
698367, 0.199341, 1.022217, 0.241577, 69.152840, 81.176740, 7.446288,Walking
698387, 0.220703, 1.017944, 0.225830, 80.139160, 90.759260, 2.746581,Walking
698407, 0.271606, 0.987793, 0.207153, 87.158180, 94.238260, -2.014160,Walking
698427, 0.277954, 0.971070, 0.221436, 91.430660, 93.322740, -4.638672,Walking
698447, 0.226685, 0.995117, 0.244141, 95.214820, 98.205560, -4.699708,Walking
698467, 0.256348, 1.021118, 0.240723, 98.449700, 106.140120, -5.737304,Walking
698487, 0.274536, 1.041260, 0.238770, 102.844220, 116.760240, -9.704590,Walking
698507, 0.271362, 1.042236, 0.256470, 107.421860, 126.770000, -12.023924,Walking
698527, 0.290283, 1.023682, 0.280640, 110.900860, 136.718800, -14.038084,Walking
698547, 0.290649, 1.039062, 0.305908, 113.220200, 145.752000, -16.479492,Walking
698567, 0.292847, 1.025146, 0.360596, 119.445780, 156.677240, -21.972650,Walking
698587, 0.387329, 0.956543, 0.313721, 121.337880, 168.579080, -33.630380,Walking
698607, 0.557495, 0.888306, 0.195801, 117.675760, 172.668400, -46.997060,Walking
698627, 0.672608, 0.824707, 0.168335, 108.703600, 159.362800, -54.870600,Walking
698647, 0.700195, 0.789185, 0.209229, 101.013160, 137.207080, -54.443350,Walking
698667, 0.709229, 0.730225, 0.262817, 91.796860, 109.069800, -44.311520,Walking
698687, 0.629883, 0.707642, 0.230591, 76.293960, 83.557100, -27.465816,Walking
698707, 0.436768, 0.772827, 0.083374, 50.292960, 72.998060, 1.098633,Walking
698727, 0.387085, 0.820190, 0.061279, 36.315920, 86.547840, 13.244628,Walking
698747, 0.395874, 0.852783, 0.095337, 29.052730, 99.914540, 19.042970,Walking
698767, 0.413574, 0.877075, 0.119751, 26.916500, 106.933560, 21.911620,Walking
698787, 0.419434, 0.876099, 0.147461, 29.235832, 107.849100, 21.179192,Walking
698807, 0.397827, 0.854248, 0.144653, 31.799310, 111.572240, 17.822270,Walking
698827, 0.393311, 0.829468, 0.120850, 32.287600, 117.370600, 15.075680,Walking
698847, 0.376587, 0.801026, 0.106079, 30.212400, 119.628900, 13.366696,Walking
698867, 0.378296, 0.782471, 0.101196, 26.428220, 119.323700, 11.779784,Walking
698887, 0.377686, 0.777100, 0.129395, 21.728510, 119.934060, 11.352536,Walking
698907, 0.426880, 0.792847, 0.146240, 15.380856, 118.469220, 13.061520,Walking
698927, 0.471680, 0.807739, 0.109619, 10.131832, 108.764640, 13.122556,Walking
698947, 0.475708, 0.820557, 0.118652, 6.835936, 103.881820, 11.779784,Walking
698967, 0.472778, 0.852539, 0.140747, 5.554198, 101.745600, 11.413570,Walking
698987, 0.498169, 0.892456, 0.151855, 8.300784, 99.914540, 9.887696,Walking
699007, 0.518799, 0.923828, 0.145874, 14.953610, 99.243160, 6.225584,Walking
699027, 0.511719, 0.918335, 0.138062, 22.338860, 102.294900, 0.549316,Walking
699047, 0.505493, 0.897583, 0.150757, 26.550290, 110.839820, -4.211426,Walking
699067, 0.492798, 0.901489, 0.174927, 30.273430, 115.051240, -8.239746,Walking
699087, 0.538330, 1.031372, 0.234863, 28.991692, 114.074700, -8.911134,Walking
699107, 0.544922, 1.171387, 0.276733, 41.015620, 114.013640, -11.657712,Walking
699127, 0.513306, 1.073730, 0.302734, 57.983390, 122.924800, -20.874020,Walking
699147, 0.573608, 0.907715, 0.276978, 62.316880, 132.568400, -29.418940,Walking
699167, 0.584473, 0.827759, 0.249146, 54.626460, 121.643040, -27.343748,Walking
699187, 0.652222, 0.808960, 0.183716, 39.245610, 107.055640, -23.315424,Walking
699207, 0.700318, 0.878662, 0.204224, 27.526850, 78.918460, -12.084960,Walking
699227, 0.661987, 0.908081, 0.247925, 24.719230, 55.480940, -5.676268,Walking
699247, 0.636963, 0.930054, 0.246460, 24.719230, 32.958990, 0.671386,Walking
699267, 0.524902, 0.954468, 0.244019, 23.437492, 15.380856, 7.446288,Walking
699287, 0.433838, 0.972168, 0.230225, 23.315424, 13.488768, 14.160152,Walking
699307, 0.366455, 0.964478, 0.233765, 23.010250, 22.399900, 18.432620,Walking
699327, 0.347290, 0.945679, 0.247803, 21.789548, 34.118660, 23.010250,Walking
699347, 0.376343, 0.905640, 0.249023, 20.751950, 43.701160, 24.414060,Walking
699367, 0.425415, 0.810425, 0.224976, 15.869140, 37.719730, 26.489250,Walking
699387, 0.411987, 0.786133, 0.203003, 10.437010, 26.428220, 28.015130,Walking
699407, 0.395508, 0.774780, 0.193970, 7.080076, 14.282224, 29.113768,Walking
699427, 0.380005, 0.792725, 0.189575, 4.028321, 5.371092, 29.785150,Walking
699447, 0.359985, 0.816772, 0.195801, 4.272462, -2.868652, 30.029290,Walking
699467, 0.342896, 0.831787, 0.188965, 3.051757, -3.356933, 28.137200,Walking
699487, 0.337524, 0.848389, 0.171631, 3.051757, -3.662109, 24.780270,Walking
699507, 0.332398, 0.867676, 0.151001, 3.479003, -2.685546, 20.507810,Walking
699527, 0.324829, 0.893555, 0.151123, 5.371092, -0.793457, 15.747068,Walking
699547, 0.332031, 0.905640, 0.162231, 8.972170, 0.366211, 10.742184,Walking
699567, 0.326782, 0.899414, 0.168579, 12.939450, 1.770019, 5.676268,Walking
699587, 0.326050, 0.897339, 0.161377, 17.211920, 5.065916, -0.305176,Walking
699607, 0.312744, 0.911011, 0.148926, 18.493652, 10.864256, -1.831054,Walking
699627, 0.310425, 0.950195, 0.154785, 18.310550, 18.554690, -0.610352,Walking
699647, 0.313965, 0.999268, 0.162842, 18.249516, 26.550290, 2.197266,Walking
699667, 0.325317, 1.052612, 0.155396, 18.371584, 34.240730, 4.699708,Walking
699687, 0.341064, 1.096192, 0.149170, 17.944340, 41.259760, 4.699708,Walking
699707, 0.358398, 1.201904, 0.173462, 12.817380, 46.386710, 4.333496,Walking
699727, 0.378540, 1.327759, 0.168701, 15.930172, 50.781240, 6.591796,Walking
699747, 0.333252, 1.192505, 0.141357, 24.291990, 58.898920, 1.831054,Walking
699767, 0.294556, 1.039673, 0.091064, 25.512690, 76.538100, -7.629394,Walking
699787, 0.302124, 0.938965, 0.074219, 24.047850, 94.543440, -11.230468,Walking
699807, 0.407837, 0.876221, 0.087891, 17.700200, 95.703100, -9.826660,Walking
699827, 0.471314, 0.852539, 0.095093, 17.883300, 88.867160, -6.286620,Walking
699847, 0.500244, 0.773071, 0.091797, 20.080560, 74.768080, -5.737304,Walking
699867, 0.453003, 0.684570, 0.061401, 19.470220, 56.823720, -6.530760,Walking
699887, 0.430298, 0.655884, 0.055664, 11.840818, 40.588370, -4.028321,Walking
699907, 0.403320, 0.731079, 0.071167, 3.540038, 29.296870, -0.671386,Walking
699927, 0.372437, 0.836792, 0.089233, 1.342773, 25.634760, 0.244141,Walking
699947, 0.390503, 0.922852, 0.099854, 3.051757, 23.620600, -1.403808,Walking
699967, 0.398193, 0.971070, 0.104980, 6.347656, 20.263670, -4.333496,Walking
699988, 0.334839, 0.949585, 0.099976, 11.840818, 20.507810, -7.751464,Walking
700008, 0.373657, 0.832520, 0.079590, 10.375976, 23.620600, -11.596676,Walking
700028, 0.390137, 0.777100, 0.088745, 5.249022, 19.409180, -12.695310,Walking
700048, 0.400879, 0.760010, 0.102661, 0.854492, 13.671872, -12.390136,Walking
700068, 0.397583, 0.754517, 0.104004, -0.671386, 8.117676, -12.084960,Walking
700088, 0.386230, 0.758301, 0.100586, 0.183105, 4.760742, -12.207030,Walking
700108, 0.398071, 0.770996, 0.094604, 0.427246, 6.652830, -12.084960,Walking
700128, 0.421021, 0.796509, 0.098022, -0.305176, 9.521484, -13.305660,Walking
700148, 0.457764, 0.823853, 0.109741, -1.098633, 10.864256, -15.441892,Walking
700168, 0.490234, 0.843628, 0.121948, -2.441407, 7.995604, -17.639160,Walking
700188, 0.523560, 0.863648, 0.114380, -3.417968, 0.000000, -20.507810,Walking
700208, 0.524414, 0.858032, 0.103516, -4.760742, -9.216310, -22.277830,Walking
700228, 0.555298, 0.854858, 0.083252, -10.803220, -22.583000, -22.949216,Walking
700248, 0.538330, 0.899658, 0.089600, -14.831540, -27.038570, -20.812980,Walking
700268, 0.546265, 0.978150, 0.087280, -16.906740, -28.808590, -16.540530,Walking
700288, 0.546265, 1.041992, 0.081055, -15.197750, -28.381340, -12.084960,Walking
700308, 0.534180, 1.052612, 0.076904, -12.634276, -25.329584, -8.911134,Walking
700328, 0.576904, 1.127442, 0.077637, -17.150880, -23.681636, -6.469726,Walking
700348, 0.652344, 1.296997, 0.072632, -15.930172, -27.526850, -0.732422,Walking
700368, 0.598267, 1.341431, 0.130127, -7.690428, -32.714850, 2.441407,Walking
700388, 0.574341, 1.219482, 0.129028, 4.089356, -34.912120, 1.159668,Walking
700408, 0.553589, 1.082520, 0.116821, 1.525878, -40.283200, 0.671386,Walking
700428, 0.494507, 0.996216, 0.083984, -1.831054, -47.668440, 6.042480,Walking
700448, 0.480713, 0.900269, 0.087402, -11.901852, -53.344720, 15.808104,Walking
700468, 0.420898, 0.844360, 0.119995, -12.084960, -52.978500, 21.667476,Walking
700488, 0.388672, 0.832276, 0.157105, -13.183590, -52.612300, 27.099608,Walking
700508, 0.351074, 0.914917, 0.167114, -15.014646, -52.062980, 34.790040,Walking
700528, 0.314575, 0.971436, 0.168823, -10.864256, -47.180160, 39.672860,Walking
700548, 0.337891, 1.011475, 0.183350, -10.253904, -44.799800, 42.297360,Walking
700568, 0.339966, 1.050415, 0.187744, -4.394532, -45.959460, 41.503900,Walking
700588, 0.292236, 1.005616, 0.208984, 1.281738, -45.715320, 38.208020,Walking
700608, 0.266724, 0.939087, 0.224854, 2.990722, -42.724600, 35.766600,Walking
700628, 0.252197, 0.873657, 0.222656, 0.854492, -40.710440, 35.461430,Walking
700648, 0.224609, 0.836548, 0.210815, -3.845214, -37.658700, 35.705570,Walking
700668, 0.222290, 0.829224, 0.218384, -9.277344, -29.357908, 36.743170,Walking
700688, 0.201050, 0.826538, 0.225952, -10.681150, -24.230950, 37.109380,Walking
700708, 0.203980, 0.817993, 0.220703, -10.498044, -19.470220, 36.193860,Walking
700728, 0.202881, 0.807251, 0.212769, -11.108396, -16.540530, 34.545900,Walking
700748, 0.207520, 0.816406, 0.198608, -12.084960, -13.793944, 32.592780,Walking
700768, 0.200317, 0.835327, 0.194336, -11.718748, -9.826660, 30.700680,Walking
700788, 0.182983, 0.838989, 0.191284, -9.155274, -2.258301, 27.526850,Walking
700808, 0.213013, 0.835938, 0.190918, -6.835936, 3.295898, 22.460930,Walking
700828, 0.245483, 0.869507, 0.184082, -5.493162, 5.310058, 17.089850,Walking
700848, 0.249878, 0.928345, 0.173218, -2.319336, 7.202148, 12.390136,Walking
700868, 0.255249, 0.994873, 0.180908, 1.037598, 10.986324, 7.080076,Walking
700888, 0.274658, 1.070435, 0.170410, 10.437010, 17.028810, -2.258301,Walking
700908, 0.299927, 1.053467, 0.158081, 15.319820, 22.705070, -9.704590,Walking
700928, 0.292847, 1.156006, 0.186157, 13.671872, 28.869624, -14.282224,Walking
700948, 0.271362, 1.176392, 0.185181, 24.108880, 42.297360, -17.211920,Walking
700968, 0.273071, 1.129272, 0.183228, 24.658200, 61.950680, -25.634760,Walking
700988, 0.331055, 1.124024, 0.153564, 29.602044, 77.514660, -32.531740,Walking
701008, 0.364258, 0.972412, 0.134399, 32.897960, 82.153300, -40.466300,Walking
701028, 0.432739, 0.833130, 0.134766, 30.090330, 77.331540, -44.982900,Walking
701048, 0.496460, 0.744629, 0.106079, 22.644040, 60.424800, -46.752920,Walking
701068, 0.512329, 0.714600, 0.093018, 15.197750, 38.391120, -47.851560,Walking
701088, 0.457031, 0.722778, 0.104004, 11.535644, 23.986810, -47.363270,Walking
701108, 0.439087, 0.797608, 0.101196, 9.094240, 14.038084, -46.752920,Walking
701128, 0.403687, 0.877075, 0.103638, 9.948730, 17.211920, -46.081540,Walking
701148, 0.458740, 0.981568, 0.117310, 11.657712, 20.141600, -44.555660,Walking
701168, 0.485474, 1.060181, 0.128662, 17.089850, 21.179192, -42.419420,Walking
701188, 0.496460, 1.037476, 0.123169, 22.155760, 22.705070, -42.175280,Walking
701208, 0.498535, 0.949341, 0.100464, 22.094720, 22.583000, -41.870110,Walking
701228, 0.475830, 0.877564, 0.088379, 16.540530, 20.751950, -39.062500,Walking
701248, 0.479492, 0.824341, 0.082764, 7.873534, 16.723632, -33.569340,Walking
701268, 0.529419, 0.808960, 0.078613, -0.671386, 11.230468, -26.489250,Walking
701288, 0.529541, 0.793213, 0.078369, -6.164550, 4.882814, -19.714360,Walking
701308, 0.498047, 0.793701, 0.078613, -8.850100, 0.549316, -13.732908,Walking
701328, 0.451904, 0.797608, 0.080200, -9.216310, 1.586914, -6.469726,Walking
701348, 0.447510, 0.817017, 0.081177, -9.399414, 6.835936, -1.708984,Walking
701368, 0.465454, 0.826782, 0.083496, -9.460450, 11.169430, 3.051757,Walking
701388, 0.474243, 0.839722, 0.089844, -9.643556, 11.962890, 5.859374,Walking
701408, 0.501099, 0.842041, 0.087524, -8.666994, 7.873534, 5.371092,Walking
701428, 0.505860, 0.835205, 0.091797, -9.704590, 0.488281, 3.967285,Walking
701448, 0.509155, 0.857910, 0.102905, -12.695310, -8.544924, 3.906249,Walking
701468, 0.513062, 0.907349, 0.116211, -16.113284, -18.310550, 5.920409,Walking
701488, 0.496094, 0.964966, 0.118652, -17.272950, -27.038570, 7.873534,Walking
701508, 0.462036, 1.021851, 0.145996, -20.202630, -30.822750, 10.498044,Walking
701528, 0.486938, 1.239624, 0.172607, -24.291990, -32.348640, 15.075680,Walking
701548, 0.442627, 1.407471, 0.224976, -10.864256, -27.709956, 18.310550,Walking
701568, 0.457275, 1.351440, 0.209961, -1.647949, -21.240230, 17.211920,Walking
701588, 0.431641, 1.203492, 0.195313, 0.671386, -18.920900, 14.404296,Walking
701608, 0.437256, 1.061524, 0.172974, -0.671386, -20.996090, 12.756344,Walking
701628, 0.434692, 0.907227, 0.163330, -7.019042, -27.770990, 12.512204,Walking
701648, 0.434814, 0.820801, 0.153931, -15.624996, -36.499030, 15.197750,Walking
701668, 0.413208, 0.744873, 0.140869, -21.057124, -48.278800, 18.798830,Walking
701688, 0.367188, 0.709473, 0.139038, -27.587884, -56.945790, 22.583000,Walking
701708, 0.350708, 0.774658, 0.151855, -32.287600, -64.453140, 27.648920,Walking
701728, 0.323975, 0.859497, 0.174072, -31.372068, -70.434580, 30.883784,Walking
701748, 0.304566, 0.964966, 0.202393, -26.672360, -72.570800, 30.273430,Walking
701768, 0.238281, 1.087036, 0.208130, -10.559080, -63.049300, 25.207516,Walking
701788, 0.213501, 1.049561, 0.206299, 1.953124, -52.612300, 18.432620,Walking
701808, 0.195313, 0.953369, 0.208374, 8.483890, -41.687000, 12.390136,Walking
701828, 0.218262, 0.865967, 0.209473, 7.446288, -33.935560, 10.681150,Walking
701848, 0.235230, 0.838745, 0.206909, 1.525878, -30.700680, 12.573240,Walking
701868, 0.252319, 0.835327, 0.202881, -2.807617, -30.578610, 14.953610,Walking
701888, 0.219116, 0.839234, 0.200928, -5.737304, -28.198240, 15.747068,Walking
701908, 0.217041, 0.842529, 0.199707, -7.263182, -23.620600, 15.624996,Walking
701928, 0.210083, 0.846558, 0.205933, -8.728030, -19.775390, 15.441892,Walking
701948, 0.207153, 0.860840, 0.204224, -9.521484, -15.380856, 15.319820,Walking
701968, 0.220581, 0.880737, 0.196655, -9.765626, -11.474608, 13.977050,Walking
701988, 0.241333, 0.909790, 0.198242, -5.920409, -8.972170, 8.911134,Walking
702008, 0.240723, 0.916138, 0.189331, -2.258301, -6.347656, 3.479003,Walking
702028, 0.253052, 0.924927, 0.185669, 0.061035, -2.685546, -1.281738,Walking
702048, 0.259888, 0.960816, 0.174561, 1.770019, 2.380371, -3.845214,Walking
702068, 0.281006, 0.985352, 0.173462, 3.784179, 6.896972, -5.493162,Walking
702088, 0.297608, 1.014282, 0.181885, 4.882814, 10.437010, -6.591796,Walking
702108, 0.327515, 1.037598, 0.175659, 5.981444, 12.329100, -8.178714,Walking
702128, 0.335083, 1.066894, 0.147705, 8.789064, 10.925290, -11.291500,Walking
702148, 0.316040, 1.114014, 0.161255, 8.239746, 14.038084, -13.671872,Walking
702168, 0.320313, 1.189698, 0.176270, 12.512204, 19.653320, -15.563964,Walking
702188, 0.302002, 1.132690, 0.181274, 17.211920, 29.235832, -22.155760,Walking
702208, 0.368286, 1.109864, 0.148560, 23.376460, 38.513190, -29.602044,Walking
702228, 0.337158, 0.952393, 0.122070, 27.221676, 43.579090, -34.606940,Walking
702248, 0.379395, 0.813721, 0.090698, 26.428220, 46.081540, -38.635260,Walking
702268, 0.419922, 0.725708, 0.070679, 20.263670, 37.536620, -37.719730,Walking
702288, 0.426514, 0.718018, 0.080200, 14.160152, 26.062010, -33.081060,Walking
702308, 0.389038, 0.742676, 0.093140, 12.329100, 18.920900, -26.306150,Walking
702328, 0.358154, 0.771362, 0.081177, 13.549804, 19.409180, -20.324700,Walking
702348, 0.325073, 0.803711, 0.078247, 15.380856, 25.024410, -17.089850,Walking
702368, 0.314819, 0.877808, 0.094849, 15.808104, 35.034180, -14.770504,Walking
702388, 0.332886, 0.964234, 0.121582, 16.418460, 44.677720, -13.061520,Walking
702408, 0.370117, 1.052856, 0.135864, 16.235352, 51.818840, -12.512204,Walking
702428, 0.425293, 1.067383, 0.099365, 19.592290, 53.771960, -14.038084,Walking
702448, 0.432617, 0.961670, 0.070557, 19.042970, 48.339840, -16.784670,Walking
702468, 0.458862, 0.858765, 0.075439, 12.817380, 37.780760, -16.540530,Walking
702488, 0.462036, 0.811402, 0.081299, 4.394532, 26.611320, -11.901852,Walking
702508, 0.436646, 0.806030, 0.072144, -2.563476, 18.798830, -5.676268,Walking
702528, 0.408081, 0.826782, 0.062134, -6.042480, 16.540530, 0.000000,Walking
702548, 0.384155, 0.856445, 0.062500, -5.554198, 18.554690, 3.601074,Walking
702568, 0.372437, 0.879639, 0.064209, -2.441407, 23.864740, 5.004884,Walking
702588, 0.376831, 0.880615, 0.067139, 1.647949, 31.616208, 4.211426,Walking
702608, 0.398926, 0.856201, 0.073730, 4.638672, 37.597660, 2.502442,Walking
702628, 0.433350, 0.828369, 0.067749, 5.554198, 38.696300, 0.732422,Walking
702648, 0.468506, 0.805542, 0.051147, 3.356933, 32.592780, -1.525878,Walking
702668, 0.488770, 0.793945, 0.048340, 0.305176, 24.658200, -2.380371,Walking
702688, 0.489624, 0.791504, 0.053101, -3.356933, 15.686032, -1.464844,Walking
702708, 0.478272, 0.830933, 0.054932, -7.385252, 8.728030, 2.258301,Walking
702728, 0.445679, 0.881958, 0.057983, -10.681150, 6.286620, 8.422854,Walking
702748, 0.427246, 1.023438, 0.104492, -18.493652, 7.080076, 15.319820,Walking
702768, 0.491821, 1.376099, 0.121460, -22.888180, 8.056642, 26.184080,Walking
702788, 0.432495, 1.533814, 0.144653, -5.065916, 13.244628, 32.409680,Walking
702808, 0.305786, 1.327393, 0.165283, 11.474608, 28.747552, 28.991692,Walking
702828, 0.322022, 1.185425, 0.122070, 14.343260, 41.564930, 25.451652,Walking
702848, 0.318482, 1.042847, 0.093628, 10.375976, 44.250480, 28.991692,Walking
702868, 0.339600, 0.878540, 0.083374, -4.272462, 38.696300, 32.348640,Walking
702888, 0.384766, 0.842652, 0.081299, -10.314940, 26.977532, 33.203130,Walking
702908, 0.387329, 0.806274, 0.098145, -11.413570, 9.582520, 31.616208,Walking
702928, 0.301392, 0.795288, 0.119873, -10.681150, -1.464844, 29.907220,Walking
702948, 0.255127, 0.843628, 0.120483, -9.338380, -3.906249, 30.700680,Walking
702968, 0.240234, 0.927856, 0.130005, -7.568358, -2.868652, 33.996590,Walking
702988, 0.207031, 1.037964, 0.159912, -2.990722, 1.281738, 36.865240,Walking
703008, 0.198608, 1.133057, 0.195923, 5.187988, 7.507323, 37.292480,Walking
703028, 0.182251, 1.168091, 0.220215, 16.601568, 13.183590, 34.667980,Walking
703048, 0.119995, 1.108765, 0.227661, 26.672360, 22.521970, 31.066890,Walking
703068, 0.064209, 1.017090, 0.214844, 31.677240, 38.513190, 27.587884,Walking
703088, 0.113647, 0.889526, 0.204346, 26.977532, 58.837880, 23.376460,Walking
703108, 0.170898, 0.882080, 0.213745, 22.705070, 62.011710, 21.362300,Walking
703128, 0.193481, 0.880249, 0.231567, 21.850580, 56.518540, 19.287110,Walking
703148, 0.188965, 0.893555, 0.231323, 24.108880, 52.551260, 16.174320,Walking
703168, 0.193237, 0.903687, 0.229858, 27.099608, 47.912590, 13.488768,Walking
703188, 0.172241, 0.939575, 0.241577, 29.602044, 45.593250, 11.413570,Walking
703208, 0.140869, 0.984253, 0.250610, 34.484870, 51.086420, 9.582520,Walking
703228, 0.154663, 1.001343, 0.265991, 40.222160, 58.776840, 10.192870,Walking
703248, 0.164795, 1.026612, 0.276001, 46.936020, 66.772460, 5.554198,Walking
703268, 0.182129, 1.024292, 0.286255, 53.466780, 75.012220, 0.915527,Walking
703288, 0.184937, 1.024536, 0.294434, 58.105460, 80.993640, -2.868652,Walking
703308, 0.197144, 0.999634, 0.295654, 64.636240, 89.355460, -6.042480,Walking
703328, 0.211548, 0.984863, 0.296021, 64.636240, 93.200660, -9.582520,Walking
703348, 0.233887, 0.998902, 0.292725, 65.979020, 95.214820, -10.925290,Walking
703368, 0.240967, 0.993774, 0.286255, 67.382820, 97.045880, -10.864256,Walking
703388, 0.249390, 0.998535, 0.278564, 69.702160, 98.632800, -8.544924,Walking
703408, 0.234619, 0.985352, 0.274170, 71.899440, 100.341780, -5.676268,Walking
703428, 0.217651, 1.004517, 0.277710, 73.120140, 105.895980, -2.014160,Walking
703448, 0.217896, 1.050660, 0.287354, 74.096700, 113.647440, 2.563476,Walking
703468, 0.221314, 1.080811, 0.279419, 77.087400, 124.023420, 6.225584,Walking
703488, 0.256592, 1.059204, 0.253296, 79.650900, 133.361840, 7.080076,Walking
703508, 0.275513, 0.993164, 0.233154, 81.420880, 137.085000, 5.493162,Walking
703528, 0.316528, 0.943482, 0.232300, 78.125000, 134.460500, 2.136231,Walking
703548, 0.368164, 1.068604, 0.233643, 73.181160, 130.127000, 3.295898,Walking
703568, 0.389282, 1.204712, 0.208252, 79.101560, 134.521500, 6.469726,Walking
703588, 0.325562, 1.068848, 0.205811, 89.843740, 151.489300, 2.685546,Walking
703608, 0.371216, 0.929077, 0.176025, 88.378900, 170.288040, -2.441407,Walking
703628, 0.446655, 0.792480, 0.131958, 78.979500, 166.503840, 1.770019,Walking
703648, 0.461914, 0.692261, 0.119019, 59.875480, 145.629900, 9.033204,Walking
703668, 0.504517, 0.707642, 0.107178, 45.410140, 125.366200, 16.296390,Walking
703688, 0.538208, 0.728150, 0.113647, 39.733900, 102.478000, 15.686032,Walking
703708, 0.510010, 0.766968, 0.134033, 40.100100, 81.359840, 10.620116,Walking
703728, 0.425537, 0.795288, 0.138550, 43.884270, 71.167000, 5.187988,Walking
703748, 0.328125, 0.808594, 0.121094, 47.729480, 80.810540, 0.183105,Walking
703768, 0.313599, 0.829346, 0.134277, 48.583980, 94.177240, 0.061035,Walking
703788, 0.312134, 0.831055, 0.162842, 48.950180, 106.933560, 1.525878,Walking
703808, 0.348389, 0.836548, 0.172363, 48.034660, 115.295400, 3.234863,Walking
703828, 0.372559, 0.825073, 0.180908, 46.081540, 118.164040, 3.051757,Walking
703848, 0.390259, 0.824341, 0.172485, 41.687000, 117.736800, 1.525878,Walking
703868, 0.410522, 0.815796, 0.162842, 37.353520, 113.708480, -0.915527,Walking
703888, 0.418091, 0.810547, 0.162354, 31.433100, 107.910140, -4.211426,Walking
703908, 0.439453, 0.822388, 0.163452, 26.428220, 101.135240, -7.324218,Walking
703928, 0.456787, 0.835694, 0.160156, 21.545408, 93.078600, -9.460450,Walking
703948, 0.449951, 0.852661, 0.152100, 18.493652, 87.524400, -10.559080,Walking
703968, 0.519776, 0.876099, 0.207764, 15.808104, 85.021960, -10.864256,Walking
703988, 0.628784, 0.870972, 0.206787, 12.329100, 83.679180, -11.047360,Walking
704008, 0.741821, 0.899658, 0.143433, 2.502442, 76.538100, -7.995604,Walking
704028, 0.682129, 0.937012, 0.093750, -3.112792, 66.650400, 1.220704,Walking
704048, 0.629395, 0.905396, 0.084839, -8.422854, 54.626460, 10.620116,Walking
704068, 0.603882, 0.886475, 0.090942, -12.268064, 50.415030, 21.362300,Walking
704088, 0.596070, 0.878906, 0.120728, -14.770504, 54.870600, 29.907220,Walking
704108, 0.587646, 0.918335, 0.148438, -17.333990, 56.945790, 34.362800,Walking
704128, 0.599365, 0.970703, 0.150391, -16.113284, 55.725090, 34.912120,Walking
704148, 0.602051, 0.942017, 0.158325, -10.864256, 48.217760, 31.311030,Walking
704168, 0.586426, 0.828491, 0.155273, -5.493162, 37.780760, 23.925780,Walking
704188, 0.571778, 0.745117, 0.189941, -10.620116, 13.854978, 19.531250,Walking
704208, 0.507080, 0.839600, 0.268799, -12.023924, 2.990722, 23.559568,Walking
704228, 0.390381, 0.925415, 0.327759, -5.798338, 12.390136, 25.573724,Walking
704248, 0.376221, 0.959595, 0.330322, 4.150392, 34.484870, 21.789548,Walking
704268, 0.402832, 0.937256, 0.307251, 11.535644, 50.537100, 17.395020,Walking
704288, 0.407349, 0.919800, 0.309814, 14.587400, 58.532700, 14.953610,Walking
704308, 0.439453, 0.896484, 0.331421, 18.188480, 59.936520, 12.695310,Walking
704328, 0.435303, 0.833862, 0.342774, 20.751950, 60.729970, 9.399414,Walking
704348, 0.431885, 0.784668, 0.318970, 18.798830, 59.326160, 6.469726,Walking
704368, 0.457031, 0.771973, 0.285278, 12.939450, 55.541980, 4.699708,Walking
704388, 0.476196, 0.777100, 0.274536, 6.286620, 49.072260, 3.845214,Walking
704408, 0.552734, 0.806030, 0.301148, -1.586914, 31.188960, 4.760742,Walking
704428, 0.556763, 0.815796, 0.303345, -5.310058, 15.380856, 7.141112,Walking
704448, 0.501709, 0.817627, 0.271118, -7.690428, 5.187988, 10.070800,Walking
704468, 0.446045, 0.818115, 0.238770, -9.460450, 3.295898, 12.756344,Walking
704488, 0.420898, 0.824707, 0.230469, -9.643556, 12.390136, 13.427732,Walking
704508, 0.451538, 0.835205, 0.233276, -6.896972, 19.592290, 11.901852,Walking
704528, 0.471558, 0.834106, 0.236084, -1.953124, 20.690910, 9.399414,Walking
704548, 0.493530, 0.817749, 0.240356, 3.906249, 16.601568, 6.225584,Walking
704568, 0.495850, 0.811524, 0.237915, 8.972170, 10.253904, 2.563476,Walking
704588, 0.465454, 0.806396, 0.213989, 13.793944, 6.591796, -0.793457,Walking
704608, 0.454834, 0.799683, 0.203857, 16.418460, 4.211426, -2.990722,Walking
704628, 0.432373, 0.814697, 0.201172, 19.775390, 3.906249, -3.112792,Walking
704648, 0.431519, 0.824951, 0.194702, 22.644040, 4.882814, -3.295898,Walking
704668, 0.422485, 0.840942, 0.184692, 26.123040, 4.089356, -4.455568,Walking
704688, 0.400757, 0.856079, 0.169067, 30.090330, 6.652830, -5.920409,Walking
704708, 0.392212, 0.870484, 0.163696, 33.325200, 10.986324, -7.751464,Walking
704728, 0.406860, 0.905762, 0.163574, 35.461430, 13.854978, -8.544924,Walking
704748, 0.400146, 0.964600, 0.186279, 37.658700, 13.488768, -7.690428,Walking
704768, 0.335938, 1.059570, 0.220581, 38.146980, 18.066410, -5.920409,Walking
704788, 0.334229, 1.222656, 0.219849, 40.283200, 29.296870, -4.638672,Walking
704808, 0.354736, 1.254761, 0.204834, 49.011220, 42.541500, -7.690428,Walking
704828, 0.365967, 1.176758, 0.198486, 53.955070, 52.673330, -14.648436,Walking
704848, 0.386841, 1.120850, 0.229980, 52.429190, 53.710930, -17.456060,Walking
704868, 0.386597, 1.047852, 0.223755, 49.560540, 49.987780, -16.418460,Walking
704888, 0.385010, 0.959961, 0.194092, 44.738760, 46.325680, -15.930172,Walking
704908, 0.383545, 0.888550, 0.166992, 38.452160, 41.809080, -14.587400,Walking
704928, 0.346314, 0.821533, 0.153931, 33.203130, 39.733900, -11.779784,Walking
704948, 0.305542, 0.751343, 0.155640, 28.564450, 40.466300, -7.690428,Walking
704968, 0.286865, 0.707642, 0.141480, 22.888180, 44.555660, -2.563476,Walking
704988, 0.298462, 0.714112, 0.140747, 15.319820, 47.180160, 3.295898,Walking
705008, 0.298584, 0.774902, 0.139404, 10.131832, 48.156730, 8.605960,Walking
705028, 0.330811, 0.851440, 0.137817, 8.850100, 50.292960, 8.178714,Walking
705048, 0.354370, 0.924316, 0.149048, 10.375976, 50.231920, 4.028321,Walking
705068, 0.393555, 0.953125, 0.140869, 16.479492, 49.011220, -5.065916,Walking
705088, 0.407471, 0.899414, 0.121216, 18.493652, 44.799800, -12.268064,Walking
705108, 0.429321, 0.833496, 0.105103, 15.258788, 37.841800, -17.089850,Walking
705128, 0.448486, 0.791260, 0.093994, 9.094240, 29.113768, -18.615724,Walking
705148, 0.481567, 0.770874, 0.083252, 2.380371, 18.493652, -19.165040,Walking
705168, 0.493408, 0.767090, 0.064697, -1.953124, 7.568358, -19.897460,Walking
705188, 0.485840, 0.764648, 0.057617, -5.432128, -0.915527, -20.202630,Walking
705208, 0.460693, 0.788574, 0.050293, -8.056642, -3.540038, -18.737796,Walking
705228, 0.451660, 0.817993, 0.048828, -9.216310, -2.197266, -15.747068,Walking
705248, 0.458984, 0.843628, 0.053589, -8.789064, 0.610352, -13.793944,Walking
705268, 0.479126, 0.856323, 0.052002, -7.446288, 2.990722, -12.756344,Walking
705288, 0.493408, 0.857178, 0.042847, -7.934570, 2.746581, -11.108396,Walking
705308, 0.508667, 0.865479, 0.045654, -9.826660, 0.061035, -9.765626,Walking
705328, 0.526245, 0.879150, 0.055298, -13.122556, -6.225584, -8.056642,Walking
705348, 0.522339, 0.923950, 0.064331, -16.235352, -13.610836, -6.103514,Walking
705368, 0.516236, 0.983398, 0.070313, -18.066410, -19.348150, -4.211426,Walking
705388, 0.494141, 1.026123, 0.074097, -17.089850, -23.010250, -2.258301,Walking
705408, 0.452148, 1.044068, 0.081421, -15.624996, -19.775390, 0.061035,Walking
705428, 0.465210, 1.087769, 0.101318, -17.456060, -17.028810, 3.540038,Walking
705448, 0.489746, 1.193848, 0.107178, -17.333990, -16.113284, 9.338380,Walking
705468, 0.447022, 1.193116, 0.122559, -12.817380, -13.732908, 11.291500,Walking
705488, 0.469971, 1.213135, 0.131470, -10.314940, -9.826660, 11.108396,Walking
705508, 0.426392, 1.062988, 0.114014, -3.601074, -9.216310, 10.009768,Walking
705528, 0.450195, 0.968140, 0.114502, -5.126952, -9.155274, 9.765626,Walking
705548, 0.492676, 0.890869, 0.110474, -8.605960, -16.906740, 10.070800,Walking
705568, 0.511230, 0.857788, 0.106567, -13.244628, -28.869624, 11.352536,Walking
705588, 0.514771, 0.853882, 0.117920, -14.221190, -39.550780, 13.549804,Walking
705608, 0.446045, 0.819336, 0.125244, -10.803220, -44.616690, 16.662600,Walking
705628, 0.403564, 0.791016, 0.140869, -9.277344, -41.137680, 21.057124,Walking
705648, 0.383301, 0.830811, 0.160645, -10.559080, -37.902840, 28.381340,Walking
705668, 0.391358, 0.910156, 0.171875, -12.084960, -35.034180, 37.353520,Walking
705688, 0.382202, 1.002442, 0.185547, -9.765626, -33.874520, 40.283200,Walking
705708, 0.372681, 1.056641, 0.199097, -3.601074, -32.836920, 39.550780,Walking
705728, 0.314087, 1.014282, 0.213745, 5.004884, -29.052730, 34.118660,Walking
705748, 0.287720, 0.940674, 0.203980, 5.859374, -25.329584, 31.799310,Walking
705768, 0.265747, 0.890625, 0.201172, 1.647949, -19.531250, 33.264160,Walking
705788, 0.260986, 0.881836, 0.206787, -3.417968, -13.916012, 35.949720,Walking
705808, 0.267456, 0.877686, 0.203125, -5.554198, -10.620116, 36.560060,Walking
705828, 0.261597, 0.852173, 0.194702, -6.347656, -11.474608, 34.912120,Walking
705848, 0.266358, 0.822266, 0.185425, -7.324218, -13.244628, 31.921380,Walking
705868, 0.254761, 0.801636, 0.177490, -8.483890, -14.953610, 28.076170,Walking
705888, 0.238159, 0.799194, 0.170044, -8.361816, -14.160152, 24.047850,Walking
705908, 0.235718, 0.794556, 0.170288, -6.958006, -12.451170, 19.042970,Walking
705928, 0.232300, 0.799805, 0.182861, -4.577638, -10.620116, 13.366696,Walking
705948, 0.238647, 0.812866, 0.179199, 2.624511, -6.530760, 4.150392,Walking
705968, 0.249146, 0.817261, 0.159058, 6.286620, -2.685546, -2.685546,Walking
705988, 0.265991, 0.855591, 0.155884, 8.178714, 0.000000, -8.361816,Walking
706008, 0.284302, 0.942261, 0.170410, 9.460450, 1.525878, -11.352536,Walking
706028, 0.293823, 1.060303, 0.190308, 11.901852, 3.845214, -12.634276,Walking
706048, 0.301758, 1.206299, 0.231445, 14.160152, 8.605960, -15.319820,Walking
706068, 0.285889, 1.409058, 0.270630, 21.728510, 18.981940, -19.348150,Walking
706088, 0.227173, 1.386353, 0.276001, 35.644540, 41.137680, -25.756830,Walking
706108, 0.229736, 1.246704, 0.207397, 44.128410, 68.603540, -35.095220,Walking
706128, 0.274048, 1.051758, 0.140015, 46.386710, 90.759260, -46.691880,Walking
706148, 0.410522, 0.913452, 0.131836, 39.672860, 92.651360, -54.016100,Walking
706168, 0.535645, 0.842407, 0.124390, 28.259270, 66.772460, -52.185050,Walking
706188, 0.498535, 0.797852, 0.130371, 26.123040, 49.316400, -49.499500,Walking
706208, 0.490234, 0.725830, 0.103027, 25.451652, 34.545900, -48.217760,Walking
706228, 0.413330, 0.678223, 0.079956, 20.812980, 27.343748, -43.945300,Walking
706248, 0.374024, 0.708862, 0.078491, 13.671872, 28.076170, -35.095220,Walking
706268, 0.370239, 0.806519, 0.094849, 8.911134, 34.362800, -24.902340,Walking
706288, 0.374756, 0.907593, 0.114502, 7.995604, 45.715320, -18.249516,Walking
706308, 0.444702, 1.011353, 0.119507, 8.972170, 50.476060, -14.953610,Walking
706328, 0.451050, 1.042358, 0.115723, 13.793944, 50.415030, -14.099120,Walking
706348, 0.458252, 0.980591, 0.085083, 15.502928, 49.377430, -15.747068,Walking
706368, 0.481567, 0.896973, 0.068970, 10.925290, 40.588370, -17.211920,Walking
706388, 0.512329, 0.826538, 0.093872, 4.760742, 12.084960, -12.512204,Walking
706408, 0.454224, 0.769043, 0.102905, -1.159668, -6.225584, -7.080076,Walking
706428, 0.373779, 0.781860, 0.046509, -2.990722, -2.441407, -6.286620,Walking
706448, 0.379883, 0.761841, 0.022583, -4.821778, 10.192870, -5.187988,Walking
706468, 0.369263, 0.788818, 0.048706, -8.239746, 20.751950, -2.868652,Walking
706488, 0.436279, 0.811035, 0.085693, -9.948730, 24.475090, 3.051757,Walking
706508, 0.501587, 0.844116, 0.098755, -10.925290, 16.235352, 6.164550,Walking
706528, 0.518677, 0.876831, 0.073730, -9.521484, 4.577638, 4.089356,Walking
706548, 0.515015, 0.880249, 0.057373, -9.521484, -7.446288, 1.586914,Walking
706568, 0.487183, 0.892334, 0.066162, -11.047360, -15.380856, -1.220704,Walking
706588, 0.453247, 0.905396, 0.074585, -10.803220, -13.610836, -2.807617,Walking
706608, 0.485474, 0.950073, 0.087402, -12.145992, -11.352536, -1.647949,Walking
706628, 0.506958, 1.005494, 0.096069, -11.108396, -12.573240, 1.220704,Walking
706648, 0.505737, 1.035034, 0.103638, -9.521484, -14.953610, 2.502442,Walking
706668, 0.497803, 1.040650, 0.109619, -6.958006, -16.174320, 1.586914,Walking
706688, 0.479492, 1.030640, 0.124146, -5.798338, -17.028810, 0.488281,Walking
706708, 0.494263, 1.109253, 0.138550, -9.704590, -16.906740, 1.586914,Walking
706728, 0.523804, 1.206910, 0.153198, -7.629394, -17.517090, 4.943848,Walking
706748, 0.534302, 1.250977, 0.168945, -5.371092, -19.104010, 5.065916,Walking
706768, 0.550659, 1.188843, 0.152588, 3.295898, -23.681636, 3.723144,Walking
706788, 0.480591, 0.998535, 0.140137, 7.324218, -28.808590, -0.671386,Walking
706808, 0.455566, 0.840088, 0.104736, 6.530760, -32.104500, -1.098633,Walking
706828, 0.438477, 0.723511, 0.085449, -8.239746, -40.893540, 10.620116,Walking
706848, 0.418579, 0.750244, 0.098877, -16.784670, -42.663560, 20.629880,Walking
706868, 0.408081, 0.845093, 0.120239, -21.911620, -46.142570, 27.648920,Walking
706888, 0.398682, 0.995117, 0.140747, -19.470220, -50.720200, 30.639640,Walking
706908, 0.362183, 1.105713, 0.161865, -11.840818, -52.978500, 31.494136,Walking
706928, 0.314819, 1.148926, 0.170044, -1.586914, -49.499500, 29.602044,Walking
706948, 0.285400, 1.110108, 0.180908, 5.981444, -42.785640, 27.832030,Walking
706968, 0.250000, 1.034668, 0.193970, 9.338380, -35.827640, 27.343748,Walking
706988, 0.241943, 0.940552, 0.194702, 8.483890, -27.648920, 28.747552,Walking
707008, 0.259522, 0.869385, 0.176270, 4.272462, -22.094720, 30.212400,Walking
707028, 0.267090, 0.823364, 0.181397, -1.281738, -21.423332, 32.226570,Walking
707048, 0.257935, 0.814575, 0.181274, -8.972170, -24.353020, 34.667980,Walking
707068, 0.243164, 0.821900, 0.177734, -11.718748, -23.376460, 35.766600,Walking
707088, 0.239502, 0.835205, 0.179077, -13.305660, -22.033690, 36.010750,Walking
707108, 0.222534, 0.854980, 0.181641, -12.573240, -18.920900, 34.912120,Walking
707128, 0.222046, 0.869019, 0.184937, -10.314940, -14.038084, 32.775880,Walking
707148, 0.212036, 0.869507, 0.182617, -6.469726, -8.361816, 29.052730,Walking
707168, 0.223999, 0.861450, 0.179199, -3.417968, -2.136231, 24.658200,Walking
707188, 0.253662, 0.883179, 0.175537, -1.037598, 0.976562, 20.080560,Walking
707208, 0.254761, 0.917969, 0.180908, 1.586914, 3.967285, 17.272950,Walking
707228, 0.260132, 0.967652, 0.178101, 4.333496, 8.117676, 14.831540,Walking
707248, 0.267212, 1.015381, 0.176758, 7.202148, 11.840818, 12.878416,Walking
707268, 0.279541, 1.172852, 0.200562, 6.591796, 22.827140, 10.192870,Walking
707288, 0.308350, 1.366333, 0.208984, 12.634276, 30.334470, 9.399414,Walking
707308, 0.255982, 1.312256, 0.205811, 25.512690, 45.471180, 1.037598,Walking
707328, 0.305542, 1.157349, 0.147217, 35.339360, 64.331060, -10.803220,Walking
707348, 0.350830, 0.912964, 0.114990, 38.269050, 68.969740, -26.245110,Walking
707368, 0.429810, 0.754272, 0.099487, 30.395500, 57.495110, -34.362800,Walking
707388, 0.482056, 0.703980, 0.084961, 17.883300, 35.888680, -34.667980,Walking
707408, 0.493774, 0.699829, 0.067017, 9.582520, 13.305660, -33.691410,Walking
707428, 0.476196, 0.696411, 0.035889, 4.760742, -5.065916, -34.240730,Walking
707448, 0.377197, 0.706299, -0.000732, 3.906249, -11.901852, -34.851080,Walking
707468, 0.308594, 0.744263, 0.032471, 4.821778, -5.126952, -32.043460,Walking
707488, 0.272949, 0.877075, 0.090332, 8.789064, 18.615724, -24.414060,Walking
707508, 0.320801, 0.999878, 0.084106, 12.451170, 37.902840, -22.949216,Walking
707528, 0.370972, 1.096314, 0.068359, 18.615724, 51.696770, -24.169920,Walking
707548, 0.402344, 1.083618, 0.052490, 27.099608, 63.659660, -29.052730,Walking
707568, 0.450562, 0.972290, 0.048950, 31.249992, 65.856940, -35.156260,Walking
707588, 0.490601, 0.844604, 0.054932, 28.381340, 53.894040, -38.452160,Walking
707608, 0.521484, 0.770630, 0.056519, 18.371584, 33.691410, -37.414560,Walking
707628, 0.520386, 0.779541, 0.046631, 9.460450, 16.662600, -33.996590,Walking
707648, 0.482178, 0.801270, 0.034180, 4.943848, 6.591796, -31.005852,Walking
707668, 0.458496, 0.820190, 0.043945, 3.417968, 2.746581, -29.235832,Walking
707688, 0.432739, 0.834229, 0.069092, 4.638672, 2.258301, -27.893060,Walking
707708, 0.426025, 0.853028, 0.066406, 5.187988, 8.544924, -22.766110,Walking
707728, 0.435059, 0.881104, 0.052368, 4.577638, 16.296390, -19.775390,Walking
707748, 0.449951, 0.888672, 0.059326, 5.859374, 24.169920, -19.165040,Walking
707768, 0.504761, 0.868164, 0.067871, 5.554198, 25.085448, -19.775390,Walking
707788, 0.555786, 0.866089, 0.064819, 2.319336, 17.883300, -19.531250,Walking
707808, 0.574097, 0.897339, 0.062622, -1.953124, 7.080076, -17.578130,Walking
707828, 0.559448, 0.937256, 0.068237, -2.868652, -0.671386, -14.709470,Walking
707848, 0.526001, 0.936646, 0.075928, -2.563476, -2.746581, -10.803220,Walking
707868, 0.497681, 0.930054, 0.079102, -3.784179, -3.356933, -5.432128,Walking
707888, 0.457275, 0.934448, 0.070190, -6.042480, -1.220704, 2.075196,Walking
707908, 0.444824, 0.985596, 0.077393, -9.399414, 4.577638, 10.864256,Walking
707928, 0.462769, 1.098267, 0.116699, -7.873534, 11.901852, 18.554690,Walking
707948, 0.493164, 1.225586, 0.147339, -6.591796, 12.390136, 20.629880,Walking
707968, 0.505737, 1.353516, 0.170532, -0.488281, 10.864256, 22.033690,Walking
707988, 0.477783, 1.282349, 0.171509, 10.620116, 14.831540, 19.531250,Walking
708008, 0.438599, 1.067139, 0.136353, 14.709470, 17.517090, 15.808104,Walking
708028, 0.450562, 0.862915, 0.089722, 8.178714, 14.038084, 16.479492,Walking
708048, 0.462158, 0.733521, 0.073364, -7.812498, 4.089356, 21.850580,Walking
708068, 0.484253, 0.745850, 0.069336, -22.705070, -7.446288, 29.602044,Walking
708088, 0.466064, 0.808960, 0.085083, -29.663080, -20.141600, 35.888680,Walking
708108, 0.433350, 0.874634, 0.088989, -30.273430, -30.029290, 39.306640,Walking
708128, 0.378662, 0.919678, 0.081055, -27.160640, -32.714850, 42.541500,Walking
708148, 0.299805, 0.896118, 0.074097, -23.071284, -23.803708, 46.325680,Walking
708168, 0.309692, 0.947266, 0.085571, -23.071284, -17.395020, 49.011220,Walking
708188, 0.314819, 1.034058, 0.119385, -19.958500, -15.380856, 50.964340,Walking
708208, 0.317749, 1.143555, 0.161743, -12.268064, -13.549804, 49.438460,Walking
708228, 0.296021, 1.193116, 0.184937, 0.976562, -10.803220, 45.288080,Walking
708248, 0.248291, 1.114868, 0.183105, 13.610836, -4.333496, 38.208020,Walking
708268, 0.215454, 0.997803, 0.178833, 17.272950, 4.272462, 31.982420,Walking
708288, 0.182983, 0.932984, 0.175903, 15.563964, 14.465330, 31.860350,Walking
708308, 0.210327, 0.872803, 0.173828, 12.695310, 21.972650, 32.409680,Walking
708328, 0.241577, 0.844849, 0.168945, 6.958006, 24.963376, 32.287600,Walking
708348, 0.262207, 0.886230, 0.161499, 3.112792, 22.338860, 32.104500,Walking
708368, 0.243164, 0.940796, 0.169189, 5.554198, 19.226080, 31.433100,Walking
708388, 0.223389, 0.960571, 0.162476, 10.375976, 20.996090, 30.395500,Walking
708408, 0.215454, 0.962402, 0.149414, 15.197750, 26.306150, 28.259270,Walking
708428, 0.229736, 0.943360, 0.140503, 22.949216, 32.287600, 24.291990,Walking
708448, 0.262207, 0.920654, 0.155151, 29.785150, 37.475590, 18.554690,Walking
708468, 0.260986, 0.931152, 0.162354, 38.757330, 42.053220, 14.282224,Walking
708488, 0.249512, 0.930176, 0.157593, 48.034660, 47.912590, 13.000484,Walking
708508, 0.239746, 0.952393, 0.154663, 53.588860, 56.213370, 15.014646,Walking
708528, 0.226685, 1.013062, 0.175171, 57.739250, 67.810060, 20.080560,Walking
708548, 0.231079, 1.175415, 0.215698, 58.898920, 80.688460, 25.207516,Walking
708568, 0.240479, 1.291992, 0.226807, 71.716320, 96.557600, 28.564450,Walking
708588, 0.235718, 1.089112, 0.180054, 85.815400, 121.948220, 18.554690,Walking
708608, 0.305786, 1.016480, 0.256226, 83.496060, 118.530240, 12.512204,Walking
708628, 0.363037, 0.885864, 0.245117, 75.805680, 91.674800, 1.342773,Walking
708648, 0.598877, 0.792480, 0.057251, 55.725090, 54.992660, -14.099120,Walking
708668, 0.634400, 0.817017, 0.017334, 38.696300, 10.070800, -27.465816,Walking
708688, 0.415039, 0.868896, 0.065430, 41.015620, -17.578130, -36.621100,Walking
708708, 0.370606, 0.865845, 0.104980, 52.001940, -16.845708, -40.222160,Walking
708728, 0.265381, 0.862305, 0.089111, 62.499990, 1.708984, -40.344230,Walking
708748, 0.141968, 0.868408, 0.078369, 69.458020, 37.292480, -34.851080,Walking
708768, 0.130859, 0.911621, 0.076172, 73.852540, 87.463360, -28.991692,Walking
708788, 0.237915, 0.924805, 0.088135, 78.491220, 130.737300, -23.925780,Walking
708808, 0.382935, 0.924561, 0.144165, 83.374000, 160.705500, -19.897460,Walking
708828, 0.459839, 0.898316, 0.168213, 84.838860, 159.790080, -17.456060,Walking
708848, 0.504761, 0.890503, 0.171753, 81.970200, 145.568900, -18.005376,Walking
708868, 0.464844, 0.899536, 0.154907, 78.186040, 133.972200, -20.568840,Walking
708888, 0.431396, 0.890137, 0.150269, 74.646000, 129.882840, -24.230950,Walking
708908, 0.425171, 0.876099, 0.164673, 68.298340, 135.437040, -25.634760,Walking
708928, 0.435425, 0.858521, 0.174316, 62.499990, 137.634300, -25.268550,Walking
708948, 0.439941, 0.858032, 0.172974, 59.814440, 136.779800, -24.536130,Walking
708968, 0.440064, 0.822266, 0.172730, 59.326160, 135.986360, -24.475090,Walking
708988, 0.428101, 0.785156, 0.178955, 57.739250, 136.535680, -24.108880,Walking
709008, 0.412964, 0.776123, 0.186401, 54.321280, 138.061520, -21.728510,Walking
709028, 0.429810, 0.830933, 0.199463, 47.424300, 142.822300, -15.502928,Walking
709048, 0.435059, 0.902100, 0.202271, 44.982900, 145.996100, -12.634276,Walking
709068, 0.434448, 0.933472, 0.206665, 46.752920, 149.719240, -12.145992,Walking
709088, 0.463257, 0.923828, 0.202759, 46.325680, 150.512700, -13.977050,Walking
709108, 0.490479, 0.891846, 0.202637, 44.677720, 144.531300, -16.052250,Walking
709128, 0.505249, 0.876587, 0.210327, 40.893540, 134.887700, -17.272950,Walking
709148, 0.499268, 0.884033, 0.208252, 37.597660, 127.075180, -17.089850,Walking
709168, 0.512940, 0.872925, 0.194214, 34.606940, 120.666500, -17.456060,Walking
709188, 0.522095, 0.877808, 0.185547, 28.686520, 112.609840, -17.211920,Walking
709208, 0.506958, 0.904175, 0.194946, 22.094720, 105.407700, -14.526364,Walking
709228, 0.526612, 0.996216, 0.196777, 14.831540, 99.060040, -10.253904,Walking
709248, 0.563354, 1.088501, 0.177856, 14.160152, 85.937480, -4.272462,Walking
709268, 0.531250, 1.025757, 0.172607, 15.808104, 79.040540, -4.516602,Walking
709288, 0.507935, 0.954224, 0.151611, 15.075680, 71.716320, -3.723144,Walking
709308, 0.484009, 0.879272, 0.140137, 10.864256, 66.040040, 0.244141,Walking
709328, 0.487183, 0.864502, 0.130005, 5.554198, 61.096180, 4.272462,Walking
709348, 0.485230, 0.892212, 0.127686, 3.540038, 57.983390, 8.056642,Walking
709368, 0.493774, 0.922486, 0.125488, 4.516602, 55.908200, 11.047360,Walking
709388, 0.467896, 0.941284, 0.132080, 9.399414, 50.964340, 13.488768,Walking
709408, 0.417480, 0.945923, 0.148193, 13.610836, 55.053700, 16.479492,Walking
709428, 0.419922, 0.978272, 0.164551, 14.831540, 58.593740, 19.531250,Walking
709448, 0.431519, 1.015259, 0.164673, 16.418460, 61.584460, 22.033690,Walking
709468, 0.438232, 1.002198, 0.179688, 20.019532, 61.035140, 20.019532,Walking
709488, 0.444092, 0.958496, 0.182007, 21.484370, 55.725090, 17.211920,Walking
709508, 0.442383, 0.898926, 0.177856, 20.019532, 47.607410, 15.197750,Walking
709528, 0.431885, 0.852783, 0.167725, 15.808104, 38.696300, 14.831540,Walking
709548, 0.428833, 0.832764, 0.156860, 11.230468, 29.785150, 15.441892,Walking
709568, 0.411255, 0.838135, 0.153564, 6.835936, 23.254390, 17.517090,Walking
709588, 0.380737, 0.871338, 0.159546, 5.615234, 18.432620, 20.751950,Walking
709608, 0.349609, 0.890869, 0.162354, 6.286620, 18.432620, 23.803708,Walking
709628, 0.323730, 0.905396, 0.158691, 7.385252, 22.460930, 25.817870,Walking
709648, 0.319458, 0.894165, 0.148804, 8.178714, 27.587884, 26.489250,Walking
709668, 0.330688, 0.893188, 0.146240, 7.446288, 30.822750, 26.306150,Walking
709688, 0.325928, 0.898316, 0.161621, 9.216310, 30.273430, 25.329584,Walking
709708, 0.319946, 0.872070, 0.153564, 10.620116, 29.174800, 23.559568,Walking
709728, 0.319336, 0.853028, 0.138306, 9.582520, 27.465816, 20.812980,Walking
709748, 0.329956, 0.858765, 0.128418, 7.995604, 24.780270, 17.456060,Walking
709768, 0.342163, 0.884033, 0.142212, 6.896972, 21.057124, 14.221190,Walking
709788, 0.323975, 0.916138, 0.158569, 8.544924, 17.822270, 11.901852,Walking
709808, 0.300781, 0.924683, 0.150513, 11.718748, 17.578130, 10.131832,Walking
709828, 0.303711, 0.929688, 0.139160, 12.695310, 18.066410, 8.117676,Walking
709848, 0.294922, 0.978394, 0.138672, 11.840818, 21.545408, 6.286620,Walking
709868, 0.291748, 1.051636, 0.145752, 13.610836, 26.489250, 6.469726,Walking
709888, 0.268555, 1.072998, 0.152710, 18.981940, 36.010750, 6.713866,Walking
709908, 0.301758, 1.136719, 0.182129, 18.676760, 46.752920, 3.906249,Walking
709928, 0.313843, 1.255127, 0.172485, 22.705070, 51.208480, 2.380371,Walking
709948, 0.319336, 1.213501, 0.159180, 28.442380, 57.617180, -3.662109,Walking
709968, 0.321533, 1.099854, 0.126465, 34.423840, 65.856940, -12.268064,Walking
709988, 0.345215, 0.940308, 0.108765, 36.865240, 66.894540, -20.751950,Walking
710008, 0.367066, 0.828980, 0.093384, 33.996590, 61.889640, -23.315424,Walking
710028, 0.374878, 0.800537, 0.059448, 29.174800, 57.250960, -20.080560,Walking
710048, 0.347534, 0.822266, 0.055420, 29.235832, 57.495110, -14.526364,Walking
710068, 0.276245, 0.792725, 0.061523, 35.949720, 69.580100, -10.620116,Walking
710088, 0.280396, 0.716431, 0.063599, 40.649400, 85.449200, -9.277344,Walking
710108, 0.320068, 0.703369, 0.071045, 37.414560, 94.055160, -7.141112,Walking
710128, 0.371094, 0.838501, 0.066284, 30.883784, 98.022440, -0.732422,Walking
710148, 0.385864, 0.930420, 0.097290, 30.822750, 100.158680, -0.610352,Walking
710168, 0.427002, 0.979004, 0.113403, 33.020020, 96.313460, -5.554198,Walking
710188, 0.486694, 0.984375, 0.098267, 32.958990, 87.280260, -13.244628,Walking
710208, 0.500244, 0.947022, 0.071777, 30.212400, 71.655300, -19.653320,Walking
710228, 0.484131, 0.887451, 0.056641, 25.878900, 58.898920, -23.315424,Walking
710248, 0.502808, 0.815186, 0.061157, 19.287110, 48.034660, -24.230950,Walking
710268, 0.490601, 0.785645, 0.068726, 12.084960, 33.325200, -22.033690,Walking
710288, 0.467774, 0.787110, 0.066406, 6.835936, 21.545408, -17.822270,Walking
710308, 0.455200, 0.795654, 0.054077, 2.502442, 16.845708, -14.343260,Walking
710328, 0.451294, 0.821167, 0.048950, 0.549316, 14.831540, -11.840818,Walking
710348, 0.455200, 0.846314, 0.066895, 0.671386, 17.456060, -10.009768,Walking
710368, 0.479614, 0.861572, 0.074585, 0.000000, 15.930172, -8.483890,Walking
710388, 0.489746, 0.882446, 0.069336, -1.708984, 12.207030, -7.019042,Walking
710408, 0.502930, 0.905640, 0.066040, -3.723144, 7.568358, -6.164550,Walking
710428, 0.502075, 0.917236, 0.069824, -5.310058, 2.807617, -5.920409,Walking
710448, 0.513794, 0.918213, 0.070923, -7.690428, -2.441407, -5.920409,Walking
710468, 0.513794, 0.929932, 0.065918, -11.352536, -7.263182, -5.249022,Walking
710488, 0.530274, 0.961060, 0.063110, -15.075680, -11.840818, -3.173828,Walking
710508, 0.527954, 1.003784, 0.060913, -16.784670, -15.930172, -0.854492,Walking
710528, 0.515015, 1.004883, 0.068115, -15.747068, -18.432620, 0.427246,Walking
710548, 0.504761, 1.019410, 0.084961, -18.493652, -19.775390, 1.342773,Walking
710568, 0.549438, 1.210450, 0.098145, -20.751950, -24.719230, 7.263182,Walking
710588, 0.494629, 1.273560, 0.103882, -16.235352, -20.263670, 9.460450,Walking
710608, 0.437378, 1.194824, 0.098999, -3.662109, -3.112792, 11.230468,Walking
710628, 0.374268, 0.999878, 0.096069, 3.173828, 16.967780, 10.986324,Walking
710648, 0.379883, 0.849365, 0.081543, 0.671386, 31.005852, 18.310550,Walking
710668, 0.420898, 0.762573, 0.089355, -8.056642, 35.156260, 29.907220,Walking
710688, 0.455811, 0.743164, 0.089111, -14.404296, 32.043460, 39.672860,Walking
710708, 0.473267, 0.773560, 0.120850, -19.958500, 22.827140, 45.288080,Walking
710728, 0.474732, 0.877564, 0.160156, -21.423332, 5.126952, 48.583980,Walking
710748, 0.418457, 0.999634, 0.181519, -21.179192, -10.681150, 50.598140,Walking
710768, 0.370606, 1.101318, 0.193237, -18.371584, -21.118160, 52.490220,Walking
710788, 0.317871, 1.103272, 0.187256, -11.474608, -24.108880, 49.072260,Walking
710808, 0.298340, 1.039185, 0.185425, -9.521484, -24.841304, 43.090810,Walking
710828, 0.306519, 0.970825, 0.195190, -9.643556, -28.137200, 37.902840,Walking
710848, 0.310181, 0.911133, 0.205322, -10.437010, -34.545900, 34.545900,Walking
710868, 0.297730, 0.869263, 0.199097, -11.779784, -40.161120, 32.958990,Walking
710888, 0.275513, 0.835205, 0.187622, -12.878416, -43.518060, 31.799310,Walking
710908, 0.255982, 0.819702, 0.181519, -14.038084, -44.494620, 30.822750,Walking
710928, 0.229614, 0.818237, 0.182129, -13.793944, -42.480460, 30.151360,Walking
710948, 0.214355, 0.828613, 0.183716, -12.695310, -36.132820, 29.663080,Walking
710968, 0.211182, 0.833740, 0.183594, -10.009768, -28.991692, 28.564450,Walking
710988, 0.207397, 0.835816, 0.181885, -6.591796, -22.705070, 25.512690,Walking
711008, 0.193726, 0.837280, 0.197144, -0.366211, -11.962890, 17.456060,Walking
711028, 0.221924, 0.839722, 0.201294, 3.479003, -5.615234, 10.253904,Walking
711048, 0.254883, 0.875000, 0.197266, 5.493162, -2.868652, 3.479003,Walking
711068, 0.241821, 0.923096, 0.201904, 8.911134, -0.793457, -1.770019,Walking
711088, 0.246338, 0.969360, 0.200806, 11.962890, 3.784179, -6.530760,Walking
711108, 0.253540, 1.006592, 0.197266, 14.221190, 9.582520, -12.268064,Walking
711128, 0.280029, 1.053833, 0.185669, 15.747068, 15.441892, -18.798830,Walking
711148, 0.323486, 1.086182, 0.179443, 19.348150, 19.775390, -25.817870,Walking
711168, 0.359985, 1.093872, 0.188355, 22.216790, 21.057124, -33.630380,Walking
711188, 0.382568, 1.174927, 0.182861, 24.536130, 20.507810, -39.306640,Walking
711208, 0.381958, 1.133301, 0.160522, 32.592780, 23.437492, -45.654280,Walking
711228, 0.409790, 1.093750, 0.140259, 36.621100, 30.212400, -54.199210,Walking
711248, 0.419556, 1.000000, 0.130371, 39.001470, 34.545900, -55.236800,Walking
711268, 0.431030, 0.882446, 0.119751, 39.062500, 36.010750, -54.626460,Walking
711288, 0.450562, 0.782715, 0.108276, 33.996590, 32.897960, -51.208480,Walking
711308, 0.446045, 0.730835, 0.087524, 27.221676, 27.160640, -44.738760,Walking
711328, 0.410278, 0.691040, 0.088867, 20.385740, 25.695796, -37.414560,Walking
711348, 0.407715, 0.717041, 0.102173, 12.878416, 25.939940, -30.212400,Walking
711368, 0.437256, 0.815308, 0.100586, 6.713866, 24.963376, -23.620600,Walking
711388, 0.457764, 0.931641, 0.095947, 3.417968, 23.986810, -19.470220,Walking
711408, 0.475952, 1.032959, 0.095581, 4.211426, 22.827140, -18.493652,Walking
711428, 0.472412, 1.047242, 0.097778, 7.934570, 22.033690, -19.470220,Walking
711448, 0.474854, 0.927612, 0.084351, 8.056642, 15.991210, -20.446770,Walking
711468, 0.460327, 0.832276, 0.065918, 2.868652, 11.596676, -18.005376,Walking
711488, 0.492432, 0.783570, 0.061279, -5.004884, 5.737304, -12.817380,Walking
711508, 0.483765, 0.773804, 0.062988, -10.864256, -0.915527, -7.751464,Walking
711528, 0.473389, 0.784546, 0.077148, -13.610836, -6.774902, -3.234863,Walking
711548, 0.448730, 0.801880, 0.092896, -13.366696, -9.460450, -0.305176,Walking
711568, 0.445435, 0.814453, 0.099854, -10.986324, -9.338380, 1.159668,Walking
711588, 0.436768, 0.819092, 0.100586, -10.070800, -8.422854, 1.831054,Walking
711608, 0.445679, 0.830933, 0.099121, -10.559080, -5.798338, 2.868652,Walking
711628, 0.471924, 0.835449, 0.106567, -12.756344, -5.615234, 4.455568,Walking
711648, 0.478149, 0.857666, 0.112305, -15.441892, -7.568358, 5.798338,Walking
711668, 0.496460, 0.898682, 0.113525, -18.798830, -14.343260, 7.690428,Walking
711688, 0.483765, 0.921143, 0.114746, -20.568840, -18.554690, 8.605960,Walking
711708, 0.471436, 0.948242, 0.125000, -21.545408, -20.935052, 9.155274,Walking
711728, 0.467529, 0.973877, 0.126953, -20.996090, -22.399900, 9.033204,Walking
711748, 0.466187, 0.985230, 0.130127, -20.507810, -24.719230, 8.422854,Walking
711768, 0.458496, 0.993042, 0.135376, -19.958500, -28.015130, 7.995604,Walking
711788, 0.452515, 0.995239, 0.128540, -19.592290, -31.249992, 7.629394,Walking
711808, 0.432251, 0.990601, 0.121460, -19.470220, -32.287600, 7.080076,Walking
711828, 0.415405, 0.980835, 0.119263, -18.859868, -29.846190, 6.530760,Walking
711848, 0.407837, 0.957398, 0.119385, -17.761230, -26.428220, 6.225584,Walking
711868, 0.427734, 0.963989, 0.126465, -19.470220, -25.024410, 5.737304,Walking
711888, 0.480591, 1.135010, 0.149170, -22.399900, -31.433100, 5.676268,Walking
711908, 0.512573, 1.279297, 0.143921, -17.639160, -35.705570, 4.882814,Walking
711928, 0.448853, 1.184570, 0.128174, -3.723144, -33.203130, 0.000000,Walking
711948, 0.416260, 0.950073, 0.104614, 2.441407, -29.113768, -5.798338,Walking
711968, 0.399292, 0.730835, 0.086670, -2.502442, -30.517570, -2.685546,Walking
711988, 0.407593, 0.637818, 0.077881, -17.395020, -36.804200, 7.202148,Walking
712008, 0.410522, 0.680054, 0.095825, -28.625480, -42.968740, 17.761230,Walking
712028, 0.433106, 0.806641, 0.119751, -35.034180, -52.001940, 24.658200,Walking
712048, 0.445190, 1.008545, 0.141602, -31.860350, -62.622060, 25.878900,Walking
712068, 0.381470, 1.143311, 0.159180, -16.784670, -65.063500, 24.108880,Walking
712088, 0.300659, 1.149170, 0.172730, -0.732422, -53.100580, 19.592290,Walking
712128, 0.275146, 0.966919, 0.194702, 14.892576, -11.413570, 18.249516,Walking
712148, 0.280396, 0.876221, 0.198120, 13.854978, -1.037598, 21.057124,Walking
712168, 0.317749, 0.815796, 0.193481, 8.728030, 3.601074, 23.254390,Walking
712188, 0.348755, 0.796631, 0.189087, 1.770019, 1.037598, 24.536130,Walking
712208, 0.348267, 0.804199, 0.187256, -4.028321, -4.638672, 25.512690,Walking
712228, 0.333496, 0.816895, 0.190186, -7.568358, -11.230468, 26.550290,Walking
712248, 0.300415, 0.836182, 0.190430, -9.643556, -14.831540, 27.587884,Walking
712268, 0.281372, 0.852905, 0.184570, -9.887696, -15.136716, 27.465816,Walking
712288, 0.258789, 0.859986, 0.183228, -7.873534, -12.023924, 25.878900,Walking
712308, 0.263428, 0.863770, 0.186890, -4.150392, -8.544924, 21.850580,Walking
712328, 0.272339, 0.866577, 0.194824, 2.319336, -3.906249, 13.366696,Walking
712348, 0.279297, 0.883667, 0.199219, 6.958006, -2.319336, 7.873534,Walking
712368, 0.288940, 0.899048, 0.198486, 10.498044, -2.746581, 2.868652,Walking
712388, 0.282349, 0.922119, 0.187622, 13.305660, -1.037598, -1.525878,Walking
712408, 0.304199, 0.939087, 0.179321, 14.099120, 0.610352, -5.126952,Walking
712428, 0.300171, 0.968994, 0.166626, 14.038084, 3.906249, -7.141112,Walking
712448, 0.302612, 0.978272, 0.164795, 13.610836, 8.300784, -9.033204,Walking
712468, 0.327148, 1.026001, 0.178467, 10.681150, 11.840818, -11.169430,Walking
712488, 0.374268, 1.175293, 0.186035, 7.263182, 12.512204, -13.244628,Walking
712508, 0.364258, 1.269410, 0.177979, 12.512204, 13.977050, -17.578130,Walking
712528, 0.346924, 1.220826, 0.142090, 21.972650, 24.536130, -26.123040,Walking
712548, 0.392090, 0.985596, 0.092529, 29.479976, 35.644540, -44.677720,Walking
712568, 0.416626, 0.856445, 0.083618, 28.442380, 35.217290, -49.499500,Walking
712588, 0.438721, 0.792603, 0.066284, 22.460930, 32.409680, -47.668440,Walking
712608, 0.425415, 0.785400, 0.045654, 19.104010, 33.813480, -41.564930,Walking
712628, 0.458130, 0.751099, 0.024536, 19.165040, 32.836920, -37.292480,Walking
712648, 0.443237, 0.732300, 0.017212, 18.371584, 27.832030, -33.325200,Walking
712668, 0.429077, 0.737183, 0.032837, 16.723632, 22.644040, -27.404780,Walking
712688, 0.403076, 0.797119, 0.048218, 14.953610, 21.606440, -20.690910,Walking
712708, 0.397461, 0.849732, 0.059692, 16.540530, 23.864740, -17.761230,Walking
712728, 0.397705, 0.910278, 0.069702, 18.432620, 28.015130, -18.920900,Walking
712748, 0.406738, 0.962646, 0.092529, 21.545408, 32.348640, -22.399900,Walking
712768, 0.466431, 1.034668, 0.117920, 22.094720, 30.883784, -26.550290,Walking
712788, 0.468750, 1.043091, 0.107544, 21.606440, 26.428220, -26.672360,Walking
712808, 0.459351, 0.985718, 0.083862, 19.592290, 24.169920, -25.878900,Walking
712828, 0.458252, 0.904175, 0.076416, 14.160152, 20.202630, -23.986810,Walking
712848, 0.460449, 0.833862, 0.088623, 7.995604, 14.526364, -20.385740,Walking
712868, 0.466064, 0.796265, 0.091919, 2.441407, 9.460450, -16.174320,Walking
712888, 0.445068, 0.784302, 0.090698, -1.098633, 7.507323, -11.474608,Walking
712908, 0.447022, 0.798706, 0.085449, -3.906249, 7.263182, -7.385252,Walking
712928, 0.445068, 0.823853, 0.079346, -5.004884, 7.751464, -4.089356,Walking
712948, 0.456421, 0.839600, 0.085938, -5.187988, 8.544924, -2.563476,Walking
712968, 0.474609, 0.847778, 0.088013, -4.333496, 7.629394, -3.173828,Walking
712988, 0.492920, 0.839112, 0.086060, -5.859374, 1.953124, -5.187988,Walking
713008, 0.499390, 0.830933, 0.079956, -8.300784, -3.295898, -5.065916,Walking
713028, 0.500732, 0.819702, 0.080200, -12.329100, -9.155274, -4.455568,Walking
713048, 0.512695, 0.819580, 0.079834, -16.357424, -16.113284, -3.051757,Walking
713068, 0.496216, 0.837524, 0.077271, -20.202630, -22.521970, -0.671386,Walking
713088, 0.474976, 0.862915, 0.072022, -21.911620, -25.207516, 3.051757,Walking
713108, 0.451294, 0.877442, 0.067383, -23.132320, -24.475090, 7.385252,Walking
713128, 0.471924, 0.942749, 0.075195, -28.747552, -24.108880, 12.390136,Walking
713148, 0.519898, 1.152466, 0.090210, -34.545900, -27.465816, 19.226080,Walking
713168, 0.523560, 1.366211, 0.079224, -30.029290, -28.442380, 25.024410,Walking
713188, 0.463989, 1.361816, 0.092285, -15.197750, -21.179192, 26.306150,Walking
713208, 0.362427, 1.163574, 0.078125, -4.577638, -3.234863, 24.963376,Walking
713228, 0.370117, 1.029175, 0.064697, -6.042480, 9.643556, 30.639640,Walking
713248, 0.409424, 0.931519, 0.069702, -14.526364, 11.901852, 37.963880,Walking
713268, 0.422608, 0.911987, 0.069214, -20.385740, 8.300784, 42.541500,Walking
713288, 0.421387, 0.899170, 0.066162, -21.606440, 3.051757, 44.311520,Walking
713308, 0.416504, 0.864136, 0.057373, -20.263670, -5.126952, 43.395980,Walking
713328, 0.335571, 0.800904, 0.049072, -20.629880, -7.568358, 43.273920,Walking
713348, 0.328491, 0.780274, 0.069214, -25.878900, -8.361816, 44.372550,Walking
713368, 0.345825, 0.873902, 0.102295, -31.494136, -12.634276, 47.668440,Walking
713388, 0.347046, 1.008545, 0.134888, -30.639640, -21.728510, 48.522940,Walking
713408, 0.335327, 1.156250, 0.158325, -20.935052, -28.442380, 44.494620,Walking
713428, 0.239746, 1.173340, 0.172974, 1.281738, -23.986810, 32.104500,Walking
713448, 0.198364, 1.068726, 0.178833, 11.230468, -12.634276, 22.949216,Walking
713468, 0.166870, 0.964844, 0.191162, 14.343260, 0.305176, 17.822270,Walking
713488, 0.182739, 0.888428, 0.175049, 13.732908, 12.512204, 15.502928,Walking
713508, 0.229492, 0.817383, 0.164673, 11.108396, 17.700200, 13.488768,Walking
713528, 0.266113, 0.784912, 0.155273, 6.530760, 15.686032, 11.901852,Walking
713548, 0.276001, 0.811402, 0.158814, 4.211426, 9.216310, 11.230468,Walking
713568, 0.241821, 0.836182, 0.172852, 6.591796, 6.286620, 11.230468,Walking
713588, 0.221314, 0.866333, 0.177490, 10.192870, 7.690428, 10.742184,Walking
713608, 0.189453, 0.912476, 0.185547, 14.465330, 14.770504, 9.643556,Walking
713628, 0.182251, 0.983887, 0.194092, 20.568840, 27.099608, 7.019042,Walking
713648, 0.207275, 1.034058, 0.206421, 36.254890, 46.508780, -2.197266,Walking
713668, 0.227661, 1.020996, 0.221191, 45.654280, 56.396480, -10.070800,Walking
713688, 0.254272, 1.002320, 0.222046, 52.795400, 61.828600, -18.005376,Walking
713708, 0.253174, 0.979980, 0.218994, 57.250960, 67.504900, -24.841304,Walking
713728, 0.280884, 0.958008, 0.217163, 57.922360, 71.228040, -28.808590,Walking
713748, 0.312988, 0.946900, 0.220215, 56.945790, 69.458020, -31.799310,Walking
713768, 0.303711, 0.959717, 0.251099, 55.480940, 67.749040, -33.752440,Walking
713788, 0.327881, 0.979736, 0.297119, 54.809560, 67.993180, -35.217290,Walking
713808, 0.346314, 0.984375, 0.309448, 51.513660, 59.936520, -35.644540,Walking
713828, 0.382568, 0.988037, 0.266846, 46.447740, 50.292960, -30.517570,Walking
713848, 0.391480, 0.985840, 0.243286, 40.039070, 43.457020, -23.010250,Walking
713868, 0.354370, 0.981079, 0.267456, 37.353520, 51.452620, -13.732908,Walking
713888, 0.351318, 0.994873, 0.277100, 38.146980, 60.546860, -9.643556,Walking
713908, 0.316162, 1.025635, 0.284790, 43.212880, 71.289060, -5.249022,Walking
713928, 0.315430, 1.079102, 0.298828, 45.043940, 84.655740, 0.244141,Walking
713948, 0.320557, 1.232178, 0.306641, 49.499500, 97.229000, 4.882814,Walking
713968, 0.283691, 1.235962, 0.303833, 63.537590, 114.135720, 8.728030,Walking
713988, 0.251831, 1.118774, 0.284058, 72.082540, 135.498100, 9.399414,Walking
714008, 0.269775, 1.008667, 0.261108, 74.646000, 153.991700, 10.681150,Walking
714028, 0.315064, 0.891968, 0.235474, 71.167000, 163.085900, 14.526364,Walking
714048, 0.391968, 0.811279, 0.202759, 63.903800, 161.132800, 17.333990,Walking
714068, 0.440918, 0.772949, 0.170532, 56.518540, 147.460960, 18.310550,Walking
714088, 0.452026, 0.770508, 0.132690, 49.011220, 117.370600, 17.150880,Walking
714108, 0.425537, 0.810913, 0.130737, 46.936020, 100.097640, 16.784670,Walking
714128, 0.376709, 0.876587, 0.128906, 46.936020, 90.759260, 18.432620,Walking
714148, 0.298950, 0.926758, 0.125610, 50.842280, 95.581040, 21.057124,Walking
714168, 0.291382, 0.944702, 0.113281, 56.030260, 109.924300, 21.850580,Walking
714188, 0.294922, 0.916260, 0.115845, 60.302720, 124.389640, 20.141600,Walking
714208, 0.334595, 0.882568, 0.110107, 63.049300, 130.737300, 18.005376,Walking
714228, 0.378418, 0.843506, 0.108765, 62.255850, 130.859400, 16.723632,Walking
714248, 0.392822, 0.812134, 0.088623, 59.509270, 127.319320, 13.488768,Walking
714268, 0.424805, 0.789917, 0.079712, 56.152340, 120.605440, 8.850100,Walking
714288, 0.434448, 0.777588, 0.078369, 52.978500, 111.206040, 3.967285,Walking
714308, 0.426758, 0.779419, 0.087769, 49.987780, 99.975560, -0.915527,Walking
714328, 0.424683, 0.780396, 0.107666, 48.828120, 97.229000, -3.234863,Walking
714348, 0.447754, 0.789551, 0.117310, 46.813960, 96.130360, -3.662109,Walking
714368, 0.461304, 0.807373, 0.106323, 44.738760, 98.449700, -3.051757,Walking
714388, 0.459351, 0.827026, 0.130981, 43.273920, 103.698700, -1.708984,Walking
714408, 0.431763, 0.818482, 0.165283, 44.921860, 108.520500, -0.610352,Walking
714428, 0.472412, 0.790650, 0.173340, 44.189440, 111.694320, 1.037598,Walking
714448, 0.498901, 0.788574, 0.173584, 39.733900, 112.060520, 3.662109,Walking
714468, 0.516358, 0.812500, 0.176758, 35.095220, 109.680160, 6.408690,Walking
714488, 0.529053, 0.833130, 0.189331, 31.799310, 105.651840, 7.995604,Walking
714508, 0.525146, 0.846192, 0.214233, 29.113768, 101.562480, 7.995604,Walking
714528, 0.509766, 0.848999, 0.215088, 24.780270, 100.952120, 8.972170,Walking
714548, 0.510498, 0.837158, 0.196899, 20.874020, 100.524880, 10.803220,Walking
714568, 0.515137, 0.809570, 0.189575, 15.380856, 99.365220, 13.000484,Walking
714588, 0.515625, 0.784790, 0.202026, 10.681150, 98.327620, 13.916012,Walking
714608, 0.537232, 0.777588, 0.212036, 6.896972, 97.106900, 13.549804,Walking
714628, 0.551880, 0.797486, 0.219605, 3.662109, 95.825180, 14.404296,Walking
714648, 0.587646, 0.879150, 0.240845, -1.159668, 94.909660, 16.052250,Walking
714668, 0.649536, 1.000854, 0.252197, -0.793457, 89.355460, 17.883300,Walking
714688, 0.645386, 0.983398, 0.257935, 6.652830, 83.374000, 15.930172,Walking
714708, 0.645996, 0.914673, 0.269653, 9.460450, 78.125000, 13.122556,Walking
714728, 0.634033, 0.861328, 0.255005, 10.192870, 67.749040, 13.427732,Walking
714748, 0.614014, 0.824097, 0.217163, -0.183105, 55.358880, 20.263670,Walking
714768, 0.649292, 0.879639, 0.210083, -8.483890, 39.672860, 25.695796,Walking
714788, 0.584717, 0.961792, 0.229858, -8.117676, 24.291990, 26.550290,Walking
714808, 0.471924, 1.003052, 0.237915, -1.953124, 25.573724, 24.963376,Walking
714828, 0.455566, 1.024292, 0.244385, 5.920409, 37.597660, 24.719230,Walking
714848, 0.435547, 0.921997, 0.243408, 13.000484, 49.743640, 25.451652,Walking
714868, 0.444214, 0.844604, 0.245117, 12.145992, 53.894040, 26.733390,Walking
714888, 0.449341, 0.823730, 0.246948, 10.925290, 51.696770, 29.052730,Walking
714908, 0.443848, 0.805176, 0.240112, 9.582520, 44.738760, 29.663080,Walking
714928, 0.445923, 0.805298, 0.230835, 9.155274, 37.780760, 28.808590,Walking
714948, 0.442627, 0.807251, 0.232788, 9.887696, 29.663080, 25.878900,Walking
714968, 0.441772, 0.823364, 0.243286, 11.596676, 17.395020, 20.874020,Walking
714988, 0.438843, 0.844604, 0.248657, 13.183590, 6.225584, 18.432620,Walking
715008, 0.407349, 0.871094, 0.256226, 16.235352, -2.807617, 16.479492,Walking
715028, 0.348022, 0.882324, 0.260010, 21.423332, -1.586914, 13.122556,Walking
715048, 0.303101, 0.868286, 0.255371, 26.184080, 9.277344, 8.483890,Walking
715068, 0.306519, 0.845093, 0.249023, 27.832030, 22.155760, 4.028321,Walking
715088, 0.328369, 0.831177, 0.253662, 27.282710, 31.005852, 1.098633,Walking
715108, 0.377930, 0.825806, 0.258179, 26.123040, 31.311030, -1.281738,Walking
715128, 0.387207, 0.825928, 0.257202, 25.024410, 27.832030, -3.479003,Walking
715148, 0.400513, 0.837402, 0.248535, 26.794430, 22.705070, -8.117676,Walking
715168, 0.397217, 0.843262, 0.236938, 28.015130, 16.540530, -13.244628,Walking
715188, 0.393188, 0.865845, 0.229370, 28.442380, 11.047360, -18.249516,Walking
715208, 0.370117, 0.896118, 0.220825, 29.174800, 11.535644, -20.568840,Walking
715228, 0.345825, 0.924194, 0.217896, 32.531740, 17.150880, -22.888180,Walking
715248, 0.354980, 0.930298, 0.212402, 35.949720, 23.437492, -25.817870,Walking
715268, 0.360230, 0.936157, 0.208618, 38.574220, 27.893060, -28.076170,Walking
715288, 0.358765, 0.965454, 0.213379, 39.672860, 31.921380, -29.541010,Walking
715308, 0.364868, 1.005616, 0.210449, 41.809080, 34.851080, -30.212400,Walking
715328, 0.354004, 1.012818, 0.201782, 43.762200, 38.818360, -31.311030,Walking
715348, 0.372314, 1.006714, 0.188843, 43.884270, 41.503900, -32.409680,Walking
715368, 0.402344, 1.026856, 0.194580, 41.137680, 39.184580, -33.325200,Walking
715388, 0.422730, 1.136963, 0.216675, 38.452160, 34.240730, -32.958990,Walking
715408, 0.411377, 1.210694, 0.221069, 45.043940, 31.249992, -35.522460,Walking
715428, 0.386475, 1.124878, 0.204224, 50.781240, 37.597660, -40.527340,Walking
715448, 0.390259, 0.980957, 0.181641, 50.659170, 43.395980, -45.715320,Walking
715468, 0.409668, 0.851196, 0.169922, 42.968740, 44.921860, -43.640120,Walking
715488, 0.427979, 0.797363, 0.153320, 31.372068, 42.053220, -35.400400,Walking
715508, 0.408447, 0.796387, 0.139038, 23.925780, 40.588370, -24.475090,Walking
715528, 0.394898, 0.780029, 0.113647, 20.751950, 42.724600, -15.136716,Walking
715548, 0.393311, 0.724487, 0.086914, 18.188480, 44.067380, -8.911134,Walking
715568, 0.375855, 0.705200, 0.063843, 13.244628, 46.813960, -2.807617,Walking
715588, 0.379028, 0.754883, 0.073120, 7.263182, 49.682610, 6.408690,Walking
715608, 0.382568, 0.851562, 0.094482, 4.394532, 52.307120, 15.563964,Walking
715628, 0.378662, 0.996826, 0.089966, 7.202148, 62.194820, 22.399900,Walking
715648, 0.402954, 1.055664, 0.085449, 10.192870, 67.565940, 23.254390,Walking
715668, 0.413330, 1.022095, 0.081421, 13.183590, 69.946300, 21.911620,Walking
715688, 0.440064, 0.933106, 0.077393, 11.108396, 67.199720, 18.371584,Walking
715708, 0.471069, 0.831177, 0.080444, 4.333496, 54.016100, 15.930172,Walking
715728, 0.485474, 0.776245, 0.084351, -7.324218, 32.714850, 15.808104,Walking
715748, 0.474487, 0.788696, 0.068237, -15.808104, 9.338380, 15.441892,Walking
715768, 0.458374, 0.802124, 0.033813, -20.629880, -2.136231, 13.793944,Walking
715788, 0.436524, 0.814087, 0.028076, -21.911620, -5.920409, 10.559080,Walking
715808, 0.416260, 0.816650, 0.035889, -22.399900, -3.295898, 10.070800,Walking
715828, 0.406860, 0.833496, 0.038696, -19.592290, -2.868652, 11.047360,Walking
715848, 0.397827, 0.867432, 0.039917, -16.967780, 4.760742, 14.343260,Walking
715868, 0.394775, 0.873413, 0.023315, -14.343260, 11.962890, 15.563964,Walking
715888, 0.417725, 0.850098, 0.013916, -13.061520, 17.333990, 14.465330,Walking
715908, 0.456665, 0.813965, 0.017700, -14.343260, 15.502928, 12.145992,Walking
715928, 0.481690, 0.818482, 0.027100, -18.066410, 6.408690, 10.314940,Walking
715948, 0.488770, 0.873657, 0.025635, -20.812980, -4.150392, 9.399414,Walking
715968, 0.486206, 0.932251, 0.026245, -20.385740, -13.122556, 7.690428,Walking
715988, 0.459595, 0.975952, 0.055908, -18.676760, -18.432620, 5.737304,Walking
716008, 0.474854, 1.111084, 0.098145, -20.202630, -22.705070, 4.394532,Walking
716028, 0.500122, 1.332276, 0.119995, -15.197750, -26.855464, 4.272462,Walking
716048, 0.459595, 1.356812, 0.127686, 0.427246, -22.888180, -0.549316,Walking
716068, 0.427490, 1.126709, 0.144897, 12.207030, -14.587400, -9.521484,Walking
716088, 0.441406, 1.045044, 0.149536, 10.864256, -15.441892, -11.657712,Walking
716108, 0.445068, 0.971924, 0.135864, 4.028321, -19.104010, -6.713866,Walking
716128, 0.483887, 0.921143, 0.107056, -4.638672, -23.620600, -2.136231,Walking
716148, 0.493774, 0.899902, 0.103882, -10.986324, -33.020020, 3.051757,Walking
716168, 0.443970, 0.830811, 0.106934, -11.718748, -40.405260, 6.347656,Walking
716188, 0.399536, 0.776367, 0.104004, -14.770504, -46.936020, 10.070800,Walking
716208, 0.384399, 0.791992, 0.106079, -18.554690, -50.720200, 15.136716,Walking
716228, 0.392578, 0.870728, 0.111206, -20.324700, -53.161610, 18.737796,Walking
716248, 0.398560, 0.979370, 0.125122, -17.700200, -53.405750, 18.554690,Walking
716268, 0.357544, 1.058106, 0.151123, -7.812498, -51.696770, 15.686032,Walking
716288, 0.296143, 1.002564, 0.175659, 11.169430, -39.733900, 9.399414,Walking
716308, 0.284546, 0.914795, 0.171143, 15.930172, -32.348640, 8.605960,Walking
716328, 0.284302, 0.856568, 0.151855, 12.145992, -25.573724, 12.512204,Walking
716348, 0.286377, 0.838867, 0.151855, 6.774902, -18.493652, 17.272950,Walking
716368, 0.299438, 0.825684, 0.164307, 3.784179, -14.770504, 19.897460,Walking
716388, 0.303955, 0.813354, 0.161499, 1.770019, -14.038084, 20.324700,Walking
716408, 0.306885, 0.801758, 0.151245, -0.610352, -15.197750, 19.958500,Walking
716428, 0.301880, 0.807739, 0.148804, -3.540038, -16.967780, 19.226080,Walking
716448, 0.288330, 0.823608, 0.153442, -4.760742, -18.188480, 18.188480,Walking
716468, 0.284790, 0.845215, 0.155640, -3.967285, -17.639160, 16.601568,Walking
716488, 0.260498, 0.868408, 0.161133, -0.854492, -14.892576, 14.953610,Walking
716508, 0.241211, 0.891602, 0.164063, 5.798338, -0.549316, 11.779784,Walking
716528, 0.255493, 0.920410, 0.158203, 7.507323, 8.789064, 10.009768,Walking
716548, 0.270142, 0.981812, 0.171021, 8.850100, 16.296390, 10.009768,Walking
716568, 0.273804, 1.060913, 0.194946, 9.765626, 22.155760, 11.535644,Walking
716588, 0.273682, 1.126831, 0.197144, 13.366696, 28.686520, 11.352536,Walking
716608, 0.266480, 1.193482, 0.218750, 12.329100, 37.902840, 9.277344,Walking
716628, 0.283325, 1.340210, 0.217407, 15.197750, 46.447740, 10.559080,Walking
716648, 0.249756, 1.262574, 0.193359, 23.437492, 57.922360, 7.019042,Walking
716668, 0.308594, 1.138550, 0.150269, 22.888180, 64.819340, -1.281738,Walking
716688, 0.313965, 0.989502, 0.111816, 24.963376, 65.795900, -10.253904,Walking
716708, 0.322998, 0.824219, 0.081543, 23.559568, 64.514160, -17.211920,Walking
716728, 0.376587, 0.806763, 0.083130, 15.380856, 56.579580, -20.507810,Walking
716748, 0.391724, 0.794678, 0.069702, 17.883300, 51.391590, -20.812980,Walking
716768, 0.401367, 0.750366, 0.060547, 20.263670, 47.546380, -23.681636,Walking
716788, 0.381226, 0.732544, 0.071045, 22.094720, 43.701160, -26.428220,Walking
716808, 0.378296, 0.760010, 0.074707, 22.155760, 40.100100, -27.221676,Walking
716828, 0.387329, 0.812988, 0.073730, 20.263670, 39.428720, -28.625480,Walking
716848, 0.432251, 0.901123, 0.070068, 16.906740, 38.513190, -32.775880,Walking
716868, 0.501831, 0.998902, 0.062378, 16.296390, 32.165540, -38.208020,Walking
716888, 0.516724, 1.032104, 0.074097, 19.409180, 21.240230, -43.762200,Walking
716908, 0.500366, 0.961426, 0.079346, 22.705070, 13.122556, -47.912590,Walking
716928, 0.497314, 0.854248, 0.066162, 19.775390, 1.953124, -47.912590,Walking
716948, 0.456421, 0.785034, 0.030884, 3.906249, -13.671872, -37.170420,Walking
716968, 0.435669, 0.798218, 0.022339, -4.272462, -14.526364, -27.648920,Walking
716988, 0.422485, 0.825195, 0.029175, -6.958006, -8.728030, -19.409180,Walking
717008, 0.406006, 0.841064, 0.046875, -4.699708, -1.159668, -13.916012,Walking
717028, 0.388794, 0.835571, 0.062622, -1.403808, 7.324218, -9.277344,Walking
717048, 0.401978, 0.839844, 0.059326, 0.000000, 15.869140, -3.967285,Walking
717068, 0.427979, 0.855469, 0.048828, -0.061035, 21.362300, -0.244141,Walking
717088, 0.456177, 0.870362, 0.043701, -0.793457, 22.827140, 1.342773,Walking
717108, 0.481323, 0.878662, 0.047607, -1.220704, 19.470220, 0.183105,Walking
717128, 0.499756, 0.870484, 0.056274, -2.502442, 12.695310, -1.342773,Walking
717148, 0.500000, 0.886841, 0.059448, -5.737304, 4.577638, -1.892090,Walking
717168, 0.502320, 0.940674, 0.064697, -9.887696, -5.310058, 0.427246,Walking
717188, 0.497437, 0.984619, 0.068481, -11.230468, -11.047360, 1.647949,Walking
717208, 0.481079, 1.022705, 0.080200, -10.498044, -14.526364, 2.563476,Walking
717228, 0.473389, 1.039673, 0.077637, -9.033204, -15.930172, 2.868652,Walking
717248, 0.444824, 1.033692, 0.075195, -7.934570, -14.038084, 4.699708,Walking
717268, 0.415283, 1.007812, 0.089233, -7.141112, -9.155274, 7.141112,Walking
717288, 0.450562, 1.054078, 0.107422, -10.986324, -5.859374, 10.253904,Walking
717308, 0.473877, 1.142090, 0.125732, -10.681150, -7.324218, 12.512204,Walking
717328, 0.501221, 1.237183, 0.135986, -8.666994, -10.437010, 10.925290,Walking
717348, 0.517578, 1.244263, 0.131958, 0.976562, -12.390136, 6.103514,Walking
717368, 0.467651, 1.055664, 0.109863, 9.765626, -13.183590, -0.305176,Walking
717388, 0.459351, 0.726685, 0.078857, 6.530760, -22.644040, -3.051757,Walking
717408, 0.450195, 0.631958, 0.066284, -7.202148, -31.738280, 3.967285,Walking
717428, 0.452026, 0.667236, 0.067505, -18.859868, -41.076650, 15.075680,Walking
717448, 0.434692, 0.780884, 0.095337, -27.038570, -48.950180, 24.658200,Walking
717468, 0.423340, 0.954346, 0.119263, -27.343748, -55.786120, 28.991692,Walking
717488, 0.389404, 1.137085, 0.134155, -21.240230, -60.913080, 31.127924,Walking
717508, 0.339356, 1.205566, 0.141602, -8.483890, -57.739250, 31.738280,Walking
717528, 0.264526, 1.147217, 0.137329, 2.380371, -43.701160, 28.198240,Walking
717548, 0.253296, 1.049683, 0.131836, 6.713866, -28.869624, 26.123040,Walking
717568, 0.269287, 0.956787, 0.145996, 5.981444, -20.324700, 27.526850,Walking
717588, 0.285645, 0.904053, 0.161621, 2.380371, -16.052250, 29.602044,Walking
717608, 0.288818, 0.870117, 0.149536, -0.732422, -15.991210, 31.311030,Walking
717628, 0.282715, 0.838013, 0.133911, -3.479003, -17.272950, 32.043460,Walking
717648, 0.263306, 0.820557, 0.136963, -6.774902, -16.418460, 33.325200,Walking
717668, 0.245117, 0.823608, 0.147705, -9.094240, -13.305660, 34.667980,Walking
717688, 0.244507, 0.826294, 0.148926, -10.131832, -10.437010, 34.851080,Walking
717708, 0.244385, 0.841064, 0.141846, -10.131832, -8.239746, 33.447270,Walking
717728, 0.254028, 0.857300, 0.129395, -8.056642, -4.943848, 29.602044,Walking
717748, 0.257080, 0.848999, 0.131470, -4.150392, -2.685546, 23.803708,Walking
717768, 0.263916, 0.845947, 0.140015, -1.342773, -0.976562, 18.493652,Walking
717788, 0.272217, 0.866333, 0.149536, 0.915527, -0.732422, 14.709470,Walking
717808, 0.273682, 0.921875, 0.150269, 2.502442, 0.366211, 12.512204,Walking
717828, 0.268677, 1.028076, 0.144287, 6.591796, 6.469726, 11.047360,Walking
717848, 0.262451, 1.060059, 0.154053, 9.582520, 13.977050, 8.605960,Walking
717868, 0.280518, 1.191528, 0.181885, 7.324218, 22.460930, 6.286620,Walking
717888, 0.289185, 1.274658, 0.175415, 16.357424, 31.311030, 3.723144,Walking
717908, 0.283569, 1.224244, 0.167847, 22.399900, 43.884270, -4.089356,Walking
717948, 0.342651, 0.951294, 0.118408, 33.569340, 59.265120, -26.794430,Walking
717968, 0.407959, 0.840088, 0.101563, 29.785150, 54.138180, -35.156260,Walking
717988, 0.452393, 0.794434, 0.089600, 23.193352, 39.306640, -37.902840,Walking
718008, 0.461426, 0.813965, 0.072632, 17.456060, 23.864740, -36.376960,Walking
718028, 0.419922, 0.813843, 0.063965, 16.906740, 10.375976, -32.348640,Walking
718048, 0.321533, 0.740601, 0.020386, 16.845708, 8.972170, -26.550290,Walking
718068, 0.266846, 0.736328, 0.023804, 14.404296, 20.202630, -20.996090,Walking
718088, 0.258423, 0.799438, 0.046021, 12.390136, 36.743170, -14.892576,Walking
718108, 0.271729, 0.900024, 0.069702, 13.854978, 54.565420, -12.145992,Walking
718128, 0.324463, 1.013550, 0.081543, 16.113284, 67.565940, -14.526364,Walking
718148, 0.405274, 1.094116, 0.079590, 22.033690, 71.838400, -19.836430,Walking
718168, 0.452881, 1.058594, 0.058838, 28.686520, 70.190440, -30.212400,Walking
718188, 0.485474, 0.958618, 0.039185, 30.456540, 61.340320, -40.954580,Walking
718208, 0.511475, 0.841919, 0.040894, 26.306150, 44.799800, -47.485340,Walking
718228, 0.520874, 0.793335, 0.034912, 16.906740, 27.038570, -48.400870,Walking
718248, 0.537964, 0.804199, 0.025391, 10.437010, 10.375976, -47.058100,Walking
718268, 0.465942, 0.835816, 0.027344, 8.850100, -0.061035, -43.151840,Walking
718288, 0.446655, 0.850586, 0.043213, 10.314940, 1.708984, -40.100100,Walking
718309, 0.441772, 0.865845, 0.055054, 11.047360, 4.943848, -35.827640,Walking
718329, 0.448242, 0.890015, 0.053223, 10.375976, 12.268064, -30.700680,Walking
718349, 0.476440, 0.901856, 0.054932, 9.887696, 18.981940, -26.794430,Walking
718369, 0.501587, 0.891113, 0.052612, 8.728030, 22.583000, -25.024410,Walking
718389, 0.537110, 0.874634, 0.047119, 5.187988, 19.042970, -22.949216,Walking
718409, 0.557251, 0.871216, 0.048340, -0.915527, 9.826660, -18.859868,Walking
718429, 0.575684, 0.892090, 0.042114, -6.591796, -0.305176, -14.221190,Walking
718449, 0.581543, 0.940552, 0.031494, -10.681150, -9.887696, -8.483890,Walking
718469, 0.537354, 0.981934, 0.048584, -11.840818, -16.113284, 1.220704,Walking
718489, 0.523194, 1.144776, 0.075073, -18.249516, -16.540530, 10.986324,Walking
718509, 0.528809, 1.373536, 0.073364, -15.747068, -11.840818, 25.390620,Walking
718529, 0.448608, 1.339600, 0.075439, -3.051757, -3.723144, 32.043460,Walking
718549, 0.389771, 1.133789, 0.074829, 4.821778, 10.986324, 30.395500,Walking
718569, 0.447754, 0.956055, 0.069580, 4.211426, 17.333990, 31.311030,Walking
718589, 0.453125, 0.837158, 0.062988, -8.117676, 12.390136, 39.001470,Walking
718629, 0.449219, 0.921509, 0.052612, -22.460930, 3.784179, 55.175770,Walking
718649, 0.442505, 0.915650, 0.052246, -21.789548, -0.488281, 58.471670,Walking
718669, 0.391113, 0.875732, 0.047729, -20.141600, -3.173828, 60.546860,Walking
718689, 0.355225, 0.799927, 0.046875, -22.033690, -3.479003, 65.185560,Walking
718709, 0.354492, 0.814942, 0.064087, -26.062010, -6.591796, 67.810060,Walking
718729, 0.366821, 0.904907, 0.075439, -29.418940, -12.329100, 69.091800,Walking
718749, 0.383789, 1.082032, 0.091187, -28.015130, -20.751950, 67.688000,Walking
718769, 0.340820, 1.188354, 0.126465, -16.418460, -24.658200, 62.072740,Walking
718789, 0.309570, 1.198853, 0.149170, -3.784179, -22.827140, 52.307120,Walking
718809, 0.270508, 1.140870, 0.146240, 7.934570, -19.409180, 42.175280,Walking
718829, 0.221680, 1.055176, 0.151001, 14.831540, -10.009768, 35.644540,Walking
718849, 0.156616, 0.960205, 0.165649, 20.996090, 4.394532, 32.470710,Walking
718869, 0.164551, 0.853028, 0.141602, 21.789548, 21.179192, 29.602044,Walking
718889, 0.219605, 0.796753, 0.116699, 16.418460, 29.113768, 27.160640,Walking
718909, 0.272705, 0.817871, 0.126221, 10.620116, 25.451652, 25.024410,Walking
718929, 0.269531, 0.854736, 0.144409, 10.925290, 18.676760, 22.583000,Walking
718949, 0.250488, 0.893555, 0.149902, 15.197750, 16.906740, 19.287110,Walking
718969, 0.216187, 0.917236, 0.151733, 20.812980, 19.897460, 15.136716,Walking
718989, 0.193359, 0.936646, 0.157227, 26.611320, 29.602044, 10.925290,Walking
719009, 0.206909, 0.943726, 0.162842, 32.836920, 41.870110, 6.958006,Walking
719029, 0.243042, 0.940308, 0.171387, 39.428720, 51.269520, 1.220704,Walking
719049, 0.265137, 0.954834, 0.179565, 46.325680, 57.067860, -5.004884,Walking
719069, 0.285522, 0.973755, 0.187256, 52.246080, 61.401360, -10.620116,Walking
719089, 0.291748, 0.992066, 0.179199, 56.884760, 65.856940, -14.831540,Walking
719109, 0.310425, 0.966553, 0.162842, 60.241690, 69.458020, -18.798830,Walking
719129, 0.347534, 0.972534, 0.180298, 59.204090, 70.800800, -21.545408,Walking
719149, 0.356812, 1.080200, 0.207397, 55.969230, 68.603540, -20.507810,Walking
719169, 0.347168, 1.245606, 0.217651, 59.753410, 69.458020, -17.395020,Walking
719189, 0.291992, 1.240967, 0.230591, 72.021500, 78.796400, -17.333990,Walking
719209, 0.242798, 1.106934, 0.209351, 80.139160, 99.365220, -23.254390,Walking
719229, 0.290772, 1.033692, 0.186157, 79.040540, 116.516100, -26.245110,Walking
719249, 0.331665, 0.989624, 0.191650, 72.143560, 122.009260, -24.536130,Walking
719269, 0.415405, 0.962646, 0.170166, 68.420420, 122.009260, -23.925780,Walking
719289, 0.469116, 0.912476, 0.147949, 65.979020, 110.473600, -25.451652,Walking
719309, 0.472290, 0.865967, 0.130859, 64.025900, 93.566880, -27.709956,Walking
719329, 0.441040, 0.843872, 0.115112, 60.302720, 80.261240, -26.611320,Walking
719349, 0.357300, 0.859619, 0.106079, 55.419910, 78.369140, -18.127448,Walking
719369, 0.324341, 0.886230, 0.113770, 53.771960, 85.937480, -11.413570,Walking
719389, 0.311646, 0.911621, 0.118042, 54.016100, 98.266580, -5.981444,Walking
719409, 0.327881, 0.923584, 0.120850, 55.358880, 109.741200, -3.112792,Walking
719429, 0.336060, 0.907471, 0.116577, 55.969230, 119.140600, -1.159668,Walking
719449, 0.367310, 0.876221, 0.105957, 53.833000, 124.816880, -0.732422,Walking
719469, 0.420044, 0.855713, 0.083862, 50.048820, 124.206520, -1.586914,Walking
719489, 0.446289, 0.837524, 0.080322, 46.936020, 118.469220, -3.601074,Walking
719509, 0.473511, 0.845947, 0.071289, 44.067380, 110.534640, -5.676268,Walking
719529, 0.455566, 0.870484, 0.079468, 44.860830, 104.187000, -5.859374,Walking
719549, 0.426270, 0.863770, 0.076294, 46.752920, 103.698700, -6.835936,Walking
719569, 0.416870, 0.846680, 0.082642, 46.874990, 109.802240, -8.239746,Walking
719589, 0.421265, 0.832031, 0.102905, 45.837400, 109.863260, -8.728030,Walking
719609, 0.399536, 0.809937, 0.125610, 44.616690, 107.299800, -8.422854,Walking
719629, 0.364502, 0.803345, 0.122925, 42.480460, 112.365700, -8.178714,Walking
719649, 0.400757, 0.815918, 0.112305, 39.672860, 116.455060, -7.324218,Walking
719669, 0.406494, 0.823486, 0.115112, 36.499030, 117.187480, -5.554198,Walking
719689, 0.426758, 0.839966, 0.127197, 33.996590, 116.088840, -4.577638,Walking
719709, 0.437988, 0.861816, 0.136597, 33.508300, 112.365700, -4.455568,Walking
719729, 0.419434, 0.877442, 0.140381, 34.118660, 109.313960, -5.065916,Walking
719749, 0.416382, 0.879028, 0.138550, 33.935560, 109.741200, -6.164550,Walking
719769, 0.432129, 0.882568, 0.145264, 31.982420, 109.863260, -7.385252,Walking
719789, 0.457275, 0.848633, 0.167725, 30.578610, 108.154280, -9.216310,Walking
719809, 0.489746, 0.847778, 0.166504, 25.939940, 106.018040, -9.643556,Walking
719829, 0.522705, 0.913330, 0.164429, 18.798830, 99.853500, -7.446288,Walking
719849, 0.570068, 1.046387, 0.158569, 15.014646, 91.430660, -2.380371,Walking
719869, 0.565796, 1.083130, 0.183594, 18.127448, 85.754380, 1.403808,Walking
719889, 0.563721, 1.037720, 0.188232, 20.935052, 81.970200, 4.760742,Walking
719909, 0.528931, 0.946533, 0.150269, 20.324700, 78.735360, 10.375976,Walking
719929, 0.525391, 0.888794, 0.099243, 12.939450, 80.627420, 23.925780,Walking
719949, 0.501709, 0.925659, 0.094604, 5.798338, 92.285140, 42.541500,Walking
719969, 0.497314, 0.979858, 0.140747, 7.019042, 106.201160, 55.175770,Walking
719989, 0.517944, 0.996582, 0.174927, 9.033204, 109.924300, 62.744130,Walking
720009, 0.470093, 1.059204, 0.225708, 16.235352, 110.961900, 65.612800,Walking
720029, 0.502564, 1.036499, 0.223633, 20.568840, 109.680160, 60.058580,Walking
720049, 0.515747, 0.973389, 0.224243, 23.803708, 103.271480, 50.720200,Walking
720069, 0.520874, 0.900269, 0.231201, 23.254390, 89.843740, 41.198720,Walking
720089, 0.505371, 0.831421, 0.230225, 20.874020, 68.664560, 34.301760,Walking
720109, 0.471558, 0.784546, 0.220337, 17.211920, 48.583980, 29.235832,Walking
720129, 0.439575, 0.761353, 0.207031, 15.380856, 32.470710, 24.841304,Walking
720149, 0.402954, 0.754517, 0.201660, 13.916012, 22.949216, 20.507810,Walking
720169, 0.366943, 0.778320, 0.205322, 13.977050, 20.385740, 16.967780,Walking
720189, 0.352539, 0.804199, 0.216187, 16.418460, 20.263670, 13.305660,Walking
720209, 0.344727, 0.826538, 0.222656, 19.775390, 21.850580, 9.399414,Walking
720229, 0.342041, 0.852051, 0.220337, 24.108880, 24.902340, 2.685546,Walking
720249, 0.343018, 0.864990, 0.214844, 25.817870, 25.634760, -1.586914,Walking
720269, 0.329712, 0.870484, 0.217285, 27.221676, 26.916500, -5.126952,Walking
720289, 0.315430, 0.870972, 0.217163, 28.991692, 32.226570, -8.361816,Walking
720309, 0.349365, 0.853882, 0.208740, 29.418940, 33.325200, -11.901852,Walking
720329, 0.367920, 0.856568, 0.211304, 27.648920, 27.893060, -14.343260,Walking
720349, 0.379639, 0.878540, 0.212158, 26.794430, 18.615724, -15.380856,Walking
720369, 0.346680, 0.886963, 0.204224, 26.306150, 13.183590, -16.357424,Walking
720389, 0.339356, 0.896484, 0.192993, 25.024410, 11.962890, -17.211920,Walking
720409, 0.342163, 0.929077, 0.185547, 23.376460, 12.145992, -17.517090,Walking
720429, 0.320190, 0.953736, 0.183716, 22.766110, 14.282224, -16.174320,Walking
720449, 0.336426, 0.976685, 0.163574, 21.728510, 20.446770, -13.244628,Walking
720469, 0.333374, 1.007935, 0.174316, 18.066410, 23.071284, -11.840818,Walking
720489, 0.352783, 1.177368, 0.189697, 14.343260, 26.062010, -8.911134,Walking
720509, 0.309814, 1.243530, 0.189819, 22.277830, 33.508300, -7.446288,Walking
720529, 0.303711, 1.199097, 0.158936, 26.672360, 48.217760, -11.657712,Walking
720549, 0.355957, 1.138062, 0.138794, 30.334470, 59.509270, -16.784670,Walking
720569, 0.374512, 1.055664, 0.154175, 31.921380, 61.828600, -20.385740,Walking
720589, 0.411621, 0.968384, 0.144409, 31.555170, 60.974110, -20.690910,Walking
720609, 0.448486, 0.893066, 0.120850, 28.198240, 54.382320, -19.897460,Walking
720629, 0.450928, 0.846680, 0.090210, 24.353020, 44.311520, -17.578130,Walking
720649, 0.398804, 0.796997, 0.057007, 21.545408, 41.381820, -13.977050,Walking
720669, 0.349976, 0.718018, 0.062988, 17.456060, 48.889150, -5.493162,Walking
720689, 0.325684, 0.693848, 0.076416, 12.695310, 54.565420, 1.647949,Walking
720709, 0.361328, 0.737915, 0.076904, 7.202148, 59.692380, 8.850100,Walking
720729, 0.373535, 0.823608, 0.067871, 4.455568, 63.415520, 13.305660,Walking
720749, 0.376465, 0.913208, 0.062012, 5.615234, 66.406260, 13.732908,Walking
720769, 0.404785, 0.956299, 0.062134, 9.521484, 68.908700, 11.047360,Walking
720789, 0.397705, 0.932984, 0.074829, 13.061520, 68.725600, 6.408690,Walking
720809, 0.421387, 0.863648, 0.069214, 14.465330, 65.185560, 1.220704,Walking
720829, 0.446899, 0.797363, 0.058105, 11.291500, 58.227530, -3.356933,Walking
720849, 0.473145, 0.766846, 0.047607, 6.652830, 47.424300, -6.469726,Walking
720869, 0.482666, 0.777832, 0.034546, 2.746581, 36.682140, -7.995604,Walking
720889, 0.473389, 0.816162, 0.058105, 0.305176, 24.658200, -8.544924,Walking
720909, 0.474487, 0.850952, 0.060303, 1.647949, 19.470220, -9.033204,Walking
720929, 0.453980, 0.867676, 0.062866, 2.929687, 18.615724, -10.009768,Walking
720949, 0.454834, 0.890259, 0.075928, 3.479003, 21.362300, -10.437010,Walking
720969, 0.484131, 0.909180, 0.089111, 2.197266, 23.803708, -10.070800,Walking
720989, 0.516968, 0.909790, 0.085449, 0.000000, 20.019532, -9.826660,Walking
721009, 0.540039, 0.899902, 0.067993, -3.417968, 13.244628, -9.277344,Walking
721029, 0.529053, 0.863770, 0.060791, -6.713866, 5.249022, -9.338380,Walking
721049, 0.528442, 0.849365, 0.070679, -10.009768, -2.258301, -8.972170,Walking
721069, 0.512573, 0.869995, 0.080200, -13.000484, -9.765626, -7.751464,Walking
721089, 0.508301, 0.930420, 0.076172, -14.099120, -13.671872, -5.615234,Walking
721109, 0.474121, 1.010742, 0.074829, -10.131832, -12.451170, -4.394532,Walking
721129, 0.484863, 1.015992, 0.088257, -8.300784, -11.108396, -4.760742,Walking
721149, 0.542725, 1.116944, 0.098877, -12.207030, -16.052250, -3.906249,Walking
721169, 0.563232, 1.217163, 0.114136, -9.765626, -25.207516, -2.929687,Walking
721189, 0.560303, 1.281982, 0.140625, -5.737304, -31.066890, -5.065916,Walking
721209, 0.552124, 1.214844, 0.120361, 3.906249, -37.475590, -7.507323,Walking
721229, 0.488525, 1.019410, 0.103882, 6.408690, -43.579090, -9.216310,Walking
721249, 0.445190, 0.875732, 0.079224, 2.014160, -43.945300, -4.577638,Walking
721269, 0.447876, 0.808228, 0.072998, -9.033204, -44.982900, 5.432128,Walking
721289, 0.440064, 0.816162, 0.079102, -15.014646, -45.043940, 15.686032,Walking
721309, 0.412720, 0.810547, 0.094727, -14.526364, -44.067380, 23.376460,Walking
721329, 0.366577, 0.845825, 0.116211, -12.756344, -42.968740, 30.639640,Walking
721349, 0.343872, 0.926026, 0.131592, -10.803220, -40.588370, 36.071780,Walking
721369, 0.320068, 1.008545, 0.153320, -9.521484, -37.902840, 37.963880,Walking
721389, 0.354126, 1.106690, 0.169678, -4.577638, -35.583500, 37.353520,Walking
721409, 0.328858, 1.099976, 0.186279, 4.089356, -35.766600, 33.020020,Walking
721429, 0.308106, 1.019532, 0.195679, 9.887696, -34.851080, 26.489250,Walking
721449, 0.295898, 0.926392, 0.200928, 10.070800, -36.376960, 23.193352,Walking
721469, 0.265503, 0.870117, 0.191162, 5.432128, -35.949720, 23.986810,Walking
721489, 0.269043, 0.851196, 0.179443, 0.183105, -32.043460, 25.390620,Walking
721509, 0.268311, 0.847412, 0.178589, -2.563476, -28.442380, 26.428220,Walking
721529, 0.259888, 0.837158, 0.178223, -2.624511, -24.963376, 26.245110,Walking
721549, 0.261475, 0.822144, 0.179810, -2.929687, -21.789548, 25.634760,Walking
721569, 0.250732, 0.837402, 0.178589, -3.540038, -19.775390, 25.207516,Walking
721589, 0.236450, 0.852539, 0.177124, -3.479003, -16.296390, 24.414060,Walking
721609, 0.235840, 0.872925, 0.174438, -3.051757, -10.864256, 22.399900,Walking
721629, 0.235840, 0.879028, 0.172974, -0.610352, -5.676268, 18.737796,Walking
721649, 0.251099, 0.884278, 0.170776, 0.976562, -1.281738, 14.282224,Walking
721669, 0.277832, 0.899170, 0.168091, 2.380371, 0.366211, 10.620116,Walking
721689, 0.281982, 0.941406, 0.149170, 2.502442, 2.197266, 8.178714,Walking
721709, 0.275757, 0.987061, 0.146118, 2.868652, 4.516602, 6.652830,Walking
721729, 0.268311, 1.038086, 0.154663, 3.906249, 9.948730, 4.577638,Walking
721749, 0.283569, 1.073853, 0.180176, 5.859374, 16.418460, 1.342773,Walking
721769, 0.305420, 1.289673, 0.187378, 9.033204, 26.000970, -0.732422,Walking
721789, 0.263428, 1.198364, 0.153809, 21.118160, 41.809080, -5.493162,Walking
721809, 0.339722, 1.119629, 0.128784, 20.935052, 54.443350, -14.892576,Walking
721829, 0.359497, 1.036133, 0.107788, 25.512690, 57.861320, -21.362300,Walking
721849, 0.390381, 0.893921, 0.081055, 24.353020, 58.105460, -25.024410,Walking
721869, 0.436401, 0.810059, 0.054321, 21.057124, 52.551260, -27.587884,Walking
721889, 0.451782, 0.764526, 0.051147, 17.517090, 41.625960, -27.709956,Walking
721909, 0.430054, 0.728394, 0.044922, 15.930172, 33.020020, -26.611320,Walking
721929, 0.402466, 0.687744, 0.021484, 14.404296, 29.602044, -25.024410,Walking
721949, 0.380249, 0.673584, 0.024780, 11.352536, 29.541010, -22.583000,Walking
721969, 0.368286, 0.721192, 0.046753, 7.934570, 31.616208, -19.592290,Walking
721989, 0.417358, 0.873047, 0.065063, 7.141112, 35.156260, -18.676760,Walking
722009, 0.445801, 1.005005, 0.070801, 9.338380, 34.667980, -21.301268,Walking
722029, 0.465088, 1.055786, 0.075562, 17.028810, 31.860350, -26.550290,Walking
722049, 0.460449, 0.994751, 0.059204, 21.118160, 30.761716, -33.508300,Walking
722069, 0.487305, 0.900391, 0.046387, 20.080560, 24.597160, -35.888680,Walking
722089, 0.481934, 0.810059, 0.043579, 11.779784, 14.709470, -34.423840,Walking
722109, 0.478149, 0.790405, 0.045166, 3.845214, 6.591796, -30.822750,Walking
722129, 0.489258, 0.782593, 0.039673, -0.549316, 0.549316, -26.855464,Walking
722149, 0.471924, 0.799561, 0.037842, -2.929687, -2.685546, -23.193352,Walking
722169, 0.454224, 0.821167, 0.043945, -2.319336, -1.586914, -19.287110,Walking
722189, 0.442139, 0.826050, 0.057251, -0.488281, 2.319336, -15.808104,Walking
722209, 0.461060, 0.837158, 0.056274, 1.525878, 10.009768, -13.183590,Walking
722229, 0.483154, 0.843994, 0.056152, 1.403808, 11.657712, -13.732908,Walking
722249, 0.508911, 0.848145, 0.062866, 0.793457, 9.643556, -14.770504,Walking
722269, 0.539185, 0.853394, 0.067383, -0.915527, 3.356933, -15.197750,Walking
722289, 0.544190, 0.851196, 0.070313, -2.929687, -5.187988, -14.404296,Walking
722309, 0.551392, 0.870606, 0.067383, -7.446288, -13.183590, -12.512204,Walking
722329, 0.562988, 0.928589, 0.058594, -11.779784, -20.812980, -8.728030,Walking
722349, 0.535767, 0.962402, 0.059814, -14.221190, -26.062010, -4.211426,Walking
722369, 0.525757, 1.041626, 0.087646, -18.432620, -27.770990, 1.037598,Walking
722389, 0.560669, 1.262085, 0.114868, -22.949216, -31.188960, 8.361816,Walking
722409, 0.538574, 1.416748, 0.125610, -15.380856, -29.907220, 14.831540,Walking
722429, 0.461548, 1.290284, 0.113037, -3.234863, -18.920900, 16.113284,Walking
722449, 0.481445, 1.191650, 0.091064, -1.647949, -16.235352, 16.540530,Walking
722469, 0.481445, 1.055176, 0.085449, -4.943848, -19.226080, 20.019532,Walking
722489, 0.487915, 0.949463, 0.079346, -10.681150, -23.681636, 24.291990,Walking
722509, 0.474365, 0.870484, 0.072754, -13.977050, -29.357908, 27.587884,Walking
722529, 0.438355, 0.783325, 0.064575, -14.892576, -36.438000, 30.273430,Walking
722549, 0.389771, 0.693604, 0.066284, -17.333990, -39.978040, 34.179700,Walking
722569, 0.363281, 0.672974, 0.081909, -22.460930, -43.579090, 39.123540,Walking
722589, 0.348022, 0.752320, 0.105713, -27.709956, -47.241200, 45.166000,Walking
722609, 0.344238, 0.876953, 0.144409, -29.602044, -50.720200, 49.255360,Walking
722629, 0.345093, 1.049927, 0.171875, -24.536130, -53.833000, 46.142570,Walking
722649, 0.326538, 1.120240, 0.187744, -4.577638, -54.382320, 30.883784,Walking
722669, 0.270508, 1.065674, 0.210571, 5.249022, -51.330560, 20.324700,Walking
722689, 0.244629, 0.977417, 0.224854, 11.230468, -44.799800, 14.526364,Walking
722709, 0.243042, 0.888184, 0.222290, 11.413570, -36.621100, 11.901852,Walking
722729, 0.244263, 0.822632, 0.205444, 8.178714, -30.456540, 11.108396,Walking
722749, 0.278931, 0.782593, 0.182373, 2.197266, -28.137200, 11.718748,Walking
722769, 0.299072, 0.777222, 0.179932, -4.272462, -30.395500, 12.817380,Walking
722789, 0.283814, 0.797608, 0.195923, -8.361816, -33.386240, 14.526364,Walking
722809, 0.254028, 0.832886, 0.198486, -9.948730, -32.714850, 16.113284,Walking
722829, 0.231812, 0.862427, 0.199951, -10.375976, -27.832030, 17.089850,Walking
722849, 0.208496, 0.893311, 0.192993, -8.422854, -19.836430, 16.052250,Walking
722869, 0.210815, 0.865723, 0.190918, -2.441407, -4.699708, 8.972170,Walking
722889, 0.252075, 0.861938, 0.186646, -0.488281, 0.000000, 2.929687,Walking
722909, 0.276001, 0.876831, 0.180786, 1.403808, 0.061035, -2.136231,Walking
722929, 0.295044, 0.914795, 0.176514, 2.014160, -1.464844, -5.676268,Walking
722949, 0.304321, 0.952026, 0.166992, 2.624511, -3.723144, -8.422854,Walking
722969, 0.294556, 0.987793, 0.159668, 2.624511, -2.685546, -10.925290,Walking
722989, 0.309814, 1.101562, 0.173706, -3.234863, 2.075196, -13.000484,Walking
723009, 0.332886, 1.231079, 0.152100, 0.427246, 7.873534, -13.183590,Walking
723029, 0.316406, 1.203858, 0.140991, 3.295898, 19.409180, -18.371584,Walking
723049, 0.372437, 1.226440, 0.109497, 4.943848, 30.090330, -24.475090,Walking
723069, 0.380005, 1.096558, 0.074463, 12.878416, 35.461430, -32.104500,Walking
723089, 0.443482, 0.855225, 0.037354, 11.352536, 36.865240, -41.564930,Walking
723109, 0.506592, 0.803345, 0.028198, 4.638672, 24.047850, -41.931140,Walking
723129, 0.508057, 0.826050, 0.029297, 2.075196, 10.681150, -40.466300,Walking
723149, 0.486084, 0.834839, 0.028687, 3.906249, 2.380371, -38.696300,Walking
723169, 0.455078, 0.830322, 0.016235, 7.080076, -0.671386, -37.414560,Walking
723189, 0.420288, 0.819214, 0.002930, 8.972170, 0.366211, -34.179700,Walking
723209, 0.398682, 0.827881, 0.016602, 10.131832, 6.225584, -28.869624,Walking
723229, 0.376343, 0.840698, 0.039673, 11.840818, 15.747068, -23.437492,Walking
723249, 0.391724, 0.888916, 0.052734, 11.413570, 25.939940, -18.676760,Walking
723269, 0.438355, 0.971192, 0.053467, 10.375976, 32.043460, -15.258788,Walking
723289, 0.458374, 1.041382, 0.055664, 9.582520, 33.813480, -13.183590,Walking
723309, 0.477783, 1.014526, 0.029175, 10.864256, 31.372068, -11.169430,Walking
723329, 0.463135, 0.928955, 0.018311, 7.080076, 27.770990, -10.253904,Walking
723349, 0.461060, 0.858276, 0.025513, 0.183105, 22.094720, -5.554198,Walking
723369, 0.451782, 0.831909, 0.021484, -6.469726, 17.272950, -0.183105,Walking
723389, 0.442505, 0.817017, 0.013550, -10.681150, 14.282224, 4.394532,Walking
723409, 0.443970, 0.816406, 0.004517, -13.671872, 13.488768, 7.751464,Walking
723429, 0.437378, 0.819336, 0.005737, -12.451170, 9.460450, 8.300784,Walking
723449, 0.443359, 0.821900, 0.018921, -9.582520, 8.666994, 7.507323,Walking
723469, 0.447388, 0.818482, 0.026855, -6.347656, 5.859374, 6.103514,Walking
723489, 0.452393, 0.829468, 0.017944, -3.601074, 3.906249, 3.295898,Walking
723509, 0.457398, 0.831909, 0.012817, -1.708984, 2.075196, 0.976562,Walking
723529, 0.487427, 0.837891, 0.016724, -2.197266, -1.708984, -1.525878,Walking
723549, 0.497925, 0.831299, 0.025391, -2.014160, -6.835936, -2.746581,Walking
723569, 0.500122, 0.815796, 0.025391, -3.356933, -13.000484, -3.417968,Walking
723589, 0.501831, 0.825440, 0.020874, -6.286620, -18.432620, -2.929687,Walking
723609, 0.484985, 0.862183, 0.015869, -8.666994, -22.033690, -1.159668,Walking
723629, 0.455200, 0.891724, 0.010498, -8.972170, -22.460930, 2.136231,Walking
723649, 0.459961, 0.893066, 0.027222, -9.094240, -20.202630, 5.493162,Walking
723669, 0.467163, 0.902588, 0.075928, -12.145992, -20.324700, 7.690428,Walking
723689, 0.535156, 1.107178, 0.121460, -20.141600, -22.766110, 10.681150,Walking
723709, 0.592529, 1.408570, 0.139526, -18.310550, -28.198240, 13.610836,Walking
723729, 0.519165, 1.497192, 0.122192, -1.464844, -23.864740, 12.084960,Walking
723749, 0.438477, 1.114746, 0.119873, 14.648436, -10.864256, 2.563476,Walking
723769, 0.412720, 0.944336, 0.099243, 9.216310, -12.573240, 4.455568,Walking
723789, 0.412598, 0.855469, 0.060425, -7.446288, -12.756344, 14.038084,Walking
723829, 0.440552, 0.885132, 0.067139, -22.277830, -18.371584, 26.184080,Walking
723849, 0.430176, 0.880493, 0.067993, -19.470220, -24.841304, 25.329584,Walking
723869, 0.388794, 0.835205, 0.051880, -17.578130, -30.883784, 24.719230,Walking
723889, 0.348145, 0.797608, 0.051514, -20.202630, -33.386240, 28.320310,Walking
723909, 0.351929, 0.852783, 0.059692, -25.146480, -33.569340, 33.874520,Walking
723929, 0.357666, 0.959595, 0.081543, -26.977532, -35.278320, 39.367680,Walking
723949, 0.354614, 1.118530, 0.112549, -20.874020, -38.208020, 38.330080,Walking
723969, 0.295288, 1.129761, 0.133911, 2.624511, -34.851080, 27.282710,Walking
723989, 0.272827, 1.005371, 0.136108, 12.695310, -25.695796, 16.906740,Walking
724009, 0.257690, 0.917236, 0.138672, 13.732908, -18.676760, 13.427732,Walking
724029, 0.253540, 0.855347, 0.138794, 12.817380, -12.634276, 15.686032,Walking
724049, 0.279297, 0.813599, 0.137817, 9.338380, -7.080076, 17.578130,Walking
724069, 0.285034, 0.814820, 0.136597, 3.601074, -5.065916, 20.629880,Walking
724089, 0.299683, 0.856812, 0.142334, 0.244141, -5.493162, 22.338860,Walking
724109, 0.281860, 0.906372, 0.152466, 0.671386, -4.516602, 22.155760,Walking
724129, 0.212647, 0.925415, 0.157105, 4.272462, 5.004884, 21.362300,Walking
724149, 0.223999, 0.927368, 0.158203, 7.934570, 16.174320, 19.714360,Walking
724169, 0.238281, 0.936402, 0.154175, 10.620116, 25.390620, 17.150880,Walking
724189, 0.261963, 0.940674, 0.151733, 18.493652, 36.621100, 11.352536,Walking
724209, 0.269165, 0.930420, 0.151978, 24.963376, 41.320790, 4.943848,Walking
724229, 0.265625, 0.919312, 0.145752, 30.639640, 46.508780, -0.732422,Walking
724249, 0.272827, 0.911987, 0.145752, 33.203130, 52.429190, -3.356933,Walking
724269, 0.293335, 0.943482, 0.143555, 33.874520, 57.067860, -4.089356,Walking
724289, 0.294678, 0.968384, 0.138062, 37.963880, 60.729970, -4.333496,Walking
724309, 0.297730, 0.952148, 0.132568, 41.503900, 65.368660, -5.981444,Walking
724329, 0.312866, 0.942749, 0.122925, 43.518060, 68.664560, -6.896972,Walking
724349, 0.309937, 0.937256, 0.125244, 45.166000, 70.556640, -6.591796,Walking
724369, 0.323608, 0.949341, 0.122070, 46.874990, 72.265640, -6.225584,Walking
724389, 0.332520, 0.974365, 0.127686, 49.743640, 73.547360, -6.408690,Walking
724409, 0.334595, 1.183350, 0.220459, 52.185050, 80.993640, -5.249022,Walking
724429, 0.309448, 1.337646, 0.268066, 64.331060, 95.764140, -2.563476,Walking
724449, 0.248535, 1.262940, 0.266602, 79.040540, 118.591300, -5.432128,Walking
724469, 0.338745, 1.144043, 0.236938, 83.312960, 139.404300, -7.690428,Walking
724489, 0.362793, 1.024170, 0.227905, 82.275360, 145.080600, -7.690428,Walking
724509, 0.425049, 0.902100, 0.200928, 76.049820, 148.681680, -5.432128,Walking
724529, 0.479736, 0.809204, 0.168091, 68.664560, 138.366700, -6.164550,Walking
724549, 0.492676, 0.753052, 0.125244, 61.279280, 123.535140, -6.103514,Walking
724569, 0.470215, 0.728638, 0.096802, 54.870600, 109.069800, -4.821778,Walking
724589, 0.457520, 0.751099, 0.088135, 51.330560, 95.764140, -2.319336,Walking
724609, 0.426514, 0.793823, 0.092773, 50.720200, 84.960920, 0.915527,Walking
724629, 0.364136, 0.870117, 0.105347, 57.312000, 82.275360, 5.310058,Walking
724649, 0.311524, 0.933716, 0.106323, 63.659660, 92.834460, 3.601074,Walking
724669, 0.328735, 0.993042, 0.111938, 70.800800, 107.055640, -1.220704,Walking
724689, 0.353027, 1.013794, 0.115967, 76.660160, 118.896480, -7.507323,Walking
724709, 0.416870, 0.980713, 0.125000, 79.772960, 123.168920, -13.854978,Walking
724729, 0.460205, 0.969727, 0.125244, 75.805680, 118.164040, -19.958500,Walking
724749, 0.495361, 0.969727, 0.084595, 71.655300, 108.337380, -23.437492,Walking
724769, 0.509033, 0.895386, 0.029175, 65.612800, 94.177240, -27.587884,Walking
724789, 0.478760, 0.831421, 0.008789, 58.837880, 83.251940, -30.883784,Walking
724809, 0.449219, 0.792480, 0.026733, 55.908200, 79.101560, -30.334470,Walking
724829, 0.422363, 0.745239, 0.050171, 54.870600, 77.758800, -28.076170,Walking
724849, 0.396973, 0.734131, 0.052002, 50.231920, 82.031240, -18.615724,Walking
724869, 0.359619, 0.769409, 0.049072, 47.180160, 92.407200, -9.643556,Walking
724889, 0.344971, 0.807495, 0.058716, 44.372550, 106.201160, -2.563476,Walking
724909, 0.365967, 0.838135, 0.070068, 41.992180, 119.750960, 2.441407,Walking
724929, 0.398316, 0.835938, 0.088623, 38.208020, 124.816880, 6.042480,Walking
724949, 0.426636, 0.845215, 0.087891, 33.203130, 122.253400, 8.117676,Walking
724969, 0.444824, 0.852295, 0.079346, 29.052730, 114.990220, 8.422854,Walking
724989, 0.443359, 0.858887, 0.082886, 25.207516, 106.567360, 7.507323,Walking
725009, 0.424561, 0.868042, 0.085571, 24.108880, 100.830060, 5.493162,Walking
725029, 0.409912, 0.850952, 0.091309, 23.132320, 98.815900, 3.845214,Walking
725049, 0.403687, 0.849487, 0.098877, 19.775390, 101.013160, 6.042480,Walking
725069, 0.439819, 0.839112, 0.103394, 15.808104, 106.262200, 10.681150,Walking
725089, 0.480957, 0.832642, 0.105591, 12.756344, 107.666000, 12.634276,Walking
725109, 0.503540, 0.832276, 0.117798, 8.666994, 105.651840, 13.122556,Walking
725129, 0.545776, 0.947266, 0.157105, 1.464844, 101.928700, 14.709470,Walking
725149, 0.614258, 1.128906, 0.143555, 4.211426, 97.839340, 18.920900,Walking
725169, 0.575073, 1.100952, 0.165039, 20.507810, 110.351540, 19.104010,Walking
725189, 0.532959, 0.978028, 0.220703, 28.869624, 121.826160, 18.188480,Walking
725209, 0.536255, 0.958862, 0.205811, 31.311030, 132.629400, 25.329584,Walking
725229, 0.553711, 0.884400, 0.171631, 27.893060, 136.718800, 36.499030,Walking
725249, 0.600098, 0.854126, 0.124390, 16.235352, 134.521500, 46.691880,Walking
725269, 0.661499, 0.925904, 0.171265, 12.268064, 122.192360, 53.527820,Walking
725289, 0.677856, 0.948608, 0.244751, 17.333990, 99.243160, 52.124020,Walking
725309, 0.606934, 0.940552, 0.251587, 19.958500, 81.054660, 50.170890,Walking
725329, 0.500488, 0.891968, 0.239258, 20.202630, 73.059100, 49.865720,Walking
725349, 0.451538, 0.842163, 0.239624, 18.798830, 72.631840, 47.790520,Walking
725369, 0.417114, 0.816284, 0.264648, 17.639160, 75.256360, 45.043940,Walking
725389, 0.441406, 0.791504, 0.280274, 18.005376, 75.927740, 42.419420,Walking
725409, 0.467041, 0.776245, 0.280640, 18.493652, 70.251480, 39.245610,Walking
725429, 0.477173, 0.758423, 0.267578, 20.507810, 58.898920, 35.583500,Walking
725449, 0.454224, 0.746704, 0.256226, 20.935052, 46.874990, 31.616208,Walking
725469, 0.422485, 0.760498, 0.247192, 21.423332, 40.344230, 28.320310,Walking
725489, 0.409790, 0.782349, 0.251221, 22.338860, 37.780760, 23.986810,Walking
725509, 0.396729, 0.805542, 0.258423, 25.817870, 37.170420, 17.578130,Walking
725529, 0.401611, 0.822388, 0.255493, 28.137200, 36.376960, 13.671872,Walking
725549, 0.395630, 0.830322, 0.252319, 31.005852, 35.766600, 9.155274,Walking
725569, 0.387329, 0.834717, 0.267212, 32.897960, 36.010750, 4.394532,Walking
725589, 0.391235, 0.837280, 0.272705, 35.095220, 35.705570, 0.061035,Walking
725609, 0.390869, 0.826416, 0.267944, 35.583500, 35.217290, -3.967285,Walking
725629, 0.398316, 0.822998, 0.266724, 35.156260, 33.752440, -8.117676,Walking
725649, 0.405151, 0.824707, 0.267456, 34.851080, 31.555170, -12.695310,Walking
725669, 0.403809, 0.832276, 0.264771, 35.278320, 28.991692, -17.333990,Walking
725689, 0.391968, 0.833862, 0.267090, 36.621100, 28.137200, -21.667476,Walking
725709, 0.323242, 0.848022, 0.261475, 39.306640, 35.644540, -24.719230,Walking
725729, 0.327515, 0.868164, 0.230957, 46.813960, 65.307640, -28.381340,Walking
725749, 0.399658, 0.899780, 0.261597, 51.574700, 70.678720, -32.348640,Walking
725769, 0.459106, 0.922363, 0.298096, 58.349600, 67.871100, -35.461430,Walking
725789, 0.501831, 0.946411, 0.293945, 61.584460, 57.678220, -38.146980,Walking
725809, 0.499634, 0.982910, 0.269653, 61.767570, 42.968740, -39.489750,Walking
725829, 0.453369, 1.003052, 0.238159, 57.739250, 34.790040, -39.367680,Walking
725849, 0.429688, 1.020264, 0.213013, 52.246080, 34.729010, -37.109380,Walking
725869, 0.428223, 1.051148, 0.222778, 42.053220, 35.339360, -33.508300,Walking
725889, 0.441528, 1.183350, 0.224976, 34.912120, 34.973150, -26.611320,Walking
725909, 0.413452, 1.204712, 0.221558, 34.301760, 37.658700, -22.155760,Walking
725929, 0.406128, 1.177490, 0.192017, 34.973150, 43.762200, -22.277830,Walking
725949, 0.411377, 1.007080, 0.169189, 33.752440, 46.081540, -28.503410,Walking
725969, 0.434814, 0.918701, 0.166504, 29.052730, 39.855960, -29.418940,Walking
725989, 0.453369, 0.881836, 0.158814, 22.705070, 29.296870, -28.625480,Walking
726009, 0.466797, 0.856568, 0.152588, 20.446770, 17.089850, -27.343748,Walking
726029, 0.423584, 0.798340, 0.136353, 20.263670, 8.728030, -26.550290,Walking
726049, 0.352539, 0.725586, 0.113770, 19.348150, 7.873534, -23.376460,Walking
726069, 0.315308, 0.687134, 0.097290, 14.709470, 13.427732, -16.052250,Walking
726089, 0.281128, 0.702637, 0.100952, 7.385252, 24.719230, -5.859374,Walking
726109, 0.301636, 0.786499, 0.104492, 0.610352, 37.597660, 4.882814,Walking
726129, 0.320435, 0.878906, 0.114868, -2.380371, 49.011220, 12.390136,Walking
726149, 0.365967, 0.966675, 0.105957, -1.464844, 55.297840, 15.686032,Walking
726169, 0.393433, 0.985596, 0.099487, 1.342773, 56.762680, 15.441892,Walking
726189, 0.426148, 0.935059, 0.083374, 2.014160, 53.466780, 13.549804,Walking
726209, 0.422241, 0.855103, 0.077026, -1.464844, 47.302240, 13.427732,Walking
726229, 0.420532, 0.806152, 0.067139, -7.263182, 41.442860, 14.038084,Walking
726249, 0.428345, 0.795654, 0.052002, -11.657712, 34.790040, 15.319820,Walking
726269, 0.414063, 0.801148, 0.041626, -14.587400, 30.395500, 17.028810,Walking
726289, 0.417480, 0.817749, 0.038940, -15.197750, 30.212400, 18.005376,Walking
726309, 0.421509, 0.826050, 0.051636, -13.732908, 28.137200, 17.333990,Walking
726329, 0.422485, 0.839112, 0.059937, -11.352536, 26.062010, 15.808104,Walking
726349, 0.432861, 0.851074, 0.066040, -8.544924, 24.414060, 13.183590,Walking
726369, 0.433838, 0.867798, 0.055542, -6.286620, 23.437492, 9.887696,Walking
726389, 0.441040, 0.846192, 0.050293, -4.943848, 19.836430, 4.150392,Walking
726409, 0.459595, 0.826660, 0.056274, -5.981444, 13.061520, 0.427246,Walking
726429, 0.465088, 0.819946, 0.065430, -7.507323, 4.089356, -2.441407,Walking
726449, 0.460816, 0.844360, 0.072998, -9.277344, -4.577638, -4.516602,Walking
726469, 0.481201, 0.914307, 0.062988, -10.559080, -11.718748, -5.493162,Walking
726489, 0.473511, 0.997559, 0.060547, -10.742184, -16.174320, -5.065916,Walking
726509, 0.458740, 1.079102, 0.088867, -8.666994, -16.479492, -4.943848,Walking
726529, 0.482666, 1.233032, 0.132568, -8.850100, -15.441892, -4.882814,Walking
726549, 0.529785, 1.424438, 0.150757, -2.014160, -16.052250, -3.540038,Walking
726569, 0.523682, 1.391114, 0.127441, 10.131832, -14.709470, -5.065916,Walking
726589, 0.509033, 1.187744, 0.116211, 15.869140, -13.244628, -9.704590,Walking
726609, 0.510620, 1.046265, 0.104248, 10.437010, -22.766110, -8.911134,Walking
726629, 0.493164, 0.942017, 0.083496, 1.220704, -31.066890, -0.793457,Walking
726649, 0.487549, 0.907471, 0.079712, -6.652830, -37.048340, 7.324218,Walking
726669, 0.442261, 0.850708, 0.080078, -6.835936, -38.269050, 15.014646,Walking
726689, 0.419678, 0.786255, 0.073242, -7.934570, -40.710440, 18.798830,Walking
726709, 0.398438, 0.797974, 0.088623, -10.986324, -42.053220, 23.986810,Walking
726729, 0.379517, 0.853760, 0.095215, -11.169430, -43.457020, 29.174800,Walking
726749, 0.368164, 0.921997, 0.114868, -10.314940, -41.687000, 32.775880,Walking
726769, 0.364990, 1.012818, 0.134644, -5.432128, -41.320790, 32.531740,Walking
726789, 0.338013, 1.046265, 0.143433, 2.685546, -39.123540, 31.066890,Walking
726809, 0.309204, 0.990234, 0.155273, 9.826660, -35.034180, 27.587884,Walking
726829, 0.288208, 0.896973, 0.168945, 10.498044, -29.296870, 25.878900,Walking
726849, 0.279419, 0.870117, 0.167358, 7.812498, -25.573724, 28.076170,Walking
726869, 0.276245, 0.840088, 0.167847, 5.615234, -22.155760, 29.724120,Walking
726889, 0.276489, 0.816040, 0.171997, 2.868652, -19.714360, 29.907220,Walking
726909, 0.276733, 0.803589, 0.172485, 0.183105, -19.409180, 29.602044,Walking
726929, 0.261353, 0.812744, 0.174072, -2.563476, -18.676760, 29.846190,Walking
726949, 0.237793, 0.830322, 0.175659, -3.662109, -15.197750, 30.029290,Walking
726969, 0.219116, 0.841064, 0.177246, -3.417968, -9.582520, 29.479976,Walking
726989, 0.227539, 0.843994, 0.175903, -2.441407, -2.929687, 27.160640,Walking
727009, 0.240234, 0.852539, 0.170532, -1.953124, 3.051757, 24.230950,Walking
727029, 0.254150, 0.864014, 0.161743, -0.610352, 6.713866, 21.240230,Walking
727049, 0.271606, 0.886475, 0.156860, -0.793457, 8.728030, 16.601568,Walking
727069, 0.290527, 0.940552, 0.151245, -2.075196, 8.666994, 13.916012,Walking
727109, 0.301758, 1.100586, 0.153442, -0.244141, 11.962890, 9.033204,Walking
727129, 0.306152, 1.236694, 0.164917, -0.061035, 17.211920, 5.371092,Walking
727149, 0.290527, 1.302246, 0.149170, 12.573240, 26.794430, 1.098633,Walking
727169, 0.288574, 1.185303, 0.133301, 19.836430, 42.968740, -10.131832,Walking
727189, 0.342041, 1.143555, 0.104858, 25.085448, 54.260240, -22.033690,Walking
727209, 0.361938, 0.966553, 0.076782, 30.395500, 59.448240, -33.447270,Walking
727229, 0.434814, 0.837402, 0.058105, 28.076170, 54.626460, -42.053220,Walking
727249, 0.472900, 0.780396, 0.059937, 22.460930, 39.428720, -44.555660,Walking
727269, 0.504761, 0.756470, 0.039429, 20.080560, 12.390136, -44.860830,Walking
727289, 0.432251, 0.720581, 0.034302, 19.836430, 2.197266, -43.823240,Walking
727309, 0.363525, 0.705811, 0.034912, 17.578130, 2.258301, -40.771480,Walking
727329, 0.336670, 0.759766, 0.041016, 12.817380, 6.103514, -35.156260,Walking
727349, 0.317627, 0.868286, 0.070068, 10.986324, 16.357424, -29.785150,Walking
727369, 0.342651, 1.008667, 0.081421, 12.512204, 32.470710, -27.648920,Walking
727389, 0.410278, 1.099854, 0.090820, 18.188480, 43.640120, -28.381340,Walking
727409, 0.446411, 1.060181, 0.083008, 24.108880, 43.884270, -32.470710,Walking
727429, 0.472290, 0.966187, 0.062256, 24.230950, 38.757330, -35.156260,Walking
727449, 0.468750, 0.864014, 0.049194, 19.531250, 28.015130, -36.376960,Walking
727469, 0.465210, 0.796021, 0.045166, 9.887696, 17.150880, -32.592780,Walking
727489, 0.449219, 0.778442, 0.042480, 0.061035, 8.728030, -24.536130,Walking
727509, 0.425049, 0.782715, 0.050171, -2.624511, 7.141112, -19.165040,Walking
727529, 0.409668, 0.802490, 0.058228, -3.479003, 7.995604, -14.770504,Walking
727549, 0.413452, 0.821411, 0.057861, -2.258301, 11.535644, -11.535644,Walking
727569, 0.419067, 0.835571, 0.056519, -2.136231, 16.174320, -8.728030,Walking
727589, 0.450317, 0.869507, 0.062622, -0.793457, 17.211920, -8.056642,Walking
727609, 0.474121, 0.873413, 0.061401, 0.000000, 15.014646, -10.070800,Walking
727629, 0.512085, 0.864136, 0.058350, -1.403808, 7.690428, -13.122556,Walking
727649, 0.525269, 0.863526, 0.051270, -5.187988, -1.831054, -15.014646,Walking
727669, 0.532227, 0.880860, 0.043457, -9.216310, -10.803220, -15.014646,Walking
727689, 0.544800, 0.913940, 0.043579, -13.122556, -19.042970, -13.061520,Walking
727709, 0.526612, 0.981690, 0.050293, -15.502928, -28.503410, -7.690428,Walking
727729, 0.501953, 1.026246, 0.048706, -14.526364, -29.052730, -3.723144,Walking
727749, 0.463501, 1.056152, 0.072632, -14.099120, -24.719230, 0.305176,Walking
727769, 0.498657, 1.186280, 0.088501, -16.052250, -19.592290, 5.859374,Walking
727789, 0.527100, 1.303223, 0.117676, -13.183590, -18.920900, 8.666994,Walking
727809, 0.542847, 1.339356, 0.111450, -5.126952, -19.592290, 8.666994,Walking
727829, 0.504883, 1.149658, 0.098877, 5.126952, -21.484370, 5.249022,Walking
727869, 0.436035, 0.722656, 0.068481, -1.464844, -33.386240, 3.479003,Walking
727889, 0.435059, 0.687134, 0.052124, -16.662600, -37.231450, 11.962890,Walking
727909, 0.419922, 0.745728, 0.056030, -24.414060, -41.442860, 21.423332,Walking
727929, 0.398316, 0.834595, 0.097900, -27.648920, -46.264640, 29.663080,Walking
727949, 0.402466, 0.959229, 0.109985, -25.512690, -52.551260, 31.555170,Walking
727969, 0.390625, 1.074952, 0.097168, -19.775390, -56.518540, 33.325200,Walking
727989, 0.360352, 1.117798, 0.113770, -12.268064, -55.847160, 32.714850,Walking
728009, 0.349365, 1.132202, 0.144043, -5.432128, -53.283680, 29.724120,Walking
728029, 0.333862, 1.108154, 0.166382, 0.549316, -52.917470, 27.709956,Walking
728049, 0.290405, 1.050782, 0.171875, 4.089356, -50.048820, 27.954100,Walking
728069, 0.248291, 0.988770, 0.163330, 3.906249, -41.564930, 31.372068,Walking
728089, 0.220581, 0.932495, 0.155396, 1.708984, -30.517570, 35.400400,Walking
728109, 0.220947, 0.884400, 0.157105, -2.380371, -18.859868, 39.001470,Walking
728129, 0.245605, 0.862427, 0.164063, -6.591796, -11.718748, 42.175280,Walking
728149, 0.252686, 0.856690, 0.171021, -9.704590, -9.033204, 44.067380,Walking
728169, 0.245728, 0.848389, 0.166992, -10.437010, -10.131832, 43.334950,Walking
728189, 0.240356, 0.843872, 0.163208, -11.474608, -10.620116, 41.503900,Walking
728229, 0.219482, 0.856079, 0.163818, -10.742184, -4.699708, 33.203130,Walking
728249, 0.232788, 0.853394, 0.168091, -8.361816, -2.624511, 26.855464,Walking
728269, 0.262085, 0.880249, 0.162842, -7.629394, -4.150392, 19.348150,Walking
728289, 0.309326, 0.920410, 0.165894, -6.103514, -10.620116, 11.901852,Walking
728309, 0.320679, 0.972412, 0.163086, -5.065916, -17.578130, 4.760742,Walking
728329, 0.311279, 1.034058, 0.152344, -2.441407, -20.996090, 0.000000,Walking
728349, 0.274658, 1.124390, 0.181519, -1.892090, -18.981940, -2.075196,Walking
728369, 0.222900, 1.346192, 0.167358, 7.507323, 4.211426, -1.708984,Walking
728389, 0.214844, 1.267090, 0.146362, 17.150880, 32.714850, -10.437010,Walking
728409, 0.300537, 1.185303, 0.113647, 24.230950, 53.283680, -21.301268,Walking
728429, 0.353516, 0.962891, 0.072998, 32.470710, 61.767570, -33.996590,Walking
728449, 0.428467, 0.756958, 0.043579, 31.066890, 57.739250, -42.724600,Walking
728469, 0.481567, 0.632568, 0.026978, 22.338860, 39.917000, -42.663560,Walking
728489, 0.469971, 0.599854, 0.010498, 12.145992, 21.301268, -36.804200,Walking
728509, 0.427734, 0.640015, 0.003662, 5.187988, 11.291500, -29.235832,Walking
728529, 0.385132, 0.733643, 0.018311, 1.159668, 8.483890, -21.057124,Walking
728549, 0.312500, 0.844482, 0.051025, 3.540038, 13.305660, -14.770504,Walking
728569, 0.267578, 0.937012, 0.083374, 7.324218, 28.442380, -11.413570,Walking
728589, 0.307373, 1.019165, 0.058472, 12.207030, 56.579580, -14.282224,Walking
728609, 0.374268, 1.057862, 0.047729, 11.047360, 63.293440, -19.409180,Walking
728669, 0.518188, 0.901734, -0.012207, 18.310550, 36.132820, -38.879400,Walking
728689, 0.441406, 0.815430, -0.041016, 15.197750, 29.296870, -38.879400,Walking
728709, 0.435303, 0.785645, -0.034546, 10.803220, 29.968260, -34.851080,Walking
728729, 0.441040, 0.779053, -0.017822, 8.789064, 29.602044, -29.846190,Walking
728749, 0.435547, 0.787110, -0.010132, 8.605960, 31.127924, -26.306150,Walking
728769, 0.466431, 0.801270, -0.009155, 8.789064, 32.592780, -23.315424,Walking
728789, 0.473145, 0.820068, -0.001465, 12.084960, 31.677240, -22.460930,Walking
728809, 0.484375, 0.810791, 0.037476, 18.371584, 31.799310, -27.099608,Walking
728829, 0.508545, 0.810547, 0.045532, 19.775390, 30.273430, -30.334470,Walking
728849, 0.569824, 0.823608, 0.045532, 15.808104, 22.399900, -31.982420,Walking
728869, 0.604370, 0.881348, 0.041870, 9.216310, 8.972170, -31.311030,Walking
728889, 0.633179, 0.921509, 0.037354, 4.028321, -5.615234, -28.381340,Walking
728909, 0.644654, 0.979736, 0.068604, -3.906249, -21.911620, -23.498530,Walking
728929, 0.685547, 1.229126, 0.088257, -16.052250, -40.649400, -13.793944,Walking
728949, 0.635010, 1.440552, 0.123657, -9.277344, -48.583980, -3.112792,Walking
728969, 0.393433, 1.260986, 0.139282, 5.676268, -36.132820, 1.281738,Walking
728989, 0.361084, 1.105957, 0.096680, 4.943848, -11.779784, 6.469726,Walking
729009, 0.412964, 0.974365, 0.072388, -2.197266, -4.760742, 18.371584,Walking
729029, 0.422241, 0.845581, 0.090332, -17.028810, -2.136231, 32.409680,Walking
729049, 0.450195, 0.822998, 0.093628, -21.972650, -8.239746, 38.879400,Walking
729069, 0.422363, 0.805420, 0.095825, -22.888180, -20.446770, 42.541500,Walking
729089, 0.345093, 0.791992, 0.104614, -22.827140, -30.029290, 45.166000,Walking
729109, 0.282349, 0.846802, 0.111328, -26.916500, -27.526850, 50.231920,Walking
729129, 0.265381, 0.955688, 0.135132, -28.320310, -21.911620, 57.495110,Walking
729149, 0.267822, 1.117432, 0.172119, -25.512690, -17.333990, 62.561020,Walking
729169, 0.228882, 1.215332, 0.194336, -12.634276, -8.911134, 62.377920,Walking
729189, 0.198853, 1.192994, 0.193359, 0.793457, 2.929687, 58.532700,Walking
729209, 0.193237, 1.094849, 0.192505, 10.742184, 14.892576, 52.001940,Walking
729229, 0.175171, 0.971680, 0.204956, 15.197750, 25.268550, 47.485340,Walking
729249, 0.218140, 0.868286, 0.171143, 10.925290, 36.438000, 45.104970,Walking
729269, 0.256470, 0.837158, 0.148804, 6.469726, 34.973150, 42.663560,Walking
729289, 0.271729, 0.834961, 0.165161, 2.746581, 27.770990, 38.757330,Walking
729309, 0.247803, 0.885742, 0.186401, 2.380371, 21.057124, 35.095220,Walking
729329, 0.222656, 0.906006, 0.189697, 7.019042, 18.920900, 31.188960,Walking
729349, 0.208374, 0.882935, 0.174438, 12.145992, 20.751950, 24.902340,Walking
729369, 0.210815, 0.848877, 0.168945, 15.014646, 25.085448, 17.822270,Walking
729389, 0.228638, 0.861084, 0.173462, 17.883300, 28.137200, 10.437010,Walking
729409, 0.256592, 0.892090, 0.174683, 23.620600, 31.066890, 4.943848,Walking
729429, 0.269653, 0.919800, 0.171631, 28.808590, 34.484870, 0.305176,Walking
729449, 0.299438, 0.974732, 0.158081, 32.897960, 38.391120, -1.770019,Walking
729469, 0.299561, 1.025269, 0.134888, 41.198720, 42.053220, -2.014160,Walking
729489, 0.273193, 1.104004, 0.169189, 39.855960, 49.499500, -1.098633,Walking
729509, 0.359009, 1.352417, 0.174683, 39.001470, 57.373040, 3.295898,Walking
729529, 0.314453, 1.431885, 0.206787, 53.588860, 67.688000, 3.540038,Walking
729549, 0.261108, 1.286988, 0.198608, 66.284200, 88.745100, -3.906249,Walking
729569, 0.375732, 1.150269, 0.122681, 70.251480, 101.501440, -12.817380,Walking
729589, 0.411865, 0.992920, 0.109863, 67.260740, 93.322740, -16.906740,Walking
729609, 0.464600, 0.867310, 0.086548, 58.593740, 79.650900, -18.615724,Walking
729629, 0.508301, 0.846070, 0.048462, 47.485340, 62.133780, -16.540530,Walking
729649, 0.470337, 0.889771, 0.019653, 44.433580, 45.654280, -13.122556,Walking
729669, 0.400146, 0.918335, 0.007202, 49.255360, 39.306640, -10.864256,Walking
729689, 0.260620, 0.911255, 0.020630, 61.157220, 56.640620, -7.202148,Walking
729709, 0.251831, 0.895386, 0.030518, 66.528340, 78.308120, -0.366211,Walking
729729, 0.269043, 0.872192, 0.035522, 68.542500, 97.961400, 7.141112,Walking
729749, 0.327148, 0.869385, 0.037476, 66.955580, 110.290500, 13.610836,Walking
729769, 0.380005, 0.889038, 0.042725, 66.955580, 112.121560, 15.624996,Walking
729789, 0.407593, 0.895142, 0.051758, 66.955580, 106.750480, 14.282224,Walking
729809, 0.402710, 0.905518, 0.061157, 67.199720, 100.708000, 10.681150,Walking
729829, 0.384888, 0.888916, 0.064941, 66.284200, 97.290020, 7.934570,Walking
729849, 0.370850, 0.881226, 0.067505, 62.927240, 96.923800, 6.530760,Walking
729869, 0.385498, 0.902832, 0.054321, 60.363760, 99.731440, 6.103514,Walking
729889, 0.361084, 0.881348, 0.069702, 59.204090, 102.416960, 5.493162,Walking
729909, 0.393188, 0.850952, 0.070068, 56.457510, 104.614240, 4.455568,Walking
729929, 0.407471, 0.809570, 0.064941, 54.626460, 101.928700, 1.403808,Walking
729949, 0.415649, 0.763550, 0.044434, 53.344720, 98.205560, -1.708984,Walking
729969, 0.413696, 0.724121, 0.040161, 50.964340, 94.604460, -4.760742,Walking
729989, 0.406982, 0.724487, 0.052368, 48.400870, 91.674800, -6.835936,Walking
730009, 0.406738, 0.756104, 0.070557, 48.034660, 91.308560, -7.995604,Walking
730029, 0.414063, 0.787842, 0.085327, 49.194320, 94.482400, -8.789064,Walking
730049, 0.416626, 0.827393, 0.088745, 49.560540, 98.999000, -9.094240,Walking
730069, 0.431396, 0.870117, 0.096069, 48.156730, 103.393540, -7.751464,Walking
730089, 0.456665, 0.895630, 0.105591, 46.325680, 104.309060, -7.263182,Walking
730109, 0.464966, 0.902466, 0.109497, 44.738760, 102.844220, -7.446288,Walking
730129, 0.457886, 0.913330, 0.108643, 40.405260, 100.402800, -7.995604,Walking
730149, 0.466309, 0.933472, 0.098633, 38.391120, 100.463840, -7.385252,Walking
730169, 0.502930, 0.884766, 0.076416, 37.719730, 96.740700, -8.911134,Walking
730189, 0.553345, 0.856568, 0.075806, 32.104500, 88.989240, -11.962890,Walking
730209, 0.534302, 0.882812, 0.091309, 30.395500, 80.261240, -12.756344,Walking
730229, 0.501953, 0.877197, 0.099609, 30.883784, 77.636740, -12.023924,Walking
730249, 0.485474, 0.862427, 0.107422, 31.066890, 80.871560, -10.498044,Walking
730269, 0.467774, 0.831909, 0.097290, 29.846190, 86.547840, -8.056642,Walking
730289, 0.480713, 0.791382, 0.085815, 26.855464, 92.102040, -5.798338,Walking
730309, 0.496094, 0.748413, 0.096680, 23.437492, 94.177240, -3.967285,Walking
730329, 0.516724, 0.737915, 0.101685, 20.263670, 91.552720, -2.624511,Walking
730349, 0.535278, 0.892456, 0.131592, 9.460450, 85.144020, 1.403808,Walking
730369, 0.595703, 1.163696, 0.105225, 14.282224, 80.017100, 8.239746,Walking
730389, 0.473633, 1.123902, 0.141113, 32.348640, 83.862300, 9.826660,Walking
730409, 0.447144, 0.994507, 0.169067, 41.809080, 94.238260, 7.263182,Walking
730429, 0.451782, 0.916992, 0.158814, 44.555660, 101.074200, 9.582520,Walking
730449, 0.416382, 0.860718, 0.175171, 38.574220, 104.980440, 16.113284,Walking
730469, 0.460449, 0.887940, 0.171509, 29.846190, 105.346660, 21.606440,Walking
730489, 0.510132, 0.972168, 0.193970, 24.230950, 96.862760, 23.071284,Walking
730509, 0.540405, 1.048340, 0.203857, 25.024410, 79.772960, 19.409180,Walking
730529, 0.503296, 1.090942, 0.205322, 27.587884, 66.284200, 15.991210,Walking
730549, 0.422608, 1.060669, 0.208130, 32.653820, 62.194820, 12.451170,Walking
730569, 0.397705, 0.913818, 0.198853, 36.438000, 65.124520, 3.906249,Walking
730589, 0.427124, 0.843506, 0.193481, 35.400400, 62.438960, -0.732422,Walking
730609, 0.422485, 0.812012, 0.194824, 33.691410, 57.495110, -3.234863,Walking
730629, 0.433594, 0.802856, 0.195801, 33.630380, 51.208480, -4.333496,Walking
730649, 0.416260, 0.790405, 0.189697, 34.851080, 45.959460, -5.249022,Walking
730669, 0.403076, 0.776245, 0.193359, 34.912120, 42.480460, -5.981444,Walking
730689, 0.388794, 0.791382, 0.201294, 33.813480, 40.527340, -5.065916,Walking
730709, 0.370239, 0.828125, 0.204834, 32.531740, 41.564930, -2.380371,Walking
730729, 0.360352, 0.854614, 0.200073, 31.372068, 45.593250, 0.061035,Walking
730749, 0.362427, 0.884033, 0.206177, 31.188960, 49.804680, 0.183105,Walking
730769, 0.368408, 0.891724, 0.212647, 31.616208, 52.001940, -0.488281,Walking
730789, 0.394531, 0.899902, 0.199463, 29.541010, 50.476060, -0.610352,Walking
730809, 0.395142, 0.905152, 0.193604, 26.855464, 47.241200, 0.488281,Walking
730829, 0.381226, 0.910522, 0.187866, 24.169920, 44.860830, 2.258301,Walking
730849, 0.368652, 0.903809, 0.176025, 21.667476, 44.372550, 3.845214,Walking
730869, 0.352661, 0.896484, 0.165405, 18.920900, 45.593250, 5.187988,Walking
730889, 0.352539, 0.903564, 0.149170, 16.601568, 47.912590, 6.774902,Walking
730909, 0.360474, 0.909424, 0.133911, 14.953610, 49.987780, 7.934570,Walking
730929, 0.364014, 0.929810, 0.131226, 14.709470, 50.292960, 8.300784,Walking
730949, 0.377686, 0.950562, 0.127441, 16.174320, 49.926750, 7.385252,Walking
730969, 0.393555, 0.971680, 0.125977, 17.211920, 47.668440, 5.981444,Walking
730989, 0.404175, 1.023072, 0.110962, 19.104010, 46.752920, 4.943848,Walking
731009, 0.374024, 1.060913, 0.118774, 22.644040, 51.330560, 4.821778,Walking
731029, 0.404053, 1.171753, 0.142944, 21.423332, 55.847160, 5.737304,Walking
731049, 0.395874, 1.233398, 0.136597, 28.564450, 61.279280, 5.065916,Walking
731069, 0.378052, 1.169556, 0.125122, 34.118660, 71.105960, -0.732422,Walking
731089, 0.399048, 1.058472, 0.102417, 39.306640, 77.697760, -6.958006,Walking
731109, 0.396362, 0.903198, 0.103027, 39.367680, 79.101560, -12.573240,Walking
731129, 0.454102, 0.808472, 0.092163, 34.912120, 71.899440, -17.272950,Walking
731149, 0.491821, 0.779175, 0.074585, 28.991692, 56.213370, -20.263670,Walking
731169, 0.501831, 0.798462, 0.060913, 26.550290, 40.100100, -21.850580,Walking
731189, 0.452393, 0.774536, 0.072632, 27.954100, 29.541010, -23.132320,Walking
731209, 0.429321, 0.714844, 0.066284, 29.846190, 24.230950, -23.071284,Walking
731229, 0.368774, 0.684937, 0.060181, 22.094720, 24.230950, -18.005376,Walking
731249, 0.372681, 0.756226, 0.069214, 15.258788, 28.137200, -11.962890,Walking
731269, 0.393188, 0.878784, 0.083374, 10.498044, 32.958990, -8.483890,Walking
731289, 0.418823, 0.988404, 0.098511, 10.925290, 35.217290, -8.056642,Walking
731309, 0.432617, 1.032104, 0.093872, 13.122556, 35.644540, -9.643556,Walking
731329, 0.426636, 0.982056, 0.079590, 13.549804, 33.874520, -10.559080,Walking
731349, 0.410889, 0.907227, 0.056641, 8.483890, 31.921380, -10.314940,Walking
731369, 0.410889, 0.835571, 0.052490, 0.610352, 29.113768, -8.300784,Walking
731389, 0.445313, 0.794922, 0.044189, -8.239746, 22.399900, -5.126952,Walking
731409, 0.442505, 0.780884, 0.041138, -14.282224, 13.488768, -3.051757,Walking
731429, 0.436768, 0.779541, 0.036255, -17.517090, 6.164550, -2.441407,Walking
731449, 0.435547, 0.792603, 0.015137, -19.775390, 0.000000, -1.770019,Walking
731469, 0.451172, 0.794678, 0.000610, -20.568840, -0.976562, -0.183105,Walking
731489, 0.468262, 0.814453, -0.003784, -21.057124, -1.892090, 0.854492,Walking
731509, 0.485108, 0.843018, 0.007324, -19.592290, -3.295898, 0.488281,Walking
731529, 0.492676, 0.862915, 0.004639, -17.150880, -5.004884, -0.793457,Walking
731549, 0.498169, 0.858887, -0.015747, -15.686032, -6.713866, -1.770019,Walking
731569, 0.496582, 0.838989, -0.026367, -16.723632, -8.178714, -2.563476,Walking
731589, 0.523071, 0.841431, -0.014771, -20.385740, -12.145992, -2.441407,Walking
731609, 0.529419, 0.900757, -0.000732, -22.888180, -19.287110, -0.732422,Walking
731629, 0.529419, 0.962402, -0.000732, -23.010250, -24.169920, 1.403808,Walking
731649, 0.500977, 0.999512, 0.005371, -19.653320, -26.123040, 2.319336,Walking
731669, 0.477051, 1.096558, 0.066406, -19.714360, -22.094720, 5.187988,Walking
731689, 0.514038, 1.281006, 0.085938, -16.540530, -20.263670, 10.192870,Walking
731709, 0.494385, 1.319092, 0.111328, -7.934570, -17.333990, 8.178714,Walking
731729, 0.515625, 1.306030, 0.115234, -0.671386, -14.221190, 4.882814,Walking
731749, 0.481079, 1.183838, 0.116333, 5.615234, -13.977050, 1.525878,Walking
731769, 0.476318, 1.032104, 0.098145, 6.103514, -13.610836, 0.793457,Walking
731789, 0.467285, 0.883423, 0.076172, -1.037598, -16.601568, 4.577638,Walking
731809, 0.470093, 0.813477, 0.068237, -10.925290, -22.644040, 11.962890,Walking
731829, 0.463867, 0.796631, 0.062500, -15.991210, -29.602044, 18.859868,Walking
731849, 0.422363, 0.760132, 0.063843, -16.784670, -34.484870, 23.986810,Walking
731869, 0.403564, 0.760620, 0.080078, -18.798830, -39.245610, 27.770990,Walking
731889, 0.365601, 0.880005, 0.104736, -19.165040, -44.494620, 33.874520,Walking
731909, 0.359985, 0.985108, 0.117310, -15.930172, -46.386710, 34.240730,Walking
731929, 0.359375, 1.072144, 0.128296, -8.666994, -47.119130, 31.188960,Walking
731949, 0.323242, 1.095093, 0.146240, 1.037598, -43.884270, 25.695796,Walking
731969, 0.279419, 1.040162, 0.166748, 9.704590, -37.719730, 19.287110,Walking
731989, 0.258179, 0.966919, 0.173096, 13.366696, -28.869624, 16.845708,Walking
732009, 0.260254, 0.901245, 0.167725, 11.718748, -21.057124, 17.700200,Walking
732029, 0.280518, 0.862183, 0.162476, 8.056642, -15.869140, 18.615724,Walking
732049, 0.307495, 0.836670, 0.162476, 4.211426, -16.113284, 18.493652,Walking
732069, 0.305176, 0.827271, 0.161621, 1.403808, -20.019532, 17.639160,Walking
732089, 0.279785, 0.819336, 0.157837, -0.366211, -20.263670, 17.211920,Walking
732109, 0.255859, 0.807251, 0.149902, -3.051757, -17.883300, 16.296390,Walking
732129, 0.244385, 0.824097, 0.141602, -3.967285, -12.207030, 15.808104,Walking
732149, 0.251953, 0.840332, 0.144409, -2.807617, -6.591796, 15.197750,Walking
732169, 0.252564, 0.849732, 0.150391, -0.366211, -1.953124, 13.122556,Walking
732189, 0.274902, 0.864990, 0.143066, 2.502442, 1.708984, 9.826660,Walking
732209, 0.284058, 0.902344, 0.141968, 4.028321, 3.540038, 6.103514,Walking
732229, 0.292114, 0.972534, 0.138184, 5.798338, 6.469726, 3.356933,Walking
732249, 0.279053, 1.034546, 0.151123, 8.728030, 12.084960, 1.281738,Walking
732269, 0.285767, 1.083740, 0.154175, 12.451170, 19.348150, -1.342773,Walking
732289, 0.307129, 1.149048, 0.181763, 12.329100, 25.695796, -5.615234,Walking
732309, 0.345215, 1.264160, 0.177490, 16.296390, 29.907220, -8.544924,Walking
732329, 0.320923, 1.190064, 0.162476, 20.751950, 41.381820, -19.958500,Walking
732349, 0.373657, 1.165772, 0.124756, 24.414060, 46.630850, -28.259270,Walking
732369, 0.372681, 0.976440, 0.095093, 27.282710, 48.828120, -36.315920,Walking
732389, 0.394531, 0.802002, 0.060791, 24.414060, 49.377430, -41.503900,Walking
732409, 0.441284, 0.710694, 0.040161, 16.052250, 41.015620, -40.771480,Walking
732429, 0.445557, 0.702881, 0.029541, 8.911134, 28.930660, -35.827640,Walking
732449, 0.437988, 0.705322, 0.025513, 6.530760, 21.057124, -30.029290,Walking
732469, 0.392212, 0.709717, 0.023560, 7.019042, 19.409180, -26.184080,Walking
732489, 0.364746, 0.755982, 0.032227, 7.934570, 24.047850, -23.864740,Walking
732509, 0.370728, 0.851562, 0.040771, 9.033204, 32.592780, -22.094720,Walking
732529, 0.404785, 0.968872, 0.063965, 9.643556, 40.466300, -22.033690,Walking
732549, 0.484131, 1.091309, 0.066162, 16.174320, 44.616690, -25.939940,Walking
732569, 0.506958, 1.037598, 0.045898, 20.874020, 41.381820, -31.249992,Walking
732589, 0.519043, 0.915039, 0.024048, 20.568840, 33.203130, -33.752440,Walking
732609, 0.518799, 0.795288, 0.018188, 11.962890, 19.836430, -31.860350,Walking
732629, 0.510254, 0.753784, 0.027222, 0.793457, 7.141112, -26.489250,Walking
732649, 0.504883, 0.765747, 0.026978, -6.042480, -1.953124, -20.446770,Walking
732669, 0.472290, 0.792358, 0.031006, -8.605960, -5.798338, -14.343260,Walking
732689, 0.445068, 0.824585, 0.042358, -7.324218, -4.089356, -10.131832,Walking
732709, 0.410767, 0.845093, 0.048096, -4.211426, 3.112792, -7.507323,Walking
732729, 0.421143, 0.853638, 0.051270, -1.708984, 12.390136, -4.638672,Walking
732749, 0.455933, 0.856445, 0.054932, -1.037598, 17.761230, -2.807617,Walking
732769, 0.509278, 0.852783, 0.059570, -1.586914, 15.869140, -3.906249,Walking
732789, 0.540161, 0.846070, 0.050659, -3.234863, 7.751464, -5.554198,Walking
732809, 0.543945, 0.821900, 0.052612, -5.798338, -2.868652, -6.225584,Walking
732829, 0.555908, 0.833618, 0.053223, -11.657712, -14.038084, -4.577638,Walking
732849, 0.547974, 0.893188, 0.048096, -16.113284, -23.925780, -0.244141,Walking
732869, 0.505982, 0.936157, 0.044556, -17.456060, -28.320310, 4.699708,Walking
732889, 0.476807, 0.952637, 0.051147, -16.601568, -27.282710, 9.277344,Walking
732909, 0.464356, 0.998047, 0.080200, -19.165040, -25.268550, 13.122556,Walking
732929, 0.513184, 1.184814, 0.098877, -21.972650, -26.000970, 18.432620,Walking
732949, 0.496460, 1.312622, 0.131226, -16.479492, -26.123040, 19.592290,Walking
732969, 0.494507, 1.337402, 0.135376, -7.568358, -21.667476, 17.822270,Walking
732989, 0.444702, 1.191528, 0.128174, 0.427246, -16.662600, 12.634276,Walking
733009, 0.430908, 1.030152, 0.096436, 2.319336, -13.061520, 12.695310,Walking
733029, 0.425293, 0.850342, 0.082642, -5.981444, -14.526364, 16.174320,Walking
733049, 0.455811, 0.792480, 0.074463, -17.150880, -20.874020, 21.606440,Walking
733069, 0.444824, 0.777466, 0.069336, -23.193352, -29.846190, 27.038570,Walking
733089, 0.414429, 0.759766, 0.072998, -25.146480, -37.292480, 29.602044,Walking
733109, 0.397461, 0.788330, 0.089355, -27.526850, -44.860830, 31.249992,Walking
733129, 0.377441, 0.875610, 0.101807, -27.404780, -52.612300, 32.348640,Walking
733149, 0.365601, 0.978760, 0.112793, -26.000970, -56.518540, 32.714850,Walking
733169, 0.358765, 1.088746, 0.124634, -17.822270, -57.250960, 29.418940,Walking
733189, 0.318237, 1.101440, 0.136719, -4.821778, -53.527820, 22.338860,Walking
733209, 0.288330, 0.971436, 0.156494, 8.850100, -44.921860, 11.108396,Walking
733229, 0.278442, 0.885254, 0.168335, 9.582520, -40.588370, 8.911134,Walking
733249, 0.270630, 0.850586, 0.170166, 7.629394, -36.132820, 9.643556,Walking
733269, 0.249512, 0.830811, 0.164307, 5.920409, -28.503410, 11.413570,Walking
733289, 0.268433, 0.815308, 0.156738, 3.662109, -21.545408, 12.084960,Walking
733309, 0.280151, 0.811157, 0.167603, 1.525878, -19.042970, 11.840818,Walking
733329, 0.287354, 0.822022, 0.178223, 0.183105, -18.798830, 11.657712,Walking
733349, 0.269775, 0.841797, 0.179199, -0.183105, -18.188480, 11.901852,Walking
733369, 0.249756, 0.848755, 0.170654, 0.366211, -14.160152, 11.596676,Walking
733389, 0.243286, 0.847534, 0.167603, 0.366211, -7.934570, 9.460450,Walking
733409, 0.252197, 0.852051, 0.174805, 1.037598, -2.502442, 6.652830,Walking
733429, 0.272095, 0.877075, 0.168823, 2.441407, 2.136231, 3.234863,Walking
733449, 0.272949, 0.905884, 0.161743, 2.258301, 3.662109, 2.258301,Walking
733469, 0.279419, 0.962280, 0.154419, 1.281738, 6.713866, 1.586914,Walking
733489, 0.286987, 1.011719, 0.132324, 2.136231, 11.779784, 0.793457,Walking
733509, 0.345703, 1.091309, 0.121338, 0.061035, 17.150880, 0.122070,Walking
733529, 0.372070, 1.276001, 0.115234, 2.563476, 19.165040, 2.258301,Walking
733549, 0.301392, 1.243774, 0.130005, 14.160152, 29.296870, -0.793457,Walking
733569, 0.307251, 1.234864, 0.113037, 18.005376, 47.119130, -10.009768,Walking
733589, 0.401978, 1.143066, 0.063843, 25.939940, 55.236800, -19.775390,Walking
733609, 0.415772, 0.944458, 0.047363, 25.939940, 52.062980, -30.212400,Walking
733629, 0.455444, 0.805176, 0.020996, 25.024410, 45.227040, -36.376960,Walking
733649, 0.540405, 0.709473, 0.016357, 14.953610, 15.930172, -39.367680,Walking
733669, 0.495850, 0.739014, 0.029419, 12.878416, -1.098633, -36.865240,Walking
733689, 0.454956, 0.765015, 0.028809, 14.160152, -6.958006, -33.447270,Walking
733709, 0.379395, 0.771240, 0.025635, 17.517090, -3.723144, -29.113768,Walking
733729, 0.319824, 0.773682, 0.039185, 19.714360, 8.483890, -23.559568,Walking
733749, 0.295776, 0.818482, 0.071411, 18.981940, 25.207516, -17.456060,Walking
733769, 0.340332, 0.917480, 0.101318, 17.028810, 41.015620, -12.268064,Walking
733789, 0.399292, 1.047608, 0.116943, 15.014646, 51.696770, -10.742184,Walking
733809, 0.464478, 1.134766, 0.100220, 17.089850, 55.603020, -12.268064,Walking
733829, 0.510376, 1.083008, 0.061646, 19.348150, 52.856440, -17.944340,Walking
733849, 0.533203, 0.957031, 0.028198, 15.808104, 39.794920, -22.827140,Walking
733869, 0.537110, 0.797608, 0.041992, 0.183105, 9.094240, -21.545408,Walking
733889, 0.514282, 0.779297, 0.026611, -9.582520, -7.263182, -17.456060,Walking
733909, 0.478149, 0.778198, 0.005981, -13.366696, -14.892576, -13.427732,Walking
733929, 0.456665, 0.787720, 0.011597, -14.160152, -17.272950, -11.352536,Walking
733949, 0.421387, 0.808716, 0.023682, -11.169430, -13.671872, -10.253904,Walking
733969, 0.423340, 0.822022, 0.020874, -7.263182, -6.286620, -8.911134,Walking
733989, 0.434937, 0.819824, 0.012573, -4.577638, -0.671386, -7.141112,Walking
734009, 0.455811, 0.825928, 0.016479, -4.455568, 2.746581, -6.103514,Walking
734029, 0.485352, 0.821167, 0.021851, -4.882814, 1.098633, -7.019042,Walking
734049, 0.508545, 0.816895, 0.010620, -7.690428, -4.821778, -8.666994,Walking
734069, 0.534546, 0.800171, 0.004272, -12.023924, -15.014646, -10.070800,Walking
734089, 0.525635, 0.835816, 0.020264, -18.554690, -31.188960, -9.521484,Walking
734109, 0.504150, 0.857666, 0.014526, -19.287110, -36.865240, -7.263182,Walking
734129, 0.474976, 0.888672, 0.038452, -21.362300, -39.001470, -3.479003,Walking
734149, 0.493774, 1.052246, 0.080444, -27.770990, -39.672860, 2.441407,Walking
734169, 0.549316, 1.371216, 0.095581, -27.893060, -40.771480, 9.338380,Walking
734189, 0.466187, 1.411133, 0.113281, -9.460450, -33.935560, 11.108396,Walking
734209, 0.392822, 1.212036, 0.123779, -0.549316, -20.202630, 8.972170,Walking
734229, 0.435791, 1.109131, 0.094604, -0.183105, -16.357424, 9.277344,Walking
734249, 0.417725, 0.977417, 0.086548, -8.666994, -20.019532, 15.563964,Walking
734269, 0.427979, 0.948242, 0.095459, -20.690910, -21.606440, 21.789548,Walking
734289, 0.437500, 0.965210, 0.093262, -25.878900, -25.024410, 26.733390,Walking
734309, 0.384644, 0.899902, 0.072876, -26.672360, -33.020020, 30.395500,Walking
734329, 0.333862, 0.815552, 0.070068, -29.235832, -35.949720, 36.315920,Walking
734349, 0.301270, 0.762818, 0.072510, -35.034180, -36.315920, 43.701160,Walking
734369, 0.281494, 0.792358, 0.088501, -42.236320, -35.644540, 51.330560,Walking
734389, 0.274658, 0.905029, 0.117798, -45.654280, -36.987310, 56.274400,Walking
734409, 0.276733, 1.059936, 0.149780, -40.649400, -36.987310, 54.809560,Walking
734429, 0.251343, 1.151490, 0.171509, -27.282710, -33.569340, 47.973620,Walking
734469, 0.188965, 1.031860, 0.192505, 1.953124, -13.977050, 26.611320,Walking
734489, 0.150024, 0.927490, 0.199463, 6.408690, -3.417968, 21.545408,Walking
734509, 0.166870, 0.863281, 0.184692, 5.554198, 7.751464, 20.324700,Walking
734529, 0.198364, 0.833252, 0.177979, -0.549316, 15.686032, 19.714360,Walking
734549, 0.231689, 0.858887, 0.174805, -2.197266, 17.028810, 18.554690,Walking
734569, 0.239990, 0.873413, 0.178711, -0.732422, 15.380856, 15.563964,Walking
734589, 0.233765, 0.882568, 0.182495, 1.647949, 13.183590, 10.253904,Walking
734609, 0.236450, 0.911255, 0.189819, 4.272462, 12.023924, 4.028321,Walking
734629, 0.222656, 0.952026, 0.197998, 9.033204, 13.977050, -2.136231,Walking
734649, 0.232056, 0.969849, 0.195557, 16.235352, 19.348150, -9.338380,Walking
734669, 0.254883, 0.964844, 0.195435, 22.583000, 23.437492, -17.639160,Walking
734689, 0.267334, 0.968994, 0.196655, 29.113768, 25.695796, -25.817870,Walking
734709, 0.270752, 0.972412, 0.203491, 35.034180, 28.259270, -31.555170,Walking
734729, 0.267944, 0.983521, 0.207153, 40.222160, 33.020020, -35.095220,Walking
734749, 0.288086, 1.000488, 0.195190, 46.020500, 42.175280, -37.841800,Walking
734769, 0.295288, 0.997192, 0.194214, 47.851560, 46.874990, -37.719730,Walking
734789, 0.278320, 1.015747, 0.199097, 49.011220, 51.757800, -34.851080,Walking
734809, 0.281006, 0.991577, 0.199585, 51.452620, 58.471670, -31.066890,Walking
734829, 0.298340, 0.989868, 0.203735, 51.086420, 62.194820, -27.404780,Walking
734849, 0.299438, 1.021973, 0.199829, 51.696770, 67.199720, -21.911620,Walking
734869, 0.282837, 1.045776, 0.211670, 53.771960, 74.584960, -16.235352,Walking
734889, 0.252075, 1.158204, 0.272583, 52.734360, 84.655740, -11.596676,Walking
734909, 0.277344, 1.410034, 0.302490, 58.227530, 97.595200, -6.408690,Walking
734929, 0.246582, 1.385498, 0.298340, 76.965340, 119.262680, -5.798338,Walking
734949, 0.232056, 1.178467, 0.248169, 83.190900, 145.324700, -12.329100,Walking
734969, 0.325440, 0.935669, 0.198364, 76.904300, 150.085500, -12.756344,Walking
734989, 0.342163, 0.851685, 0.196777, 63.964840, 144.531300, -7.507323,Walking
735009, 0.412109, 0.841431, 0.166748, 54.931630, 132.507320, -1.403808,Walking
735029, 0.416748, 0.834473, 0.133179, 48.156730, 114.257800, 3.234863,Walking
735049, 0.400635, 0.878540, 0.106323, 45.166000, 102.050760, 8.056642,Walking
735069, 0.305542, 0.896118, 0.107300, 48.278800, 100.280740, 12.512204,Walking
735089, 0.275635, 0.909058, 0.113525, 51.513660, 107.910140, 17.700200,Walking
735129, 0.274902, 0.942261, 0.092041, 55.908200, 130.615240, 28.381340,Walking
735149, 0.289673, 0.948120, 0.096802, 59.570300, 144.287160, 30.273430,Walking
735169, 0.319824, 0.910522, 0.104004, 63.049300, 153.076200, 29.541010,Walking
735189, 0.377686, 0.812622, 0.088257, 60.913080, 146.179200, 25.512690,Walking
735209, 0.393555, 0.785522, 0.078735, 53.466780, 134.521500, 23.071284,Walking
735229, 0.408447, 0.800781, 0.059326, 47.546380, 121.948220, 19.409180,Walking
735249, 0.390259, 0.817383, 0.057129, 44.860830, 113.037100, 12.390136,Walking
735269, 0.354004, 0.837524, 0.050293, 46.508780, 109.252900, 6.042480,Walking
735289, 0.316528, 0.810669, 0.045288, 49.255360, 113.220200, 0.854492,Walking
735309, 0.356934, 0.800293, 0.070068, 49.804680, 115.417460, -2.014160,Walking
735329, 0.353027, 0.791992, 0.101318, 50.720200, 116.699200, -2.563476,Walking
735349, 0.363281, 0.817383, 0.110352, 51.086420, 116.821280, -1.770019,Walking
735369, 0.334839, 0.842285, 0.118896, 52.734360, 119.873040, -1.403808,Walking
735389, 0.346802, 0.852417, 0.123901, 52.429190, 123.107900, -1.647949,Walking
735409, 0.362915, 0.867310, 0.148193, 48.828120, 123.107900, -2.746581,Walking
735429, 0.356445, 0.889160, 0.158325, 47.058100, 122.619600, -3.234863,Walking
735449, 0.354614, 0.902954, 0.163086, 46.630850, 124.877900, -4.028321,Walking
735469, 0.350464, 0.907593, 0.169800, 46.020500, 128.723160, -5.126952,Walking
735489, 0.358887, 0.894898, 0.190796, 44.433580, 130.310100, -5.187988,Walking
735509, 0.383545, 0.868530, 0.210815, 41.870110, 129.089400, -4.089356,Walking
735529, 0.384888, 0.849243, 0.229614, 39.794920, 129.089400, -4.028321,Walking
735549, 0.419678, 0.832764, 0.254150, 38.269050, 130.127000, -4.638672,Walking
735569, 0.444092, 0.809082, 0.252686, 35.583500, 130.432160, -5.798338,Walking
735589, 0.472656, 0.779297, 0.225464, 31.921380, 132.202200, -6.164550,Walking
735609, 0.492188, 0.759155, 0.227295, 27.587884, 132.141160, -5.249022,Walking
735629, 0.569336, 0.912232, 0.277100, 15.930172, 127.075180, 0.366211,Walking
735649, 0.656860, 1.115601, 0.290894, 20.935052, 120.117160, 6.469726,Walking
735669, 0.591431, 1.056519, 0.301392, 33.264160, 117.309560, 5.432128,Walking
735689, 0.641358, 0.973755, 0.270020, 34.240730, 116.821280, 2.807617,Walking
735709, 0.663452, 0.890015, 0.185303, 30.700680, 105.957000, 1.708984,Walking
735729, 0.700073, 0.851440, 0.135742, 16.540530, 88.623040, 7.690428,Walking
735749, 0.701782, 0.899658, 0.170288, 6.652830, 67.749040, 16.662600,Walking
735769, 0.665283, 1.000366, 0.223145, 6.286620, 47.790520, 23.376460,Walking
735789, 0.601440, 1.078980, 0.239014, 10.192870, 31.311030, 28.564450,Walking
735809, 0.511108, 1.117798, 0.218628, 17.028810, 22.949216, 30.822750,Walking
735829, 0.373413, 1.041138, 0.168091, 23.315424, 30.700680, 31.127924,Walking
735849, 0.308228, 0.920044, 0.131958, 22.705070, 63.537590, 31.372068,Walking
735869, 0.371704, 0.864014, 0.170166, 19.714360, 70.800800, 33.935560,Walking
735889, 0.403198, 0.848511, 0.194336, 17.272950, 65.490740, 35.949720,Walking
735909, 0.438965, 0.849732, 0.197022, 17.395020, 50.170890, 36.254890,Walking
735929, 0.412476, 0.852173, 0.192627, 17.028810, 32.897960, 35.644540,Walking
735949, 0.364868, 0.870850, 0.186035, 17.578130, 22.766110, 32.470710,Walking
735969, 0.359497, 0.886963, 0.190796, 17.211920, 16.418460, 27.160640,Walking
735989, 0.322022, 0.907593, 0.197144, 19.897460, 13.793944, 20.751950,Walking
736009, 0.316895, 0.909668, 0.203980, 23.254390, 14.404296, 15.380856,Walking
736029, 0.302734, 0.920288, 0.212524, 24.841304, 16.235352, 11.901852,Walking
736049, 0.270752, 0.931641, 0.213379, 29.785150, 22.888180, 8.422854,Walking
736069, 0.313355, 0.911499, 0.205322, 34.118660, 30.029290, 2.014160,Walking
736089, 0.295410, 0.899414, 0.208008, 36.315920, 34.057620, -0.976562,Walking
736109, 0.299316, 0.888794, 0.202393, 37.597660, 39.245610, -2.929687,Walking
736129, 0.278320, 0.878174, 0.190308, 38.452160, 46.264640, -4.699708,Walking
736149, 0.281128, 0.870728, 0.185913, 38.452160, 54.565420, -6.469726,Walking
736169, 0.291870, 0.875000, 0.184692, 38.269050, 61.096180, -8.422854,Walking
736189, 0.312378, 0.885132, 0.188599, 38.879400, 65.551760, -10.742184,Walking
736209, 0.316650, 0.894287, 0.183960, 41.870110, 69.152840, -14.709470,Walking
736229, 0.321167, 0.907959, 0.181152, 46.020500, 73.242200, -19.042970,Walking
736249, 0.331177, 0.909912, 0.182983, 50.903310, 77.026380, -23.010250,Walking
736269, 0.347290, 0.907959, 0.187256, 54.077140, 79.528820, -26.184080,Walking
736289, 0.354980, 0.968506, 0.200806, 53.649900, 84.045400, -28.015130,Walking
736309, 0.361450, 1.091919, 0.217896, 51.879880, 86.914040, -26.916500,Walking
736329, 0.367554, 1.181885, 0.218140, 55.236800, 92.773420, -26.855464,Walking
736349, 0.384644, 1.184448, 0.205811, 58.776840, 98.815900, -31.311030,Walking
736369, 0.432129, 1.150879, 0.189209, 58.715810, 98.266580, -37.475590,Walking
736389, 0.477417, 1.151123, 0.182495, 57.006820, 87.280260, -39.062500,Walking
736409, 0.493530, 1.073730, 0.157837, 59.387200, 81.115700, -35.949720,Walking
736429, 0.527954, 0.951782, 0.125855, 55.297840, 76.416040, -34.301760,Walking
736449, 0.546387, 0.876343, 0.089233, 47.668440, 72.937020, -31.372068,Walking
736469, 0.547119, 0.800781, 0.066040, 40.588370, 63.903800, -27.465816,Walking
736489, 0.506836, 0.730591, 0.045532, 33.142100, 57.189930, -21.789548,Walking
736509, 0.453369, 0.678955, 0.042358, 21.728510, 50.109860, -10.681150,Walking
736529, 0.445557, 0.687256, 0.038818, 15.380856, 48.217760, -3.662109,Walking
736549, 0.444946, 0.728394, 0.049316, 9.582520, 46.081540, 2.685546,Walking
736569, 0.433960, 0.815186, 0.053101, 6.103514, 46.447740, 5.554198,Walking
736589, 0.458862, 0.903442, 0.054321, 4.638672, 46.203600, 5.981444,Walking
736609, 0.483276, 0.957886, 0.039917, 3.967285, 44.067380, 5.004884,Walking
736629, 0.484619, 0.947144, 0.018433, 4.333496, 40.527340, 2.685546,Walking
736650, 0.509400, 0.875122, -0.003296, 2.319336, 33.691410, 0.244141,Walking
736670, 0.539185, 0.789917, -0.004395, -4.455568, 21.301268, 0.854492,Walking
736690, 0.536865, 0.755371, -0.001465, -14.709470, 6.347656, 4.943848,Walking
736710, 0.503418, 0.798828, -0.004517, -23.254390, -10.253904, 11.169430,Walking
736730, 0.458740, 0.830688, -0.005493, -24.230950, -11.596676, 13.305660,Walking
736750, 0.438355, 0.862061, 0.001343, -22.460930, -7.873534, 14.465330,Walking
736770, 0.431274, 0.868408, 0.008789, -21.484370, -2.990722, 16.296390,Walking
736790, 0.422119, 0.878906, 0.007813, -21.057124, 2.868652, 17.944340,Walking
736810, 0.447266, 0.879517, 0.003296, -22.521970, 7.507323, 18.615724,Walking
736830, 0.475342, 0.876831, 0.005249, -24.475090, 4.455568, 18.066410,Walking
736850, 0.491089, 0.868652, 0.009644, -26.672360, -1.953124, 16.113284,Walking
736870, 0.498047, 0.867676, 0.010254, -28.625480, -11.352536, 13.061520,Walking
736890, 0.482666, 0.864624, 0.013550, -29.541010, -20.690910, 9.643556,Walking
736910, 0.456421, 0.857910, 0.025757, -29.418940, -27.221676, 6.347656,Walking
736930, 0.447998, 0.882202, 0.035278, -29.235832, -33.691410, 5.187988,Walking
736950, 0.414185, 0.903442, 0.042603, -28.015130, -34.240730, 6.652830,Walking
736970, 0.397339, 0.915283, 0.039795, -25.756830, -31.433100, 8.361816,Walking
736990, 0.399902, 0.912232, 0.032471, -24.475090, -27.648920, 8.666994,Walking
737010, 0.395020, 0.915161, 0.036987, -24.047850, -24.658200, 8.056642,Walking
737030, 0.412476, 0.936279, 0.057861, -23.376460, -23.620600, 5.737304,Walking
737050, 0.433716, 1.029053, 0.084351, -24.536130, -25.268550, 3.051757,Walking
737070, 0.460449, 1.173706, 0.102417, -23.132320, -29.052730, 0.793457,Walking
737090, 0.471802, 1.262207, 0.111450, -16.479492, -31.555170, -3.417968,Walking
737110, 0.449829, 1.194580, 0.097168, -6.896972, -30.700680, -10.742184,Walking
737130, 0.428955, 1.050782, 0.088989, -3.356933, -29.785150, -16.601568,Walking
737150, 0.452393, 0.895996, 0.084351, -8.789064, -35.217290, -15.869140,Walking
737170, 0.465576, 0.888672, 0.079590, -18.432620, -39.855960, -9.460450,Walking
737190, 0.494507, 0.943604, 0.070313, -23.864740, -45.715320, -3.295898,Walking
737210, 0.480957, 0.971802, 0.067627, -23.498530, -51.208480, 0.000000,Walking
737230, 0.444824, 0.943237, 0.058472, -18.737796, -51.696770, 0.610352,Walking
737250, 0.405029, 0.865112, 0.055908, -12.756344, -50.048820, 0.244141,Walking
737270, 0.378052, 0.787842, 0.064575, -10.925290, -48.522940, 1.464844,Walking
737290, 0.404297, 0.803345, 0.083496, -16.174320, -48.278800, 8.178714,Walking
737310, 0.417480, 0.909180, 0.096313, -17.883300, -51.086420, 13.732908,Walking
737330, 0.407105, 1.008423, 0.118652, -12.756344, -55.541980, 12.878416,Walking
737350, 0.395630, 1.058838, 0.140991, -4.699708, -57.800280, 9.643556,Walking
737370, 0.336548, 0.990845, 0.160278, 5.554198, -57.373040, 3.417968,Walking
737390, 0.327271, 0.932617, 0.163818, 4.028321, -53.466780, 3.723144,Walking
737410, 0.310669, 0.903931, 0.167847, 2.075196, -48.034660, 6.286620,Walking
737430, 0.279785, 0.876831, 0.170654, 0.915527, -38.330080, 9.399414,Walking
737450, 0.285400, 0.854980, 0.162476, -0.183105, -29.235832, 12.573240,Walking
737470, 0.302856, 0.839844, 0.162109, -1.708984, -24.475090, 14.709470,Walking
737490, 0.313965, 0.848267, 0.163086, -3.051757, -21.545408, 15.563964,Walking
737510, 0.298340, 0.856445, 0.164551, -3.356933, -18.676760, 16.845708,Walking
737530, 0.293701, 0.861084, 0.168091, -1.831054, -15.869140, 16.174320,Walking
737550, 0.278687, 0.864380, 0.171631, -0.427246, -13.916012, 14.587400,Walking
737570, 0.268311, 0.884033, 0.165161, 0.366211, -9.216310, 13.488768,Walking
737590, 0.254761, 0.887818, 0.151611, 2.807617, 3.234863, 11.596676,Walking
737610, 0.278076, 0.886475, 0.157593, 2.380371, 9.277344, 11.352536,Walking
737630, 0.295776, 0.943360, 0.152954, 1.281738, 11.901852, 12.390136,Walking
737650, 0.293701, 1.010620, 0.150879, 1.770019, 13.977050, 13.427732,Walking
737670, 0.296753, 1.070190, 0.150635, 4.333496, 17.883300, 12.390136,Walking
737690, 0.296387, 1.092652, 0.146362, 7.568358, 21.972650, 9.094240,Walking
737710, 0.296143, 1.131836, 0.171265, 7.141112, 26.428220, 4.394532,Walking
737730, 0.334106, 1.286011, 0.167480, 7.934570, 30.639640, 1.037598,Walking
737750, 0.299561, 1.246460, 0.148560, 19.897460, 38.635260, -5.249022,Walking
737770, 0.305664, 1.170410, 0.144775, 23.254390, 49.987780, -14.282224,Walking
737790, 0.330078, 1.061158, 0.102905, 31.433100, 57.373040, -21.667476,Walking
737810, 0.367188, 0.772339, 0.062378, 30.029290, 59.387200, -30.822750,Walking
737830, 0.422608, 0.700318, 0.051392, 22.644040, 49.255360, -32.531740,Walking
737850, 0.446045, 0.721436, 0.046143, 16.357424, 34.912120, -30.700680,Walking
737870, 0.448853, 0.749146, 0.049805, 15.869140, 22.216790, -29.602044,Walking
737890, 0.408691, 0.782715, 0.036987, 17.944340, 15.380856, -29.724120,Walking
737910, 0.361450, 0.796265, 0.035889, 22.521970, 16.174320, -29.479976,Walking
737930, 0.323242, 0.811279, 0.057251, 23.620600, 25.451652, -28.076170,Walking
737950, 0.343872, 0.869141, 0.074951, 23.315424, 36.193860, -25.390620,Walking
737970, 0.391235, 0.938232, 0.086060, 21.850580, 43.395980, -24.291990,Walking
737990, 0.433594, 1.017944, 0.086182, 19.958500, 45.715320, -24.658200,Walking
738010, 0.482910, 1.046143, 0.062866, 20.202630, 42.358390, -26.306150,Walking
738030, 0.491943, 0.925293, 0.038208, 16.418460, 29.296870, -28.564450,Walking
738050, 0.500854, 0.846192, 0.032837, 8.483890, 16.784670, -27.160640,Walking
738070, 0.482178, 0.821411, 0.039063, -2.624511, 4.455568, -20.629880,Walking
738090, 0.449829, 0.837769, 0.015137, -6.896972, -0.244141, -14.038084,Walking
738110, 0.430176, 0.826660, 0.004028, -7.751464, 1.647949, -10.375976,Walking
738130, 0.420410, 0.825684, 0.004761, -6.530760, 5.981444, -9.704590,Walking
738150, 0.454102, 0.813965, 0.004028, -4.882814, 7.690428, -9.460450,Walking
738170, 0.485230, 0.803345, 0.004517, -4.638672, 4.821778, -9.155274,Walking
738190, 0.495239, 0.811646, 0.001099, -4.943848, 0.000000, -8.300784,Walking
738210, 0.509644, 0.824463, -0.001099, -4.821778, -6.286620, -7.690428,Walking
738230, 0.491211, 0.833252, 0.014648, -5.493162, -12.268064, -7.873534,Walking
738250, 0.490967, 0.855103, 0.017212, -7.080076, -15.930172, -6.408690,Walking
738270, 0.487427, 0.855835, 0.021729, -8.728030, -18.432620, -3.967285,Walking
738290, 0.483643, 0.859253, 0.028809, -11.901852, -21.789548, -1.098633,Walking
738310, 0.492310, 0.891358, 0.035400, -15.930172, -25.817870, 2.380371,Walking
738330, 0.485108, 0.936524, 0.042847, -18.310550, -30.578610, 5.004884,Walking
738350, 0.459473, 0.976685, 0.046631, -17.883300, -32.348640, 7.385252,Walking
738370, 0.421753, 0.983887, 0.054443, -16.235352, -29.785150, 9.948730,Walking
738390, 0.416870, 1.007568, 0.075439, -16.662600, -25.512690, 13.061520,Walking
738410, 0.441406, 1.126709, 0.091553, -19.836430, -23.071284, 17.272950,Walking
738430, 0.458618, 1.260498, 0.111816, -16.052250, -21.301268, 19.165040,Walking
738450, 0.436401, 1.272950, 0.121704, -7.385252, -17.395020, 16.052250,Walking
738470, 0.420410, 1.121338, 0.134155, 0.305176, -13.549804, 10.620116,Walking
738490, 0.416260, 1.017822, 0.113525, -1.098633, -11.169430, 10.498044,Walking
738510, 0.440064, 0.901734, 0.090576, -8.300784, -12.084960, 13.122556,Walking
738530, 0.479370, 0.868042, 0.089966, -18.188480, -18.310550, 16.540530,Walking
738550, 0.504272, 0.865845, 0.086792, -22.277830, -29.724120, 20.874020,Walking
738570, 0.470703, 0.826050, 0.094971, -22.460930, -41.442860, 24.230950,Walking
738590, 0.408691, 0.795410, 0.105835, -23.010250, -47.851560, 27.465816,Walking
738610, 0.397461, 0.833862, 0.108643, -25.939940, -51.513660, 32.531740,Walking
738630, 0.370728, 0.913940, 0.114014, -26.367180, -52.001940, 36.743170,Walking
738650, 0.340332, 0.995239, 0.141357, -22.033690, -47.119130, 36.071780,Walking
738670, 0.323975, 1.054566, 0.162964, -13.854978, -39.733900, 33.325200,Walking
738690, 0.319336, 1.038452, 0.170898, -2.441407, -32.531740, 27.648920,Walking
738710, 0.292236, 0.990967, 0.173462, 1.892090, -27.099608, 25.756830,Walking
738730, 0.291138, 0.928345, 0.168457, 2.563476, -21.728510, 25.634760,Walking
738750, 0.289795, 0.868652, 0.162720, 0.244141, -18.798830, 25.451652,Walking
738770, 0.302856, 0.826050, 0.155151, -3.356933, -18.310550, 24.536130,Walking
738790, 0.287109, 0.811402, 0.149414, -6.713866, -18.615724, 23.437492,Walking
738810, 0.290283, 0.815552, 0.143799, -8.605960, -17.333990, 22.827140,Walking
738830, 0.269287, 0.818360, 0.150635, -9.155274, -16.784670, 22.460930,Walking
738910, 0.251587, 0.904053, 0.144409, 0.549316, 2.624511, 13.305660,Walking
738930, 0.270508, 0.937988, 0.152588, 4.089356, 7.324218, 9.216310,Walking
738950, 0.296753, 0.997559, 0.157837, 6.835936, 9.765626, 5.554198,Walking
738970, 0.308228, 1.072144, 0.150879, 10.925290, 12.207030, 2.380371,Walking
738990, 0.277588, 1.118408, 0.177612, 15.502928, 18.188480, -0.793457,Walking
739010, 0.275146, 1.246948, 0.202759, 16.296390, 29.724120, -3.234863,Walking
739030, 0.268799, 1.268188, 0.192749, 26.367180, 45.043940, -6.469726,Walking
739050, 0.287964, 1.226685, 0.179077, 28.198240, 62.622060, -13.488768,Walking
739070, 0.368042, 1.105225, 0.126221, 34.484870, 70.251480, -21.301268,Walking
739090, 0.393311, 0.890625, 0.108521, 32.897960, 67.871100, -33.142100,Walking
739110, 0.487183, 0.777344, 0.093628, 25.085448, 54.382320, -40.100100,Walking
739130, 0.530152, 0.764404, 0.067871, 16.174320, 22.705070, -43.029780,Walking
739150, 0.505493, 0.756836, 0.063477, 16.113284, 10.986324, -42.236320,Walking
739170, 0.428833, 0.745484, 0.050415, 19.226080, 7.507323, -39.489750,Walking
739190, 0.371216, 0.734741, 0.043945, 20.568840, 13.244628, -33.264160,Walking
739210, 0.343018, 0.766602, 0.045166, 19.165040, 26.184080, -24.902340,Walking
739230, 0.392212, 0.861084, 0.055908, 15.197750, 40.527340, -17.517090,Walking
739250, 0.446411, 1.005494, 0.071533, 14.831540, 49.499500, -14.099120,Walking
739270, 0.481445, 1.071412, 0.077271, 17.639160, 51.818840, -13.793944,Walking
739290, 0.510498, 1.033814, 0.034912, 20.324700, 49.255360, -17.211920,Walking
739310, 0.524658, 0.937012, -0.006348, 16.723632, 37.963880, -20.568840,Walking
739330, 0.517578, 0.844238, -0.004761, 9.399414, 22.827140, -23.620600,Walking
739350, 0.522705, 0.788208, -0.005737, -0.915527, 3.356933, -21.728510,Walking
739370, 0.472046, 0.772095, -0.001221, -2.136231, -3.662109, -19.714360,Walking
739390, 0.454224, 0.773316, -0.002075, -0.915527, -3.662109, -17.761230,Walking
739410, 0.441040, 0.794434, 0.003906, 1.342773, -0.854492, -15.075680,Walking
739430, 0.404297, 0.814820, 0.008911, 4.577638, 7.934570, -9.948730,Walking
739450, 0.416870, 0.821045, 0.006592, 6.164550, 18.127448, -4.821778,Walking
739470, 0.438599, 0.827148, 0.010864, 7.080076, 25.268550, -3.112792,Walking
739490, 0.467163, 0.813599, 0.018921, 7.385252, 28.564450, -3.234863,Walking
739510, 0.499024, 0.796753, 0.023560, 5.187988, 26.245110, -3.906249,Walking
739530, 0.530640, 0.803223, 0.018799, 0.854492, 19.531250, -3.723144,Walking
739550, 0.552856, 0.824829, 0.014038, -4.638672, 9.765626, -1.525878,Walking
739570, 0.501099, 0.850342, 0.035156, -9.338380, 0.549316, 5.310058,Walking
739590, 0.474976, 0.894409, 0.058472, -13.977050, -1.831054, 11.535644,Walking
739610, 0.452026, 1.046265, 0.095703, -20.690910, -1.281738, 19.470220,Walking
739630, 0.475952, 1.267456, 0.110352, -19.287110, 3.723144, 26.855464,Walking
739650, 0.410767, 1.286255, 0.114014, -5.249022, 13.793944, 25.634760,Walking
739670, 0.382935, 1.132935, 0.118042, 1.403808, 26.672360, 22.644040,Walking
739690, 0.416382, 1.069458, 0.117188, -1.098633, 28.747552, 22.216790,Walking
739710, 0.406372, 0.994995, 0.123657, -6.469726, 26.916500, 23.986810,Walking
739730, 0.442749, 0.987915, 0.110718, -13.610836, 22.094720, 24.902340,Walking
739750, 0.473022, 0.990356, 0.094482, -15.686032, 14.099120, 24.536130,Walking
739770, 0.448242, 0.952148, 0.080200, -15.014646, 5.310058, 21.850580,Walking
739810, 0.394287, 0.772583, 0.055786, -14.587400, -14.892576, 18.737796,Walking
739830, 0.400269, 0.813599, 0.050903, -17.395020, -19.287110, 19.592290,Walking
739850, 0.441895, 0.954712, 0.057983, -14.526364, -24.353020, 21.301268,Walking
739870, 0.388062, 1.073853, 0.102783, -3.173828, -25.085448, 21.484370,Walking
739890, 0.322754, 1.153320, 0.143555, 11.596676, -18.188480, 22.583000,Walking
739910, 0.256104, 1.144288, 0.156616, 25.085448, -4.394532, 25.024410,Walking
739930, 0.200195, 1.090332, 0.141235, 29.724120, 19.836430, 27.160640,Walking
739950, 0.205322, 0.995850, 0.120605, 29.785150, 41.503900, 29.663080,Walking
739970, 0.273438, 0.914795, 0.128662, 23.254390, 51.330560, 29.785150,Walking
739990, 0.323975, 0.877075, 0.143555, 17.822270, 46.630850, 28.686520,Walking
740010, 0.356079, 0.851196, 0.138184, 11.718748, 29.541010, 25.207516,Walking
740030, 0.327148, 0.850464, 0.136108, 10.314940, 18.554690, 23.010250,Walking
740050, 0.282959, 0.872681, 0.136475, 10.009768, 12.817380, 22.155760,Walking
740070, 0.234009, 0.907593, 0.141480, 13.427732, 15.075680, 21.240230,Walking
740090, 0.222168, 0.931274, 0.156494, 19.592290, 21.362300, 19.653320,Walking
740110, 0.218140, 0.951416, 0.175903, 27.709956, 28.686520, 16.296390,Walking
740130, 0.223267, 0.977661, 0.185913, 37.353520, 36.438000, 11.779784,Walking
740150, 0.211060, 0.990112, 0.189209, 45.532220, 46.203600, 7.324218,Walking
740170, 0.223267, 1.006348, 0.195435, 51.147450, 55.847160, 3.784179,Walking
740190, 0.242798, 1.011719, 0.207642, 55.419910, 62.316880, 0.610352,Walking
740210, 0.257568, 1.000366, 0.208252, 59.204090, 66.650400, -2.868652,Walking
740230, 0.313110, 0.980713, 0.194092, 59.692380, 67.382820, -7.751464,Walking
740250, 0.326172, 1.008667, 0.175049, 59.753410, 63.476560, -9.216310,Walking
740270, 0.322388, 1.010742, 0.178711, 60.119620, 61.889640, -11.718748,Walking
740290, 0.328369, 1.068116, 0.195313, 61.096180, 61.584460, -13.977050,Walking
740310, 0.315552, 1.105225, 0.190674, 66.406260, 64.086940, -16.113284,Walking
740330, 0.292480, 1.090088, 0.179443, 71.838400, 72.448740, -18.981940,Walking
740350, 0.270142, 1.047974, 0.172363, 75.134300, 86.120600, -22.155760,Walking
740370, 0.312500, 1.017822, 0.171265, 74.829100, 97.778300, -23.864740,Walking
740390, 0.365845, 0.993042, 0.161499, 73.364260, 101.928700, -25.817870,Walking
740410, 0.413574, 0.975464, 0.143433, 72.509780, 99.365220, -28.259270,Walking
740430, 0.430176, 0.931885, 0.123169, 71.838400, 92.041000, -29.968260,Walking
740450, 0.419434, 0.852539, 0.102051, 67.382820, 79.101560, -30.334470,Walking
740470, 0.398071, 0.823730, 0.098145, 61.950680, 74.401860, -27.709956,Walking
740490, 0.385010, 0.838989, 0.082275, 56.579580, 74.157740, -23.193352,Walking
740510, 0.370850, 0.860474, 0.072510, 54.077140, 77.575700, -19.042970,Walking
740530, 0.364990, 0.865356, 0.065552, 53.100580, 84.472640, -15.380856,Walking
740550, 0.357178, 0.853394, 0.065063, 51.208480, 91.552720, -11.352536,Walking
740570, 0.359497, 0.853150, 0.057251, 47.973620, 99.853500, -6.835936,Walking
740590, 0.386475, 0.852539, 0.048584, 43.762200, 104.797340, -3.479003,Walking
740610, 0.410400, 0.860352, 0.037231, 39.367680, 107.238760, -0.976562,Walking
740630, 0.431152, 0.851440, 0.021118, 35.827640, 106.384260, -0.732422,Walking
740650, 0.445801, 0.831055, 0.008789, 33.386240, 101.867660, -2.990722,Walking
740670, 0.443726, 0.800049, -0.007935, 30.151360, 95.275860, -5.187988,Walking
740690, 0.417847, 0.763428, -0.012451, 28.686520, 94.665500, -4.211426,Walking
740710, 0.408569, 0.747192, -0.002075, 25.756830, 96.557600, -1.586914,Walking
740730, 0.408569, 0.763916, 0.005493, 23.254390, 98.937960, 1.281738,Walking
740750, 0.421753, 0.792480, 0.010986, 22.094720, 100.402800, 3.906249,Walking
740770, 0.409912, 0.807862, 0.013794, 22.460930, 102.355940, 4.699708,Walking
740790, 0.411133, 0.819458, 0.021484, 22.094720, 105.468720, 4.272462,Walking
740810, 0.407349, 0.846192, 0.039673, 21.606440, 107.299800, 3.295898,Walking
740830, 0.435059, 0.880493, 0.052979, 21.484370, 106.994600, 2.380371,Walking
740850, 0.423828, 0.909668, 0.061646, 22.583000, 106.628400, 0.854492,Walking
740870, 0.427368, 0.924194, 0.069214, 24.169920, 107.360820, -1.220704,Walking
740890, 0.422852, 0.904297, 0.082642, 25.878900, 108.703600, -4.821778,Walking
740910, 0.441284, 0.885620, 0.093140, 24.353020, 106.811500, -6.591796,Walking
740930, 0.453369, 0.867432, 0.097778, 21.911620, 102.966300, -7.873534,Walking
740950, 0.456665, 0.873902, 0.106812, 19.165040, 99.609360, -9.704590,Walking
740970, 0.457153, 0.897949, 0.124023, 18.127448, 98.449700, -11.169430,Walking
740990, 0.494995, 0.960449, 0.144409, 15.014646, 95.825180, -12.451170,Walking
741010, 0.554932, 1.059814, 0.121826, 15.563964, 90.148900, -11.230468,Walking
741030, 0.510742, 1.006592, 0.132690, 22.583000, 86.486800, -11.657712,Walking
741050, 0.510010, 0.932617, 0.141480, 24.475090, 85.998520, -12.695310,Walking
741070, 0.516846, 0.896729, 0.133667, 24.230950, 78.613300, -9.094240,Walking
741090, 0.491089, 0.869873, 0.137207, 22.277830, 74.646000, -4.089356,Walking
741110, 0.535278, 0.948975, 0.147339, 19.165040, 71.289060, 2.319336,Walking
741130, 0.541382, 1.010254, 0.140869, 20.263670, 65.490740, 5.493162,Walking
741150, 0.524658, 1.054688, 0.157349, 22.949216, 64.819340, 9.460450,Walking
741170, 0.490479, 1.091064, 0.186035, 26.428220, 65.124520, 13.916012,Walking
741190, 0.469605, 1.104126, 0.181397, 30.822750, 69.274900, 18.615724,Walking
741210, 0.449829, 1.051636, 0.168579, 33.630380, 75.378440, 22.705070,Walking
741230, 0.437256, 0.993774, 0.156372, 32.958990, 80.688460, 26.245110,Walking
741250, 0.454590, 0.936157, 0.157593, 31.372068, 80.322260, 30.700680,Walking
741270, 0.437134, 0.875000, 0.157715, 28.442380, 77.941900, 35.278320,Walking
741290, 0.410767, 0.818360, 0.150757, 26.306150, 74.401860, 39.428720,Walking
741310, 0.385132, 0.787598, 0.151611, 22.705070, 70.617700, 43.273920,Walking
741330, 0.341064, 0.813843, 0.161499, 16.662600, 66.406260, 47.302240,Walking
741350, 0.339844, 0.845093, 0.169434, 15.991210, 64.636240, 45.227040,Walking
741370, 0.333130, 0.857788, 0.187622, 18.981940, 62.438960, 37.902840,Walking
741390, 0.352661, 0.850952, 0.206787, 22.827140, 59.387200, 27.526850,Walking
741410, 0.366821, 0.871338, 0.206299, 26.611320, 54.809560, 15.991210,Walking
741430, 0.365967, 0.861328, 0.189819, 31.066890, 48.950180, 5.065916,Walking
741450, 0.403442, 0.846314, 0.183228, 31.616208, 40.100100, -4.333496,Walking
741470, 0.416504, 0.838013, 0.186279, 31.860350, 27.404780, -10.742184,Walking
741490, 0.400635, 0.852295, 0.180298, 30.456540, 18.737796, -13.732908,Walking
741510, 0.371094, 0.870728, 0.176147, 28.503410, 16.601568, -13.549804,Walking
741530, 0.338379, 0.892944, 0.168579, 26.184080, 19.042970, -12.695310,Walking
741550, 0.354492, 0.943360, 0.159424, 21.057124, 25.512690, -9.643556,Walking
741570, 0.349243, 0.983765, 0.160645, 20.324700, 30.456540, -7.202148,Walking
741590, 0.330566, 0.970947, 0.158081, 20.568840, 37.048340, -4.516602,Walking
741610, 0.355591, 0.960205, 0.147827, 18.188480, 39.794920, -2.990722,Walking
741630, 0.373291, 0.975952, 0.143677, 14.465330, 37.780760, -2.319336,Walking
741650, 0.378906, 1.026123, 0.129272, 11.901852, 35.278320, -2.319336,Walking
741670, 0.360840, 1.060669, 0.131104, 13.244628, 33.569340, -2.929687,Walking
741690, 0.343140, 1.064942, 0.148682, 15.869140, 34.362800, -5.249022,Walking
741710, 0.346558, 1.112549, 0.150269, 17.272950, 35.095220, -8.117676,Walking
741730, 0.318970, 1.145142, 0.132568, 20.263670, 40.649400, -10.314940,Walking
741750, 0.322266, 1.119263, 0.112427, 25.512690, 51.330560, -13.427732,Walking
741770, 0.385376, 0.970703, 0.085693, 29.541010, 61.950680, -20.629880,Walking
741790, 0.446655, 0.863404, 0.053101, 28.259270, 56.396480, -21.240230,Walking
741810, 0.466431, 0.749024, 0.020508, 25.268550, 44.982900, -19.348150,Walking
741830, 0.442383, 0.655152, 0.001221, 21.179192, 35.278320, -16.357424,Walking
741850, 0.408814, 0.620728, 0.009521, 14.160152, 30.212400, -11.657712,Walking
741870, 0.392700, 0.701660, 0.028076, 6.347656, 27.221676, -4.760742,Walking
741890, 0.391968, 0.828125, 0.054199, 3.540038, 28.625480, 2.380371,Walking
741910, 0.388062, 0.963379, 0.069214, 4.943848, 32.897960, 5.920409,Walking
741930, 0.385254, 1.073120, 0.073730, 11.962890, 40.405260, 5.249022,Walking
741950, 0.371948, 1.057740, 0.078125, 19.409180, 48.645010, 1.831054,Walking
741970, 0.384033, 0.972290, 0.067993, 21.240230, 54.626460, -1.831054,Walking
741990, 0.437866, 0.798584, 0.050293, 13.916012, 50.048820, -2.807617,Walking
742010, 0.465820, 0.738770, 0.050293, 5.554198, 39.306640, -2.258301,Walking
742030, 0.471802, 0.729858, 0.043335, 0.183105, 26.855464, -2.136231,Walking
742050, 0.449707, 0.744019, 0.036133, -1.953124, 17.456060, -2.502442,Walking
742070, 0.429199, 0.762940, 0.039673, -1.403808, 13.305660, -3.356933,Walking
742090, 0.423340, 0.789062, 0.049316, 0.122070, 13.854978, -4.028321,Walking
742110, 0.425049, 0.828613, 0.049561, 2.563476, 17.211920, -4.150392,Walking
742130, 0.438965, 0.858032, 0.045654, 4.516602, 20.812980, -4.699708,Walking
742150, 0.460449, 0.875000, 0.042603, 5.981444, 22.888180, -7.202148,Walking
742170, 0.479858, 0.859497, 0.038940, 6.103514, 21.362300, -10.253904,Walking
742190, 0.501465, 0.825195, 0.043091, 3.601074, 15.686032, -12.451170,Walking
742210, 0.541016, 0.812256, 0.042114, -5.249022, 0.854492, -13.610836,Walking
742230, 0.561157, 0.869629, 0.041260, -11.962890, -12.573240, -11.474608,Walking
742250, 0.530640, 0.947998, 0.045044, -14.892576, -22.583000, -7.629394,Walking
742270, 0.493896, 1.009522, 0.056519, -14.282224, -24.658200, -3.723144,Walking
742290, 0.492554, 1.098389, 0.084106, -15.808104, -24.536130, -0.061035,Walking
742310, 0.493042, 1.189820, 0.104736, -11.840818, -23.498530, 4.882814,Walking
742330, 0.461304, 1.208252, 0.107788, -8.178714, -15.624996, 6.164550,Walking
742350, 0.495117, 1.238038, 0.078125, -4.821778, -8.300784, 7.629394,Walking
742370, 0.455688, 1.119141, 0.077881, 0.122070, -3.173828, 8.605960,Walking
742390, 0.466309, 0.991944, 0.084839, -3.417968, -0.549316, 10.253904,Walking
742410, 0.496948, 0.938965, 0.075806, -12.756344, -6.164550, 16.540530,Walking
742430, 0.493530, 0.961304, 0.051392, -23.559568, -19.653320, 25.146480,Walking
742450, 0.486694, 0.939087, 0.042847, -23.193352, -27.343748, 26.672360,Walking
742470, 0.442505, 0.890259, 0.059692, -22.094720, -36.010750, 26.733390,Walking
742490, 0.401489, 0.869629, 0.077026, -23.193352, -42.358390, 29.357908,Walking
742510, 0.398560, 0.902832, 0.076782, -25.695796, -47.912590, 32.409680,Walking
742530, 0.391113, 0.984375, 0.082520, -25.451652, -51.879880, 33.264160,Walking
742550, 0.370361, 1.068360, 0.102905, -18.066410, -52.490220, 29.724120,Walking
742570, 0.320190, 1.073242, 0.120972, -5.126952, -47.424300, 24.658200,Walking
742590, 0.265869, 0.969482, 0.135010, 4.577638, -38.635260, 20.812980,Walking
742610, 0.243286, 0.881470, 0.137085, 6.225584, -28.320310, 20.263670,Walking
742630, 0.263672, 0.836792, 0.125000, 4.150392, -19.836430, 21.423332,Walking
742650, 0.297119, 0.827515, 0.131104, -0.793457, -15.380856, 22.338860,Walking
742670, 0.302734, 0.834839, 0.144287, -0.122070, -18.066410, 21.179192,Walking
742690, 0.290161, 0.819702, 0.147339, 2.014160, -20.629880, 17.639160,Walking
742710, 0.266480, 0.801270, 0.144775, 2.563476, -21.911620, 14.099120,Walking
742730, 0.242676, 0.806030, 0.149780, 1.159668, -19.409180, 11.779784,Walking
742750, 0.233643, 0.836426, 0.162842, 0.976562, -14.282224, 9.887696,Walking
742770, 0.216064, 0.848999, 0.174316, 3.662109, -7.751464, 7.019042,Walking
742790, 0.224976, 0.845215, 0.182495, 6.774902, -1.586914, 1.708984,Walking
742810, 0.236450, 0.876587, 0.195557, 7.690428, 1.525878, -3.173828,Walking
742830, 0.215210, 0.961060, 0.222290, 8.239746, 6.042480, -5.371092,Walking
742850, 0.212036, 1.032104, 0.228272, 11.535644, 13.366696, -5.615234,Walking
742870, 0.211548, 1.056152, 0.208740, 13.183590, 26.611320, -7.690428,Walking
742890, 0.223755, 1.104736, 0.216553, 7.568358, 34.179700, -9.887696,Walking
742910, 0.278809, 1.265381, 0.200928, 7.873534, 39.367680, -10.070800,Walking
742930, 0.282959, 1.196900, 0.181519, 17.456060, 44.799800, -14.892576,Walking
742950, 0.337036, 1.115967, 0.154175, 18.859868, 49.804680, -25.390620,Walking
742970, 0.364746, 1.070801, 0.098877, 24.597160, 50.048820, -34.118660,Walking
742990, 0.364014, 0.892822, 0.067627, 26.000970, 51.147450, -42.297360,Walking
743010, 0.436401, 0.793213, 0.040894, 21.057124, 46.142570, -47.607410,Walking
743030, 0.496582, 0.769165, 0.001953, 14.282224, 29.907220, -47.485340,Walking
743050, 0.471924, 0.807373, 0.001465, 12.695310, 18.615724, -43.701160,Walking
743070, 0.447144, 0.813721, 0.001465, 18.127448, 18.005376, -39.917000,Walking
743090, 0.377564, 0.783081, -0.006592, 23.193352, 28.991692, -36.132820,Walking
743110, 0.404663, 0.810913, 0.018677, 21.057124, 38.085940, -30.822750,Walking
743130, 0.440186, 0.886353, 0.037109, 18.066410, 45.532220, -25.695796,Walking
743150, 0.497681, 0.999634, 0.050293, 15.747068, 49.865720, -22.216790,Walking
743170, 0.563599, 1.071289, 0.058350, 16.479492, 46.386710, -19.836430,Walking
743190, 0.555054, 1.044312, 0.055664, 17.578130, 38.696300, -18.676760,Walking
743210, 0.519409, 0.950928, 0.038208, 14.953610, 30.090330, -16.357424,Walking
743230, 0.489136, 0.854858, 0.022583, 7.202148, 21.911620, -11.413570,Walking
743250, 0.480957, 0.804566, 0.026123, -2.990722, 15.075680, -4.333496,Walking
743270, 0.461914, 0.799194, 0.022583, -8.728030, 12.756344, 1.586914,Walking
743290, 0.446045, 0.803589, 0.023315, -10.192870, 13.488768, 5.493162,Walking
743310, 0.452759, 0.810425, 0.041260, -7.995604, 14.282224, 7.263182,Walking
743330, 0.446533, 0.807373, 0.048950, -5.554198, 12.268064, 8.239746,Walking
743350, 0.434204, 0.806885, 0.046997, -5.126952, 12.390136, 9.582520,Walking
743370, 0.435791, 0.810303, 0.048584, -6.286620, 11.657712, 11.840818,Walking
743390, 0.448975, 0.820190, 0.056030, -7.995604, 9.155274, 11.840818,Walking
743410, 0.463501, 0.816772, 0.060791, -8.483890, 5.310058, 9.826660,Walking
743430, 0.484009, 0.803711, 0.062378, -11.413570, -3.051757, 7.324218,Walking
743450, 0.502320, 0.831909, 0.059448, -17.211920, -13.977050, 5.920409,Walking
743470, 0.513428, 0.891846, 0.067749, -21.057124, -25.939940, 5.737304,Walking
743490, 0.505005, 0.969727, 0.099121, -23.864740, -36.499030, 6.469726,Walking
743510, 0.535522, 1.201782, 0.154297, -32.897960, -45.776360, 9.094240,Walking
743530, 0.517822, 1.649414, 0.165894, -20.263670, -50.415030, 14.770504,Walking
743550, 0.377686, 1.391236, 0.140747, -0.793457, -31.860350, 15.136716,Walking
743570, 0.356567, 1.139648, 0.112305, -2.563476, -17.517090, 14.526364,Walking
743590, 0.403442, 1.054200, 0.063843, -7.751464, -14.648436, 20.812980,Walking
743610, 0.400513, 0.929321, 0.050537, -15.930172, -15.441892, 25.634760,Walking
743630, 0.469360, 0.900513, 0.051147, -23.986810, -16.784670, 28.198240,Walking
743650, 0.489746, 0.863892, 0.063477, -24.597160, -26.123040, 26.367180,Walking
743670, 0.446045, 0.790405, 0.071655, -21.850580, -36.193860, 22.766110,Walking
743690, 0.403076, 0.711304, 0.078613, -20.996090, -50.476060, 18.371584,Walking
743710, 0.356445, 0.697754, 0.083984, -26.245110, -59.326160, 18.066410,Walking
743730, 0.345215, 0.768188, 0.119751, -29.602044, -66.040040, 20.385740,Walking
743750, 0.303833, 0.930664, 0.181274, -26.245110, -67.260740, 18.920900,Walking
743770, 0.308472, 1.022583, 0.213013, -13.793944, -67.688000, 10.925290,Walking
743790, 0.280396, 1.014160, 0.237061, 1.098633, -67.504900, 0.061035,Walking
743810, 0.260742, 0.971558, 0.255493, 10.253904, -62.561020, -8.666994,Walking
743830, 0.219482, 0.909912, 0.258301, 15.686032, -53.527820, -11.901852,Walking
743850, 0.203491, 0.850830, 0.242920, 14.465330, -42.236320, -10.986324,Walking
743870, 0.232178, 0.838623, 0.250122, 7.629394, -36.010750, -7.934570,Walking
743890, 0.215698, 0.893066, 0.255249, 0.305176, -32.714850, -1.342773,Walking
743910, 0.216064, 0.894654, 0.241821, -1.953124, -30.639640, 5.737304,Walking
743930, 0.244873, 0.848999, 0.238892, -7.568358, -31.799310, 7.141112,Walking
743950, 0.240479, 0.843750, 0.239136, -13.244628, -37.963880, 5.798338,Walking
743970, 0.231445, 0.866944, 0.222900, -19.897460, -39.123540, 0.915527,Walking
743990, 0.233032, 0.888672, 0.203735, -19.958500, -35.766600, -4.699708,Walking
744010, 0.274780, 0.896362, 0.188843, -17.333990, -35.766600, -11.047360,Walking
744030, 0.304688, 0.912476, 0.174316, -13.671872, -37.841800, -16.052250,Walking
744050, 0.291992, 0.923828, 0.165161, -9.521484, -37.841800, -18.371584,Walking
744070, 0.262085, 0.963013, 0.151001, -5.249022, -30.395500, -18.798830,Walking
744090, 0.292969, 1.004761, 0.133179, -0.610352, -20.385740, -19.409180,Walking
744110, 0.300903, 1.051392, 0.105347, 3.906249, -8.666994, -20.019532,Walking
744130, 0.308960, 1.067261, 0.091553, 9.643556, 6.347656, -19.714360,Walking
744150, 0.295898, 1.047852, 0.095215, 15.258788, 23.071284, -20.385740,Walking
744170, 0.335938, 1.053223, 0.111694, 15.869140, 32.348640, -21.850580,Walking
744190, 0.398193, 1.237793, 0.103760, 18.432620, 47.607410, -13.610836,Walking
744210, 0.375488, 1.283448, 0.102661, 25.573724, 82.397440, -13.671872,Walking
744230, 0.451660, 1.193360, 0.059937, 36.071780, 106.750480, -16.967780,Walking
744250, 0.546021, 0.967407, 0.037964, 36.743170, 106.567360, -18.615724,Walking
744270, 0.627930, 0.746216, 0.025513, 26.367180, 83.251940, -16.113284,Walking
744290, 0.628540, 0.650757, 0.021851, 8.239746, 50.903310, -9.582520,Walking
744310, 0.617432, 0.647949, 0.019897, -2.197266, 17.333990, -4.821778,Walking
744330, 0.582764, 0.649292, 0.020996, -7.324218, -9.887696, -3.540038,Walking
744350, 0.507446, 0.665405, 0.039429, -7.568358, -29.113768, -4.333496,Walking
744370, 0.446899, 0.701660, 0.073853, -6.469726, -38.818360, -4.760742,Walking
744390, 0.387329, 0.784058, 0.096558, -3.723144, -38.146980, -3.540038,Walking
744410, 0.402832, 0.955688, 0.120972, -1.953124, -30.822750, -1.708984,Walking
744430, 0.437256, 1.060303, 0.119385, 1.403808, -25.878900, -1.892090,Walking
744450, 0.460327, 1.038574, 0.117432, 3.906249, -25.024410, -3.967285,Walking
744470, 0.452393, 0.963867, 0.109009, 0.244141, -25.573724, -4.577638,Walking
744490, 0.482178, 0.882324, 0.092651, -6.896972, -35.522460, -2.136231,Walking
744510, 0.475464, 0.808106, 0.089355, -19.531250, -52.001940, 5.371092,Walking
744530, 0.465820, 0.787964, 0.100830, -30.151360, -66.284200, 12.329100,Walking
744550, 0.393188, 0.789185, 0.088501, -36.071780, -70.678720, 16.967780,Walking
744570, 0.393555, 0.805664, 0.079834, -39.245610, -70.251480, 19.348150,Walking
744590, 0.383301, 0.830444, 0.087158, -39.733900, -70.678720, 18.371584,Walking
744610, 0.370361, 0.850952, 0.088013, -37.414560, -68.786640, 0.305176,Walking
744630, 0.387329, 0.873779, 0.071533, -33.142100, -63.110340, 8.911134,Walking
744650, 0.421631, 0.882812, 0.061279, -30.212400, -65.368660, 2.441407,Walking
744670, 0.445923, 0.883301, 0.067749, -29.785150, -72.082540, -4.150392,Walking
744690, 0.471924, 0.897095, 0.065186, -31.005852, -82.214340, -10.864256,Walking
744710, 0.431641, 0.906982, 0.065918, -31.311030, -88.073700, -14.709470,Walking
744730, 0.433838, 0.903320, 0.049561, -32.653820, -90.270980, -17.150880,Walking
744750, 0.443237, 0.903564, 0.040039, -35.095220, -92.895500, -17.517090,Walking
744770, 0.427734, 0.900757, 0.051880, -36.804200, -94.787580, -16.235352,Walking
744790, 0.404175, 0.899658, 0.062256, -38.635260, -94.604460, -13.854978,Walking
744810, 0.364624, 0.905029, 0.061157, -39.001470, -90.209940, -11.047360,Walking
744830, 0.380371, 0.892456, 0.057861, -40.222160, -85.815400, -8.911134,Walking
744850, 0.358765, 0.874024, 0.088623, -42.236320, -83.740220, -7.507323,Walking
744870, 0.332153, 0.865234, 0.116821, -43.395980, -82.031240, -7.141112,Walking
744890, 0.274536, 0.844604, 0.137329, -44.921860, -74.646000, -7.873534,Walking
744910, 0.206421, 0.843018, 0.135254, -47.485340, -55.725090, -9.948730,Walking
744930, 0.283569, 0.864380, 0.151123, -54.321280, -46.691880, -13.488768,Walking
744950, 0.334473, 1.020996, 0.248291, -66.406260, -53.344720, -18.188480,Walking
744970, 0.433472, 1.435547, 0.280274, -70.434580, -64.147960, -25.268550,Walking
744990, 0.475952, 1.537720, 0.269287, -45.166000, -75.561540, -40.283200,Walking
745010, 0.449951, 1.228760, 0.258667, -28.015130, -87.707500, -60.729970,Walking
745030, 0.474243, 0.848267, 0.228516, -20.812980, -112.670880, -77.758800,Walking
745050, 0.412354, 0.618042, 0.290405, -36.438000, -145.752000, -62.988270,Walking
745070, 0.218994, 0.760864, 0.392456, -56.030260, -174.682600, -52.429190,Walking
745090, 0.152954, 0.851685, 0.374146, -57.678220, -170.288040, -34.240730,Walking
745110, 0.130493, 0.897583, 0.350830, -56.701650, -157.470700, -23.681636,Walking
745130, 0.108887, 0.950440, 0.353272, -49.621580, -142.456100, -23.742670,Walking
745150, 0.121216, 0.986938, 0.365845, -40.344230, -125.610320, -24.780270,Walking
745170, 0.153076, 1.006836, 0.374146, -35.095220, -112.548800, -22.705070,Walking
745190, 0.171021, 1.010498, 0.368774, -32.775880, -105.773900, -19.409180,Walking
745210, 0.205811, 0.994141, 0.355957, -32.348640, -105.834940, -19.531250,Walking
745230, 0.231445, 0.976807, 0.348877, -32.714850, -109.680160, -24.169920,Walking
745250, 0.251587, 0.954712, 0.371216, -30.273430, -115.295400, -31.005852,Walking
745270, 0.245850, 0.920532, 0.377686, -28.259270, -122.253400, -38.208020,Walking
745290, 0.285645, 0.884155, 0.360352, -29.357908, -136.291500, -36.254890,Walking
745310, 0.287598, 0.894409, 0.357056, -31.982420, -144.897500, -30.944820,Walking
745330, 0.254761, 0.931519, 0.365112, -31.738280, -148.864760, -24.780270,Walking
745350, 0.204224, 0.982910, 0.372314, -27.526850, -143.127480, -19.592290,Walking
745370, 0.171631, 0.999146, 0.367188, -20.874020, -129.211440, -15.930172,Walking
745390, 0.142578, 1.007812, 0.353516, -15.380856, -109.252900, -12.268064,Walking
745410, 0.199829, 1.004761, 0.340454, -11.779784, -91.674800, -8.728030,Walking
745430, 0.230103, 0.999634, 0.335938, -10.437010, -84.472640, -7.324218,Walking
745450, 0.248169, 0.980591, 0.321899, -9.399414, -83.190900, -7.263182,Walking
745470, 0.293823, 0.951660, 0.312012, -10.742184, -88.012680, -9.155274,Walking
745490, 0.282227, 0.950318, 0.312744, -11.779784, -96.252420, -11.474608,Walking
745510, 0.260010, 0.951416, 0.312378, -13.000484, -104.736300, -10.986324,Walking
745530, 0.222900, 0.954712, 0.311890, -11.047360, -105.957000, -11.230468,Walking
745550, 0.184814, 0.934692, 0.305176, -6.958006, -101.440400, -11.901852,Walking
745570, 0.164307, 0.913086, 0.296509, -3.784179, -92.224100, -12.756344,Walking
745590, 0.176758, 0.899048, 0.293091, -0.976562, -82.702620, -13.183590,Walking
745610, 0.188843, 0.885864, 0.292725, 1.220704, -74.890140, -13.488768,Walking
745630, 0.200562, 0.892822, 0.295044, 2.380371, -69.030760, -13.854978,Walking
745650, 0.195923, 0.916504, 0.310669, 2.868652, -64.392100, -14.160152,Walking
745670, 0.247559, 0.982056, 0.315430, -1.159668, -65.307640, -13.610836,Walking
745690, 0.237427, 1.031616, 0.280884, -1.586914, -67.871100, -12.817380,Walking
745710, 0.229614, 1.006958, 0.224609, 0.122070, -60.852040, -14.038084,Walking
745730, 0.221069, 0.948975, 0.213257, -0.732422, -47.668440, -12.573240,Walking
745750, 0.212769, 0.909424, 0.230835, -0.183105, -37.719730, -7.934570,Walking
745770, 0.267334, 0.867432, 0.198242, -4.638672, -31.188960, -3.784179,Walking
745790, 0.296997, 0.875000, 0.159302, -9.216310, -30.944820, 0.610352,Walking
745810, 0.297730, 0.867554, 0.147095, -12.084960, -31.799310, 4.882814,Walking
745830, 0.290405, 0.853394, 0.141357, -13.977050, -31.249992, 8.911134,Walking
745850, 0.288208, 0.854492, 0.130493, -17.517090, -29.174800, 14.160152,Walking
745870, 0.298706, 0.891236, 0.121460, -21.057124, -25.817870, 20.202630,Walking
745890, 0.296509, 0.950928, 0.123779, -23.193352, -19.531250, 24.719230,Walking
745910, 0.340088, 1.049561, 0.117554, -24.047850, -14.709470, 26.794430,Walking
745930, 0.343628, 1.110596, 0.107300, -19.714360, -10.437010, 25.695796,Walking
745950, 0.388428, 1.021973, 0.084839, -14.343260, -5.676268, 21.667476,Walking
745970, 0.432861, 0.938110, 0.088989, -18.554690, -13.366696, 20.019532,Walking
745990, 0.451782, 0.890747, 0.098633, -26.184080, -28.991692, 21.240230,Walking
746010, 0.463257, 0.904541, 0.100586, -33.691410, -48.156730, 24.536130,Walking
746030, 0.396362, 0.915772, 0.093140, -37.902840, -59.875480, 28.991692,Walking
746050, 0.360352, 0.926026, 0.078003, -40.222160, -62.255850, 33.447270,Walking
746070, 0.316650, 0.931274, 0.080688, -41.381820, -59.814440, 36.438000,Walking
746090, 0.308594, 0.936890, 0.086792, -41.320790, -54.504380, 38.452160,Walking
746110, 0.306274, 0.935791, 0.084717, -40.710440, -49.804680, 39.428720,Walking
746130, 0.315186, 0.926270, 0.078125, -39.245610, -45.349110, 39.062500,Walking
746150, 0.316162, 0.905640, 0.070190, -37.109380, -42.358390, 33.874520,Walking
746170, 0.318726, 0.857422, 0.066406, -33.752440, -39.733900, 27.893060,Walking
746190, 0.318115, 0.829712, 0.070313, -31.799310, -40.588370, 21.972650,Walking
746210, 0.322998, 0.822266, 0.072510, -30.151360, -41.259760, 16.418460,Walking
746230, 0.341064, 0.833984, 0.075806, -28.015130, -44.006340, 11.108396,Walking
746250, 0.332520, 0.845215, 0.078857, -25.146480, -46.569820, 6.164550,Walking
746270, 0.315308, 0.863159, 0.074829, -22.277830, -45.715320, 1.098633,Walking
746290, 0.315918, 0.889771, 0.079956, -19.531250, -41.320790, -3.662109,Walking
746310, 0.335327, 0.925537, 0.097168, -17.211920, -36.315920, -7.690428,Walking
746330, 0.362915, 0.963257, 0.116455, -14.892576, -29.968260, -11.596676,Walking
746350, 0.411377, 1.056519, 0.164307, -15.808104, -21.606440, -15.686032,Walking
746370, 0.518433, 1.234864, 0.198608, -14.709470, -13.366696, -21.240230,Walking
746390, 0.615234, 1.330322, 0.194824, -3.784179, -14.648436, -26.306150,Walking
746410, 0.602905, 1.193604, 0.183350, 2.990722, -26.062010, -33.020020,Walking
746430, 0.580444, 1.044556, 0.166626, 5.676268, -39.489750, -38.879400,Walking
746450, 0.496704, 0.860962, 0.151123, 3.356933, -47.912590, -36.376960,Walking
746470, 0.480225, 0.721192, 0.110840, -7.385252, -47.363270, -29.846190,Walking
746490, 0.492676, 0.678223, 0.094727, -18.188480, -48.095700, -20.874020,Walking
746510, 0.448486, 0.662110, 0.110718, -24.536130, -49.865720, -11.413570,Walking
746530, 0.460938, 0.729370, 0.135864, -28.869624, -52.917470, -3.967285,Walking
746550, 0.444214, 0.830444, 0.153198, -26.611320, -59.204090, -0.549316,Walking
746570, 0.397949, 0.915772, 0.163574, -20.751950, -59.570300, 2.258301,Walking
746590, 0.346314, 0.977905, 0.172730, -13.061520, -53.527820, 1.159668,Walking
746610, 0.300903, 0.984253, 0.179443, -1.403808, -37.841800, -0.244141,Walking
746630, 0.294678, 0.930908, 0.197266, 2.929687, -26.489250, -1.220704,Walking
746650, 0.298828, 0.872559, 0.204224, 4.089356, -18.371584, -1.647949,Walking
746670, 0.334473, 0.824707, 0.192993, 2.929687, -15.747068, -2.502442,Walking
746690, 0.362549, 0.796509, 0.185425, 0.305176, -20.446770, -3.356933,Walking
746710, 0.355835, 0.796143, 0.194458, -1.586914, -26.550290, -4.516602,Walking
746730, 0.344605, 0.799316, 0.207642, -2.502442, -30.944820, -5.920409,Walking
746750, 0.328003, 0.808472, 0.200806, -2.990722, -33.569340, -7.629394,Walking
746810, 0.270386, 0.906738, 0.199097, 2.380371, -23.620600, -11.352536,Walking
746830, 0.279297, 0.920166, 0.201050, 8.422854, -10.925290, -13.183590,Walking
746850, 0.301880, 0.958862, 0.195435, 11.108396, -5.004884, -14.343260,Walking
746870, 0.307251, 1.001465, 0.190918, 15.014646, 0.793457, -14.343260,Walking
746890, 0.318604, 1.030640, 0.191162, 18.005376, 6.164550, -13.854978,Walking
746910, 0.326416, 1.078492, 0.203125, 18.737796, 9.765626, -12.817380,Walking
746930, 0.324219, 1.237183, 0.240356, 15.869140, 13.916012, -10.681150,Walking
746950, 0.321289, 1.370606, 0.232178, 23.376460, 22.216790, -9.216310,Walking
746970, 0.277588, 1.305908, 0.214844, 30.944820, 40.405260, -12.329100,Walking
746990, 0.257202, 1.164429, 0.157349, 38.818360, 62.805160, -17.944340,Walking
747010, 0.286255, 0.894043, 0.117432, 40.649400, 76.782240, -26.733390,Walking
747030, 0.372192, 0.686646, 0.105103, 28.564450, 73.974620, -27.709956,Walking
747050, 0.492554, 0.738648, 0.071411, 2.441407, 43.701160, -19.836430,Walking
747070, 0.468384, 0.810913, 0.069946, -0.671386, 19.226080, -12.878416,Walking
747090, 0.407959, 0.828003, 0.050781, 1.220704, 6.774902, -13.427732,Walking
747110, 0.366943, 0.828125, 0.042725, 3.906249, 0.305176, -16.723632,Walking
747130, 0.307983, 0.833008, 0.049683, 4.821778, 5.310058, -15.624996,Walking
747150, 0.280151, 0.832398, 0.083740, 2.929687, 15.563964, -7.995604,Walking
747170, 0.293945, 0.881226, 0.090576, 1.586914, 27.099608, -0.244141,Walking
747190, 0.322144, 0.915894, 0.096680, 1.953124, 36.193860, 3.723144,Walking
747210, 0.372070, 0.969971, 0.080566, 0.366211, 37.719730, 4.638672,Walking
747230, 0.402710, 0.977295, 0.043701, 0.488281, 32.897960, 4.028321,Walking
747250, 0.420898, 0.916138, 0.021484, -3.173828, 25.268550, 1.525878,Walking
747270, 0.418945, 0.842652, 0.034546, -13.488768, 8.300784, 4.028321,Walking
747290, 0.390259, 0.836304, 0.034302, -18.310550, -0.488281, 5.920409,Walking
747310, 0.387817, 0.852905, 0.025146, -18.615724, -4.272462, 5.737304,Walking
747330, 0.358643, 0.847412, 0.027954, -16.967780, -3.051757, 4.821778,Walking
747350, 0.358276, 0.847168, 0.024048, -14.221190, 1.708984, 3.417968,Walking
747370, 0.362183, 0.837891, 0.026489, -12.390136, 6.530760, 2.136231,Walking
747390, 0.387451, 0.835449, 0.020142, -10.559080, 9.399414, 0.366211,Walking
747410, 0.415405, 0.842652, 0.027344, -9.948730, 8.972170, -0.854492,Walking
747430, 0.432617, 0.852539, 0.038452, -8.972170, 6.164550, -2.258301,Walking
747450, 0.443604, 0.857178, 0.038208, -7.019042, 0.366211, -5.798338,Walking
747470, 0.430908, 0.853882, 0.036987, -6.896972, -2.563476, -9.521484,Walking
747490, 0.430908, 0.883667, 0.033447, -6.835936, -4.943848, -9.582520,Walking
747510, 0.424316, 0.882690, 0.038330, -6.896972, -4.821778, -9.399414,Walking
747530, 0.453125, 0.901978, 0.048584, -8.300784, -6.896972, -8.483890,Walking
747550, 0.466064, 0.956543, 0.052612, -9.643556, -11.840818, -6.835936,Walking
747570, 0.467407, 1.015015, 0.053589, -8.544924, -16.357424, -7.141112,Walking
747590, 0.449707, 1.051026, 0.062256, -4.821778, -18.310550, -9.155274,Walking
747610, 0.451782, 1.101440, 0.099609, -4.821778, -19.836430, -11.047360,Walking
747630, 0.494751, 1.252442, 0.121948, -2.624511, -22.705070, -10.253904,Walking
747650, 0.455566, 1.293091, 0.166504, 3.906249, -23.193352, -13.244628,Walking
747670, 0.477051, 1.281006, 0.159058, 15.686032, -20.263670, -18.005376,Walking
747690, 0.437134, 1.066894, 0.158203, 25.024410, -15.319820, -25.878900,Walking
747710, 0.455078, 0.815430, 0.154175, 16.845708, -18.493652, -22.644040,Walking
747730, 0.463867, 0.775513, 0.122559, 0.366211, -29.357908, -11.108396,Walking
747750, 0.491211, 0.803345, 0.117920, -13.793944, -42.602530, 3.051757,Walking
747770, 0.448120, 0.842652, 0.118042, -21.545408, -51.269520, 13.305660,Walking
747790, 0.426758, 0.902100, 0.116455, -24.169920, -56.884760, 18.920900,Walking
747810, 0.400635, 0.965820, 0.121460, -24.536130, -59.631340, 23.986810,Walking
747830, 0.356934, 1.024292, 0.138672, -22.277830, -60.546860, 27.160640,Walking
747850, 0.339844, 1.093750, 0.140747, -18.737796, -57.189930, 29.907220,Walking
747870, 0.339478, 1.100708, 0.132690, -11.901852, -53.344720, 30.639640,Walking
747890, 0.309204, 1.046753, 0.130249, -6.164550, -47.485340, 29.541010,Walking
747910, 0.283814, 0.979492, 0.136841, -2.136231, -38.330080, 31.616208,Walking
747930, 0.270508, 0.882568, 0.135132, -4.089356, -31.677240, 37.597660,Walking
747950, 0.265503, 0.862061, 0.124756, -7.812498, -25.756830, 43.151840,Walking
747970, 0.266846, 0.856079, 0.118774, -9.765626, -21.911620, 46.630850,Walking
747990, 0.260864, 0.851562, 0.125000, -10.314940, -19.287110, 47.851560,Walking
748010, 0.249512, 0.843750, 0.133423, -8.850100, -15.380856, 46.386710,Walking
748030, 0.257813, 0.835571, 0.137939, -7.751464, -11.474608, 43.273920,Walking
748050, 0.261230, 0.834595, 0.141480, -6.164550, -9.094240, 38.879400,Walking
748070, 0.260620, 0.851440, 0.147705, -4.028321, -6.347656, 34.057620,Walking
748090, 0.243897, 0.867066, 0.153809, 0.793457, -2.380371, 28.747552,Walking
748110, 0.241211, 0.859009, 0.154419, 5.065916, 3.295898, 23.254390,Walking
748130, 0.257813, 0.862671, 0.158569, 8.422854, 8.666994, 14.892576,Walking
748150, 0.251831, 0.949585, 0.174561, 10.070800, 15.563964, 12.939450,Walking
748170, 0.244507, 1.014404, 0.200073, 13.122556, 21.362300, 11.413570,Walking
748190, 0.230957, 1.058594, 0.212280, 15.686032, 28.686520, 9.582520,Walking
748210, 0.253418, 1.059936, 0.212158, 14.648436, 34.362800, 5.859374,Walking
748230, 0.302368, 1.214844, 0.221924, 7.202148, 35.949720, 2.197266,Walking
748250, 0.276733, 1.266602, 0.215942, 16.540530, 39.306640, -0.732422,Walking
748270, 0.223022, 1.172486, 0.217773, 19.653320, 47.973620, -11.413570,Walking
748290, 0.275024, 1.158692, 0.159058, 26.000970, 59.509270, -22.277830,Walking
748310, 0.309204, 0.952515, 0.123413, 31.005852, 63.110340, -32.775880,Walking
748330, 0.324951, 0.817993, 0.104980, 29.479976, 62.805160, -38.146980,Walking
748350, 0.389526, 0.744141, 0.082275, 26.123040, 49.743640, -38.269050,Walking
748370, 0.382813, 0.690186, 0.058105, 22.033690, 41.137680, -37.780760,Walking
748390, 0.387817, 0.702881, 0.049316, 18.371584, 34.423840, -35.888680,Walking
748410, 0.381714, 0.777832, 0.053711, 16.845708, 28.442380, -32.897960,Walking
748430, 0.351929, 0.863159, 0.070679, 17.822270, 28.503410, -31.311030,Walking
748450, 0.334717, 0.972046, 0.085938, 18.981940, 36.865240, -31.249992,Walking
748470, 0.370361, 1.075562, 0.084717, 21.789548, 47.424300, -32.592780,Walking
748490, 0.405151, 1.096680, 0.075073, 26.184080, 54.321280, -35.644540,Walking
748510, 0.430298, 1.035522, 0.075195, 29.418940, 55.664060, -39.306640,Walking
748530, 0.462646, 0.920044, 0.067261, 27.587884, 51.025380, -42.419420,Walking
748550, 0.505127, 0.838867, 0.053467, 19.287110, 38.513190, -42.602530,Walking
748570, 0.522827, 0.812256, 0.036743, 9.643556, 17.333990, -38.940440,Walking
748590, 0.520752, 0.802368, 0.033203, 2.685546, 6.408690, -36.193860,Walking
748610, 0.489502, 0.801758, 0.043945, 1.037598, -0.732422, -33.264160,Walking
748630, 0.470459, 0.813965, 0.041138, 0.793457, -2.136231, -29.113768,Walking
748650, 0.446655, 0.830078, 0.036865, 0.549316, 1.586914, -23.925780,Walking
748670, 0.444580, 0.849610, 0.036865, 0.305176, 10.131832, -18.310550,Walking
748690, 0.481567, 0.860718, 0.042114, 0.488281, 16.174320, -15.319820,Walking
748710, 0.514282, 0.859375, 0.042725, 0.122070, 16.662600, -13.610836,Walking
748730, 0.535034, 0.856445, 0.040771, -2.136231, 12.329100, -11.230468,Walking
748750, 0.543579, 0.856323, 0.037842, -5.615234, 6.225584, -8.361816,Walking
748770, 0.566162, 0.866944, 0.045776, -9.704590, -2.929687, -5.371092,Walking
748790, 0.567505, 0.913452, 0.051270, -13.916012, -17.761230, 0.671386,Walking
748810, 0.487915, 1.022217, 0.091309, -18.066410, -23.681636, 7.446288,Walking
748830, 0.427734, 1.116700, 0.110352, -21.545408, -24.902340, 18.615724,Walking
748850, 0.416870, 1.303223, 0.091309, -24.414060, -23.437492, 34.240730,Walking
748870, 0.403564, 1.389160, 0.097290, -18.005376, -13.732908, 44.067380,Walking
748890, 0.333374, 1.377320, 0.096436, -7.263182, 9.033204, 45.593250,Walking
748910, 0.352661, 1.166748, 0.102295, 4.455568, 27.221676, 42.236320,Walking
748930, 0.394409, 0.992798, 0.109619, 2.319336, 28.076170, 37.719730,Walking
748950, 0.446533, 0.913696, 0.083008, -5.493162, 19.836430, 40.161120,Walking
748970, 0.485596, 0.897705, 0.082031, -14.587400, 4.272462, 41.931140,Walking
748990, 0.478027, 0.934692, 0.088135, -16.418460, -11.108396, 39.672860,Walking
749010, 0.444580, 0.901001, 0.095825, -12.329100, -30.944820, 33.264160,Walking
749030, 0.349732, 0.789185, 0.096680, -12.695310, -39.611820, 33.081060,Walking
749050, 0.311890, 0.774292, 0.103027, -16.845708, -40.344230, 34.362800,Walking
749070, 0.306641, 0.825318, 0.125122, -20.629880, -41.381820, 36.743170,Walking
749090, 0.312866, 0.932984, 0.163940, -22.338860, -44.372550, 38.085940,Walking
749110, 0.314087, 1.092652, 0.196533, -18.676760, -48.339840, 35.217290,Walking
749130, 0.275269, 1.164673, 0.208740, -6.835936, -48.034660, 30.090330,Walking
749150, 0.231201, 1.095704, 0.215698, 4.577638, -42.053220, 23.010250,Walking
749170, 0.215332, 0.991333, 0.210205, 10.437010, -33.874520, 16.479492,Walking
749190, 0.205933, 0.885742, 0.182373, 9.521484, -27.770990, 15.075680,Walking
749210, 0.222046, 0.843384, 0.180664, 0.305176, -24.780270, 17.395020,Walking
749230, 0.245728, 0.865234, 0.176758, -5.493162, -25.634760, 22.766110,Walking
749250, 0.185913, 0.876953, 0.173218, -4.699708, -22.460930, 22.949216,Walking
749270, 0.188965, 0.862427, 0.161255, -2.380371, -13.427732, 21.789548,Walking
749290, 0.173706, 0.873169, 0.165772, -1.464844, -5.920409, 19.409180,Walking
749310, 0.173340, 0.894287, 0.169922, 0.366211, 3.906249, 18.127448,Walking
749330, 0.188110, 0.892700, 0.167480, 4.028321, 11.901852, 14.221190,Walking
749350, 0.224365, 0.889648, 0.167480, 7.324218, 17.028810, 6.408690,Walking
749370, 0.243652, 0.913574, 0.179688, 10.192870, 18.920900, -2.563476,Walking
749390, 0.270264, 0.967896, 0.170044, 14.404296, 21.667476, -11.230468,Walking
749410, 0.258911, 0.986938, 0.169800, 19.836430, 24.291990, -18.127448,Walking
749430, 0.260620, 1.000000, 0.172485, 23.193352, 28.625480, -23.010250,Walking
749450, 0.268677, 1.007080, 0.170410, 25.268550, 36.071780, -27.465816,Walking
749470, 0.278687, 1.034912, 0.165161, 27.343748, 42.236320, -28.015130,Walking
749490, 0.291016, 1.014648, 0.161621, 29.907220, 47.119130, -28.747552,Walking
749510, 0.306641, 1.002198, 0.155518, 29.724120, 51.391590, -29.235832,Walking
749530, 0.330444, 1.010986, 0.150513, 30.578610, 51.940910, -28.869624,Walking
749550, 0.312622, 1.026123, 0.155396, 35.156260, 48.522940, -28.076170,Walking
749570, 0.293823, 1.026856, 0.151367, 41.870110, 55.236800, -27.160640,Walking
749590, 0.292480, 0.995972, 0.153076, 48.889150, 63.598620, -26.489250,Walking
749610, 0.272339, 0.964356, 0.161621, 54.870600, 72.692880, -24.108880,Walking
749630, 0.276489, 0.964966, 0.158447, 57.556140, 82.153300, -18.249516,Walking
749650, 0.253784, 1.017456, 0.211182, 56.335440, 92.895500, -10.925290,Walking
749670, 0.300415, 1.349121, 0.273071, 49.316400, 109.191880, 0.915527,Walking
749690, 0.269165, 1.457398, 0.262573, 80.017100, 127.075180, -0.427246,Walking
749710, 0.256592, 1.206788, 0.190552, 92.834460, 152.893100, -10.253904,Walking
749730, 0.287842, 0.962158, 0.143921, 95.092760, 165.710400, -13.427732,Walking
749750, 0.286621, 0.768799, 0.156738, 83.068840, 163.696240, -6.225584,Walking
749770, 0.374024, 0.750732, 0.148193, 68.664560, 162.658680, 1.525878,Walking
749790, 0.455078, 0.787598, 0.117554, 58.471670, 150.634800, 9.948730,Walking
749810, 0.465210, 0.861450, 0.108643, 52.246080, 132.385300, 17.578130,Walking
749830, 0.398438, 0.927246, 0.105591, 55.480940, 118.347160, 22.888180,Walking
749850, 0.325562, 0.931152, 0.109863, 59.143060, 115.600560, 26.611320,Walking
749870, 0.310791, 0.930786, 0.078735, 57.983390, 120.788560, 31.127924,Walking
749890, 0.325684, 0.925781, 0.055176, 54.260240, 127.624500, 34.484870,Walking
749910, 0.396240, 0.912842, 0.043823, 51.818840, 125.549300, 30.639640,Walking
749930, 0.456909, 0.882080, 0.023804, 51.757800, 115.661600, 24.536130,Walking
749950, 0.480225, 0.851196, 0.000854, 49.926750, 98.693840, 18.066410,Walking
749970, 0.469116, 0.834473, -0.016235, 46.447740, 82.580560, 15.563964,Walking
749990, 0.455688, 0.836304, -0.024536, 40.649400, 66.467300, 15.197750,Walking
750010, 0.425415, 0.876221, -0.026123, 36.926280, 53.527820, 16.540530,Walking
750030, 0.418701, 0.895386, -0.029419, 34.606940, 43.395980, 16.357424,Walking
750050, 0.331421, 0.898438, -0.025635, 34.729010, 42.541500, 14.282224,Walking
750070, 0.342651, 0.875122, -0.033813, 37.597660, 50.598140, 9.033204,Walking
750090, 0.351685, 0.856812, -0.032837, 38.330080, 52.734360, 2.929687,Walking
750110, 0.340698, 0.823120, -0.026367, 40.283200, 52.795400, -0.488281,Walking
750130, 0.302490, 0.771606, -0.005615, 41.137680, 55.480940, -2.258301,Walking
750150, 0.283447, 0.752808, 0.005737, 41.198720, 60.668940, -4.638672,Walking
750170, 0.297363, 0.769776, 0.004883, 39.794920, 65.307640, -7.629394,Walking
750190, 0.291138, 0.787232, 0.014282, 40.466300, 69.458020, -10.253904,Walking
750210, 0.278931, 0.804566, 0.038208, 42.236320, 76.416040, -14.038084,Walking
750230, 0.272217, 0.828613, 0.049072, 45.593250, 87.280260, -19.165040,Walking
750250, 0.299561, 0.851318, 0.052734, 48.095700, 99.609360, -24.414060,Walking
750270, 0.322632, 0.873413, 0.035400, 52.124020, 119.873040, -26.611320,Walking
750290, 0.358276, 0.859131, 0.100342, 56.823720, 140.136760, -28.320310,Walking
750310, 0.366333, 0.824219, 0.157227, 59.082020, 142.578160, -29.479976,Walking
750330, 0.498291, 0.838013, 0.146362, 56.762680, 150.146500, -19.653320,Walking
750350, 0.662476, 0.833008, 0.158569, 49.133290, 148.376500, -17.639160,Walking
750370, 0.665772, 0.844238, 0.151001, 44.738760, 146.667500, -17.578130,Walking
750390, 0.701904, 0.828736, 0.142212, 39.367680, 141.967800, -17.639160,Walking
750410, 0.731812, 0.788574, 0.134644, 29.724120, 124.572720, -16.723632,Walking
750430, 0.730347, 0.759033, 0.124023, 13.488768, 99.731440, -10.864256,Walking
750450, 0.747925, 0.895508, 0.121582, -7.629394, 70.861840, -4.699708,Walking
750470, 0.722778, 1.088257, 0.095947, -11.047360, 44.128410, 1.831054,Walking
750490, 0.623657, 1.024902, 0.092529, -0.366211, 31.372068, 0.610352,Walking
750510, 0.579834, 0.907349, 0.104492, 4.760742, 24.902340, -5.981444,Walking
750530, 0.559448, 0.891358, 0.115234, 6.347656, 17.150880, -5.554198,Walking
750550, 0.495728, 0.906372, 0.114136, 8.056642, 19.531250, 4.089356,Walking
750570, 0.449097, 0.955933, 0.117065, 11.291500, 32.714850, 8.483890,Walking
750590, 0.448486, 0.997437, 0.132446, 15.808104, 47.058100, 10.192870,Walking
750610, 0.447754, 1.040772, 0.139893, 18.127448, 61.462400, 12.817380,Walking
750630, 0.471680, 1.072144, 0.132324, 21.911620, 71.594240, 14.587400,Walking
750650, 0.453735, 0.979248, 0.124146, 26.733390, 80.627420, 15.380856,Walking
750670, 0.454346, 0.846436, 0.122681, 24.902340, 85.327140, 14.770504,Walking
750690, 0.476563, 0.770630, 0.131470, 17.456060, 80.017100, 15.686032,Walking
750710, 0.502930, 0.764526, 0.131104, 9.094240, 70.068360, 16.845708,Walking
750730, 0.489624, 0.786133, 0.125122, 6.103514, 58.715810, 13.732908,Walking
750750, 0.498657, 0.799072, 0.121826, 8.544924, 47.424300, 9.338380,Walking
750770, 0.494141, 0.807495, 0.132690, 11.657712, 28.564450, 3.906249,Walking
750790, 0.449707, 0.870239, 0.160278, 14.892576, 23.864740, 2.197266,Walking
750810, 0.431885, 0.923340, 0.155273, 18.676760, 24.475090, 1.464844,Walking
750830, 0.394898, 0.962402, 0.161987, 22.949216, 28.320310, 1.403808,Walking
750850, 0.364136, 0.973389, 0.174805, 26.916500, 36.621100, 1.708984,Walking
750870, 0.352417, 0.953613, 0.183105, 30.334470, 42.663560, 2.197266,Walking
750890, 0.350586, 0.927979, 0.170654, 30.822750, 45.593250, 4.577638,Walking
750910, 0.383057, 0.922363, 0.157105, 28.686520, 48.217760, 7.141112,Walking
750930, 0.366089, 0.914429, 0.145386, 26.489250, 49.804680, 7.812498,Walking
750950, 0.365723, 0.906372, 0.133911, 25.207516, 53.161610, 6.958006,Walking
750970, 0.384155, 0.876587, 0.131470, 24.291990, 51.208480, 4.821778,Walking
750990, 0.391358, 0.862305, 0.116699, 19.165040, 41.381820, 2.929687,Walking
751010, 0.403931, 0.884278, 0.117798, 18.493652, 31.433100, 0.793457,Walking
751030, 0.369995, 0.896118, 0.125610, 20.996090, 25.268550, -3.784179,Walking
751050, 0.351318, 0.893799, 0.130371, 24.475090, 23.132320, -8.178714,Walking
751070, 0.330078, 0.908325, 0.120239, 26.611320, 24.230950, -11.535644,Walking
751090, 0.334473, 0.953613, 0.134888, 25.695796, 27.587884, -13.549804,Walking
751110, 0.353760, 1.101685, 0.169556, 22.277830, 31.188960, -14.526364,Walking
751130, 0.344605, 1.220704, 0.165649, 28.442380, 37.414560, -15.624996,Walking
751150, 0.339966, 1.166016, 0.139648, 36.865240, 49.621580, -22.155760,Walking
751170, 0.379150, 1.077270, 0.124390, 38.940440, 55.847160, -31.555170,Walking
751190, 0.419312, 1.056519, 0.112061, 39.062500, 54.077140, -37.719730,Walking
751210, 0.447876, 1.015259, 0.094116, 41.137680, 52.795400, -39.855960,Walking
751230, 0.442627, 0.916260, 0.051270, 41.076650, 53.466780, -40.100100,Walking
751250, 0.423828, 0.852905, 0.027710, 39.245610, 53.833000, -37.292480,Walking
751270, 0.395996, 0.803589, 0.021606, 35.644540, 55.664060, -30.578610,Walking
751290, 0.392334, 0.770386, 0.014648, 31.799310, 59.020980, -21.118160,Walking
751310, 0.395752, 0.753052, 0.010498, 27.160640, 62.561020, -11.108396,Walking
751330, 0.397949, 0.760010, 0.012451, 22.583000, 63.537590, -2.380371,Walking
751350, 0.397095, 0.798218, 0.016113, 18.554690, 64.575200, 4.394532,Walking
751370, 0.390991, 0.848755, 0.020996, 13.854978, 67.504900, 9.460450,Walking
751390, 0.412964, 0.942627, 0.010742, 9.155274, 69.458020, 11.169430,Walking
751410, 0.440064, 1.020996, -0.007202, 6.591796, 68.481460, 12.023924,Walking
751430, 0.462280, 1.003296, -0.019531, 6.774902, 59.631340, 9.582520,Walking
751450, 0.471314, 0.884522, -0.028076, 3.173828, 48.095700, 7.263182,Walking
751470, 0.453247, 0.806885, -0.046265, -1.220704, 36.315920, 7.263182,Walking
751490, 0.447388, 0.755860, -0.074219, -8.239746, 26.489250, 8.605960,Walking
751510, 0.446411, 0.751831, -0.088013, -13.732908, 18.432620, 10.009768,Walking
751530, 0.437744, 0.773682, -0.075806, -15.930172, 13.061520, 11.352536,Walking
751550, 0.426880, 0.796997, -0.058716, -13.916012, 8.850100, 12.695310,Walking
751570, 0.417969, 0.827637, -0.058594, -11.535644, 8.483890, 13.549804,Walking
751610, 0.385254, 0.876831, -0.056030, -5.737304, 18.188480, 12.695310,Walking
751630, 0.400024, 0.884644, -0.050293, -4.089356, 24.230950, 10.986324,Walking
751650, 0.422974, 0.874512, -0.046143, -5.126952, 26.489250, 7.812498,Walking
751670, 0.463013, 0.844116, -0.031738, -7.446288, 22.033690, 4.882814,Walking
751690, 0.497559, 0.871338, -0.025635, -11.596676, 13.305660, 1.098633,Walking
751710, 0.516968, 0.948486, -0.027100, -14.465330, 2.380371, -2.136231,Walking
751730, 0.492554, 1.006226, -0.013672, -14.160152, -4.882814, -5.004884,Walking
751750, 0.500244, 1.123169, 0.028076, -17.700200, -7.751464, -6.530760,Walking
751770, 0.575684, 1.347168, 0.037354, -16.845708, -13.610836, -4.882814,Walking
751790, 0.538940, 1.383789, 0.056396, -6.103514, -17.456060, -6.591796,Walking
751810, 0.489502, 1.167603, 0.051270, 6.469726, -16.662600, -10.864256,Walking
751830, 0.458618, 0.955688, 0.034424, 6.103514, -14.892576, -11.657712,Walking
751850, 0.451416, 0.845337, 0.014404, -2.075196, -20.629880, -6.347656,Walking
751870, 0.445190, 0.821655, -0.003662, -17.028810, -26.611320, 7.690428,Walking
751890, 0.457031, 0.838501, -0.010132, -16.540530, -29.357908, 12.084960,Walking
751910, 0.435547, 0.804199, -0.011230, -13.366696, -33.264160, 13.854978,Walking
751930, 0.399414, 0.804444, 0.016479, -9.338380, -36.865240, 14.587400,Walking
751950, 0.382568, 0.849976, 0.048340, -4.882814, -39.489750, 14.526364,Walking
751970, 0.361572, 0.926392, 0.056396, -0.732422, -38.085940, 15.136716,Walking
751990, 0.357422, 1.015625, 0.070313, 3.051757, -34.484870, 15.380856,Walking
752010, 0.354614, 1.078125, 0.092407, 10.070800, -31.127924, 13.671872,Walking
752030, 0.343994, 1.050538, 0.108276, 16.662600, -24.719230, 9.216310,Walking
752050, 0.344971, 0.978028, 0.114990, 19.653320, -21.606440, 4.943848,Walking
752070, 0.340942, 0.930298, 0.115356, 18.615724, -22.094720, 4.577638,Walking
752090, 0.313599, 0.894165, 0.119141, 11.901852, -18.981940, 10.803220,Walking
752110, 0.329468, 0.851318, 0.122314, 7.202148, -17.333990, 13.732908,Walking
752130, 0.338379, 0.834106, 0.114868, 3.295898, -18.188480, 14.282224,Walking
752150, 0.334106, 0.831543, 0.114014, 0.366211, -21.057124, 13.977050,Walking
752170, 0.303467, 0.841064, 0.121216, -0.244141, -20.385740, 13.488768,Walking
752190, 0.303833, 0.846436, 0.121216, 0.305176, -17.700200, 12.207030,Walking
752210, 0.291626, 0.853150, 0.116577, 1.159668, -14.465330, 10.559080,Walking
752230, 0.287964, 0.869141, 0.109619, 2.563476, -8.972170, 8.850100,Walking
752250, 0.295410, 0.868774, 0.110352, 5.737304, -2.685546, 6.652830,Walking
752270, 0.310425, 0.857422, 0.099854, 7.629394, 1.708984, 4.150392,Walking
752290, 0.315430, 0.869019, 0.094604, 7.019042, 4.760742, 3.051757,Walking
752310, 0.340454, 0.941284, 0.093262, 4.882814, 7.629394, 5.737304,Walking
752330, 0.329712, 1.078614, 0.108521, 5.737304, 11.657712, 8.422854,Walking
752350, 0.321899, 1.156616, 0.137329, 9.033204, 19.287110, 7.812498,Walking
752370, 0.338257, 1.284668, 0.155396, 9.521484, 28.564450, 6.286620,Walking
752390, 0.328003, 1.283204, 0.142334, 17.883300, 38.696300, 3.051757,Walking
752410, 0.339966, 1.169800, 0.123657, 18.188480, 48.522940, -4.394532,Walking
752430, 0.385010, 1.075440, 0.079834, 17.150880, 51.086420, -11.901852,Walking
752450, 0.384033, 0.946778, 0.059937, 12.756344, 46.874990, -14.221190,Walking
752470, 0.412476, 0.862671, 0.037964, 6.103514, 42.907700, -14.221190,Walking
752490, 0.456909, 0.811890, 0.021484, 0.488281, 34.606940, -13.916012,Walking
752510, 0.448975, 0.787598, 0.008789, -2.136231, 23.010250, -11.962890,Walking
752530, 0.422608, 0.757202, -0.011230, 0.244141, 15.502928, -7.568358,Walking
752550, 0.373291, 0.697388, -0.026855, 0.610352, 15.869140, -4.211426,Walking
752570, 0.337769, 0.717041, -0.022095, -1.342773, 20.690910, 0.122070,Walking
752590, 0.334229, 0.786011, -0.018188, -2.563476, 28.869624, 4.272462,Walking
752610, 0.367188, 0.870850, -0.021240, -3.967285, 36.193860, 4.455568,Walking
752630, 0.417847, 0.992554, -0.021606, -3.723144, 38.085940, 2.136231,Walking
752650, 0.452271, 1.036255, -0.029663, 3.173828, 35.400400, -2.563476,Walking
752670, 0.464111, 0.959351, -0.037720, 6.958006, 28.442380, -10.253904,Walking
752690, 0.453735, 0.884888, -0.036133, 5.615234, 16.967780, -13.977050,Walking
752710, 0.441772, 0.819580, -0.030396, 0.854492, 7.019042, -12.939450,Walking
752730, 0.415161, 0.806396, -0.037964, -4.028321, 2.319336, -12.084960,Walking
752750, 0.414429, 0.815674, -0.038818, -3.723144, 3.967285, -10.986324,Walking
752770, 0.402588, 0.799805, -0.029419, -2.258301, 4.943848, -10.925290,Walking
752790, 0.402222, 0.794190, -0.022583, -0.549316, 7.934570, -12.084960,Walking
752810, 0.421021, 0.798462, -0.014038, 0.854492, 10.253904, -13.427732,Walking
752830, 0.439087, 0.798584, -0.013062, 2.136231, 9.399414, -15.380856,Walking
752850, 0.459839, 0.802368, -0.015015, 3.234863, 7.019042, -20.263670,Walking
752870, 0.473511, 0.798340, -0.007202, 4.333496, 2.929687, -25.451652,Walking
752890, 0.497070, 0.792725, 0.000854, 2.929687, -3.479003, -29.174800,Walking
752910, 0.515259, 0.813721, 0.005737, -0.671386, -11.718748, -30.151360,Walking
752930, 0.539917, 0.874512, 0.010986, -4.943848, -20.324700, -28.503410,Walking
752950, 0.524414, 0.937256, 0.020996, -6.896972, -27.099608, -25.573724,Walking
752970, 0.488770, 0.988281, 0.029663, -9.460450, -28.381340, -19.592290,Walking
752990, 0.512818, 1.231324, 0.070190, -18.371584, -29.602044, -12.695310,Walking
753010, 0.522827, 1.412110, 0.103638, -13.061520, -27.893060, -4.516602,Walking
753030, 0.423950, 1.339478, 0.112061, -0.671386, -13.366696, -1.647949,Walking
753050, 0.434937, 1.181030, 0.114746, 2.197266, 0.549316, -2.136231,Walking
753070, 0.456055, 1.116089, 0.092773, 0.976562, 0.915527, 1.220704,Walking
753090, 0.462524, 1.013672, 0.060547, -5.981444, 2.502442, 6.225584,Walking
753110, 0.461914, 0.916870, 0.045532, -11.047360, -1.281738, 8.605960,Walking
753130, 0.467896, 0.850464, 0.041382, -13.488768, -7.934570, 10.986324,Walking
753150, 0.467163, 0.777100, 0.036499, -14.343260, -20.812980, 12.268064,Walking
753170, 0.424072, 0.706665, 0.038940, -16.662600, -33.325200, 14.160152,Walking
753190, 0.379150, 0.720093, 0.057373, -25.146480, -44.250480, 22.949216,Walking
753210, 0.359009, 0.871704, 0.073486, -26.611320, -49.438460, 28.930660,Walking
753230, 0.343750, 1.008301, 0.101685, -25.817870, -51.330560, 31.799310,Walking
753250, 0.336548, 1.111572, 0.124512, -13.671872, -51.940910, 27.038570,Walking
753270, 0.301636, 1.077515, 0.143066, -1.342773, -48.583980, 20.141600,Walking
753290, 0.272583, 1.006104, 0.160278, 5.798338, -43.334950, 14.526364,Walking
753310, 0.253174, 0.925659, 0.163696, 8.789064, -35.278320, 12.329100,Walking
753330, 0.243042, 0.875732, 0.159546, 6.958006, -25.573724, 13.061520,Walking
753350, 0.272705, 0.846680, 0.158569, 4.089356, -19.714360, 15.014646,Walking
753370, 0.290894, 0.836792, 0.161133, 0.915527, -18.798830, 17.333990,Walking
753390, 0.283081, 0.844849, 0.159912, -1.098633, -19.897460, 19.165040,Walking
753410, 0.274292, 0.854858, 0.165039, -2.136231, -20.996090, 19.714360,Walking
753430, 0.251099, 0.876709, 0.192871, -1.770019, -19.226080, 19.287110,Walking
753450, 0.248901, 0.884888, 0.188477, -0.976562, -15.014646, 19.104010,Walking
753470, 0.253540, 0.886841, 0.173340, -0.732422, -9.338380, 17.578130,Walking
753490, 0.284790, 0.911621, 0.146973, -0.793457, -5.493162, 14.465330,Walking
753510, 0.300659, 0.950928, 0.149170, 1.159668, -6.591796, 10.559080,Walking
753530, 0.316528, 0.997070, 0.161621, 3.906249, -9.582520, 7.141112,Walking
753550, 0.307129, 1.051758, 0.165039, 8.483890, -9.460450, 4.211426,Walking
753570, 0.299194, 1.123047, 0.191895, 10.681150, -6.103514, 1.342773,Walking
753590, 0.290649, 1.331665, 0.216064, 9.521484, 2.624511, 1.220704,Walking
753610, 0.251831, 1.419312, 0.210205, 21.667476, 21.728510, 0.305176,Walking
753630, 0.228027, 1.303223, 0.131958, 37.658700, 64.392100, -11.718748,Walking
753650, 0.322022, 0.894409, 0.073120, 39.123540, 74.401860, -23.620600,Walking
753670, 0.396973, 0.710694, 0.061157, 24.291990, 66.650400, -25.573724,Walking
753690, 0.476929, 0.698120, 0.034180, 6.591796, 47.851560, -19.653320,Walking
753710, 0.503784, 0.710938, 0.021118, 0.122070, 24.047850, -15.258788,Walking
753730, 0.484619, 0.699463, 0.020020, -2.990722, 3.540038, -15.380856,Walking
753750, 0.440552, 0.757324, 0.000244, -1.831054, -8.911134, -15.380856,Walking
753770, 0.345093, 0.776245, 0.002441, 0.488281, -10.131832, -11.596676,Walking
753790, 0.295044, 0.824951, 0.018188, -0.122070, 0.915527, -6.042480,Walking
753810, 0.291870, 0.885864, 0.011963, -0.061035, 20.263670, -2.502442,Walking
753830, 0.365479, 0.962891, 0.006470, -1.953124, 35.095220, -2.563476,Walking
753850, 0.437256, 1.057251, -0.031006, -0.061035, 38.696300, -5.676268,Walking
753870, 0.501953, 0.992554, -0.027832, 3.173828, 30.456540, -10.009768,Walking
753890, 0.511597, 0.868042, -0.031982, 0.244141, 14.587400, -13.793944,Walking
753910, 0.473877, 0.783570, -0.028809, -7.995604, -2.258301, -10.070800,Walking
753930, 0.430176, 0.799072, -0.036987, -15.380856, -11.413570, -6.225584,Walking
753950, 0.393677, 0.822388, -0.038330, -14.770504, -10.314940, -4.211426,Walking
753970, 0.372192, 0.832886, -0.020752, -11.718748, -3.601074, -4.211426,Walking
753990, 0.365601, 0.849854, -0.011475, -6.530760, 5.249022, -4.760742,Walking
754010, 0.395996, 0.858521, -0.009521, -1.647949, 11.474608, -6.042480,Walking
754030, 0.405151, 0.857544, -0.010986, 2.075196, 14.892576, -8.483890,Walking
754050, 0.427124, 0.844849, -0.006836, 4.211426, 16.967780, -10.803220,Walking
754070, 0.454956, 0.829834, 0.002930, 3.356933, 11.352536, -15.624996,Walking
754090, 0.481934, 0.838501, -0.000122, 1.647949, 4.577638, -18.005376,Walking
754110, 0.481445, 0.835938, -0.003418, -0.061035, -1.647949, -19.592290,Walking
754130, 0.486450, 0.824951, -0.000244, -1.647949, -7.812498, -19.592290,Walking
754150, 0.486206, 0.835449, 0.008911, -4.760742, -14.465330, -17.211920,Walking
754170, 0.457642, 0.871216, 0.018433, -6.408690, -18.920900, -12.451170,Walking
754190, 0.426758, 0.907349, 0.017944, -6.469726, -17.150880, -7.080076,Walking
754210, 0.414063, 0.958130, 0.040527, -7.324218, -11.840818, -2.380371,Walking
754230, 0.426270, 1.120240, 0.081665, -9.582520, -5.065916, 2.563476,Walking
754250, 0.451172, 1.334961, 0.102905, -6.103514, 2.807617, 7.263182,Walking
754270, 0.435791, 1.355347, 0.090820, 8.239746, 13.549804, 7.019042,Walking
754290, 0.417603, 1.151490, 0.083862, 16.113284, 22.766110, 0.854492,Walking
754310, 0.433350, 0.948975, 0.070190, 12.817380, 17.150880, 1.708984,Walking
754330, 0.471314, 0.857666, 0.063477, 3.784179, 9.216310, 4.150392,Walking
754350, 0.509033, 0.872925, 0.055786, -5.004884, -0.732422, 8.178714,Walking
754370, 0.474854, 0.902710, 0.043213, -7.446288, -9.338380, 12.390136,Walking
754390, 0.436401, 0.891113, 0.029053, -4.943848, -13.244628, 15.014646,Walking
754410, 0.395874, 0.824463, 0.020996, -2.990722, -14.831540, 17.761230,Walking
754430, 0.363648, 0.779663, 0.024780, -6.347656, -13.061520, 22.521970,Walking
754450, 0.363525, 0.804688, 0.037476, -11.047360, -11.413570, 28.747552,Walking
754470, 0.390259, 0.908692, 0.051636, -13.610836, -12.573240, 33.325200,Walking
754490, 0.377930, 1.044678, 0.085083, -10.681150, -15.686032, 34.851080,Walking
754510, 0.325440, 1.160644, 0.127930, 2.502442, -9.887696, 36.010750,Walking
754530, 0.267578, 1.188354, 0.150269, 12.023924, 0.061035, 35.705570,Walking
754550, 0.214966, 1.107300, 0.142456, 17.395020, 15.624996, 35.095220,Walking
754570, 0.208862, 1.020508, 0.133301, 16.662600, 32.958990, 35.583500,Walking
754590, 0.249390, 0.950806, 0.137329, 13.305660, 44.372550, 36.621100,Walking
754610, 0.297485, 0.900513, 0.138916, 8.789064, 46.020500, 36.804200,Walking
754630, 0.326660, 0.895264, 0.135132, 5.249022, 39.794920, 36.926280,Walking
754650, 0.322022, 0.888428, 0.126221, 5.310058, 30.639640, 36.987310,Walking
754670, 0.285156, 0.876587, 0.122314, 6.347656, 25.512690, 36.682140,Walking
754690, 0.238647, 0.871338, 0.122437, 7.934570, 26.245110, 36.254890,Walking
754710, 0.219971, 0.884033, 0.121826, 10.803220, 32.531740, 35.339360,Walking
754730, 0.218628, 0.905029, 0.139526, 19.226080, 45.288080, 30.700680,Walking
754750, 0.246582, 0.933472, 0.149048, 27.526850, 52.978500, 25.329584,Walking
754770, 0.261841, 0.960205, 0.157105, 35.522460, 57.739250, 19.226080,Walking
754790, 0.274170, 0.998779, 0.160889, 43.945300, 59.875480, 14.465330,Walking
754810, 0.256470, 1.015503, 0.155151, 51.269520, 65.185560, 11.901852,Walking
754830, 0.250610, 1.001709, 0.157837, 56.152340, 73.120140, 10.131832,Walking
754850, 0.265381, 1.058716, 0.178955, 55.480940, 78.979500, 9.643556,Walking
754870, 0.275269, 1.151246, 0.199341, 57.739250, 84.045400, 11.047360,Walking
754890, 0.251099, 1.134766, 0.202393, 64.697280, 91.735820, 8.178714,Walking
754910, 0.250488, 1.070679, 0.193237, 66.711440, 97.839340, 2.197266,Walking
754930, 0.261719, 1.065918, 0.181885, 65.063500, 100.463840, -1.708984,Walking
754950, 0.283691, 1.066894, 0.156860, 66.833500, 104.309060, -7.934570,Walking
754971, 0.353394, 1.009644, 0.117798, 71.594240, 105.041500, -15.380856,Walking
754991, 0.385376, 0.945923, 0.099854, 75.500500, 101.501440, -23.925780,Walking
755011, 0.379150, 0.897949, 0.109131, 78.125000, 96.069320, -29.479976,Walking
755031, 0.392944, 0.876953, 0.108154, 79.467800, 90.637200, -32.470710,Walking
755051, 0.418091, 0.888550, 0.091919, 79.528820, 85.815400, -35.705570,Walking
755071, 0.415772, 0.906006, 0.081787, 80.871560, 83.435040, -39.184580,Walking
755091, 0.434326, 0.924683, 0.079102, 81.848140, 81.970200, -42.175280,Walking
755111, 0.441162, 0.928955, 0.075928, 82.336400, 80.261240, -42.907700,Walking
755131, 0.425171, 0.922241, 0.082642, 81.359840, 80.871560, -41.809080,Walking
755151, 0.428101, 0.904541, 0.079590, 78.430200, 85.205060, -39.367680,Walking
755171, 0.438232, 0.889160, 0.072998, 74.646000, 88.928200, -37.231450,Walking
755191, 0.469727, 0.881592, 0.069702, 70.556640, 90.942360, -34.851080,Walking
755211, 0.473877, 0.875122, 0.070435, 67.565940, 91.308560, -32.104500,Walking
755231, 0.477539, 0.856690, 0.063110, 65.490740, 93.322740, -28.930660,Walking
755251, 0.460205, 0.832642, 0.066895, 62.316880, 95.581040, -25.756830,Walking
755271, 0.454834, 0.821900, 0.071167, 59.204090, 98.937960, -21.301268,Walking
755291, 0.457275, 0.808838, 0.074585, 54.931630, 103.027320, -16.052250,Walking
755311, 0.458618, 0.813354, 0.078125, 50.109860, 106.201160, -11.413570,Walking
755331, 0.457886, 0.808594, 0.069946, 45.104970, 110.717760, -5.920409,Walking
755351, 0.457520, 0.780640, 0.067261, 39.672860, 113.037100, -1.586914,Walking
755371, 0.450562, 0.758301, 0.058228, 28.381340, 111.938460, 5.187988,Walking
755391, 0.454346, 0.771729, 0.052368, 19.958500, 108.764640, 10.375976,Walking
755411, 0.452881, 0.799805, 0.044678, 14.404296, 106.262200, 13.671872,Walking
755431, 0.452759, 0.828369, 0.047852, 11.169430, 102.172840, 14.831540,Walking
755451, 0.444824, 0.840332, 0.055908, 10.070800, 98.205560, 14.160152,Walking
755471, 0.427124, 0.846436, 0.057617, 9.643556, 96.801740, 12.512204,Walking
755491, 0.427734, 0.848267, 0.051270, 8.483890, 97.290020, 11.596676,Walking
755511, 0.431641, 0.846924, 0.044434, 6.713866, 97.412100, 11.047360,Walking
755531, 0.452148, 0.836060, 0.039673, 5.249022, 97.290020, 10.131832,Walking
755551, 0.470581, 0.840332, 0.034546, 3.295898, 93.078600, 8.544924,Walking
755571, 0.489624, 0.875854, 0.040894, -0.061035, 88.745100, 8.850100,Walking
755591, 0.558472, 1.102051, 0.031494, -2.868652, 79.834000, 8.300784,Walking
755611, 0.522705, 1.072022, 0.038696, 10.803220, 74.707040, 4.699708,Walking
755631, 0.471802, 0.927368, 0.061890, 16.357424, 75.134300, 0.610352,Walking
755651, 0.499756, 0.904419, 0.074219, 14.404296, 71.838400, 3.295898,Walking
755671, 0.487183, 0.961914, 0.087769, 12.084960, 66.528340, 9.155274,Walking
755691, 0.518677, 1.016114, 0.085327, 13.854978, 67.260740, 12.573240,Walking
755711, 0.523316, 1.026001, 0.090210, 17.150880, 66.589360, 11.901852,Walking
755731, 0.505493, 1.010254, 0.105835, 21.301268, 64.331060, 12.023924,Walking
755751, 0.468384, 1.011719, 0.132568, 23.925780, 66.162120, 14.770504,Walking
755771, 0.427856, 1.033814, 0.138184, 26.916500, 70.861840, 18.981940,Walking
755791, 0.415894, 0.990967, 0.135132, 30.273430, 79.406740, 22.033690,Walking
755811, 0.436768, 0.921021, 0.148560, 28.320310, 83.557100, 23.132320,Walking
755831, 0.443726, 0.912476, 0.163818, 28.381340, 79.223640, 21.118160,Walking
755851, 0.437378, 0.892700, 0.168213, 30.944820, 72.082540, 18.554690,Walking
755871, 0.431641, 0.852295, 0.155396, 32.104500, 64.819340, 16.052250,Walking
755891, 0.399170, 0.815186, 0.163452, 30.944820, 59.265120, 15.319820,Walking
755911, 0.385376, 0.814820, 0.175415, 30.273430, 56.518540, 14.526364,Walking
755931, 0.356201, 0.813110, 0.182251, 31.249992, 56.823720, 13.305660,Walking
755951, 0.352173, 0.812256, 0.189819, 31.921380, 58.837880, 11.535644,Walking
755971, 0.348022, 0.822510, 0.200806, 32.287600, 61.096180, 9.460450,Walking
755991, 0.359131, 0.833862, 0.206177, 32.775880, 62.805160, 7.080076,Walking
756011, 0.384399, 0.847412, 0.210815, 32.287600, 60.668940, 4.028321,Walking
756031, 0.373779, 0.869263, 0.217896, 32.653820, 57.128900, -0.854492,Walking
756051, 0.372314, 0.867310, 0.216064, 33.569340, 56.457510, -4.455568,Walking
756071, 0.373291, 0.859741, 0.214966, 32.226570, 56.152340, -7.934570,Walking
756091, 0.401733, 0.873779, 0.211426, 30.700680, 52.429190, -10.375976,Walking
756111, 0.413330, 0.874756, 0.204956, 29.113768, 49.316400, -13.366696,Walking
756131, 0.407959, 0.875977, 0.198486, 28.137200, 45.959460, -15.624996,Walking
756151, 0.406006, 0.885132, 0.186279, 27.038570, 44.189440, -17.517090,Walking
756171, 0.416382, 0.926148, 0.175049, 25.634760, 42.419420, -18.310550,Walking
756191, 0.425781, 0.953736, 0.162720, 27.221676, 40.954580, -18.249516,Walking
756211, 0.423096, 0.959106, 0.157349, 28.808590, 39.245610, -18.188480,Walking
756231, 0.418823, 0.976562, 0.149414, 28.076170, 41.381820, -16.479492,Walking
756251, 0.399170, 0.988648, 0.134399, 28.320310, 44.738760, -12.145992,Walking
756271, 0.381226, 0.974732, 0.128662, 27.648920, 48.950180, -9.887696,Walking
756291, 0.398438, 0.974610, 0.129395, 25.207516, 50.720200, -7.446288,Walking
756311, 0.414795, 1.084106, 0.150147, 18.249516, 49.072260, -5.310058,Walking
756331, 0.411621, 1.255005, 0.150024, 19.348150, 47.912590, -2.990722,Walking
756351, 0.362061, 1.223267, 0.139648, 28.137200, 51.635740, -5.310058,Walking
756371, 0.341431, 1.088868, 0.127930, 32.653820, 57.617180, -14.770504,Walking
756391, 0.382324, 0.986084, 0.122925, 31.372068, 57.189930, -20.996090,Walking
756411, 0.393799, 0.909424, 0.121338, 27.709956, 50.964340, -22.827140,Walking
756431, 0.421875, 0.879028, 0.118408, 24.780270, 45.349110, -24.963376,Walking
756451, 0.454956, 0.874268, 0.101685, 22.888180, 39.062500, -25.756830,Walking
756471, 0.404175, 0.796997, 0.068848, 25.329584, 21.484370, -22.766110,Walking
756491, 0.317627, 0.709717, 0.058716, 22.949216, 26.367180, -16.052250,Walking
756511, 0.289307, 0.662964, 0.041016, 16.967780, 35.583500, -7.202148,Walking
756531, 0.298462, 0.707276, 0.044800, 6.774902, 45.654280, 2.136231,Walking
756551, 0.348877, 0.829712, 0.051025, 1.831054, 53.405750, 9.094240,Walking
756571, 0.366577, 0.922486, 0.063843, 1.342773, 57.617180, 10.620116,Walking
756591, 0.435791, 0.996826, 0.059937, 5.249022, 57.922360, 5.310058,Walking
756611, 0.463623, 0.985596, 0.055786, 9.582520, 48.828120, -2.258301,Walking
756631, 0.479126, 0.925537, 0.040283, 10.192870, 36.865240, -9.155274,Walking
756651, 0.504639, 0.851440, 0.031250, 5.187988, 23.254390, -10.925290,Walking
756671, 0.504761, 0.816162, 0.020264, 0.244141, 11.047360, -12.268064,Walking
756691, 0.483643, 0.778076, 0.000366, -4.760742, -0.915527, -7.629394,Walking
756711, 0.467407, 0.810547, -0.001587, -8.483890, -5.371092, -1.098633,Walking
756731, 0.447754, 0.826172, 0.001221, -8.666994, -4.699708, 5.920409,Walking
756751, 0.415649, 0.847900, 0.002563, -8.300784, 0.305176, 11.779784,Walking
756771, 0.392456, 0.866455, -0.001465, -6.469726, 9.765626, 15.136716,Walking
756791, 0.398316, 0.869385, -0.009399, -5.920409, 21.667476, 17.700200,Walking
756811, 0.425415, 0.853028, -0.011108, -7.690428, 27.954100, 20.019532,Walking
756831, 0.451782, 0.830566, -0.006714, -9.948730, 26.367180, 20.568840,Walking
756851, 0.470581, 0.809570, -0.007446, -12.634276, 17.272950, 18.493652,Walking
756871, 0.504028, 0.834351, -0.031006, -16.845708, 6.408690, 15.380856,Walking
756891, 0.506836, 0.894043, -0.031860, -19.348150, -6.469726, 12.573240,Walking
756911, 0.462402, 0.978028, 0.002808, -17.272950, -16.723632, 9.826660,Walking
756931, 0.466553, 1.114136, 0.028076, -20.690910, -19.165040, 8.117676,Walking
756951, 0.515015, 1.335938, 0.034302, -16.052250, -21.545408, 7.690428,Walking
756971, 0.471680, 1.364624, 0.041870, -2.746581, -17.089850, 2.929687,Walking
756991, 0.470215, 1.210205, 0.042725, 9.155274, -9.155274, -2.990722,Walking
757011, 0.474121, 1.059082, 0.060059, 10.803220, -7.507323, -7.507323,Walking
757031, 0.463501, 0.978394, 0.044922, 6.835936, -11.291500, -2.624511,Walking
757051, 0.460938, 0.925659, 0.028564, -1.953124, -14.587400, 7.080076,Walking
757071, 0.476318, 0.907104, 0.030762, -9.033204, -17.395020, 16.784670,Walking
757091, 0.454956, 0.886108, 0.031250, -10.192870, -21.057124, 21.301268,Walking
757111, 0.428955, 0.830078, 0.045288, -8.056642, -24.719230, 21.972650,Walking
757131, 0.402710, 0.800171, 0.074097, -11.169430, -32.470710, 25.634760,Walking
757151, 0.393188, 0.864502, 0.078491, -12.451170, -37.170420, 27.343748,Walking
757171, 0.386108, 0.968872, 0.091797, -11.657712, -38.269050, 26.123040,Walking
757191, 0.369019, 1.066528, 0.109619, -1.647949, -37.109380, 21.301268,Walking
757211, 0.341309, 1.048462, 0.127930, 11.413570, -33.325200, 14.648436,Walking
757231, 0.310669, 0.965332, 0.148682, 19.836430, -28.076170, 9.216310,Walking
757251, 0.302979, 0.897095, 0.152588, 20.263670, -22.277830, 9.155274,Walking
757271, 0.302979, 0.863770, 0.145142, 17.089850, -17.822270, 10.803220,Walking
757291, 0.303101, 0.844360, 0.136719, 13.488768, -13.793944, 11.901852,Walking
757311, 0.322876, 0.827515, 0.136963, 10.070800, -12.207030, 11.901852,Walking
757331, 0.322388, 0.828125, 0.148315, 7.629394, -13.977050, 11.657712,Walking
757351, 0.286499, 0.828491, 0.153198, 7.690428, -12.878416, 12.145992,Walking
757371, 0.271606, 0.819580, 0.146362, 7.385252, -9.216310, 12.084960,Walking
757391, 0.266602, 0.822998, 0.137451, 5.920409, -5.004884, 10.742184,Walking
757411, 0.270264, 0.851807, 0.138428, 5.004884, -0.183105, 8.666994,Walking
757431, 0.268555, 0.869873, 0.140991, 7.629394, 4.333496, 6.103514,Walking
757451, 0.287964, 0.852051, 0.124756, 9.338380, 7.995604, 3.417968,Walking
757471, 0.324463, 0.878174, 0.087891, 6.958006, 8.178714, 2.746581,Walking
757491, 0.331055, 0.942627, 0.091553, 4.943848, 6.164550, 4.211426,Walking
757511, 0.316284, 1.039429, 0.107300, 4.821778, 7.629394, 5.432128,Walking
757531, 0.302612, 1.156982, 0.145142, 5.432128, 12.878416, 4.028321,Walking
757551, 0.321655, 1.389404, 0.173218, 7.080076, 19.653320, 1.708984,Walking
757571, 0.276856, 1.372314, 0.140381, 28.015130, 47.851560, -10.070800,Walking
757591, 0.333862, 1.132080, 0.089722, 37.048340, 64.331060, -22.827140,Walking
757611, 0.393677, 0.910889, 0.072022, 33.691410, 64.270040, -33.630380,Walking
757631, 0.457642, 0.802979, 0.059570, 22.949216, 52.734360, -35.644540,Walking
757651, 0.512573, 0.793457, 0.025269, 11.169430, 35.766600, -31.799310,Walking
757671, 0.485718, 0.763184, 0.009521, 7.629394, 19.042970, -26.977532,Walking
757691, 0.447754, 0.691895, 0.005737, 6.347656, 7.995604, -25.085448,Walking
757711, 0.405151, 0.665039, -0.007324, 3.234863, 1.525878, -22.766110,Walking
757731, 0.360962, 0.669922, -0.011597, -0.549316, 1.953124, -17.456060,Walking
757751, 0.351318, 0.743652, -0.008911, -6.225584, 9.338380, -10.620116,Walking
757771, 0.398316, 0.871948, -0.006348, -7.202148, 18.371584, -6.530760,Walking
757791, 0.450928, 1.027344, 0.010010, -1.403808, 26.123040, -8.239746,Walking
757811, 0.480713, 1.025146, -0.000244, 3.662109, 24.414060, -11.474608,Walking
757831, 0.488892, 0.954590, -0.015015, 3.356933, 18.127448, -13.061520,Walking
757851, 0.478027, 0.868530, -0.038086, -2.624511, 8.911134, -10.986324,Walking
757871, 0.459717, 0.815796, -0.042603, -12.023924, -0.671386, -6.164550,Walking
757891, 0.441528, 0.798096, -0.040527, -16.967780, -5.249022, -2.990722,Walking
757911, 0.433106, 0.795410, -0.034912, -18.188480, -7.873534, -0.854492,Walking
757931, 0.413330, 0.799561, -0.021118, -16.113284, -8.422854, 0.671386,Walking
757951, 0.381348, 0.814942, -0.013184, -12.634276, -3.540038, 1.708984,Walking
757971, 0.368774, 0.838379, -0.009277, -8.483890, 5.249022, 3.173828,Walking
757991, 0.370972, 0.847900, -0.003540, -5.920409, 14.221190, 4.821778,Walking
758011, 0.415161, 0.868042, 0.013062, -3.784179, 21.850580, 3.295898,Walking
758031, 0.440796, 0.864868, 0.016846, -3.723144, 21.789548, 0.976562,Walking
758051, 0.465698, 0.854980, 0.015259, -5.310058, 15.441892, -2.136231,Walking
758071, 0.473755, 0.863037, 0.016235, -7.629394, 7.446288, -4.821778,Walking
758091, 0.471558, 0.877686, 0.028076, -9.765626, -0.183105, -6.591796,Walking
758111, 0.479858, 0.913574, 0.036499, -10.803220, -7.263182, -7.995604,Walking
758131, 0.468140, 0.955566, 0.037109, -10.803220, -13.244628, -8.605960,Walking
758151, 0.458862, 0.991211, 0.036499, -9.643556, -16.052250, -8.483890,Walking
758171, 0.442871, 0.991211, 0.043213, -7.507323, -16.479492, -8.544924,Walking
758191, 0.425537, 0.983154, 0.049805, -6.347656, -13.916012, -8.361816,Walking
758211, 0.431274, 1.001099, 0.060791, -6.103514, -10.253904, -7.446288,Walking
758231, 0.474854, 1.142578, 0.079590, -6.774902, -7.995604, -5.920409,Walking
758251, 0.493774, 1.227417, 0.098511, -4.455568, -7.568358, -8.300784,Walking
758271, 0.527588, 1.257812, 0.084106, 3.540038, -8.544924, -12.268064,Walking
758311, 0.501099, 0.957398, 0.041016, 12.817380, -15.624996, -21.789548,Walking
758351, 0.497803, 0.734131, 0.002075, -3.051757, -32.714850, -10.192870,Walking
758371, 0.482300, 0.730957, 0.007080, -9.948730, -38.513190, 0.793457,Walking
758391, 0.468262, 0.801026, 0.032593, -15.014646, -42.846670, 8.605960,Walking
758411, 0.463989, 0.951904, 0.046143, -13.549804, -47.119130, 14.099120,Walking
758431, 0.422852, 1.058228, 0.046875, -7.141112, -49.499500, 16.784670,Walking
758451, 0.380859, 1.095948, 0.067139, 4.150392, -43.273920, 17.944340,Walking
758471, 0.373901, 1.073120, 0.083252, 7.690428, -39.123540, 18.127448,Walking
758491, 0.350342, 1.031250, 0.096924, 9.826660, -35.827640, 20.324700,Walking
758511, 0.324463, 0.971558, 0.103272, 9.399414, -30.395500, 23.986810,Walking
758531, 0.313232, 0.921021, 0.102905, 6.713866, -24.719230, 28.381340,Walking
758551, 0.304566, 0.886597, 0.107300, 4.394532, -18.981940, 32.104500,Walking
758571, 0.302734, 0.864746, 0.111694, 2.563476, -13.793944, 34.912120,Walking
758591, 0.301270, 0.851685, 0.113403, 1.281738, -10.009768, 37.597660,Walking
758611, 0.291016, 0.849976, 0.119995, 0.366211, -7.141112, 39.978040,Walking
758631, 0.292847, 0.848145, 0.121338, -0.427246, -5.065916, 40.649400,Walking
758651, 0.294434, 0.860230, 0.121948, -0.549316, -4.211426, 39.428720,Walking
758671, 0.306641, 0.887573, 0.113281, 1.464844, -2.502442, 35.095220,Walking
758691, 0.296387, 0.881958, 0.106445, 3.356933, 0.122070, 31.921380,Walking
758711, 0.301148, 0.879761, 0.114380, 5.676268, 1.464844, 29.235832,Walking
758731, 0.318359, 0.907715, 0.112915, 5.615234, 2.014160, 27.832030,Walking
758751, 0.316650, 0.969360, 0.109253, 6.469726, 2.990722, 27.648920,Walking
758771, 0.301148, 1.032715, 0.123901, 7.690428, 7.568358, 28.564450,Walking
758791, 0.279175, 1.154786, 0.172852, 5.004884, 15.563964, 28.747552,Walking
758811, 0.270874, 1.301636, 0.159180, 12.084960, 27.587884, 27.343748,Walking
758831, 0.242920, 1.215454, 0.133057, 19.531250, 44.738760, 18.737796,Walking
758851, 0.320923, 1.075562, 0.100830, 22.888180, 57.861320, 7.080076,Walking
758871, 0.360108, 0.885620, 0.087891, 22.521970, 54.016100, -6.225584,Walking
758891, 0.460327, 0.747803, 0.066162, 11.352536, 18.371584, -17.395020,Walking
758911, 0.488159, 0.738281, 0.023682, 5.249022, -8.239746, -17.578130,Walking
758931, 0.410278, 0.735352, -0.018677, 4.760742, -17.333990, -19.897460,Walking
758951, 0.368896, 0.741211, -0.046509, 6.713866, -11.474608, -23.193352,Walking
758971, 0.288696, 0.752808, -0.034546, 11.291500, 1.464844, -24.353020,Walking
758991, 0.271729, 0.751831, -0.015015, 15.380856, 19.226080, -22.399900,Walking
759011, 0.267212, 0.767456, 0.011963, 16.906740, 38.818360, -18.249516,Walking
759031, 0.310425, 0.836914, 0.029541, 15.869140, 54.504380, -15.441892,Walking
759051, 0.379395, 0.956177, 0.035645, 14.343260, 62.133780, -16.845708,Walking
759071, 0.431763, 1.078980, 0.016357, 14.343260, 64.147960, -20.568840,Walking
759091, 0.462158, 1.092286, -0.013306, 18.554690, 65.002440, -27.282710,Walking
759111, 0.506226, 0.932007, -0.022217, 18.737796, 51.513660, -41.076650,Walking
759131, 0.513794, 0.842529, -0.012207, 11.657712, 34.667980, -43.884270,Walking
759151, 0.486938, 0.835571, -0.022339, 4.089356, 20.446770, -43.273920,Walking
759171, 0.477539, 0.831665, -0.036255, 4.638672, 14.404296, -43.945300,Walking
759191, 0.468872, 0.800171, -0.035645, 5.920409, 11.596676, -47.180160,Walking
759211, 0.487427, 0.805420, -0.038574, 7.629394, 10.253904, -49.316400,Walking
759231, 0.489624, 0.817139, -0.023804, 9.338380, 9.094240, -48.522940,Walking
759251, 0.476929, 0.835327, -0.007324, 10.986324, 9.887696, -45.898430,Walking
759271, 0.498779, 0.868530, -0.016846, 11.657712, 15.319820, -42.846670,Walking
759291, 0.520386, 0.876709, -0.024170, 12.695310, 17.578130, -41.137680,Walking
759311, 0.533325, 0.860352, -0.028809, 11.535644, 20.263670, -39.428720,Walking
759331, 0.589966, 0.819946, -0.007935, 4.821778, 10.864256, -32.653820,Walking
759351, 0.615967, 0.833252, 0.000122, -1.770019, -1.770019, -26.672360,Walking
759371, 0.598389, 0.886108, -0.001099, -6.103514, -10.742184, -19.836430,Walking
759391, 0.553711, 0.913086, 0.004150, -7.263182, -14.709470, -12.451170,Walking
759411, 0.520630, 0.943482, 0.013550, -8.178714, -12.695310, -4.699708,Walking
759431, 0.503540, 1.044678, 0.034058, -11.840818, -8.666994, 4.577638,Walking
759451, 0.508667, 1.166138, 0.044678, -9.033204, -1.647949, 14.587400,Walking
759471, 0.477173, 1.185669, 0.064087, -3.601074, 7.080076, 20.324700,Walking
759491, 0.475586, 1.151001, 0.080566, 1.281738, 14.648436, 22.949216,Walking
759511, 0.481690, 1.117676, 0.086914, 0.488281, 16.540530, 25.756830,Walking
759531, 0.482178, 1.086670, 0.074341, -1.953124, 15.686032, 29.846190,Walking
759551, 0.486084, 1.027954, 0.064575, -8.422854, 11.413570, 36.132820,Walking
759571, 0.459106, 0.982544, 0.061768, -10.925290, 6.835936, 40.466300,Walking
759591, 0.426758, 0.918335, 0.049316, -12.817380, 5.126952, 44.921860,Walking
759611, 0.408569, 0.855591, 0.028687, -16.357424, 4.272462, 49.987780,Walking
759631, 0.388672, 0.829468, 0.016479, -20.385740, 3.845214, 54.992660,Walking
759651, 0.378906, 0.809570, 0.013672, -21.545408, 2.319336, 58.959950,Walking
759671, 0.391358, 0.797974, 0.010620, -22.949216, -0.671386, 60.485830,Walking
759691, 0.389404, 0.829468, 0.021240, -24.169920, -6.835936, 60.485830,Walking
759711, 0.384522, 0.934082, 0.033203, -23.925780, -12.268064, 59.997550,Walking
759731, 0.388428, 1.085816, 0.040649, -18.005376, -14.465330, 59.448240,Walking
759751, 0.343018, 1.182373, 0.074341, -4.638672, -11.352536, 56.640620,Walking
759771, 0.271973, 1.140137, 0.098511, 19.592290, 9.094240, 45.288080,Walking
759791, 0.254761, 1.024170, 0.097900, 28.076170, 24.169920, 37.231450,Walking
759811, 0.281738, 0.942871, 0.089844, 27.770990, 33.752440, 33.020020,Walking
759831, 0.314087, 0.893188, 0.095703, 25.390620, 35.522460, 30.822750,Walking
759851, 0.343506, 0.845337, 0.103638, 21.423332, 30.151360, 28.259270,Walking
759871, 0.333008, 0.840942, 0.106323, 17.578130, 21.545408, 24.230950,Walking
759891, 0.326172, 0.867188, 0.113525, 16.235352, 13.305660, 20.324700,Walking
759911, 0.295898, 0.883545, 0.115479, 17.395020, 8.239746, 17.089850,Walking
759931, 0.262940, 0.882324, 0.116333, 20.141600, 9.948730, 13.916012,Walking
759951, 0.257080, 0.882568, 0.117065, 23.681636, 14.160152, 10.498044,Walking
759971, 0.250366, 0.900269, 0.122559, 28.381340, 20.141600, 7.202148,Walking
759991, 0.256104, 0.950195, 0.139526, 38.757330, 31.616208, 0.671386,Walking
760011, 0.261719, 0.978394, 0.149414, 47.241200, 38.818360, -3.601074,Walking
760031, 0.285400, 1.014282, 0.126343, 53.466780, 46.874990, -6.408690,Walking
760051, 0.325195, 1.053223, 0.102173, 58.776840, 52.551260, -6.225584,Walking
760071, 0.285400, 1.101318, 0.119019, 64.819340, 61.096180, -4.150392,Walking
760091, 0.240845, 1.220459, 0.174683, 70.800800, 78.247080, -0.488281,Walking
760111, 0.228394, 1.239136, 0.176392, 84.838860, 100.036600, 2.075196,Walking
760131, 0.252564, 1.099610, 0.153442, 90.637200, 124.572720, -1.342773,Walking
760151, 0.312134, 1.065918, 0.129761, 85.571260, 136.657760, -4.760742,Walking
760171, 0.364990, 1.070435, 0.137085, 81.237760, 136.047400, -6.469726,Walking
760191, 0.411133, 1.041138, 0.130371, 80.932600, 128.234900, -11.291500,Walking
760211, 0.475220, 0.928833, 0.088379, 80.505360, 107.238760, -21.911620,Walking
760231, 0.430298, 0.869263, 0.076416, 77.331540, 91.552720, -25.695796,Walking
760251, 0.382690, 0.859741, 0.069336, 74.096700, 85.571260, -26.916500,Walking
760271, 0.374634, 0.871948, 0.070801, 71.777340, 85.449200, -25.634760,Walking
760291, 0.357910, 0.880615, 0.074097, 72.082540, 86.975080, -23.986810,Walking
760311, 0.346558, 0.875488, 0.081299, 73.242200, 91.186500, -23.437492,Walking
760331, 0.372681, 0.876831, 0.082886, 73.913600, 94.421360, -24.780270,Walking
760351, 0.400391, 0.888794, 0.072998, 72.692880, 94.970680, -26.733390,Walking
760371, 0.418213, 0.894776, 0.081543, 71.289060, 92.651360, -28.259270,Walking
760391, 0.413452, 0.880127, 0.088379, 70.312500, 90.026840, -30.090330,Walking
760411, 0.421753, 0.867188, 0.089722, 68.420420, 86.730940, -31.555170,Walking
760431, 0.411499, 0.848389, 0.071167, 62.927240, 88.073700, -31.372068,Walking
760451, 0.425415, 0.844360, 0.067017, 58.898920, 89.904760, -31.188960,Walking
760471, 0.430542, 0.839966, 0.075806, 56.152340, 91.735820, -30.212400,Walking
760491, 0.402588, 0.833862, 0.090576, 54.321280, 94.421360, -28.198240,Walking
760511, 0.405029, 0.825195, 0.088379, 52.124020, 97.717260, -24.841304,Walking
760531, 0.406860, 0.816650, 0.081787, 48.339840, 100.219700, -20.629880,Walking
760551, 0.405762, 0.814942, 0.074707, 44.189440, 104.309060, -16.418460,Walking
760571, 0.401123, 0.805176, 0.085571, 40.710440, 108.093240, -13.305660,Walking
760591, 0.398560, 0.798584, 0.090454, 36.987310, 111.999500, -10.620116,Walking
760611, 0.406494, 0.808106, 0.086426, 33.081060, 112.976040, -9.460450,Walking
760631, 0.409668, 0.821533, 0.071899, 29.907220, 115.539520, -7.629394,Walking
760651, 0.430908, 0.826172, 0.034302, 23.925780, 124.267560, -9.216310,Walking
760691, 0.490601, 0.945312, 0.059570, 23.376460, 128.418000, -7.141112,Walking
760711, 0.531494, 0.953369, 0.061523, 25.390620, 121.948220, -5.615234,Walking
760731, 0.535889, 0.932739, 0.061890, 26.245110, 113.037100, -5.615234,Walking
760751, 0.530884, 0.899536, 0.055908, 24.841304, 105.346660, -7.568358,Walking
760771, 0.520264, 0.860474, 0.068115, 21.789548, 101.562480, -10.009768,Walking
760791, 0.529785, 0.836792, 0.092896, 18.737796, 95.581040, -11.352536,Walking
760811, 0.541870, 0.816284, 0.099365, 15.075680, 87.646460, -10.437010,Walking
760831, 0.536621, 0.824585, 0.116943, 9.155274, 78.979500, -8.422854,Walking
760851, 0.560425, 0.957398, 0.146362, 0.793457, 69.274900, -4.760742,Walking
760871, 0.547608, 1.166870, 0.156616, 12.390136, 63.720700, -1.647949,Walking
760891, 0.540650, 1.036255, 0.179565, 22.888180, 67.077640, -7.080076,Walking
760911, 0.559570, 0.955078, 0.193237, 23.803708, 62.561020, -7.934570,Walking
760931, 0.521362, 0.911133, 0.189453, 19.042970, 52.551260, 0.183105,Walking
760951, 0.483154, 0.904419, 0.162598, 12.939450, 49.743640, 8.666994,Walking
760971, 0.465820, 0.926880, 0.159058, 8.605960, 52.429190, 16.113284,Walking
760991, 0.438232, 0.972900, 0.183960, 8.483890, 57.861320, 22.399900,Walking
761011, 0.422119, 1.010254, 0.201294, 11.413570, 65.063500, 27.709956,Walking
761031, 0.403809, 1.024292, 0.194336, 14.099120, 72.265640, 32.775880,Walking
761051, 0.400757, 0.991821, 0.177490, 16.052250, 77.941900, 36.193860,Walking
761071, 0.407837, 0.919434, 0.173950, 16.296390, 76.293960, 34.973150,Walking
761091, 0.443482, 0.853882, 0.180298, 13.488768, 65.368660, 30.456540,Walking
761111, 0.437988, 0.828003, 0.179565, 12.145992, 53.955070, 26.428220,Walking
761131, 0.425903, 0.800781, 0.173218, 12.084960, 43.273920, 21.911620,Walking
761151, 0.422241, 0.785278, 0.166870, 11.901852, 32.043460, 17.456060,Walking
761171, 0.390503, 0.802124, 0.172607, 11.840818, 23.742670, 13.977050,Walking
761191, 0.368896, 0.844971, 0.181274, 13.671872, 21.423332, 10.925290,Walking
761211, 0.368530, 0.885864, 0.188843, 16.784670, 22.460930, 8.239746,Walking
761231, 0.358398, 0.913574, 0.193970, 19.897460, 25.146480, 5.187988,Walking
761251, 0.374756, 0.924927, 0.205566, 22.705070, 27.221676, 2.075196,Walking
761271, 0.377197, 0.918091, 0.205933, 24.536130, 27.587884, -0.305176,Walking
761291, 0.380737, 0.906250, 0.196289, 24.780270, 27.832030, -1.953124,Walking
761311, 0.362427, 0.905762, 0.186035, 21.728510, 29.602044, -2.075196,Walking
761331, 0.378540, 0.900269, 0.174683, 19.714360, 30.029290, -1.770019,Walking
761351, 0.391480, 0.891113, 0.159790, 17.395020, 27.404780, -2.624511,Walking
761371, 0.397949, 0.896484, 0.154053, 15.808104, 22.399900, -3.112792,Walking
761391, 0.386719, 0.906494, 0.146484, 16.113284, 17.395020, -2.807617,Walking
761411, 0.354126, 0.909058, 0.140015, 17.211920, 15.258788, -2.685546,Walking
761431, 0.319214, 0.911743, 0.129395, 18.737796, 18.737796, -2.868652,Walking
761451, 0.325562, 0.919800, 0.111816, 19.287110, 24.475090, -3.479003,Walking
761471, 0.325195, 0.936279, 0.109619, 19.775390, 28.747552, -2.380371,Walking
761491, 0.323120, 0.939697, 0.107666, 20.690910, 33.020020, -0.305176,Walking
761511, 0.328735, 0.968506, 0.123413, 18.432620, 35.339360, 1.159668,Walking
761531, 0.364380, 1.184570, 0.131592, 17.456060, 33.813480, 2.380371,Walking
761551, 0.323120, 1.213257, 0.125366, 24.902340, 37.536620, -0.427246,Walking
761571, 0.297730, 1.184936, 0.128052, 32.775880, 51.635740, -7.873534,Walking
761591, 0.289795, 1.115234, 0.139771, 38.696300, 65.063500, -13.671872,Walking
761611, 0.320435, 1.035034, 0.130249, 40.405260, 76.843260, -15.808104,Walking
761631, 0.343262, 0.944458, 0.120483, 39.855960, 84.350560, -17.211920,Walking
761651, 0.374634, 0.886353, 0.100708, 36.865240, 87.219220, -17.822270,Walking
761671, 0.386353, 0.801636, 0.085327, 36.438000, 85.327140, -16.784670,Walking
761691, 0.373657, 0.699463, 0.090210, 32.653820, 79.467800, -16.784670,Walking
761711, 0.400757, 0.661011, 0.089233, 25.451652, 68.908700, -14.526364,Walking
761731, 0.385376, 0.675049, 0.091309, 18.066410, 58.349600, -11.535644,Walking
761751, 0.372681, 0.797363, 0.096558, 11.047360, 51.513660, -9.216310,Walking
761771, 0.365601, 0.883789, 0.102295, 10.986324, 50.292960, -11.291500,Walking
761791, 0.370483, 0.967529, 0.109497, 13.122556, 51.696770, -16.113284,Walking
761811, 0.402100, 0.993530, 0.110230, 16.357424, 52.429190, -21.423332,Walking
761831, 0.431030, 0.962646, 0.105835, 17.944340, 49.316400, -27.648920,Walking
761851, 0.466919, 0.898926, 0.088989, 17.211920, 42.053220, -32.104500,Walking
761871, 0.486572, 0.827881, 0.062256, 13.244628, 32.470710, -34.606940,Walking
761931, 0.529663, 0.784546, 0.017212, -1.647949, 2.685546, -31.066890,Walking
761951, 0.530029, 0.801880, 0.009033, -3.601074, -2.380371, -26.672360,Walking
761971, 0.507202, 0.850098, 0.013916, -4.699708, -3.967285, -18.798830,Walking
761991, 0.497681, 0.886963, 0.015381, -4.516602, 0.000000, -14.160152,Walking
762011, 0.492188, 0.907349, 0.011230, -3.845214, 6.713866, -10.559080,Walking
762031, 0.513672, 0.892212, 0.004761, -4.272462, 10.742184, -7.812498,Walking
762051, 0.540650, 0.861816, 0.001343, -6.835936, 9.338380, -4.821778,Walking
762071, 0.552734, 0.841675, 0.009766, -10.864256, 2.929687, -1.525878,Walking
762091, 0.560669, 0.867310, 0.010498, -15.869140, -5.432128, 3.112792,Walking
762111, 0.544312, 0.919312, 0.007813, -18.676760, -12.573240, 8.605960,Walking
762131, 0.495972, 0.965698, 0.006958, -19.714360, -13.671872, 13.366696,Walking
762151, 0.465942, 1.013062, 0.035400, -20.751950, -10.131832, 17.822270,Walking
762171, 0.508667, 1.170044, 0.064087, -26.062010, -8.361816, 23.620600,Walking
762191, 0.500366, 1.324097, 0.091675, -14.953610, -9.216310, 29.052730,Walking
762211, 0.487793, 1.272950, 0.100220, -9.094240, -5.737304, 27.648920,Walking
762231, 0.453369, 1.183350, 0.097900, -6.286620, -5.676268, 26.916500,Walking
762251, 0.457031, 1.086304, 0.083618, -10.131832, -5.798338, 30.212400,Walking
762271, 0.466919, 1.010986, 0.080811, -16.052250, -9.155274, 33.996590,Walking
762291, 0.472046, 0.958618, 0.082642, -19.470220, -15.869140, 37.475590,Walking
762311, 0.452637, 0.900635, 0.071655, -20.141600, -23.193352, 40.466300,Walking
762331, 0.409302, 0.821778, 0.064575, -18.249516, -29.113768, 42.663560,Walking
762351, 0.373413, 0.768799, 0.082520, -18.981940, -32.287600, 45.715320,Walking
762371, 0.372681, 0.806763, 0.102539, -21.911620, -34.912120, 50.659170,Walking
762391, 0.367798, 0.894287, 0.114258, -23.071284, -37.719730, 55.419910,Walking
762411, 0.379761, 1.095581, 0.125977, -17.456060, -41.320790, 52.673330,Walking
762431, 0.337402, 1.133545, 0.136230, -5.187988, -39.489750, 47.912590,Walking
762451, 0.276489, 1.060303, 0.156128, 5.187988, -32.226570, 40.649400,Walking
762471, 0.258667, 0.970947, 0.161621, 10.253904, -23.071284, 34.851080,Walking
762491, 0.252808, 0.895996, 0.157593, 9.399414, -16.113284, 32.958990,Walking
762511, 0.262573, 0.856445, 0.153442, 5.554198, -10.681150, 31.860350,Walking
762531, 0.278076, 0.834229, 0.152588, 3.356933, -9.338380, 28.808590,Walking
762551, 0.301392, 0.810791, 0.153931, 3.234863, -11.962890, 23.132320,Walking
762571, 0.302490, 0.796753, 0.157959, 2.746581, -18.127448, 17.883300,Walking
762591, 0.274658, 0.795044, 0.158691, 2.624511, -22.094720, 13.916012,Walking
762611, 0.256104, 0.806885, 0.151611, 2.685546, -21.606440, 9.887696,Walking
762631, 0.240845, 0.819092, 0.156128, 5.371092, -17.150880, 2.197266,Walking
762651, 0.235840, 0.818237, 0.163086, 8.361816, -11.474608, -4.455568,Walking
762671, 0.269043, 0.833008, 0.160767, 10.375976, -7.507323, -11.047360,Walking
762691, 0.277954, 0.850464, 0.154541, 11.962890, -5.493162, -15.991210,Walking
762711, 0.283081, 0.874146, 0.157837, 11.779784, -2.990722, -19.104010,Walking
762731, 0.293945, 0.921143, 0.153687, 10.925290, -0.915527, -20.874020,Walking
762751, 0.296265, 0.986328, 0.155762, 8.850100, 1.708984, -22.399900,Walking
762771, 0.307495, 1.072998, 0.149902, 8.605960, 6.652830, -23.620600,Walking
762791, 0.315674, 1.120606, 0.145264, 11.779784, 12.817380, -25.390620,Walking
762811, 0.318604, 1.118164, 0.159790, 15.258788, 19.714360, -28.747552,Walking
762831, 0.332031, 1.220826, 0.190430, 13.244628, 26.062010, -32.104500,Walking
762851, 0.318726, 1.172608, 0.145996, 25.756830, 41.748040, -38.085940,Walking
762871, 0.358032, 1.132568, 0.125732, 25.085448, 52.429190, -45.959460,Walking
762891, 0.395142, 1.027466, 0.102173, 29.907220, 56.030260, -49.316400,Walking
762911, 0.409668, 0.862427, 0.095825, 29.602044, 56.091300, -50.720200,Walking
762931, 0.429688, 0.734131, 0.083374, 26.367180, 49.743640, -49.865720,Walking
762951, 0.451050, 0.677734, 0.048218, 19.592290, 38.208020, -45.471180,Walking
762971, 0.415405, 0.646362, 0.029053, 14.587400, 30.578610, -39.367680,Walking
762991, 0.388306, 0.681030, 0.055908, 7.934570, 28.869624, -33.508300,Walking
763011, 0.408569, 0.805298, 0.071533, 4.516602, 28.869624, -29.907220,Walking
763031, 0.441772, 0.963379, 0.071045, 2.380371, 28.015130, -29.724120,Walking
763051, 0.473022, 1.111450, 0.070313, 7.019042, 27.221676, -31.249992,Walking
763071, 0.480591, 1.092163, 0.080200, 17.333990, 28.503410, -38.696300,Walking
763091, 0.516358, 0.978760, 0.074707, 19.348150, 25.268550, -41.381820,Walking
763111, 0.502320, 0.849976, 0.047852, 12.268064, 15.808104, -37.902840,Walking
763131, 0.489258, 0.809570, 0.041260, 0.549316, 8.422854, -31.555170,Walking
763151, 0.495117, 0.825684, 0.045288, -5.798338, 4.150392, -23.681636,Walking
763171, 0.503174, 0.813477, 0.047729, -6.469726, 2.380371, -17.822270,Walking
763191, 0.505005, 0.798096, 0.053101, -6.408690, 0.610352, -12.817380,Walking
763211, 0.494507, 0.796875, 0.046509, -6.469726, -0.671386, -7.080076,Walking
763231, 0.481201, 0.805908, 0.041748, -7.446288, 0.061035, -0.305176,Walking
763251, 0.464966, 0.812378, 0.045654, -8.483890, 3.906249, 5.493162,Walking
763271, 0.476563, 0.829102, 0.048584, -8.300784, 7.324218, 8.544924,Walking
763291, 0.507202, 0.812622, 0.045898, -8.361816, 5.920409, 9.826660,Walking
763311, 0.520508, 0.795898, 0.052490, -10.009768, -0.549316, 10.437010,Walking
763331, 0.525635, 0.799072, 0.069824, -13.427732, -10.131832, 11.901852,Walking
763351, 0.536377, 0.863037, 0.077759, -17.211920, -21.484370, 14.648436,Walking
763371, 0.517212, 0.942627, 0.075317, -19.409180, -31.005852, 17.883300,Walking
763391, 0.499024, 1.016358, 0.101563, -20.996090, -35.888680, 20.263670,Walking
763411, 0.528442, 1.195435, 0.152832, -26.977532, -42.053220, 23.925780,Walking
763431, 0.524292, 1.412232, 0.182739, -23.010250, -48.095700, 28.503410,Walking
763451, 0.455688, 1.419800, 0.180908, -13.061520, -43.884270, 29.663080,Walking
763471, 0.404663, 1.315308, 0.162354, -8.605960, -34.423840, 29.235832,Walking
763491, 0.391724, 1.229492, 0.142456, -9.521484, -27.587884, 29.724120,Walking
763511, 0.412598, 0.989868, 0.118164, -13.183590, -24.230950, 32.165540,Walking
763531, 0.433350, 0.877075, 0.109619, -18.676760, -30.944820, 33.935560,Walking
763551, 0.434814, 0.776612, 0.103027, -21.545408, -42.114250, 35.461430,Walking
763571, 0.396484, 0.705688, 0.108765, -26.184080, -51.635740, 37.231450,Walking
763591, 0.377197, 0.746826, 0.118286, -32.531740, -59.204090, 40.893540,Walking
763611, 0.356567, 0.850220, 0.124023, -33.874520, -64.697280, 44.372550,Walking
763631, 0.346069, 0.972046, 0.152344, -31.616208, -66.528340, 43.762200,Walking
763651, 0.350830, 1.089600, 0.172730, -20.935052, -66.284200, 38.269050,Walking
763671, 0.319946, 1.087036, 0.166016, -5.493162, -62.011710, 28.259270,Walking
763691, 0.296509, 1.014648, 0.166992, 4.516602, -54.992660, 17.028810,Walking
763711, 0.269531, 0.954102, 0.180420, 10.131832, -47.668440, 11.352536,Walking
763731, 0.265625, 0.854858, 0.182739, 10.253904, -35.034180, 10.925290,Walking
763751, 0.285278, 0.814209, 0.166382, 6.713866, -29.907220, 12.268064,Walking
763771, 0.279785, 0.779663, 0.152710, 3.173828, -28.259270, 13.305660,Walking
763791, 0.273316, 0.768311, 0.151245, -1.831054, -27.038570, 15.136716,Walking
763811, 0.257935, 0.782471, 0.162354, -5.798338, -26.184080, 18.188480,Walking
763831, 0.239990, 0.811646, 0.168579, -8.300784, -24.047850, 20.629880,Walking
763851, 0.237671, 0.843750, 0.166992, -7.446288, -19.653320, 20.202630,Walking
763871, 0.233887, 0.868896, 0.158691, -3.967285, -14.221190, 16.357424,Walking
763891, 0.227295, 0.867432, 0.156738, 1.342773, -7.629394, 10.986324,Walking
763911, 0.245850, 0.860596, 0.167480, 3.845214, -3.051757, 5.004884,Walking
763931, 0.279297, 0.914917, 0.167358, 4.821778, -2.319336, 0.244141,Walking
763951, 0.274170, 1.035156, 0.184570, 7.263182, 1.037598, -4.943848,Walking
763971, 0.260742, 1.232178, 0.240479, 5.187988, 8.483890, -7.873534,Walking
763991, 0.266724, 1.413696, 0.237549, 17.395020, 21.301268, -11.657712,Walking
764011, 0.218018, 1.362793, 0.228394, 28.625480, 46.020500, -21.301268,Walking
764031, 0.260620, 1.216797, 0.172852, 38.940440, 69.030760, -30.639640,Walking
764051, 0.288330, 0.906860, 0.118896, 39.978040, 82.458480, -40.771480,Walking
764071, 0.432251, 0.744263, 0.095947, 24.780270, 76.171900, -46.630850,Walking
764091, 0.541992, 0.750488, 0.056152, 7.385252, 49.804680, -45.471180,Walking
764111, 0.599854, 0.780640, 0.044434, 0.244141, 18.920900, -42.602530,Walking
764131, 0.540894, 0.776245, 0.048462, 0.732422, -3.112792, -45.288080,Walking
764151, 0.470703, 0.768311, 0.015259, 5.004884, -14.770504, -47.119130,Walking
764171, 0.368530, 0.736206, 0.007935, 4.821778, -12.268064, -40.588370,Walking
764191, 0.304932, 0.808716, 0.023315, 2.929687, 5.920409, -32.165540,Walking
764211, 0.382568, 0.920288, 0.031982, 1.220704, 25.878900, -26.977532,Walking
764231, 0.489624, 1.067383, 0.027466, -0.122070, 33.996590, -26.794430,Walking
764251, 0.570557, 1.156982, 0.005249, 4.150392, 32.409680, -27.832030,Walking
764271, 0.593140, 1.072754, -0.019775, 9.277344, 22.155760, -32.165540,Walking
764291, 0.585816, 0.928711, -0.043701, 7.568358, 5.737304, -33.996590,Walking
764311, 0.516113, 0.813599, -0.047119, -1.098633, -10.620116, -28.564450,Walking
764331, 0.484619, 0.789062, -0.053711, -12.023924, -17.883300, -19.653320,Walking
764351, 0.456299, 0.805664, -0.056274, -15.075680, -16.784670, -12.695310,Walking
764371, 0.436401, 0.806885, -0.037354, -14.343260, -11.779784, -7.568358,Walking
764391, 0.424805, 0.820068, -0.008423, -6.835936, -5.004884, -3.479003,Walking
764411, 0.407471, 0.818115, 0.000977, -1.770019, 0.976562, -1.831054,Walking
764431, 0.425171, 0.821533, 0.007080, 0.000000, 6.286620, 0.427246,Walking
764451, 0.456421, 0.841553, 0.008179, -0.366211, 9.887696, 0.244141,Walking
764471, 0.493774, 0.853272, 0.016846, -0.854492, 9.399414, -1.098633,Walking
764491, 0.522339, 0.849121, 0.035278, -3.234863, 3.906249, -2.014160,Walking
764511, 0.536499, 0.850342, 0.040527, -5.371092, -6.958006, -1.037598,Walking
764531, 0.518311, 0.851074, 0.047607, -9.460450, -15.686032, 2.441407,Walking
764551, 0.492066, 0.861938, 0.039307, -12.390136, -20.690910, 6.530760,Walking
764571, 0.461182, 0.878174, 0.030273, -15.502928, -20.629880, 10.925290,Walking
764591, 0.446655, 0.903931, 0.044800, -16.845708, -17.517090, 15.930172,Walking
764611, 0.427368, 0.936279, 0.064087, -17.028810, -11.413570, 23.315424,Walking
764631, 0.433960, 1.052002, 0.102417, -21.301268, -8.666994, 27.221676,Walking
764651, 0.494629, 1.328247, 0.139038, -24.719230, -8.605960, 31.311030,Walking
764671, 0.492554, 1.558472, 0.124146, -14.587400, -7.080076, 31.311030,Walking
764691, 0.418579, 1.324707, 0.085693, 6.347656, 1.953124, 25.207516,Walking
764711, 0.400879, 1.025146, 0.088501, 7.141112, 4.394532, 16.845708,Walking
764731, 0.427979, 0.899414, 0.089600, 0.488281, -5.493162, 15.808104,Walking
764751, 0.397095, 0.833984, 0.080322, -10.498044, -14.709470, 21.850580,Walking
764771, 0.391113, 0.845093, 0.075562, -19.592290, -16.113284, 27.099608,Walking
764791, 0.402832, 0.859863, 0.055786, -21.179192, -19.042970, 27.893060,Walking
764811, 0.395020, 0.827759, 0.054688, -19.165040, -25.756830, 24.047850,Walking
764831, 0.356690, 0.800537, 0.055542, -20.324700, -34.545900, 20.080560,Walking
764851, 0.356812, 0.867676, 0.074097, -23.620600, -39.428720, 19.958500,Walking
764871, 0.363648, 0.962646, 0.116943, -21.118160, -46.264640, 18.188480,Walking
764891, 0.367554, 1.045776, 0.147827, -13.610836, -52.795400, 11.657712,Walking
764911, 0.362427, 1.121704, 0.149292, -3.356933, -57.922360, 4.638672,Walking
764931, 0.282715, 1.122192, 0.159058, 7.568358, -55.419910, -0.854492,Walking
764951, 0.237549, 1.044068, 0.174194, 15.075680, -42.236320, -2.929687,Walking
764971, 0.218140, 0.951416, 0.157471, 15.258788, -29.357908, -1.281738,Walking
764991, 0.224121, 0.903320, 0.133179, 10.437010, -18.005376, 2.807617,Walking
765011, 0.270630, 0.914185, 0.129272, 3.662109, -12.390136, 8.728030,Walking
765031, 0.273560, 0.932739, 0.139771, 1.525878, -10.009768, 14.160152,Walking
765051, 0.267944, 0.932495, 0.156250, 4.333496, -8.666994, 15.197750,Walking
765071, 0.234985, 0.933716, 0.160522, 6.713866, -7.324218, 16.479492,Walking
765091, 0.204834, 0.927856, 0.156250, 8.789064, -1.037598, 16.845708,Walking
765111, 0.211182, 0.922486, 0.144897, 12.084960, 7.263182, 13.793944,Walking
765131, 0.241577, 0.922363, 0.142212, 16.296390, 13.427732, 8.117676,Walking
765151, 0.259277, 0.926148, 0.158447, 21.423332, 16.845708, 1.464844,Walking
765171, 0.288452, 0.940430, 0.154175, 27.526850, 19.409180, -4.943848,Walking
765191, 0.311035, 0.942993, 0.137329, 32.287600, 19.409180, -10.314940,Walking
765211, 0.327026, 0.951660, 0.112061, 34.423840, 19.653320, -12.207030,Walking
765231, 0.313599, 0.962036, 0.123413, 35.339360, 23.010250, -13.732908,Walking
765251, 0.326904, 1.089356, 0.144531, 33.691410, 29.724120, -12.268064,Walking
765271, 0.216919, 1.166992, 0.146606, 45.471180, 52.734360, -9.033204,Walking
765291, 0.240112, 1.050660, 0.137695, 50.659170, 74.401860, -11.474608,Walking
765311, 0.303833, 1.012818, 0.136963, 45.532220, 84.472640, -12.390136,Walking
765331, 0.418701, 1.033936, 0.074219, 39.489750, 87.158180, -9.521484,Walking
765351, 0.480225, 1.013550, 0.018311, 36.438000, 81.481900, -12.817380,Walking
765371, 0.549072, 0.970825, -0.025391, 36.315920, 68.908700, -18.249516,Walking
765391, 0.573730, 0.890137, -0.054565, 36.987310, 51.208480, -24.963376,Walking
765411, 0.564942, 0.805420, -0.085693, 34.057620, 35.034180, -27.282710,Walking
765431, 0.549438, 0.750610, -0.116699, 29.235832, 23.193352, -25.634760,Walking
765451, 0.529785, 0.734497, -0.134522, 25.085448, 16.296390, -22.277830,Walking
765471, 0.496216, 0.746948, -0.135376, 22.766110, 14.587400, -18.188480,Walking
765491, 0.475220, 0.792114, -0.108765, 23.559568, 16.906740, -11.413570,Walking
765511, 0.452637, 0.820923, -0.112549, 24.475090, 18.676760, -6.896972,Walking
765531, 0.428101, 0.831909, -0.115967, 23.925780, 23.681636, -2.929687,Walking
765551, 0.429810, 0.846802, -0.107544, 21.179192, 28.320310, 0.183105,Walking
765571, 0.435425, 0.882812, -0.097534, 17.883300, 30.517570, 2.624511,Walking
765591, 0.423828, 0.897217, -0.094238, 16.479492, 31.433100, 4.821778,Walking
765611, 0.404053, 0.875732, -0.094727, 15.502928, 32.714850, 5.737304,Walking
765631, 0.390259, 0.850464, -0.096802, 12.390136, 34.423840, 5.859374,Walking
765651, 0.381348, 0.853882, -0.093750, 9.277344, 36.560060, 7.019042,Walking
765671, 0.374512, 0.864380, -0.083008, 7.019042, 39.062500, 9.216310,Walking
765691, 0.378662, 0.864258, -0.085327, 5.554198, 40.222160, 11.535644,Walking
765711, 0.365479, 0.871948, -0.091675, 3.173828, 41.137680, 13.244628,Walking
765731, 0.364258, 0.875000, -0.094971, 1.770019, 43.457020, 13.671872,Walking
765751, 0.377564, 0.881836, -0.109009, 0.915527, 45.410140, 13.549804,Walking
765771, 0.376099, 0.885620, -0.101563, 0.610352, 46.691880, 13.244628,Walking
765791, 0.378174, 0.884888, -0.094727, 1.342773, 48.828120, 11.962890,Walking
765811, 0.389038, 0.876221, -0.100342, 2.441407, 49.560540, 9.399414,Walking
765831, 0.389160, 0.858154, -0.104614, 2.197266, 47.790520, 9.155274,Walking
765851, 0.411987, 0.858643, -0.104614, 1.708984, 41.687000, 9.399414,Walking
765871, 0.394898, 0.875244, -0.099609, 2.685546, 39.611820, 7.507323,Walking
765891, 0.351440, 0.858398, -0.099976, 6.347656, 40.283200, 4.882814,Walking
765911, 0.335327, 0.855713, -0.102051, 6.103514, 44.616690, 4.760742,Walking
765931, 0.355957, 0.878540, -0.087280, 6.652830, 47.119130, 5.249022,Walking
765951, 0.374268, 0.903931, -0.081177, 7.812498, 46.203600, 5.126952,Walking
765971, 0.394409, 0.939453, -0.062866, 8.605960, 41.564930, 5.310058,Walking
765991, 0.404541, 0.960449, -0.053955, 12.390136, 33.996590, 3.601074,Walking
766031, 0.415161, 0.941406, -0.045166, 14.587400, 12.329100, -2.502442,Walking
766051, 0.399292, 0.922730, -0.033569, 13.671872, 0.549316, -4.272462,Walking
766071, 0.393066, 0.908447, -0.004028, 11.535644, -10.620116, -5.249022,Walking
766091, 0.447998, 0.921143, 0.021973, 8.544924, -25.695796, -6.042480,Walking
766111, 0.455200, 0.941406, 0.044189, 8.056642, -43.457020, -6.958006,Walking
766131, 0.402466, 0.943360, 0.062500, 9.826660, -50.842280, -10.498044,Walking
766151, 0.342529, 0.892212, 0.053467, 14.160152, -41.931140, -15.075680,Walking
766171, 0.303467, 0.842896, 0.052368, 9.704590, -25.939940, -14.587400,Walking
766191, 0.279907, 0.865356, 0.079224, 5.249022, -2.136231, -10.498044,Walking
766211, 0.292969, 0.946900, 0.097656, 1.342773, 23.681636, -6.164550,Walking
766231, 0.365967, 1.090576, 0.067749, 3.540038, 46.386710, -1.953124,Walking
766251, 0.387085, 1.060181, 0.056396, 18.737796, 69.091800, 1.098633,Walking
766271, 0.377197, 0.887940, 0.108765, 27.038570, 90.393060, -0.854492,Walking
766291, 0.441040, 0.892212, 0.127808, 28.625480, 98.632800, -0.427246,Walking
766311, 0.472046, 0.930664, 0.116699, 30.090330, 99.670400, 2.746581,Walking
766331, 0.481079, 0.981201, 0.137207, 31.616208, 107.299800, 4.028321,Walking
766351, 0.516480, 1.025635, 0.161865, 37.719730, 115.356440, 1.953124,Walking
766371, 0.559814, 1.067261, 0.170410, 45.104970, 117.065400, -1.281738,Walking
766391, 0.521729, 1.067139, 0.179932, 47.912590, 118.469220, -0.671386,Walking
766411, 0.506104, 1.050293, 0.172607, 50.476060, 120.239240, 3.051757,Walking
766431, 0.463379, 0.998413, 0.180542, 52.307120, 125.305160, 4.882814,Walking
766451, 0.401489, 0.942017, 0.197998, 54.321280, 137.146000, 5.554198,Walking
766471, 0.395874, 0.873779, 0.197632, 54.992660, 149.658200, 5.920409,Walking
766491, 0.419067, 0.819336, 0.196289, 52.246080, 155.029300, 6.652830,Walking
766511, 0.428223, 0.799927, 0.199707, 48.889150, 155.944840, 8.422854,Walking
766531, 0.466431, 0.794800, 0.213989, 46.508780, 150.756840, 9.155274,Walking
766551, 0.503784, 0.812744, 0.233032, 46.874990, 132.812500, 7.812498,Walking
766571, 0.499390, 0.834839, 0.237549, 48.828120, 113.769500, 5.004884,Walking
766591, 0.478516, 0.851440, 0.220459, 50.720200, 88.562000, -1.403808,Walking
766611, 0.448120, 0.868286, 0.222046, 51.147450, 78.063980, -6.225584,Walking
766631, 0.413086, 0.871704, 0.231812, 52.734360, 73.669440, -11.169430,Walking
766651, 0.389648, 0.858887, 0.241089, 54.748520, 74.035660, -16.296390,Walking
766671, 0.387451, 0.846558, 0.249268, 54.504380, 76.049820, -19.958500,Walking
766691, 0.400757, 0.865356, 0.243774, 52.856440, 76.416040, -21.789548,Walking
766711, 0.406128, 0.891113, 0.233887, 51.513660, 76.538100, -22.705070,Walking
766731, 0.392578, 0.910767, 0.243042, 52.368160, 77.331540, -24.475090,Walking
766751, 0.361206, 0.906128, 0.248779, 52.673330, 82.153300, -24.902340,Walking
766771, 0.380493, 0.907104, 0.232788, 50.170890, 88.500960, -23.071284,Walking
766791, 0.371948, 0.923340, 0.212769, 45.959460, 91.003400, -19.897460,Walking
766811, 0.371582, 0.938965, 0.204590, 44.860830, 97.045880, -14.648436,Walking
766831, 0.353516, 0.953736, 0.206055, 44.372550, 99.853500, -12.573240,Walking
766851, 0.327026, 0.972656, 0.212647, 45.837400, 104.003900, -9.521484,Walking
766871, 0.313355, 0.973633, 0.200439, 46.630850, 110.534640, -6.713866,Walking
766891, 0.312866, 0.954712, 0.186646, 44.189440, 118.286100, -4.211426,Walking
766911, 0.346191, 0.966187, 0.169312, 39.062500, 120.239240, -2.380371,Walking
766931, 0.369019, 1.022705, 0.178467, 33.081060, 118.164040, -0.793457,Walking
766951, 0.376709, 1.175660, 0.211426, 28.869624, 114.868160, 0.793457,Walking
766971, 0.346436, 1.270264, 0.221924, 37.597660, 117.126440, 2.624511,Walking
766991, 0.277344, 1.156006, 0.198730, 47.546380, 133.178760, -1.159668,Walking
767011, 0.296021, 1.024780, 0.151245, 46.325680, 149.169920, -5.493162,Walking
767031, 0.308350, 0.919800, 0.138306, 36.865240, 167.175240, -2.929687,Walking
767051, 0.379395, 0.874024, 0.127319, 33.569340, 168.273900, 1.647949,Walking
767071, 0.462036, 0.800049, 0.108887, 31.066890, 154.235840, 4.455568,Walking
767091, 0.490845, 0.733521, 0.080200, 27.770990, 130.065920, 6.408690,Walking
767111, 0.451416, 0.703369, 0.066650, 23.193352, 107.604960, 10.437010,Walking
767131, 0.413574, 0.728150, 0.061035, 18.249516, 90.270980, 16.235352,Walking
767151, 0.384644, 0.797852, 0.047485, 14.465330, 81.115700, 20.324700,Walking
767171, 0.345093, 0.894287, 0.037354, 14.282224, 79.772960, 20.751950,Walking
767191, 0.346924, 0.960938, 0.040894, 19.897460, 86.242660, 17.150880,Walking
767211, 0.370972, 0.942017, 0.034790, 27.221676, 91.796860, 9.582520,Walking
767231, 0.390625, 0.870850, 0.030029, 29.541010, 92.102040, 2.563476,Walking
767251, 0.422730, 0.788818, 0.017090, 25.085448, 85.693340, -3.112792,Walking
767271, 0.467896, 0.762207, 0.001099, 20.629880, 75.439460, -5.737304,Walking
767291, 0.485840, 0.771362, -0.007446, 16.784670, 61.645500, -7.690428,Walking
767311, 0.460816, 0.793945, 0.000610, 15.258788, 52.124020, -8.728030,Walking
767331, 0.470337, 0.818360, 0.013062, 15.563964, 45.959460, -8.911134,Walking
767351, 0.446045, 0.853638, 0.018799, 16.235352, 41.809080, -8.422854,Walking
767371, 0.434082, 0.891236, 0.022949, 16.723632, 43.701160, -7.263182,Walking
767391, 0.427612, 0.920166, 0.024780, 17.272950, 49.560540, -7.385252,Walking
767411, 0.442261, 0.912110, 0.028442, 17.700200, 54.626460, -9.033204,Walking
767431, 0.477295, 0.891968, 0.033691, 15.624996, 54.809560, -11.169430,Walking
767451, 0.501221, 0.870972, 0.039063, 12.695310, 50.109860, -12.145992,Walking
767471, 0.544556, 0.876587, 0.041748, 5.249022, 34.790040, -13.488768,Walking
767491, 0.550537, 0.898682, 0.049194, 0.366211, 22.216790, -14.770504,Walking
767511, 0.540528, 0.956055, 0.062744, -1.220704, 10.253904, -14.099120,Walking
767531, 0.518799, 0.987183, 0.070190, -2.441407, 4.943848, -12.451170,Walking
767551, 0.529541, 1.122436, 0.093872, -9.582520, 4.150392, -7.812498,Walking
767571, 0.546631, 1.269654, 0.084839, -6.835936, 3.295898, -1.708984,Walking
767591, 0.497070, 1.235108, 0.092407, -3.295898, 6.958006, -0.488281,Walking
767611, 0.502564, 1.143677, 0.056396, 0.305176, 11.230468, 2.807617,Walking
767631, 0.459717, 0.944824, 0.027100, -0.976562, 9.216310, 5.004884,Walking
767651, 0.470703, 0.823120, 0.033203, -10.864256, 3.906249, 9.826660,Walking
767671, 0.508057, 0.809570, 0.036377, -20.874020, -6.835936, 17.700200,Walking
767691, 0.506714, 0.845459, 0.048950, -25.390620, -26.916500, 25.451652,Walking
767711, 0.513672, 0.852661, 0.049805, -23.864740, -39.733900, 25.939940,Walking
767731, 0.473877, 0.878296, 0.061890, -22.888180, -53.588860, 26.489250,Walking
767751, 0.432129, 0.943360, 0.068726, -21.301268, -62.194820, 28.991692,Walking
767771, 0.392090, 1.007935, 0.090332, -18.798830, -64.270040, 31.860350,Walking
767791, 0.343140, 1.067627, 0.098633, -13.488768, -53.161610, 31.555170,Walking
767811, 0.345581, 1.050415, 0.110230, -5.310058, -42.297360, 28.381340,Walking
767831, 0.321777, 0.985230, 0.122681, -0.061035, -32.531740, 25.207516,Walking
767851, 0.348633, 0.924927, 0.118652, 1.037598, -27.038570, 24.536130,Walking
767871, 0.341187, 0.897461, 0.117920, -1.770019, -25.024410, 27.038570,Walking
767891, 0.330444, 0.884155, 0.123657, -3.112792, -22.888180, 29.907220,Walking
767911, 0.319214, 0.861694, 0.119751, -3.784179, -19.165040, 30.700680,Walking
767931, 0.312012, 0.849243, 0.122925, -4.211426, -17.272950, 30.273430,Walking
767951, 0.297119, 0.859863, 0.124634, -4.272462, -14.709470, 30.578610,Walking
767971, 0.277832, 0.869263, 0.129150, -2.746581, -10.314940, 31.005852,Walking
767991, 0.278687, 0.863526, 0.130493, -0.671386, -5.615234, 29.724120,Walking
768011, 0.276978, 0.857788, 0.132568, 1.403808, -2.624511, 26.184080,Walking
768031, 0.276245, 0.860718, 0.135986, 3.173828, 0.427246, 21.911620,Walking
768051, 0.281372, 0.883301, 0.135986, 5.981444, 2.746581, 18.310550,Walking
768071, 0.271362, 0.898804, 0.144775, 7.995604, 5.371092, 14.953610,Walking
768091, 0.272705, 0.931763, 0.142456, 9.460450, 9.155274, 13.427732,Walking
768111, 0.279663, 0.983643, 0.126343, 9.399414, 14.221190, 11.779784,Walking
768131, 0.290772, 1.098022, 0.129395, 10.742184, 24.841304, 11.230468,Walking
768151, 0.298462, 1.159180, 0.153320, 14.892576, 30.517570, 9.094240,Walking
768171, 0.302368, 1.276490, 0.166626, 18.371584, 38.818360, 5.432128,Walking
768191, 0.290772, 1.284424, 0.148560, 30.151360, 50.598140, -1.586914,Walking
768211, 0.312378, 1.188232, 0.123901, 35.888680, 66.528340, -12.634276,Walking
768231, 0.358154, 1.093872, 0.096069, 40.527340, 74.707040, -23.376460,Walking
768251, 0.370728, 0.896729, 0.071167, 43.395980, 75.805680, -31.311030,Walking
768271, 0.431519, 0.737793, 0.054199, 37.353520, 67.871100, -38.208020,Walking
768291, 0.496948, 0.707520, 0.039551, 26.672360, 47.180160, -39.611820,Walking
768311, 0.505860, 0.749634, 0.035522, 21.240230, 23.742670, -37.780760,Walking
768331, 0.483398, 0.760254, 0.045898, 22.521970, 5.737304, -37.414560,Walking
768351, 0.389404, 0.745972, 0.065430, 26.855464, -10.375976, -37.475590,Walking
768371, 0.332031, 0.781494, 0.071533, 24.353020, -6.896972, -33.264160,Walking
768391, 0.282593, 0.903198, 0.053589, 22.460930, 12.329100, -26.062010,Walking
768411, 0.275879, 0.989746, 0.049072, 22.277830, 36.010750, -21.423332,Walking
768431, 0.295898, 1.040406, 0.043091, 20.263670, 56.945790, -19.531250,Walking
768451, 0.393677, 1.032349, 0.045776, 20.019532, 67.016600, -17.822270,Walking
768471, 0.447144, 0.942017, 0.056030, 17.700200, 59.997550, -17.272950,Walking
768491, 0.487061, 0.853150, 0.032959, 13.854978, 43.518060, -17.700200,Walking
768511, 0.498779, 0.789795, 0.020996, 7.934570, 25.085448, -18.615724,Walking
768531, 0.465942, 0.770630, 0.007446, 0.915527, 9.887696, -17.333990,Walking
768551, 0.424805, 0.790283, -0.007202, -3.051757, 4.089356, -16.174320,Walking
768571, 0.410767, 0.811157, -0.003906, -2.868652, 7.568358, -15.930172,Walking
768591, 0.410767, 0.812256, 0.012939, -0.305176, 12.756344, -14.770504,Walking
768611, 0.421387, 0.808594, 0.017944, 1.464844, 16.723632, -11.962890,Walking
768631, 0.435425, 0.816406, 0.005981, 1.647949, 18.981940, -9.643556,Walking
768651, 0.455322, 0.828125, -0.005371, 0.488281, 20.690910, -9.094240,Walking
768671, 0.478149, 0.834473, -0.004150, -1.647949, 19.042970, -10.070800,Walking
768691, 0.505249, 0.828613, 0.013794, -4.089356, 12.634276, -11.474608,Walking
768711, 0.532715, 0.829224, 0.022705, -8.361816, 1.525878, -12.023924,Walking
768731, 0.549438, 0.895874, 0.027222, -13.549804, -11.047360, -9.704590,Walking
768751, 0.531860, 0.967774, 0.030884, -15.624996, -21.301268, -6.347656,Walking
768771, 0.502197, 1.019898, 0.024170, -16.296390, -23.986810, -4.272462,Walking
768791, 0.491577, 1.091309, 0.088623, -19.348150, -27.587884, -1.159668,Walking
768811, 0.541260, 1.283448, 0.110718, -20.629880, -30.700680, 4.516602,Walking
768831, 0.526856, 1.364746, 0.104004, -13.610836, -31.372068, 5.615234,Walking
768851, 0.488403, 1.278931, 0.082520, -2.136231, -26.306150, 2.746581,Walking
768871, 0.453247, 1.083862, 0.089966, 3.051757, -21.606440, -1.647949,Walking
768891, 0.427979, 0.931396, 0.065796, 1.586914, -21.789548, 0.366211,Walking
768911, 0.443482, 0.812988, 0.041382, -8.056642, -26.062010, 7.263182,Walking
768931, 0.462646, 0.797119, 0.031616, -16.845708, -30.822750, 15.014646,Walking
768951, 0.441406, 0.785645, 0.028809, -17.944340, -35.095220, 18.859868,Walking
768991, 0.435303, 0.891236, 0.088013, -18.920900, -50.109860, 23.986810,Walking
769011, 0.378418, 1.055786, 0.102539, -17.333990, -57.922360, 30.578610,Walking
769031, 0.390137, 1.161255, 0.106445, -12.268064, -57.983390, 32.409680,Walking
769051, 0.348022, 1.163818, 0.114502, -3.479003, -54.626460, 30.212400,Walking
769071, 0.300659, 1.078980, 0.129761, 3.784179, -48.217760, 26.611320,Walking
769091, 0.277466, 0.984009, 0.131836, 6.164550, -40.588370, 26.306150,Walking
769111, 0.261353, 0.904663, 0.130371, 3.479003, -32.043460, 30.883784,Walking
769131, 0.261963, 0.866821, 0.118652, -0.671386, -23.010250, 36.804200,Walking
769151, 0.276245, 0.853272, 0.110840, -3.479003, -17.578130, 41.320790,Walking
769171, 0.280029, 0.841919, 0.118042, -4.638672, -16.052250, 43.945300,Walking
769191, 0.267334, 0.832031, 0.124023, -5.126952, -16.174320, 45.593250,Walking
769211, 0.250000, 0.840454, 0.126953, -6.408690, -14.892576, 46.386710,Walking
769231, 0.237305, 0.872070, 0.131592, -4.943848, -10.131832, 45.288080,Walking
769251, 0.223755, 0.872559, 0.133179, -1.098633, -4.089356, 40.954580,Walking
769271, 0.227539, 0.845215, 0.123535, 4.089356, 3.173828, 34.362800,Walking
769291, 0.253052, 0.821167, 0.127197, 5.859374, 6.530760, 26.733390,Walking
769311, 0.282593, 0.854736, 0.140381, 6.225584, 4.760742, 21.362300,Walking
769331, 0.302979, 0.928223, 0.152466, 5.920409, 1.403808, 17.944340,Walking
769351, 0.279175, 1.072388, 0.180054, 2.807617, 1.464844, 15.563964,Walking
769371, 0.235962, 1.298096, 0.199341, 5.737304, 7.507323, 13.549804,Walking
769391, 0.200684, 1.376709, 0.184692, 18.066410, 26.000970, 4.943848,Walking
769411, 0.242188, 1.246582, 0.135864, 29.113768, 49.926750, -9.094240,Walking
769431, 0.302734, 1.036744, 0.074707, 33.813480, 64.758300, -24.841304,Walking
769451, 0.421387, 0.869507, 0.050049, 25.939940, 61.157220, -39.550780,Walking
769471, 0.463867, 0.846680, 0.033813, 21.545408, 48.461900, -41.137680,Walking
769491, 0.471436, 0.796387, 0.002197, 19.897460, 34.912120, -39.306640,Walking
769511, 0.429566, 0.741821, -0.015015, 19.104010, 27.221676, -37.170420,Walking
769531, 0.383545, 0.724610, -0.010986, 18.005376, 25.695796, -32.714850,Walking
769551, 0.319946, 0.722656, 0.022095, 16.357424, 28.625480, -24.169920,Walking
769571, 0.296631, 0.770142, 0.045776, 12.390136, 39.794920, -14.404296,Walking
769591, 0.333862, 0.874756, 0.033081, 9.887696, 52.429190, -8.544924,Walking
769611, 0.369385, 0.978882, 0.025757, 8.483890, 59.631340, -8.728030,Walking
769631, 0.424927, 1.065796, 0.015381, 10.375976, 63.476560, -13.549804,Walking
769651, 0.438965, 1.060547, 0.022339, 16.052250, 62.255850, -22.521970,Walking
769671, 0.476685, 0.913086, 0.021851, 19.409180, 46.020500, -35.095220,Walking
769691, 0.467529, 0.822022, -0.000610, 14.709470, 33.142100, -39.489750,Walking
769711, 0.455200, 0.777710, -0.020142, 7.873534, 23.376460, -39.978040,Walking
769731, 0.455688, 0.781738, -0.023560, 4.272462, 16.479492, -39.367680,Walking
769751, 0.450317, 0.791626, 0.004272, 4.394532, 12.207030, -39.306640,Walking
769771, 0.460816, 0.804444, 0.025024, 6.896972, 11.291500, -39.123540,Walking
769791, 0.450440, 0.813721, 0.034668, 9.826660, 9.521484, -37.170420,Walking
769811, 0.437744, 0.835816, 0.033813, 10.375976, 12.207030, -33.935560,Walking
769831, 0.457275, 0.862549, 0.028320, 10.620116, 16.601568, -32.287600,Walking
769851, 0.488525, 0.871582, 0.026489, 9.948730, 20.446770, -32.836920,Walking
769871, 0.525879, 0.869141, 0.036011, 7.995604, 19.165040, -33.081060,Walking
769891, 0.609253, 0.855469, 0.043335, 1.586914, 3.906249, -31.860350,Walking
769911, 0.624634, 0.874024, 0.051636, -4.089356, -11.108396, -27.954100,Walking
769931, 0.568115, 0.890015, 0.059204, -7.629394, -23.498530, -21.057124,Walking
769951, 0.530152, 0.893311, 0.061890, -11.474608, -30.822750, -11.535644,Walking
769971, 0.524658, 0.990234, 0.064209, -20.080560, -36.254890, 0.549316,Walking
769991, 0.550904, 1.220948, 0.068726, -25.573724, -37.658700, 15.624996,Walking
770011, 0.511230, 1.411621, 0.072144, -19.104010, -30.090330, 23.681636,Walking
770031, 0.464111, 1.380005, 0.067261, -3.906249, -12.756344, 24.536130,Walking
770051, 0.430786, 1.192505, 0.068726, 3.479003, 1.708984, 23.437492,Walking
770071, 0.433838, 1.015259, 0.039673, 3.112792, 6.103514, 23.925780,Walking
770091, 0.463379, 0.896851, 0.023193, -6.408690, 7.324218, 30.273430,Walking
770111, 0.483398, 0.866211, 0.021484, -18.676760, -6.896972, 40.344230,Walking
770131, 0.473511, 0.855591, 0.015625, -21.179192, -15.136716, 43.151840,Walking
770151, 0.442993, 0.835327, 0.012573, -21.545408, -20.935052, 44.067380,Walking
770171, 0.398438, 0.808350, 0.017944, -22.827140, -26.245110, 45.837400,Walking
770191, 0.382568, 0.854004, 0.034912, -27.404780, -29.968260, 49.865720,Walking
770211, 0.414551, 1.014038, 0.041992, -29.846190, -34.606940, 54.504380,Walking
770231, 0.414917, 1.177612, 0.075562, -22.155760, -41.320790, 54.992660,Walking
770251, 0.348999, 1.238282, 0.110230, -7.446288, -42.358390, 49.072260,Walking
770271, 0.307617, 1.190186, 0.111084, 7.202148, -34.545900, 40.283200,Walking
770291, 0.281982, 1.075196, 0.129028, 17.272950, -25.695796, 33.325200,Walking
770311, 0.195801, 0.938843, 0.139526, 20.874020, -14.953610, 31.433100,Walking
770331, 0.224976, 0.828858, 0.115967, 15.319820, 2.746581, 32.592780,Walking
770351, 0.246582, 0.798828, 0.116089, 9.765626, 6.774902, 33.874520,Walking
770371, 0.282837, 0.815796, 0.125977, 6.652830, 6.042480, 33.081060,Walking
770391, 0.282227, 0.843018, 0.143799, 8.056642, 1.708984, 30.761716,Walking
770411, 0.257935, 0.864258, 0.159058, 11.169430, -0.610352, 27.343748,Walking
770431, 0.227905, 0.889404, 0.161865, 15.014646, 1.403808, 23.864740,Walking
770451, 0.205078, 0.906372, 0.157349, 17.578130, 9.155274, 19.409180,Walking
770471, 0.215942, 0.914551, 0.167847, 21.240230, 18.493652, 13.732908,Walking
770491, 0.240234, 0.922486, 0.176758, 25.146480, 25.634760, 5.126952,Walking
770511, 0.270996, 0.943237, 0.174683, 29.907220, 28.869624, -3.417968,Walking
770531, 0.276489, 0.963745, 0.171875, 34.118660, 30.395500, -9.948730,Walking
770551, 0.270508, 0.971680, 0.170898, 40.405260, 37.719730, -15.319820,Walking
770571, 0.284302, 0.972900, 0.152832, 39.733900, 42.602530, -17.028810,Walking
770591, 0.298584, 1.008179, 0.136353, 37.597660, 47.058100, -15.747068,Walking
770611, 0.306274, 1.011963, 0.112671, 37.170420, 51.818840, -13.610836,Walking
770631, 0.329712, 1.014770, 0.105225, 35.705570, 54.138180, -12.084960,Walking
770651, 0.340820, 1.086914, 0.121094, 33.752440, 53.344720, -9.948730,Walking
770671, 0.330811, 1.201294, 0.135010, 35.461430, 55.114740, -8.789064,Walking
770691, 0.301270, 1.233520, 0.125610, 44.067380, 63.842760, -10.986324,Walking
770711, 0.281616, 1.155274, 0.108276, 52.307120, 78.613300, -18.737796,Walking
770731, 0.302368, 1.058716, 0.094360, 56.701650, 91.369600, -26.428220,Walking
770751, 0.343140, 0.941162, 0.085938, 57.128900, 96.130360, -29.174800,Walking
770771, 0.401978, 0.840942, 0.051880, 50.598140, 89.660640, -27.038570,Walking
770791, 0.412476, 0.817505, 0.010498, 46.997060, 81.909160, -23.681636,Walking
770811, 0.388306, 0.821045, -0.005127, 44.738760, 75.622560, -20.446770,Walking
770831, 0.335449, 0.859375, 0.021362, 45.104970, 76.782240, -15.991210,Walking
770851, 0.301025, 0.913940, 0.055298, 48.950180, 85.266100, -10.986324,Walking
770871, 0.255615, 0.983643, 0.056152, 54.382320, 104.309060, -5.737304,Walking
770891, 0.244263, 1.036988, 0.052368, 63.110340, 130.859400, -2.319336,Walking
770911, 0.283325, 1.049561, 0.063232, 69.824240, 151.428240, -0.671386,Walking
770931, 0.341064, 1.032349, 0.080811, 74.768080, 161.499000, 0.671386,Walking
770951, 0.420654, 0.965942, 0.075439, 76.293960, 158.813500, 0.061035,Walking
770971, 0.453247, 0.907349, 0.053589, 73.181160, 146.728520, -1.953124,Walking
770991, 0.499390, 0.875488, 0.027710, 63.781730, 116.577120, -5.187988,Walking
771011, 0.472290, 0.889038, 0.015381, 58.410640, 97.961400, -6.347656,Walking
771031, 0.455200, 0.893921, 0.008423, 55.053700, 85.266100, -7.751464,Walking
771051, 0.427246, 0.896729, 0.007813, 52.551260, 78.002940, -8.666994,Walking
771071, 0.404785, 0.887085, 0.003296, 53.039540, 74.218760, -8.789064,Walking
771091, 0.385620, 0.862183, 0.008179, 53.588860, 75.927740, -8.483890,Walking
771111, 0.363037, 0.841064, 0.018433, 53.894040, 81.604000, -6.774902,Walking
771131, 0.360230, 0.833252, 0.028687, 53.161610, 88.745100, -4.089356,Walking
771151, 0.348999, 0.833984, 0.041382, 51.818840, 95.092760, -0.305176,Walking
771171, 0.339966, 0.835449, 0.059082, 49.865720, 102.294900, 3.845214,Walking
771191, 0.348267, 0.839722, 0.070435, 48.522940, 108.886700, 5.798338,Walking
771211, 0.380615, 0.821289, 0.068604, 47.180160, 112.487760, 3.417968,Walking
771231, 0.378418, 0.790772, 0.074463, 45.837400, 111.206040, 0.976562,Walking
771251, 0.388916, 0.767944, 0.077637, 43.151840, 109.069800, -1.586914,Walking
771271, 0.403198, 0.775635, 0.078125, 39.001470, 104.553200, -3.601074,Walking
771291, 0.391602, 0.801636, 0.079834, 35.644540, 101.501440, -4.760742,Walking
771311, 0.382813, 0.833374, 0.084839, 33.508300, 101.928700, -6.408690,Walking
771331, 0.393188, 0.856079, 0.094849, 33.203130, 102.355940, -8.422854,Walking
771351, 0.404419, 0.859741, 0.093872, 32.775880, 101.745600, -10.681150,Walking
771371, 0.411377, 0.859131, 0.089966, 31.555170, 101.684560, -13.122556,Walking
771391, 0.419922, 0.849243, 0.085571, 29.785150, 101.379380, -15.808104,Walking
771411, 0.445435, 0.837036, 0.103027, 26.794430, 100.952120, -18.127448,Walking
771431, 0.480591, 0.831299, 0.140869, 21.484370, 103.210440, -17.700200,Walking
771451, 0.506104, 0.816040, 0.136597, 14.831540, 98.632800, -14.831540,Walking
771471, 0.549561, 0.875122, 0.146362, 3.601074, 85.327140, -8.850100,Walking
771491, 0.617188, 1.042603, 0.127319, -6.225584, 67.077640, -2.014160,Walking
771511, 0.595703, 1.118774, 0.119019, -0.305176, 51.330560, 0.610352,Walking
771531, 0.535522, 1.000244, 0.152466, 10.253904, 49.255360, -5.920409,Walking
771551, 0.491211, 0.912842, 0.170654, 15.380856, 49.804680, -13.000484,Walking
771571, 0.495606, 0.867432, 0.177490, 10.864256, 49.194320, -8.178714,Walking
771591, 0.476807, 0.915405, 0.189331, 5.493162, 51.147450, -3.112792,Walking
771611, 0.516724, 0.964478, 0.171631, 5.676268, 55.725090, -1.831054,Walking
771631, 0.562500, 0.999878, 0.161011, 7.263182, 52.612300, -3.662109,Walking
771651, 0.535278, 1.003662, 0.189941, 13.000484, 43.579090, -4.150392,Walking
771671, 0.489014, 0.980835, 0.191406, 16.174320, 41.015620, -1.953124,Walking
771691, 0.441040, 0.919922, 0.176147, 17.700200, 46.020500, 1.037598,Walking
771711, 0.411255, 0.884155, 0.161621, 15.563964, 55.297840, 3.173828,Walking
771731, 0.424683, 0.882080, 0.166626, 13.854978, 63.720700, 4.089356,Walking
771751, 0.441040, 0.864136, 0.173828, 14.404296, 67.382820, 3.723144,Walking
771771, 0.467285, 0.838501, 0.179932, 14.770504, 65.185560, 2.990722,Walking
771791, 0.479980, 0.815430, 0.175293, 14.465330, 57.067860, 3.051757,Walking
771811, 0.476563, 0.819458, 0.167969, 12.023924, 47.119130, 3.356933,Walking
771831, 0.445923, 0.853760, 0.172607, 10.375976, 39.245610, 3.662109,Walking
771851, 0.425293, 0.900024, 0.187012, 10.986324, 34.973150, 3.417968,Walking
771871, 0.409180, 0.934814, 0.188721, 14.892576, 33.325200, 0.976562,Walking
771891, 0.401123, 0.936768, 0.179443, 16.723632, 33.569340, -0.122070,Walking
771911, 0.397949, 0.924316, 0.174805, 17.578130, 33.203130, -0.305176,Walking
771931, 0.388184, 0.903931, 0.179199, 17.578130, 32.104500, 0.549316,Walking
771951, 0.396118, 0.889771, 0.172852, 17.395020, 29.418940, 1.464844,Walking
771971, 0.388306, 0.894043, 0.161377, 16.113284, 26.794430, 3.173828,Walking
771991, 0.380859, 0.923218, 0.159302, 16.052250, 24.658200, 5.859374,Walking
772011, 0.375610, 0.942505, 0.153809, 16.662600, 23.315424, 8.544924,Walking
772031, 0.377441, 0.962524, 0.137695, 16.845708, 21.850580, 10.864256,Walking
772051, 0.358276, 0.988770, 0.118652, 17.517090, 23.071284, 14.038084,Walking
772071, 0.324341, 0.994629, 0.105957, 19.042970, 28.991692, 18.920900,Walking
772091, 0.317139, 0.967285, 0.088379, 20.080560, 39.489750, 28.564450,Walking
772111, 0.307495, 0.977295, 0.098999, 18.798830, 44.738760, 34.240730,Walking
772131, 0.321777, 1.089844, 0.130371, 15.930172, 48.278800, 37.597660,Walking
772151, 0.345215, 1.307251, 0.156128, 16.662600, 49.255360, 40.588370,Walking
772171, 0.321289, 1.393188, 0.160645, 31.433100, 57.617180, 37.292480,Walking
772191, 0.290161, 1.264893, 0.145142, 44.677720, 73.486340, 24.475090,Walking
772211, 0.302979, 1.096436, 0.123169, 50.598140, 85.632300, 11.230468,Walking
772231, 0.321655, 0.899170, 0.109985, 51.391590, 88.928200, 4.699708,Walking
772251, 0.341553, 0.723267, 0.086426, 46.081540, 85.754380, 0.976562,Walking
772271, 0.385132, 0.606812, 0.054932, 36.804200, 75.683600, 0.427246,Walking
772291, 0.416748, 0.552979, 0.027588, 26.062010, 57.495110, 1.708984,Walking
772311, 0.387329, 0.599365, 0.025879, 12.268064, 29.113768, 4.089356,Walking
772331, 0.389038, 0.700440, 0.031860, 5.859374, 15.624996, 4.211426,Walking
772351, 0.353638, 0.848633, 0.050537, 3.967285, 9.887696, 2.807617,Walking
772391, 0.319214, 1.003784, 0.043823, 22.583000, 30.944820, -13.305660,Walking
772411, 0.341553, 0.937622, 0.040039, 28.808590, 44.311520, -25.634760,Walking
772451, 0.451050, 0.805054, 0.010376, 26.306150, 44.921860, -39.367680,Walking
772471, 0.496460, 0.762085, 0.003540, 20.324700, 35.156260, -41.137680,Walking
772491, 0.511475, 0.778564, -0.008545, 15.502928, 22.583000, -41.503900,Walking
772511, 0.505615, 0.794678, -0.014160, 12.634276, 10.986324, -39.978040,Walking
772531, 0.453003, 0.841919, -0.002930, 9.826660, 6.286620, -33.874520,Walking
772551, 0.435303, 0.860108, 0.007568, 9.765626, 11.169430, -28.686520,Walking
772571, 0.418091, 0.870484, 0.013550, 9.216310, 20.141600, -23.803708,Walking
772591, 0.427002, 0.871704, 0.008911, 7.934570, 29.846190, -20.263670,Walking
772611, 0.448730, 0.868164, 0.008911, 5.126952, 34.851080, -17.517090,Walking
772631, 0.479980, 0.860352, 0.012329, 2.258301, 34.301760, -15.686032,Walking
772651, 0.500854, 0.859131, 0.015991, -0.976562, 28.991692, -15.197750,Walking
772671, 0.509644, 0.890259, 0.023560, -5.737304, 21.301268, -13.610836,Walking
772691, 0.502564, 0.937256, 0.018555, -8.605960, 13.916012, -10.742184,Walking
772711, 0.495361, 0.970703, 0.023804, -12.573240, 9.033204, -7.019042,Walking
772731, 0.498413, 1.103394, 0.058472, -21.118160, 5.981444, -2.929687,Walking
772751, 0.498657, 1.367798, 0.078247, -14.099120, 6.103514, 8.117676,Walking
772771, 0.468384, 1.261230, 0.066162, -2.380371, 13.549804, 7.446288,Walking
772791, 0.480469, 1.109375, 0.060303, -2.380371, 18.066410, 7.324218,Walking
772811, 0.478882, 1.027954, 0.039917, -7.568358, 15.747068, 12.573240,Walking
772831, 0.506226, 0.967529, 0.034790, -14.099120, 11.047360, 18.493652,Walking
772851, 0.520508, 0.933838, 0.031982, -17.944340, 5.310058, 23.132320,Walking
772871, 0.499146, 0.888428, 0.006714, -15.808104, -3.601074, 26.428220,Walking
772891, 0.448242, 0.790405, -0.007568, -12.512204, -8.422854, 28.747552,Walking
772911, 0.424683, 0.721802, 0.017578, -13.183590, -11.108396, 31.372068,Walking
772931, 0.421875, 0.772583, 0.059937, -16.540530, -13.793944, 36.499030,Walking
772951, 0.433106, 0.879517, 0.089111, -17.578130, -16.906740, 42.358390,Walking
772971, 0.463989, 1.096070, 0.112915, -12.084960, -25.878900, 41.503900,Walking
772991, 0.428711, 1.147705, 0.123901, -0.549316, -31.799310, 36.071780,Walking
773011, 0.374756, 1.083740, 0.131836, 8.239746, -32.348640, 28.869624,Walking
773031, 0.349976, 1.005127, 0.143188, 11.779784, -31.127924, 24.291990,Walking
773051, 0.305420, 0.934937, 0.141846, 10.620116, -28.015130, 24.719230,Walking
773071, 0.290527, 0.886108, 0.129150, 6.408690, -22.705070, 27.770990,Walking
773091, 0.307251, 0.859253, 0.125610, 2.258301, -18.310550, 30.212400,Walking
773111, 0.306641, 0.846558, 0.130371, 1.098633, -16.845708, 30.822750,Walking
773131, 0.305298, 0.824341, 0.135254, 1.464844, -17.578130, 30.578610,Walking
773151, 0.290772, 0.813354, 0.135620, 1.159668, -20.019532, 30.090330,Walking
773171, 0.268677, 0.819702, 0.141968, -0.305176, -19.714360, 30.090330,Walking
773191, 0.234619, 0.848877, 0.135864, 0.305176, -12.207030, 26.489250,Walking
773211, 0.243408, 0.847168, 0.139771, 3.234863, -7.446288, 21.362300,Walking
773231, 0.245361, 0.853638, 0.151611, 6.042480, -4.455568, 15.808104,Walking
773251, 0.240234, 0.871948, 0.155029, 9.277344, -1.159668, 11.169430,Walking
773271, 0.256592, 0.901856, 0.147461, 10.437010, 1.831054, 7.324218,Walking
773292, 0.281616, 0.982788, 0.127075, 10.070800, 4.150392, 5.065916,Walking
773312, 0.275269, 1.077270, 0.129761, 13.122556, 8.911134, 3.906249,Walking
773332, 0.277954, 1.197144, 0.185547, 15.502928, 17.517090, 1.342773,Walking
773352, 0.260376, 1.331910, 0.203491, 26.550290, 31.066890, -1.892090,Walking
773372, 0.221436, 1.238648, 0.166382, 39.855960, 56.762680, -10.009768,Walking
773392, 0.330200, 1.030640, 0.083252, 42.480460, 81.848140, -26.245110,Walking
773412, 0.368408, 0.852051, 0.079346, 40.222160, 82.824700, -33.569340,Walking
773432, 0.481934, 0.767212, 0.084229, 30.883784, 72.387700, -39.917000,Walking
773452, 0.574829, 0.797119, 0.073120, 22.521970, 46.142570, -40.405260,Walking
773472, 0.546143, 0.811402, 0.056030, 20.202630, 19.775390, -39.123540,Walking
773492, 0.467529, 0.797852, 0.040283, 19.348150, 5.798338, -37.475590,Walking
773512, 0.410889, 0.769043, 0.036499, 17.700200, 4.150392, -34.545900,Walking
773532, 0.349976, 0.783203, 0.044678, 11.413570, 8.666994, -28.869624,Walking
773552, 0.345581, 0.863159, 0.045654, 5.310058, 19.470220, -21.728510,Walking
773572, 0.396118, 0.958252, 0.049438, 0.610352, 28.930660, -18.249516,Walking
773592, 0.450806, 1.045410, 0.039429, 0.915527, 33.752440, -18.493652,Walking
773612, 0.502686, 0.969971, 0.023193, 6.530760, 27.282710, -25.268550,Walking
773632, 0.515503, 0.865356, 0.011719, 6.164550, 15.136716, -30.029290,Walking
773652, 0.492188, 0.785400, 0.009155, 2.319336, 1.342773, -30.090330,Walking
773672, 0.458374, 0.755493, 0.004761, -4.516602, -6.896972, -25.573724,Walking
773692, 0.443359, 0.765503, 0.003540, -7.995604, -10.498044, -20.141600,Walking
773712, 0.424805, 0.782959, 0.004272, -9.643556, -9.033204, -17.150880,Walking
773732, 0.428955, 0.813843, 0.010620, -9.277344, -6.408690, -14.465330,Walking
773752, 0.417847, 0.829224, 0.029907, -7.690428, -3.540038, -11.169430,Walking
773772, 0.420166, 0.836792, 0.031250, -6.896972, 0.427246, -7.629394,Walking
773792, 0.438599, 0.841675, 0.018799, -7.812498, 2.441407, -5.981444,Walking
773812, 0.451294, 0.844727, 0.013306, -9.399414, 3.112792, -5.920409,Walking
773832, 0.479004, 0.845947, 0.028564, -11.230468, -1.770019, -6.713866,Walking
773852, 0.492066, 0.827393, 0.027588, -11.962890, -7.507323, -7.812498,Walking
773872, 0.517578, 0.831909, 0.025146, -15.136716, -15.930172, -7.629394,Walking
773892, 0.515747, 0.888550, 0.029907, -18.371584, -25.390620, -5.249022,Walking
773912, 0.492676, 0.954712, 0.038086, -18.676760, -30.334470, -1.525878,Walking
773932, 0.454102, 0.997803, 0.053955, -16.845708, -29.602044, 2.502442,Walking
773952, 0.421143, 1.032837, 0.078369, -15.258788, -23.559568, 5.676268,Walking
773972, 0.461182, 1.160034, 0.090942, -18.066410, -17.944340, 10.375976,Walking
773992, 0.483032, 1.256714, 0.114502, -13.488768, -14.587400, 11.901852,Walking
774012, 0.508789, 1.289062, 0.129028, -10.253904, -12.390136, 8.850100,Walking
774032, 0.527954, 1.264526, 0.125244, -3.295898, -14.709470, 5.493162,Walking
774052, 0.470825, 1.005494, 0.085449, 2.441407, -19.042970, -0.366211,Walking
774072, 0.470947, 0.805664, 0.055176, -3.356933, -25.817870, -0.122070,Walking
774092, 0.476440, 0.727051, 0.035278, -17.028810, -37.353520, 5.432128,Walking
774112, 0.476440, 0.737549, 0.027954, -23.071284, -48.217760, 12.695310,Walking
774132, 0.463745, 0.757080, 0.065430, -26.489250, -57.800280, 16.784670,Walking
774152, 0.470215, 0.895996, 0.099731, -25.512690, -69.030760, 18.066410,Walking
774172, 0.441284, 1.027466, 0.111206, -15.869140, -78.735360, 17.639160,Walking
774192, 0.394043, 1.104126, 0.123413, -6.530760, -78.186040, 15.197750,Walking
774212, 0.365479, 1.134400, 0.129517, 1.586914, -73.608400, 11.962890,Walking
774232, 0.341675, 1.112549, 0.126709, 7.995604, -67.077640, 9.521484,Walking
774252, 0.316162, 1.022583, 0.130981, 11.413570, -57.983390, 8.605960,Walking
774272, 0.302124, 0.903809, 0.152100, 9.033204, -42.724600, 12.390136,Walking
774292, 0.299927, 0.855835, 0.148071, 4.699708, -36.071780, 17.822270,Walking
774312, 0.305664, 0.822510, 0.140991, -0.122070, -32.104500, 23.010250,Walking
774332, 0.304566, 0.806641, 0.131714, -4.760742, -28.930660, 27.648920,Walking
774352, 0.296875, 0.801880, 0.126343, -7.812498, -28.198240, 31.677240,Walking
774372, 0.273071, 0.805786, 0.128784, -9.094240, -25.939940, 33.813480,Walking
774392, 0.247803, 0.810303, 0.141968, -8.605960, -21.301268, 34.729010,Walking
774412, 0.232544, 0.814820, 0.139038, -7.080076, -14.282224, 34.118660,Walking
774432, 0.247314, 0.830688, 0.127319, -4.394532, -5.920409, 30.944820,Walking
774452, 0.260742, 0.836304, 0.133057, -0.244141, -0.488281, 26.550290,Walking
774472, 0.280518, 0.859131, 0.147827, 2.502442, 1.464844, 21.667476,Walking
774492, 0.321289, 0.941284, 0.149048, 6.225584, -2.136231, 15.563964,Walking
774512, 0.290527, 1.008423, 0.174316, 8.850100, -2.929687, 12.817380,Walking
774532, 0.274780, 1.138550, 0.227905, 6.225584, 2.136231, 10.498044,Walking
774552, 0.266480, 1.300293, 0.232300, 11.047360, 11.718748, 9.338380,Walking
774572, 0.230591, 1.301758, 0.226318, 14.221190, 29.052730, 2.929687,Walking
774592, 0.293457, 1.213990, 0.166870, 16.052250, 42.968740, -5.920409,Walking
774612, 0.314941, 0.961060, 0.116089, 13.610836, 45.349110, -17.639160,Walking
774632, 0.391113, 0.834106, 0.094604, -0.854492, 38.574220, -26.245110,Walking
774652, 0.458374, 0.846192, 0.073120, -13.427732, 18.920900, -29.052730,Walking
774672, 0.455444, 0.861572, 0.052368, -17.150880, -2.380371, -28.869624,Walking
774692, 0.421631, 0.830811, 0.037354, -15.319820, -17.395020, -29.296870,Walking
774712, 0.370728, 0.816528, -0.008911, -6.408690, -17.883300, -25.878900,Walking
774732, 0.313110, 0.802246, -0.005737, -0.915527, -6.103514, -20.935052,Walking
774752, 0.229492, 0.802368, -0.011597, 4.516602, 20.324700, -15.319820,Walking
774772, 0.269898, 0.831177, -0.009888, 7.507323, 50.109860, -11.962890,Walking
774792, 0.340454, 0.896729, 0.006958, 8.544924, 66.040040, -10.742184,Walking
774812, 0.442017, 1.010376, 0.004395, 7.751464, 70.434580, -10.314940,Walking
774832, 0.533447, 1.092041, -0.020508, 10.498044, 64.758300, -10.986324,Walking
774852, 0.531372, 1.038330, -0.049072, 13.305660, 54.260240, -15.197750,Walking
774872, 0.531738, 0.948486, -0.075195, 10.559080, 39.245610, -20.324700,Walking
774892, 0.506470, 0.860108, -0.058838, 2.441407, 22.460930, -20.874020,Walking
774912, 0.465942, 0.839356, -0.046997, -5.493162, 11.596676, -20.202630,Walking
774932, 0.433838, 0.843140, -0.076172, -6.958006, 8.850100, -20.324700,Walking
774952, 0.419312, 0.824463, -0.053711, -4.577638, 9.216310, -21.057124,Walking
774972, 0.395508, 0.819702, -0.029785, 0.305176, 12.573240, -20.690910,Walking
774992, 0.390381, 0.805054, -0.011108, 5.126952, 16.052250, -19.104010,Walking
775012, 0.402710, 0.809326, -0.010742, 8.117676, 19.470220, -18.188480,Walking
775032, 0.403198, 0.827026, 0.000000, 11.169430, 23.315424, -20.263670,Walking
775052, 0.433350, 0.828980, 0.008667, 14.038084, 26.245110, -23.315424,Walking
775072, 0.455322, 0.816895, 0.019043, 13.427732, 24.108880, -26.733390,Walking
775092, 0.492432, 0.833618, 0.024048, 11.047360, 17.578130, -29.663080,Walking
775112, 0.531982, 0.850830, 0.030151, 8.056642, 5.920409, -31.127924,Walking
775132, 0.547608, 0.874878, 0.044922, 4.455568, -8.728030, -30.273430,Walking
775152, 0.548096, 1.003540, 0.091431, -5.859374, -28.320310, -22.888180,Walking
775172, 0.565674, 1.247314, 0.092041, -8.972170, -37.841800, -12.756344,Walking
775192, 0.483643, 1.328858, 0.099854, 0.671386, -37.170420, -6.958006,Walking
775212, 0.362061, 1.185913, 0.111206, 11.047360, -19.775390, -3.906249,Walking
775232, 0.358032, 1.101318, 0.106689, 10.986324, -2.075196, 1.892090,Walking
775252, 0.355469, 1.055298, 0.097412, 6.652830, 8.666994, 13.916012,Walking
775272, 0.374878, 1.013184, 0.085205, 0.671386, 17.761230, 23.864740,Walking
775292, 0.391724, 0.933350, 0.069824, -0.549316, 22.094720, 28.259270,Walking
775312, 0.418823, 0.837646, 0.055786, -2.624511, 18.249516, 30.944820,Walking
775332, 0.434204, 0.790894, 0.048096, -6.164550, 7.080076, 31.249992,Walking
775352, 0.405029, 0.754883, 0.038818, -8.911134, -6.774902, 31.433100,Walking
775372, 0.406616, 0.840332, 0.045288, -20.141600, -20.996090, 38.757330,Walking
775392, 0.399780, 1.022705, 0.062134, -22.399900, -28.930660, 44.067380,Walking
775412, 0.349609, 1.190796, 0.095581, -14.587400, -31.616208, 47.058100,Walking
775432, 0.281006, 1.265503, 0.116699, -0.549316, -24.108880, 46.081540,Walking
775452, 0.230347, 1.229614, 0.130981, 11.962890, -11.047360, 45.532220,Walking
775472, 0.176514, 1.121582, 0.127564, 19.226080, 9.094240, 46.447740,Walking
775492, 0.159424, 0.985962, 0.100708, 19.836430, 28.747552, 48.461900,Walking
775512, 0.201050, 0.880860, 0.095581, 13.977050, 42.053220, 51.086420,Walking
775532, 0.260620, 0.832764, 0.106323, 7.019042, 44.372550, 51.391590,Walking
775552, 0.295776, 0.829346, 0.110352, 2.380371, 36.254890, 49.865720,Walking
775572, 0.305298, 0.858887, 0.110352, 1.892090, 23.620600, 46.203600,Walking
775592, 0.249390, 0.888794, 0.124756, 8.605960, 9.155274, 38.574220,Walking
775612, 0.194946, 0.893433, 0.125366, 15.258788, 9.338380, 32.775880,Walking
775632, 0.174561, 0.921143, 0.140991, 21.789548, 15.747068, 27.099608,Walking
775652, 0.164063, 0.979492, 0.162598, 29.479976, 26.611320, 22.338860,Walking
775672, 0.154419, 1.051270, 0.181519, 40.222160, 41.198720, 17.700200,Walking
775692, 0.160645, 1.070557, 0.192627, 51.269520, 58.471670, 13.854978,Walking
775712, 0.181641, 1.033692, 0.182373, 59.692380, 72.692880, 8.178714,Walking
775732, 0.216919, 0.983521, 0.147705, 62.438960, 82.885720, 3.112792,Walking
775752, 0.235596, 0.990845, 0.155762, 60.485830, 88.134760, 0.427246,Walking
775772, 0.252075, 1.010010, 0.181519, 61.645500, 90.515120, 0.122070,Walking
775792, 0.247803, 1.078492, 0.213501, 61.462400, 95.397940, -2.319336,Walking
775812, 0.266235, 1.144898, 0.205322, 69.030760, 103.881820, -6.713866,Walking
775832, 0.251709, 1.118408, 0.181885, 72.814940, 111.511200, -13.122556,Walking
775852, 0.298340, 1.075074, 0.156982, 74.401860, 121.154760, -20.019532,Walking
775872, 0.360596, 1.006592, 0.139771, 75.683600, 124.572720, -27.465816,Walking
775892, 0.391235, 0.934204, 0.133057, 74.584960, 119.567840, -33.813480,Walking
775912, 0.426025, 0.897705, 0.117188, 71.960460, 109.130840, -37.353520,Walking
775932, 0.478272, 0.885010, 0.076538, 68.786640, 95.520000, -41.198720,Walking
775952, 0.484131, 0.876953, 0.039063, 65.917980, 84.289540, -42.724600,Walking
775972, 0.475098, 0.892456, 0.030029, 63.964840, 77.880860, -43.029780,Walking
775992, 0.456055, 0.898560, 0.050049, 64.514160, 70.617700, -41.137680,Walking
776012, 0.441772, 0.897217, 0.063477, 65.063500, 66.650400, -35.888680,Walking
776032, 0.380005, 0.907349, 0.062744, 67.077640, 76.232920, -26.611320,Walking
776052, 0.360474, 0.896729, 0.059570, 66.711440, 92.407200, -21.911620,Walking
776072, 0.368408, 0.897949, 0.069458, 64.453140, 106.933560, -17.822270,Walking
776092, 0.399292, 0.894409, 0.077637, 61.584460, 116.210920, -13.977050,Walking
776112, 0.455444, 0.883667, 0.074097, 57.556140, 117.797840, -10.986324,Walking
776132, 0.473267, 0.862305, 0.066528, 52.856440, 113.586400, -8.178714,Walking
776152, 0.476318, 0.829346, 0.057129, 48.339840, 105.773900, -5.981444,Walking
776172, 0.439697, 0.794922, 0.048828, 43.395980, 99.792460, -3.967285,Walking
776192, 0.402832, 0.780518, 0.046753, 36.804200, 99.060040, 0.366211,Walking
776212, 0.385742, 0.783570, 0.039917, 31.677240, 101.989720, 6.774902,Walking
776232, 0.363648, 0.787110, 0.050049, 26.062010, 106.079080, 13.366696,Walking
776252, 0.352905, 0.843018, 0.049316, 22.827140, 114.318840, 21.606440,Walking
776272, 0.357300, 0.863404, 0.053711, 20.507810, 118.347160, 23.986810,Walking
776292, 0.371704, 0.886597, 0.064087, 19.470220, 118.896480, 25.207516,Walking
776312, 0.365356, 0.901245, 0.076172, 19.653320, 118.408180, 24.230950,Walking
776332, 0.378906, 0.909058, 0.083374, 21.850580, 117.736800, 20.446770,Walking
776352, 0.385132, 0.891113, 0.088989, 24.963376, 115.295400, 14.160152,Walking
776372, 0.393188, 0.863526, 0.113770, 27.465816, 112.670880, 8.605960,Walking
776392, 0.386597, 0.835938, 0.131470, 27.038570, 113.952620, 5.187988,Walking
776412, 0.428711, 0.833252, 0.135010, 22.644040, 117.065400, 5.126952,Walking
776432, 0.434937, 0.870728, 0.170410, 16.662600, 114.685040, 6.774902,Walking
776452, 0.495972, 1.030518, 0.208130, 8.972170, 108.459440, 9.643556,Walking
776472, 0.542969, 1.069946, 0.186646, 25.207516, 97.778300, 3.295898,Walking
776492, 0.526489, 0.918823, 0.213257, 30.517570, 90.393060, -7.019042,Walking
776512, 0.531982, 0.899292, 0.243774, 31.005852, 76.232920, -7.629394,Walking
776532, 0.508667, 0.896729, 0.249756, 28.747552, 60.791000, -1.647949,Walking
776552, 0.483398, 0.916992, 0.228394, 28.198240, 58.654780, 3.479003,Walking
776572, 0.479248, 0.937256, 0.201660, 25.756830, 62.744130, 8.178714,Walking
776592, 0.445679, 0.993530, 0.205811, 26.245110, 72.204600, 11.291500,Walking
776612, 0.401856, 1.024292, 0.250244, 29.724120, 85.205060, 14.404296,Walking
776632, 0.412232, 0.992554, 0.260986, 35.034180, 98.083480, 17.578130,Walking
776652, 0.415772, 0.869995, 0.255493, 36.438000, 104.919400, 18.920900,Walking
776672, 0.422608, 0.793457, 0.240234, 32.226570, 106.445300, 19.165040,Walking
776692, 0.468872, 0.785645, 0.251709, 26.916500, 97.473140, 17.578130,Walking
776712, 0.475830, 0.779907, 0.263306, 26.916500, 87.890600, 14.953610,Walking
776732, 0.499268, 0.774170, 0.263062, 27.526850, 75.500500, 11.474608,Walking
776752, 0.501465, 0.778564, 0.265747, 26.245110, 62.927240, 9.277344,Walking
776772, 0.493042, 0.797730, 0.265991, 24.658200, 55.053700, 8.850100,Walking
776792, 0.441406, 0.827148, 0.268066, 24.169920, 53.039540, 9.033204,Walking
776812, 0.435181, 0.874878, 0.275269, 23.742670, 56.701650, 11.352536,Walking
776832, 0.437500, 0.913330, 0.294190, 25.268550, 57.312000, 13.427732,Walking
776852, 0.420776, 0.930664, 0.294922, 27.526850, 59.875480, 14.526364,Walking
776872, 0.425903, 0.923706, 0.269287, 29.174800, 64.270040, 14.099120,Walking
776892, 0.414673, 0.899170, 0.253418, 29.724120, 67.443860, 11.718748,Walking
776912, 0.420044, 0.853516, 0.235962, 28.320310, 65.002440, 7.141112,Walking
776932, 0.435547, 0.844604, 0.221680, 25.756830, 58.471670, 4.455568,Walking
776952, 0.453247, 0.844849, 0.201904, 23.620600, 49.072260, 1.098633,Walking
776972, 0.449219, 0.848267, 0.187622, 22.827140, 39.367680, -4.028321,Walking
776992, 0.425537, 0.856934, 0.178101, 24.047850, 32.470710, -9.582520,Walking
777012, 0.421143, 0.855835, 0.164307, 25.268550, 26.550290, -14.221190,Walking
777032, 0.407227, 0.875122, 0.149780, 26.000970, 21.911620, -16.052250,Walking
777052, 0.375000, 0.892578, 0.125000, 28.503410, 22.888180, -16.357424,Walking
777072, 0.349609, 0.927734, 0.104736, 32.836920, 29.663080, -16.052250,Walking
777092, 0.325928, 0.957520, 0.141357, 39.794920, 40.893540, -14.587400,Walking
777112, 0.298950, 0.976929, 0.179077, 46.630850, 56.030260, -13.122556,Walking
777132, 0.323242, 0.963867, 0.162598, 53.283680, 84.106440, -10.375976,Walking
777152, 0.361450, 0.975586, 0.151123, 46.997060, 92.407200, -7.324218,Walking
777172, 0.423218, 1.159058, 0.182861, 35.095220, 90.454080, -1.586914,Walking
777192, 0.469849, 1.337524, 0.208130, 35.583500, 82.702620, 2.868652,Walking
777212, 0.481201, 1.299194, 0.197876, 41.809080, 75.622560, -3.234863,Walking
777232, 0.433838, 1.137085, 0.145630, 46.264640, 65.063500, -15.502928,Walking
777252, 0.431152, 0.949585, 0.118286, 41.809080, 53.649900, -20.996090,Walking
777272, 0.431519, 0.835205, 0.114624, 29.663080, 39.489750, -20.263670,Walking
777292, 0.421753, 0.827148, 0.104980, 20.629880, 28.198240, -17.333990,Walking
777312, 0.425415, 0.842774, 0.095703, 18.066410, 18.981940, -13.549804,Walking
777332, 0.383057, 0.836060, 0.098511, 19.348150, 15.502928, -10.375976,Walking
777352, 0.298218, 0.740601, 0.073730, 26.794430, 20.019532, -6.103514,Walking
777372, 0.281128, 0.680664, 0.057007, 24.963376, 29.846190, -1.403808,Walking
777392, 0.286377, 0.695190, 0.065063, 17.456060, 40.100100, 6.164550,Walking
777412, 0.322632, 0.788818, 0.071533, 10.192870, 48.034660, 13.610836,Walking
777432, 0.342285, 0.901367, 0.079834, 7.141112, 52.062980, 14.770504,Walking
777452, 0.414795, 1.002808, 0.079590, 7.751464, 52.124020, 11.657712,Walking
777472, 0.446167, 1.011108, 0.062134, 11.291500, 44.860830, 5.065916,Walking
777492, 0.447876, 0.926636, 0.036865, 11.047360, 35.827640, -1.342773,Walking
777512, 0.462158, 0.840576, 0.023804, 5.798338, 23.071284, -4.882814,Walking
777532, 0.439331, 0.783936, 0.014648, -2.502442, 13.122556, -3.967285,Walking
777552, 0.427856, 0.776489, 0.000366, -9.094240, 6.652830, -2.075196,Walking
777572, 0.426392, 0.772339, -0.015381, -11.779784, 2.746581, -1.525878,Walking
777592, 0.430054, 0.780274, -0.017212, -11.413570, 0.610352, -2.197266,Walking
777612, 0.418457, 0.803833, -0.007935, -10.131832, 0.915527, -1.770019,Walking
777632, 0.408325, 0.826782, 0.002441, -7.568358, 4.516602, -1.647949,Walking
777652, 0.414795, 0.836792, -0.003662, -4.821778, 9.948730, -2.563476,Walking
777672, 0.425171, 0.833008, -0.005981, -3.112792, 13.793944, -4.089356,Walking
777692, 0.433716, 0.821411, -0.003418, -1.953124, 15.869140, -6.408690,Walking
777712, 0.464233, 0.797852, -0.006836, -3.906249, 15.014646, -8.605960,Walking
777732, 0.492798, 0.812866, 0.004395, -9.460450, 8.239746, -8.728030,Walking
777752, 0.514404, 0.876221, 0.005249, -14.282224, -1.159668, -6.896972,Walking
777772, 0.517090, 0.944458, 0.004761, -16.540530, -9.643556, -5.249022,Walking
777792, 0.516113, 1.131226, 0.062378, -23.437492, -17.395020, -2.990722,Walking
777812, 0.587158, 1.442994, 0.064209, -24.414060, -22.644040, 2.197266,Walking
777832, 0.553711, 1.489502, 0.092773, -10.009768, -25.512690, 0.427246,Walking
777852, 0.473999, 1.281738, 0.087769, -0.122070, -23.681636, -4.821778,Walking
777872, 0.492432, 1.184448, 0.063477, -1.525878, -17.456060, -6.347656,Walking
777892, 0.487549, 1.078980, 0.050537, -6.103514, -23.803708, 1.464844,Walking
777912, 0.477783, 0.971314, 0.037842, -14.953610, -29.968260, 10.253904,Walking
777932, 0.474976, 0.901856, 0.042480, -18.554690, -34.301760, 17.883300,Walking
777952, 0.437866, 0.806519, 0.058350, -18.188480, -41.442860, 21.789548,Walking
777972, 0.404419, 0.780518, 0.072388, -20.690910, -49.743640, 26.000970,Walking
777992, 0.355713, 0.823486, 0.080322, -21.118160, -54.077140, 30.944820,Walking
778012, 0.332398, 0.937256, 0.118042, -19.226080, -49.987780, 36.010750,Walking
778032, 0.340088, 1.037232, 0.133911, -12.634276, -45.532220, 35.217290,Walking
778052, 0.312744, 1.056152, 0.144653, -0.366211, -41.992180, 29.663080,Walking
778072, 0.283447, 0.977905, 0.153320, 7.934570, -36.743170, 23.620600,Walking
778132, 0.256104, 0.842163, 0.146240, 3.417968, -22.338860, 25.756830,Walking
778152, 0.270142, 0.826294, 0.153442, 1.281738, -18.920900, 26.916500,Walking
778172, 0.272461, 0.809204, 0.156372, 0.305176, -18.554690, 26.855464,Walking
778192, 0.265625, 0.803345, 0.159058, -0.915527, -19.409180, 26.855464,Walking
778212, 0.261230, 0.815796, 0.156738, -2.563476, -19.958500, 26.855464,Walking
778232, 0.237427, 0.871826, 0.152710, -2.746581, -17.028810, 25.024410,Walking
778272, 0.224976, 0.882324, 0.161865, 5.065916, -2.685546, 17.395020,Walking
778292, 0.246704, 0.877442, 0.148926, 6.469726, 1.403808, 12.207030,Walking
778312, 0.282105, 0.942993, 0.138550, 5.615234, 2.014160, 9.216310,Walking
778352, 0.248535, 1.096802, 0.164551, 10.375976, 9.399414, 7.263182,Walking
778372, 0.248169, 1.139038, 0.186279, 13.366696, 17.822270, 3.723144,Walking
778392, 0.277222, 1.300660, 0.191406, 13.610836, 27.770990, 0.671386,Walking
778472, 0.379150, 0.747192, 0.066895, 29.296870, 61.889640, -36.010750,Walking
778492, 0.445679, 0.711548, 0.051147, 17.333990, 47.973620, -35.583500,Walking
778512, 0.451294, 0.742188, 0.036255, 10.681150, 30.944820, -31.372068,Walking
778532, 0.426392, 0.741333, 0.037231, 9.216310, 21.789548, -29.541010,Walking
778552, 0.383667, 0.759155, 0.035400, 10.070800, 17.089850, -30.334470,Walking
778572, 0.351196, 0.792847, 0.040283, 10.742184, 18.554690, -30.090330,Walking
778592, 0.339356, 0.857300, 0.060303, 9.765626, 25.024410, -28.686520,Walking
778612, 0.377808, 0.952881, 0.060059, 8.239746, 34.057620, -28.747552,Walking
778632, 0.452637, 1.044312, 0.039185, 8.666994, 37.353520, -31.433100,Walking
778652, 0.491943, 1.053711, 0.021240, 11.840818, 34.179700, -36.804200,Walking
778672, 0.533814, 0.927368, 0.020874, 12.023924, 19.104010, -42.663560,Walking
778692, 0.528442, 0.834961, 0.015991, 5.737304, 2.441407, -41.259760,Walking
778712, 0.517822, 0.794922, -0.000366, -3.295898, -11.413570, -35.644540,Walking
778732, 0.489990, 0.794190, -0.006226, -9.460450, -18.127448, -28.991692,Walking
778752, 0.450195, 0.803833, 0.002563, -10.742184, -19.470220, -23.071284,Walking
778772, 0.437134, 0.806763, 0.013794, -9.521484, -16.357424, -18.920900,Walking
778792, 0.433838, 0.807984, 0.006470, -8.178714, -11.962890, -14.831540,Walking
778812, 0.429566, 0.814209, 0.005737, -8.117676, -6.591796, -9.399414,Walking
778832, 0.427612, 0.846924, 0.019043, -7.690428, -0.427246, -4.394532,Walking
778852, 0.441406, 0.860474, 0.018311, -6.286620, 5.310058, -1.281738,Walking
778872, 0.473511, 0.853150, 0.013916, -7.080076, 6.713866, 0.000000,Walking
778892, 0.494263, 0.867310, 0.016479, -11.047360, -0.427246, 2.990722,Walking
778912, 0.495239, 0.890259, 0.023926, -13.244628, -6.164550, 5.310058,Walking
778932, 0.497070, 0.933838, 0.028564, -15.014646, -12.451170, 7.690428,Walking
778952, 0.482422, 0.974854, 0.027222, -15.624996, -17.517090, 10.253904,Walking
778972, 0.458862, 1.008667, 0.036255, -16.662600, -19.531250, 13.183590,Walking
778992, 0.432617, 1.071656, 0.058350, -16.479492, -17.883300, 16.235352,Walking
779012, 0.440918, 1.182618, 0.094849, -16.723632, -14.587400, 19.836430,Walking
779032, 0.475464, 1.330688, 0.122437, -13.061520, -12.023924, 22.216790,Walking
779052, 0.497314, 1.401490, 0.119873, -5.798338, -10.131832, 20.080560,Walking
779072, 0.488159, 1.284546, 0.100952, 4.394532, -7.080076, 15.014646,Walking
779092, 0.461670, 1.072388, 0.087280, 8.178714, -8.300784, 9.826660,Walking
779112, 0.485108, 0.778076, 0.038940, 2.441407, -19.592290, 8.544924,Walking
779132, 0.476074, 0.708374, 0.017578, -10.070800, -29.968260, 14.160152,Walking
779152, 0.481690, 0.718750, 0.007446, -16.052250, -39.917000, 21.667476,Walking
779172, 0.429566, 0.730225, 0.044312, -18.432620, -47.485340, 26.672360,Walking
779192, 0.408081, 0.828858, 0.074829, -18.127448, -52.368160, 29.174800,Walking
779212, 0.384644, 0.956665, 0.078369, -13.183590, -54.199210, 30.883784,Walking
779232, 0.347412, 1.050660, 0.089233, -6.286620, -53.344720, 30.578610,Walking
779252, 0.351440, 1.112305, 0.100098, 0.610352, -47.485340, 27.587884,Walking
779272, 0.338623, 1.119019, 0.113037, 7.629394, -41.931140, 22.277830,Walking
779292, 0.316528, 1.071045, 0.133057, 13.427732, -37.475590, 17.700200,Walking
779312, 0.293335, 0.972046, 0.146362, 16.845708, -34.851080, 14.648436,Walking
779332, 0.279541, 0.834839, 0.125977, 9.460450, -29.663080, 16.662600,Walking
779352, 0.273926, 0.793945, 0.116577, 1.770019, -26.916500, 20.446770,Walking
779372, 0.275757, 0.788574, 0.122803, -4.089356, -24.597160, 24.353020,Walking
779392, 0.244629, 0.802612, 0.138306, -6.591796, -21.545408, 28.320310,Walking
779412, 0.223389, 0.804321, 0.145752, -5.981444, -15.930172, 30.883784,Walking
779432, 0.207153, 0.801758, 0.142578, -6.286620, -8.789064, 32.043460,Walking
779452, 0.209717, 0.813110, 0.142090, -7.080076, -1.953124, 31.799310,Walking
779472, 0.217773, 0.836304, 0.156128, -7.080076, 3.173828, 28.137200,Walking
779492, 0.224731, 0.891113, 0.180908, -5.187988, 7.507323, 22.338860,Walking
779512, 0.207886, 0.905518, 0.186646, -0.061035, 12.023924, 15.014646,Walking
779532, 0.247437, 0.914307, 0.168335, 1.159668, 14.892576, 6.591796,Walking
779552, 0.282959, 0.996704, 0.160522, 0.427246, 13.366696, -2.197266,Walking
779572, 0.268921, 1.075196, 0.202637, 1.464844, 15.991210, -5.676268,Walking
779592, 0.282593, 1.267944, 0.244141, 3.234863, 19.042970, -8.605960,Walking
779612, 0.276733, 1.348999, 0.224243, 16.052250, 28.076170, -14.038084,Walking
779632, 0.251587, 1.282349, 0.178101, 24.475090, 45.104970, -24.047850,Walking
779652, 0.279175, 1.091309, 0.102905, 32.287600, 64.331060, -33.569340,Walking
779692, 0.463501, 0.698364, 0.036743, 21.240230, 62.377920, -47.607410,Walking
779712, 0.529419, 0.705566, 0.014526, 7.568358, 40.527340, -44.616690,Walking
779732, 0.545898, 0.772339, 0.017212, 2.807617, 18.066410, -39.001470,Walking
779752, 0.482422, 0.838623, 0.013916, 4.150392, 5.798338, -35.034180,Walking
779772, 0.367066, 0.873169, 0.004395, 13.488768, 8.666994, -29.113768,Walking
779792, 0.299561, 0.873413, 0.008301, 15.502928, 27.404780, -23.437492,Walking
779812, 0.338379, 0.914429, 0.000366, 11.596676, 48.706040, -16.052250,Walking
779832, 0.424438, 1.007324, -0.002686, 5.737304, 62.011710, -11.230468,Walking
779852, 0.502197, 1.100952, -0.011353, 2.990722, 62.377920, -8.789064,Walking
779872, 0.563965, 1.100586, -0.035645, 4.394532, 53.039540, -9.948730,Walking
779892, 0.553589, 1.027832, -0.051147, 4.211426, 36.743170, -13.000484,Walking
779912, 0.510376, 0.937866, -0.060181, 3.906249, 22.338860, -15.808104,Walking
779932, 0.441162, 0.827881, -0.048218, -2.075196, 12.512204, -11.657712,Walking
779952, 0.413086, 0.800904, -0.043457, -9.216310, 7.385252, -6.103514,Walking
779972, 0.398316, 0.787110, -0.053101, -11.657712, 8.544924, -0.427246,Walking
779992, 0.364136, 0.784912, -0.020020, -11.047360, 14.648436, 4.516602,Walking
780012, 0.385254, 0.796753, 0.005005, -4.760742, 17.333990, 1.708984,Walking
780032, 0.411621, 0.795166, 0.006348, 2.319336, 17.700200, -4.455568,Walking
780052, 0.416748, 0.795044, 0.003906, 7.629394, 14.953610, -11.962890,Walking
780072, 0.419922, 0.801758, 0.006470, 12.207030, 13.977050, -19.714360,Walking
780092, 0.469849, 0.800659, 0.016479, 13.793944, 11.230468, -26.489250,Walking
780112, 0.518188, 0.814942, 0.019165, 11.596676, 2.197266, -31.127924,Walking
780132, 0.556885, 0.868042, 0.013916, 7.385252, -9.521484, -32.714850,Walking
780152, 0.584351, 0.935669, 0.027466, 4.333496, -22.216790, -31.616208,Walking
780172, 0.568237, 1.008301, 0.064453, 1.647949, -35.583500, -27.648920,Walking
780192, 0.572632, 1.174927, 0.099609, -4.394532, -46.997060, -18.432620,Walking
780212, 0.484741, 1.355347, 0.055786, 8.666994, -42.541500, -0.488281,Walking
780232, 0.304566, 1.094482, 0.031372, 20.629880, -13.122556, 4.516602,Walking
780252, 0.337646, 0.905640, 0.019897, 15.991210, 13.854978, 10.131832,Walking
780272, 0.394653, 0.843262, 0.039429, 2.441407, 22.644040, 24.047850,Walking
780292, 0.399170, 0.892090, 0.065552, -10.925290, 23.498530, 37.048340,Walking
780312, 0.463989, 1.010742, 0.072998, -13.427732, 21.789548, 42.419420,Walking
780332, 0.452637, 1.060425, 0.073486, -10.253904, 17.822270, 41.503900,Walking
780352, 0.409180, 1.028198, 0.051270, -2.014160, 13.916012, 34.240730,Walking
780372, 0.374146, 0.918945, 0.035767, 1.342773, 13.916012, 26.550290,Walking
780392, 0.346314, 0.775269, 0.021484, -0.793457, 11.047360, 24.902340,Walking
780412, 0.372681, 0.702148, 0.008423, -10.375976, 7.324218, 29.113768,Walking
780432, 0.406128, 0.799438, 0.039917, -23.193352, -10.742184, 37.475590,Walking
780452, 0.407959, 0.985962, 0.059814, -23.071284, -22.521970, 39.245610,Walking
780492, 0.301880, 1.190552, 0.134766, 6.042480, -25.268550, 29.602044,Walking
780512, 0.265137, 1.135254, 0.137573, 17.944340, -11.596676, 24.963376,Walking
780532, 0.216187, 1.041748, 0.156494, 23.864740, 7.019042, 23.254390,Walking
780552, 0.168945, 0.952271, 0.151611, 23.803708, 26.245110, 25.756830,Walking
780572, 0.221802, 0.880615, 0.127441, 18.310550, 37.231450, 29.357908,Walking
780592, 0.276123, 0.843994, 0.132690, 9.338380, 38.146980, 32.348640,Walking
780612, 0.325806, 0.870362, 0.138672, 2.746581, 31.921380, 32.653820,Walking
780632, 0.321533, 0.903687, 0.145386, 1.220704, 21.362300, 30.273430,Walking
780652, 0.265259, 0.920166, 0.153931, 5.371092, 12.817380, 23.010250,Walking
780672, 0.232788, 0.931885, 0.154297, 7.812498, 13.977050, 18.859868,Walking
780692, 0.220581, 0.962646, 0.149658, 11.718748, 21.301268, 16.662600,Walking
780712, 0.225708, 0.977905, 0.154785, 17.883300, 31.188960, 13.244628,Walking
780732, 0.234619, 0.981690, 0.157959, 25.939940, 40.649400, 8.789064,Walking
780752, 0.243897, 0.965454, 0.157959, 33.203130, 49.133290, 3.295898,Walking
780772, 0.265625, 0.974610, 0.151978, 37.597660, 55.541980, -2.685546,Walking
780792, 0.286133, 0.974487, 0.147095, 41.687000, 59.204090, -6.469726,Walking
780812, 0.289307, 0.945435, 0.139771, 43.884270, 61.584460, -8.239746,Walking
780832, 0.289185, 0.927124, 0.131104, 42.846670, 64.086940, -7.934570,Walking
780852, 0.305176, 0.970337, 0.120605, 39.855960, 63.293440, -5.004884,Walking
780872, 0.304688, 1.076904, 0.146729, 40.100100, 62.622060, -2.990722,Walking
780892, 0.284424, 1.177002, 0.160889, 46.997060, 67.871100, -3.845214,Walking
780912, 0.239990, 1.172120, 0.162109, 58.166500, 80.017100, -7.995604,Walking
780932, 0.246460, 1.110352, 0.157715, 65.917980, 95.825180, -14.465330,Walking
780952, 0.284424, 1.051270, 0.142456, 69.091800, 106.384260, -18.310550,Walking
780972, 0.323730, 0.989990, 0.135010, 67.626960, 109.863260, -19.897460,Walking
780992, 0.360352, 0.981445, 0.124146, 65.368660, 107.849100, -20.751950,Walking
781012, 0.384766, 0.952759, 0.115601, 67.138680, 99.975560, -21.850580,Walking
781032, 0.362549, 0.915650, 0.105713, 67.382820, 93.017560, -23.376460,Walking
781052, 0.359863, 0.919434, 0.091797, 66.162120, 89.782700, -20.996090,Walking
781072, 0.327515, 0.909668, 0.095947, 64.758300, 89.050260, -16.296390,Walking
781092, 0.327881, 0.949219, 0.089478, 61.706540, 94.116200, -10.925290,Walking
781112, 0.342896, 0.988892, 0.080078, 61.828600, 97.534160, -12.084960,Walking
781132, 0.354736, 0.997192, 0.068237, 64.025900, 101.806620, -15.075680,Walking
781152, 0.360108, 0.966919, 0.069214, 64.453140, 105.102520, -17.517090,Walking
781172, 0.371460, 0.920166, 0.069946, 62.805160, 104.919400, -17.333990,Walking
781192, 0.371094, 0.872070, 0.063843, 58.654780, 103.027320, -15.441892,Walking
781212, 0.373413, 0.852539, 0.049438, 53.649900, 100.402800, -13.183590,Walking
781232, 0.361450, 0.833130, 0.036621, 49.987780, 99.182100, -11.169430,Walking
781252, 0.354370, 0.807251, 0.039429, 46.813960, 100.036600, -9.704590,Walking
781272, 0.354858, 0.793335, 0.056519, 43.334950, 100.402800, -7.751464,Walking
781292, 0.341309, 0.803833, 0.069702, 39.672860, 100.402800, -4.455568,Walking
781312, 0.327637, 0.850586, 0.062134, 36.926280, 104.187000, 0.183105,Walking
781332, 0.324097, 0.874146, 0.058960, 37.109380, 109.252900, 0.854492,Walking
781352, 0.336182, 0.878540, 0.063599, 37.231450, 113.891580, -0.244141,Walking
781372, 0.353272, 0.872070, 0.077881, 37.048340, 114.746080, -1.953124,Walking
781392, 0.367188, 0.868530, 0.087769, 36.193860, 112.487760, -3.479003,Walking
781412, 0.369751, 0.866577, 0.089233, 35.888680, 109.313960, -4.821778,Walking
781432, 0.354980, 0.867798, 0.090576, 35.339360, 107.788080, -5.615234,Walking
781452, 0.346314, 0.870606, 0.092651, 34.240730, 109.069800, -6.225584,Walking
781472, 0.356445, 0.867554, 0.086060, 33.203130, 110.656720, -7.141112,Walking
781492, 0.362061, 0.847168, 0.089111, 32.104500, 111.389140, -8.422854,Walking
781512, 0.364868, 0.826904, 0.090820, 30.456540, 111.755360, -9.155274,Walking
781532, 0.381348, 0.824097, 0.080688, 27.099608, 111.938460, -7.873534,Walking
781552, 0.382935, 0.834717, 0.088257, 23.925780, 112.854000, -6.652830,Walking
781572, 0.424194, 0.936524, 0.106812, 18.920900, 113.464340, -4.760742,Walking
781592, 0.469849, 1.080688, 0.107666, 20.996090, 112.365700, -3.112792,Walking
781612, 0.451050, 1.052368, 0.117310, 32.836920, 112.670880, -7.202148,Walking
781632, 0.468750, 0.934937, 0.147827, 37.048340, 112.731900, -14.221190,Walking
781652, 0.477661, 0.895996, 0.167480, 35.766600, 104.736300, -15.441892,Walking
781672, 0.469727, 0.896973, 0.177612, 30.578610, 96.069320, -11.596676,Walking
781692, 0.483887, 0.945557, 0.193604, 28.503410, 93.200660, -9.948730,Walking
781712, 0.509155, 0.994751, 0.214355, 30.212400, 91.369600, -11.108396,Walking
781732, 0.530274, 1.023194, 0.240356, 31.799310, 86.791960, -12.695310,Walking
781752, 0.512695, 1.067261, 0.268555, 28.930660, 76.904300, -8.789064,Walking
781772, 0.484619, 1.051270, 0.238892, 26.733390, 71.411140, -5.249022,Walking
781792, 0.469849, 0.991821, 0.199463, 22.705070, 66.833500, -4.699708,Walking
781812, 0.476074, 0.943482, 0.196777, 16.418460, 60.791000, -3.906249,Walking
781832, 0.471069, 0.903564, 0.202271, 11.718748, 53.894040, -2.929687,Walking
781852, 0.468018, 0.864868, 0.188110, 8.117676, 45.166000, -1.586914,Walking
781872, 0.451904, 0.832886, 0.164185, 4.577638, 36.071780, 0.488281,Walking
781892, 0.427246, 0.826172, 0.141602, 1.586914, 28.198240, 3.540038,Walking
781912, 0.390747, 0.832764, 0.130493, 0.183105, 25.024410, 7.446288,Walking
781932, 0.366821, 0.857300, 0.131470, -0.427246, 25.634760, 11.108396,Walking
781952, 0.347778, 0.894898, 0.130127, 0.183105, 29.541010, 14.343260,Walking
781972, 0.350708, 0.934570, 0.129639, 3.723144, 35.949720, 16.601568,Walking
781992, 0.350342, 0.948853, 0.121826, 5.798338, 39.672860, 17.089850,Walking
782012, 0.342896, 0.949097, 0.117188, 7.446288, 42.724600, 17.944340,Walking
782032, 0.341187, 0.937744, 0.118774, 7.873534, 44.372550, 19.470220,Walking
782052, 0.336426, 0.925659, 0.121704, 7.019042, 45.166000, 21.423332,Walking
782072, 0.338257, 0.930542, 0.110107, 5.981444, 46.569820, 23.315424,Walking
782092, 0.353394, 0.951660, 0.098755, 4.821778, 46.508780, 25.146480,Walking
782112, 0.343262, 0.977661, 0.096924, 5.493162, 45.898430, 27.954100,Walking
782132, 0.331665, 0.993286, 0.100098, 6.591796, 47.241200, 31.188960,Walking
782152, 0.339233, 1.020752, 0.110352, 6.347656, 47.485340, 34.423840,Walking
782172, 0.325806, 1.110718, 0.121826, 5.432128, 48.889150, 38.513190,Walking
782192, 0.318237, 1.321900, 0.135498, 10.620116, 56.884760, 41.503900,Walking
782212, 0.292358, 1.321045, 0.129272, 23.742670, 65.490740, 37.475590,Walking
782232, 0.294922, 1.194580, 0.126953, 32.348640, 78.369140, 27.282710,Walking
782252, 0.339478, 1.105713, 0.110352, 36.376960, 82.458480, 19.592290,Walking
782272, 0.352417, 0.969482, 0.088379, 38.269050, 79.650900, 14.099120,Walking
782292, 0.385986, 0.844849, 0.073853, 37.475590, 74.462900, 8.300784,Walking
782312, 0.401367, 0.741211, 0.048584, 34.790040, 63.110340, 4.394532,Walking
782332, 0.387940, 0.672730, 0.011597, 30.456540, 51.025380, 3.723144,Walking
782352, 0.354004, 0.651367, -0.003296, 25.756830, 42.358390, 6.164550,Walking
782372, 0.316650, 0.671143, 0.007813, 23.681636, 39.489750, 10.620116,Walking
782392, 0.301392, 0.719360, 0.035034, 23.803708, 41.931140, 14.587400,Walking
782412, 0.304321, 0.835449, 0.070068, 26.184080, 48.400870, 15.747068,Walking
782432, 0.332275, 0.929810, 0.072876, 30.395500, 53.344720, 10.681150,Walking
782452, 0.326294, 0.964112, 0.060303, 35.156260, 59.875480, 2.624511,Walking
782472, 0.327515, 0.920776, 0.036255, 37.475590, 69.274900, -6.958006,Walking
782492, 0.404907, 0.838867, 0.027344, 33.691410, 67.932140, -14.953610,Walking
782512, 0.457153, 0.777710, 0.029663, 25.817870, 55.358880, -18.859868,Walking
782612, 0.383179, 0.848633, 0.026123, 12.634276, 11.657712, -29.174800,Walking
